ISO-10303-21;
HEADER;
FILE_DESCRIPTION(('STEP AP203'),
    '1');
FILE_NAME('калибровочные энкодеры',
    '',
    ('UNSPECIFIED'),
    ('UNSPECIFIED'),
    'C3D Converter',
    'C3D Toolkit',
    '');
FILE_SCHEMA(('CONFIG_CONTROL_DESIGN'));
ENDSEC;

DATA;
#1=PRODUCT_DEFINITION('','UNSPECIFIED',#48,#51);
#2=SHAPE_DEFINITION_REPRESENTATION(#46,#3);
#3=SHAPE_REPRESENTATION('NONE',(#4),#8);
#4=AXIS2_PLACEMENT_3D('',#5,#6,#7);
#5=CARTESIAN_POINT('',(0.,0.,0.));
#6=DIRECTION('',(0.,0.,1.));
#7=DIRECTION('',(1.,0.,0.));
#8=(GEOMETRIC_REPRESENTATION_CONTEXT(3)GLOBAL_UNCERTAINTY_ASSIGNED_CONTEXT((#10))
GLOBAL_UNIT_ASSIGNED_CONTEXT((#9,#11,#12))REPRESENTATION_CONTEXT('NONE','NONE'));
#9=(LENGTH_UNIT()NAMED_UNIT(*)SI_UNIT(.MILLI.,.METRE.));
#10=UNCERTAINTY_MEASURE_WITH_UNIT(LENGTH_MEASURE(1.E-5),#9,'NONE','NONE');
#11=(NAMED_UNIT(*)PLANE_ANGLE_UNIT()SI_UNIT($,.RADIAN.));
#12=(NAMED_UNIT(*)SI_UNIT($,.STERADIAN.)SOLID_ANGLE_UNIT());
#13=MANIFOLD_SOLID_BREP('',#14);
#14=CLOSED_SHELL('',(#73,#74,#75,#76,#77,#78,#79,#80,#81,#82,#83,#84,#85,#86,#87,
#88,#89,#90,#91,#92,#93,#94,#95,#96,#97,#98,#99,#100,#101,#102,#103,#104,#105,#106,
#107,#108,#109,#110,#111,#112,#113,#114,#115,#116,#117,#118,#119,#120,#121,#122,
#123,#124,#125,#126,#127,#128,#129,#130,#131,#132,#133,#134,#135,#136,#137,#138,
#139,#140,#141,#142,#143,#144,#145,#146,#147,#148,#149,#150,#151,#152,#153,#154,
#155,#156,#157,#158,#159,#160,#161,#162,#163,#164,#165,#166,#167,#168,#169,#170,
#171,#172,#173,#174,#175,#176,#177,#178,#179,#180,#181,#182,#183,#184,#185,#186,
#187,#188,#189,#190,#191,#192,#193,#194,#195,#196,#197,#198,#199,#200,#201,#202,
#203,#204,#205,#206,#207));
#15=COLOUR_RGB('',0.564705882352941,0.564705882352941,0.564705882352941);
#16=FILL_AREA_STYLE_COLOUR('',#15);
#17=FILL_AREA_STYLE($,(#16));
#18=SURFACE_STYLE_FILL_AREA(#17);
#19=SURFACE_SIDE_STYLE('',(#18));
#20=SURFACE_STYLE_USAGE(.BOTH.,#19);
#21=PRESENTATION_STYLE_ASSIGNMENT((#20));
#22=MECHANICAL_DESIGN_GEOMETRIC_PRESENTATION_REPRESENTATION('NONE',(#23,#33,#43),
#8);
#23=STYLED_ITEM('',(#21),#13);
#24=MANIFOLD_SOLID_BREP('',#25);
#25=CLOSED_SHELL('',(#208,#209,#210,#211,#212,#213,#214,#215,#216,#217,#218,#219,
#220,#221,#222,#223,#224,#225,#226));
#26=COLOUR_RGB('',1.,0.698039215686275,0.4);
#27=FILL_AREA_STYLE_COLOUR('',#26);
#28=FILL_AREA_STYLE($,(#27));
#29=SURFACE_STYLE_FILL_AREA(#28);
#30=SURFACE_SIDE_STYLE('',(#29));
#31=SURFACE_STYLE_USAGE(.BOTH.,#30);
#32=PRESENTATION_STYLE_ASSIGNMENT((#31));
#33=STYLED_ITEM('',(#32),#24);
#34=MANIFOLD_SOLID_BREP('',#35);
#35=CLOSED_SHELL('',(#227,#228,#229,#230,#231,#232,#233,#234,#235,#236,#237,#238,
#239,#240,#241,#242,#243,#244,#245,#246,#247,#248,#249,#250,#251,#252,#253,#254,
#255,#256,#257,#258,#259,#260,#261,#262,#263,#264,#265,#266,#267,#268,#269,#270,
#271,#272,#273,#274,#275,#276,#277,#278,#279,#280,#281,#282,#283,#284,#285,#286,
#287,#288,#289,#290,#291,#292,#293));
#36=COLOUR_RGB('',0.6,0.8,1.);
#37=FILL_AREA_STYLE_COLOUR('',#36);
#38=FILL_AREA_STYLE($,(#37));
#39=SURFACE_STYLE_FILL_AREA(#38);
#40=SURFACE_SIDE_STYLE('',(#39));
#41=SURFACE_STYLE_USAGE(.BOTH.,#40);
#42=PRESENTATION_STYLE_ASSIGNMENT((#41));
#43=STYLED_ITEM('',(#42),#34);
#44=ADVANCED_BREP_SHAPE_REPRESENTATION('NONE',(#13,#24,#34),#8);
#45=SHAPE_REPRESENTATION_RELATIONSHIP('','',#3,#44);
#46=PRODUCT_DEFINITION_SHAPE('NONE','NONE',#1);
#47=MECHANICAL_CONTEXT('NONE',#52,'mechanical');
#48=PRODUCT_DEFINITION_FORMATION_WITH_SPECIFIED_SOURCE('ANY','UNSPECIFIED',#49,.NOT_KNOWN.);
#49=PRODUCT('','\X2\0414043504420430043B044C\X0\','NONE',(#47));
#50=PRODUCT_RELATED_PRODUCT_CATEGORY('detail','',(#49));
#51=DESIGN_CONTEXT('detailed design',#52,'design');
#52=APPLICATION_CONTEXT('configuration controlled 3d designs of mechanical parts and assemblies');
#53=APPLICATION_PROTOCOL_DEFINITION('international standard','config_control_design',
1994,#52);
#54=CC_DESIGN_DATE_AND_TIME_ASSIGNMENT(#55,#59,(#1));
#55=DATE_AND_TIME(#56,#57);
#56=CALENDAR_DATE(0,1,1);
#57=LOCAL_TIME(0,0,0.,#58);
#58=COORDINATED_UNIVERSAL_TIME_OFFSET(0,0,.AHEAD.);
#59=DATE_TIME_ROLE('creation_date');
#60=CC_DESIGN_APPROVAL(#61,(#1));
#61=APPROVAL(#62,'UNSPECIFIED');
#62=APPROVAL_STATUS('not_yet_approved');
#63=APPROVAL_DATE_TIME(#64,#61);
#64=DATE_AND_TIME(#65,#66);
#65=CALENDAR_DATE(0,1,1);
#66=LOCAL_TIME(0,0,0.,#67);
#67=COORDINATED_UNIVERSAL_TIME_OFFSET(0,0,.AHEAD.);
#68=PERSON('UNSPECIFIED','User','UNSPECIFIED',('UNSPECIFIED'),('UNSPECIFIED'),('UNSPECIFIED'));
#69=ORGANIZATION('UNSPECIFIED','UNSPECIFIED','UNSPECIFIED');
#70=PERSON_AND_ORGANIZATION(#68,#69);
#71=PERSON_AND_ORGANIZATION_ROLE('creator');
#72=CC_DESIGN_PERSON_AND_ORGANIZATION_ASSIGNMENT(#70,#71,(#48,#1));
#73=ADVANCED_FACE('',(#294,#296),#298,.F.);
#74=ADVANCED_FACE('',(#303,#305),#307,.F.);
#75=ADVANCED_FACE('',(#312,#314),#316,.F.);
#76=ADVANCED_FACE('',(#321,#323),#325,.F.);
#77=ADVANCED_FACE('',(#330,#332),#334,.F.);
#78=ADVANCED_FACE('',(#339,#341),#343,.F.);
#79=ADVANCED_FACE('',(#348,#350),#352,.F.);
#80=ADVANCED_FACE('',(#357,#359),#361,.F.);
#81=ADVANCED_FACE('',(#366,#368),#370,.F.);
#82=ADVANCED_FACE('',(#375,#377),#379,.F.);
#83=ADVANCED_FACE('',(#384,#386),#388,.F.);
#84=ADVANCED_FACE('',(#393,#395,#397,#399,#401,#403,#405,#407,#409,#411,#413,#415,
#417,#419,#421,#423,#425,#427,#429,#431,#433),#435,.T.);
#85=ADVANCED_FACE('',(#440),#442,.F.);
#86=ADVANCED_FACE('',(#447),#449,.F.);
#87=ADVANCED_FACE('',(#454),#456,.F.);
#88=ADVANCED_FACE('',(#461),#463,.F.);
#89=ADVANCED_FACE('',(#468),#470,.F.);
#90=ADVANCED_FACE('',(#475),#477,.F.);
#91=ADVANCED_FACE('',(#482,#484),#486,.T.);
#92=ADVANCED_FACE('',(#491),#493,.F.);
#93=ADVANCED_FACE('',(#498),#500,.F.);
#94=ADVANCED_FACE('',(#505),#507,.F.);
#95=ADVANCED_FACE('',(#512),#514,.F.);
#96=ADVANCED_FACE('',(#519),#521,.F.);
#97=ADVANCED_FACE('',(#526),#528,.F.);
#98=ADVANCED_FACE('',(#533,#535),#537,.T.);
#99=ADVANCED_FACE('',(#542),#544,.F.);
#100=ADVANCED_FACE('',(#549),#551,.F.);
#101=ADVANCED_FACE('',(#556),#558,.F.);
#102=ADVANCED_FACE('',(#563),#565,.F.);
#103=ADVANCED_FACE('',(#570),#572,.F.);
#104=ADVANCED_FACE('',(#577),#579,.F.);
#105=ADVANCED_FACE('',(#584,#586),#588,.T.);
#106=ADVANCED_FACE('',(#593),#595,.F.);
#107=ADVANCED_FACE('',(#600),#602,.F.);
#108=ADVANCED_FACE('',(#607),#609,.F.);
#109=ADVANCED_FACE('',(#614),#616,.F.);
#110=ADVANCED_FACE('',(#621),#623,.F.);
#111=ADVANCED_FACE('',(#628),#630,.F.);
#112=ADVANCED_FACE('',(#635,#637),#639,.T.);
#113=ADVANCED_FACE('',(#644),#646,.F.);
#114=ADVANCED_FACE('',(#651),#653,.F.);
#115=ADVANCED_FACE('',(#658),#660,.F.);
#116=ADVANCED_FACE('',(#665),#667,.F.);
#117=ADVANCED_FACE('',(#672),#674,.F.);
#118=ADVANCED_FACE('',(#679),#681,.F.);
#119=ADVANCED_FACE('',(#686,#688),#690,.T.);
#120=ADVANCED_FACE('',(#695),#697,.F.);
#121=ADVANCED_FACE('',(#702),#704,.F.);
#122=ADVANCED_FACE('',(#709),#711,.F.);
#123=ADVANCED_FACE('',(#716),#718,.F.);
#124=ADVANCED_FACE('',(#723),#725,.F.);
#125=ADVANCED_FACE('',(#730),#732,.F.);
#126=ADVANCED_FACE('',(#737,#739),#741,.T.);
#127=ADVANCED_FACE('',(#746),#748,.F.);
#128=ADVANCED_FACE('',(#753),#755,.F.);
#129=ADVANCED_FACE('',(#760),#762,.F.);
#130=ADVANCED_FACE('',(#767),#769,.F.);
#131=ADVANCED_FACE('',(#774),#776,.F.);
#132=ADVANCED_FACE('',(#781),#783,.F.);
#133=ADVANCED_FACE('',(#788,#790),#792,.T.);
#134=ADVANCED_FACE('',(#797),#799,.F.);
#135=ADVANCED_FACE('',(#804),#806,.F.);
#136=ADVANCED_FACE('',(#811),#813,.F.);
#137=ADVANCED_FACE('',(#818),#820,.F.);
#138=ADVANCED_FACE('',(#825),#827,.F.);
#139=ADVANCED_FACE('',(#832),#834,.F.);
#140=ADVANCED_FACE('',(#839,#841),#843,.T.);
#141=ADVANCED_FACE('',(#848),#850,.F.);
#142=ADVANCED_FACE('',(#855),#857,.F.);
#143=ADVANCED_FACE('',(#862),#864,.F.);
#144=ADVANCED_FACE('',(#869),#871,.F.);
#145=ADVANCED_FACE('',(#876),#878,.F.);
#146=ADVANCED_FACE('',(#883),#885,.F.);
#147=ADVANCED_FACE('',(#890,#892),#894,.T.);
#148=ADVANCED_FACE('',(#899),#901,.F.);
#149=ADVANCED_FACE('',(#906),#908,.F.);
#150=ADVANCED_FACE('',(#913),#915,.F.);
#151=ADVANCED_FACE('',(#920),#922,.F.);
#152=ADVANCED_FACE('',(#927),#929,.F.);
#153=ADVANCED_FACE('',(#934),#936,.F.);
#154=ADVANCED_FACE('',(#941,#943),#945,.T.);
#155=ADVANCED_FACE('',(#950),#952,.F.);
#156=ADVANCED_FACE('',(#957),#959,.F.);
#157=ADVANCED_FACE('',(#964),#966,.F.);
#158=ADVANCED_FACE('',(#971),#973,.F.);
#159=ADVANCED_FACE('',(#978),#980,.F.);
#160=ADVANCED_FACE('',(#985),#987,.F.);
#161=ADVANCED_FACE('',(#992,#994),#996,.T.);
#162=ADVANCED_FACE('',(#1001,#1003),#1005,.F.);
#163=ADVANCED_FACE('',(#1010),#1012,.F.);
#164=ADVANCED_FACE('',(#1017,#1019,#1021,#1023,#1025,#1027,#1029,#1031,#1033),#1035,
.F.);
#165=ADVANCED_FACE('',(#1040),#1042,.F.);
#166=ADVANCED_FACE('',(#1047),#1049,.F.);
#167=ADVANCED_FACE('',(#1054),#1056,.F.);
#168=ADVANCED_FACE('',(#1061,#1063),#1065,.F.);
#169=ADVANCED_FACE('',(#1070),#1072,.F.);
#170=ADVANCED_FACE('',(#1077),#1079,.F.);
#171=ADVANCED_FACE('',(#1084),#1086,.F.);
#172=ADVANCED_FACE('',(#1091),#1093,.F.);
#173=ADVANCED_FACE('',(#1098,#1100),#1102,.F.);
#174=ADVANCED_FACE('',(#1107),#1109,.F.);
#175=ADVANCED_FACE('',(#1114),#1116,.F.);
#176=ADVANCED_FACE('',(#1121),#1123,.F.);
#177=ADVANCED_FACE('',(#1128),#1130,.F.);
#178=ADVANCED_FACE('',(#1135),#1137,.T.);
#179=ADVANCED_FACE('',(#1142),#1144,.T.);
#180=ADVANCED_FACE('',(#1149),#1151,.T.);
#181=ADVANCED_FACE('',(#1156),#1158,.T.);
#182=ADVANCED_FACE('',(#1163),#1165,.F.);
#183=ADVANCED_FACE('',(#1170),#1172,.F.);
#184=ADVANCED_FACE('',(#1177),#1179,.F.);
#185=ADVANCED_FACE('',(#1184),#1186,.F.);
#186=ADVANCED_FACE('',(#1191),#1193,.F.);
#187=ADVANCED_FACE('',(#1198),#1200,.F.);
#188=ADVANCED_FACE('',(#1205,#1207),#1209,.F.);
#189=ADVANCED_FACE('',(#1214,#1216),#1218,.F.);
#190=ADVANCED_FACE('',(#1223,#1225),#1227,.F.);
#191=ADVANCED_FACE('',(#1232,#1234),#1236,.F.);
#192=ADVANCED_FACE('',(#1241,#1243),#1245,.F.);
#193=ADVANCED_FACE('',(#1250,#1252),#1254,.F.);
#194=ADVANCED_FACE('',(#1259,#1261),#1263,.F.);
#195=ADVANCED_FACE('',(#1268,#1270),#1272,.F.);
#196=ADVANCED_FACE('',(#1277,#1279),#1281,.F.);
#197=ADVANCED_FACE('',(#1286,#1288),#1290,.F.);
#198=ADVANCED_FACE('',(#1295,#1297),#1299,.F.);
#199=ADVANCED_FACE('',(#1304,#1306),#1308,.F.);
#200=ADVANCED_FACE('',(#1313,#1315),#1317,.T.);
#201=ADVANCED_FACE('',(#1322,#1324),#1326,.F.);
#202=ADVANCED_FACE('',(#1331,#1333),#1335,.F.);
#203=ADVANCED_FACE('',(#1340,#1342),#1344,.F.);
#204=ADVANCED_FACE('',(#1349),#1351,.T.);
#205=ADVANCED_FACE('',(#1356),#1358,.T.);
#206=ADVANCED_FACE('',(#1363),#1365,.T.);
#207=ADVANCED_FACE('',(#1370),#1372,.T.);
#208=ADVANCED_FACE('',(#1377,#1379),#1381,.F.);
#209=ADVANCED_FACE('',(#1386,#1388),#1390,.F.);
#210=ADVANCED_FACE('',(#1395,#1397),#1399,.F.);
#211=ADVANCED_FACE('',(#1404,#1406),#1408,.T.);
#212=ADVANCED_FACE('',(#1413,#1415),#1417,.F.);
#213=ADVANCED_FACE('',(#1422),#1424,.F.);
#214=ADVANCED_FACE('',(#1429),#1431,.F.);
#215=ADVANCED_FACE('',(#1436,#1438),#1440,.T.);
#216=ADVANCED_FACE('',(#1445,#1447),#1449,.T.);
#217=ADVANCED_FACE('',(#1454,#1456),#1458,.T.);
#218=ADVANCED_FACE('',(#1463),#1465,.T.);
#219=ADVANCED_FACE('',(#1470),#1472,.F.);
#220=ADVANCED_FACE('',(#1477),#1479,.F.);
#221=ADVANCED_FACE('',(#1484),#1486,.F.);
#222=ADVANCED_FACE('',(#1491,#1493),#1495,.F.);
#223=ADVANCED_FACE('',(#1500,#1502),#1504,.T.);
#224=ADVANCED_FACE('',(#1509,#1511),#1513,.F.);
#225=ADVANCED_FACE('',(#1518,#1520),#1522,.T.);
#226=ADVANCED_FACE('',(#1527,#1529),#1531,.T.);
#227=ADVANCED_FACE('',(#1536,#1538),#1540,.T.);
#228=ADVANCED_FACE('',(#1545),#1547,.F.);
#229=ADVANCED_FACE('',(#1552),#1554,.F.);
#230=ADVANCED_FACE('',(#1559,#1561),#1563,.F.);
#231=ADVANCED_FACE('',(#1568),#1570,.T.);
#232=ADVANCED_FACE('',(#1575),#1577,.T.);
#233=ADVANCED_FACE('',(#1582),#1584,.T.);
#234=ADVANCED_FACE('',(#1589),#1591,.T.);
#235=ADVANCED_FACE('',(#1596),#1598,.T.);
#236=ADVANCED_FACE('',(#1603),#1605,.T.);
#237=ADVANCED_FACE('',(#1610),#1612,.T.);
#238=ADVANCED_FACE('',(#1617),#1619,.T.);
#239=ADVANCED_FACE('',(#1624),#1626,.T.);
#240=ADVANCED_FACE('',(#1631),#1633,.T.);
#241=ADVANCED_FACE('',(#1638,#1640),#1642,.F.);
#242=ADVANCED_FACE('',(#1647,#1649),#1651,.F.);
#243=ADVANCED_FACE('',(#1656,#1658),#1660,.F.);
#244=ADVANCED_FACE('',(#1665),#1667,.T.);
#245=ADVANCED_FACE('',(#1672),#1674,.T.);
#246=ADVANCED_FACE('',(#1679),#1681,.T.);
#247=ADVANCED_FACE('',(#1686),#1688,.T.);
#248=ADVANCED_FACE('',(#1693),#1695,.T.);
#249=ADVANCED_FACE('',(#1700),#1702,.T.);
#250=ADVANCED_FACE('',(#1707),#1709,.T.);
#251=ADVANCED_FACE('',(#1714),#1716,.T.);
#252=ADVANCED_FACE('',(#1721),#1723,.T.);
#253=ADVANCED_FACE('',(#1728),#1730,.T.);
#254=ADVANCED_FACE('',(#1735),#1737,.T.);
#255=ADVANCED_FACE('',(#1742),#1744,.F.);
#256=ADVANCED_FACE('',(#1888),#1890,.T.);
#257=ADVANCED_FACE('',(#1895),#1897,.F.);
#258=ADVANCED_FACE('',(#2041),#2043,.T.);
#259=ADVANCED_FACE('',(#2048),#2050,.F.);
#260=ADVANCED_FACE('',(#2194),#2196,.T.);
#261=ADVANCED_FACE('',(#2201),#2203,.F.);
#262=ADVANCED_FACE('',(#2347),#2349,.T.);
#263=ADVANCED_FACE('',(#2354),#2356,.F.);
#264=ADVANCED_FACE('',(#2500),#2502,.T.);
#265=ADVANCED_FACE('',(#2507),#2509,.F.);
#266=ADVANCED_FACE('',(#2653),#2655,.T.);
#267=ADVANCED_FACE('',(#2660),#2662,.F.);
#268=ADVANCED_FACE('',(#2806),#2808,.T.);
#269=ADVANCED_FACE('',(#2813),#2815,.F.);
#270=ADVANCED_FACE('',(#2959),#2961,.T.);
#271=ADVANCED_FACE('',(#2966),#2968,.F.);
#272=ADVANCED_FACE('',(#3112),#3114,.T.);
#273=ADVANCED_FACE('',(#3119),#3121,.F.);
#274=ADVANCED_FACE('',(#3265),#3267,.T.);
#275=ADVANCED_FACE('',(#3272),#3274,.T.);
#276=ADVANCED_FACE('',(#3279),#3281,.T.);
#277=ADVANCED_FACE('',(#3286),#3288,.T.);
#278=ADVANCED_FACE('',(#3293),#3295,.T.);
#279=ADVANCED_FACE('',(#3300),#3302,.T.);
#280=ADVANCED_FACE('',(#3307),#3309,.T.);
#281=ADVANCED_FACE('',(#3314),#3316,.T.);
#282=ADVANCED_FACE('',(#3321),#3323,.T.);
#283=ADVANCED_FACE('',(#3328),#3330,.T.);
#284=ADVANCED_FACE('',(#3335),#3337,.T.);
#285=ADVANCED_FACE('',(#3342),#3344,.T.);
#286=ADVANCED_FACE('',(#3349),#3351,.T.);
#287=ADVANCED_FACE('',(#3356),#3358,.T.);
#288=ADVANCED_FACE('',(#3363),#3365,.T.);
#289=ADVANCED_FACE('',(#3370),#3372,.T.);
#290=ADVANCED_FACE('',(#3377),#3379,.T.);
#291=ADVANCED_FACE('',(#3384),#3386,.T.);
#292=ADVANCED_FACE('',(#3391),#3393,.T.);
#293=ADVANCED_FACE('',(#3398),#3400,.T.);
#294=FACE_BOUND('',#295,.T.);
#295=EDGE_LOOP('',(#3405,#3406,#3407,#3408,#3409));
#296=FACE_OUTER_BOUND('',#297,.T.);
#297=EDGE_LOOP('',(#3410));
#298=CYLINDRICAL_SURFACE('',#299,1.7);
#299=AXIS2_PLACEMENT_3D('',#300,#301,#302);
#300=CARTESIAN_POINT('',(8.,-1.00000000000001,38.));
#301=DIRECTION('',(0.,1.,6.12323399573677E-17));
#302=DIRECTION('',(6.12323399573677E-17,6.12323399573677E-17,-1.));
#303=FACE_BOUND('',#304,.T.);
#304=EDGE_LOOP('',(#3411,#3412,#3413,#3414,#3415));
#305=FACE_OUTER_BOUND('',#306,.T.);
#306=EDGE_LOOP('',(#3416));
#307=CYLINDRICAL_SURFACE('',#308,1.7);
#308=AXIS2_PLACEMENT_3D('',#309,#310,#311);
#309=CARTESIAN_POINT('',(8.,-1.00000000000001,22.));
#310=DIRECTION('',(0.,1.,0.));
#311=DIRECTION('',(6.12323399573677E-17,0.,-1.));
#312=FACE_BOUND('',#313,.T.);
#313=EDGE_LOOP('',(#3417,#3418,#3419,#3420,#3421));
#314=FACE_OUTER_BOUND('',#315,.T.);
#315=EDGE_LOOP('',(#3422));
#316=CYLINDRICAL_SURFACE('',#317,1.7);
#317=AXIS2_PLACEMENT_3D('',#318,#319,#320);
#318=CARTESIAN_POINT('',(-8.,-1.00000000000001,22.));
#319=DIRECTION('',(0.,1.,0.));
#320=DIRECTION('',(6.12323399573677E-17,0.,-1.));
#321=FACE_BOUND('',#322,.T.);
#322=EDGE_LOOP('',(#3423,#3424,#3425,#3426,#3427));
#323=FACE_OUTER_BOUND('',#324,.T.);
#324=EDGE_LOOP('',(#3428));
#325=CYLINDRICAL_SURFACE('',#326,1.7);
#326=AXIS2_PLACEMENT_3D('',#327,#328,#329);
#327=CARTESIAN_POINT('',(8.,-1.00000000000001,8.));
#328=DIRECTION('',(0.,1.,0.));
#329=DIRECTION('',(6.12323399573677E-17,0.,-1.));
#330=FACE_BOUND('',#331,.T.);
#331=EDGE_LOOP('',(#3429,#3430,#3431,#3432,#3433));
#332=FACE_OUTER_BOUND('',#333,.T.);
#333=EDGE_LOOP('',(#3434));
#334=CYLINDRICAL_SURFACE('',#335,1.7);
#335=AXIS2_PLACEMENT_3D('',#336,#337,#338);
#336=CARTESIAN_POINT('',(8.,-1.00000000000001,-8.));
#337=DIRECTION('',(0.,1.,0.));
#338=DIRECTION('',(6.12323399573677E-17,0.,-1.));
#339=FACE_BOUND('',#340,.T.);
#340=EDGE_LOOP('',(#3435,#3436,#3437,#3438,#3439));
#341=FACE_OUTER_BOUND('',#342,.T.);
#342=EDGE_LOOP('',(#3440));
#343=CYLINDRICAL_SURFACE('',#344,1.7);
#344=AXIS2_PLACEMENT_3D('',#345,#346,#347);
#345=CARTESIAN_POINT('',(-8.,-1.00000000000001,-8.));
#346=DIRECTION('',(0.,1.,0.));
#347=DIRECTION('',(6.12323399573677E-17,0.,-1.));
#348=FACE_BOUND('',#349,.T.);
#349=EDGE_LOOP('',(#3441,#3442,#3443,#3444,#3445));
#350=FACE_OUTER_BOUND('',#351,.T.);
#351=EDGE_LOOP('',(#3446));
#352=CYLINDRICAL_SURFACE('',#353,1.7);
#353=AXIS2_PLACEMENT_3D('',#354,#355,#356);
#354=CARTESIAN_POINT('',(-8.,-1.00000000000001,8.));
#355=DIRECTION('',(0.,1.,0.));
#356=DIRECTION('',(6.12323399573677E-17,0.,-1.));
#357=FACE_BOUND('',#358,.T.);
#358=EDGE_LOOP('',(#3447,#3448,#3449,#3450,#3451));
#359=FACE_OUTER_BOUND('',#360,.T.);
#360=EDGE_LOOP('',(#3452));
#361=CYLINDRICAL_SURFACE('',#362,1.7);
#362=AXIS2_PLACEMENT_3D('',#363,#364,#365);
#363=CARTESIAN_POINT('',(8.,-1.00000000000001,-22.));
#364=DIRECTION('',(0.,1.,0.));
#365=DIRECTION('',(6.12323399573677E-17,0.,-1.));
#366=FACE_BOUND('',#367,.T.);
#367=EDGE_LOOP('',(#3453,#3454,#3455,#3456,#3457));
#368=FACE_OUTER_BOUND('',#369,.T.);
#369=EDGE_LOOP('',(#3458));
#370=CYLINDRICAL_SURFACE('',#371,1.7);
#371=AXIS2_PLACEMENT_3D('',#372,#373,#374);
#372=CARTESIAN_POINT('',(-8.,-1.00000000000001,-22.));
#373=DIRECTION('',(0.,1.,0.));
#374=DIRECTION('',(6.12323399573677E-17,0.,-1.));
#375=FACE_BOUND('',#376,.T.);
#376=EDGE_LOOP('',(#3459,#3460,#3461,#3462,#3463));
#377=FACE_OUTER_BOUND('',#378,.T.);
#378=EDGE_LOOP('',(#3464));
#379=CYLINDRICAL_SURFACE('',#380,1.7);
#380=AXIS2_PLACEMENT_3D('',#381,#382,#383);
#381=CARTESIAN_POINT('',(-8.,-1.00000000000001,-38.));
#382=DIRECTION('',(0.,1.,0.));
#383=DIRECTION('',(6.12323399573677E-17,0.,-1.));
#384=FACE_BOUND('',#385,.T.);
#385=EDGE_LOOP('',(#3465,#3466,#3467,#3468,#3469));
#386=FACE_OUTER_BOUND('',#387,.T.);
#387=EDGE_LOOP('',(#3470));
#388=CYLINDRICAL_SURFACE('',#389,1.7);
#389=AXIS2_PLACEMENT_3D('',#390,#391,#392);
#390=CARTESIAN_POINT('',(8.,-1.00000000000001,-38.));
#391=DIRECTION('',(0.,1.,0.));
#392=DIRECTION('',(6.12323399573677E-17,0.,-1.));
#393=FACE_BOUND('',#394,.T.);
#394=EDGE_LOOP('',(#3471,#3472,#3473,#3474,#3475,#3476,#3477,#3478));
#395=FACE_BOUND('',#396,.T.);
#396=EDGE_LOOP('',(#3479,#3480,#3481,#3482,#3483,#3484));
#397=FACE_BOUND('',#398,.T.);
#398=EDGE_LOOP('',(#3485,#3486,#3487,#3488,#3489,#3490));
#399=FACE_BOUND('',#400,.T.);
#400=EDGE_LOOP('',(#3491,#3492,#3493,#3494,#3495,#3496));
#401=FACE_BOUND('',#402,.T.);
#402=EDGE_LOOP('',(#3497,#3498,#3499,#3500,#3501,#3502));
#403=FACE_BOUND('',#404,.T.);
#404=EDGE_LOOP('',(#3503,#3504,#3505,#3506,#3507,#3508));
#405=FACE_BOUND('',#406,.T.);
#406=EDGE_LOOP('',(#3509,#3510,#3511,#3512,#3513,#3514));
#407=FACE_BOUND('',#408,.T.);
#408=EDGE_LOOP('',(#3515,#3516,#3517,#3518,#3519,#3520));
#409=FACE_BOUND('',#410,.T.);
#410=EDGE_LOOP('',(#3521,#3522,#3523,#3524,#3525,#3526));
#411=FACE_BOUND('',#412,.T.);
#412=EDGE_LOOP('',(#3527,#3528,#3529,#3530,#3531,#3532));
#413=FACE_BOUND('',#414,.T.);
#414=EDGE_LOOP('',(#3533,#3534,#3535,#3536,#3537,#3538));
#415=FACE_BOUND('',#416,.T.);
#416=EDGE_LOOP('',(#3539,#3540,#3541,#3542,#3543,#3544));
#417=FACE_BOUND('',#418,.T.);
#418=EDGE_LOOP('',(#3545,#3546,#3547,#3548,#3549,#3550));
#419=FACE_BOUND('',#420,.T.);
#420=EDGE_LOOP('',(#3551));
#421=FACE_BOUND('',#422,.T.);
#422=EDGE_LOOP('',(#3552));
#423=FACE_BOUND('',#424,.T.);
#424=EDGE_LOOP('',(#3553));
#425=FACE_BOUND('',#426,.T.);
#426=EDGE_LOOP('',(#3554));
#427=FACE_BOUND('',#428,.T.);
#428=EDGE_LOOP('',(#3555));
#429=FACE_BOUND('',#430,.T.);
#430=EDGE_LOOP('',(#3556));
#431=FACE_BOUND('',#432,.T.);
#432=EDGE_LOOP('',(#3557));
#433=FACE_BOUND('',#434,.T.);
#434=EDGE_LOOP('',(#3558));
#435=PLANE('',#436);
#436=AXIS2_PLACEMENT_3D('',#437,#438,#439);
#437=CARTESIAN_POINT('',(0.,4.,2.44929359829471E-16));
#438=DIRECTION('',(0.,1.,6.12323399573677E-17));
#439=DIRECTION('',(6.12323399573677E-17,6.12323399573677E-17,-1.));
#440=FACE_BOUND('',#441,.T.);
#441=EDGE_LOOP('',(#3559,#3560,#3561,#3562));
#442=PLANE('',#443);
#443=AXIS2_PLACEMENT_3D('',#444,#445,#446);
#444=CARTESIAN_POINT('',(5.15000000000001,1.2,-39.6454482671904));
#445=DIRECTION('',(-1.,5.47382212626882E-48,-5.39778999686616E-16));
#446=DIRECTION('',(-5.39778999686616E-16,-6.7472374960827E-17,1.));
#447=FACE_BOUND('',#448,.T.);
#448=EDGE_LOOP('',(#3563,#3564,#3565,#3566));
#449=PLANE('',#450);
#450=AXIS2_PLACEMENT_3D('',#451,#452,#453);
#451=CARTESIAN_POINT('',(5.15000000000001,1.2,-36.3545517328096));
#452=DIRECTION('',(-0.5,0.,0.866025403784439));
#453=DIRECTION('',(0.866025403784439,0.,0.5));
#454=FACE_BOUND('',#455,.T.);
#455=EDGE_LOOP('',(#3567,#3568,#3569,#3570));
#456=PLANE('',#457);
#457=AXIS2_PLACEMENT_3D('',#458,#459,#460);
#458=CARTESIAN_POINT('',(8.,1.2,-34.7091034656191));
#459=DIRECTION('',(0.499999999999988,0.,0.866025403784445));
#460=DIRECTION('',(0.866025403784445,0.,-0.499999999999988));
#461=FACE_BOUND('',#462,.T.);
#462=EDGE_LOOP('',(#3571,#3572,#3573,#3574));
#463=PLANE('',#464);
#464=AXIS2_PLACEMENT_3D('',#465,#466,#467);
#465=CARTESIAN_POINT('',(10.8500000000001,1.2,-36.3545517328096));
#466=DIRECTION('',(1.,1.75162308040602E-46,-1.72729279899717E-14));
#467=DIRECTION('',(-1.72729279899717E-14,6.7472374960827E-17,-1.));
#468=FACE_BOUND('',#469,.T.);
#469=EDGE_LOOP('',(#3575,#3576,#3577,#3578));
#470=PLANE('',#471);
#471=AXIS2_PLACEMENT_3D('',#472,#473,#474);
#472=CARTESIAN_POINT('',(10.85,1.2,-39.6454482671904));
#473=DIRECTION('',(0.500000000000012,0.,-0.866025403784432));
#474=DIRECTION('',(-0.866025403784432,0.,-0.500000000000012));
#475=FACE_BOUND('',#476,.T.);
#476=EDGE_LOOP('',(#3579,#3580,#3581,#3582));
#477=PLANE('',#478);
#478=AXIS2_PLACEMENT_3D('',#479,#480,#481);
#479=CARTESIAN_POINT('',(8.00000000000004,1.2,-41.2908965343809));
#480=DIRECTION('',(-0.500000000000001,0.,-0.866025403784438));
#481=DIRECTION('',(-0.866025403784438,0.,0.500000000000001));
#482=FACE_BOUND('',#483,.T.);
#483=EDGE_LOOP('',(#3583,#3584,#3585,#3586,#3587,#3588));
#484=FACE_BOUND('',#485,.T.);
#485=EDGE_LOOP('',(#3589));
#486=PLANE('',#487);
#487=AXIS2_PLACEMENT_3D('',#488,#489,#490);
#488=CARTESIAN_POINT('',(16.,1.20000000000001,-76.));
#489=DIRECTION('',(0.,1.,6.12323399573677E-17));
#490=DIRECTION('',(6.12323399573677E-17,6.12323399573677E-17,-1.));
#491=FACE_BOUND('',#492,.T.);
#492=EDGE_LOOP('',(#3590,#3591,#3592,#3593));
#493=PLANE('',#494);
#494=AXIS2_PLACEMENT_3D('',#495,#496,#497);
#495=CARTESIAN_POINT('',(-10.85,1.2,-39.6454482671904));
#496=DIRECTION('',(-1.,5.47382212626882E-48,-5.39778999686616E-16));
#497=DIRECTION('',(-5.39778999686616E-16,-6.7472374960827E-17,1.));
#498=FACE_BOUND('',#499,.T.);
#499=EDGE_LOOP('',(#3594,#3595,#3596,#3597));
#500=PLANE('',#501);
#501=AXIS2_PLACEMENT_3D('',#502,#503,#504);
#502=CARTESIAN_POINT('',(-10.85,1.2,-36.3545517328096));
#503=DIRECTION('',(-0.5,0.,0.866025403784439));
#504=DIRECTION('',(0.866025403784439,0.,0.5));
#505=FACE_BOUND('',#506,.T.);
#506=EDGE_LOOP('',(#3598,#3599,#3600,#3601));
#507=PLANE('',#508);
#508=AXIS2_PLACEMENT_3D('',#509,#510,#511);
#509=CARTESIAN_POINT('',(-8.,1.2,-34.7091034656191));
#510=DIRECTION('',(0.499999999999988,0.,0.866025403784445));
#511=DIRECTION('',(0.866025403784445,0.,-0.499999999999988));
#512=FACE_BOUND('',#513,.T.);
#513=EDGE_LOOP('',(#3602,#3603,#3604,#3605));
#514=PLANE('',#515);
#515=AXIS2_PLACEMENT_3D('',#516,#517,#518);
#516=CARTESIAN_POINT('',(-5.14999999999994,1.2,-36.3545517328096));
#517=DIRECTION('',(1.,1.75162308040602E-46,-1.72729279899717E-14));
#518=DIRECTION('',(-1.72729279899717E-14,6.7472374960827E-17,-1.));
#519=FACE_BOUND('',#520,.T.);
#520=EDGE_LOOP('',(#3606,#3607,#3608,#3609));
#521=PLANE('',#522);
#522=AXIS2_PLACEMENT_3D('',#523,#524,#525);
#523=CARTESIAN_POINT('',(-5.15,1.2,-39.6454482671904));
#524=DIRECTION('',(0.500000000000012,0.,-0.866025403784432));
#525=DIRECTION('',(-0.866025403784432,0.,-0.500000000000012));
#526=FACE_BOUND('',#527,.T.);
#527=EDGE_LOOP('',(#3610,#3611,#3612,#3613));
#528=PLANE('',#529);
#529=AXIS2_PLACEMENT_3D('',#530,#531,#532);
#530=CARTESIAN_POINT('',(-7.99999999999996,1.2,-41.2908965343809));
#531=DIRECTION('',(-0.500000000000001,0.,-0.866025403784438));
#532=DIRECTION('',(-0.866025403784438,0.,0.500000000000001));
#533=FACE_BOUND('',#534,.T.);
#534=EDGE_LOOP('',(#3614,#3615,#3616,#3617,#3618,#3619));
#535=FACE_BOUND('',#536,.T.);
#536=EDGE_LOOP('',(#3620));
#537=PLANE('',#538);
#538=AXIS2_PLACEMENT_3D('',#539,#540,#541);
#539=CARTESIAN_POINT('',(4.44089209850063E-15,1.20000000000001,-76.));
#540=DIRECTION('',(0.,1.,6.12323399573677E-17));
#541=DIRECTION('',(6.12323399573677E-17,6.12323399573677E-17,-1.));
#542=FACE_BOUND('',#543,.T.);
#543=EDGE_LOOP('',(#3621,#3622,#3623,#3624));
#544=PLANE('',#545);
#545=AXIS2_PLACEMENT_3D('',#546,#547,#548);
#546=CARTESIAN_POINT('',(-10.85,1.2,-23.6454482671904));
#547=DIRECTION('',(-1.,5.47382212626882E-48,-5.39778999686616E-16));
#548=DIRECTION('',(-5.39778999686616E-16,-6.7472374960827E-17,1.));
#549=FACE_BOUND('',#550,.T.);
#550=EDGE_LOOP('',(#3625,#3626,#3627,#3628));
#551=PLANE('',#552);
#552=AXIS2_PLACEMENT_3D('',#553,#554,#555);
#553=CARTESIAN_POINT('',(-10.85,1.2,-20.3545517328096));
#554=DIRECTION('',(-0.5,0.,0.866025403784439));
#555=DIRECTION('',(0.866025403784439,0.,0.5));
#556=FACE_BOUND('',#557,.T.);
#557=EDGE_LOOP('',(#3629,#3630,#3631,#3632));
#558=PLANE('',#559);
#559=AXIS2_PLACEMENT_3D('',#560,#561,#562);
#560=CARTESIAN_POINT('',(-8.,1.2,-18.7091034656191));
#561=DIRECTION('',(0.499999999999988,0.,0.866025403784445));
#562=DIRECTION('',(0.866025403784445,0.,-0.499999999999988));
#563=FACE_BOUND('',#564,.T.);
#564=EDGE_LOOP('',(#3633,#3634,#3635,#3636));
#565=PLANE('',#566);
#566=AXIS2_PLACEMENT_3D('',#567,#568,#569);
#567=CARTESIAN_POINT('',(-5.14999999999994,1.2,-20.3545517328096));
#568=DIRECTION('',(1.,1.75162308040602E-46,-1.72729279899717E-14));
#569=DIRECTION('',(-1.72729279899717E-14,6.7472374960827E-17,-1.));
#570=FACE_BOUND('',#571,.T.);
#571=EDGE_LOOP('',(#3637,#3638,#3639,#3640));
#572=PLANE('',#573);
#573=AXIS2_PLACEMENT_3D('',#574,#575,#576);
#574=CARTESIAN_POINT('',(-5.15,1.2,-23.6454482671904));
#575=DIRECTION('',(0.500000000000012,0.,-0.866025403784432));
#576=DIRECTION('',(-0.866025403784432,0.,-0.500000000000012));
#577=FACE_BOUND('',#578,.T.);
#578=EDGE_LOOP('',(#3641,#3642,#3643,#3644));
#579=PLANE('',#580);
#580=AXIS2_PLACEMENT_3D('',#581,#582,#583);
#581=CARTESIAN_POINT('',(-7.99999999999996,1.2,-25.2908965343809));
#582=DIRECTION('',(-0.500000000000001,0.,-0.866025403784438));
#583=DIRECTION('',(-0.866025403784438,0.,0.500000000000001));
#584=FACE_BOUND('',#585,.T.);
#585=EDGE_LOOP('',(#3645,#3646,#3647,#3648,#3649,#3650));
#586=FACE_BOUND('',#587,.T.);
#587=EDGE_LOOP('',(#3651));
#588=PLANE('',#589);
#589=AXIS2_PLACEMENT_3D('',#590,#591,#592);
#590=CARTESIAN_POINT('',(3.5527136788005E-15,1.2,-60.));
#591=DIRECTION('',(0.,1.,6.12323399573677E-17));
#592=DIRECTION('',(6.12323399573677E-17,6.12323399573677E-17,-1.));
#593=FACE_BOUND('',#594,.T.);
#594=EDGE_LOOP('',(#3652,#3653,#3654,#3655));
#595=PLANE('',#596);
#596=AXIS2_PLACEMENT_3D('',#597,#598,#599);
#597=CARTESIAN_POINT('',(5.15000000000001,1.2,-23.6454482671904));
#598=DIRECTION('',(-1.,5.47382212626882E-48,-5.39778999686616E-16));
#599=DIRECTION('',(-5.39778999686616E-16,-6.7472374960827E-17,1.));
#600=FACE_BOUND('',#601,.T.);
#601=EDGE_LOOP('',(#3656,#3657,#3658,#3659));
#602=PLANE('',#603);
#603=AXIS2_PLACEMENT_3D('',#604,#605,#606);
#604=CARTESIAN_POINT('',(5.15000000000001,1.2,-20.3545517328096));
#605=DIRECTION('',(-0.5,0.,0.866025403784439));
#606=DIRECTION('',(0.866025403784439,0.,0.5));
#607=FACE_BOUND('',#608,.T.);
#608=EDGE_LOOP('',(#3660,#3661,#3662,#3663));
#609=PLANE('',#610);
#610=AXIS2_PLACEMENT_3D('',#611,#612,#613);
#611=CARTESIAN_POINT('',(8.,1.2,-18.7091034656191));
#612=DIRECTION('',(0.499999999999988,0.,0.866025403784445));
#613=DIRECTION('',(0.866025403784445,0.,-0.499999999999988));
#614=FACE_BOUND('',#615,.T.);
#615=EDGE_LOOP('',(#3664,#3665,#3666,#3667));
#616=PLANE('',#617);
#617=AXIS2_PLACEMENT_3D('',#618,#619,#620);
#618=CARTESIAN_POINT('',(10.8500000000001,1.2,-20.3545517328096));
#619=DIRECTION('',(1.,1.75162308040602E-46,-1.72729279899717E-14));
#620=DIRECTION('',(-1.72729279899717E-14,6.7472374960827E-17,-1.));
#621=FACE_BOUND('',#622,.T.);
#622=EDGE_LOOP('',(#3668,#3669,#3670,#3671));
#623=PLANE('',#624);
#624=AXIS2_PLACEMENT_3D('',#625,#626,#627);
#625=CARTESIAN_POINT('',(10.85,1.2,-23.6454482671904));
#626=DIRECTION('',(0.500000000000012,0.,-0.866025403784432));
#627=DIRECTION('',(-0.866025403784432,0.,-0.500000000000012));
#628=FACE_BOUND('',#629,.T.);
#629=EDGE_LOOP('',(#3672,#3673,#3674,#3675));
#630=PLANE('',#631);
#631=AXIS2_PLACEMENT_3D('',#632,#633,#634);
#632=CARTESIAN_POINT('',(8.00000000000004,1.2,-25.2908965343809));
#633=DIRECTION('',(-0.500000000000001,0.,-0.866025403784438));
#634=DIRECTION('',(-0.866025403784438,0.,0.500000000000001));
#635=FACE_BOUND('',#636,.T.);
#636=EDGE_LOOP('',(#3676,#3677,#3678,#3679,#3680,#3681));
#637=FACE_BOUND('',#638,.T.);
#638=EDGE_LOOP('',(#3682));
#639=PLANE('',#640);
#640=AXIS2_PLACEMENT_3D('',#641,#642,#643);
#641=CARTESIAN_POINT('',(16.,1.2,-60.));
#642=DIRECTION('',(0.,1.,6.12323399573677E-17));
#643=DIRECTION('',(6.12323399573677E-17,6.12323399573677E-17,-1.));
#644=FACE_BOUND('',#645,.T.);
#645=EDGE_LOOP('',(#3683,#3684,#3685,#3686));
#646=PLANE('',#647);
#647=AXIS2_PLACEMENT_3D('',#648,#649,#650);
#648=CARTESIAN_POINT('',(-10.85,1.2,6.35455173280958));
#649=DIRECTION('',(-1.,5.47382212626882E-48,-5.39778999686616E-16));
#650=DIRECTION('',(-5.39778999686616E-16,-6.7472374960827E-17,1.));
#651=FACE_BOUND('',#652,.T.);
#652=EDGE_LOOP('',(#3687,#3688,#3689,#3690));
#653=PLANE('',#654);
#654=AXIS2_PLACEMENT_3D('',#655,#656,#657);
#655=CARTESIAN_POINT('',(-10.85,1.2,9.64544826719043));
#656=DIRECTION('',(-0.5,0.,0.866025403784439));
#657=DIRECTION('',(0.866025403784439,0.,0.5));
#658=FACE_BOUND('',#659,.T.);
#659=EDGE_LOOP('',(#3691,#3692,#3693,#3694));
#660=PLANE('',#661);
#661=AXIS2_PLACEMENT_3D('',#662,#663,#664);
#662=CARTESIAN_POINT('',(-8.,1.2,11.2908965343809));
#663=DIRECTION('',(0.499999999999988,0.,0.866025403784445));
#664=DIRECTION('',(0.866025403784445,0.,-0.499999999999988));
#665=FACE_BOUND('',#666,.T.);
#666=EDGE_LOOP('',(#3695,#3696,#3697,#3698));
#667=PLANE('',#668);
#668=AXIS2_PLACEMENT_3D('',#669,#670,#671);
#669=CARTESIAN_POINT('',(-5.14999999999994,1.2,9.64544826719045));
#670=DIRECTION('',(1.,1.75162308040602E-46,-1.72729279899717E-14));
#671=DIRECTION('',(-1.72729279899717E-14,6.7472374960827E-17,-1.));
#672=FACE_BOUND('',#673,.T.);
#673=EDGE_LOOP('',(#3699,#3700,#3701,#3702));
#674=PLANE('',#675);
#675=AXIS2_PLACEMENT_3D('',#676,#677,#678);
#676=CARTESIAN_POINT('',(-5.15,1.2,6.35455173280959));
#677=DIRECTION('',(0.500000000000012,0.,-0.866025403784432));
#678=DIRECTION('',(-0.866025403784432,0.,-0.500000000000012));
#679=FACE_BOUND('',#680,.T.);
#680=EDGE_LOOP('',(#3703,#3704,#3705,#3706));
#681=PLANE('',#682);
#682=AXIS2_PLACEMENT_3D('',#683,#684,#685);
#683=CARTESIAN_POINT('',(-7.99999999999997,1.2,4.70910346561912));
#684=DIRECTION('',(-0.500000000000001,0.,-0.866025403784438));
#685=DIRECTION('',(-0.866025403784438,0.,0.500000000000001));
#686=FACE_BOUND('',#687,.T.);
#687=EDGE_LOOP('',(#3707,#3708,#3709,#3710,#3711,#3712));
#688=FACE_BOUND('',#689,.T.);
#689=EDGE_LOOP('',(#3713));
#690=PLANE('',#691);
#691=AXIS2_PLACEMENT_3D('',#692,#693,#694);
#692=CARTESIAN_POINT('',(1.77635683940025E-15,1.2,-30.));
#693=DIRECTION('',(0.,1.,6.12323399573677E-17));
#694=DIRECTION('',(6.12323399573677E-17,6.12323399573677E-17,-1.));
#695=FACE_BOUND('',#696,.T.);
#696=EDGE_LOOP('',(#3714,#3715,#3716,#3717));
#697=PLANE('',#698);
#698=AXIS2_PLACEMENT_3D('',#699,#700,#701);
#699=CARTESIAN_POINT('',(-10.85,1.2,-9.64544826719042));
#700=DIRECTION('',(-1.,5.47382212626882E-48,-5.39778999686616E-16));
#701=DIRECTION('',(-5.39778999686616E-16,-6.7472374960827E-17,1.));
#702=FACE_BOUND('',#703,.T.);
#703=EDGE_LOOP('',(#3718,#3719,#3720,#3721));
#704=PLANE('',#705);
#705=AXIS2_PLACEMENT_3D('',#706,#707,#708);
#706=CARTESIAN_POINT('',(-10.85,1.2,-6.35455173280957));
#707=DIRECTION('',(-0.5,0.,0.866025403784439));
#708=DIRECTION('',(0.866025403784439,0.,0.5));
#709=FACE_BOUND('',#710,.T.);
#710=EDGE_LOOP('',(#3722,#3723,#3724,#3725));
#711=PLANE('',#712);
#712=AXIS2_PLACEMENT_3D('',#713,#714,#715);
#713=CARTESIAN_POINT('',(-8.,1.2,-4.70910346561914));
#714=DIRECTION('',(0.499999999999988,0.,0.866025403784445));
#715=DIRECTION('',(0.866025403784445,0.,-0.499999999999988));
#716=FACE_BOUND('',#717,.T.);
#717=EDGE_LOOP('',(#3726,#3727,#3728,#3729));
#718=PLANE('',#719);
#719=AXIS2_PLACEMENT_3D('',#720,#721,#722);
#720=CARTESIAN_POINT('',(-5.14999999999994,1.2,-6.35455173280955));
#721=DIRECTION('',(1.,1.75162308040602E-46,-1.72729279899717E-14));
#722=DIRECTION('',(-1.72729279899717E-14,6.7472374960827E-17,-1.));
#723=FACE_BOUND('',#724,.T.);
#724=EDGE_LOOP('',(#3730,#3731,#3732,#3733));
#725=PLANE('',#726);
#726=AXIS2_PLACEMENT_3D('',#727,#728,#729);
#727=CARTESIAN_POINT('',(-5.15,1.2,-9.64544826719041));
#728=DIRECTION('',(0.500000000000012,0.,-0.866025403784432));
#729=DIRECTION('',(-0.866025403784432,0.,-0.500000000000012));
#730=FACE_BOUND('',#731,.T.);
#731=EDGE_LOOP('',(#3734,#3735,#3736,#3737));
#732=PLANE('',#733);
#733=AXIS2_PLACEMENT_3D('',#734,#735,#736);
#734=CARTESIAN_POINT('',(-7.99999999999997,1.2,-11.2908965343809));
#735=DIRECTION('',(-0.500000000000001,0.,-0.866025403784438));
#736=DIRECTION('',(-0.866025403784438,0.,0.500000000000001));
#737=FACE_BOUND('',#738,.T.);
#738=EDGE_LOOP('',(#3738,#3739,#3740,#3741,#3742,#3743));
#739=FACE_BOUND('',#740,.T.);
#740=EDGE_LOOP('',(#3744));
#741=PLANE('',#742);
#742=AXIS2_PLACEMENT_3D('',#743,#744,#745);
#743=CARTESIAN_POINT('',(2.66453525910038E-15,1.2,-46.));
#744=DIRECTION('',(0.,1.,6.12323399573677E-17));
#745=DIRECTION('',(6.12323399573677E-17,6.12323399573677E-17,-1.));
#746=FACE_BOUND('',#747,.T.);
#747=EDGE_LOOP('',(#3745,#3746,#3747,#3748));
#748=PLANE('',#749);
#749=AXIS2_PLACEMENT_3D('',#750,#751,#752);
#750=CARTESIAN_POINT('',(5.15,1.2,-9.64544826719042));
#751=DIRECTION('',(-1.,5.47382212626882E-48,-5.39778999686616E-16));
#752=DIRECTION('',(-5.39778999686616E-16,-6.7472374960827E-17,1.));
#753=FACE_BOUND('',#754,.T.);
#754=EDGE_LOOP('',(#3749,#3750,#3751,#3752));
#755=PLANE('',#756);
#756=AXIS2_PLACEMENT_3D('',#757,#758,#759);
#757=CARTESIAN_POINT('',(5.15,1.2,-6.35455173280957));
#758=DIRECTION('',(-0.5,0.,0.866025403784439));
#759=DIRECTION('',(0.866025403784439,0.,0.5));
#760=FACE_BOUND('',#761,.T.);
#761=EDGE_LOOP('',(#3753,#3754,#3755,#3756));
#762=PLANE('',#763);
#763=AXIS2_PLACEMENT_3D('',#764,#765,#766);
#764=CARTESIAN_POINT('',(8.,1.2,-4.70910346561914));
#765=DIRECTION('',(0.499999999999988,0.,0.866025403784445));
#766=DIRECTION('',(0.866025403784445,0.,-0.499999999999988));
#767=FACE_BOUND('',#768,.T.);
#768=EDGE_LOOP('',(#3757,#3758,#3759,#3760));
#769=PLANE('',#770);
#770=AXIS2_PLACEMENT_3D('',#771,#772,#773);
#771=CARTESIAN_POINT('',(10.8500000000001,1.2,-6.35455173280955));
#772=DIRECTION('',(1.,1.75162308040602E-46,-1.72729279899717E-14));
#773=DIRECTION('',(-1.72729279899717E-14,6.7472374960827E-17,-1.));
#774=FACE_BOUND('',#775,.T.);
#775=EDGE_LOOP('',(#3761,#3762,#3763,#3764));
#776=PLANE('',#777);
#777=AXIS2_PLACEMENT_3D('',#778,#779,#780);
#778=CARTESIAN_POINT('',(10.85,1.2,-9.64544826719041));
#779=DIRECTION('',(0.500000000000012,0.,-0.866025403784432));
#780=DIRECTION('',(-0.866025403784432,0.,-0.500000000000012));
#781=FACE_BOUND('',#782,.T.);
#782=EDGE_LOOP('',(#3765,#3766,#3767,#3768));
#783=PLANE('',#784);
#784=AXIS2_PLACEMENT_3D('',#785,#786,#787);
#785=CARTESIAN_POINT('',(8.00000000000003,1.2,-11.2908965343809));
#786=DIRECTION('',(-0.500000000000001,0.,-0.866025403784438));
#787=DIRECTION('',(-0.866025403784438,0.,0.500000000000001));
#788=FACE_BOUND('',#789,.T.);
#789=EDGE_LOOP('',(#3769,#3770,#3771,#3772,#3773,#3774));
#790=FACE_BOUND('',#791,.T.);
#791=EDGE_LOOP('',(#3775));
#792=PLANE('',#793);
#793=AXIS2_PLACEMENT_3D('',#794,#795,#796);
#794=CARTESIAN_POINT('',(16.,1.2,-46.));
#795=DIRECTION('',(0.,1.,6.12323399573677E-17));
#796=DIRECTION('',(6.12323399573677E-17,6.12323399573677E-17,-1.));
#797=FACE_BOUND('',#798,.T.);
#798=EDGE_LOOP('',(#3776,#3777,#3778,#3779));
#799=PLANE('',#800);
#800=AXIS2_PLACEMENT_3D('',#801,#802,#803);
#801=CARTESIAN_POINT('',(5.15,1.2,6.35455173280958));
#802=DIRECTION('',(-1.,5.47382212626882E-48,-5.39778999686616E-16));
#803=DIRECTION('',(-5.39778999686616E-16,-6.7472374960827E-17,1.));
#804=FACE_BOUND('',#805,.T.);
#805=EDGE_LOOP('',(#3780,#3781,#3782,#3783));
#806=PLANE('',#807);
#807=AXIS2_PLACEMENT_3D('',#808,#809,#810);
#808=CARTESIAN_POINT('',(5.15,1.2,9.64544826719043));
#809=DIRECTION('',(-0.5,0.,0.866025403784439));
#810=DIRECTION('',(0.866025403784439,0.,0.5));
#811=FACE_BOUND('',#812,.T.);
#812=EDGE_LOOP('',(#3784,#3785,#3786,#3787));
#813=PLANE('',#814);
#814=AXIS2_PLACEMENT_3D('',#815,#816,#817);
#815=CARTESIAN_POINT('',(8.,1.2,11.2908965343809));
#816=DIRECTION('',(0.499999999999988,0.,0.866025403784445));
#817=DIRECTION('',(0.866025403784445,0.,-0.499999999999988));
#818=FACE_BOUND('',#819,.T.);
#819=EDGE_LOOP('',(#3788,#3789,#3790,#3791));
#820=PLANE('',#821);
#821=AXIS2_PLACEMENT_3D('',#822,#823,#824);
#822=CARTESIAN_POINT('',(10.8500000000001,1.2,9.64544826719045));
#823=DIRECTION('',(1.,1.75162308040602E-46,-1.72729279899717E-14));
#824=DIRECTION('',(-1.72729279899717E-14,6.7472374960827E-17,-1.));
#825=FACE_BOUND('',#826,.T.);
#826=EDGE_LOOP('',(#3792,#3793,#3794,#3795));
#827=PLANE('',#828);
#828=AXIS2_PLACEMENT_3D('',#829,#830,#831);
#829=CARTESIAN_POINT('',(10.85,1.2,6.35455173280959));
#830=DIRECTION('',(0.500000000000012,0.,-0.866025403784432));
#831=DIRECTION('',(-0.866025403784432,0.,-0.500000000000012));
#832=FACE_BOUND('',#833,.T.);
#833=EDGE_LOOP('',(#3796,#3797,#3798,#3799));
#834=PLANE('',#835);
#835=AXIS2_PLACEMENT_3D('',#836,#837,#838);
#836=CARTESIAN_POINT('',(8.00000000000003,1.2,4.70910346561912));
#837=DIRECTION('',(-0.500000000000001,0.,-0.866025403784438));
#838=DIRECTION('',(-0.866025403784438,0.,0.500000000000001));
#839=FACE_BOUND('',#840,.T.);
#840=EDGE_LOOP('',(#3800,#3801,#3802,#3803,#3804,#3805));
#841=FACE_BOUND('',#842,.T.);
#842=EDGE_LOOP('',(#3806));
#843=PLANE('',#844);
#844=AXIS2_PLACEMENT_3D('',#845,#846,#847);
#845=CARTESIAN_POINT('',(16.,1.2,-30.));
#846=DIRECTION('',(0.,1.,6.12323399573677E-17));
#847=DIRECTION('',(6.12323399573677E-17,6.12323399573677E-17,-1.));
#848=FACE_BOUND('',#849,.T.);
#849=EDGE_LOOP('',(#3807,#3808,#3809,#3810));
#850=PLANE('',#851);
#851=AXIS2_PLACEMENT_3D('',#852,#853,#854);
#852=CARTESIAN_POINT('',(-10.85,1.2,20.3545517328096));
#853=DIRECTION('',(-1.,5.47382212626882E-48,-5.39778999686616E-16));
#854=DIRECTION('',(-5.39778999686616E-16,-6.7472374960827E-17,1.));
#855=FACE_BOUND('',#856,.T.);
#856=EDGE_LOOP('',(#3811,#3812,#3813,#3814));
#857=PLANE('',#858);
#858=AXIS2_PLACEMENT_3D('',#859,#860,#861);
#859=CARTESIAN_POINT('',(-10.85,1.2,23.6454482671904));
#860=DIRECTION('',(-0.5,0.,0.866025403784439));
#861=DIRECTION('',(0.866025403784439,0.,0.5));
#862=FACE_BOUND('',#863,.T.);
#863=EDGE_LOOP('',(#3815,#3816,#3817,#3818));
#864=PLANE('',#865);
#865=AXIS2_PLACEMENT_3D('',#866,#867,#868);
#866=CARTESIAN_POINT('',(-8.,1.2,25.2908965343809));
#867=DIRECTION('',(0.499999999999988,0.,0.866025403784445));
#868=DIRECTION('',(0.866025403784445,0.,-0.499999999999988));
#869=FACE_BOUND('',#870,.T.);
#870=EDGE_LOOP('',(#3819,#3820,#3821,#3822));
#871=PLANE('',#872);
#872=AXIS2_PLACEMENT_3D('',#873,#874,#875);
#873=CARTESIAN_POINT('',(-5.14999999999994,1.2,23.6454482671904));
#874=DIRECTION('',(1.,1.75162308040602E-46,-1.72729279899717E-14));
#875=DIRECTION('',(-1.72729279899717E-14,6.7472374960827E-17,-1.));
#876=FACE_BOUND('',#877,.T.);
#877=EDGE_LOOP('',(#3823,#3824,#3825,#3826));
#878=PLANE('',#879);
#879=AXIS2_PLACEMENT_3D('',#880,#881,#882);
#880=CARTESIAN_POINT('',(-5.15,1.2,20.3545517328096));
#881=DIRECTION('',(0.500000000000012,0.,-0.866025403784432));
#882=DIRECTION('',(-0.866025403784432,0.,-0.500000000000012));
#883=FACE_BOUND('',#884,.T.);
#884=EDGE_LOOP('',(#3827,#3828,#3829,#3830));
#885=PLANE('',#886);
#886=AXIS2_PLACEMENT_3D('',#887,#888,#889);
#887=CARTESIAN_POINT('',(-7.99999999999997,1.2,18.7091034656191));
#888=DIRECTION('',(-0.500000000000001,0.,-0.866025403784438));
#889=DIRECTION('',(-0.866025403784438,0.,0.500000000000001));
#890=FACE_BOUND('',#891,.T.);
#891=EDGE_LOOP('',(#3831,#3832,#3833,#3834,#3835,#3836));
#892=FACE_BOUND('',#893,.T.);
#893=EDGE_LOOP('',(#3837));
#894=PLANE('',#895);
#895=AXIS2_PLACEMENT_3D('',#896,#897,#898);
#896=CARTESIAN_POINT('',(0.,1.2,-16.));
#897=DIRECTION('',(0.,1.,6.12323399573677E-17));
#898=DIRECTION('',(6.12323399573677E-17,6.12323399573677E-17,-1.));
#899=FACE_BOUND('',#900,.T.);
#900=EDGE_LOOP('',(#3838,#3839,#3840,#3841));
#901=PLANE('',#902);
#902=AXIS2_PLACEMENT_3D('',#903,#904,#905);
#903=CARTESIAN_POINT('',(5.15,1.2,20.3545517328096));
#904=DIRECTION('',(-1.,5.47382212626882E-48,-5.39778999686616E-16));
#905=DIRECTION('',(-5.39778999686616E-16,-6.7472374960827E-17,1.));
#906=FACE_BOUND('',#907,.T.);
#907=EDGE_LOOP('',(#3842,#3843,#3844,#3845));
#908=PLANE('',#909);
#909=AXIS2_PLACEMENT_3D('',#910,#911,#912);
#910=CARTESIAN_POINT('',(5.15,1.2,23.6454482671904));
#911=DIRECTION('',(-0.5,0.,0.866025403784439));
#912=DIRECTION('',(0.866025403784439,0.,0.5));
#913=FACE_BOUND('',#914,.T.);
#914=EDGE_LOOP('',(#3846,#3847,#3848,#3849));
#915=PLANE('',#916);
#916=AXIS2_PLACEMENT_3D('',#917,#918,#919);
#917=CARTESIAN_POINT('',(8.,1.2,25.2908965343809));
#918=DIRECTION('',(0.499999999999988,0.,0.866025403784445));
#919=DIRECTION('',(0.866025403784445,0.,-0.499999999999988));
#920=FACE_BOUND('',#921,.T.);
#921=EDGE_LOOP('',(#3850,#3851,#3852,#3853));
#922=PLANE('',#923);
#923=AXIS2_PLACEMENT_3D('',#924,#925,#926);
#924=CARTESIAN_POINT('',(10.8500000000001,1.2,23.6454482671904));
#925=DIRECTION('',(1.,1.75162308040602E-46,-1.72729279899717E-14));
#926=DIRECTION('',(-1.72729279899717E-14,6.7472374960827E-17,-1.));
#927=FACE_BOUND('',#928,.T.);
#928=EDGE_LOOP('',(#3854,#3855,#3856,#3857));
#929=PLANE('',#930);
#930=AXIS2_PLACEMENT_3D('',#931,#932,#933);
#931=CARTESIAN_POINT('',(10.85,1.2,20.3545517328096));
#932=DIRECTION('',(0.500000000000012,0.,-0.866025403784432));
#933=DIRECTION('',(-0.866025403784432,0.,-0.500000000000012));
#934=FACE_BOUND('',#935,.T.);
#935=EDGE_LOOP('',(#3858,#3859,#3860,#3861));
#936=PLANE('',#937);
#937=AXIS2_PLACEMENT_3D('',#938,#939,#940);
#938=CARTESIAN_POINT('',(8.00000000000003,1.2,18.7091034656191));
#939=DIRECTION('',(-0.500000000000001,0.,-0.866025403784438));
#940=DIRECTION('',(-0.866025403784438,0.,0.500000000000001));
#941=FACE_BOUND('',#942,.T.);
#942=EDGE_LOOP('',(#3862,#3863,#3864,#3865,#3866,#3867));
#943=FACE_BOUND('',#944,.T.);
#944=EDGE_LOOP('',(#3868));
#945=PLANE('',#946);
#946=AXIS2_PLACEMENT_3D('',#947,#948,#949);
#947=CARTESIAN_POINT('',(16.,1.2,-16.));
#948=DIRECTION('',(0.,1.,6.12323399573677E-17));
#949=DIRECTION('',(6.12323399573677E-17,6.12323399573677E-17,-1.));
#950=FACE_BOUND('',#951,.T.);
#951=EDGE_LOOP('',(#3869,#3870,#3871,#3872));
#952=PLANE('',#953);
#953=AXIS2_PLACEMENT_3D('',#954,#955,#956);
#954=CARTESIAN_POINT('',(5.15,1.2,36.3545517328096));
#955=DIRECTION('',(-1.,5.47382212626882E-48,-5.39778999686616E-16));
#956=DIRECTION('',(-5.39778999686616E-16,-6.7472374960827E-17,1.));
#957=FACE_BOUND('',#958,.T.);
#958=EDGE_LOOP('',(#3873,#3874,#3875,#3876));
#959=PLANE('',#960);
#960=AXIS2_PLACEMENT_3D('',#961,#962,#963);
#961=CARTESIAN_POINT('',(5.15,1.2,39.6454482671904));
#962=DIRECTION('',(-0.5,0.,0.866025403784439));
#963=DIRECTION('',(0.866025403784439,0.,0.5));
#964=FACE_BOUND('',#965,.T.);
#965=EDGE_LOOP('',(#3877,#3878,#3879,#3880));
#966=PLANE('',#967);
#967=AXIS2_PLACEMENT_3D('',#968,#969,#970);
#968=CARTESIAN_POINT('',(7.99999999999999,1.2,41.2908965343809));
#969=DIRECTION('',(0.499999999999988,0.,0.866025403784445));
#970=DIRECTION('',(0.866025403784445,0.,-0.499999999999988));
#971=FACE_BOUND('',#972,.T.);
#972=EDGE_LOOP('',(#3881,#3882,#3883,#3884));
#973=PLANE('',#974);
#974=AXIS2_PLACEMENT_3D('',#975,#976,#977);
#975=CARTESIAN_POINT('',(10.8500000000001,1.2,39.6454482671904));
#976=DIRECTION('',(1.,1.75162308040602E-46,-1.72729279899717E-14));
#977=DIRECTION('',(-1.72729279899717E-14,6.7472374960827E-17,-1.));
#978=FACE_BOUND('',#979,.T.);
#979=EDGE_LOOP('',(#3885,#3886,#3887,#3888));
#980=PLANE('',#981);
#981=AXIS2_PLACEMENT_3D('',#982,#983,#984);
#982=CARTESIAN_POINT('',(10.85,1.2,36.3545517328096));
#983=DIRECTION('',(0.500000000000012,0.,-0.866025403784432));
#984=DIRECTION('',(-0.866025403784432,0.,-0.500000000000012));
#985=FACE_BOUND('',#986,.T.);
#986=EDGE_LOOP('',(#3889,#3890,#3891,#3892));
#987=PLANE('',#988);
#988=AXIS2_PLACEMENT_3D('',#989,#990,#991);
#989=CARTESIAN_POINT('',(8.00000000000003,1.2,34.7091034656191));
#990=DIRECTION('',(-0.500000000000001,0.,-0.866025403784438));
#991=DIRECTION('',(-0.866025403784438,0.,0.500000000000001));
#992=FACE_BOUND('',#993,.T.);
#993=EDGE_LOOP('',(#3893,#3894,#3895,#3896,#3897,#3898));
#994=FACE_BOUND('',#995,.T.);
#995=EDGE_LOOP('',(#3899));
#996=PLANE('',#997);
#997=AXIS2_PLACEMENT_3D('',#998,#999,#1000);
#998=CARTESIAN_POINT('',(16.,1.2,7.34788079488412E-17));
#999=DIRECTION('',(0.,1.,6.12323399573677E-17));
#1000=DIRECTION('',(6.12323399573677E-17,6.12323399573677E-17,-1.));
#1001=FACE_BOUND('',#1002,.T.);
#1002=EDGE_LOOP('',(#3900,#3901,#3902,#3903,#3904,#3905,#3906,#3907,#3908,#3909));
#1003=FACE_BOUND('',#1004,.T.);
#1004=EDGE_LOOP('',(#3910));
#1005=PLANE('',#1006);
#1006=AXIS2_PLACEMENT_3D('',#1007,#1008,#1009);
#1007=CARTESIAN_POINT('',(0.,0.,0.));
#1008=DIRECTION('',(0.,1.,6.12323399573677E-17));
#1009=DIRECTION('',(6.12323399573677E-17,6.12323399573677E-17,-1.));
#1010=FACE_BOUND('',#1011,.T.);
#1011=EDGE_LOOP('',(#3911,#3912,#3913,#3914));
#1012=PLANE('',#1013);
#1013=AXIS2_PLACEMENT_3D('',#1014,#1015,#1016);
#1014=CARTESIAN_POINT('',(9.,-1.,39.));
#1015=DIRECTION('',(1.,0.,0.));
#1016=DIRECTION('',(0.,6.16790569236198E-17,-1.));
#1017=FACE_BOUND('',#1018,.T.);
#1018=EDGE_LOOP('',(#3915,#3916,#3917,#3918,#3919,#3920,#3921,#3922));
#1019=FACE_BOUND('',#1020,.T.);
#1020=EDGE_LOOP('',(#3923,#3924,#3925,#3926,#3927,#3928,#3929,#3930,#3931,#3932));
#1021=FACE_BOUND('',#1022,.T.);
#1022=EDGE_LOOP('',(#3933,#3934,#3935,#3936,#3937,#3938,#3939,#3940,#3941,#3942));
#1023=FACE_BOUND('',#1024,.T.);
#1024=EDGE_LOOP('',(#3943,#3944,#3945,#3946,#3947,#3948,#3949,#3950,#3951,#3952));
#1025=FACE_BOUND('',#1026,.T.);
#1026=EDGE_LOOP('',(#3953));
#1027=FACE_BOUND('',#1028,.T.);
#1028=EDGE_LOOP('',(#3954));
#1029=FACE_BOUND('',#1030,.T.);
#1030=EDGE_LOOP('',(#3955));
#1031=FACE_BOUND('',#1032,.T.);
#1032=EDGE_LOOP('',(#3956));
#1033=FACE_BOUND('',#1034,.T.);
#1034=EDGE_LOOP('',(#3957));
#1035=PLANE('',#1036);
#1036=AXIS2_PLACEMENT_3D('',#1037,#1038,#1039);
#1037=CARTESIAN_POINT('',(0.,-1.,-6.12323399573677E-17));
#1038=DIRECTION('',(0.,1.,6.12323399573677E-17));
#1039=DIRECTION('',(6.12323399573677E-17,6.12323399573677E-17,-1.));
#1040=FACE_BOUND('',#1041,.T.);
#1041=EDGE_LOOP('',(#3958,#3959,#3960,#3961));
#1042=PLANE('',#1043);
#1043=AXIS2_PLACEMENT_3D('',#1044,#1045,#1046);
#1044=CARTESIAN_POINT('',(-9.,-1.,39.));
#1045=DIRECTION('',(0.,0.,1.));
#1046=DIRECTION('',(1.,0.,0.));
#1047=FACE_BOUND('',#1048,.T.);
#1048=EDGE_LOOP('',(#3962,#3963,#3964,#3965));
#1049=PLANE('',#1050);
#1050=AXIS2_PLACEMENT_3D('',#1051,#1052,#1053);
#1051=CARTESIAN_POINT('',(9.,-1.,21.));
#1052=DIRECTION('',(0.,0.,-1.));
#1053=DIRECTION('',(-1.,0.,0.));
#1054=FACE_BOUND('',#1055,.T.);
#1055=EDGE_LOOP('',(#3966,#3967,#3968,#3969));
#1056=PLANE('',#1057);
#1057=AXIS2_PLACEMENT_3D('',#1058,#1059,#1060);
#1058=CARTESIAN_POINT('',(-9.,-1.,21.));
#1059=DIRECTION('',(-1.,0.,0.));
#1060=DIRECTION('',(0.,-6.16790569236198E-17,1.));
#1061=FACE_BOUND('',#1062,.T.);
#1062=EDGE_LOOP('',(#3970,#3971,#3972,#3973,#3974,#3975,#3976,#3977,#3978,#3979));
#1063=FACE_BOUND('',#1064,.T.);
#1064=EDGE_LOOP('',(#3980));
#1065=PLANE('',#1066);
#1066=AXIS2_PLACEMENT_3D('',#1067,#1068,#1069);
#1067=CARTESIAN_POINT('',(0.,0.,0.));
#1068=DIRECTION('',(0.,1.,6.12323399573677E-17));
#1069=DIRECTION('',(6.12323399573677E-17,6.12323399573677E-17,-1.));
#1070=FACE_BOUND('',#1071,.T.);
#1071=EDGE_LOOP('',(#3981,#3982,#3983,#3984));
#1072=PLANE('',#1073);
#1073=AXIS2_PLACEMENT_3D('',#1074,#1075,#1076);
#1074=CARTESIAN_POINT('',(9.,-1.,9.));
#1075=DIRECTION('',(1.,0.,0.));
#1076=DIRECTION('',(0.,5.55111512312578E-17,-1.));
#1077=FACE_BOUND('',#1078,.T.);
#1078=EDGE_LOOP('',(#3985,#3986,#3987,#3988));
#1079=PLANE('',#1080);
#1080=AXIS2_PLACEMENT_3D('',#1081,#1082,#1083);
#1081=CARTESIAN_POINT('',(-9.,-1.,9.));
#1082=DIRECTION('',(0.,0.,1.));
#1083=DIRECTION('',(1.,0.,0.));
#1084=FACE_BOUND('',#1085,.T.);
#1085=EDGE_LOOP('',(#3989,#3990,#3991,#3992));
#1086=PLANE('',#1087);
#1087=AXIS2_PLACEMENT_3D('',#1088,#1089,#1090);
#1088=CARTESIAN_POINT('',(9.,-0.999999999999999,-9.));
#1089=DIRECTION('',(0.,0.,-1.));
#1090=DIRECTION('',(-1.,0.,0.));
#1091=FACE_BOUND('',#1092,.T.);
#1092=EDGE_LOOP('',(#3993,#3994,#3995,#3996));
#1093=PLANE('',#1094);
#1094=AXIS2_PLACEMENT_3D('',#1095,#1096,#1097);
#1095=CARTESIAN_POINT('',(-9.,-0.999999999999999,-9.));
#1096=DIRECTION('',(-1.,0.,-9.86864910777917E-17));
#1097=DIRECTION('',(-9.86864910777917E-17,-5.55111512312578E-17,1.));
#1098=FACE_BOUND('',#1099,.T.);
#1099=EDGE_LOOP('',(#3997,#3998,#3999,#4000,#4001,#4002,#4003,#4004,#4005,#4006));
#1100=FACE_BOUND('',#1101,.T.);
#1101=EDGE_LOOP('',(#4007));
#1102=PLANE('',#1103);
#1103=AXIS2_PLACEMENT_3D('',#1104,#1105,#1106);
#1104=CARTESIAN_POINT('',(0.,0.,0.));
#1105=DIRECTION('',(0.,1.,6.12323399573677E-17));
#1106=DIRECTION('',(6.12323399573677E-17,6.12323399573677E-17,-1.));
#1107=FACE_BOUND('',#1108,.T.);
#1108=EDGE_LOOP('',(#4008,#4009,#4010,#4011));
#1109=PLANE('',#1110);
#1110=AXIS2_PLACEMENT_3D('',#1111,#1112,#1113);
#1111=CARTESIAN_POINT('',(9.,-0.999999999999999,-21.));
#1112=DIRECTION('',(1.,0.,0.));
#1113=DIRECTION('',(0.,6.16790569236198E-17,-1.));
#1114=FACE_BOUND('',#1115,.T.);
#1115=EDGE_LOOP('',(#4012,#4013,#4014,#4015));
#1116=PLANE('',#1117);
#1117=AXIS2_PLACEMENT_3D('',#1118,#1119,#1120);
#1118=CARTESIAN_POINT('',(-9.,-0.999999999999999,-21.));
#1119=DIRECTION('',(0.,0.,1.));
#1120=DIRECTION('',(1.,0.,0.));
#1121=FACE_BOUND('',#1122,.T.);
#1122=EDGE_LOOP('',(#4016,#4017,#4018,#4019));
#1123=PLANE('',#1124);
#1124=AXIS2_PLACEMENT_3D('',#1125,#1126,#1127);
#1125=CARTESIAN_POINT('',(-9.,-0.999999999999998,-39.));
#1126=DIRECTION('',(-1.,0.,0.));
#1127=DIRECTION('',(0.,-6.16790569236198E-17,1.));
#1128=FACE_BOUND('',#1129,.T.);
#1129=EDGE_LOOP('',(#4020,#4021,#4022,#4023));
#1130=PLANE('',#1131);
#1131=AXIS2_PLACEMENT_3D('',#1132,#1133,#1134);
#1132=CARTESIAN_POINT('',(9.,-0.999999999999998,-39.));
#1133=DIRECTION('',(0.,0.,-1.));
#1134=DIRECTION('',(-1.,0.,0.));
#1135=FACE_BOUND('',#1136,.T.);
#1136=EDGE_LOOP('',(#4024,#4025,#4026,#4027));
#1137=PLANE('',#1138);
#1138=AXIS2_PLACEMENT_3D('',#1139,#1140,#1141);
#1139=CARTESIAN_POINT('',(14.,-2.69422295812418E-15,44.));
#1140=DIRECTION('',(1.,0.,8.07434927000114E-17));
#1141=DIRECTION('',(8.07434927000114E-17,6.12323399573677E-17,-1.));
#1142=FACE_BOUND('',#1143,.T.);
#1143=EDGE_LOOP('',(#4028,#4029,#4030,#4031));
#1144=PLANE('',#1145);
#1145=AXIS2_PLACEMENT_3D('',#1146,#1147,#1148);
#1146=CARTESIAN_POINT('',(14.,2.69422295812418E-15,-44.));
#1147=DIRECTION('',(0.,0.,-1.));
#1148=DIRECTION('',(-1.,0.,0.));
#1149=FACE_BOUND('',#1150,.T.);
#1150=EDGE_LOOP('',(#4032,#4033,#4034,#4035));
#1151=PLANE('',#1152);
#1152=AXIS2_PLACEMENT_3D('',#1153,#1154,#1155);
#1153=CARTESIAN_POINT('',(-30.,2.69422295812418E-15,-44.));
#1154=DIRECTION('',(-1.,0.,-8.07434927000114E-17));
#1155=DIRECTION('',(-8.07434927000114E-17,-6.12323399573677E-17,1.));
#1156=FACE_BOUND('',#1157,.T.);
#1157=EDGE_LOOP('',(#4036,#4037,#4038,#4039));
#1158=PLANE('',#1159);
#1159=AXIS2_PLACEMENT_3D('',#1160,#1161,#1162);
#1160=CARTESIAN_POINT('',(-30.,-2.69422295812418E-15,44.));
#1161=DIRECTION('',(0.,0.,1.));
#1162=DIRECTION('',(1.,0.,0.));
#1163=FACE_BOUND('',#1164,.T.);
#1164=EDGE_LOOP('',(#4040,#4041,#4042,#4043));
#1165=PLANE('',#1166);
#1166=AXIS2_PLACEMENT_3D('',#1167,#1168,#1169);
#1167=CARTESIAN_POINT('',(-7.99999999999997,1.2,34.7091034656191));
#1168=DIRECTION('',(-0.500000000000001,0.,-0.866025403784438));
#1169=DIRECTION('',(-0.866025403784438,0.,0.500000000000001));
#1170=FACE_BOUND('',#1171,.T.);
#1171=EDGE_LOOP('',(#4044,#4045,#4046,#4047));
#1172=PLANE('',#1173);
#1173=AXIS2_PLACEMENT_3D('',#1174,#1175,#1176);
#1174=CARTESIAN_POINT('',(-5.15,1.2,36.3545517328096));
#1175=DIRECTION('',(0.500000000000012,0.,-0.866025403784432));
#1176=DIRECTION('',(-0.866025403784432,0.,-0.500000000000012));
#1177=FACE_BOUND('',#1178,.T.);
#1178=EDGE_LOOP('',(#4048,#4049,#4050,#4051));
#1179=PLANE('',#1180);
#1180=AXIS2_PLACEMENT_3D('',#1181,#1182,#1183);
#1181=CARTESIAN_POINT('',(-5.14999999999994,1.2,39.6454482671904));
#1182=DIRECTION('',(1.,1.75162308040602E-46,-1.72729279899717E-14));
#1183=DIRECTION('',(-1.72729279899717E-14,6.7472374960827E-17,-1.));
#1184=FACE_BOUND('',#1185,.T.);
#1185=EDGE_LOOP('',(#4052,#4053,#4054,#4055));
#1186=PLANE('',#1187);
#1187=AXIS2_PLACEMENT_3D('',#1188,#1189,#1190);
#1188=CARTESIAN_POINT('',(-8.,1.2,41.2908965343809));
#1189=DIRECTION('',(0.499999999999988,0.,0.866025403784445));
#1190=DIRECTION('',(0.866025403784445,0.,-0.499999999999988));
#1191=FACE_BOUND('',#1192,.T.);
#1192=EDGE_LOOP('',(#4056,#4057,#4058,#4059));
#1193=PLANE('',#1194);
#1194=AXIS2_PLACEMENT_3D('',#1195,#1196,#1197);
#1195=CARTESIAN_POINT('',(-10.85,1.2,39.6454482671904));
#1196=DIRECTION('',(-0.5,0.,0.866025403784439));
#1197=DIRECTION('',(0.866025403784439,0.,0.5));
#1198=FACE_BOUND('',#1199,.T.);
#1199=EDGE_LOOP('',(#4060,#4061,#4062,#4063));
#1200=PLANE('',#1201);
#1201=AXIS2_PLACEMENT_3D('',#1202,#1203,#1204);
#1202=CARTESIAN_POINT('',(-10.85,1.2,36.3545517328096));
#1203=DIRECTION('',(-1.,5.47382212626882E-48,-5.39778999686616E-16));
#1204=DIRECTION('',(-5.39778999686616E-16,-6.7472374960827E-17,1.));
#1205=FACE_OUTER_BOUND('',#1206,.T.);
#1206=EDGE_LOOP('',(#4064));
#1207=FACE_OUTER_BOUND('',#1208,.T.);
#1208=EDGE_LOOP('',(#4065));
#1209=CYLINDRICAL_SURFACE('',#1210,6.2);
#1210=AXIS2_PLACEMENT_3D('',#1211,#1212,#1213);
#1211=CARTESIAN_POINT('',(-20.,-1.83697019872103E-15,30.));
#1212=DIRECTION('',(0.,1.,6.12323399573677E-17));
#1213=DIRECTION('',(6.12323399573677E-17,6.12323399573677E-17,-1.));
#1214=FACE_OUTER_BOUND('',#1215,.T.);
#1215=EDGE_LOOP('',(#4066));
#1216=FACE_OUTER_BOUND('',#1217,.T.);
#1217=EDGE_LOOP('',(#4067));
#1218=CYLINDRICAL_SURFACE('',#1219,6.2);
#1219=AXIS2_PLACEMENT_3D('',#1220,#1221,#1222);
#1220=CARTESIAN_POINT('',(-20.,-9.18485099360515E-16,15.));
#1221=DIRECTION('',(0.,1.,6.12323399573677E-17));
#1222=DIRECTION('',(6.12323399573677E-17,6.12323399573677E-17,-1.));
#1223=FACE_OUTER_BOUND('',#1224,.T.);
#1224=EDGE_LOOP('',(#4068));
#1225=FACE_OUTER_BOUND('',#1226,.T.);
#1226=EDGE_LOOP('',(#4069));
#1227=CYLINDRICAL_SURFACE('',#1228,6.2);
#1228=AXIS2_PLACEMENT_3D('',#1229,#1230,#1231);
#1229=CARTESIAN_POINT('',(-20.,7.49879891330929E-32,-1.22464679914735E-15));
#1230=DIRECTION('',(0.,1.,6.12323399573677E-17));
#1231=DIRECTION('',(6.12323399573677E-17,6.12323399573677E-17,-1.));
#1232=FACE_OUTER_BOUND('',#1233,.T.);
#1233=EDGE_LOOP('',(#4070));
#1234=FACE_OUTER_BOUND('',#1235,.T.);
#1235=EDGE_LOOP('',(#4071));
#1236=CYLINDRICAL_SURFACE('',#1237,6.2);
#1237=AXIS2_PLACEMENT_3D('',#1238,#1239,#1240);
#1238=CARTESIAN_POINT('',(-20.,9.18485099360515E-16,-15.));
#1239=DIRECTION('',(0.,1.,6.12323399573677E-17));
#1240=DIRECTION('',(6.12323399573677E-17,6.12323399573677E-17,-1.));
#1241=FACE_OUTER_BOUND('',#1242,.T.);
#1242=EDGE_LOOP('',(#4072));
#1243=FACE_OUTER_BOUND('',#1244,.T.);
#1244=EDGE_LOOP('',(#4073));
#1245=CYLINDRICAL_SURFACE('',#1246,6.2);
#1246=AXIS2_PLACEMENT_3D('',#1247,#1248,#1249);
#1247=CARTESIAN_POINT('',(-20.,1.83697019872103E-15,-30.));
#1248=DIRECTION('',(0.,1.,6.12323399573677E-17));
#1249=DIRECTION('',(6.12323399573677E-17,6.12323399573677E-17,-1.));
#1250=FACE_OUTER_BOUND('',#1251,.T.);
#1251=EDGE_LOOP('',(#4074));
#1252=FACE_OUTER_BOUND('',#1253,.T.);
#1253=EDGE_LOOP('',(#4075));
#1254=CYLINDRICAL_SURFACE('',#1255,5.);
#1255=AXIS2_PLACEMENT_3D('',#1256,#1257,#1258);
#1256=CARTESIAN_POINT('',(-1.83697019872103E-15,2.4,30.));
#1257=DIRECTION('',(0.,1.,6.12323399573677E-17));
#1258=DIRECTION('',(6.12323399573677E-17,6.12323399573677E-17,-1.));
#1259=FACE_OUTER_BOUND('',#1260,.T.);
#1260=EDGE_LOOP('',(#4076));
#1261=FACE_OUTER_BOUND('',#1262,.T.);
#1262=EDGE_LOOP('',(#4077));
#1263=CYLINDRICAL_SURFACE('',#1264,5.);
#1264=AXIS2_PLACEMENT_3D('',#1265,#1266,#1267);
#1265=CARTESIAN_POINT('',(1.83697019872103E-15,2.4,-30.));
#1266=DIRECTION('',(0.,1.,6.12323399573677E-17));
#1267=DIRECTION('',(6.12323399573677E-17,6.12323399573677E-17,-1.));
#1268=FACE_OUTER_BOUND('',#1269,.T.);
#1269=EDGE_LOOP('',(#4078));
#1270=FACE_OUTER_BOUND('',#1271,.T.);
#1271=EDGE_LOOP('',(#4079));
#1272=CYLINDRICAL_SURFACE('',#1273,5.);
#1273=AXIS2_PLACEMENT_3D('',#1274,#1275,#1276);
#1274=CARTESIAN_POINT('',(0.,2.4,1.46957615897682E-16));
#1275=DIRECTION('',(0.,1.,6.12323399573677E-17));
#1276=DIRECTION('',(6.12323399573677E-17,6.12323399573677E-17,-1.));
#1277=FACE_BOUND('',#1278,.T.);
#1278=EDGE_LOOP('',(#4080,#4081,#4082,#4083,#4084));
#1279=FACE_OUTER_BOUND('',#1280,.T.);
#1280=EDGE_LOOP('',(#4085));
#1281=CYLINDRICAL_SURFACE('',#1282,1.7);
#1282=AXIS2_PLACEMENT_3D('',#1283,#1284,#1285);
#1283=CARTESIAN_POINT('',(-8.,-1.,38.));
#1284=DIRECTION('',(0.,1.,6.12323399573677E-17));
#1285=DIRECTION('',(6.12323399573677E-17,6.12323399573677E-17,-1.));
#1286=FACE_OUTER_BOUND('',#1287,.T.);
#1287=EDGE_LOOP('',(#4086));
#1288=FACE_OUTER_BOUND('',#1289,.T.);
#1289=EDGE_LOOP('',(#4087));
#1290=CYLINDRICAL_SURFACE('',#1291,7.);
#1291=AXIS2_PLACEMENT_3D('',#1292,#1293,#1294);
#1292=CARTESIAN_POINT('',(-1.83697019872103E-15,-1.83697019872103E-15,30.));
#1293=DIRECTION('',(0.,1.,6.12323399573677E-17));
#1294=DIRECTION('',(6.12323399573677E-17,6.12323399573677E-17,-1.));
#1295=FACE_OUTER_BOUND('',#1296,.T.);
#1296=EDGE_LOOP('',(#4088));
#1297=FACE_OUTER_BOUND('',#1298,.T.);
#1298=EDGE_LOOP('',(#4089));
#1299=CYLINDRICAL_SURFACE('',#1300,7.);
#1300=AXIS2_PLACEMENT_3D('',#1301,#1302,#1303);
#1301=CARTESIAN_POINT('',(0.,0.,0.));
#1302=DIRECTION('',(0.,1.,6.12323399573677E-17));
#1303=DIRECTION('',(6.12323399573677E-17,6.12323399573677E-17,-1.));
#1304=FACE_OUTER_BOUND('',#1305,.T.);
#1305=EDGE_LOOP('',(#4090));
#1306=FACE_OUTER_BOUND('',#1307,.T.);
#1307=EDGE_LOOP('',(#4091));
#1308=CYLINDRICAL_SURFACE('',#1309,7.);
#1309=AXIS2_PLACEMENT_3D('',#1310,#1311,#1312);
#1310=CARTESIAN_POINT('',(1.83697019872103E-15,1.83697019872103E-15,-30.));
#1311=DIRECTION('',(0.,1.,6.12323399573677E-17));
#1312=DIRECTION('',(6.12323399573677E-17,6.12323399573677E-17,-1.));
#1313=FACE_BOUND('',#1314,.T.);
#1314=EDGE_LOOP('',(#4092,#4093,#4094,#4095,#4096,#4097));
#1315=FACE_BOUND('',#1316,.T.);
#1316=EDGE_LOOP('',(#4098));
#1317=PLANE('',#1318);
#1318=AXIS2_PLACEMENT_3D('',#1319,#1320,#1321);
#1319=CARTESIAN_POINT('',(0.,1.2,7.34788079488412E-17));
#1320=DIRECTION('',(0.,1.,6.12323399573677E-17));
#1321=DIRECTION('',(6.12323399573677E-17,6.12323399573677E-17,-1.));
#1322=FACE_BOUND('',#1323,.T.);
#1323=EDGE_LOOP('',(#4099));
#1324=FACE_BOUND('',#1325,.T.);
#1325=EDGE_LOOP('',(#4100));
#1326=PLANE('',#1327);
#1327=AXIS2_PLACEMENT_3D('',#1328,#1329,#1330);
#1328=CARTESIAN_POINT('',(0.,2.4,1.46957615897682E-16));
#1329=DIRECTION('',(0.,1.,6.12323399573677E-17));
#1330=DIRECTION('',(6.12323399573677E-17,6.12323399573677E-17,-1.));
#1331=FACE_BOUND('',#1332,.T.);
#1332=EDGE_LOOP('',(#4101));
#1333=FACE_BOUND('',#1334,.T.);
#1334=EDGE_LOOP('',(#4102));
#1335=PLANE('',#1336);
#1336=AXIS2_PLACEMENT_3D('',#1337,#1338,#1339);
#1337=CARTESIAN_POINT('',(0.,2.4,1.46957615897682E-16));
#1338=DIRECTION('',(0.,1.,6.12323399573677E-17));
#1339=DIRECTION('',(6.12323399573677E-17,6.12323399573677E-17,-1.));
#1340=FACE_BOUND('',#1341,.T.);
#1341=EDGE_LOOP('',(#4103));
#1342=FACE_BOUND('',#1343,.T.);
#1343=EDGE_LOOP('',(#4104));
#1344=PLANE('',#1345);
#1345=AXIS2_PLACEMENT_3D('',#1346,#1347,#1348);
#1346=CARTESIAN_POINT('',(0.,2.4,1.46957615897682E-16));
#1347=DIRECTION('',(0.,1.,6.12323399573677E-17));
#1348=DIRECTION('',(6.12323399573677E-17,6.12323399573677E-17,-1.));
#1349=FACE_BOUND('',#1350,.T.);
#1350=EDGE_LOOP('',(#4105,#4106,#4107,#4108));
#1351=CYLINDRICAL_SURFACE('',#1352,6.);
#1352=AXIS2_PLACEMENT_3D('',#1353,#1354,#1355);
#1353=CARTESIAN_POINT('',(8.,-25.,-38.));
#1354=DIRECTION('',(0.,-1.,0.));
#1355=DIRECTION('',(0.,0.,-1.));
#1356=FACE_BOUND('',#1357,.T.);
#1357=EDGE_LOOP('',(#4109,#4110,#4111,#4112));
#1358=CYLINDRICAL_SURFACE('',#1359,6.);
#1359=AXIS2_PLACEMENT_3D('',#1360,#1361,#1362);
#1360=CARTESIAN_POINT('',(8.,-25.,38.));
#1361=DIRECTION('',(0.,-1.,0.));
#1362=DIRECTION('',(1.,0.,0.));
#1363=FACE_BOUND('',#1364,.T.);
#1364=EDGE_LOOP('',(#4113,#4114,#4115,#4116));
#1365=CYLINDRICAL_SURFACE('',#1366,6.);
#1366=AXIS2_PLACEMENT_3D('',#1367,#1368,#1369);
#1367=CARTESIAN_POINT('',(-24.,-25.,-38.));
#1368=DIRECTION('',(0.,-1.,0.));
#1369=DIRECTION('',(-1.,0.,0.));
#1370=FACE_BOUND('',#1371,.T.);
#1371=EDGE_LOOP('',(#4117,#4118,#4119,#4120));
#1372=CYLINDRICAL_SURFACE('',#1373,6.);
#1373=AXIS2_PLACEMENT_3D('',#1374,#1375,#1376);
#1374=CARTESIAN_POINT('',(-24.,-25.,38.));
#1375=DIRECTION('',(0.,-1.,0.));
#1376=DIRECTION('',(0.,0.,1.));
#1377=FACE_OUTER_BOUND('',#1378,.T.);
#1378=EDGE_LOOP('',(#4121));
#1379=FACE_OUTER_BOUND('',#1380,.T.);
#1380=EDGE_LOOP('',(#4122));
#1381=CYLINDRICAL_SURFACE('',#1382,1.5);
#1382=AXIS2_PLACEMENT_3D('',#1383,#1384,#1385);
#1383=CARTESIAN_POINT('',(0.,2.4,0.));
#1384=DIRECTION('',(0.,-1.,0.));
#1385=DIRECTION('',(1.,0.,0.));
#1386=FACE_OUTER_BOUND('',#1387,.T.);
#1387=EDGE_LOOP('',(#4123));
#1388=FACE_OUTER_BOUND('',#1389,.T.);
#1389=EDGE_LOOP('',(#4124));
#1390=CYLINDRICAL_SURFACE('',#1391,1.5);
#1391=AXIS2_PLACEMENT_3D('',#1392,#1393,#1394);
#1392=CARTESIAN_POINT('',(0.,2.4,0.));
#1393=DIRECTION('',(0.,-1.,0.));
#1394=DIRECTION('',(1.,0.,0.));
#1395=FACE_BOUND('',#1396,.T.);
#1396=EDGE_LOOP('',(#4125,#4126,#4127,#4128));
#1397=FACE_BOUND('',#1398,.T.);
#1398=EDGE_LOOP('',(#4129,#4130,#4131,#4132));
#1399=PLANE('',#1400);
#1400=AXIS2_PLACEMENT_3D('',#1401,#1402,#1403);
#1401=CARTESIAN_POINT('',(3.,3.,-3.74699879903882));
#1402=DIRECTION('',(-1.,0.,0.));
#1403=DIRECTION('',(0.,0.,1.));
#1404=FACE_BOUND('',#1405,.T.);
#1405=EDGE_LOOP('',(#4133,#4134,#4135,#4136,#4137,#4138));
#1406=FACE_BOUND('',#1407,.T.);
#1407=EDGE_LOOP('',(#4139));
#1408=PLANE('',#1409);
#1409=AXIS2_PLACEMENT_3D('',#1410,#1411,#1412);
#1410=CARTESIAN_POINT('',(0.,6.6,0.));
#1411=DIRECTION('',(0.,1.,0.));
#1412=DIRECTION('',(1.,0.,0.));
#1413=FACE_BOUND('',#1414,.T.);
#1414=EDGE_LOOP('',(#4140,#4141,#4142,#4143,#4144,#4145));
#1415=FACE_BOUND('',#1416,.T.);
#1416=EDGE_LOOP('',(#4146));
#1417=PLANE('',#1418);
#1418=AXIS2_PLACEMENT_3D('',#1419,#1420,#1421);
#1419=CARTESIAN_POINT('',(0.,10.,0.));
#1420=DIRECTION('',(0.,1.,0.));
#1421=DIRECTION('',(1.,0.,0.));
#1422=FACE_BOUND('',#1423,.T.);
#1423=EDGE_LOOP('',(#4147,#4148,#4149,#4150));
#1424=PLANE('',#1425);
#1425=AXIS2_PLACEMENT_3D('',#1426,#1427,#1428);
#1426=CARTESIAN_POINT('',(-8.29151144645526E-16,6.6,3.29089653438087));
#1427=DIRECTION('',(0.,0.,1.));
#1428=DIRECTION('',(1.,0.,0.));
#1429=FACE_BOUND('',#1430,.T.);
#1430=EDGE_LOOP('',(#4151,#4152,#4153,#4154));
#1431=PLANE('',#1432);
#1432=AXIS2_PLACEMENT_3D('',#1433,#1434,#1435);
#1433=CARTESIAN_POINT('',(3.,6.6,-3.29089653438087));
#1434=DIRECTION('',(0.,0.,-1.));
#1435=DIRECTION('',(-1.,0.,0.));
#1436=FACE_BOUND('',#1437,.T.);
#1437=EDGE_LOOP('',(#4155,#4156));
#1438=FACE_BOUND('',#1439,.T.);
#1439=EDGE_LOOP('',(#4157));
#1440=PLANE('',#1441);
#1441=AXIS2_PLACEMENT_3D('',#1442,#1443,#1444);
#1442=CARTESIAN_POINT('',(0.,12.,0.));
#1443=DIRECTION('',(0.,1.,0.));
#1444=DIRECTION('',(1.,0.,0.));
#1445=FACE_BOUND('',#1446,.T.);
#1446=EDGE_LOOP('',(#4158));
#1447=FACE_BOUND('',#1448,.T.);
#1448=EDGE_LOOP('',(#4159));
#1449=PLANE('',#1450);
#1450=AXIS2_PLACEMENT_3D('',#1451,#1452,#1453);
#1451=CARTESIAN_POINT('',(0.,2.4,0.));
#1452=DIRECTION('',(0.,-1.,0.));
#1453=DIRECTION('',(1.,0.,0.));
#1454=FACE_BOUND('',#1455,.T.);
#1455=EDGE_LOOP('',(#4160,#4161,#4162,#4163,#4164));
#1456=FACE_OUTER_BOUND('',#1457,.T.);
#1457=EDGE_LOOP('',(#4165));
#1458=CYLINDRICAL_SURFACE('',#1459,4.8);
#1459=AXIS2_PLACEMENT_3D('',#1460,#1461,#1462);
#1460=CARTESIAN_POINT('',(0.,12.,0.));
#1461=DIRECTION('',(0.,-1.,0.));
#1462=DIRECTION('',(1.,0.,0.));
#1463=FACE_BOUND('',#1464,.T.);
#1464=EDGE_LOOP('',(#4166,#4167,#4168));
#1465=PLANE('',#1466);
#1466=AXIS2_PLACEMENT_3D('',#1467,#1468,#1469);
#1467=CARTESIAN_POINT('',(0.,3.,0.));
#1468=DIRECTION('',(0.,1.,0.));
#1469=DIRECTION('',(1.,0.,0.));
#1470=FACE_BOUND('',#1471,.T.);
#1471=EDGE_LOOP('',(#4169,#4170,#4171,#4172));
#1472=PLANE('',#1473);
#1473=AXIS2_PLACEMENT_3D('',#1474,#1475,#1476);
#1474=CARTESIAN_POINT('',(-5.46005641363847E-17,6.6,-3.29089653438087));
#1475=DIRECTION('',(-0.5,0.,-0.866025403784439));
#1476=DIRECTION('',(-0.866025403784439,0.,0.5));
#1477=FACE_BOUND('',#1478,.T.);
#1478=EDGE_LOOP('',(#4173,#4174,#4175,#4176));
#1479=PLANE('',#1480);
#1480=AXIS2_PLACEMENT_3D('',#1481,#1482,#1483);
#1481=CARTESIAN_POINT('',(-2.85,6.6,-1.64544826719043));
#1482=DIRECTION('',(-1.,0.,0.));
#1483=DIRECTION('',(0.,0.,1.));
#1484=FACE_BOUND('',#1485,.T.);
#1485=EDGE_LOOP('',(#4177,#4178,#4179,#4180));
#1486=PLANE('',#1487);
#1487=AXIS2_PLACEMENT_3D('',#1488,#1489,#1490);
#1488=CARTESIAN_POINT('',(-2.85,6.6,1.64544826719043));
#1489=DIRECTION('',(-0.5,0.,0.866025403784439));
#1490=DIRECTION('',(0.866025403784439,0.,0.5));
#1491=FACE_OUTER_BOUND('',#1492,.T.);
#1492=EDGE_LOOP('',(#4181));
#1493=FACE_OUTER_BOUND('',#1494,.T.);
#1494=EDGE_LOOP('',(#4182));
#1495=CYLINDRICAL_SURFACE('',#1496,2.05);
#1496=AXIS2_PLACEMENT_3D('',#1497,#1498,#1499);
#1497=CARTESIAN_POINT('',(0.,-7.88860905221012E-31,0.));
#1498=DIRECTION('',(0.,-1.,0.));
#1499=DIRECTION('',(1.,0.,0.));
#1500=FACE_BOUND('',#1501,.T.);
#1501=EDGE_LOOP('',(#4183));
#1502=FACE_BOUND('',#1503,.T.);
#1503=EDGE_LOOP('',(#4184));
#1504=PLANE('',#1505);
#1505=AXIS2_PLACEMENT_3D('',#1506,#1507,#1508);
#1506=CARTESIAN_POINT('',(0.,1.6,0.));
#1507=DIRECTION('',(0.,1.,0.));
#1508=DIRECTION('',(1.,0.,0.));
#1509=FACE_OUTER_BOUND('',#1510,.T.);
#1510=EDGE_LOOP('',(#4185));
#1511=FACE_OUTER_BOUND('',#1512,.T.);
#1512=EDGE_LOOP('',(#4186));
#1513=CONICAL_SURFACE('',#1514,2.25,0.785398163397448);
#1514=AXIS2_PLACEMENT_3D('',#1515,#1516,#1517);
#1515=CARTESIAN_POINT('',(0.,0.2,0.));
#1516=DIRECTION('',(0.,-1.,0.));
#1517=DIRECTION('',(1.,0.,0.));
#1518=FACE_OUTER_BOUND('',#1519,.T.);
#1519=EDGE_LOOP('',(#4187));
#1520=FACE_OUTER_BOUND('',#1521,.T.);
#1521=EDGE_LOOP('',(#4188));
#1522=CYLINDRICAL_SURFACE('',#1523,6.5);
#1523=AXIS2_PLACEMENT_3D('',#1524,#1525,#1526);
#1524=CARTESIAN_POINT('',(0.,1.6,0.));
#1525=DIRECTION('',(0.,-1.,0.));
#1526=DIRECTION('',(1.,0.,0.));
#1527=FACE_BOUND('',#1528,.T.);
#1528=EDGE_LOOP('',(#4189));
#1529=FACE_BOUND('',#1530,.T.);
#1530=EDGE_LOOP('',(#4190));
#1531=PLANE('',#1532);
#1532=AXIS2_PLACEMENT_3D('',#1533,#1534,#1535);
#1533=CARTESIAN_POINT('',(0.,1.75162308040602E-46,0.));
#1534=DIRECTION('',(0.,-1.,0.));
#1535=DIRECTION('',(1.,0.,0.));
#1536=FACE_BOUND('',#1537,.T.);
#1537=EDGE_LOOP('',(#4191,#4192,#4193,#4194,#4195,#4196,#4197,#4198,#4199,#4200));
#1538=FACE_BOUND('',#1539,.T.);
#1539=EDGE_LOOP('',(#4201));
#1540=PLANE('',#1541);
#1541=AXIS2_PLACEMENT_3D('',#1542,#1543,#1544);
#1542=CARTESIAN_POINT('',(0.,18.,0.));
#1543=DIRECTION('',(0.,1.,0.));
#1544=DIRECTION('',(1.,0.,0.));
#1545=FACE_BOUND('',#1546,.T.);
#1546=EDGE_LOOP('',(#4202,#4203,#4204,#4205));
#1547=CYLINDRICAL_SURFACE('',#1548,4.8);
#1548=AXIS2_PLACEMENT_3D('',#1549,#1550,#1551);
#1549=CARTESIAN_POINT('',(0.,3.,0.));
#1550=DIRECTION('',(0.,1.,0.));
#1551=DIRECTION('',(0.666666666666535,0.,-0.745355992500048));
#1552=FACE_BOUND('',#1553,.T.);
#1553=EDGE_LOOP('',(#4206,#4207,#4208,#4209));
#1554=PLANE('',#1555);
#1555=AXIS2_PLACEMENT_3D('',#1556,#1557,#1558);
#1556=CARTESIAN_POINT('',(3.2,3.,3.57770876400094));
#1557=DIRECTION('',(1.,0.,0.));
#1558=DIRECTION('',(0.,0.,-1.));
#1559=FACE_BOUND('',#1560,.T.);
#1560=EDGE_LOOP('',(#4210,#4211));
#1561=FACE_BOUND('',#1562,.T.);
#1562=EDGE_LOOP('',(#4212));
#1563=PLANE('',#1564);
#1564=AXIS2_PLACEMENT_3D('',#1565,#1566,#1567);
#1565=CARTESIAN_POINT('',(0.,13.,0.));
#1566=DIRECTION('',(0.,1.,0.));
#1567=DIRECTION('',(1.,0.,0.));
#1568=FACE_BOUND('',#1569,.T.);
#1569=EDGE_LOOP('',(#4213,#4214,#4215,#4216));
#1570=PLANE('',#1571);
#1571=AXIS2_PLACEMENT_3D('',#1572,#1573,#1574);
#1572=CARTESIAN_POINT('',(-4.94427190999918,3.,-6.8052064668163));
#1573=DIRECTION('',(-0.809016994374949,0.,-0.587785252292471));
#1574=DIRECTION('',(-0.587785252292471,0.,0.809016994374949));
#1575=FACE_BOUND('',#1576,.T.);
#1576=EDGE_LOOP('',(#4217,#4218,#4219,#4220));
#1577=PLANE('',#1578);
#1578=AXIS2_PLACEMENT_3D('',#1579,#1580,#1581);
#1579=CARTESIAN_POINT('',(-8.00000000000001,3.,-2.59935756986323));
#1580=DIRECTION('',(-1.,0.,3.24606936920767E-15));
#1581=DIRECTION('',(3.24606936920767E-15,0.,1.));
#1582=FACE_BOUND('',#1583,.T.);
#1583=EDGE_LOOP('',(#4221,#4222,#4223,#4224));
#1584=PLANE('',#1585);
#1585=AXIS2_PLACEMENT_3D('',#1586,#1587,#1588);
#1586=CARTESIAN_POINT('',(-7.99999999999999,3.,2.59935756986327));
#1587=DIRECTION('',(-0.809016994374946,0.,0.587785252292475));
#1588=DIRECTION('',(0.587785252292475,0.,0.809016994374946));
#1589=FACE_BOUND('',#1590,.T.);
#1590=EDGE_LOOP('',(#4225,#4226,#4227,#4228));
#1591=PLANE('',#1592);
#1592=AXIS2_PLACEMENT_3D('',#1593,#1594,#1595);
#1593=CARTESIAN_POINT('',(-4.94427190999914,3.,6.80520646681633));
#1594=DIRECTION('',(-0.309016994374945,0.,0.951056516295155));
#1595=DIRECTION('',(0.951056516295155,0.,0.309016994374945));
#1596=FACE_BOUND('',#1597,.T.);
#1597=EDGE_LOOP('',(#4229,#4230,#4231,#4232));
#1598=PLANE('',#1599);
#1599=AXIS2_PLACEMENT_3D('',#1600,#1601,#1602);
#1600=CARTESIAN_POINT('',(1.9851859732097E-14,3.,8.41169779390614));
#1601=DIRECTION('',(0.309016994374949,0.,0.951056516295153));
#1602=DIRECTION('',(0.951056516295153,0.,-0.309016994374949));
#1603=FACE_BOUND('',#1604,.T.);
#1604=EDGE_LOOP('',(#4233,#4234,#4235,#4236));
#1605=PLANE('',#1606);
#1606=AXIS2_PLACEMENT_3D('',#1607,#1608,#1609);
#1607=CARTESIAN_POINT('',(4.94427190999918,3.,6.80520646681631));
#1608=DIRECTION('',(0.809016994374949,0.,0.58778525229247));
#1609=DIRECTION('',(0.58778525229247,0.,-0.809016994374949));
#1610=FACE_BOUND('',#1611,.T.);
#1611=EDGE_LOOP('',(#4237,#4238,#4239,#4240));
#1612=PLANE('',#1613);
#1613=AXIS2_PLACEMENT_3D('',#1614,#1615,#1616);
#1614=CARTESIAN_POINT('',(8.,3.,2.59935756986324));
#1615=DIRECTION('',(1.,0.,0.));
#1616=DIRECTION('',(0.,0.,-1.));
#1617=FACE_BOUND('',#1618,.T.);
#1618=EDGE_LOOP('',(#4241,#4242,#4243,#4244));
#1619=PLANE('',#1620);
#1620=AXIS2_PLACEMENT_3D('',#1621,#1622,#1623);
#1621=CARTESIAN_POINT('',(8.,3.,-2.59935756986326));
#1622=DIRECTION('',(0.809016994374945,0.,-0.587785252292475));
#1623=DIRECTION('',(-0.587785252292475,0.,-0.809016994374945));
#1624=FACE_BOUND('',#1625,.T.);
#1625=EDGE_LOOP('',(#4245,#4246,#4247,#4248));
#1626=PLANE('',#1627);
#1627=AXIS2_PLACEMENT_3D('',#1628,#1629,#1630);
#1628=CARTESIAN_POINT('',(4.94427190999914,3.,-6.80520646681634));
#1629=DIRECTION('',(0.309016994374943,0.,-0.951056516295155));
#1630=DIRECTION('',(-0.951056516295155,0.,-0.309016994374943));
#1631=FACE_BOUND('',#1632,.T.);
#1632=EDGE_LOOP('',(#4249,#4250,#4251,#4252));
#1633=PLANE('',#1634);
#1634=AXIS2_PLACEMENT_3D('',#1635,#1636,#1637);
#1635=CARTESIAN_POINT('',(-2.74620092247124E-14,3.,-8.41169779390614));
#1636=DIRECTION('',(-0.30901699437495,0.,-0.951056516295153));
#1637=DIRECTION('',(-0.951056516295153,0.,0.30901699437495));
#1638=FACE_OUTER_BOUND('',#1639,.T.);
#1639=EDGE_LOOP('',(#4253));
#1640=FACE_OUTER_BOUND('',#1641,.T.);
#1641=EDGE_LOOP('',(#4254));
#1642=CYLINDRICAL_SURFACE('',#1643,1.8);
#1643=AXIS2_PLACEMENT_3D('',#1644,#1645,#1646);
#1644=CARTESIAN_POINT('',(0.,13.,0.));
#1645=DIRECTION('',(0.,1.,0.));
#1646=DIRECTION('',(1.,0.,0.));
#1647=FACE_BOUND('',#1648,.T.);
#1648=EDGE_LOOP('',(#4255,#4256,#4257,#4258,#4259,#4260,#4261,#4262,#4263,#4264,
#4265,#4266,#4267,#4268,#4269,#4270,#4271,#4272,#4273,#4274));
#1649=FACE_BOUND('',#1650,.T.);
#1650=EDGE_LOOP('',(#4275,#4276));
#1651=PLANE('',#1652);
#1652=AXIS2_PLACEMENT_3D('',#1653,#1654,#1655);
#1653=CARTESIAN_POINT('',(0.,4.,2.44929359829471E-16));
#1654=DIRECTION('',(0.,1.,6.12323399573677E-17));
#1655=DIRECTION('',(6.12323399573677E-17,6.12323399573677E-17,-1.));
#1656=FACE_OUTER_BOUND('',#1657,.T.);
#1657=EDGE_LOOP('',(#4277));
#1658=FACE_OUTER_BOUND('',#1659,.T.);
#1659=EDGE_LOOP('',(#4278));
#1660=CONICAL_SURFACE('',#1661,3.3,0.785398163397448);
#1661=AXIS2_PLACEMENT_3D('',#1662,#1663,#1664);
#1662=CARTESIAN_POINT('',(0.,16.5,0.));
#1663=DIRECTION('',(0.,1.,0.));
#1664=DIRECTION('',(1.,0.,0.));
#1665=FACE_BOUND('',#1666,.T.);
#1666=EDGE_LOOP('',(#4279,#4280,#4281,#4282));
#1667=CYLINDRICAL_SURFACE('',#1668,1.);
#1668=AXIS2_PLACEMENT_3D('',#1669,#1670,#1671);
#1669=CARTESIAN_POINT('',(-7.00000000000001,4.44089209850063E-16,-2.27443787363033));
#1670=DIRECTION('',(0.,-1.,0.));
#1671=DIRECTION('',(-1.,0.,3.10862446895044E-15));
#1672=FACE_BOUND('',#1673,.T.);
#1673=EDGE_LOOP('',(#4283,#4284,#4285,#4286));
#1674=CYLINDRICAL_SURFACE('',#1675,1.);
#1675=AXIS2_PLACEMENT_3D('',#1676,#1677,#1678);
#1676=CARTESIAN_POINT('',(-4.32623792124928,0.,-5.95455565846427));
#1677=DIRECTION('',(0.,-1.,0.));
#1678=DIRECTION('',(-0.80901699437495,0.,-0.58778525229247));
#1679=FACE_BOUND('',#1680,.T.);
#1680=EDGE_LOOP('',(#4287,#4288,#4289,#4290));
#1681=CYLINDRICAL_SURFACE('',#1682,1.);
#1682=AXIS2_PLACEMENT_3D('',#1683,#1684,#1685);
#1683=CARTESIAN_POINT('',(-6.99999999999999,0.,2.27443787363036));
#1684=DIRECTION('',(0.,-1.,0.));
#1685=DIRECTION('',(-0.809016994374946,0.,0.587785252292475));
#1686=FACE_BOUND('',#1687,.T.);
#1687=EDGE_LOOP('',(#4291,#4292,#4293,#4294));
#1688=CYLINDRICAL_SURFACE('',#1689,1.);
#1689=AXIS2_PLACEMENT_3D('',#1690,#1691,#1692);
#1690=CARTESIAN_POINT('',(-4.32623792124925,-8.88178419700125E-16,5.95455565846429));
#1691=DIRECTION('',(0.,-1.,0.));
#1692=DIRECTION('',(-0.309016994374945,0.,0.951056516295155));
#1693=FACE_BOUND('',#1694,.T.);
#1694=EDGE_LOOP('',(#4295,#4296,#4297,#4298));
#1695=CYLINDRICAL_SURFACE('',#1696,1.);
#1696=AXIS2_PLACEMENT_3D('',#1697,#1698,#1699);
#1697=CARTESIAN_POINT('',(1.5709655798446E-14,-4.44089209850063E-16,7.36023556966787));
#1698=DIRECTION('',(-2.01858731750028E-17,-1.,0.));
#1699=DIRECTION('',(0.309016994374949,-6.23777785737328E-18,0.951056516295153));
#1700=FACE_BOUND('',#1701,.T.);
#1701=EDGE_LOOP('',(#4299,#4300,#4301,#4302));
#1702=CYLINDRICAL_SURFACE('',#1703,1.);
#1703=AXIS2_PLACEMENT_3D('',#1704,#1705,#1706);
#1704=CARTESIAN_POINT('',(4.32623792124928,0.,5.95455565846427));
#1705=DIRECTION('',(0.,-1.,0.));
#1706=DIRECTION('',(0.80901699437495,0.,0.58778525229247));
#1707=FACE_BOUND('',#1708,.T.);
#1708=EDGE_LOOP('',(#4303,#4304,#4305,#4306));
#1709=CYLINDRICAL_SURFACE('',#1710,1.);
#1710=AXIS2_PLACEMENT_3D('',#1711,#1712,#1713);
#1711=CARTESIAN_POINT('',(7.,0.,2.27443787363033));
#1712=DIRECTION('',(0.,-1.,0.));
#1713=DIRECTION('',(1.,0.,0.));
#1714=FACE_BOUND('',#1715,.T.);
#1715=EDGE_LOOP('',(#4307,#4308,#4309,#4310));
#1716=CYLINDRICAL_SURFACE('',#1717,1.);
#1717=AXIS2_PLACEMENT_3D('',#1718,#1719,#1720);
#1718=CARTESIAN_POINT('',(7.,-4.44089209850063E-16,-2.27443787363036));
#1719=DIRECTION('',(0.,-1.,0.));
#1720=DIRECTION('',(0.809016994374946,0.,-0.587785252292476));
#1721=FACE_BOUND('',#1722,.T.);
#1722=EDGE_LOOP('',(#4311,#4312,#4313,#4314));
#1723=CYLINDRICAL_SURFACE('',#1724,1.);
#1724=AXIS2_PLACEMENT_3D('',#1725,#1726,#1727);
#1725=CARTESIAN_POINT('',(4.32623792124924,0.,-5.9545556584643));
#1726=DIRECTION('',(0.,-1.,0.));
#1727=DIRECTION('',(0.309016994374944,0.,-0.951056516295155));
#1728=FACE_BOUND('',#1729,.T.);
#1729=EDGE_LOOP('',(#4315,#4316,#4317,#4318));
#1730=CYLINDRICAL_SURFACE('',#1731,1.);
#1731=AXIS2_PLACEMENT_3D('',#1732,#1733,#1734);
#1732=CARTESIAN_POINT('',(-2.49245069028348E-14,0.,-7.36023556966787));
#1733=DIRECTION('',(2.14474902484405E-17,-1.,0.));
#1734=DIRECTION('',(-0.30901699437495,-6.62763897345914E-18,-0.951056516295153));
#1735=FACE_BOUND('',#1736,.T.);
#1736=EDGE_LOOP('',(#4319,#4320,#4321,#4322));
#1737=CYLINDRICAL_SURFACE('',#1738,2.);
#1738=AXIS2_PLACEMENT_3D('',#1739,#1740,#1741);
#1739=CARTESIAN_POINT('',(-11.6256730572355,16.,2.53136318716958));
#1740=DIRECTION('',(0.951056516295154,0.,0.309016994374945));
#1741=DIRECTION('',(-8.48134920628183E-17,1.,2.61029088252082E-16));
#1742=FACE_BOUND('',#1743,.T.);
#1743=EDGE_LOOP('',(#4323,#4324,#4325));
#1744=B_SPLINE_SURFACE_WITH_KNOTS('',3,3,(
(#1745,#1746,#1747,#1748,#1749,#1750,#1751,#1752,#1753,#1754,#1755,#1756,#1757),
(#1758,#1759,#1760,#1761,#1762,#1763,#1764,#1765,#1766,#1767,#1768,#1769,#1770),
(#1771,#1772,#1773,#1774,#1775,#1776,#1777,#1778,#1779,#1780,#1781,#1782,#1783),
(#1784,#1785,#1786,#1787,#1788,#1789,#1790,#1791,#1792,#1793,#1794,#1795,#1796),
(#1797,#1798,#1799,#1800,#1801,#1802,#1803,#1804,#1805,#1806,#1807,#1808,#1809),
(#1810,#1811,#1812,#1813,#1814,#1815,#1816,#1817,#1818,#1819,#1820,#1821,#1822),
(#1823,#1824,#1825,#1826,#1827,#1828,#1829,#1830,#1831,#1832,#1833,#1834,#1835),
(#1836,#1837,#1838,#1839,#1840,#1841,#1842,#1843,#1844,#1845,#1846,#1847,#1848),
(#1849,#1850,#1851,#1852,#1853,#1854,#1855,#1856,#1857,#1858,#1859,#1860,#1861),
(#1862,#1863,#1864,#1865,#1866,#1867,#1868,#1869,#1870,#1871,#1872,#1873,#1874),
(#1875,#1876,#1877,#1878,#1879,#1880,#1881,#1882,#1883,#1884,#1885,#1886,#1887)),
.UNSPECIFIED.,.F.,.F.,.F.,
(4,1,1,1,1,1,1,1,4),
(4,1,1,1,1,1,1,1,1,1,4),
(0.,0.165638090990101,0.315774489524804,0.465910888059507,0.605656148860197,0.743421039432727,
0.89199333014388,0.991259315741183,1.),
(0.,0.206845030709249,0.297655585207591,0.385482840527003,0.474569610522081,0.563424176260749,
0.650622548429328,0.733968148655818,0.813825890432751,0.891021860972458,1.),
.UNSPECIFIED.);
#1745=CARTESIAN_POINT('',(1.22124532708767E-14,18.,6.30877334542961));
#1746=CARTESIAN_POINT('',(-0.0332436118589965,18.0001651158465,6.52420148356614));
#1747=CARTESIAN_POINT('',(-0.0810835366898968,17.9495566038065,6.83421791555342));
#1748=CARTESIAN_POINT('',(-0.138556077865423,17.7949793996119,7.20665646380489));
#1749=CARTESIAN_POINT('',(-0.175822062973489,17.6525091206558,7.44815073409347));
#1750=CARTESIAN_POINT('',(-0.209501412198574,17.4790444534546,7.66640257531864));
#1751=CARTESIAN_POINT('',(-0.239105636998286,17.2770312322015,7.85824644164163));
#1752=CARTESIAN_POINT('',(-0.263619219340876,17.0550324552763,8.0171014849959));
#1753=CARTESIAN_POINT('',(-0.282660637138207,16.8218252952057,8.14049533284112));
#1754=CARTESIAN_POINT('',(-0.296363417621277,16.5843293478189,8.2292932799258));
#1755=CARTESIAN_POINT('',(-0.306394598281438,16.3111827363423,8.29429820725113));
#1756=CARTESIAN_POINT('',(-0.30901823958415,16.1149230465188,8.3113001552759));
#1757=CARTESIAN_POINT('',(-0.309016994374929,16.,8.31129208596303));
#1758=CARTESIAN_POINT('',(1.22124532708767E-14,18.,6.30877334542961));
#1759=CARTESIAN_POINT('',(-0.0332454530439309,18.0001531425482,6.52420921255392));
#1760=CARTESIAN_POINT('',(-0.0789663242716398,17.9495897075837,6.83451717075987));
#1761=CARTESIAN_POINT('',(-0.131451722558294,17.7954325062585,7.2079562615292));
#1762=CARTESIAN_POINT('',(-0.164634813010471,17.6533690541556,7.45043393255079));
#1763=CARTESIAN_POINT('',(-0.193945303982129,17.4803439571755,7.66994336092519));
#1764=CARTESIAN_POINT('',(-0.219161203117329,17.2786957370252,7.86327516849999));
#1765=CARTESIAN_POINT('',(-0.23961650360076,17.0568753982387,8.02370866220083));
#1766=CARTESIAN_POINT('',(-0.25519111743959,16.8235992002202,8.14859913724706));
#1767=CARTESIAN_POINT('',(-0.266175885444248,16.5857897470395,8.23865662316568));
#1768=CARTESIAN_POINT('',(-0.274047590987022,16.3120570052099,8.30470335319178));
#1769=CARTESIAN_POINT('',(-0.276025149704999,16.1152473297501,8.32202100747836));
#1770=CARTESIAN_POINT('',(-0.276023739977155,16.,8.32201224415969));
#1771=CARTESIAN_POINT('',(1.21892255028885E-14,18.,6.30877334542961));
#1772=CARTESIAN_POINT('',(-0.029769652296782,18.0001343852146,6.52422150657392));
#1773=CARTESIAN_POINT('',(-0.0684540757280954,17.9495603074542,6.83499988733304));
#1774=CARTESIAN_POINT('',(-0.110145145349948,17.7958403211044,7.21004650034012));
#1775=CARTESIAN_POINT('',(-0.13551478315811,17.6542197930971,7.4541016422573));
#1776=CARTESIAN_POINT('',(-0.157112810634804,17.4816581986586,7.67562574970988));
#1777=CARTESIAN_POINT('',(-0.175023881077328,17.2803373759265,7.87133887394567));
#1778=CARTESIAN_POINT('',(-0.189023365586881,17.0585574350227,8.03429670530207));
#1779=CARTESIAN_POINT('',(-0.199281772813909,16.8249767465799,8.16157949348423));
#1780=CARTESIAN_POINT('',(-0.206226819552428,16.5865703533842,8.25364970178859));
#1781=CARTESIAN_POINT('',(-0.210978465909744,16.3120379831692,8.32136094342414));
#1782=CARTESIAN_POINT('',(-0.212062043518505,16.1148325156621,8.33918298316741));
#1783=CARTESIAN_POINT('',(-0.212060606262245,16.,8.33917311593689));
#1784=CARTESIAN_POINT('',(1.21112624924225E-14,18.,6.30877334542961));
#1785=CARTESIAN_POINT('',(-0.0180966732214741,18.0001178015915,6.52423278081302));
#1786=CARTESIAN_POINT('',(-0.0407612835038239,17.9494672010346,6.83544918349645));
#1787=CARTESIAN_POINT('',(-0.0641026744885581,17.7959954543654,7.21198578405534));
#1788=CARTESIAN_POINT('',(-0.0778856826194338,17.6546632871658,7.45750060702293));
#1789=CARTESIAN_POINT('',(-0.0892613203516613,17.482418138046,7.68088640015016));
#1790=CARTESIAN_POINT('',(-0.0983879809027415,17.2813245200903,7.87879765990978));
#1791=CARTESIAN_POINT('',(-0.10526936402715,17.0595802777921,8.04408385069118));
#1792=CARTESIAN_POINT('',(-0.110114016149714,16.8258221232769,8.17357207653337));
#1793=CARTESIAN_POINT('',(-0.113245051708667,16.5871073768344,8.2674971823832));
#1794=CARTESIAN_POINT('',(-0.115266912847751,16.3122171214333,8.33674214809985));
#1795=CARTESIAN_POINT('',(-0.115666338499609,16.1149639490962,8.3550289165708));
#1796=CARTESIAN_POINT('',(-0.11566539880371,16.,8.3550180369972));
#1797=CARTESIAN_POINT('',(1.20160132047822E-14,18.,6.30877334542961));
#1798=CARTESIAN_POINT('',(-0.00383407742849085,18.000111316009,6.52423726326587));
#1799=CARTESIAN_POINT('',(-0.00857919068326422,17.9494171196254,6.83562923294125));
#1800=CARTESIAN_POINT('',(-0.0133909548116159,17.7960148659792,7.21276161072188));
#1801=CARTESIAN_POINT('',(-0.0162018378974503,17.6547750755063,7.45885957356008));
#1802=CARTESIAN_POINT('',(-0.0184950363273726,17.48263509465,7.68298856437794));
#1803=CARTESIAN_POINT('',(-0.0203112379163757,17.2816166784836,7.88177683684028));
#1804=CARTESIAN_POINT('',(-0.021660577368412,17.0598805821404,8.04799161544855));
#1805=CARTESIAN_POINT('',(-0.0225942323481177,16.82605685216,8.17835916188365));
#1806=CARTESIAN_POINT('',(-0.0231848676039125,16.5872295874499,8.27302369803734));
#1807=CARTESIAN_POINT('',(-0.0235554522479488,16.3122144276522,8.34288000563317));
#1808=CARTESIAN_POINT('',(-0.0236227908396734,16.1149256340779,8.36135200946884));
#1809=CARTESIAN_POINT('',(-0.0236225873485694,16.,8.3613407274042));
#1810=CARTESIAN_POINT('',(1.19196885654582E-14,18.,6.3087733454296));
#1811=CARTESIAN_POINT('',(0.0105897338963447,18.0001133759573,6.52423583515997));
#1812=CARTESIAN_POINT('',(0.0237446990843596,17.9494337801226,6.83557179110949));
#1813=CARTESIAN_POINT('',(0.0371499321887567,17.796010919554,7.21251416796894));
#1814=CARTESIAN_POINT('',(0.0450078385612639,17.654742839608,7.45842618860225));
#1815=CARTESIAN_POINT('',(0.0514424902467019,17.4825703531535,7.68231823036715));
#1816=CARTESIAN_POINT('',(0.0565601184760677,17.2815285907678,7.88082691776663));
#1817=CARTESIAN_POINT('',(0.0603806510882121,17.0597898185637,8.04674569054901));
#1818=CARTESIAN_POINT('',(0.0630394095622006,16.8259859923263,8.17683294950067));
#1819=CARTESIAN_POINT('',(0.0647334654690976,16.5871923114951,8.2712617958887));
#1820=CARTESIAN_POINT('',(0.0658068511716394,16.3122132015279,8.34092324440561));
#1821=CARTESIAN_POINT('',(0.0660077483954713,16.1149308986966,8.35933620662499));
#1822=CARTESIAN_POINT('',(0.0660071901480608,16.,8.35932505279366));
#1823=CARTESIAN_POINT('',(1.183481225841E-14,18.,6.3087733454296));
#1824=CARTESIAN_POINT('',(0.0232987053639393,18.0001234799381,6.52422889487167));
#1825=CARTESIAN_POINT('',(0.0528562723443488,17.9495035423029,6.83529386384985));
#1826=CARTESIAN_POINT('',(0.0837960079620336,17.7959556444598,7.21131580845506));
#1827=CARTESIAN_POINT('',(0.102268497535055,17.6545311873558,7.45632661175704));
#1828=CARTESIAN_POINT('',(0.117692484671063,17.4821833911222,7.67906975089416));
#1829=CARTESIAN_POINT('',(0.130224431404403,17.2810158328435,7.87622237545635));
#1830=CARTESIAN_POINT('',(0.139806851149281,17.0592603416827,8.04070511089085));
#1831=CARTESIAN_POINT('',(0.146661680569176,16.8255604674321,8.16943237746602));
#1832=CARTESIAN_POINT('',(0.15117690472934,16.5869476635287,8.26271751505757));
#1833=CARTESIAN_POINT('',(0.154164614619418,16.3121760336338,8.33143334073526));
#1834=CARTESIAN_POINT('',(0.154793935692692,16.1149517780605,8.34955977794031));
#1835=CARTESIAN_POINT('',(0.154792755169972,16.,8.34954924729542));
#1836=CARTESIAN_POINT('',(1.17818708207831E-14,18.,6.30877334542961));
#1837=CARTESIAN_POINT('',(0.0312245704732483,18.0001405057654,6.52421746187627));
#1838=CARTESIAN_POINT('',(0.0725459032838113,17.949577119436,6.83484044359359));
#1839=CARTESIAN_POINT('',(0.118029849496202,17.7957316490266,7.2093566788391));
#1840=CARTESIAN_POINT('',(0.146076231558723,17.6539806655499,7.45289159184744));
#1841=CARTESIAN_POINT('',(0.170267187864828,17.4812825113394,7.67375152881159));
#1842=CARTESIAN_POINT('',(0.190597760210641,17.2798681079248,7.86867983841621));
#1843=CARTESIAN_POINT('',(0.206709383770424,17.058083026357,8.03080589067063));
#1844=CARTESIAN_POINT('',(0.218688936714445,16.8245996442087,8.15730051172903));
#1845=CARTESIAN_POINT('',(0.226929709871278,16.5863677924367,8.24870766950721));
#1846=CARTESIAN_POINT('',(0.232673352629136,16.3120473675627,8.31587059706361));
#1847=CARTESIAN_POINT('',(0.234037192207623,16.1149049319638,8.33352648737096));
#1848=CARTESIAN_POINT('',(0.234035742566978,16.,8.3335169833243));
#1849=CARTESIAN_POINT('',(1.17687833044218E-14,18.,6.30877334542959));
#1850=CARTESIAN_POINT('',(0.0331821106975865,18.000156746743,6.5242068871681));
#1851=CARTESIAN_POINT('',(0.0794743683016752,17.9495781652212,6.83442726007275));
#1852=CARTESIAN_POINT('',(0.133408579058784,17.7952899529812,7.20756562029381));
#1853=CARTESIAN_POINT('',(0.167796266153374,17.6530998881684,7.4497476663057));
#1854=CARTESIAN_POINT('',(0.198407423264466,17.4799374461509,7.66887899647707));
#1855=CARTESIAN_POINT('',(0.224937762050761,17.2781736702715,7.86176340448066));
#1856=CARTESIAN_POINT('',(0.24661405176729,17.0562929935393,8.02172224993479));
#1857=CARTESIAN_POINT('',(0.263235287090664,16.8230320394262,8.14616265962725));
#1858=CARTESIAN_POINT('',(0.275042932567086,16.5853065433832,8.23584136595174));
#1859=CARTESIAN_POINT('',(0.283570034342046,16.3117560658388,8.30157479084596));
#1860=CARTESIAN_POINT('',(0.285744390622174,16.1150600447889,8.3187975011598));
#1861=CARTESIAN_POINT('',(0.285743034618733,16.,8.31878894664354));
#1862=CARTESIAN_POINT('',(1.17683640610267E-14,18.,6.3087733454296));
#1863=CARTESIAN_POINT('',(0.03324370901799,18.0001644840183,6.52420189142307));
#1864=CARTESIAN_POINT('',(0.0809718118738367,17.9495583506853,6.83423370718238));
#1865=CARTESIAN_POINT('',(0.138181182657271,17.7950033099462,7.20672505383415));
#1866=CARTESIAN_POINT('',(0.175231714346172,17.6525544991504,7.44827121795497));
#1867=CARTESIAN_POINT('',(0.2086805199183,17.4791130279694,7.666589421767));
#1868=CARTESIAN_POINT('',(0.238053173774237,17.2771190677412,7.85851180641026));
#1869=CARTESIAN_POINT('',(0.262352601509315,17.0551297069558,8.01745014422909));
#1870=CARTESIAN_POINT('',(0.281211076852973,16.8219189037685,8.14092296875012));
#1871=CARTESIAN_POINT('',(0.294770428437879,16.5844064127525,8.22978738141162));
#1872=CARTESIAN_POINT('',(0.304687654088936,16.3112288713109,8.29484728442772));
#1873=CARTESIAN_POINT('',(0.30727720176111,16.1149401588709,8.31186589219985));
#1874=CARTESIAN_POINT('',(0.307275947870273,16.,8.31185778626445));
#1875=CARTESIAN_POINT('',(1.17683640610267E-14,18.,6.3087733454296));
#1876=CARTESIAN_POINT('',(0.0332436118590812,18.0001651158465,6.52420148356615));
#1877=CARTESIAN_POINT('',(0.0810835366899476,17.9495566038065,6.83421791555343));
#1878=CARTESIAN_POINT('',(0.138556077865438,17.7949793996119,7.20665646380488));
#1879=CARTESIAN_POINT('',(0.175822062973512,17.6525091206558,7.44815073409347));
#1880=CARTESIAN_POINT('',(0.209501412198591,17.4790444534546,7.66640257531864));
#1881=CARTESIAN_POINT('',(0.23910563699832,17.2770312322015,7.85824644164163));
#1882=CARTESIAN_POINT('',(0.263619219340904,17.0550324552763,8.0171014849959));
#1883=CARTESIAN_POINT('',(0.282660637138242,16.8218252952057,8.14049533284111));
#1884=CARTESIAN_POINT('',(0.296363417621315,16.5843293478189,8.2292932799258));
#1885=CARTESIAN_POINT('',(0.306394598281471,16.3111827363423,8.29429820725114));
#1886=CARTESIAN_POINT('',(0.309018239584189,16.1149230465188,8.31130015527589));
#1887=CARTESIAN_POINT('',(0.309016994374963,16.,8.31129208596302));
#1888=FACE_BOUND('',#1889,.T.);
#1889=EDGE_LOOP('',(#4326,#4327,#4328,#4329));
#1890=CYLINDRICAL_SURFACE('',#1891,2.);
#1891=AXIS2_PLACEMENT_3D('',#1892,#1893,#1894);
#1892=CARTESIAN_POINT('',(-7.91746912473616,16.,8.8813150083723));
#1893=DIRECTION('',(0.951056516295153,0.,-0.309016994374949));
#1894=DIRECTION('',(4.24067460314101E-17,1.,1.30514544126043E-16));
#1895=FACE_BOUND('',#1896,.T.);
#1896=EDGE_LOOP('',(#4330,#4331,#4332));
#1897=B_SPLINE_SURFACE_WITH_KNOTS('',3,3,(
(#1898,#1899,#1900,#1901,#1902,#1903,#1904,#1905,#1906,#1907,#1908,#1909,#1910),
(#1911,#1912,#1913,#1914,#1915,#1916,#1917,#1918,#1919,#1920,#1921,#1922,#1923),
(#1924,#1925,#1926,#1927,#1928,#1929,#1930,#1931,#1932,#1933,#1934,#1935,#1936),
(#1937,#1938,#1939,#1940,#1941,#1942,#1943,#1944,#1945,#1946,#1947,#1948,#1949),
(#1950,#1951,#1952,#1953,#1954,#1955,#1956,#1957,#1958,#1959,#1960,#1961,#1962),
(#1963,#1964,#1965,#1966,#1967,#1968,#1969,#1970,#1971,#1972,#1973,#1974,#1975),
(#1976,#1977,#1978,#1979,#1980,#1981,#1982,#1983,#1984,#1985,#1986,#1987,#1988),
(#1989,#1990,#1991,#1992,#1993,#1994,#1995,#1996,#1997,#1998,#1999,#2000,#2001),
(#2002,#2003,#2004,#2005,#2006,#2007,#2008,#2009,#2010,#2011,#2012,#2013,#2014),
(#2015,#2016,#2017,#2018,#2019,#2020,#2021,#2022,#2023,#2024,#2025,#2026,#2027),
(#2028,#2029,#2030,#2031,#2032,#2033,#2034,#2035,#2036,#2037,#2038,#2039,#2040)),
.UNSPECIFIED.,.F.,.F.,.F.,
(4,1,1,1,1,1,1,1,4),
(4,1,1,1,1,1,1,1,1,1,4),
(0.,0.165638090987196,0.31577448951948,0.465910888051764,0.605656148840533,0.743421039401816,
0.891993330135085,0.991259315739233,1.),
(0.,0.206845030712891,0.297655585211972,0.385482840531573,0.474569610526399,0.563424176265058,
0.650622548433826,0.733968148660204,0.813825890436444,0.89102186097482,1.),
.UNSPECIFIED.);
#1898=CARTESIAN_POINT('',(3.70820393249938,18.,5.10390485011223));
#1899=CARTESIAN_POINT('',(3.80793476807836,18.0001651158465,5.29772997971826));
#1900=CARTESIAN_POINT('',(3.95145454257297,17.9495566038049,5.57665814402207));
#1901=CARTESIAN_POINT('',(4.12387216610118,17.794979399606,5.91174877103563));
#1902=CARTESIAN_POINT('',(4.23567012142519,17.6525091206479,6.12902613620163));
#1903=CARTESIAN_POINT('',(4.33670816909987,17.4790444534452,6.3253918095866));
#1904=CARTESIAN_POINT('',(4.42552084349837,17.2770312321909,6.49799768445005));
#1905=CARTESIAN_POINT('',(4.49906159052545,17.0550324552645,6.64092283634632));
#1906=CARTESIAN_POINT('',(4.55618584391655,16.8218252951936,6.7519428208167));
#1907=CARTESIAN_POINT('',(4.59729418536471,16.5843293478083,6.83183616135509));
#1908=CARTESIAN_POINT('',(4.62738772734408,16.311182736336,6.89032243233238));
#1909=CARTESIAN_POINT('',(4.6352586512519,16.1149230465163,6.90561943488629));
#1910=CARTESIAN_POINT('',(4.63525491562423,16.,6.90561217475943));
#1911=CARTESIAN_POINT('',(3.70820393249938,18.,5.10390485011223));
#1912=CARTESIAN_POINT('',(3.80793782151349,18.0001531425483,5.29773731482207));
#1913=CARTESIAN_POINT('',(3.9533433011971,17.949589707582,5.5756557803343));
#1914=CARTESIAN_POINT('',(4.13038371221209,17.7954325062527,5.90862449420725));
#1915=CARTESIAN_POINT('',(4.24606282714689,17.6533690541478,6.12429758201317));
#1916=CARTESIAN_POINT('',(4.35137454657433,17.4803439571661,6.31911271432308));
#1917=CARTESIAN_POINT('',(4.4446120409363,17.2786957370145,6.49034296583806));
#1918=CARTESIAN_POINT('',(4.52236379679049,17.0568753982269,6.63215971266305));
#1919=CARTESIAN_POINT('',(4.58317244889702,16.8235992002081,6.74235275773392));
#1920=CARTESIAN_POINT('',(4.62722004698231,16.5857897470288,6.82166747894371));
#1921=CARTESIAN_POINT('',(4.65967299729376,16.3120570052034,6.87972727838404));
#1922=CARTESIAN_POINT('',(4.66825218047711,16.1152473297476,6.89489993485393));
#1923=CARTESIAN_POINT('',(4.66824817002142,16.,6.89489201656296));
#1924=CARTESIAN_POINT('',(3.70820393249938,18.,5.10390485011223));
#1925=CARTESIAN_POINT('',(3.8107570296306,18.0001343852146,5.29570423647413));
#1926=CARTESIAN_POINT('',(3.96213162260059,17.9495603074525,5.56986736158319));
#1927=CARTESIAN_POINT('',(4.14884970681235,17.7958403210986,5.8977918410678));
#1928=CARTESIAN_POINT('',(4.27177725184915,17.6542197930892,6.1101484974028));
#1929=CARTESIAN_POINT('',(4.38451268396267,17.4816581986493,6.30206026702406));
#1930=CARTESIAN_POINT('',(4.48505961169225,17.2803373759159,6.47092337361076));
#1931=CARTESIAN_POINT('',(4.5695180008275,17.0585574350108,6.61098771907774));
#1932=CARTESIAN_POINT('',(4.63603372080863,16.8249767465677,6.71999139828693));
#1933=CARTESIAN_POINT('',(4.68453257058589,16.5865703533735,6.79855995752815));
#1934=CARTESIAN_POINT('',(4.72048807717797,16.3120379831628,6.85613245037238));
#1935=CARTESIAN_POINT('',(4.73008697660419,16.1148325156596,6.87118769433664));
#1936=CARTESIAN_POINT('',(4.73008233955636,16.,6.87117886678142));
#1937=CARTESIAN_POINT('',(3.70820393249938,18.,5.10390485011223));
#1938=CARTESIAN_POINT('',(3.82020729490889,18.0001178015915,5.28885215257448));
#1939=CARTESIAN_POINT('',(3.98479965179023,17.949467201033,5.55395343495083));
#1940=CARTESIAN_POINT('',(4.18723873056967,17.7959954543597,5.87229766919925));
#1941=CARTESIAN_POINT('',(4.32039803491724,17.654663287158,6.07902478226246));
#1942=CARTESIAN_POINT('',(4.44249782544095,17.4824181380366,6.26643411729786));
#1943=CARTESIAN_POINT('',(4.55144352170158,17.2813245200796,6.4319122062951));
#1944=CARTESIAN_POINT('',(4.64302915115703,17.0595802777803,6.56967631908748));
#1945=CARTESIAN_POINT('',(4.71522101475234,16.8258221232647,6.67728210943381));
#1946=CARTESIAN_POINT('',(4.76789574581225,16.5871073768237,6.75510949278876));
#1947=CARTESIAN_POINT('',(4.80696119543271,16.3122171214268,6.81231826698611));
#1948=CARTESIAN_POINT('',(4.81738674611122,16.1149639490937,6.82734734995824));
#1949=CARTESIAN_POINT('',(4.81738111148827,16.,6.8273379958589));
#1950=CARTESIAN_POINT('',(3.70820393249938,18.,5.10390485011223));
#1951=CARTESIAN_POINT('',(3.83174861200868,18.0001113160089,5.28047243548872));
#1952=CARTESIAN_POINT('',(4.01094134220422,17.9494171196238,5.53518293846424));
#1953=CARTESIAN_POINT('',(4.22872139307396,17.7960148659734,5.84311772521362));
#1954=CARTESIAN_POINT('',(4.37110009406299,17.6547750754985,6.04386735505479));
#1955=CARTESIAN_POINT('',(4.50098457297438,17.4826350946407,6.22653942577561));
#1956=CARTESIAN_POINT('',(4.6163600499045,17.281616678473,6.38843005298846));
#1957=CARTESIAN_POINT('',(4.71296700693442,17.0598805821286,6.52369375542806));
#1958=CARTESIAN_POINT('',(4.78883978535967,16.8260568521478,6.62971210463534));
#1959=CARTESIAN_POINT('',(4.84400436966493,16.5872295874392,6.70664448983925));
#1960=CARTESIAN_POINT('',(4.88476506777291,16.3122144276458,6.76337725403502));
#1961=CARTESIAN_POINT('',(4.89556816114223,16.1149256340754,6.77836099968875));
#1962=CARTESIAN_POINT('',(4.89556169433879,16.,6.77835175269766));
#1963=CARTESIAN_POINT('',(3.70820393249938,18.,5.10390485011223));
#1964=CARTESIAN_POINT('',(3.84341688107407,18.0001133759573,5.27199317654855));
#1965=CARTESIAN_POINT('',(4.03705815488778,17.9494337801209,5.51613696134488));
#1966=CARTESIAN_POINT('',(4.26946438636516,17.7960109195482,5.81321035180629));
#1967=CARTESIAN_POINT('',(4.42036502524904,17.6547428396002,6.00753859414078));
#1968=CARTESIAN_POINT('',(4.55717120806882,17.4825703531442,6.18488886746936));
#1969=CARTESIAN_POINT('',(4.67799193518104,17.2815285907572,6.34247770270623));
#1970=CARTESIAN_POINT('',(4.77860741871035,17.0597898185519,6.47446315684703));
#1971=CARTESIAN_POINT('',(4.85722177182112,16.8259859923141,6.57814318106897));
#1972=CARTESIAN_POINT('',(4.91409617513542,16.5871923114845,6.65354198147579));
#1973=CARTESIAN_POINT('',(4.95591053450022,16.3122132015214,6.70926835689091));
#1974=CARTESIAN_POINT('',(4.96689593141149,16.1149308986941,6.72404667181719));
#1975=CARTESIAN_POINT('',(4.96688892372231,16.,6.7240379763077));
#1976=CARTESIAN_POINT('',(3.70820393249938,18.,5.10390485011223));
#1977=CARTESIAN_POINT('',(3.8536945755738,18.0001234799381,5.26451741573653));
#1978=CARTESIAN_POINT('',(4.06044655084469,17.9495035423013,5.4988007600347));
#1979=CARTESIAN_POINT('',(4.30649747633869,17.795955644454,5.7848229831766));
#1980=CARTESIAN_POINT('',(4.46545577116355,17.654531187348,5.97218302991007));
#1981=CARTESIAN_POINT('',(4.60885917110998,17.482183391113,6.14332002268239));
#1982=CARTESIAN_POINT('',(4.73488113415662,17.281015832833,6.29545375296631));
#1983=CARTESIAN_POINT('',(4.83931400072105,17.059260341671,6.42289067620642));
#1984=CARTESIAN_POINT('',(4.92052366307445,16.8255604674201,6.52300405486428));
#1985=CARTESIAN_POINT('',(4.97900818428606,16.5869476635181,6.59581933432495));
#1986=CARTESIAN_POINT('',(5.02181544129212,16.3121760336274,6.64965547326759));
#1987=CARTESIAN_POINT('',(5.03297902520055,16.1149517780579,6.66395016336762));
#1988=CARTESIAN_POINT('',(5.03297188037985,16.,6.66394233779079));
#1989=CARTESIAN_POINT('',(3.70820393249938,18.,5.10390485011223));
#1990=CARTESIAN_POINT('',(3.8601000149973,18.0001405057653,5.25984945962535));
#1991=CARTESIAN_POINT('',(4.07610928315001,17.9495771194344,5.48686066065093));
#1992=CARTESIAN_POINT('',(4.33304168842994,17.7957316490208,5.76311586683783));
#1993=CARTESIAN_POINT('',(4.49887791843285,17.6539806655422,5.94365450042927));
#1994=CARTESIAN_POINT('',(4.6482670269629,17.4812825113303,6.10811485545417));
#1995=CARTESIAN_POINT('',(4.77929079113436,17.2798681079144,6.2538651600134));
#1996=CARTESIAN_POINT('',(4.8876206709272,17.0580830263455,6.3755577167989));
#1997=CARTESIAN_POINT('',(4.97166400559471,16.8245996441967,6.47085261038191));
#1998=CARTESIAN_POINT('',(5.03205871041948,16.5863677924262,6.5399587495016));
#1999=CARTESIAN_POINT('',(5.07618279333684,16.3120473675564,6.59091867077777));
#2000=CARTESIAN_POINT('',(5.08766403467164,16.1149049319613,6.60440094129609));
#2001=CARTESIAN_POINT('',(5.08765727554926,16.,6.60439410443823));
#2002=CARTESIAN_POINT('',(3.70820393249938,18.,5.10390485011223));
#2003=CARTESIAN_POINT('',(3.86167748264876,18.0001567467431,5.25869029123176));
#2004=CARTESIAN_POINT('',(4.08147166591543,17.9495781652195,5.4824539386015));
#2005=CARTESIAN_POINT('',(4.34443058420094,17.7952899529755,5.7526274795992));
#2006=CARTESIAN_POINT('',(4.51460184247307,17.6530998881605,5.92834429522066));
#2007=CARTESIAN_POINT('',(4.6681689529823,17.4799374461416,6.08763247862313));
#2008=CARTESIAN_POINT('',(4.80300705834743,17.278173670261,6.22808510077029));
#2009=CARTESIAN_POINT('',(4.91456499543361,17.0562929935276,6.34475352172267));
#2010=CARTESIAN_POINT('',(5.00115609488264,16.8230320394143,6.4356582109516));
#2011=CARTESIAN_POINT('',(5.06342050175717,16.5853065433727,6.5012694485249));
#2012=CARTESIAN_POINT('',(5.10895620973961,16.3117560658324,6.54943680169301));
#2013=CARTESIAN_POINT('',(5.12083855604852,16.1150600447864,6.56209221247091));
#2014=CARTESIAN_POINT('',(5.1208324308002,16.,6.5620860887607));
#2015=CARTESIAN_POINT('',(3.70820393249938,18.,5.10390485011223));
#2016=CARTESIAN_POINT('',(3.86172438031158,18.0001644840182,5.25865004300487));
#2017=CARTESIAN_POINT('',(4.08256935567904,17.9495583506837,5.48141717577585));
#2018=CARTESIAN_POINT('',(4.34779762905136,17.7950033099403,5.74914218103781));
#2019=CARTESIAN_POINT('',(4.51974941185603,17.6525544991425,5.92277937662111));
#2020=CARTESIAN_POINT('',(4.67513428451218,17.47911302796,6.07974179906348));
#2021=CARTESIAN_POINT('',(4.81170640792861,17.2771190677305,6.21774545708268));
#2022=CARTESIAN_POINT('',(4.92478666891256,17.055129706944,6.33204642817296));
#2023=CARTESIAN_POINT('',(5.01261900126455,16.8219189037564,6.42085330786489));
#2024=CARTESIAN_POINT('',(5.07582193834384,16.5844064127419,6.4847761410093));
#2025=CARTESIAN_POINT('',(5.12208639393934,16.3112288713046,6.53158150921866));
#2026=CARTESIAN_POINT('',(5.13418466867637,16.1149401588684,6.54382775419462));
#2027=CARTESIAN_POINT('',(5.1341788897081,16.,6.54382193337367));
#2028=CARTESIAN_POINT('',(3.70820393249938,18.,5.10390485011223));
#2029=CARTESIAN_POINT('',(3.86172406197609,18.0001651158465,5.25864977015026));
#2030=CARTESIAN_POINT('',(4.08265046086738,17.9495566038049,5.48133872988042));
#2031=CARTESIAN_POINT('',(4.34806060943829,17.794979399606,5.74886633266391));
#2032=CARTESIAN_POINT('',(4.52015619529131,17.6525091206479,5.92233490491263));
#2033=CARTESIAN_POINT('',(4.67568857473083,17.4790444534452,6.07910812873519));
#2034=CARTESIAN_POINT('',(4.81240189106553,17.2770312321909,6.21691215011325));
#2035=CARTESIAN_POINT('',(4.92560644750855,17.0550324552645,6.33101985764613));
#2036=CARTESIAN_POINT('',(5.01354036208925,16.8218252951936,6.41965531298883));
#2037=CARTESIAN_POINT('',(5.07682026809882,16.5843293478083,6.48344006896094));
#2038=CARTESIAN_POINT('',(5.12314460133303,16.3111827363359,6.53013397982841));
#2039=CARTESIAN_POINT('',(5.13526066604275,16.1149230465163,6.54234670705237));
#2040=CARTESIAN_POINT('',(5.13525491562423,16.,6.54234091075674));
#2041=FACE_BOUND('',#2042,.T.);
#2042=EDGE_LOOP('',(#4333,#4334,#4335,#4336));
#2043=CYLINDRICAL_SURFACE('',#2044,2.);
#2044=AXIS2_PLACEMENT_3D('',#2045,#2046,#2047);
#2045=CARTESIAN_POINT('',(-1.18506109146543,16.,11.8389063611714));
#2046=DIRECTION('',(0.58778525229247,0.,-0.80901699437495));
#2047=DIRECTION('',(5.08655282373243E-16,1.,3.69559694738734E-16));
#2048=FACE_BOUND('',#2049,.T.);
#2049=EDGE_LOOP('',(#4337,#4338,#4339));
#2050=B_SPLINE_SURFACE_WITH_KNOTS('',3,3,(
(#2051,#2052,#2053,#2054,#2055,#2056,#2057,#2058,#2059,#2060,#2061,#2062,#2063),
(#2064,#2065,#2066,#2067,#2068,#2069,#2070,#2071,#2072,#2073,#2074,#2075,#2076),
(#2077,#2078,#2079,#2080,#2081,#2082,#2083,#2084,#2085,#2086,#2087,#2088,#2089),
(#2090,#2091,#2092,#2093,#2094,#2095,#2096,#2097,#2098,#2099,#2100,#2101,#2102),
(#2103,#2104,#2105,#2106,#2107,#2108,#2109,#2110,#2111,#2112,#2113,#2114,#2115),
(#2116,#2117,#2118,#2119,#2120,#2121,#2122,#2123,#2124,#2125,#2126,#2127,#2128),
(#2129,#2130,#2131,#2132,#2133,#2134,#2135,#2136,#2137,#2138,#2139,#2140,#2141),
(#2142,#2143,#2144,#2145,#2146,#2147,#2148,#2149,#2150,#2151,#2152,#2153,#2154),
(#2155,#2156,#2157,#2158,#2159,#2160,#2161,#2162,#2163,#2164,#2165,#2166,#2167),
(#2168,#2169,#2170,#2171,#2172,#2173,#2174,#2175,#2176,#2177,#2178,#2179,#2180),
(#2181,#2182,#2183,#2184,#2185,#2186,#2187,#2188,#2189,#2190,#2191,#2192,#2193)),
.UNSPECIFIED.,.F.,.F.,.F.,
(4,1,1,1,1,1,1,1,4),
(4,1,1,1,1,1,1,1,1,1,4),
(0.,0.165638090986451,0.315774489518718,0.465910888050984,0.605656148844564,0.743421039410704,
0.891993330113275,0.991259315722892,1.),
(0.,0.20684503071426,0.297655585213393,0.385482840532985,0.474569610528373,0.56342417626765,
0.650622548437916,0.733968148664298,0.813825890439677,0.891021860975269,1.),
.UNSPECIFIED.);
#2051=CARTESIAN_POINT('',(6.,18.,1.94951817739742));
#2052=CARTESIAN_POINT('',(6.19461149355399,18.0001651158465,2.04770568683422));
#2053=CARTESIAN_POINT('',(6.47467129157712,17.9495566038043,2.1890045051061));
#2054=CARTESIAN_POINT('',(6.81112140788211,17.7949793996041,2.35875398067117));
#2055=CARTESIAN_POINT('',(7.02928028457739,17.6525091206451,2.46882187220764));
#2056=CARTESIAN_POINT('',(7.2264426290973,17.479044453441,2.5682963647446));
#2057=CARTESIAN_POINT('',(7.39974877970646,17.2770312321839,2.65573467061056));
#2058=CARTESIAN_POINT('',(7.54325379029682,17.0550324552549,2.72813738087323));
#2059=CARTESIAN_POINT('',(7.65472419166155,16.8218252951826,2.78437764133298));
#2060=CARTESIAN_POINT('',(7.73494166582609,16.5843293478004,2.82484983471523));
#2061=CARTESIAN_POINT('',(7.79366522024872,16.3111827363321,2.85447768170795));
#2062=CARTESIAN_POINT('',(7.80902428395672,16.1149230465158,2.86222680374196));
#2063=CARTESIAN_POINT('',(7.80901699437495,16.,2.8622231259228));
#2064=CARTESIAN_POINT('',(6.,18.,1.94951817739742));
#2065=CARTESIAN_POINT('',(6.19461827530075,18.0001531425482,2.04770982629372));
#2066=CARTESIAN_POINT('',(6.4756101548092,17.9495897075815,2.18708339138374));
#2067=CARTESIAN_POINT('',(6.81455295550172,17.7954325062507,2.35239899684824));
#2068=CARTESIAN_POINT('',(7.03490878570715,17.6533690541449,2.4588877123557));
#2069=CARTESIAN_POINT('',(7.23461721812644,17.480343957162,2.55459578958305));
#2070=CARTESIAN_POINT('',(7.41069455216617,17.2786957370076,2.63832034886365));
#2071=CARTESIAN_POINT('',(7.55695483630667,17.0568753982173,2.70735117170115));
#2072=CARTESIAN_POINT('',(7.67091991606267,16.823599200197,2.76075678890491));
#2073=CARTESIAN_POINT('',(7.75317519488935,16.5857897470209,2.79903321771312));
#2074=CARTESIAN_POINT('',(7.81355687706931,16.3120570051996,2.82692921656313));
#2075=CARTESIAN_POINT('',(7.82941584577326,16.1152473297471,2.83416143614505));
#2076=CARTESIAN_POINT('',(7.8294079469918,16.,2.83415738739979));
#2077=CARTESIAN_POINT('',(6.,18.,1.94951817739742));
#2078=CARTESIAN_POINT('',(6.19570404910849,18.0001343852146,2.04440794240496));
#2079=CARTESIAN_POINT('',(6.47931770900068,17.949560307452,2.17723481653014));
#2080=CARTESIAN_POINT('',(6.82312498519282,17.7958403210967,2.33278115706928));
#2081=CARTESIAN_POINT('',(7.04739556902449,17.6542197930864,2.43232630283986));
#2082=CARTESIAN_POINT('',(7.25140335739774,17.4816581986451,2.52132196147712));
#2083=CARTESIAN_POINT('',(7.43200277437227,17.280337375909,2.59883508314645));
#2084=CARTESIAN_POINT('',(7.58265880313789,17.0585574350012,2.66250612336921));
#2085=CARTESIAN_POINT('',(7.70054190607937,16.8249767465566,2.71159499304787));
#2086=CARTESIAN_POINT('',(7.78595974017008,16.5865703533655,2.74665138404426));
#2087=CARTESIAN_POINT('',(7.84888861827423,16.3120379831589,2.77209439264955));
#2088=CARTESIAN_POINT('',(7.86550354140884,16.1148325156592,2.77863224934998));
#2089=CARTESIAN_POINT('',(7.86549460125156,16.,2.77862783329612));
#2090=CARTESIAN_POINT('',(6.,18.,1.94951817739742));
#2091=CARTESIAN_POINT('',(6.1993219204563,18.0001178015915,2.0333097635224));
#2092=CARTESIAN_POINT('',(6.48830255846355,17.9494672010325,2.15103624618107));
#2093=CARTESIAN_POINT('',(6.83919725956625,17.7959954543577,2.2895914367556));
#2094=CARTESIAN_POINT('',(7.06843654805038,17.6546632871552,2.37856810912088));
#2095=CARTESIAN_POINT('',(7.27737379686994,17.4824181380325,2.45841698989141));
#2096=CARTESIAN_POINT('',(7.46277829690013,17.2813245200727,2.52825490252462));
#2097=CARTESIAN_POINT('',(7.61784834136483,17.0595802777706,2.58587572867287));
#2098=CARTESIAN_POINT('',(7.73950188249477,16.8258221232537,2.63049732899895));
#2099=CARTESIAN_POINT('',(7.82786242325424,16.5871073768158,2.66249957467438));
#2100=CARTESIAN_POINT('',(7.8930935096632,16.312217121423,2.68582035006567));
#2101=CARTESIAN_POINT('',(7.91036183066395,16.1149639490933,2.69185114866401));
#2102=CARTESIAN_POINT('',(7.91035177395659,16.,2.69184689298696));
#2103=CARTESIAN_POINT('',(6.,18.,1.94951817739742));
#2104=CARTESIAN_POINT('',(6.20373356800616,18.000111316009,2.01974661400843));
#2105=CARTESIAN_POINT('',(6.49841860925729,17.9494171196232,2.12048489543476));
#2106=CARTESIAN_POINT('',(6.8556058977669,17.7960148659715,2.24160146892979));
#2107=CARTESIAN_POINT('',(7.08879035832817,17.6547750754957,2.32032323040387));
#2108=CARTESIAN_POINT('',(7.30124105824901,17.4826350946365,2.39176385880898));
#2109=CARTESIAN_POINT('',(7.48973870298094,17.2816166784662,2.45492012363885));
#2110=CARTESIAN_POINT('',(7.64740138245773,17.059880582119,2.50756661302354));
#2111=CARTESIAN_POINT('',(7.7710997717495,16.8260568521367,2.54874035903862));
#2112=CARTESIAN_POINT('',(7.86094857938394,16.5872295874312,2.57855503698197));
#2113=CARTESIAN_POINT('',(7.92727135897009,16.3122144276419,2.6004942701326));
#2114=CARTESIAN_POINT('',(7.9448184698167,16.114925634075,2.60626647604409));
#2115=CARTESIAN_POINT('',(7.94480780281782,16.,2.60626279616284));
#2116=CARTESIAN_POINT('',(6.,18.,1.94951817739742));
#2117=CARTESIAN_POINT('',(6.20818941261974,18.0001133759573,2.00602831294931));
#2118=CARTESIAN_POINT('',(6.50835261009122,17.9494337801203,2.08972529893756));
#2119=CARTESIAN_POINT('',(6.87098855871796,17.7960109195462,2.19345776499404));
#2120=CARTESIAN_POINT('',(7.10729301498553,17.6547428395974,2.26197544543196));
#2121=CARTESIAN_POINT('',(7.32221541697551,17.4825703531401,2.32504217382787));
#2122=CARTESIAN_POINT('',(7.51258983176151,17.2815285907503,2.38151757809064));
#2123=CARTESIAN_POINT('',(7.6715685712953,17.0597898185423,2.42915575612996));
#2124=CARTESIAN_POINT('',(7.79611050815757,16.825985992303,2.46682630032528));
#2125=CARTESIAN_POINT('',(7.88644116990072,16.5871923114765,2.4943952757079));
#2126=CARTESIAN_POINT('',(7.95302483886662,16.3122132015175,2.51490099668438));
#2127=CARTESIAN_POINT('',(7.97059868722482,16.1149308986936,2.5203998503128));
#2128=CARTESIAN_POINT('',(7.97058790679293,16.,2.52039693451421));
#2129=CARTESIAN_POINT('',(6.00000000000001,18.,1.94951817739742));
#2130=CARTESIAN_POINT('',(6.21211010017785,18.0001234799381,1.99393921815262));
#2131=CARTESIAN_POINT('',(6.51708425643015,17.9495035423007,2.06195266324289));
#2132=CARTESIAN_POINT('',(6.88426328122812,17.7959556444522,2.14872439721603));
#2133=CARTESIAN_POINT('',(7.12299071547724,17.6545311873451,2.20686851766295));
#2134=CARTESIAN_POINT('',(7.3395983035588,17.4821833911088,2.26103084956518));
#2135=CARTESIAN_POINT('',(7.53097417636635,17.2810158328261,2.31003577143926));
#2136=CARTESIAN_POINT('',(7.69036768426651,17.0592603416614,2.35175030923033));
#2137=CARTESIAN_POINT('',(7.81491284874894,16.8255604674091,2.38500989205368));
#2138=CARTESIAN_POINT('',(7.90502756772282,16.5869476635101,2.40954235153123));
#2139=CARTESIAN_POINT('',(7.97130345463229,16.3121760336235,2.42793522848764));
#2140=CARTESIAN_POINT('',(7.98873719175886,16.1149517780575,2.43293808572367));
#2141=CARTESIAN_POINT('',(7.98872681171884,16.,2.43293595431927));
#2142=CARTESIAN_POINT('',(5.99999999999999,18.,1.94951817739742));
#2143=CARTESIAN_POINT('',(6.21454845376727,18.0001405057653,1.98639773950234));
#2144=CARTESIAN_POINT('',(6.52273745871466,17.9495771194338,2.04308659686796));
#2145=CARTESIAN_POINT('',(6.89297887705815,17.7957316490187,2.11556067479953));
#2146=CARTESIAN_POINT('',(7.13326115170781,17.6539806655394,2.16414340722553));
#2147=CARTESIAN_POINT('',(7.35078685055404,17.481282511326,2.20938591449534));
#2148=CARTESIAN_POINT('',(7.54245718197397,17.2798681079076,2.25028655154014));
#2149=CARTESIAN_POINT('',(7.70162698591747,17.0580830263359,2.28506319234425));
#2150=CARTESIAN_POINT('',(7.82563240499316,16.8245996441858,2.3127589480592));
#2151=CARTESIAN_POINT('',(7.9151123169814,16.5863677924183,2.33316787220981));
#2152=CARTESIAN_POINT('',(7.98076294010513,16.3120473675524,2.3484598293443));
#2153=CARTESIAN_POINT('',(7.99797613923922,16.1149049319608,2.35261871098175));
#2154=CARTESIAN_POINT('',(7.99796665239012,16.,2.35261715275999));
#2155=CARTESIAN_POINT('',(6.00000000000001,18.,1.94951817739743));
#2156=CARTESIAN_POINT('',(6.21514330981892,18.0001567467431,1.98453274035061));
#2157=CARTESIAN_POINT('',(6.52448551127086,17.9495781652189,2.03636955433295));
#2158=CARTESIAN_POINT('',(6.89602776794527,17.7952899529738,2.10038116630503));
#2159=CARTESIAN_POINT('',(7.13698296064381,17.6530998881578,2.1425149003648));
#2160=CARTESIAN_POINT('',(7.35484860789178,17.4799374461378,2.18111726494713));
#2161=CARTESIAN_POINT('',(7.54649090656665,17.2781736702544,2.21548997338929));
#2162=CARTESIAN_POINT('',(7.70531915077103,17.0562929935184,2.24430459845221));
#2163=CARTESIAN_POINT('',(7.82880525747882,16.8230320394035,2.26695106567151));
#2164=CARTESIAN_POINT('',(7.91774353861259,16.585306543365,2.28343357178679));
#2165=CARTESIAN_POINT('',(7.98289476005369,16.3117560658288,2.29563656146929));
#2166=CARTESIAN_POINT('',(7.99994644396728,16.1150600447859,2.29889073593645));
#2167=CARTESIAN_POINT('',(7.99993788911073,16.,2.29888938208146));
#2168=CARTESIAN_POINT('',(6.,18.,1.94951817739742));
#2169=CARTESIAN_POINT('',(6.21515759351095,18.0001644840183,1.98447261309634));
#2170=CARTESIAN_POINT('',(6.52476416704529,17.9495583506831,2.03488558973271));
#2171=CARTESIAN_POINT('',(6.89670315735608,17.7950033099385,2.09558240123025));
#2172=CARTESIAN_POINT('',(7.13787645467162,17.6525544991398,2.13498712127519));
#2173=CARTESIAN_POINT('',(7.35584565439548,17.479113027956,2.17063945193322));
#2174=CARTESIAN_POINT('',(7.54745133814456,17.2771190677238,2.20201167653889));
#2175=CARTESIAN_POINT('',(7.7061196161387,17.0551297069346,2.22801619489317));
#2176=CARTESIAN_POINT('',(7.82937683985092,16.8219189037456,2.2482359201506));
#2177=CARTESIAN_POINT('',(7.91808198864685,16.5844064127341,2.26280082417608));
#2178=CARTESIAN_POINT('',(7.98302222461891,16.3112288713008,2.27347359778101));
#2179=CARTESIAN_POINT('',(8.00000809667626,16.114940158868,2.27626983061523));
#2180=CARTESIAN_POINT('',(8.,16.,2.27626851826449));
#2181=CARTESIAN_POINT('',(6.,18.,1.94951817739742));
#2182=CARTESIAN_POINT('',(6.21515717559222,18.0001651158465,1.98447257946524));
#2183=CARTESIAN_POINT('',(6.52478367318059,17.9495566038043,2.03477445323637));
#2184=CARTESIAN_POINT('',(6.89675377335233,17.7949793996041,2.09520465921411));
#2185=CARTESIAN_POINT('',(7.13794429546862,17.6525091206451,2.13438843480425));
#2186=CARTESIAN_POINT('',(7.35592162252854,17.479044453441,2.16980099825122));
#2187=CARTESIAN_POINT('',(7.5475241902745,17.2770312321839,2.20092872230596));
#2188=CARTESIAN_POINT('',(7.70617942793848,17.0550324552548,2.22670382811971));
#2189=CARTESIAN_POINT('',(7.82941807269565,16.8218252951826,2.24672515962906));
#2190=CARTESIAN_POINT('',(7.91810433093863,16.5843293478004,2.26113311567322));
#2191=CARTESIAN_POINT('',(7.98302749595613,16.3111827363321,2.27168052320121));
#2192=CARTESIAN_POINT('',(8.0000080591634,16.1149230465158,2.27443918292079));
#2193=CARTESIAN_POINT('',(8.,16.,2.27443787363033));
#2194=FACE_BOUND('',#2195,.T.);
#2195=EDGE_LOOP('',(#4340,#4341,#4342,#4343));
#2196=CYLINDRICAL_SURFACE('',#2197,2.);
#2197=AXIS2_PLACEMENT_3D('',#2198,#2199,#2200);
#2198=CARTESIAN_POINT('',(6.,16.,10.2744378736303));
#2199=DIRECTION('',(0.,0.,-1.));
#2200=DIRECTION('',(4.44089209850063E-16,1.,0.));
#2201=FACE_BOUND('',#2202,.T.);
#2202=EDGE_LOOP('',(#4344,#4345,#4346));
#2203=B_SPLINE_SURFACE_WITH_KNOTS('',3,3,(
(#2204,#2205,#2206,#2207,#2208,#2209,#2210,#2211,#2212,#2213,#2214,#2215,#2216),
(#2217,#2218,#2219,#2220,#2221,#2222,#2223,#2224,#2225,#2226,#2227,#2228,#2229),
(#2230,#2231,#2232,#2233,#2234,#2235,#2236,#2237,#2238,#2239,#2240,#2241,#2242),
(#2243,#2244,#2245,#2246,#2247,#2248,#2249,#2250,#2251,#2252,#2253,#2254,#2255),
(#2256,#2257,#2258,#2259,#2260,#2261,#2262,#2263,#2264,#2265,#2266,#2267,#2268),
(#2269,#2270,#2271,#2272,#2273,#2274,#2275,#2276,#2277,#2278,#2279,#2280,#2281),
(#2282,#2283,#2284,#2285,#2286,#2287,#2288,#2289,#2290,#2291,#2292,#2293,#2294),
(#2295,#2296,#2297,#2298,#2299,#2300,#2301,#2302,#2303,#2304,#2305,#2306,#2307),
(#2308,#2309,#2310,#2311,#2312,#2313,#2314,#2315,#2316,#2317,#2318,#2319,#2320),
(#2321,#2322,#2323,#2324,#2325,#2326,#2327,#2328,#2329,#2330,#2331,#2332,#2333),
(#2334,#2335,#2336,#2337,#2338,#2339,#2340,#2341,#2342,#2343,#2344,#2345,#2346)),
.UNSPECIFIED.,.F.,.F.,.F.,
(4,1,1,1,1,1,1,1,4),
(4,1,1,1,1,1,1,1,1,1,4),
(0.,0.165638090993529,0.315774489530822,0.465910888068114,0.605656148837391,0.743421039379165,
0.891993330142038,0.99125931574469,1.),
(0.,0.206845030714953,0.29765558521405,0.385482840533456,0.474569610528188,0.563424176266813,
0.650622548435761,0.733968148661963,0.813825890437937,0.891021860975734,1.),
.UNSPECIFIED.);
#2204=CARTESIAN_POINT('',(6.,18.,-1.94951817739745));
#2205=CARTESIAN_POINT('',(6.21515717559284,18.0001651158465,-1.98447257946549));
#2206=CARTESIAN_POINT('',(6.52478367318202,17.949556603804,-2.0347744532366));
#2207=CARTESIAN_POINT('',(6.89675377335404,17.7949793996032,-2.09520465921442));
#2208=CARTESIAN_POINT('',(7.1379442954694,17.6525091206445,-2.13438843480441));
#2209=CARTESIAN_POINT('',(7.35592162252805,17.4790444534414,-2.16980099825116));
#2210=CARTESIAN_POINT('',(7.54752419027227,17.2770312321864,-2.20092872230562));
#2211=CARTESIAN_POINT('',(7.70617942793543,17.0550324552596,-2.22670382811926));
#2212=CARTESIAN_POINT('',(7.82941807269299,16.8218252951886,-2.24672515962864));
#2213=CARTESIAN_POINT('',(7.91810433093768,16.5843293478041,-2.26113311567309));
#2214=CARTESIAN_POINT('',(7.98302749595605,16.3111827363334,-2.27168052320122));
#2215=CARTESIAN_POINT('',(8.0000080591634,16.1149230465153,-2.27443918292081));
#2216=CARTESIAN_POINT('',(8.,16.,-2.27443787363036));
#2217=CARTESIAN_POINT('',(6.,18.,-1.94951817739745));
#2218=CARTESIAN_POINT('',(6.21516509525447,18.0001531425483,-1.98447321678313));
#2219=CARTESIAN_POINT('',(6.52441402717818,17.9495897075812,-2.03688051684796));
#2220=CARTESIAN_POINT('',(6.89579458792558,17.7954325062499,-2.10236296220982));
#2221=CARTESIAN_POINT('',(7.13665869588129,17.6533690541444,-2.14573368890655));
#2222=CARTESIAN_POINT('',(7.35448200794672,17.4803439571623,-2.18568989926512));
#2223=CARTESIAN_POINT('',(7.54614362470717,17.2786957370101,-2.22145096817198));
#2224=CARTESIAN_POINT('',(7.70504597979565,17.0568753982221,-2.25157349737466));
#2225=CARTESIAN_POINT('',(7.82863670026587,16.8235992002031,-2.27535443861888));
#2226=CARTESIAN_POINT('',(7.91768093907935,16.5857897470247,-2.29273659704702));
#2227=CARTESIAN_POINT('',(7.98292760283476,16.3120570052009,-2.30565972219658));
#2228=CARTESIAN_POINT('',(8.00000877004119,16.1152473297466,-2.30913040156855));
#2229=CARTESIAN_POINT('',(8.,16.,-2.30912903428502));
#2230=CARTESIAN_POINT('',(6.,18.,-1.94951817739745));
#2231=CARTESIAN_POINT('',(6.21410270606229,18.0001343852146,-1.98778269879438));
#2232=CARTESIAN_POINT('',(6.5216246544714,17.9495603074517,-2.0470274269514));
#2233=CARTESIAN_POINT('',(6.89119842871775,17.7958403210958,-2.12327264061973));
#2234=CARTESIAN_POINT('',(7.13114831099625,17.6542197930858,-2.17456186768336));
#2235=CARTESIAN_POINT('',(7.34850441443879,17.4816581986455,-2.222475636779));
#2236=CARTESIAN_POINT('',(7.54017348172005,17.2803373759115,-2.26591987793177));
#2237=CARTESIAN_POINT('',(7.69948166773671,17.058557435006,-2.30296231621957));
#2238=CARTESIAN_POINT('',(7.82370481501526,16.8249767465627,-2.33253853581877));
#2239=CARTESIAN_POINT('',(7.91341492404539,16.5865703533693,-2.35438466290315));
#2240=CARTESIAN_POINT('',(7.97928048110165,16.3120379831602,-2.3707895030468));
#2241=CARTESIAN_POINT('',(7.996565092028,16.1148325156587,-2.37526627265592));
#2242=CARTESIAN_POINT('',(7.99655526359749,16.,-2.37526459042595));
#2243=CARTESIAN_POINT('',(6.,18.,-1.94951817739745));
#2244=CARTESIAN_POINT('',(6.21050627959141,18.0001178015915,-1.99888784554069));
#2245=CARTESIAN_POINT('',(6.51349441709591,17.9494672010321,-2.0735036776021));
#2246=CARTESIAN_POINT('',(6.87881489117234,17.7959954543569,-2.16766090418569));
#2247=CARTESIAN_POINT('',(7.11657254714769,17.6546632871546,-2.2304207371569));
#2248=CARTESIAN_POINT('',(7.33254032672826,17.4824181380328,-2.28863186914282));
#2249=CARTESIAN_POINT('',(7.52358541318113,17.2813245200752,-2.34110984179748));
#2250=CARTESIAN_POINT('',(7.68290838630556,17.0595802777754,-2.38564149942257));
#2251=CARTESIAN_POINT('',(7.8075560871113,16.8258221232597,-2.42104802380839));
#2252=CARTESIAN_POINT('',(7.89785171426791,16.5871073768195,-2.44709468594257));
#2253=CARTESIAN_POINT('',(7.96433237958224,16.3122171214243,-2.46656965291168));
#2254=CARTESIAN_POINT('',(7.98184755921192,16.1149639490928,-2.47184069877214));
#2255=CARTESIAN_POINT('',(7.98183692174054,16.,-2.47183823050292));
#2256=CARTESIAN_POINT('',(6.,18.,-1.94951817739745));
#2257=CARTESIAN_POINT('',(6.20610315817358,18.0001113160089,-2.01245376536265));
#2258=CARTESIAN_POINT('',(6.50372084069786,17.9494171196229,-2.10416630502442));
#2259=CARTESIAN_POINT('',(6.86388196298543,17.7960148659706,-2.21613035925975));
#2260=CARTESIAN_POINT('',(7.09880364483153,17.6547750754951,-2.28950550338202));
#2261=CARTESIAN_POINT('',(7.31267161932398,17.4826350946369,-2.35658420916614));
#2262=CARTESIAN_POINT('',(7.5022917383668,17.2816166784686,-2.41628585328262));
#2263=CARTESIAN_POINT('',(7.66078835548659,17.0598805821237,-2.46636574650955));
#2264=CARTESIAN_POINT('',(7.78506377529002,16.8260568521428,-2.50576357521959));
#2265=CARTESIAN_POINT('',(7.87527761558925,16.587229587435,-2.53445479814582));
#2266=CARTESIAN_POINT('',(7.94182942908203,16.3122144276432,-2.55568913741554));
#2267=CARTESIAN_POINT('',(7.95941815746718,16.1149256340745,-2.56133325771412));
#2268=CARTESIAN_POINT('',(7.95940736470387,16.,-2.56132996489596));
#2269=CARTESIAN_POINT('',(6.,18.,-1.94951817739745));
#2270=CARTESIAN_POINT('',(6.20164459714164,18.0001133759573,-2.02617118380234));
#2271=CARTESIAN_POINT('',(6.4936775790082,17.9494337801201,-2.13489040051394));
#2272=CARTESIAN_POINT('',(6.84802863795101,17.7960109195454,-2.2641211351589));
#2273=CARTESIAN_POINT('',(7.079476641,17.6547428395968,-2.3475854417137));
#2274=CARTESIAN_POINT('',(7.29042220954211,17.4825703531404,-2.42289160493787));
#2275=CARTESIAN_POINT('',(7.47763375613944,17.2815285907528,-2.48910131654922));
#2276=CARTESIAN_POINT('',(7.63425127666342,17.059789818547,-2.54400657945983));
#2277=CARTESIAN_POINT('',(7.75715001042156,16.8259859923091,-2.58673438279804));
#2278=CARTESIAN_POINT('',(7.84643368803737,16.5871923114802,-2.61752564399892));
#2279=CARTESIAN_POINT('',(7.91235396815709,16.3122132015189,-2.64007306590899));
#2280=CARTESIAN_POINT('',(7.92980365520282,16.1149308986931,-2.64595404876499));
#2281=CARTESIAN_POINT('',(7.92979321978681,16.,-2.64595007111674));
#2282=CARTESIAN_POINT('',(6.,18.,-1.94951817739745));
#2283=CARTESIAN_POINT('',(6.19771070837054,18.0001234799381,-2.03825598926562));
#2284=CARTESIAN_POINT('',(6.48441728360623,17.9495035423004,-2.16249126771712));
#2285=CARTESIAN_POINT('',(6.83247450019153,17.7959556444513,-2.3081138760286));
#2286=CARTESIAN_POINT('',(7.0597853080281,17.6545311873446,-2.40139475963273));
#2287=CARTESIAN_POINT('',(7.26686034781747,17.4821833911092,-2.48489525847711));
#2288=CARTESIAN_POINT('',(7.45049105159794,17.2810158328286,-2.55773735955304));
#2289=CARTESIAN_POINT('',(7.60396229840135,17.0592603416661,-2.61767874282198));
#2290=CARTESIAN_POINT('',(7.72427094531627,16.8255604674151,-2.66397698601924));
#2291=CARTESIAN_POINT('',(7.81159510229463,16.5869476635138,-2.69709791221596));
#2292=CARTESIAN_POINT('',(7.87602448294479,16.3121760336249,-2.72117375109105));
#2293=CARTESIAN_POINT('',(7.89306927825845,16.114951778057,-2.72737364814201));
#2294=CARTESIAN_POINT('',(7.89305962782158,16.,-2.72736927124996));
#2295=CARTESIAN_POINT('',(6.,18.,-1.94951817739745));
#2296=CARTESIAN_POINT('',(6.19525060793129,18.0001405057654,-2.045790401937));
#2297=CARTESIAN_POINT('',(6.47790162474242,17.9495771194335,-2.18107710496443));
#2298=CARTESIAN_POINT('',(6.82003241838545,17.795731649018,-2.34006678975717));
#2299=CARTESIAN_POINT('',(7.04298107565911,17.6539806655388,-2.44199691101778));
#2300=CARTESIAN_POINT('',(7.2455559412876,17.4812825113265,-2.53325335154456));
#2301=CARTESIAN_POINT('',(7.42466128798631,17.27986810791,-2.61282503520476));
#2302=CARTESIAN_POINT('',(7.57387356095595,17.0580830263407,-2.67824780515506));
#2303=CARTESIAN_POINT('',(7.69047520914332,16.8245996441918,-2.72873002464694));
#2304=CARTESIAN_POINT('',(7.77486204322946,16.5863677924221,-2.76481383081606));
#2305=CARTESIAN_POINT('',(7.83696289991095,16.3120473675538,-2.79103084569331));
#2306=CARTESIAN_POINT('',(7.85333319983056,16.1149049319604,-2.79778390436686));
#2307=CARTESIAN_POINT('',(7.85332460890866,16.,-2.79777958876475));
#2308=CARTESIAN_POINT('',(6.00000000000001,18.,-1.94951817739745));
#2309=CARTESIAN_POINT('',(6.19463563758949,18.000156746743,-2.04764886555914));
#2310=CARTESIAN_POINT('',(6.47536765042646,17.9495781652187,-2.1875387860394));
#2311=CARTESIAN_POINT('',(6.81357673169662,17.7952899529726,-2.35413936319487));
#2312=CARTESIAN_POINT('',(7.03327916497552,17.6530998881571,-2.4616823650362));
#2313=CARTESIAN_POINT('',(7.23222607669276,17.4799374461377,-2.55851061050008));
#2314=CARTESIAN_POINT('',(7.40747172426309,17.2781736702565,-2.64334702210454));
#2315=CARTESIAN_POINT('',(7.55290328467195,17.0562929935225,-2.71339240033354));
#2316=CARTESIAN_POINT('',(7.6661169030154,16.8230320394092,-2.76765433587743));
#2317=CARTESIAN_POINT('',(7.74775765791948,16.5853065433684,-2.80659631833631));
#2318=CARTESIAN_POINT('',(7.80763884063919,16.31175606583,-2.83501881943381));
#2319=CARTESIAN_POINT('',(7.82334669846813,16.1150600447854,-2.84240886531852));
#2320=CARTESIAN_POINT('',(7.82333898166779,16.,-2.84240493219171));
#2321=CARTESIAN_POINT('',(6.,18.,-1.94951817739745));
#2322=CARTESIAN_POINT('',(6.19461185142585,18.0001644840183,-2.04770590527303));
#2323=CARTESIAN_POINT('',(6.47472083517686,17.9495583506828,-2.18890312837408));
#2324=CARTESIAN_POINT('',(6.81130248986832,17.7950033099375,-2.35841862962614));
#2325=CARTESIAN_POINT('',(7.02957729929803,17.652554499139,-2.46829764886008));
#2326=CARTESIAN_POINT('',(7.2268740002941,17.4791130279561,-2.56757338852021));
#2327=CARTESIAN_POINT('',(7.40032638561881,17.277119067726,-2.65481572082572));
#2328=CARTESIAN_POINT('',(7.54397679136481,17.0551297069391,-2.72704049735823));
#2329=CARTESIAN_POINT('',(7.65557883633919,16.8219189037513,-2.78313117434049));
#2330=CARTESIAN_POINT('',(7.73590384499219,16.5844064127376,-2.82348749772815));
#2331=CARTESIAN_POINT('',(7.79471489843889,16.311228871302,-2.85302395549005));
#2332=CARTESIAN_POINT('',(7.81010034201951,16.1149401588674,-2.86074580069967));
#2333=CARTESIAN_POINT('',(7.81009302029041,16.,-2.86074210330683));
#2334=CARTESIAN_POINT('',(6.,18.,-1.94951817739745));
#2335=CARTESIAN_POINT('',(6.19461149355462,18.0001651158465,-2.0477056868347));
#2336=CARTESIAN_POINT('',(6.47467129157839,17.949556603804,-2.18900450510673));
#2337=CARTESIAN_POINT('',(6.81112140788366,17.7949793996032,-2.35875398067199));
#2338=CARTESIAN_POINT('',(7.02928028457809,17.6525091206445,-2.46882187220804));
#2339=CARTESIAN_POINT('',(7.22644262909684,17.4790444534414,-2.5682963647444));
#2340=CARTESIAN_POINT('',(7.39974877970443,17.2770312321864,-2.65573467060958));
#2341=CARTESIAN_POINT('',(7.54325379029406,17.0550324552596,-2.72813738087189));
#2342=CARTESIAN_POINT('',(7.65472419165914,16.8218252951886,-2.78437764133178));
#2343=CARTESIAN_POINT('',(7.73494166582523,16.5843293478041,-2.82484983471484));
#2344=CARTESIAN_POINT('',(7.79366522024864,16.3111827363334,-2.85447768170794));
#2345=CARTESIAN_POINT('',(7.80902428395672,16.1149230465153,-2.86222680374199));
#2346=CARTESIAN_POINT('',(7.80901699437494,16.,-2.86222312592283));
#2347=FACE_BOUND('',#2348,.T.);
#2348=EDGE_LOOP('',(#4347,#4348,#4349,#4350));
#2349=CYLINDRICAL_SURFACE('',#2350,2.);
#2350=AXIS2_PLACEMENT_3D('',#2351,#2352,#2353);
#2351=CARTESIAN_POINT('',(10.8932650239649,16.,4.78548333366168));
#2352=DIRECTION('',(-0.587785252292476,-1.72890902767471E-16,-0.809016994374946));
#2353=DIRECTION('',(4.79697599810021E-16,1.,-5.6222561535598E-16));
#2354=FACE_BOUND('',#2355,.T.);
#2355=EDGE_LOOP('',(#4351,#4352,#4353));
#2356=B_SPLINE_SURFACE_WITH_KNOTS('',3,3,(
(#2357,#2358,#2359,#2360,#2361,#2362,#2363,#2364,#2365,#2366,#2367,#2368,#2369),
(#2370,#2371,#2372,#2373,#2374,#2375,#2376,#2377,#2378,#2379,#2380,#2381,#2382),
(#2383,#2384,#2385,#2386,#2387,#2388,#2389,#2390,#2391,#2392,#2393,#2394,#2395),
(#2396,#2397,#2398,#2399,#2400,#2401,#2402,#2403,#2404,#2405,#2406,#2407,#2408),
(#2409,#2410,#2411,#2412,#2413,#2414,#2415,#2416,#2417,#2418,#2419,#2420,#2421),
(#2422,#2423,#2424,#2425,#2426,#2427,#2428,#2429,#2430,#2431,#2432,#2433,#2434),
(#2435,#2436,#2437,#2438,#2439,#2440,#2441,#2442,#2443,#2444,#2445,#2446,#2447),
(#2448,#2449,#2450,#2451,#2452,#2453,#2454,#2455,#2456,#2457,#2458,#2459,#2460),
(#2461,#2462,#2463,#2464,#2465,#2466,#2467,#2468,#2469,#2470,#2471,#2472,#2473),
(#2474,#2475,#2476,#2477,#2478,#2479,#2480,#2481,#2482,#2483,#2484,#2485,#2486),
(#2487,#2488,#2489,#2490,#2491,#2492,#2493,#2494,#2495,#2496,#2497,#2498,#2499)),
.UNSPECIFIED.,.F.,.F.,.F.,
(4,1,1,1,1,1,1,1,4),
(4,1,1,1,1,1,1,1,1,1,4),
(0.,0.165638090989163,0.315774489524041,0.465910888058918,0.605656148874879,0.743421039461801,
0.891993330151264,0.991259315751487,1.),
(0.,0.206845030711959,0.297655585210485,0.385482840529726,0.474569610524443,0.563424176262674,
0.650622548430863,0.733968148656499,0.813825890432164,0.891021860971158,1.),
.UNSPECIFIED.);
#2357=CARTESIAN_POINT('',(3.70820393249935,18.,-5.10390485011225));
#2358=CARTESIAN_POINT('',(3.86172406197519,18.0001651158466,-5.25864977014961));
#2359=CARTESIAN_POINT('',(4.08265046086565,17.9495566038053,-5.48133872987859));
#2360=CARTESIAN_POINT('',(4.34806060943535,17.794979399608,-5.74886633266105));
#2361=CARTESIAN_POINT('',(4.520156195288,17.6525091206511,-5.92233490490934));
#2362=CARTESIAN_POINT('',(4.67568857472737,17.4790444534496,-6.07910812873174));
#2363=CARTESIAN_POINT('',(4.81240189106195,17.2770312321967,-6.21691215010973));
#2364=CARTESIAN_POINT('',(4.92560644750488,17.0550324552725,-6.33101985764249));
#2365=CARTESIAN_POINT('',(5.01354036208577,16.8218252952041,-6.41965531298539));
#2366=CARTESIAN_POINT('',(5.07682026809624,16.5843293478201,-6.48344006895838));
#2367=CARTESIAN_POINT('',(5.12314460133229,16.3111827363443,-6.53013397982774));
#2368=CARTESIAN_POINT('',(5.13526066604272,16.1149230465201,-6.5423467070524));
#2369=CARTESIAN_POINT('',(5.13525491562419,16.,-6.54234091075677));
#2370=CARTESIAN_POINT('',(3.70820393249935,18.,-5.10390485011225));
#2371=CARTESIAN_POINT('',(3.86173009451012,18.0001531425483,-5.25865494081072));
#2372=CARTESIAN_POINT('',(4.08111349783558,17.9495897075825,-5.48282529866171));
#2373=CARTESIAN_POINT('',(4.34307706719107,17.7954325062546,-5.75409372638591));
#2374=CARTESIAN_POINT('',(4.51244755032883,17.6533690541509,-5.93075775180488));
#2375=CARTESIAN_POINT('',(4.66518464037498,17.4803439571705,-6.0911163354536));
#2376=CARTESIAN_POINT('',(4.79922231659425,17.2786957370204,-6.23270351969876));
#2377=CARTESIAN_POINT('',(4.91007144388037,17.056875398235,-6.35047361861308));
#2378=CARTESIAN_POINT('',(4.99608035053964,16.8235992002186,-6.44235760703519));
#2379=CARTESIAN_POINT('',(5.05790167661544,16.5857897470406,-6.50875895898021));
#2380=CARTESIAN_POINT('',(5.10309131404592,16.3120570052119,-6.55756501356597));
#2381=CARTESIAN_POINT('',(5.11487025445027,16.1152473297514,-6.57041291033674));
#2382=CARTESIAN_POINT('',(5.11486396300701,16.,-6.57040664928024));
#2383=CARTESIAN_POINT('',(3.70820393249936,18.,-5.10390485011225));
#2384=CARTESIAN_POINT('',(3.85892533888025,18.0001343852146,-5.26070791130091));
#2385=CARTESIAN_POINT('',(4.07289264379744,17.949560307453,-5.48939476923527));
#2386=CARTESIAN_POINT('',(4.32706829568429,17.7958403211006,-5.76830845696625));
#2387=CARTESIAN_POINT('',(4.49104477697667,17.6542197930923,-5.95084131538153));
#2388=CARTESIAN_POINT('',(4.63872655163719,17.4816581986537,-6.11736308094386));
#2389=CARTESIAN_POINT('',(4.7682542001175,17.2803373759217,-6.26517046141279));
#2390=CARTESIAN_POINT('',(4.87536423101399,17.0585574350189,-6.3887774258109));
#2391=CARTESIAN_POINT('',(4.95847840255892,16.8249767465782,-6.48572162406034));
#2392=CARTESIAN_POINT('',(5.0182145740132,16.5865703533853,-6.55612579120394));
#2393=CARTESIAN_POINT('',(5.06185840591548,16.3120379831712,-6.60811238874457));
#2394=CARTESIAN_POINT('',(5.07321057074273,16.1148325156635,-6.62189381083336));
#2395=CARTESIAN_POINT('',(5.07320360816541,16.,-6.62188667287421));
#2396=CARTESIAN_POINT('',(3.70820393249935,18.,-5.10390485011225));
#2397=CARTESIAN_POINT('',(3.84948832726473,18.0001178015915,-5.2675782373028));
#2398=CARTESIAN_POINT('',(4.0507527939249,17.9494672010335,-5.5060356723313));
#2399=CARTESIAN_POINT('',(4.29095903666204,17.7959954543616,-5.79694045580041));
#2400=CARTESIAN_POINT('',(4.44641971663251,17.654663287161,-5.98746467103986));
#2401=CARTESIAN_POINT('',(4.58692567565069,17.482418138041,-6.16150114188613));
#2402=CARTESIAN_POINT('',(4.71063861888676,17.2813245200855,-6.316250197934));
#2403=CARTESIAN_POINT('',(4.81335856012708,17.0595802777883,-6.44592475969442));
#2404=CARTESIAN_POINT('',(4.89338923552058,16.8258221232753,-6.54783531990072));
#2405=CARTESIAN_POINT('',(4.95113008853563,16.5871073768356,-6.62198195020482));
#2406=CARTESIAN_POINT('',(4.9934669782013,16.3122171214353,-6.67681388408497));
#2407=CARTESIAN_POINT('',(5.00453881316114,16.1149639490976,-6.69137341404283));
#2408=CARTESIAN_POINT('',(5.00453165807827,16.,-6.69136516462229));
#2409=CARTESIAN_POINT('',(3.70820393249936,18.,-5.10390485011225));
#2410=CARTESIAN_POINT('',(3.83795227960343,18.000111316009,-5.27596520715025));
#2411=CARTESIAN_POINT('',(4.02482276432568,17.9494171196243,-5.5250974949407));
#2412=CARTESIAN_POINT('',(4.25038841310063,17.7960148659754,-5.82737571370412));
#2413=CARTESIAN_POINT('',(4.39731521846099,17.6547750755016,-6.02482095229701));
#2414=CARTESIAN_POINT('',(4.53091017037511,17.482635094645,-6.20479720658206));
#2415=CARTESIAN_POINT('',(4.6492243232068,17.2816166784789,-6.36455276077626));
#2416=CARTESIAN_POINT('',(4.74801455733258,17.0598805821367,-6.49823021955516));
#2417=CARTESIAN_POINT('',(4.82539802124903,16.8260568521583,-6.60315099150702));
#2418=CARTESIAN_POINT('',(4.88151827347397,16.5872295874511,-6.67938904332628));
#2419=CARTESIAN_POINT('',(4.92287859013339,16.3122144276542,-6.73568615914734));
#2420=CARTESIAN_POINT('',(4.93379063963355,16.1149256340793,-6.75059074353967));
#2421=CARTESIAN_POINT('',(4.93378384357457,16.,-6.75058173576672));
#2422=CARTESIAN_POINT('',(3.70820393249935,18.,-5.10390485011225));
#2423=CARTESIAN_POINT('',(3.8262823316974,18.0001133759573,-5.28444215536762));
#2424=CARTESIAN_POINT('',(3.99863842471566,17.9494337801214,-5.54405052922627));
#2425=CARTESIAN_POINT('',(4.20935453340233,17.7960109195501,-5.85688271633074));
#2426=CARTESIAN_POINT('',(4.34754081269511,17.6547428396033,-6.06044848162366));
#2427=CARTESIAN_POINT('',(4.47393551038222,17.4825703531486,-6.24536314168036));
#2428=CARTESIAN_POINT('',(4.58647574107765,17.281528590763,-6.40896810971665));
#2429=CARTESIAN_POINT('',(4.68090947298542,17.0597898185599,-6.54544486930762));
#2430=CARTESIAN_POINT('',(4.75522186451769,16.8259859923246,-6.65225045157036));
#2431=CARTESIAN_POINT('',(4.80935522779659,16.5871923114963,-6.72964073413529));
#2432=CARTESIAN_POINT('',(4.84943281261329,16.3122132015299,-6.78662895012449));
#2433=CARTESIAN_POINT('',(4.86009315098879,16.114930898698,-6.80164343390238));
#2434=CARTESIAN_POINT('',(4.86008704656287,16.,-6.80163408213369));
#2435=CARTESIAN_POINT('',(3.70820393249936,18.,-5.10390485011225));
#2436=CARTESIAN_POINT('',(3.81599647839996,18.0001234799381,-5.29190668655689));
#2437=CARTESIAN_POINT('',(3.97492330567076,17.9495035423018,-5.56093703478335));
#2438=CARTESIAN_POINT('',(4.17091268733123,17.795955644456,-5.88333109853554));
#2439=CARTESIAN_POINT('',(4.29998186616991,17.654531187351,-6.09240685915628));
#2440=CARTESIAN_POINT('',(4.41842873068822,17.4821833911172,-6.28167583626792));
#2441=CARTESIAN_POINT('',(4.52417357797505,17.2810158328386,-6.44854175349581));
#2442=CARTESIAN_POINT('',(4.61310176369767,17.0592603416788,-6.58724348674971));
#2443=CARTESIAN_POINT('',(4.6832200790627,16.8255604674305,-6.69541520068717));
#2444=CARTESIAN_POINT('',(4.73439881411705,16.5869476635298,-6.7735384444926));
#2445=CARTESIAN_POINT('',(4.77237185497395,16.3121760336358,-6.83088684706012));
#2446=CARTESIAN_POINT('',(4.78251717599655,16.1149517780619,-6.84592134845252));
#2447=CARTESIAN_POINT('',(4.78251194130174,16.,-6.84591213508801));
#2448=CARTESIAN_POINT('',(3.70820393249935,18.,-5.10390485011225));
#2449=CARTESIAN_POINT('',(3.80957759868584,18.0001405057655,-5.29655614369188));
#2450=CARTESIAN_POINT('',(3.95872754588905,17.9495771194348,-5.5721434847789));
#2451=CARTESIAN_POINT('',(4.14206538025295,17.7957316490226,-5.90186827656413));
#2452=CARTESIAN_POINT('',(4.26252161081681,17.653980665545,-6.11537740966765));
#2453=CARTESIAN_POINT('',(4.37276892982294,17.4812825113342,-6.30827593940293));
#2454=CARTESIAN_POINT('',(4.47089713692791,17.2798681079198,-6.47792626515239));
#2455=CARTESIAN_POINT('',(4.55315786218678,17.0580830263531,-6.61855917137487));
#2456=CARTESIAN_POINT('',(4.6178178730209,16.8245996442068,-6.72793687405644));
#2457=CARTESIAN_POINT('',(4.66487872678495,16.5863677924378,-6.80673062303471));
#2458=CARTESIAN_POINT('',(4.69970940050231,16.3120473675647,-6.86444260132763));
#2459=CARTESIAN_POINT('',(4.70898390304447,16.114904931965,-6.87952816142804));
#2460=CARTESIAN_POINT('',(4.70897948948992,16.,-6.87951962041541));
#2461=CARTESIAN_POINT('',(3.70820393249936,18.,-5.10390485011225));
#2462=CARTESIAN_POINT('',(3.80798769972005,18.000156746743,-5.29769820184753));
#2463=CARTESIAN_POINT('',(3.95287943676557,17.9495781652201,-5.57588166184672));
#2464=CARTESIAN_POINT('',(4.12857096888785,17.7952899529774,-5.90945867019777));
#2465=CARTESIAN_POINT('',(4.24310178064601,17.6530998881636,-6.1256006364879));
#2466=CARTESIAN_POINT('',(4.34713899851454,17.4799374461458,-6.32087439330086));
#2467=CARTESIAN_POINT('',(4.43905011399037,17.2781736702666,-6.49251529920143));
#2468=CARTESIAN_POINT('',(4.51553507756523,17.0562929935354,-6.63466572699284));
#2469=CARTESIAN_POINT('',(4.57523245332633,16.8230320394246,-6.74510985021757));
#2470=CARTESIAN_POINT('',(4.61839168849383,16.5853065433842,-6.8246018075421));
#2471=CARTESIAN_POINT('',(4.65013025598044,16.3117560658408,-6.88279337004832));
#2472=CARTESIAN_POINT('',(4.65849441992503,16.1150600447905,-6.89800488993639));
#2473=CARTESIAN_POINT('',(4.65849048873637,16.,-6.89799717214849));
#2474=CARTESIAN_POINT('',(3.70820393249936,18.,-5.10390485011225));
#2475=CARTESIAN_POINT('',(3.80793492920683,18.0001644840183,-5.29773036678923));
#2476=CARTESIAN_POINT('',(3.95155421193326,17.9495583506841,-5.57660524951677));
#2477=CARTESIAN_POINT('',(4.12421577890103,17.7950033099423,-5.91158390365704));
#2478=CARTESIAN_POINT('',(4.23621854213145,17.6525544991455,-6.12877661147245));
#2479=CARTESIAN_POINT('',(4.3374821104888,17.4791130279643,-6.32506046315864));
#2480=CARTESIAN_POINT('',(4.42652828162658,17.2771190677363,-6.49759374669194));
#2481=CARTESIAN_POINT('',(4.50029124262807,17.0551297069519,-6.64046040830549));
#2482=CARTESIAN_POINT('',(4.55760992089843,16.8219189037667,-6.75143675537279));
#2483=CARTESIAN_POINT('',(4.59887336624891,16.5844064127536,-6.8312995623024));
#2484=CARTESIAN_POINT('',(4.62909141366855,16.3112288713129,-6.88976332847641));
#2485=CARTESIAN_POINT('',(4.63699971225711,16.1149401588722,-6.90505376931672));
#2486=CARTESIAN_POINT('',(4.63699596212683,16.,-6.90504647445869));
#2487=CARTESIAN_POINT('',(3.70820393249936,18.,-5.10390485011225));
#2488=CARTESIAN_POINT('',(3.80793476807776,18.0001651158465,-5.29772997971747));
#2489=CARTESIAN_POINT('',(3.95145454257184,17.9495566038054,-5.57665814401975));
#2490=CARTESIAN_POINT('',(4.12387216609926,17.794979399608,-5.91174877103204));
#2491=CARTESIAN_POINT('',(4.23567012142303,17.6525091206511,-6.12902613619751));
#2492=CARTESIAN_POINT('',(4.33670816909761,17.4790444534496,-6.32539180958227));
#2493=CARTESIAN_POINT('',(4.42552084349604,17.2770312321967,-6.49799768444563));
#2494=CARTESIAN_POINT('',(4.49906159052304,17.0550324552725,-6.64092283634175));
#2495=CARTESIAN_POINT('',(4.55618584391428,16.8218252952041,-6.75194282081238));
#2496=CARTESIAN_POINT('',(4.59729418536302,16.5843293478201,-6.83183616135188));
#2497=CARTESIAN_POINT('',(4.62738772734359,16.3111827363443,-6.89032243233154));
#2498=CARTESIAN_POINT('',(4.63525865125187,16.1149230465202,-6.90561943488631));
#2499=CARTESIAN_POINT('',(4.63525491562419,16.,-6.90561217475945));
#2500=FACE_BOUND('',#2501,.T.);
#2501=EDGE_LOOP('',(#4354,#4355,#4356,#4357));
#2502=CYLINDRICAL_SURFACE('',#2503,2.);
#2503=AXIS2_PLACEMENT_3D('',#2504,#2505,#2506);
#2504=CARTESIAN_POINT('',(11.6256730572355,16.,-2.53136318716959));
#2505=DIRECTION('',(-0.951056516295155,0.,-0.309016994374944));
#2506=DIRECTION('',(-2.61029088252081E-16,1.,8.03364927637308E-16));
#2507=FACE_BOUND('',#2508,.T.);
#2508=EDGE_LOOP('',(#4358,#4359,#4360));
#2509=B_SPLINE_SURFACE_WITH_KNOTS('',3,3,(
(#2510,#2511,#2512,#2513,#2514,#2515,#2516,#2517,#2518,#2519,#2520,#2521,#2522),
(#2523,#2524,#2525,#2526,#2527,#2528,#2529,#2530,#2531,#2532,#2533,#2534,#2535),
(#2536,#2537,#2538,#2539,#2540,#2541,#2542,#2543,#2544,#2545,#2546,#2547,#2548),
(#2549,#2550,#2551,#2552,#2553,#2554,#2555,#2556,#2557,#2558,#2559,#2560,#2561),
(#2562,#2563,#2564,#2565,#2566,#2567,#2568,#2569,#2570,#2571,#2572,#2573,#2574),
(#2575,#2576,#2577,#2578,#2579,#2580,#2581,#2582,#2583,#2584,#2585,#2586,#2587),
(#2588,#2589,#2590,#2591,#2592,#2593,#2594,#2595,#2596,#2597,#2598,#2599,#2600),
(#2601,#2602,#2603,#2604,#2605,#2606,#2607,#2608,#2609,#2610,#2611,#2612,#2613),
(#2614,#2615,#2616,#2617,#2618,#2619,#2620,#2621,#2622,#2623,#2624,#2625,#2626),
(#2627,#2628,#2629,#2630,#2631,#2632,#2633,#2634,#2635,#2636,#2637,#2638,#2639),
(#2640,#2641,#2642,#2643,#2644,#2645,#2646,#2647,#2648,#2649,#2650,#2651,#2652)),
.UNSPECIFIED.,.F.,.F.,.F.,
(4,1,1,1,1,1,1,1,4),
(4,1,1,1,1,1,1,1,1,1,4),
(0.,0.165638090990752,0.315774489525713,0.465910888060673,0.605656148850504,0.743421039412349,
0.89199333013459,0.99125931573856,1.),
(0.,0.206845030714415,0.297655585213856,0.385482840533553,0.474569610529054,0.563424176268192,
0.650622548437688,0.733968148663187,0.813825890437695,0.891021860974059,1.),
.UNSPECIFIED.);
#2510=CARTESIAN_POINT('',(-2.30926389122033E-14,18.,-6.3087733454296));
#2511=CARTESIAN_POINT('',(0.0332436118598596,18.0001651158465,-6.52420148357153));
#2512=CARTESIAN_POINT('',(0.0810835366917135,17.9495566038042,-6.83421791556532));
#2513=CARTESIAN_POINT('',(0.138556077868009,17.7949793996035,-7.20665646382179));
#2514=CARTESIAN_POINT('',(0.175822062976138,17.6525091206441,-7.44815073411059));
#2515=CARTESIAN_POINT('',(0.209501412201067,17.4790444534398,-7.66640257533493));
#2516=CARTESIAN_POINT('',(0.239105637000646,17.2770312321831,-7.85824644165697));
#2517=CARTESIAN_POINT('',(0.26361921934284,17.0550324552555,-8.01710148500877));
#2518=CARTESIAN_POINT('',(0.282660637139549,16.8218252951857,-8.14049533284985));
#2519=CARTESIAN_POINT('',(0.296363417621873,16.5843293478048,-8.22929327992972));
#2520=CARTESIAN_POINT('',(0.30639459828154,16.3111827363354,-8.29429820725184));
#2521=CARTESIAN_POINT('',(0.309018239584152,16.1149230465171,-8.31130015527589));
#2522=CARTESIAN_POINT('',(0.309016994374919,16.,-8.31129208596302));
#2523=CARTESIAN_POINT('',(-2.30926389122033E-14,18.,-6.3087733454296));
#2524=CARTESIAN_POINT('',(0.0332454530447941,18.0001531425482,-6.52420921255931));
#2525=CARTESIAN_POINT('',(0.0789663242733505,17.9495897075814,-6.83451717077178));
#2526=CARTESIAN_POINT('',(0.131451722560597,17.7954325062502,-7.20795626154617));
#2527=CARTESIAN_POINT('',(0.164634813012759,17.653369054144,-7.45043393256801));
#2528=CARTESIAN_POINT('',(0.193945303984211,17.4803439571607,-7.66994336094161));
#2529=CARTESIAN_POINT('',(0.21916120311924,17.2786957370068,-7.8632751685155));
#2530=CARTESIAN_POINT('',(0.239616503602284,17.056875398218,-8.02370866221385));
#2531=CARTESIAN_POINT('',(0.255191117440566,16.8235992002002,-8.14859913725594));
#2532=CARTESIAN_POINT('',(0.266175885444597,16.5857897470253,-8.2386566231697));
#2533=CARTESIAN_POINT('',(0.27404759098697,16.3120570052029,-8.30470335319254));
#2534=CARTESIAN_POINT('',(0.276025149704872,16.1152473297484,-8.32202100747839));
#2535=CARTESIAN_POINT('',(0.276023739977015,16.,-8.32201224415972));
#2536=CARTESIAN_POINT('',(-2.30926389122033E-14,18.,-6.3087733454296));
#2537=CARTESIAN_POINT('',(0.0297696522975344,18.0001343852145,-6.5242215065793));
#2538=CARTESIAN_POINT('',(0.0684540757294646,17.9495603074519,-6.83499988734498));
#2539=CARTESIAN_POINT('',(0.110145145351641,17.7958403210961,-7.21004650035717));
#2540=CARTESIAN_POINT('',(0.135514783159703,17.6542197930854,-7.45410164227465));
#2541=CARTESIAN_POINT('',(0.157112810636153,17.4816581986439,-7.67562574972648));
#2542=CARTESIAN_POINT('',(0.175023881078484,17.2803373759082,-7.8713388739614));
#2543=CARTESIAN_POINT('',(0.189023365587703,17.0585574350019,-8.03429670531535));
#2544=CARTESIAN_POINT('',(0.199281772814321,16.8249767465598,-8.16157949349333));
#2545=CARTESIAN_POINT('',(0.206226819552409,16.5865703533699,-8.25364970179275));
#2546=CARTESIAN_POINT('',(0.210978465909467,16.3120379831623,-8.32136094342495));
#2547=CARTESIAN_POINT('',(0.212062043518189,16.1148325156605,-8.33918298316748));
#2548=CARTESIAN_POINT('',(0.212060606261916,16.,-8.33917311593697));
#2549=CARTESIAN_POINT('',(-2.30926389122033E-14,18.,-6.3087733454296));
#2550=CARTESIAN_POINT('',(0.018096673221878,18.0001178015915,-6.52423278081842));
#2551=CARTESIAN_POINT('',(0.0407612835044661,17.9494672010323,-6.83544918350839));
#2552=CARTESIAN_POINT('',(0.0641026744892535,17.7959954543572,-7.2119857840725));
#2553=CARTESIAN_POINT('',(0.077885682620012,17.6546632871542,-7.45750060704041));
#2554=CARTESIAN_POINT('',(0.0892613203520303,17.4824181380312,-7.68088640016693));
#2555=CARTESIAN_POINT('',(0.098387980902964,17.2813245200719,-7.8787976599257));
#2556=CARTESIAN_POINT('',(0.105269364027155,17.0595802777713,-8.04408385070466));
#2557=CARTESIAN_POINT('',(0.110114016149497,16.8258221232568,-8.17357207654264));
#2558=CARTESIAN_POINT('',(0.11324505170823,16.5871073768201,-8.26749718238742));
#2559=CARTESIAN_POINT('',(0.115266912847195,16.3122171214264,-8.33674214810067));
#2560=CARTESIAN_POINT('',(0.115666338499041,16.1149639490945,-8.35502891657088));
#2561=CARTESIAN_POINT('',(0.115665398803131,16.,-8.35501803699727));
#2562=CARTESIAN_POINT('',(-2.30926389122033E-14,18.,-6.3087733454296));
#2563=CARTESIAN_POINT('',(0.00383407742885766,18.0001113160089,-6.52423726327125));
#2564=CARTESIAN_POINT('',(0.00857919068396841,17.9494171196231,-6.83562923295322));
#2565=CARTESIAN_POINT('',(0.0133909548126646,17.796014865971,-7.21276161073902));
#2566=CARTESIAN_POINT('',(0.0162018378987021,17.6547750754947,-7.45885957357756));
#2567=CARTESIAN_POINT('',(0.0184950363287242,17.4826350946353,-7.6829885643947));
#2568=CARTESIAN_POINT('',(0.0203112379178482,17.2816166784653,-7.88177683685618));
#2569=CARTESIAN_POINT('',(0.0216605773699353,17.0598805821196,-8.047991615462));
#2570=CARTESIAN_POINT('',(0.022594232349683,16.8260568521399,-8.17835916189282));
#2571=CARTESIAN_POINT('',(0.0231848676054793,16.5872295874356,-8.27302369804144));
#2572=CARTESIAN_POINT('',(0.0235554522495281,16.3122144276453,-8.3428800056338));
#2573=CARTESIAN_POINT('',(0.0236227908412621,16.1149256340762,-8.36135200946871));
#2574=CARTESIAN_POINT('',(0.0236225873501497,16.,-8.36134072740406));
#2575=CARTESIAN_POINT('',(-2.30926389122033E-14,18.,-6.3087733454296));
#2576=CARTESIAN_POINT('',(-0.0105897338955963,18.0001133759573,-6.52423583516535));
#2577=CARTESIAN_POINT('',(-0.0237446990826634,17.9494337801202,-6.83557179112146));
#2578=CARTESIAN_POINT('',(-0.037149932185924,17.7960109195457,-7.21251416798612));
#2579=CARTESIAN_POINT('',(-0.045007838557627,17.6547428395964,-7.45842618861979));
#2580=CARTESIAN_POINT('',(-0.0514424902424381,17.4825703531388,-7.682318230384));
#2581=CARTESIAN_POINT('',(-0.0565601184712511,17.2815285907494,-7.88082691778267));
#2582=CARTESIAN_POINT('',(-0.0603806510829645,17.0597898185429,-8.04674569056263));
#2583=CARTESIAN_POINT('',(-0.0630394095565831,16.8259859923062,-8.17683294951008));
#2584=CARTESIAN_POINT('',(-0.0647334654632282,16.5871923114809,-8.27126179589308));
#2585=CARTESIAN_POINT('',(-0.0658068511656134,16.3122132015209,-8.34092324440656));
#2586=CARTESIAN_POINT('',(-0.0660077483894156,16.1149308986949,-8.35933620662519));
#2587=CARTESIAN_POINT('',(-0.0660071901420114,16.,-8.35932505279386));
#2588=CARTESIAN_POINT('',(-2.30926389122033E-14,18.,-6.3087733454296));
#2589=CARTESIAN_POINT('',(-0.0232987053634538,18.0001234799381,-6.52422889487704));
#2590=CARTESIAN_POINT('',(-0.0528562723430293,17.9495035423006,-6.83529386386185));
#2591=CARTESIAN_POINT('',(-0.0837960079593984,17.7959556444516,-7.21131580847233));
#2592=CARTESIAN_POINT('',(-0.102268497531314,17.6545311873441,-7.45632661177473));
#2593=CARTESIAN_POINT('',(-0.117692484666354,17.4821833911075,-7.67906975091127));
#2594=CARTESIAN_POINT('',(-0.130224431398805,17.2810158328252,-7.87622237547278));
#2595=CARTESIAN_POINT('',(-0.139806851142892,17.059260341662,-8.04070511090502));
#2596=CARTESIAN_POINT('',(-0.146661680562053,16.8255604674122,-8.16943237747613));
#2597=CARTESIAN_POINT('',(-0.151176904721645,16.5869476635144,-8.26271751506283));
#2598=CARTESIAN_POINT('',(-0.154164614611347,16.3121760336269,-8.33143334073726));
#2599=CARTESIAN_POINT('',(-0.154793935684539,16.1149517780588,-8.34955977794158));
#2600=CARTESIAN_POINT('',(-0.154792755161824,16.,-8.3495492472967));
#2601=CARTESIAN_POINT('',(-2.30926389122033E-14,18.,-6.3087733454296));
#2602=CARTESIAN_POINT('',(-0.0312245704736324,18.0001405057655,-6.52421746188165));
#2603=CARTESIAN_POINT('',(-0.0725459032842865,17.9495771194337,-6.83484044360557));
#2604=CARTESIAN_POINT('',(-0.118029849496035,17.7957316490182,-7.20935667885633));
#2605=CARTESIAN_POINT('',(-0.146076231557647,17.6539806655384,-7.45289159186508));
#2606=CARTESIAN_POINT('',(-0.170267187862829,17.4812825113247,-7.6737515288287));
#2607=CARTESIAN_POINT('',(-0.190597760207702,17.2798681079066,-7.86867983843263));
#2608=CARTESIAN_POINT('',(-0.206709383766525,17.0580830263364,-8.03080589068483));
#2609=CARTESIAN_POINT('',(-0.218688936709545,16.8245996441888,-8.15730051173936));
#2610=CARTESIAN_POINT('',(-0.226929709865502,16.5863677924226,-8.24870766951276));
#2611=CARTESIAN_POINT('',(-0.232673352622749,16.3120473675558,-8.31587059706601));
#2612=CARTESIAN_POINT('',(-0.234037192201087,16.1149049319621,-8.33352648737272));
#2613=CARTESIAN_POINT('',(-0.234035742560447,16.,-8.33351698332605));
#2614=CARTESIAN_POINT('',(-2.30926389122032E-14,18.,-6.3087733454296));
#2615=CARTESIAN_POINT('',(-0.0331821106983665,18.0001567467429,-6.52420688717342));
#2616=CARTESIAN_POINT('',(-0.0794743683032624,17.9495781652189,-6.83442726008469));
#2617=CARTESIAN_POINT('',(-0.133408579060675,17.795289952973,-7.20756562031084));
#2618=CARTESIAN_POINT('',(-0.167796266154929,17.6530998881566,-7.44974766632305));
#2619=CARTESIAN_POINT('',(-0.198407423265596,17.4799374461362,-7.66887899649368));
#2620=CARTESIAN_POINT('',(-0.224937762051401,17.2781736702531,-7.86176340449646));
#2621=CARTESIAN_POINT('',(-0.246614051767292,17.0562929935187,-8.02172224994822));
#2622=CARTESIAN_POINT('',(-0.263235287089838,16.8230320394063,-8.14616265963656));
#2623=CARTESIAN_POINT('',(-0.275042932565429,16.5853065433691,-8.23584136595641));
#2624=CARTESIAN_POINT('',(-0.283570034339811,16.3117560658319,-8.30157479084739));
#2625=CARTESIAN_POINT('',(-0.285744390619804,16.1150600447873,-8.3187975011605));
#2626=CARTESIAN_POINT('',(-0.285743034616364,16.,-8.31878894664425));
#2627=CARTESIAN_POINT('',(-2.30926389122033E-14,18.,-6.3087733454296));
#2628=CARTESIAN_POINT('',(-0.0332437090187953,18.0001644840183,-6.52420189142844));
#2629=CARTESIAN_POINT('',(-0.0809718118756537,17.949558350683,-6.83423370719429));
#2630=CARTESIAN_POINT('',(-0.138181182659783,17.7950033099379,-7.20672505385108));
#2631=CARTESIAN_POINT('',(-0.175231714348614,17.6525544991387,-7.44827121797213));
#2632=CARTESIAN_POINT('',(-0.20868051992058,17.4791130279546,-7.66658942178336));
#2633=CARTESIAN_POINT('',(-0.238053173776278,17.2771190677228,-7.85851180642569));
#2634=CARTESIAN_POINT('',(-0.262352601510921,17.055129706935,-8.01745014424206));
#2635=CARTESIAN_POINT('',(-0.281211076853879,16.8219189037485,-8.14092296875899));
#2636=CARTESIAN_POINT('',(-0.294770428438015,16.5844064127383,-8.2297873814157));
#2637=CARTESIAN_POINT('',(-0.304687654088542,16.3112288713041,-8.29484728442858));
#2638=CARTESIAN_POINT('',(-0.307277201760598,16.1149401588692,-8.31186589220003));
#2639=CARTESIAN_POINT('',(-0.307275947869764,16.,-8.31185778626462));
#2640=CARTESIAN_POINT('',(-2.30926389122033E-14,18.,-6.3087733454296));
#2641=CARTESIAN_POINT('',(-0.0332436118598865,18.0001651158465,-6.52420148357152));
#2642=CARTESIAN_POINT('',(-0.0810835366918033,17.9495566038042,-6.83421791556533));
#2643=CARTESIAN_POINT('',(-0.138556077868076,17.7949793996035,-7.20665646382179));
#2644=CARTESIAN_POINT('',(-0.175822062976148,17.6525091206441,-7.44815073411058));
#2645=CARTESIAN_POINT('',(-0.209501412201136,17.4790444534398,-7.66640257533494));
#2646=CARTESIAN_POINT('',(-0.239105637000696,17.2770312321831,-7.85824644165697));
#2647=CARTESIAN_POINT('',(-0.263619219342909,17.0550324552555,-8.01710148500876));
#2648=CARTESIAN_POINT('',(-0.282660637139596,16.8218252951857,-8.14049533284985));
#2649=CARTESIAN_POINT('',(-0.296363417621936,16.5843293478047,-8.22929327992973));
#2650=CARTESIAN_POINT('',(-0.306394598281591,16.3111827363354,-8.29429820725183));
#2651=CARTESIAN_POINT('',(-0.3090182395842,16.1149230465171,-8.3113001552759));
#2652=CARTESIAN_POINT('',(-0.309016994374976,16.,-8.31129208596302));
#2653=FACE_BOUND('',#2654,.T.);
#2654=EDGE_LOOP('',(#4361,#4362,#4363,#4364));
#2655=CYLINDRICAL_SURFACE('',#2656,2.);
#2656=AXIS2_PLACEMENT_3D('',#2657,#2658,#2659);
#2657=CARTESIAN_POINT('',(7.91746912473615,16.,-8.88131500837232));
#2658=DIRECTION('',(-0.951056516295153,0.,0.30901699437495));
#2659=DIRECTION('',(-2.61029088252086E-16,1.,-8.03364927637304E-16));
#2660=FACE_BOUND('',#2661,.T.);
#2661=EDGE_LOOP('',(#4365,#4366,#4367));
#2662=B_SPLINE_SURFACE_WITH_KNOTS('',3,3,(
(#2663,#2664,#2665,#2666,#2667,#2668,#2669,#2670,#2671,#2672,#2673,#2674,#2675),
(#2676,#2677,#2678,#2679,#2680,#2681,#2682,#2683,#2684,#2685,#2686,#2687,#2688),
(#2689,#2690,#2691,#2692,#2693,#2694,#2695,#2696,#2697,#2698,#2699,#2700,#2701),
(#2702,#2703,#2704,#2705,#2706,#2707,#2708,#2709,#2710,#2711,#2712,#2713,#2714),
(#2715,#2716,#2717,#2718,#2719,#2720,#2721,#2722,#2723,#2724,#2725,#2726,#2727),
(#2728,#2729,#2730,#2731,#2732,#2733,#2734,#2735,#2736,#2737,#2738,#2739,#2740),
(#2741,#2742,#2743,#2744,#2745,#2746,#2747,#2748,#2749,#2750,#2751,#2752,#2753),
(#2754,#2755,#2756,#2757,#2758,#2759,#2760,#2761,#2762,#2763,#2764,#2765,#2766),
(#2767,#2768,#2769,#2770,#2771,#2772,#2773,#2774,#2775,#2776,#2777,#2778,#2779),
(#2780,#2781,#2782,#2783,#2784,#2785,#2786,#2787,#2788,#2789,#2790,#2791,#2792),
(#2793,#2794,#2795,#2796,#2797,#2798,#2799,#2800,#2801,#2802,#2803,#2804,#2805)),
.UNSPECIFIED.,.F.,.F.,.F.,
(4,1,1,1,1,1,1,1,4),
(4,1,1,1,1,1,1,1,1,1,4),
(0.,0.165638090990078,0.315774489524732,0.465910888059386,0.605656148873051,0.743421039456757,
0.89199333014311,0.991259315754554,1.),
(0.,0.206845030714037,0.297655585212755,0.385482840532003,0.474569610527032,0.563424176265784,
0.650622548434547,0.73396814866056,0.813825890436572,0.891021860975308,1.),
.UNSPECIFIED.);
#2663=CARTESIAN_POINT('',(-3.70820393249938,18.,-5.10390485011223));
#2664=CARTESIAN_POINT('',(-3.80793476807881,18.0001651158465,-5.29772997971941));
#2665=CARTESIAN_POINT('',(-3.95145454257395,17.9495566038045,-5.57665814402382));
#2666=CARTESIAN_POINT('',(-4.12387216610218,17.7949793996049,-5.91174877103761));
#2667=CARTESIAN_POINT('',(-4.23567012142593,17.6525091206468,-6.12902613620305));
#2668=CARTESIAN_POINT('',(-4.33670816910052,17.479044453444,-6.32539180958785));
#2669=CARTESIAN_POINT('',(-4.42552084349903,17.2770312321892,-6.49799768445131));
#2670=CARTESIAN_POINT('',(-4.49906159052591,17.0550324552628,-6.6409228363472));
#2671=CARTESIAN_POINT('',(-4.55618584391679,16.8218252951924,-6.75194282081712));
#2672=CARTESIAN_POINT('',(-4.59729418536486,16.5843293478073,-6.83183616135536));
#2673=CARTESIAN_POINT('',(-4.62738772734413,16.3111827363353,-6.89032243233245));
#2674=CARTESIAN_POINT('',(-4.63525865125191,16.1149230465157,-6.90561943488628));
#2675=CARTESIAN_POINT('',(-4.63525491562423,16.,-6.90561217475942));
#2676=CARTESIAN_POINT('',(-3.70820393249938,18.,-5.10390485011223));
#2677=CARTESIAN_POINT('',(-3.80793782151394,18.0001531425482,-5.29773731482323));
#2678=CARTESIAN_POINT('',(-3.95334330119812,17.9495897075816,-5.57565578033603));
#2679=CARTESIAN_POINT('',(-4.13038371221325,17.7954325062515,-5.90862449420917));
#2680=CARTESIAN_POINT('',(-4.24606282714784,17.6533690541467,-6.1242975820145));
#2681=CARTESIAN_POINT('',(-4.35137454657527,17.4803439571649,-6.31911271432422));
#2682=CARTESIAN_POINT('',(-4.44461204093731,17.2786957370129,-6.49034296583918));
#2683=CARTESIAN_POINT('',(-4.52236379679138,17.0568753982253,-6.63215971266376));
#2684=CARTESIAN_POINT('',(-4.58317244889775,16.8235992002069,-6.74235275773418));
#2685=CARTESIAN_POINT('',(-4.62722004698299,16.5857897470279,-6.8216674789438));
#2686=CARTESIAN_POINT('',(-4.65967299729437,16.3120570052028,-6.87972727838392));
#2687=CARTESIAN_POINT('',(-4.66825218047769,16.115247329747,-6.89489993485373));
#2688=CARTESIAN_POINT('',(-4.668248170022,16.,-6.89489201656276));
#2689=CARTESIAN_POINT('',(-3.70820393249939,18.,-5.10390485011223));
#2690=CARTESIAN_POINT('',(-3.81075702963116,18.0001343852147,-5.2957042364752));
#2691=CARTESIAN_POINT('',(-3.96213162260189,17.9495603074521,-5.56986736158473));
#2692=CARTESIAN_POINT('',(-4.14884970681398,17.7958403210975,-5.89779184106941));
#2693=CARTESIAN_POINT('',(-4.27177725185068,17.6542197930881,-6.11014849740378));
#2694=CARTESIAN_POINT('',(-4.3845126839643,17.4816581986481,-6.30206026702481));
#2695=CARTESIAN_POINT('',(-4.48505961169407,17.2803373759142,-6.47092337361146));
#2696=CARTESIAN_POINT('',(-4.56951800082927,17.0585574350092,-6.61098771907801));
#2697=CARTESIAN_POINT('',(-4.63603372081028,16.8249767465665,-6.71999139828674));
#2698=CARTESIAN_POINT('',(-4.68453257058755,16.5865703533725,-6.7985599575278));
#2699=CARTESIAN_POINT('',(-4.72048807717959,16.3120379831621,-6.85613245037181));
#2700=CARTESIAN_POINT('',(-4.73008697660579,16.1148325156591,-6.871187694336));
#2701=CARTESIAN_POINT('',(-4.73008233955795,16.,-6.87117886678078));
#2702=CARTESIAN_POINT('',(-3.70820393249939,18.,-5.10390485011223));
#2703=CARTESIAN_POINT('',(-3.82020729490974,18.0001178015915,-5.28885215257531));
#2704=CARTESIAN_POINT('',(-3.98479965179223,17.9494672010325,-5.5539534349519));
#2705=CARTESIAN_POINT('',(-4.18723873057225,17.7959954543585,-5.87229766920018));
#2706=CARTESIAN_POINT('',(-4.32039803491986,17.6546632871569,-6.07902478226267));
#2707=CARTESIAN_POINT('',(-4.44249782544378,17.4824181380354,-6.26643411729776));
#2708=CARTESIAN_POINT('',(-4.55144352170468,17.281324520078,-6.4319122062949));
#2709=CARTESIAN_POINT('',(-4.64302915116011,17.0595802777786,-6.56967631908683));
#2710=CARTESIAN_POINT('',(-4.71522101475532,16.8258221232635,-6.67728210943268));
#2711=CARTESIAN_POINT('',(-4.76789574581523,16.5871073768228,-6.75510949278746));
#2712=CARTESIAN_POINT('',(-4.80696119543565,16.3122171214262,-6.8123182669846));
#2713=CARTESIAN_POINT('',(-4.81738674611413,16.1149639490932,-6.82734734995664));
#2714=CARTESIAN_POINT('',(-4.81738111149117,16.,-6.82733799585732));
#2715=CARTESIAN_POINT('',(-3.70820393249938,18.,-5.10390485011223));
#2716=CARTESIAN_POINT('',(-3.83174861201046,18.0001113160089,-5.28047243548886));
#2717=CARTESIAN_POINT('',(-4.01094134220818,17.9494171196234,-5.53518293846387));
#2718=CARTESIAN_POINT('',(-4.22872139307957,17.7960148659723,-5.84311772521237));
#2719=CARTESIAN_POINT('',(-4.3711000940692,17.6547750754974,-6.0438673550524));
#2720=CARTESIAN_POINT('',(-4.50098457298128,17.4826350946394,-6.22653942577258));
#2721=CARTESIAN_POINT('',(-4.61636004991205,17.2816166784714,-6.38843005298506));
#2722=CARTESIAN_POINT('',(-4.71296700694223,17.059880582127,-6.52369375542404));
#2723=CARTESIAN_POINT('',(-4.78883978536752,16.8260568521466,-6.62971210463073));
#2724=CARTESIAN_POINT('',(-4.84400436967291,16.5872295874383,-6.70664448983437));
#2725=CARTESIAN_POINT('',(-4.88476506778088,16.3122144276451,-6.76337725402989));
#2726=CARTESIAN_POINT('',(-4.89556816115022,16.1149256340749,-6.77836099968354));
#2727=CARTESIAN_POINT('',(-4.89556169434677,16.,-6.77835175269245));
#2728=CARTESIAN_POINT('',(-3.70820393249938,18.,-5.10390485011223));
#2729=CARTESIAN_POINT('',(-3.84341688107726,18.0001133759573,-5.27199317654764));
#2730=CARTESIAN_POINT('',(-4.03705815489489,17.9494337801205,-5.5161369613422));
#2731=CARTESIAN_POINT('',(-4.26946438637553,17.7960109195471,-5.81321035180138));
#2732=CARTESIAN_POINT('',(-4.42036502526092,17.6547428395991,-6.00753859413391));
#2733=CARTESIAN_POINT('',(-4.5571712080821,17.482570353143,-6.18488886746114));
#2734=CARTESIAN_POINT('',(-4.6779919351955,17.2815285907555,-6.34247770269702));
#2735=CARTESIAN_POINT('',(-4.77860741872541,17.0597898185502,-6.47446315683669));
#2736=CARTESIAN_POINT('',(-4.85722177183645,16.8259859923129,-6.57814318105765));
#2737=CARTESIAN_POINT('',(-4.91409617515098,16.5871923114835,-6.65354198146393));
#2738=CARTESIAN_POINT('',(-4.95591053451585,16.3122132015208,-6.70926835687861));
#2739=CARTESIAN_POINT('',(-4.9668959314271,16.1149308986936,-6.72404667180475));
#2740=CARTESIAN_POINT('',(-4.96688892373791,16.,-6.72403797629527));
#2741=CARTESIAN_POINT('',(-3.70820393249939,18.,-5.10390485011223));
#2742=CARTESIAN_POINT('',(-3.85369457557642,18.0001234799382,-5.26451741573603));
#2743=CARTESIAN_POINT('',(-4.06044655085069,17.9495035423008,-5.49880076003273));
#2744=CARTESIAN_POINT('',(-4.30649747634759,17.7959556444529,-5.78482298317237));
#2745=CARTESIAN_POINT('',(-4.4654557711738,17.6545311873468,-5.97218302990373));
#2746=CARTESIAN_POINT('',(-4.60885917112157,17.4821833911116,-6.14332002267437));
#2747=CARTESIAN_POINT('',(-4.73488113416937,17.2810158328311,-6.29545375295688));
#2748=CARTESIAN_POINT('',(-4.83931400073443,17.0592603416692,-6.42289067619542));
#2749=CARTESIAN_POINT('',(-4.92052366308811,16.8255604674188,-6.52300405485187));
#2750=CARTESIAN_POINT('',(-4.9790081843,16.586947663517,-6.59581933431163));
#2751=CARTESIAN_POINT('',(-5.02181544130616,16.3121760336268,-6.64965547325348));
#2752=CARTESIAN_POINT('',(-5.03297902521459,16.1149517780575,-6.6639501633533));
#2753=CARTESIAN_POINT('',(-5.03297188039388,16.,-6.66394233777646));
#2754=CARTESIAN_POINT('',(-3.70820393249938,18.,-5.10390485011223));
#2755=CARTESIAN_POINT('',(-3.86010001499866,18.0001405057653,-5.25984945962572));
#2756=CARTESIAN_POINT('',(-4.07610928315355,17.9495771194341,-5.48686066065074));
#2757=CARTESIAN_POINT('',(-4.33304168843542,17.7957316490194,-5.76311586683594));
#2758=CARTESIAN_POINT('',(-4.49887791843926,17.6539806655408,-5.94365450042545));
#2759=CARTESIAN_POINT('',(-4.64826702697045,17.4812825113286,-6.10811485544876));
#2760=CARTESIAN_POINT('',(-4.77929079114304,17.2798681079123,-6.25386516000645));
#2761=CARTESIAN_POINT('',(-4.88762067093652,17.0580830263434,-6.37555771679016));
#2762=CARTESIAN_POINT('',(-4.97166400560439,16.8245996441951,-6.47085261037156));
#2763=CARTESIAN_POINT('',(-5.03205871042957,16.586367792425,-6.53995874949014));
#2764=CARTESIAN_POINT('',(-5.07618279334717,16.3120473675556,-6.59091867076538));
#2765=CARTESIAN_POINT('',(-5.08766403468201,16.1149049319607,-6.60440094128336));
#2766=CARTESIAN_POINT('',(-5.08765727555965,16.,-6.60439410442551));
#2767=CARTESIAN_POINT('',(-3.70820393249939,18.,-5.10390485011223));
#2768=CARTESIAN_POINT('',(-3.86167748264955,18.0001567467433,-5.25869029123257));
#2769=CARTESIAN_POINT('',(-4.08147166591731,17.9495781652189,-5.48245393860258));
#2770=CARTESIAN_POINT('',(-4.34443058420341,17.7952899529744,-5.75262747959991));
#2771=CARTESIAN_POINT('',(-4.51460184247548,17.6530998881594,-5.9283442952205));
#2772=CARTESIAN_POINT('',(-4.66816895298499,17.4799374461403,-6.08763247862231));
#2773=CARTESIAN_POINT('',(-4.80300705835046,17.2781736702591,-6.22808510076901));
#2774=CARTESIAN_POINT('',(-4.91456499543666,17.0562929935257,-6.34475352172063));
#2775=CARTESIAN_POINT('',(-5.00115609488561,16.823032039413,-6.43565821094876));
#2776=CARTESIAN_POINT('',(-5.06342050176018,16.5853065433715,-6.50126944852158));
#2777=CARTESIAN_POINT('',(-5.1089562097426,16.3117560658318,-6.54943680168924));
#2778=CARTESIAN_POINT('',(-5.1208385560515,16.115060044786,-6.56209221246702));
#2779=CARTESIAN_POINT('',(-5.12083243080315,16.,-6.56208608875681));
#2780=CARTESIAN_POINT('',(-3.70820393249939,18.,-5.10390485011223));
#2781=CARTESIAN_POINT('',(-3.86172438031227,18.0001644840183,-5.25865004300575));
#2782=CARTESIAN_POINT('',(-4.08256935568068,17.9495583506832,-5.48141717577713));
#2783=CARTESIAN_POINT('',(-4.34779762905337,17.7950033099392,-5.74914218103891));
#2784=CARTESIAN_POINT('',(-4.51974941185786,17.6525544991413,-5.92277937662145));
#2785=CARTESIAN_POINT('',(-4.67513428451415,17.4791130279586,-6.07974179906338));
#2786=CARTESIAN_POINT('',(-4.81170640793083,17.2771190677287,-6.21774545708223));
#2787=CARTESIAN_POINT('',(-4.92478666891471,17.0551297069422,-6.33204642817186));
#2788=CARTESIAN_POINT('',(-5.01261900126652,16.821918903755,-6.42085330786313));
#2789=CARTESIAN_POINT('',(-5.07582193834582,16.5844064127408,-6.48477614100717));
#2790=CARTESIAN_POINT('',(-5.12208639394125,16.3112288713039,-6.53158150921618));
#2791=CARTESIAN_POINT('',(-5.13418466867827,16.1149401588678,-6.54382775419201));
#2792=CARTESIAN_POINT('',(-5.13417888970998,16.,-6.54382193337106));
#2793=CARTESIAN_POINT('',(-3.70820393249939,18.,-5.10390485011223));
#2794=CARTESIAN_POINT('',(-3.86172406197678,18.0001651158465,-5.25864977015115));
#2795=CARTESIAN_POINT('',(-4.08265046086888,17.9495566038045,-5.48133872988183));
#2796=CARTESIAN_POINT('',(-4.34806060943984,17.7949793996049,-5.74886633266549));
#2797=CARTESIAN_POINT('',(-4.52015619529244,17.6525091206468,-5.92233490491375));
#2798=CARTESIAN_POINT('',(-4.67568857473183,17.479044453444,-6.0791081287362));
#2799=CARTESIAN_POINT('',(-4.81240189106653,17.2770312321892,-6.21691215011426));
#2800=CARTESIAN_POINT('',(-4.92560644750926,17.0550324552628,-6.33101985764683));
#2801=CARTESIAN_POINT('',(-5.0135403620896,16.8218252951924,-6.41965531298917));
#2802=CARTESIAN_POINT('',(-5.07682026809905,16.5843293478074,-6.48344006896115));
#2803=CARTESIAN_POINT('',(-5.12314460133309,16.3111827363353,-6.53013397982846));
#2804=CARTESIAN_POINT('',(-5.13526066604276,16.1149230465158,-6.54234670705236));
#2805=CARTESIAN_POINT('',(-5.13525491562423,16.,-6.54234091075674));
#2806=FACE_BOUND('',#2807,.T.);
#2807=EDGE_LOOP('',(#4368,#4369,#4370,#4371));
#2808=CYLINDRICAL_SURFACE('',#2809,2.);
#2809=AXIS2_PLACEMENT_3D('',#2810,#2811,#2812);
#2810=CARTESIAN_POINT('',(1.18506109146543,16.,-11.8389063611714));
#2811=DIRECTION('',(-0.587785252292471,0.,0.809016994374949));
#2812=DIRECTION('',(-2.90660161356138E-16,1.,-2.11176968422134E-16));
#2813=FACE_BOUND('',#2814,.T.);
#2814=EDGE_LOOP('',(#4372,#4373,#4374));
#2815=B_SPLINE_SURFACE_WITH_KNOTS('',3,3,(
(#2816,#2817,#2818,#2819,#2820,#2821,#2822,#2823,#2824,#2825,#2826,#2827,#2828),
(#2829,#2830,#2831,#2832,#2833,#2834,#2835,#2836,#2837,#2838,#2839,#2840,#2841),
(#2842,#2843,#2844,#2845,#2846,#2847,#2848,#2849,#2850,#2851,#2852,#2853,#2854),
(#2855,#2856,#2857,#2858,#2859,#2860,#2861,#2862,#2863,#2864,#2865,#2866,#2867),
(#2868,#2869,#2870,#2871,#2872,#2873,#2874,#2875,#2876,#2877,#2878,#2879,#2880),
(#2881,#2882,#2883,#2884,#2885,#2886,#2887,#2888,#2889,#2890,#2891,#2892,#2893),
(#2894,#2895,#2896,#2897,#2898,#2899,#2900,#2901,#2902,#2903,#2904,#2905,#2906),
(#2907,#2908,#2909,#2910,#2911,#2912,#2913,#2914,#2915,#2916,#2917,#2918,#2919),
(#2920,#2921,#2922,#2923,#2924,#2925,#2926,#2927,#2928,#2929,#2930,#2931,#2932),
(#2933,#2934,#2935,#2936,#2937,#2938,#2939,#2940,#2941,#2942,#2943,#2944,#2945),
(#2946,#2947,#2948,#2949,#2950,#2951,#2952,#2953,#2954,#2955,#2956,#2957,#2958)),
.UNSPECIFIED.,.F.,.F.,.F.,
(4,1,1,1,1,1,1,1,4),
(4,1,1,1,1,1,1,1,1,1,4),
(0.,0.165638090990481,0.315774489524088,0.465910888057694,0.605656148851806,0.74342103941663,
0.891993330141523,0.99125931575234,1.),
(0.,0.206845030714903,0.297655585214159,0.3854828405337,0.47456961052913,0.563424176268336,
0.650622548438034,0.733968148664775,0.81382589044148,0.891021860978677,1.),
.UNSPECIFIED.);
#2816=CARTESIAN_POINT('',(-6.,18.,-1.94951817739743));
#2817=CARTESIAN_POINT('',(-6.19461149355456,18.0001651158465,-2.04770568683457));
#2818=CARTESIAN_POINT('',(-6.47467129157845,17.949556603804,-2.18900450510671));
#2819=CARTESIAN_POINT('',(-6.81112140788393,17.7949793996031,-2.35875398067209));
#2820=CARTESIAN_POINT('',(-7.02928028457913,17.6525091206438,-2.46882187220851));
#2821=CARTESIAN_POINT('',(-7.2264426290988,17.4790444534395,-2.56829636474537));
#2822=CARTESIAN_POINT('',(-7.39974877970737,17.2770312321826,-2.65573467061101));
#2823=CARTESIAN_POINT('',(-7.54325379029745,17.0550324552537,-2.72813738087356));
#2824=CARTESIAN_POINT('',(-7.65472419166259,16.8218252951803,-2.78437764133348));
#2825=CARTESIAN_POINT('',(-7.73494166582784,16.5843293477947,-2.82484983471612));
#2826=CARTESIAN_POINT('',(-7.79366522024936,16.3111827363266,-2.85447768170826));
#2827=CARTESIAN_POINT('',(-7.80902428395673,16.1149230465122,-2.86222680374195));
#2828=CARTESIAN_POINT('',(-7.80901699437495,16.,-2.8622231259228));
#2829=CARTESIAN_POINT('',(-6.,18.,-1.94951817739743));
#2830=CARTESIAN_POINT('',(-6.19461827530132,18.0001531425483,-2.04770982629408));
#2831=CARTESIAN_POINT('',(-6.47561015481057,17.9495897075812,-2.1870833913843));
#2832=CARTESIAN_POINT('',(-6.81455295550363,17.7954325062497,-2.35239899684898));
#2833=CARTESIAN_POINT('',(-7.03490878570905,17.6533690541436,-2.45888771235629));
#2834=CARTESIAN_POINT('',(-7.23461721812817,17.4803439571605,-2.55459578958346));
#2835=CARTESIAN_POINT('',(-7.41069455216737,17.2786957370063,-2.63832034886366));
#2836=CARTESIAN_POINT('',(-7.55695483630765,17.0568753982162,-2.70735117170096));
#2837=CARTESIAN_POINT('',(-7.67091991606412,16.8235992001948,-2.76075678890482));
#2838=CARTESIAN_POINT('',(-7.75317519489159,16.5857897470152,-2.79903321771333));
#2839=CARTESIAN_POINT('',(-7.81355687707045,16.3120570051941,-2.82692921656276));
#2840=CARTESIAN_POINT('',(-7.82941584577376,16.1152473297435,-2.83416143614435));
#2841=CARTESIAN_POINT('',(-7.8294079469923,16.,-2.8341573873991));
#2842=CARTESIAN_POINT('',(-6.,18.,-1.94951817739743));
#2843=CARTESIAN_POINT('',(-6.19570404910912,18.0001343852147,-2.04440794240518));
#2844=CARTESIAN_POINT('',(-6.47931770900216,17.9495603074517,-2.17723481653034));
#2845=CARTESIAN_POINT('',(-6.82312498519495,17.7958403210957,-2.33278115706946));
#2846=CARTESIAN_POINT('',(-7.04739556902668,17.6542197930851,-2.43232630283976));
#2847=CARTESIAN_POINT('',(-7.25140335739981,17.4816581986436,-2.52132196147674));
#2848=CARTESIAN_POINT('',(-7.43200277437389,17.2803373759077,-2.5988350831456));
#2849=CARTESIAN_POINT('',(-7.58265880313931,17.0585574350001,-2.6625061233681));
#2850=CARTESIAN_POINT('',(-7.70054190608133,16.8249767465544,-2.7115949930468));
#2851=CARTESIAN_POINT('',(-7.78595974017291,16.5865703533598,-2.74665138404343));
#2852=CARTESIAN_POINT('',(-7.84888861827594,16.3120379831534,-2.77209439264816));
#2853=CARTESIAN_POINT('',(-7.86550354140988,16.1148325156556,-2.7786322493483));
#2854=CARTESIAN_POINT('',(-7.86549460125261,16.,-2.77862783329444));
#2855=CARTESIAN_POINT('',(-6.00000000000001,18.,-1.94951817739743));
#2856=CARTESIAN_POINT('',(-6.19932192045703,18.0001178015915,-2.03330976352226));
#2857=CARTESIAN_POINT('',(-6.48830255846528,17.9494672010321,-2.15103624618055));
#2858=CARTESIAN_POINT('',(-6.83919725956873,17.7959954543567,-2.28959143675471));
#2859=CARTESIAN_POINT('',(-7.06843654805298,17.6546632871539,-2.37856810911956));
#2860=CARTESIAN_POINT('',(-7.27737379687245,17.482418138031,-2.45841698988971));
#2861=CARTESIAN_POINT('',(-7.46277829690216,17.2813245200715,-2.5282549025224));
#2862=CARTESIAN_POINT('',(-7.61784834136669,17.0595802777695,-2.58587572867037));
#2863=CARTESIAN_POINT('',(-7.73950188249718,16.8258221232514,-2.63049732899646));
#2864=CARTESIAN_POINT('',(-7.82786242325752,16.5871073768101,-2.66249957467208));
#2865=CARTESIAN_POINT('',(-7.89309350966533,16.3122171214175,-2.68582035006287));
#2866=CARTESIAN_POINT('',(-7.91036183066539,16.1149639490897,-2.69185114866094));
#2867=CARTESIAN_POINT('',(-7.91035177395803,16.,-2.69184689298389));
#2868=CARTESIAN_POINT('',(-6.,18.,-1.94951817739743));
#2869=CARTESIAN_POINT('',(-6.20373356800695,18.000111316009,-2.01974661400809));
#2870=CARTESIAN_POINT('',(-6.49841860925916,17.9494171196229,-2.12048489543378));
#2871=CARTESIAN_POINT('',(-6.85560589776955,17.7960148659705,-2.24160146892828));
#2872=CARTESIAN_POINT('',(-7.08879035833092,17.6547750754944,-2.32032323040185));
#2873=CARTESIAN_POINT('',(-7.30124105825166,17.482635094635,-2.39176385880654));
#2874=CARTESIAN_POINT('',(-7.48973870298308,17.2816166784649,-2.45492012363588));
#2875=CARTESIAN_POINT('',(-7.64740138245964,17.0598805821179,-2.50756661302028));
#2876=CARTESIAN_POINT('',(-7.77109977175193,16.8260568521345,-2.54874035903533));
#2877=CARTESIAN_POINT('',(-7.86094857938723,16.5872295874256,-2.57855503697887));
#2878=CARTESIAN_POINT('',(-7.92727135897217,16.3122144276364,-2.60049427012903));
#2879=CARTESIAN_POINT('',(-7.94481846981807,16.1149256340714,-2.60626647604027));
#2880=CARTESIAN_POINT('',(-7.94480780281918,16.,-2.60626279615902));
#2881=CARTESIAN_POINT('',(-6.,18.,-1.94951817739743));
#2882=CARTESIAN_POINT('',(-6.20818941262053,18.0001133759573,-2.00602831294892));
#2883=CARTESIAN_POINT('',(-6.50835261009311,17.94943378012,-2.08972529893652));
#2884=CARTESIAN_POINT('',(-6.87098855872058,17.7960109195453,-2.19345776499241));
#2885=CARTESIAN_POINT('',(-7.10729301498825,17.6547428395961,-2.26197544542981));
#2886=CARTESIAN_POINT('',(-7.32221541697806,17.4825703531386,-2.32504217382529));
#2887=CARTESIAN_POINT('',(-7.51258983176349,17.281528590749,-2.38151757808753));
#2888=CARTESIAN_POINT('',(-7.671568571297,17.0597898185411,-2.42915575612653));
#2889=CARTESIAN_POINT('',(-7.79611050815975,16.8259859923008,-2.46682630032179));
#2890=CARTESIAN_POINT('',(-7.88644116990371,16.5871923114708,-2.49439527570456));
#2891=CARTESIAN_POINT('',(-7.95302483886837,16.312213201512,-2.51490099668057));
#2892=CARTESIAN_POINT('',(-7.97059868722585,16.11493089869,-2.52039985030875));
#2893=CARTESIAN_POINT('',(-7.97058790679395,16.,-2.52039693451016));
#2894=CARTESIAN_POINT('',(-6.00000000000001,18.,-1.94951817739743));
#2895=CARTESIAN_POINT('',(-6.2121101001788,18.0001234799381,-1.99393921815171));
#2896=CARTESIAN_POINT('',(-6.51708425643244,17.9495035423004,-2.06195266324061));
#2897=CARTESIAN_POINT('',(-6.88426328123129,17.7959556444512,-2.14872439721233));
#2898=CARTESIAN_POINT('',(-7.1229907154806,17.6545311873438,-2.2068685176582));
#2899=CARTESIAN_POINT('',(-7.33959830356202,17.4821833911072,-2.26103084955953));
#2900=CARTESIAN_POINT('',(-7.53097417636903,17.2810158328248,-2.31003577143267));
#2901=CARTESIAN_POINT('',(-7.69036768426889,17.0592603416602,-2.35175030922307));
#2902=CARTESIAN_POINT('',(-7.81491284875177,16.8255604674068,-2.38500989204605));
#2903=CARTESIAN_POINT('',(-7.90502756772641,16.5869476635043,-2.40954235152353));
#2904=CARTESIAN_POINT('',(-7.9713034546346,16.312176033618,-2.42793522847936));
#2905=CARTESIAN_POINT('',(-7.98873719176043,16.1149517780539,-2.43293808571513));
#2906=CARTESIAN_POINT('',(-7.98872681172042,16.,-2.43293595431072));
#2907=CARTESIAN_POINT('',(-6.,18.,-1.94951817739742));
#2908=CARTESIAN_POINT('',(-6.21454845376822,18.0001405057655,-1.98639773950143));
#2909=CARTESIAN_POINT('',(-6.52273745871697,17.9495771194335,-2.04308659686535));
#2910=CARTESIAN_POINT('',(-6.89297887706142,17.7957316490178,-2.11556067479482));
#2911=CARTESIAN_POINT('',(-7.13326115171126,17.6539806655379,-2.16414340721918));
#2912=CARTESIAN_POINT('',(-7.35078685055737,17.4812825113245,-2.20938591448747));
#2913=CARTESIAN_POINT('',(-7.54245718197668,17.279868107906,-2.25028655153073));
#2914=CARTESIAN_POINT('',(-7.7016269859198,17.0580830263346,-2.28506319233358));
#2915=CARTESIAN_POINT('',(-7.82563240499582,16.8245996441832,-2.31275894804762));
#2916=CARTESIAN_POINT('',(-7.91511231698478,16.5863677924125,-2.33316787219768));
#2917=CARTESIAN_POINT('',(-7.98076294010711,16.3120473675468,-2.34845982933135));
#2918=CARTESIAN_POINT('',(-7.99797613924047,16.1149049319572,-2.35261871096844));
#2919=CARTESIAN_POINT('',(-7.99796665239137,16.,-2.35261715274669));
#2920=CARTESIAN_POINT('',(-6.00000000000001,18.,-1.94951817739743));
#2921=CARTESIAN_POINT('',(-6.21514330981961,18.000156746743,-1.98453274035055));
#2922=CARTESIAN_POINT('',(-6.52448551127262,17.9495781652187,-2.03636955433203));
#2923=CARTESIAN_POINT('',(-6.89602776794778,17.7952899529725,-2.10038116630241));
#2924=CARTESIAN_POINT('',(-7.13698296064641,17.6530998881564,-2.14251490036071));
#2925=CARTESIAN_POINT('',(-7.35484860789413,17.4799374461358,-2.18111726494148));
#2926=CARTESIAN_POINT('',(-7.54649090656837,17.2781736702526,-2.21548997338195));
#2927=CARTESIAN_POINT('',(-7.70531915077233,17.0562929935166,-2.24430459844342));
#2928=CARTESIAN_POINT('',(-7.82880525748048,16.823032039401,-2.26695106566156));
#2929=CARTESIAN_POINT('',(-7.91774353861488,16.5853065433589,-2.28343357177606));
#2930=CARTESIAN_POINT('',(-7.98289476005468,16.3117560658231,-2.29563656145754));
#2931=CARTESIAN_POINT('',(-7.99994644396751,16.1150600447824,-2.29889073592436));
#2932=CARTESIAN_POINT('',(-7.99993788911097,16.,-2.29888938206937));
#2933=CARTESIAN_POINT('',(-6.,18.,-1.94951817739743));
#2934=CARTESIAN_POINT('',(-6.21515759351155,18.0001644840183,-1.98447261309651));
#2935=CARTESIAN_POINT('',(-6.52476416704686,17.9495583506828,-2.03488558973253));
#2936=CARTESIAN_POINT('',(-6.89670315735824,17.7950033099374,-2.09558240122932));
#2937=CARTESIAN_POINT('',(-7.13787645467379,17.6525544991383,-2.13498712127346));
#2938=CARTESIAN_POINT('',(-7.35584565439741,17.4791130279542,-2.17063945193068));
#2939=CARTESIAN_POINT('',(-7.54745133814583,17.2771190677222,-2.20201167653539));
#2940=CARTESIAN_POINT('',(-7.7061196161396,17.0551297069331,-2.22801619488887));
#2941=CARTESIAN_POINT('',(-7.8293768398522,16.821918903743,-2.24823592014568));
#2942=CARTESIAN_POINT('',(-7.91808198864886,16.5844064127282,-2.26280082417077));
#2943=CARTESIAN_POINT('',(-7.98302222461963,16.3112288712951,-2.27347359777508));
#2944=CARTESIAN_POINT('',(-8.00000809667626,16.1149401588643,-2.27626983060905));
#2945=CARTESIAN_POINT('',(-8.00000000000001,16.,-2.27626851825831));
#2946=CARTESIAN_POINT('',(-6.,18.,-1.94951817739743));
#2947=CARTESIAN_POINT('',(-6.21515717559282,18.0001651158466,-1.9844725794654));
#2948=CARTESIAN_POINT('',(-6.52478367318209,17.949556603804,-2.03477445323656));
#2949=CARTESIAN_POINT('',(-6.89675377335432,17.7949793996031,-2.09520465921444));
#2950=CARTESIAN_POINT('',(-7.13794429547056,17.6525091206438,-2.13438843480454));
#2951=CARTESIAN_POINT('',(-7.35592162253021,17.4790444534395,-2.1698009982515));
#2952=CARTESIAN_POINT('',(-7.54752419027553,17.2770312321826,-2.20092872230611));
#2953=CARTESIAN_POINT('',(-7.70617942793918,17.0550324552537,-2.22670382811983));
#2954=CARTESIAN_POINT('',(-7.8294180726968,16.8218252951803,-2.24672515962923));
#2955=CARTESIAN_POINT('',(-7.91810433094056,16.5843293477947,-2.26113311567353));
#2956=CARTESIAN_POINT('',(-7.98302749595684,16.3111827363266,-2.27168052320131));
#2957=CARTESIAN_POINT('',(-8.0000080591634,16.1149230465122,-2.27443918292078));
#2958=CARTESIAN_POINT('',(-8.00000000000001,16.,-2.27443787363032));
#2959=FACE_BOUND('',#2960,.T.);
#2960=EDGE_LOOP('',(#4375,#4376,#4377,#4378));
#2961=CYLINDRICAL_SURFACE('',#2962,2.);
#2962=AXIS2_PLACEMENT_3D('',#2963,#2964,#2965);
#2963=CARTESIAN_POINT('',(-6.00000000000003,16.,-10.2744378736303));
#2964=DIRECTION('',(3.11203624981449E-15,0.,1.));
#2965=DIRECTION('',(8.88178419700125E-16,1.,-2.76404343840973E-30));
#2966=FACE_BOUND('',#2967,.T.);
#2967=EDGE_LOOP('',(#4379,#4380,#4381));
#2968=B_SPLINE_SURFACE_WITH_KNOTS('',3,3,(
(#2969,#2970,#2971,#2972,#2973,#2974,#2975,#2976,#2977,#2978,#2979,#2980,#2981),
(#2982,#2983,#2984,#2985,#2986,#2987,#2988,#2989,#2990,#2991,#2992,#2993,#2994),
(#2995,#2996,#2997,#2998,#2999,#3000,#3001,#3002,#3003,#3004,#3005,#3006,#3007),
(#3008,#3009,#3010,#3011,#3012,#3013,#3014,#3015,#3016,#3017,#3018,#3019,#3020),
(#3021,#3022,#3023,#3024,#3025,#3026,#3027,#3028,#3029,#3030,#3031,#3032,#3033),
(#3034,#3035,#3036,#3037,#3038,#3039,#3040,#3041,#3042,#3043,#3044,#3045,#3046),
(#3047,#3048,#3049,#3050,#3051,#3052,#3053,#3054,#3055,#3056,#3057,#3058,#3059),
(#3060,#3061,#3062,#3063,#3064,#3065,#3066,#3067,#3068,#3069,#3070,#3071,#3072),
(#3073,#3074,#3075,#3076,#3077,#3078,#3079,#3080,#3081,#3082,#3083,#3084,#3085),
(#3086,#3087,#3088,#3089,#3090,#3091,#3092,#3093,#3094,#3095,#3096,#3097,#3098),
(#3099,#3100,#3101,#3102,#3103,#3104,#3105,#3106,#3107,#3108,#3109,#3110,#3111)),
.UNSPECIFIED.,.F.,.F.,.F.,
(4,1,1,1,1,1,1,1,4),
(4,1,1,1,1,1,1,1,1,1,4),
(0.,0.165638090992034,0.315774489528042,0.465910888064049,0.605656148866371,0.743421039439262,
0.891993330149938,0.991259315756374,1.),
(0.,0.206845030710217,0.297655585208635,0.385482840528084,0.474569610523098,0.563424176261581,
0.65062254842997,0.733968148654962,0.813825890429561,0.891021860966926,1.),
.UNSPECIFIED.);
#2969=CARTESIAN_POINT('',(-5.99999999999999,18.,1.94951817739745));
#2970=CARTESIAN_POINT('',(-6.21515717558792,18.0001651158465,1.98447257946458));
#2971=CARTESIAN_POINT('',(-6.52478367317146,17.9495566038061,2.03477445323489));
#2972=CARTESIAN_POINT('',(-6.89675377333948,17.7949793996104,2.09520465921204));
#2973=CARTESIAN_POINT('',(-7.13794429545569,17.652509120654,2.13438843480218));
#2974=CARTESIAN_POINT('',(-7.35592162251589,17.4790444534525,2.16980099824921));
#2975=CARTESIAN_POINT('',(-7.54752419026143,17.2770312321995,2.20092872230386));
#2976=CARTESIAN_POINT('',(-7.70617942792533,17.0550324552757,2.22670382811763));
#2977=CARTESIAN_POINT('',(-7.82941807268368,16.8218252952089,2.24672515962714));
#2978=CARTESIAN_POINT('',(-7.91810433093012,16.5843293478285,2.26113311567188));
#2979=CARTESIAN_POINT('',(-7.9830274959539,16.3111827363515,2.27168052320087));
#2980=CARTESIAN_POINT('',(-8.00000805916339,16.1149230465246,2.27443918292083));
#2981=CARTESIAN_POINT('',(-7.99999999999999,16.,2.27443787363036));
#2982=CARTESIAN_POINT('',(-5.99999999999999,18.,1.94951817739745));
#2983=CARTESIAN_POINT('',(-6.21516509524956,18.0001531425483,1.98447321678222));
#2984=CARTESIAN_POINT('',(-6.52441402716764,17.9495897075833,2.03688051684615));
#2985=CARTESIAN_POINT('',(-6.89579458791106,17.795432506257,2.10236296220715));
#2986=CARTESIAN_POINT('',(-7.13665869586762,17.6533690541538,2.14573368890396));
#2987=CARTESIAN_POINT('',(-7.35448200793458,17.4803439571735,2.18568989926275));
#2988=CARTESIAN_POINT('',(-7.54614362469634,17.2786957370231,2.22145096816975));
#2989=CARTESIAN_POINT('',(-7.70504597978553,17.0568753982381,2.25157349737251));
#2990=CARTESIAN_POINT('',(-7.82863670025653,16.8235992002234,2.27535443861682));
#2991=CARTESIAN_POINT('',(-7.91768093907175,16.5857897470491,2.29273659704526));
#2992=CARTESIAN_POINT('',(-7.9829276028326,16.3120570052191,2.30565972219584));
#2993=CARTESIAN_POINT('',(-8.00000877004118,16.1152473297559,2.30913040156825));
#2994=CARTESIAN_POINT('',(-7.99999999999999,16.,2.30912903428471));
#2995=CARTESIAN_POINT('',(-5.99999999999999,18.,1.94951817739745));
#2996=CARTESIAN_POINT('',(-6.21410270605742,18.0001343852146,1.98778269879334));
#2997=CARTESIAN_POINT('',(-6.52162465446096,17.9495603074538,2.0470274269492));
#2998=CARTESIAN_POINT('',(-6.89119842870335,17.795840321103,2.12327264061636));
#2999=CARTESIAN_POINT('',(-7.13114831098268,17.6542197930952,2.17456186767998));
#3000=CARTESIAN_POINT('',(-7.34850441442675,17.4816581986566,2.22247563677577));
#3001=CARTESIAN_POINT('',(-7.54017348170927,17.2803373759245,2.26591987792865));
#3002=CARTESIAN_POINT('',(-7.69948166772665,17.0585574350221,2.30296231621647));
#3003=CARTESIAN_POINT('',(-7.82370481500593,16.824976746583,2.33253853581573));
#3004=CARTESIAN_POINT('',(-7.9134149240378,16.5865703533938,2.35438466290044));
#3005=CARTESIAN_POINT('',(-7.97928048109952,16.3120379831784,2.37078950304535));
#3006=CARTESIAN_POINT('',(-7.99656509202805,16.114832515668,2.37526627265505));
#3007=CARTESIAN_POINT('',(-7.99655526359754,16.,2.37526459042505));
#3008=CARTESIAN_POINT('',(-5.99999999999999,18.,1.94951817739745));
#3009=CARTESIAN_POINT('',(-6.21050627958666,18.0001178015915,1.99888784553921));
#3010=CARTESIAN_POINT('',(-6.51349441708574,17.9494672010343,2.07350367759902));
#3011=CARTESIAN_POINT('',(-6.87881489115826,17.795995454364,2.16766090418109));
#3012=CARTESIAN_POINT('',(-7.11657254713445,17.6546632871639,2.23042073715222));
#3013=CARTESIAN_POINT('',(-7.3325403267165,17.4824181380439,2.28863186913832));
#3014=CARTESIAN_POINT('',(-7.52358541317064,17.2813245200883,2.34110984179308));
#3015=CARTESIAN_POINT('',(-7.68290838629573,17.0595802777915,2.38564149941821));
#3016=CARTESIAN_POINT('',(-7.80755608710218,16.8258221232801,2.4210480238041));
#3017=CARTESIAN_POINT('',(-7.89785171426051,16.587107376844,2.44709468593867));
#3018=CARTESIAN_POINT('',(-7.96433237958034,16.3122171214426,2.46656965290931));
#3019=CARTESIAN_POINT('',(-7.98184755921223,16.1149639491021,2.47184069877044));
#3020=CARTESIAN_POINT('',(-7.98183692174086,16.,2.47183823050121));
#3021=CARTESIAN_POINT('',(-5.99999999999999,18.,1.94951817739745));
#3022=CARTESIAN_POINT('',(-6.20610315816862,18.000111316009,2.01245376536175));
#3023=CARTESIAN_POINT('',(-6.50372084068721,17.949417119625,2.10416630502281));
#3024=CARTESIAN_POINT('',(-6.86388196297058,17.7960148659778,2.21613035925773));
#3025=CARTESIAN_POINT('',(-7.09880364481726,17.6547750755044,2.28950550338076));
#3026=CARTESIAN_POINT('',(-7.31267161931106,17.482635094648,2.35658420916579));
#3027=CARTESIAN_POINT('',(-7.50229173835501,17.2816166784816,2.41628585328299));
#3028=CARTESIAN_POINT('',(-7.6607883554754,17.0598805821398,2.4663657465104));
#3029=CARTESIAN_POINT('',(-7.78506377527953,16.8260568521631,2.50576357522087));
#3030=CARTESIAN_POINT('',(-7.87527761558047,16.5872295874595,2.53445479814778));
#3031=CARTESIAN_POINT('',(-7.94182942907875,16.3122144276615,2.55568913741933));
#3032=CARTESIAN_POINT('',(-7.95941815746613,16.1149256340838,2.56133325771866));
#3033=CARTESIAN_POINT('',(-7.95940736470282,16.,2.56132996490049));
#3034=CARTESIAN_POINT('',(-5.99999999999999,18.,1.94951817739745));
#3035=CARTESIAN_POINT('',(-6.2016445971361,18.0001133759573,2.02617118380321));
#3036=CARTESIAN_POINT('',(-6.4936775789962,17.9494337801222,2.13489040051643));
#3037=CARTESIAN_POINT('',(-6.8480286379339,17.7960109195525,2.26412113516344));
#3038=CARTESIAN_POINT('',(-7.07947664098289,17.6547428396062,2.34758544172056));
#3039=CARTESIAN_POINT('',(-7.29042220952578,17.4825703531514,2.42289160494693));
#3040=CARTESIAN_POINT('',(-7.4776337561238,17.2815285907658,2.48910131655997));
#3041=CARTESIAN_POINT('',(-7.63425127664799,17.059789818563,2.54400657947178));
#3042=CARTESIAN_POINT('',(-7.75715001040654,16.8259859923294,2.58673438281089));
#3043=CARTESIAN_POINT('',(-7.84643368802381,16.5871923115048,2.61752564401279));
#3044=CARTESIAN_POINT('',(-7.91235396814883,16.3122132015371,2.64007306592497));
#3045=CARTESIAN_POINT('',(-7.92980365519675,16.1149308987024,2.64595404878178));
#3046=CARTESIAN_POINT('',(-7.92979321978073,16.,2.64595007113351));
#3047=CARTESIAN_POINT('',(-5.99999999999999,18.,1.94951817739745));
#3048=CARTESIAN_POINT('',(-6.19771070836518,18.0001234799381,2.03825598926582));
#3049=CARTESIAN_POINT('',(-6.48441728359454,17.9495035423024,2.1624912677185));
#3050=CARTESIAN_POINT('',(-6.83247450017445,17.7959556444584,2.30811387603205));
#3051=CARTESIAN_POINT('',(-7.05978530801068,17.6545311873538,2.40139475963879));
#3052=CARTESIAN_POINT('',(-7.26686034780042,17.4821833911201,2.48489525848571));
#3053=CARTESIAN_POINT('',(-7.45049105158103,17.2810158328414,2.55773735956372));
#3054=CARTESIAN_POINT('',(-7.60396229838414,17.059260341682,2.61767874283422));
#3055=CARTESIAN_POINT('',(-7.72427094529897,16.8255604674353,2.66397698603269));
#3056=CARTESIAN_POINT('',(-7.81159510227835,16.5869476635383,2.6970979122307));
#3057=CARTESIAN_POINT('',(-7.87602448293338,16.3121760336431,2.72117375110823));
#3058=CARTESIAN_POINT('',(-7.89306927824903,16.1149517780663,2.72737364816009));
#3059=CARTESIAN_POINT('',(-7.89305962781218,16.,2.72736927126803));
#3060=CARTESIAN_POINT('',(-5.99999999999999,18.,1.94951817739746));
#3061=CARTESIAN_POINT('',(-6.19525060792652,18.0001405057654,2.04579040193546));
#3062=CARTESIAN_POINT('',(-6.47790162473182,17.9495771194356,2.18107710496226));
#3063=CARTESIAN_POINT('',(-6.82003241836989,17.795731649025,2.34006678975583));
#3064=CARTESIAN_POINT('',(-7.04298107564328,17.653980665548,2.44199691101862));
#3065=CARTESIAN_POINT('',(-7.24555594127208,17.4812825113372,2.53325335154784));
#3066=CARTESIAN_POINT('',(-7.42466128797079,17.2798681079227,2.61282503521016));
#3067=CARTESIAN_POINT('',(-7.57387356093998,17.0580830263564,2.67824780516218));
#3068=CARTESIAN_POINT('',(-7.69047520912704,16.8245996442117,2.72873002465549));
#3069=CARTESIAN_POINT('',(-7.77486204321398,16.5863677924463,2.76481383082619));
#3070=CARTESIAN_POINT('',(-7.83696289989998,16.3120473675719,2.79103084570628));
#3071=CARTESIAN_POINT('',(-7.85333319982148,16.1149049319696,2.79778390438087));
#3072=CARTESIAN_POINT('',(-7.85332460889958,16.,2.79777958877876));
#3073=CARTESIAN_POINT('',(-5.99999999999999,18.,1.94951817739745));
#3074=CARTESIAN_POINT('',(-6.19463563758494,18.0001567467431,2.04764886555682));
#3075=CARTESIAN_POINT('',(-6.47536765041675,17.9495781652208,2.18753878603505));
#3076=CARTESIAN_POINT('',(-6.81357673168289,17.7952899529799,2.35413936318929));
#3077=CARTESIAN_POINT('',(-7.03327916496231,17.6530998881663,2.46168236503147));
#3078=CARTESIAN_POINT('',(-7.23222607668066,17.4799374461487,2.55851061049651));
#3079=CARTESIAN_POINT('',(-7.40747172425186,17.2781736702694,2.64334702210195));
#3080=CARTESIAN_POINT('',(-7.55290328466104,17.0562929935384,2.71339240033168));
#3081=CARTESIAN_POINT('',(-7.66611690300494,16.8230320394294,2.76765433587625));
#3082=CARTESIAN_POINT('',(-7.74775765791039,16.5853065433927,2.80659631833614));
#3083=CARTESIAN_POINT('',(-7.80763884063489,16.3117560658481,2.83501881943619));
#3084=CARTESIAN_POINT('',(-7.82334669846577,16.1150600447948,2.84240886532191));
#3085=CARTESIAN_POINT('',(-7.82333898166542,16.,2.84240493219508));
#3086=CARTESIAN_POINT('',(-5.99999999999999,18.,1.94951817739745));
#3087=CARTESIAN_POINT('',(-6.19461185142134,18.0001644840183,2.04770590527063));
#3088=CARTESIAN_POINT('',(-6.47472083516724,17.9495583506849,2.18890312836943));
#3089=CARTESIAN_POINT('',(-6.81130248985489,17.7950033099447,2.35841862961994));
#3090=CARTESIAN_POINT('',(-7.02957729928523,17.6525544991484,2.46829764885453));
#3091=CARTESIAN_POINT('',(-7.22687400028253,17.4791130279672,2.56757338851566));
#3092=CARTESIAN_POINT('',(-7.40032638560823,17.277119067739,2.65481572082201));
#3093=CARTESIAN_POINT('',(-7.54397679135469,17.055129706955,2.72704049735511));
#3094=CARTESIAN_POINT('',(-7.65557883632961,16.8219189037715,2.78313117433792));
#3095=CARTESIAN_POINT('',(-7.73590384498404,16.5844064127619,2.82348749772654));
#3096=CARTESIAN_POINT('',(-7.79471489843554,16.3112288713201,2.85302395549102));
#3097=CARTESIAN_POINT('',(-7.81010034201806,16.1149401588767,2.86074580070166));
#3098=CARTESIAN_POINT('',(-7.81009302028896,16.,2.86074210330882));
#3099=CARTESIAN_POINT('',(-5.99999999999999,18.,1.94951817739745));
#3100=CARTESIAN_POINT('',(-6.19461149355011,18.0001651158465,2.0477056868323));
#3101=CARTESIAN_POINT('',(-6.47467129156884,17.9495566038061,2.18900450510193));
#3102=CARTESIAN_POINT('',(-6.81112140787048,17.7949793996104,2.35875398066532));
#3103=CARTESIAN_POINT('',(-7.02928028456569,17.652509120654,2.46882187220179));
#3104=CARTESIAN_POINT('',(-7.22644262908585,17.4790444534525,2.56829636473887));
#3105=CARTESIAN_POINT('',(-7.39974877969463,17.2770312321995,2.65573467060462));
#3106=CARTESIAN_POINT('',(-7.54325379028492,17.0550324552757,2.72813738086729));
#3107=CARTESIAN_POINT('',(-7.65472419165071,16.8218252952089,2.78437764132753));
#3108=CARTESIAN_POINT('',(-7.73494166581838,16.5843293478285,2.8248498347114));
#3109=CARTESIAN_POINT('',(-7.7936652202467,16.3111827363515,2.85447768170696));
#3110=CARTESIAN_POINT('',(-7.80902428395671,16.1149230465246,2.862226803742));
#3111=CARTESIAN_POINT('',(-7.80901699437494,16.,2.86222312592284));
#3112=FACE_BOUND('',#3113,.T.);
#3113=EDGE_LOOP('',(#4382,#4383,#4384,#4385));
#3114=CYLINDRICAL_SURFACE('',#3115,2.);
#3115=AXIS2_PLACEMENT_3D('',#3116,#3117,#3118);
#3116=CARTESIAN_POINT('',(-10.8932650239648,16.,-4.78548333366168));
#3117=DIRECTION('',(0.587785252292475,0.,0.809016994374946));
#3118=DIRECTION('',(-4.22353936844268E-16,1.,3.06858096987853E-16));
#3119=FACE_BOUND('',#3120,.T.);
#3120=EDGE_LOOP('',(#4386,#4387,#4388));
#3121=B_SPLINE_SURFACE_WITH_KNOTS('',3,3,(
(#3122,#3123,#3124,#3125,#3126,#3127,#3128,#3129,#3130,#3131,#3132,#3133,#3134),
(#3135,#3136,#3137,#3138,#3139,#3140,#3141,#3142,#3143,#3144,#3145,#3146,#3147),
(#3148,#3149,#3150,#3151,#3152,#3153,#3154,#3155,#3156,#3157,#3158,#3159,#3160),
(#3161,#3162,#3163,#3164,#3165,#3166,#3167,#3168,#3169,#3170,#3171,#3172,#3173),
(#3174,#3175,#3176,#3177,#3178,#3179,#3180,#3181,#3182,#3183,#3184,#3185,#3186),
(#3187,#3188,#3189,#3190,#3191,#3192,#3193,#3194,#3195,#3196,#3197,#3198,#3199),
(#3200,#3201,#3202,#3203,#3204,#3205,#3206,#3207,#3208,#3209,#3210,#3211,#3212),
(#3213,#3214,#3215,#3216,#3217,#3218,#3219,#3220,#3221,#3222,#3223,#3224,#3225),
(#3226,#3227,#3228,#3229,#3230,#3231,#3232,#3233,#3234,#3235,#3236,#3237,#3238),
(#3239,#3240,#3241,#3242,#3243,#3244,#3245,#3246,#3247,#3248,#3249,#3250,#3251),
(#3252,#3253,#3254,#3255,#3256,#3257,#3258,#3259,#3260,#3261,#3262,#3263,#3264)),
.UNSPECIFIED.,.F.,.F.,.F.,
(4,1,1,1,1,1,1,1,4),
(4,1,1,1,1,1,1,1,1,1,4),
(0.,0.165638090989276,0.315774489521581,0.465910888053885,0.60565614881939,0.743421039359213,
0.891993330125023,0.991259315724916,1.),
(0.,0.206845030711516,0.297655585209863,0.385482840528939,0.474569610523444,0.56342417626172,
0.650622548429583,0.733968148655459,0.813825890431766,0.891021860972071,1.),
.UNSPECIFIED.);
#3122=CARTESIAN_POINT('',(-3.70820393249935,18.,5.10390485011225));
#3123=CARTESIAN_POINT('',(-3.86172406197488,18.0001651158465,5.25864977014928));
#3124=CARTESIAN_POINT('',(-4.08265046086484,17.9495566038056,5.48133872987781));
#3125=CARTESIAN_POINT('',(-4.34806060943411,17.7949793996088,5.7488663326598));
#3126=CARTESIAN_POINT('',(-4.52015619528651,17.6525091206525,5.92233490490785));
#3127=CARTESIAN_POINT('',(-4.67568857472584,17.4790444534515,6.07910812873023));
#3128=CARTESIAN_POINT('',(-4.81240189106041,17.2770312321993,6.21691215010816));
#3129=CARTESIAN_POINT('',(-4.92560644750358,17.0550324552754,6.33101985764118));
#3130=CARTESIAN_POINT('',(-5.01354036208497,16.8218252952067,6.41965531298459));
#3131=CARTESIAN_POINT('',(-5.07682026809621,16.5843293478207,6.48344006895836));
#3132=CARTESIAN_POINT('',(-5.12314460133238,16.3111827363438,6.53013397982782));
#3133=CARTESIAN_POINT('',(-5.13526066604272,16.1149230465192,6.54234670705239));
#3134=CARTESIAN_POINT('',(-5.13525491562419,16.,6.54234091075677));
#3135=CARTESIAN_POINT('',(-3.70820393249935,18.,5.10390485011225));
#3136=CARTESIAN_POINT('',(-3.86173009450982,18.0001531425483,5.2586549408104));
#3137=CARTESIAN_POINT('',(-4.08111349783477,17.9495897075827,5.48282529866093));
#3138=CARTESIAN_POINT('',(-4.34307706718984,17.7954325062554,5.75409372638464));
#3139=CARTESIAN_POINT('',(-4.51244755032736,17.6533690541523,5.93075775180335));
#3140=CARTESIAN_POINT('',(-4.66518464037347,17.4803439571724,6.09111633545206));
#3141=CARTESIAN_POINT('',(-4.79922231659272,17.278695737023,6.23270351969715));
#3142=CARTESIAN_POINT('',(-4.91007144387909,17.0568753982379,6.35047361861174));
#3143=CARTESIAN_POINT('',(-4.99608035053885,16.8235992002212,6.44235760703437));
#3144=CARTESIAN_POINT('',(-5.05790167661541,16.5857897470412,6.5087589589802));
#3145=CARTESIAN_POINT('',(-5.10309131404599,16.3120570052113,6.55756501356607));
#3146=CARTESIAN_POINT('',(-5.11487025445026,16.1152473297505,6.57041291033675));
#3147=CARTESIAN_POINT('',(-5.114863963007,16.,6.57040664928026));
#3148=CARTESIAN_POINT('',(-3.70820393249935,18.,5.10390485011225));
#3149=CARTESIAN_POINT('',(-3.85892533887997,18.0001343852146,5.26070791130058));
#3150=CARTESIAN_POINT('',(-4.07289264379672,17.9495603074533,5.4893947692344));
#3151=CARTESIAN_POINT('',(-4.32706829568322,17.7958403211014,5.76830845696484));
#3152=CARTESIAN_POINT('',(-4.49104477697541,17.6542197930937,5.95084131537978));
#3153=CARTESIAN_POINT('',(-4.63872655163593,17.4816581986556,6.11736308094205));
#3154=CARTESIAN_POINT('',(-4.76825420011626,17.2803373759243,6.26517046141085));
#3155=CARTESIAN_POINT('',(-4.87536423101303,17.0585574350218,6.38877742580919));
#3156=CARTESIAN_POINT('',(-4.95847840255844,16.8249767465809,6.48572162405913));
#3157=CARTESIAN_POINT('',(-5.01821457401347,16.5865703533859,6.55612579120356));
#3158=CARTESIAN_POINT('',(-5.06185840591586,16.3120379831707,6.60811238874427));
#3159=CARTESIAN_POINT('',(-5.07321057074305,16.1148325156625,6.62189381083297));
#3160=CARTESIAN_POINT('',(-5.07320360816572,16.,6.62188667287383));
#3161=CARTESIAN_POINT('',(-3.70820393249935,18.,5.10390485011225));
#3162=CARTESIAN_POINT('',(-3.84948832726462,18.0001178015915,5.26757823730235));
#3163=CARTESIAN_POINT('',(-4.05075279392453,17.9494672010337,5.50603567233019));
#3164=CARTESIAN_POINT('',(-4.29095903666152,17.7959954543624,5.79694045579857));
#3165=CARTESIAN_POINT('',(-4.44641971663191,17.6546632871625,5.98746467103762));
#3166=CARTESIAN_POINT('',(-4.58692567565014,17.4824181380429,6.16150114188373));
#3167=CARTESIAN_POINT('',(-4.7106386188863,17.2813245200881,6.31625019793142));
#3168=CARTESIAN_POINT('',(-4.81335856012692,17.0595802777912,6.44592475969201));
#3169=CARTESIAN_POINT('',(-4.8933892355209,16.8258221232779,6.54783531989881));
#3170=CARTESIAN_POINT('',(-4.95113008853668,16.5871073768362,6.62198195020376));
#3171=CARTESIAN_POINT('',(-4.99346697820249,16.3122171214347,6.67681388408398));
#3172=CARTESIAN_POINT('',(-5.00453881316224,16.1149639490967,6.69137341404174));
#3173=CARTESIAN_POINT('',(-5.00453165807938,16.,6.6913651646212));
#3174=CARTESIAN_POINT('',(-3.70820393249935,18.,5.10390485011225));
#3175=CARTESIAN_POINT('',(-3.83795227960484,18.000111316009,5.27596520714869));
#3176=CARTESIAN_POINT('',(-4.02482276432874,17.9494171196245,5.52509749493707));
#3177=CARTESIAN_POINT('',(-4.25038841310542,17.7960148659762,5.82737571369833));
#3178=CARTESIAN_POINT('',(-4.39731521846679,17.654775075503,6.02482095228994));
#3179=CARTESIAN_POINT('',(-4.53091017038187,17.4826350946469,6.20479720657412));
#3180=CARTESIAN_POINT('',(-4.64922432321431,17.2816166784815,6.36455276076753));
#3181=CARTESIAN_POINT('',(-4.74801455734084,17.0598805821396,6.49823021954616));
#3182=CARTESIAN_POINT('',(-4.82539802125811,16.826056852161,6.60315099149818));
#3183=CARTESIAN_POINT('',(-4.88151827348397,16.5872295874517,6.67938904331809));
#3184=CARTESIAN_POINT('',(-4.92287859014363,16.3122144276537,6.73568615913908));
#3185=CARTESIAN_POINT('',(-4.93379063964373,16.1149256340783,6.75059074353127));
#3186=CARTESIAN_POINT('',(-4.93378384358476,16.,6.75058173575831));
#3187=CARTESIAN_POINT('',(-3.70820393249935,18.,5.10390485011226));
#3188=CARTESIAN_POINT('',(-3.82628233170164,18.0001133759573,5.284442155364));
#3189=CARTESIAN_POINT('',(-3.99863842472504,17.9494337801216,5.54405052921814));
#3190=CARTESIAN_POINT('',(-4.20935453341706,17.796010919551,5.85688271631805));
#3191=CARTESIAN_POINT('',(-4.347540812713,17.6547428396047,6.0604484816084));
#3192=CARTESIAN_POINT('',(-4.47393551040283,17.4825703531505,6.24536314166325));
#3193=CARTESIAN_POINT('',(-4.58647574110049,17.2815285907657,6.40896810969804));
#3194=CARTESIAN_POINT('',(-4.68090947301017,17.0597898185629,6.54544486928834));
#3195=CARTESIAN_POINT('',(-4.75522186454404,16.8259859923273,6.65225045155101));
#3196=CARTESIAN_POINT('',(-4.80935522782441,16.5871923114969,6.7296407341165));
#3197=CARTESIAN_POINT('',(-4.84943281264171,16.3122132015293,6.78662895010561));
#3198=CARTESIAN_POINT('',(-4.86009315101725,16.114930898697,6.80164343388339));
#3199=CARTESIAN_POINT('',(-4.86008704659134,16.,6.8016340821147));
#3200=CARTESIAN_POINT('',(-3.70820393249935,18.,5.10390485011225));
#3201=CARTESIAN_POINT('',(-3.8159964784036,18.0001234799381,5.29190668655372));
#3202=CARTESIAN_POINT('',(-3.97492330567937,17.9495035423019,5.56093703477593));
#3203=CARTESIAN_POINT('',(-4.17091268734576,17.7959556444568,5.88333109852376));
#3204=CARTESIAN_POINT('',(-4.2999818661883,17.6545311873525,6.09240685914196));
#3205=CARTESIAN_POINT('',(-4.41842873071024,17.4821833911193,6.28167583625181));
#3206=CARTESIAN_POINT('',(-4.52417357800032,17.2810158328416,6.4485417534783));
#3207=CARTESIAN_POINT('',(-4.61310176372589,17.0592603416821,6.58724348673166));
#3208=CARTESIAN_POINT('',(-4.68322007909351,16.8255604674334,6.69541520066918));
#3209=CARTESIAN_POINT('',(-4.73439881415009,16.5869476635305,6.77353844447532));
#3210=CARTESIAN_POINT('',(-4.77237185500828,16.3121760336353,6.83088684704284));
#3211=CARTESIAN_POINT('',(-4.78251717603113,16.1149517780609,6.84592134843515));
#3212=CARTESIAN_POINT('',(-4.78251194133632,16.,6.84591213507063));
#3213=CARTESIAN_POINT('',(-3.70820393249935,18.,5.10390485011225));
#3214=CARTESIAN_POINT('',(-3.80957759868712,18.0001405057654,5.29655614369043));
#3215=CARTESIAN_POINT('',(-3.95872754589291,17.9495771194351,5.57214348477504));
#3216=CARTESIAN_POINT('',(-4.1420653802613,17.7957316490236,5.90186827655712));
#3217=CARTESIAN_POINT('',(-4.26252161082851,17.6539806655468,6.11537740965872));
#3218=CARTESIAN_POINT('',(-4.37276892983823,17.4812825113368,6.30827593939254));
#3219=CARTESIAN_POINT('',(-4.47089713694674,17.2798681079232,6.47792626514075));
#3220=CARTESIAN_POINT('',(-4.55315786220908,17.0580830263568,6.61855917136269));
#3221=CARTESIAN_POINT('',(-4.61781787304627,16.8245996442103,6.72793687404429));
#3222=CARTESIAN_POINT('',(-4.66487872681311,16.5863677924388,6.80673062302312));
#3223=CARTESIAN_POINT('',(-4.69970940053222,16.3120473675643,6.86444260131593));
#3224=CARTESIAN_POINT('',(-4.7089839030748,16.1149049319642,6.87952816141621));
#3225=CARTESIAN_POINT('',(-4.70897948952026,16.,6.87951962040357));
#3226=CARTESIAN_POINT('',(-3.70820393249935,18.,5.10390485011226));
#3227=CARTESIAN_POINT('',(-3.80798769972,18.0001567467431,5.29769820184704));
#3228=CARTESIAN_POINT('',(-3.95287943676596,17.9495781652202,5.57588166184516));
#3229=CARTESIAN_POINT('',(-4.12857096888945,17.7952899529784,5.90945867019495));
#3230=CARTESIAN_POINT('',(-4.24310178064872,17.6530998881651,6.12560063648423));
#3231=CARTESIAN_POINT('',(-4.3471389985185,17.479937446148,6.32087439329666));
#3232=CARTESIAN_POINT('',(-4.43905011399568,17.2781736702697,6.49251529919671));
#3233=CARTESIAN_POINT('',(-4.51553507757189,17.0562929935387,6.63466572698818));
#3234=CARTESIAN_POINT('',(-4.57523245333452,16.8230320394275,6.74510985021322));
#3235=CARTESIAN_POINT('',(-4.61839168850332,16.5853065433852,6.82460180753864));
#3236=CARTESIAN_POINT('',(-4.65013025599077,16.3117560658403,6.88279337004484));
#3237=CARTESIAN_POINT('',(-4.6584944199355,16.1150600447893,6.89800488993275));
#3238=CARTESIAN_POINT('',(-4.65849048874682,16.,6.89799717214487));
#3239=CARTESIAN_POINT('',(-3.70820393249935,18.,5.10390485011225));
#3240=CARTESIAN_POINT('',(-3.80793492920664,18.0001644840183,5.29773036678882));
#3241=CARTESIAN_POINT('',(-3.95155421193303,17.9495583506843,5.57660524951564));
#3242=CARTESIAN_POINT('',(-4.12421577890127,17.7950033099432,5.91158390365496));
#3243=CARTESIAN_POINT('',(-4.23621854213215,17.6525544991471,6.12877661146982));
#3244=CARTESIAN_POINT('',(-4.33748211049015,17.4791130279664,6.32506046315574));
#3245=CARTESIAN_POINT('',(-4.42652828162863,17.2771190677392,6.49759374668874));
#3246=CARTESIAN_POINT('',(-4.50029124263097,17.0551297069551,6.64046040830245));
#3247=CARTESIAN_POINT('',(-4.55760992090223,16.8219189037697,6.75143675537023));
#3248=CARTESIAN_POINT('',(-4.5988733662537,16.5844064127544,6.83129956230074));
#3249=CARTESIAN_POINT('',(-4.62909141367378,16.3112288713125,6.8897633284748));
#3250=CARTESIAN_POINT('',(-4.63699971226241,16.1149401588713,6.905053769315));
#3251=CARTESIAN_POINT('',(-4.63699596213212,16.,6.90504647445696));
#3252=CARTESIAN_POINT('',(-3.70820393249935,18.,5.10390485011225));
#3253=CARTESIAN_POINT('',(-3.80793476807756,18.0001651158465,5.29772997971707));
#3254=CARTESIAN_POINT('',(-3.95145454257131,17.9495566038056,5.57665814401878));
#3255=CARTESIAN_POINT('',(-4.12387216609845,17.7949793996088,5.91174877103047));
#3256=CARTESIAN_POINT('',(-4.23567012142207,17.6525091206525,6.12902613619564));
#3257=CARTESIAN_POINT('',(-4.3367081690966,17.4790444534515,6.32539180958037));
#3258=CARTESIAN_POINT('',(-4.42552084349504,17.2770312321994,6.49799768444366));
#3259=CARTESIAN_POINT('',(-4.4990615905222,17.0550324552754,6.64092283634012));
#3260=CARTESIAN_POINT('',(-4.55618584391376,16.8218252952068,6.75194282081137));
#3261=CARTESIAN_POINT('',(-4.597294185363,16.5843293478207,6.83183616135185));
#3262=CARTESIAN_POINT('',(-4.62738772734364,16.3111827363438,6.89032243233163));
#3263=CARTESIAN_POINT('',(-4.63525865125187,16.1149230465192,6.90561943488631));
#3264=CARTESIAN_POINT('',(-4.63525491562419,16.,6.90561217475945));
#3265=FACE_BOUND('',#3266,.T.);
#3266=EDGE_LOOP('',(#4389,#4390,#4391,#4392));
#3267=PLANE('',#3268);
#3268=AXIS2_PLACEMENT_3D('',#3269,#3270,#3271);
#3269=CARTESIAN_POINT('',(7.6,4.,3.87443787363033));
#3270=DIRECTION('',(0.707106781186547,-0.707106781186548,4.05243937286985E-17));
#3271=DIRECTION('',(1.14620294436145E-16,5.73101472180726E-17,-1.));
#3272=FACE_BOUND('',#3273,.T.);
#3273=EDGE_LOOP('',(#4393,#4394,#4395,#4396));
#3274=CONICAL_SURFACE('',#3275,0.8,0.785398163397448);
#3275=AXIS2_PLACEMENT_3D('',#3276,#3277,#3278);
#3276=CARTESIAN_POINT('',(7.,4.2,2.27443787363033));
#3277=DIRECTION('',(0.,1.,6.12323399573677E-17));
#3278=DIRECTION('',(-0.707106781186548,-4.32978028117746E-17,0.707106781186547));
#3279=FACE_BOUND('',#3280,.T.);
#3280=EDGE_LOOP('',(#4397,#4398,#4399,#4400));
#3281=PLANE('',#3282);
#3282=AXIS2_PLACEMENT_3D('',#3283,#3284,#3285);
#3283=CARTESIAN_POINT('',(3.8711917142063,4.,7.60165400083967));
#3284=DIRECTION('',(0.572061402817685,-0.707106781186549,0.415626937777451));
#3285=DIRECTION('',(0.58778525229247,9.78345409467712E-17,-0.809016994374949));
#3286=FACE_BOUND('',#3287,.T.);
#3287=EDGE_LOOP('',(#4401,#4402,#4403,#4404));
#3288=CONICAL_SURFACE('',#3289,0.8,0.785398163397447);
#3289=AXIS2_PLACEMENT_3D('',#3290,#3291,#3292);
#3290=CARTESIAN_POINT('',(4.32623792124928,4.2,5.95455565846427));
#3291=DIRECTION('',(-1.54074395550979E-33,1.,6.12323399573676E-17));
#3292=DIRECTION('',(-0.987688340595137,-9.57884834439254E-18,0.156434465040234));
#3293=FACE_BOUND('',#3294,.T.);
#3294=EDGE_LOOP('',(#4405,#4406,#4407,#4408));
#3295=PLANE('',#3296);
#3296=AXIS2_PLACEMENT_3D('',#3297,#3298,#3299);
#3297=CARTESIAN_POINT('',(-1.33628022944726,4.,8.42529667044488));
#3298=DIRECTION('',(0.218508012224412,-0.707106781186546,0.672498511963958));
#3299=DIRECTION('',(0.951056516295153,-2.02621968643492E-17,-0.309016994374949));
#3300=FACE_BOUND('',#3301,.T.);
#3301=EDGE_LOOP('',(#4409,#4410,#4411,#4412));
#3302=CONICAL_SURFACE('',#3303,0.8,0.785398163397449);
#3303=AXIS2_PLACEMENT_3D('',#3304,#3305,#3306);
#3304=CARTESIAN_POINT('',(1.5709655798446E-14,4.2,7.36023556966787));
#3305=DIRECTION('',(-3.08148791101958E-33,1.,6.12323399573677E-17));
#3306=DIRECTION('',(-0.891006524188368,2.77989006174671E-17,-0.453990499739546));
#3307=FACE_BOUND('',#3308,.T.);
#3308=EDGE_LOOP('',(#4413,#4414,#4415,#4416));
#3309=PLANE('',#3310);
#3310=AXIS2_PLACEMENT_3D('',#3311,#3312,#3313);
#3311=CARTESIAN_POINT('',(-6.03333854394646,4.,6.03076237724147));
#3312=DIRECTION('',(-0.218508012224409,-0.707106781186547,0.672498511963958));
#3313=DIRECTION('',(0.951056516295155,0.,0.309016994374945));
#3314=FACE_BOUND('',#3315,.T.);
#3315=EDGE_LOOP('',(#4417,#4418,#4419,#4420));
#3316=CONICAL_SURFACE('',#3317,0.8,0.78539816339745);
#3317=AXIS2_PLACEMENT_3D('',#3318,#3319,#3320);
#3318=CARTESIAN_POINT('',(-4.32623792124925,4.2,5.95455565846429));
#3319=DIRECTION('',(6.16297582203915E-33,1.,6.12323399573677E-17));
#3320=DIRECTION('',(-0.453990499739548,5.45584143933346E-17,-0.891006524188367));
#3321=FACE_BOUND('',#3322,.T.);
#3322=EDGE_LOOP('',(#4421,#4422,#4423,#4424));
#3323=PLANE('',#3324);
#3324=AXIS2_PLACEMENT_3D('',#3325,#3326,#3327);
#3325=CARTESIAN_POINT('',(-8.42586660029292,4.,1.33268183400593));
#3326=DIRECTION('',(-0.572061402817683,-0.707106781186548,0.415626937777454));
#3327=DIRECTION('',(0.587785252292474,-5.73101472180726E-17,0.809016994374946));
#3328=FACE_BOUND('',#3329,.T.);
#3329=EDGE_LOOP('',(#4425,#4426,#4427,#4428));
#3330=CONICAL_SURFACE('',#3331,0.799999999999999,0.785398163397448);
#3331=AXIS2_PLACEMENT_3D('',#3332,#3333,#3334);
#3332=CARTESIAN_POINT('',(-6.99999999999999,4.2,2.27443787363036));
#3333=DIRECTION('',(0.,1.,6.12323399573677E-17));
#3334=DIRECTION('',(0.156434465040229,6.04784682432498E-17,-0.987688340595138));
#3335=FACE_BOUND('',#3336,.T.);
#3336=EDGE_LOOP('',(#4429,#4430,#4431,#4432));
#3337=PLANE('',#3338);
#3338=AXIS2_PLACEMENT_3D('',#3339,#3340,#3341);
#3339=CARTESIAN_POINT('',(-7.60000000000001,4.,-3.87443787363032));
#3340=DIRECTION('',(-0.707106781186546,-0.707106781186549,1.98569529270622E-15));
#3341=DIRECTION('',(2.86550736090363E-15,-5.73101472180726E-17,1.));
#3342=FACE_BOUND('',#3343,.T.);
#3343=EDGE_LOOP('',(#4433,#4434,#4435,#4436));
#3344=CONICAL_SURFACE('',#3345,0.8,0.785398163397447);
#3345=AXIS2_PLACEMENT_3D('',#3346,#3347,#3348);
#3346=CARTESIAN_POINT('',(-7.00000000000001,4.2,-2.27443787363032));
#3347=DIRECTION('',(6.16297582203915E-33,1.,6.12323399573676E-17));
#3348=DIRECTION('',(0.707106781186546,4.32978028117747E-17,-0.707106781186549));
#3349=FACE_BOUND('',#3350,.T.);
#3350=EDGE_LOOP('',(#4437,#4438,#4439,#4440));
#3351=PLANE('',#3352);
#3352=AXIS2_PLACEMENT_3D('',#3353,#3354,#3355);
#3353=CARTESIAN_POINT('',(-3.8711917142063,4.,-7.60165400083967));
#3354=DIRECTION('',(-0.572061402817685,-0.707106781186549,-0.415626937777451));
#3355=DIRECTION('',(-0.587785252292471,-1.14620294436145E-16,0.809016994374949));
#3356=FACE_BOUND('',#3357,.T.);
#3357=EDGE_LOOP('',(#4441,#4442,#4443,#4444));
#3358=CONICAL_SURFACE('',#3359,0.8,0.785398163397447);
#3359=AXIS2_PLACEMENT_3D('',#3360,#3361,#3362);
#3360=CARTESIAN_POINT('',(-4.32623792124928,4.2,-5.95455565846427));
#3361=DIRECTION('',(-1.54074395550979E-33,1.,6.12323399573677E-17));
#3362=DIRECTION('',(0.987688340595137,9.57884834439261E-18,-0.156434465040235));
#3363=FACE_BOUND('',#3364,.T.);
#3364=EDGE_LOOP('',(#4445,#4446,#4447,#4448));
#3365=PLANE('',#3366);
#3366=AXIS2_PLACEMENT_3D('',#3367,#3368,#3369);
#3367=CARTESIAN_POINT('',(1.33628022944725,4.,-8.42529667044488));
#3368=DIRECTION('',(-0.218508012224413,-0.707106781186546,-0.672498511963958));
#3369=DIRECTION('',(-0.951056516295153,-9.43580975717961E-17,0.30901699437495));
#3370=FACE_BOUND('',#3371,.T.);
#3371=EDGE_LOOP('',(#4449,#4450,#4451,#4452));
#3372=CONICAL_SURFACE('',#3373,0.800000000000001,0.785398163397445);
#3373=AXIS2_PLACEMENT_3D('',#3374,#3375,#3376);
#3374=CARTESIAN_POINT('',(-2.49245069028348E-14,4.2,-7.36023556966787));
#3375=DIRECTION('',(0.,1.,6.12323399573677E-17));
#3376=DIRECTION('',(0.891006524188369,-2.7798900617467E-17,0.453990499739545));
#3377=FACE_BOUND('',#3378,.T.);
#3378=EDGE_LOOP('',(#4453,#4454,#4455,#4456));
#3379=PLANE('',#3380);
#3380=AXIS2_PLACEMENT_3D('',#3381,#3382,#3383);
#3381=CARTESIAN_POINT('',(6.03333854394646,4.,-6.03076237724148));
#3382=DIRECTION('',(0.218508012224408,-0.707106781186546,-0.672498511963959));
#3383=DIRECTION('',(-0.951056516295155,1.14620294436145E-16,-0.309016994374943));
#3384=FACE_BOUND('',#3385,.T.);
#3385=EDGE_LOOP('',(#4457,#4458,#4459,#4460));
#3386=CONICAL_SURFACE('',#3387,0.8,0.785398163397448);
#3387=AXIS2_PLACEMENT_3D('',#3388,#3389,#3390);
#3388=CARTESIAN_POINT('',(4.32623792124924,4.2,-5.9545556584643));
#3389=DIRECTION('',(6.16297582203915E-33,1.,6.12323399573677E-17));
#3390=DIRECTION('',(0.453990499739548,-5.45584143933346E-17,0.891006524188367));
#3391=FACE_BOUND('',#3392,.T.);
#3392=EDGE_LOOP('',(#4461,#4462,#4463,#4464));
#3393=PLANE('',#3394);
#3394=AXIS2_PLACEMENT_3D('',#3395,#3396,#3397);
#3395=CARTESIAN_POINT('',(8.42586660029293,4.,-1.33268183400593));
#3396=DIRECTION('',(0.572061402817683,-0.707106781186548,-0.415626937777455));
#3397=DIRECTION('',(-0.587785252292475,1.14620294436145E-16,-0.809016994374945));
#3398=FACE_BOUND('',#3399,.T.);
#3399=EDGE_LOOP('',(#4465,#4466,#4467,#4468));
#3400=CONICAL_SURFACE('',#3401,0.8,0.785398163397449);
#3401=AXIS2_PLACEMENT_3D('',#3402,#3403,#3404);
#3402=CARTESIAN_POINT('',(7.,4.2,-2.27443787363035));
#3403=DIRECTION('',(0.,1.,6.12323399573677E-17));
#3404=DIRECTION('',(-0.156434465040228,-6.04784682432498E-17,0.987688340595138));
#3405=ORIENTED_EDGE('',*,*,#4469,.F.);
#3406=ORIENTED_EDGE('',*,*,#4470,.F.);
#3407=ORIENTED_EDGE('',*,*,#4471,.F.);
#3408=ORIENTED_EDGE('',*,*,#4472,.F.);
#3409=ORIENTED_EDGE('',*,*,#4473,.F.);
#3410=ORIENTED_EDGE('',*,*,#4474,.T.);
#3411=ORIENTED_EDGE('',*,*,#4475,.F.);
#3412=ORIENTED_EDGE('',*,*,#4476,.F.);
#3413=ORIENTED_EDGE('',*,*,#4477,.F.);
#3414=ORIENTED_EDGE('',*,*,#4478,.F.);
#3415=ORIENTED_EDGE('',*,*,#4479,.F.);
#3416=ORIENTED_EDGE('',*,*,#4480,.T.);
#3417=ORIENTED_EDGE('',*,*,#4481,.F.);
#3418=ORIENTED_EDGE('',*,*,#4482,.F.);
#3419=ORIENTED_EDGE('',*,*,#4483,.F.);
#3420=ORIENTED_EDGE('',*,*,#4484,.F.);
#3421=ORIENTED_EDGE('',*,*,#4485,.F.);
#3422=ORIENTED_EDGE('',*,*,#4486,.T.);
#3423=ORIENTED_EDGE('',*,*,#4487,.F.);
#3424=ORIENTED_EDGE('',*,*,#4488,.F.);
#3425=ORIENTED_EDGE('',*,*,#4489,.F.);
#3426=ORIENTED_EDGE('',*,*,#4490,.F.);
#3427=ORIENTED_EDGE('',*,*,#4491,.F.);
#3428=ORIENTED_EDGE('',*,*,#4492,.T.);
#3429=ORIENTED_EDGE('',*,*,#4493,.F.);
#3430=ORIENTED_EDGE('',*,*,#4494,.F.);
#3431=ORIENTED_EDGE('',*,*,#4495,.F.);
#3432=ORIENTED_EDGE('',*,*,#4496,.F.);
#3433=ORIENTED_EDGE('',*,*,#4497,.F.);
#3434=ORIENTED_EDGE('',*,*,#4498,.T.);
#3435=ORIENTED_EDGE('',*,*,#4499,.F.);
#3436=ORIENTED_EDGE('',*,*,#4500,.F.);
#3437=ORIENTED_EDGE('',*,*,#4501,.F.);
#3438=ORIENTED_EDGE('',*,*,#4502,.F.);
#3439=ORIENTED_EDGE('',*,*,#4503,.F.);
#3440=ORIENTED_EDGE('',*,*,#4504,.T.);
#3441=ORIENTED_EDGE('',*,*,#4505,.F.);
#3442=ORIENTED_EDGE('',*,*,#4506,.F.);
#3443=ORIENTED_EDGE('',*,*,#4507,.F.);
#3444=ORIENTED_EDGE('',*,*,#4508,.F.);
#3445=ORIENTED_EDGE('',*,*,#4509,.F.);
#3446=ORIENTED_EDGE('',*,*,#4510,.T.);
#3447=ORIENTED_EDGE('',*,*,#4511,.F.);
#3448=ORIENTED_EDGE('',*,*,#4512,.F.);
#3449=ORIENTED_EDGE('',*,*,#4513,.F.);
#3450=ORIENTED_EDGE('',*,*,#4514,.F.);
#3451=ORIENTED_EDGE('',*,*,#4515,.F.);
#3452=ORIENTED_EDGE('',*,*,#4516,.T.);
#3453=ORIENTED_EDGE('',*,*,#4517,.F.);
#3454=ORIENTED_EDGE('',*,*,#4518,.F.);
#3455=ORIENTED_EDGE('',*,*,#4519,.F.);
#3456=ORIENTED_EDGE('',*,*,#4520,.F.);
#3457=ORIENTED_EDGE('',*,*,#4521,.F.);
#3458=ORIENTED_EDGE('',*,*,#4522,.T.);
#3459=ORIENTED_EDGE('',*,*,#4523,.F.);
#3460=ORIENTED_EDGE('',*,*,#4524,.F.);
#3461=ORIENTED_EDGE('',*,*,#4525,.F.);
#3462=ORIENTED_EDGE('',*,*,#4526,.F.);
#3463=ORIENTED_EDGE('',*,*,#4527,.F.);
#3464=ORIENTED_EDGE('',*,*,#4528,.T.);
#3465=ORIENTED_EDGE('',*,*,#4529,.F.);
#3466=ORIENTED_EDGE('',*,*,#4530,.F.);
#3467=ORIENTED_EDGE('',*,*,#4531,.F.);
#3468=ORIENTED_EDGE('',*,*,#4532,.F.);
#3469=ORIENTED_EDGE('',*,*,#4533,.F.);
#3470=ORIENTED_EDGE('',*,*,#4534,.T.);
#3471=ORIENTED_EDGE('',*,*,#4535,.F.);
#3472=ORIENTED_EDGE('',*,*,#4536,.T.);
#3473=ORIENTED_EDGE('',*,*,#4537,.F.);
#3474=ORIENTED_EDGE('',*,*,#4538,.T.);
#3475=ORIENTED_EDGE('',*,*,#4539,.F.);
#3476=ORIENTED_EDGE('',*,*,#4540,.T.);
#3477=ORIENTED_EDGE('',*,*,#4541,.F.);
#3478=ORIENTED_EDGE('',*,*,#4542,.T.);
#3479=ORIENTED_EDGE('',*,*,#4543,.T.);
#3480=ORIENTED_EDGE('',*,*,#4544,.T.);
#3481=ORIENTED_EDGE('',*,*,#4545,.T.);
#3482=ORIENTED_EDGE('',*,*,#4546,.T.);
#3483=ORIENTED_EDGE('',*,*,#4547,.T.);
#3484=ORIENTED_EDGE('',*,*,#4548,.T.);
#3485=ORIENTED_EDGE('',*,*,#4549,.T.);
#3486=ORIENTED_EDGE('',*,*,#4550,.T.);
#3487=ORIENTED_EDGE('',*,*,#4551,.T.);
#3488=ORIENTED_EDGE('',*,*,#4552,.T.);
#3489=ORIENTED_EDGE('',*,*,#4553,.T.);
#3490=ORIENTED_EDGE('',*,*,#4554,.T.);
#3491=ORIENTED_EDGE('',*,*,#4555,.T.);
#3492=ORIENTED_EDGE('',*,*,#4556,.T.);
#3493=ORIENTED_EDGE('',*,*,#4557,.T.);
#3494=ORIENTED_EDGE('',*,*,#4558,.T.);
#3495=ORIENTED_EDGE('',*,*,#4559,.T.);
#3496=ORIENTED_EDGE('',*,*,#4560,.T.);
#3497=ORIENTED_EDGE('',*,*,#4561,.T.);
#3498=ORIENTED_EDGE('',*,*,#4562,.T.);
#3499=ORIENTED_EDGE('',*,*,#4563,.T.);
#3500=ORIENTED_EDGE('',*,*,#4564,.T.);
#3501=ORIENTED_EDGE('',*,*,#4565,.T.);
#3502=ORIENTED_EDGE('',*,*,#4566,.T.);
#3503=ORIENTED_EDGE('',*,*,#4567,.T.);
#3504=ORIENTED_EDGE('',*,*,#4568,.T.);
#3505=ORIENTED_EDGE('',*,*,#4569,.T.);
#3506=ORIENTED_EDGE('',*,*,#4570,.T.);
#3507=ORIENTED_EDGE('',*,*,#4571,.T.);
#3508=ORIENTED_EDGE('',*,*,#4572,.T.);
#3509=ORIENTED_EDGE('',*,*,#4573,.T.);
#3510=ORIENTED_EDGE('',*,*,#4574,.T.);
#3511=ORIENTED_EDGE('',*,*,#4575,.T.);
#3512=ORIENTED_EDGE('',*,*,#4576,.T.);
#3513=ORIENTED_EDGE('',*,*,#4577,.T.);
#3514=ORIENTED_EDGE('',*,*,#4578,.T.);
#3515=ORIENTED_EDGE('',*,*,#4579,.T.);
#3516=ORIENTED_EDGE('',*,*,#4580,.T.);
#3517=ORIENTED_EDGE('',*,*,#4581,.T.);
#3518=ORIENTED_EDGE('',*,*,#4582,.T.);
#3519=ORIENTED_EDGE('',*,*,#4583,.T.);
#3520=ORIENTED_EDGE('',*,*,#4584,.T.);
#3521=ORIENTED_EDGE('',*,*,#4585,.T.);
#3522=ORIENTED_EDGE('',*,*,#4586,.T.);
#3523=ORIENTED_EDGE('',*,*,#4587,.T.);
#3524=ORIENTED_EDGE('',*,*,#4588,.T.);
#3525=ORIENTED_EDGE('',*,*,#4589,.T.);
#3526=ORIENTED_EDGE('',*,*,#4590,.T.);
#3527=ORIENTED_EDGE('',*,*,#4591,.T.);
#3528=ORIENTED_EDGE('',*,*,#4592,.T.);
#3529=ORIENTED_EDGE('',*,*,#4593,.T.);
#3530=ORIENTED_EDGE('',*,*,#4594,.T.);
#3531=ORIENTED_EDGE('',*,*,#4595,.T.);
#3532=ORIENTED_EDGE('',*,*,#4596,.T.);
#3533=ORIENTED_EDGE('',*,*,#4597,.T.);
#3534=ORIENTED_EDGE('',*,*,#4598,.T.);
#3535=ORIENTED_EDGE('',*,*,#4599,.T.);
#3536=ORIENTED_EDGE('',*,*,#4600,.T.);
#3537=ORIENTED_EDGE('',*,*,#4601,.T.);
#3538=ORIENTED_EDGE('',*,*,#4602,.T.);
#3539=ORIENTED_EDGE('',*,*,#4603,.T.);
#3540=ORIENTED_EDGE('',*,*,#4604,.T.);
#3541=ORIENTED_EDGE('',*,*,#4605,.T.);
#3542=ORIENTED_EDGE('',*,*,#4606,.T.);
#3543=ORIENTED_EDGE('',*,*,#4607,.T.);
#3544=ORIENTED_EDGE('',*,*,#4608,.T.);
#3545=ORIENTED_EDGE('',*,*,#4609,.T.);
#3546=ORIENTED_EDGE('',*,*,#4610,.T.);
#3547=ORIENTED_EDGE('',*,*,#4611,.T.);
#3548=ORIENTED_EDGE('',*,*,#4612,.T.);
#3549=ORIENTED_EDGE('',*,*,#4613,.T.);
#3550=ORIENTED_EDGE('',*,*,#4614,.T.);
#3551=ORIENTED_EDGE('',*,*,#4615,.T.);
#3552=ORIENTED_EDGE('',*,*,#4616,.T.);
#3553=ORIENTED_EDGE('',*,*,#4617,.T.);
#3554=ORIENTED_EDGE('',*,*,#4618,.T.);
#3555=ORIENTED_EDGE('',*,*,#4619,.T.);
#3556=ORIENTED_EDGE('',*,*,#4620,.T.);
#3557=ORIENTED_EDGE('',*,*,#4621,.T.);
#3558=ORIENTED_EDGE('',*,*,#4622,.T.);
#3559=ORIENTED_EDGE('',*,*,#4608,.F.);
#3560=ORIENTED_EDGE('',*,*,#4623,.F.);
#3561=ORIENTED_EDGE('',*,*,#4624,.F.);
#3562=ORIENTED_EDGE('',*,*,#4625,.T.);
#3563=ORIENTED_EDGE('',*,*,#4607,.F.);
#3564=ORIENTED_EDGE('',*,*,#4626,.F.);
#3565=ORIENTED_EDGE('',*,*,#4627,.F.);
#3566=ORIENTED_EDGE('',*,*,#4623,.T.);
#3567=ORIENTED_EDGE('',*,*,#4606,.F.);
#3568=ORIENTED_EDGE('',*,*,#4628,.F.);
#3569=ORIENTED_EDGE('',*,*,#4629,.F.);
#3570=ORIENTED_EDGE('',*,*,#4626,.T.);
#3571=ORIENTED_EDGE('',*,*,#4605,.F.);
#3572=ORIENTED_EDGE('',*,*,#4630,.F.);
#3573=ORIENTED_EDGE('',*,*,#4631,.F.);
#3574=ORIENTED_EDGE('',*,*,#4628,.T.);
#3575=ORIENTED_EDGE('',*,*,#4604,.F.);
#3576=ORIENTED_EDGE('',*,*,#4632,.F.);
#3577=ORIENTED_EDGE('',*,*,#4633,.F.);
#3578=ORIENTED_EDGE('',*,*,#4630,.T.);
#3579=ORIENTED_EDGE('',*,*,#4603,.F.);
#3580=ORIENTED_EDGE('',*,*,#4625,.F.);
#3581=ORIENTED_EDGE('',*,*,#4634,.F.);
#3582=ORIENTED_EDGE('',*,*,#4632,.T.);
#3583=ORIENTED_EDGE('',*,*,#4624,.T.);
#3584=ORIENTED_EDGE('',*,*,#4627,.T.);
#3585=ORIENTED_EDGE('',*,*,#4629,.T.);
#3586=ORIENTED_EDGE('',*,*,#4631,.T.);
#3587=ORIENTED_EDGE('',*,*,#4633,.T.);
#3588=ORIENTED_EDGE('',*,*,#4634,.T.);
#3589=ORIENTED_EDGE('',*,*,#4534,.F.);
#3590=ORIENTED_EDGE('',*,*,#4602,.F.);
#3591=ORIENTED_EDGE('',*,*,#4635,.F.);
#3592=ORIENTED_EDGE('',*,*,#4636,.F.);
#3593=ORIENTED_EDGE('',*,*,#4637,.T.);
#3594=ORIENTED_EDGE('',*,*,#4601,.F.);
#3595=ORIENTED_EDGE('',*,*,#4638,.F.);
#3596=ORIENTED_EDGE('',*,*,#4639,.F.);
#3597=ORIENTED_EDGE('',*,*,#4635,.T.);
#3598=ORIENTED_EDGE('',*,*,#4600,.F.);
#3599=ORIENTED_EDGE('',*,*,#4640,.F.);
#3600=ORIENTED_EDGE('',*,*,#4641,.F.);
#3601=ORIENTED_EDGE('',*,*,#4638,.T.);
#3602=ORIENTED_EDGE('',*,*,#4599,.F.);
#3603=ORIENTED_EDGE('',*,*,#4642,.F.);
#3604=ORIENTED_EDGE('',*,*,#4643,.F.);
#3605=ORIENTED_EDGE('',*,*,#4640,.T.);
#3606=ORIENTED_EDGE('',*,*,#4598,.F.);
#3607=ORIENTED_EDGE('',*,*,#4644,.F.);
#3608=ORIENTED_EDGE('',*,*,#4645,.F.);
#3609=ORIENTED_EDGE('',*,*,#4642,.T.);
#3610=ORIENTED_EDGE('',*,*,#4597,.F.);
#3611=ORIENTED_EDGE('',*,*,#4637,.F.);
#3612=ORIENTED_EDGE('',*,*,#4646,.F.);
#3613=ORIENTED_EDGE('',*,*,#4644,.T.);
#3614=ORIENTED_EDGE('',*,*,#4636,.T.);
#3615=ORIENTED_EDGE('',*,*,#4639,.T.);
#3616=ORIENTED_EDGE('',*,*,#4641,.T.);
#3617=ORIENTED_EDGE('',*,*,#4643,.T.);
#3618=ORIENTED_EDGE('',*,*,#4645,.T.);
#3619=ORIENTED_EDGE('',*,*,#4646,.T.);
#3620=ORIENTED_EDGE('',*,*,#4528,.F.);
#3621=ORIENTED_EDGE('',*,*,#4596,.F.);
#3622=ORIENTED_EDGE('',*,*,#4647,.F.);
#3623=ORIENTED_EDGE('',*,*,#4648,.F.);
#3624=ORIENTED_EDGE('',*,*,#4649,.T.);
#3625=ORIENTED_EDGE('',*,*,#4595,.F.);
#3626=ORIENTED_EDGE('',*,*,#4650,.F.);
#3627=ORIENTED_EDGE('',*,*,#4651,.F.);
#3628=ORIENTED_EDGE('',*,*,#4647,.T.);
#3629=ORIENTED_EDGE('',*,*,#4594,.F.);
#3630=ORIENTED_EDGE('',*,*,#4652,.F.);
#3631=ORIENTED_EDGE('',*,*,#4653,.F.);
#3632=ORIENTED_EDGE('',*,*,#4650,.T.);
#3633=ORIENTED_EDGE('',*,*,#4593,.F.);
#3634=ORIENTED_EDGE('',*,*,#4654,.F.);
#3635=ORIENTED_EDGE('',*,*,#4655,.F.);
#3636=ORIENTED_EDGE('',*,*,#4652,.T.);
#3637=ORIENTED_EDGE('',*,*,#4592,.F.);
#3638=ORIENTED_EDGE('',*,*,#4656,.F.);
#3639=ORIENTED_EDGE('',*,*,#4657,.F.);
#3640=ORIENTED_EDGE('',*,*,#4654,.T.);
#3641=ORIENTED_EDGE('',*,*,#4591,.F.);
#3642=ORIENTED_EDGE('',*,*,#4649,.F.);
#3643=ORIENTED_EDGE('',*,*,#4658,.F.);
#3644=ORIENTED_EDGE('',*,*,#4656,.T.);
#3645=ORIENTED_EDGE('',*,*,#4648,.T.);
#3646=ORIENTED_EDGE('',*,*,#4651,.T.);
#3647=ORIENTED_EDGE('',*,*,#4653,.T.);
#3648=ORIENTED_EDGE('',*,*,#4655,.T.);
#3649=ORIENTED_EDGE('',*,*,#4657,.T.);
#3650=ORIENTED_EDGE('',*,*,#4658,.T.);
#3651=ORIENTED_EDGE('',*,*,#4522,.F.);
#3652=ORIENTED_EDGE('',*,*,#4590,.F.);
#3653=ORIENTED_EDGE('',*,*,#4659,.F.);
#3654=ORIENTED_EDGE('',*,*,#4660,.F.);
#3655=ORIENTED_EDGE('',*,*,#4661,.T.);
#3656=ORIENTED_EDGE('',*,*,#4589,.F.);
#3657=ORIENTED_EDGE('',*,*,#4662,.F.);
#3658=ORIENTED_EDGE('',*,*,#4663,.F.);
#3659=ORIENTED_EDGE('',*,*,#4659,.T.);
#3660=ORIENTED_EDGE('',*,*,#4588,.F.);
#3661=ORIENTED_EDGE('',*,*,#4664,.F.);
#3662=ORIENTED_EDGE('',*,*,#4665,.F.);
#3663=ORIENTED_EDGE('',*,*,#4662,.T.);
#3664=ORIENTED_EDGE('',*,*,#4587,.F.);
#3665=ORIENTED_EDGE('',*,*,#4666,.F.);
#3666=ORIENTED_EDGE('',*,*,#4667,.F.);
#3667=ORIENTED_EDGE('',*,*,#4664,.T.);
#3668=ORIENTED_EDGE('',*,*,#4586,.F.);
#3669=ORIENTED_EDGE('',*,*,#4668,.F.);
#3670=ORIENTED_EDGE('',*,*,#4669,.F.);
#3671=ORIENTED_EDGE('',*,*,#4666,.T.);
#3672=ORIENTED_EDGE('',*,*,#4585,.F.);
#3673=ORIENTED_EDGE('',*,*,#4661,.F.);
#3674=ORIENTED_EDGE('',*,*,#4670,.F.);
#3675=ORIENTED_EDGE('',*,*,#4668,.T.);
#3676=ORIENTED_EDGE('',*,*,#4660,.T.);
#3677=ORIENTED_EDGE('',*,*,#4663,.T.);
#3678=ORIENTED_EDGE('',*,*,#4665,.T.);
#3679=ORIENTED_EDGE('',*,*,#4667,.T.);
#3680=ORIENTED_EDGE('',*,*,#4669,.T.);
#3681=ORIENTED_EDGE('',*,*,#4670,.T.);
#3682=ORIENTED_EDGE('',*,*,#4516,.F.);
#3683=ORIENTED_EDGE('',*,*,#4584,.F.);
#3684=ORIENTED_EDGE('',*,*,#4671,.F.);
#3685=ORIENTED_EDGE('',*,*,#4672,.F.);
#3686=ORIENTED_EDGE('',*,*,#4673,.T.);
#3687=ORIENTED_EDGE('',*,*,#4583,.F.);
#3688=ORIENTED_EDGE('',*,*,#4674,.F.);
#3689=ORIENTED_EDGE('',*,*,#4675,.F.);
#3690=ORIENTED_EDGE('',*,*,#4671,.T.);
#3691=ORIENTED_EDGE('',*,*,#4582,.F.);
#3692=ORIENTED_EDGE('',*,*,#4676,.F.);
#3693=ORIENTED_EDGE('',*,*,#4677,.F.);
#3694=ORIENTED_EDGE('',*,*,#4674,.T.);
#3695=ORIENTED_EDGE('',*,*,#4581,.F.);
#3696=ORIENTED_EDGE('',*,*,#4678,.F.);
#3697=ORIENTED_EDGE('',*,*,#4679,.F.);
#3698=ORIENTED_EDGE('',*,*,#4676,.T.);
#3699=ORIENTED_EDGE('',*,*,#4580,.F.);
#3700=ORIENTED_EDGE('',*,*,#4680,.F.);
#3701=ORIENTED_EDGE('',*,*,#4681,.F.);
#3702=ORIENTED_EDGE('',*,*,#4678,.T.);
#3703=ORIENTED_EDGE('',*,*,#4579,.F.);
#3704=ORIENTED_EDGE('',*,*,#4673,.F.);
#3705=ORIENTED_EDGE('',*,*,#4682,.F.);
#3706=ORIENTED_EDGE('',*,*,#4680,.T.);
#3707=ORIENTED_EDGE('',*,*,#4672,.T.);
#3708=ORIENTED_EDGE('',*,*,#4675,.T.);
#3709=ORIENTED_EDGE('',*,*,#4677,.T.);
#3710=ORIENTED_EDGE('',*,*,#4679,.T.);
#3711=ORIENTED_EDGE('',*,*,#4681,.T.);
#3712=ORIENTED_EDGE('',*,*,#4682,.T.);
#3713=ORIENTED_EDGE('',*,*,#4510,.F.);
#3714=ORIENTED_EDGE('',*,*,#4578,.F.);
#3715=ORIENTED_EDGE('',*,*,#4683,.F.);
#3716=ORIENTED_EDGE('',*,*,#4684,.F.);
#3717=ORIENTED_EDGE('',*,*,#4685,.T.);
#3718=ORIENTED_EDGE('',*,*,#4577,.F.);
#3719=ORIENTED_EDGE('',*,*,#4686,.F.);
#3720=ORIENTED_EDGE('',*,*,#4687,.F.);
#3721=ORIENTED_EDGE('',*,*,#4683,.T.);
#3722=ORIENTED_EDGE('',*,*,#4576,.F.);
#3723=ORIENTED_EDGE('',*,*,#4688,.F.);
#3724=ORIENTED_EDGE('',*,*,#4689,.F.);
#3725=ORIENTED_EDGE('',*,*,#4686,.T.);
#3726=ORIENTED_EDGE('',*,*,#4575,.F.);
#3727=ORIENTED_EDGE('',*,*,#4690,.F.);
#3728=ORIENTED_EDGE('',*,*,#4691,.F.);
#3729=ORIENTED_EDGE('',*,*,#4688,.T.);
#3730=ORIENTED_EDGE('',*,*,#4574,.F.);
#3731=ORIENTED_EDGE('',*,*,#4692,.F.);
#3732=ORIENTED_EDGE('',*,*,#4693,.F.);
#3733=ORIENTED_EDGE('',*,*,#4690,.T.);
#3734=ORIENTED_EDGE('',*,*,#4573,.F.);
#3735=ORIENTED_EDGE('',*,*,#4685,.F.);
#3736=ORIENTED_EDGE('',*,*,#4694,.F.);
#3737=ORIENTED_EDGE('',*,*,#4692,.T.);
#3738=ORIENTED_EDGE('',*,*,#4684,.T.);
#3739=ORIENTED_EDGE('',*,*,#4687,.T.);
#3740=ORIENTED_EDGE('',*,*,#4689,.T.);
#3741=ORIENTED_EDGE('',*,*,#4691,.T.);
#3742=ORIENTED_EDGE('',*,*,#4693,.T.);
#3743=ORIENTED_EDGE('',*,*,#4694,.T.);
#3744=ORIENTED_EDGE('',*,*,#4504,.F.);
#3745=ORIENTED_EDGE('',*,*,#4572,.F.);
#3746=ORIENTED_EDGE('',*,*,#4695,.F.);
#3747=ORIENTED_EDGE('',*,*,#4696,.F.);
#3748=ORIENTED_EDGE('',*,*,#4697,.T.);
#3749=ORIENTED_EDGE('',*,*,#4571,.F.);
#3750=ORIENTED_EDGE('',*,*,#4698,.F.);
#3751=ORIENTED_EDGE('',*,*,#4699,.F.);
#3752=ORIENTED_EDGE('',*,*,#4695,.T.);
#3753=ORIENTED_EDGE('',*,*,#4570,.F.);
#3754=ORIENTED_EDGE('',*,*,#4700,.F.);
#3755=ORIENTED_EDGE('',*,*,#4701,.F.);
#3756=ORIENTED_EDGE('',*,*,#4698,.T.);
#3757=ORIENTED_EDGE('',*,*,#4569,.F.);
#3758=ORIENTED_EDGE('',*,*,#4702,.F.);
#3759=ORIENTED_EDGE('',*,*,#4703,.F.);
#3760=ORIENTED_EDGE('',*,*,#4700,.T.);
#3761=ORIENTED_EDGE('',*,*,#4568,.F.);
#3762=ORIENTED_EDGE('',*,*,#4704,.F.);
#3763=ORIENTED_EDGE('',*,*,#4705,.F.);
#3764=ORIENTED_EDGE('',*,*,#4702,.T.);
#3765=ORIENTED_EDGE('',*,*,#4567,.F.);
#3766=ORIENTED_EDGE('',*,*,#4697,.F.);
#3767=ORIENTED_EDGE('',*,*,#4706,.F.);
#3768=ORIENTED_EDGE('',*,*,#4704,.T.);
#3769=ORIENTED_EDGE('',*,*,#4696,.T.);
#3770=ORIENTED_EDGE('',*,*,#4699,.T.);
#3771=ORIENTED_EDGE('',*,*,#4701,.T.);
#3772=ORIENTED_EDGE('',*,*,#4703,.T.);
#3773=ORIENTED_EDGE('',*,*,#4705,.T.);
#3774=ORIENTED_EDGE('',*,*,#4706,.T.);
#3775=ORIENTED_EDGE('',*,*,#4498,.F.);
#3776=ORIENTED_EDGE('',*,*,#4566,.F.);
#3777=ORIENTED_EDGE('',*,*,#4707,.F.);
#3778=ORIENTED_EDGE('',*,*,#4708,.F.);
#3779=ORIENTED_EDGE('',*,*,#4709,.T.);
#3780=ORIENTED_EDGE('',*,*,#4565,.F.);
#3781=ORIENTED_EDGE('',*,*,#4710,.F.);
#3782=ORIENTED_EDGE('',*,*,#4711,.F.);
#3783=ORIENTED_EDGE('',*,*,#4707,.T.);
#3784=ORIENTED_EDGE('',*,*,#4564,.F.);
#3785=ORIENTED_EDGE('',*,*,#4712,.F.);
#3786=ORIENTED_EDGE('',*,*,#4713,.F.);
#3787=ORIENTED_EDGE('',*,*,#4710,.T.);
#3788=ORIENTED_EDGE('',*,*,#4563,.F.);
#3789=ORIENTED_EDGE('',*,*,#4714,.F.);
#3790=ORIENTED_EDGE('',*,*,#4715,.F.);
#3791=ORIENTED_EDGE('',*,*,#4712,.T.);
#3792=ORIENTED_EDGE('',*,*,#4562,.F.);
#3793=ORIENTED_EDGE('',*,*,#4716,.F.);
#3794=ORIENTED_EDGE('',*,*,#4717,.F.);
#3795=ORIENTED_EDGE('',*,*,#4714,.T.);
#3796=ORIENTED_EDGE('',*,*,#4561,.F.);
#3797=ORIENTED_EDGE('',*,*,#4709,.F.);
#3798=ORIENTED_EDGE('',*,*,#4718,.F.);
#3799=ORIENTED_EDGE('',*,*,#4716,.T.);
#3800=ORIENTED_EDGE('',*,*,#4708,.T.);
#3801=ORIENTED_EDGE('',*,*,#4711,.T.);
#3802=ORIENTED_EDGE('',*,*,#4713,.T.);
#3803=ORIENTED_EDGE('',*,*,#4715,.T.);
#3804=ORIENTED_EDGE('',*,*,#4717,.T.);
#3805=ORIENTED_EDGE('',*,*,#4718,.T.);
#3806=ORIENTED_EDGE('',*,*,#4492,.F.);
#3807=ORIENTED_EDGE('',*,*,#4560,.F.);
#3808=ORIENTED_EDGE('',*,*,#4719,.F.);
#3809=ORIENTED_EDGE('',*,*,#4720,.F.);
#3810=ORIENTED_EDGE('',*,*,#4721,.T.);
#3811=ORIENTED_EDGE('',*,*,#4559,.F.);
#3812=ORIENTED_EDGE('',*,*,#4722,.F.);
#3813=ORIENTED_EDGE('',*,*,#4723,.F.);
#3814=ORIENTED_EDGE('',*,*,#4719,.T.);
#3815=ORIENTED_EDGE('',*,*,#4558,.F.);
#3816=ORIENTED_EDGE('',*,*,#4724,.F.);
#3817=ORIENTED_EDGE('',*,*,#4725,.F.);
#3818=ORIENTED_EDGE('',*,*,#4722,.T.);
#3819=ORIENTED_EDGE('',*,*,#4557,.F.);
#3820=ORIENTED_EDGE('',*,*,#4726,.F.);
#3821=ORIENTED_EDGE('',*,*,#4727,.F.);
#3822=ORIENTED_EDGE('',*,*,#4724,.T.);
#3823=ORIENTED_EDGE('',*,*,#4556,.F.);
#3824=ORIENTED_EDGE('',*,*,#4728,.F.);
#3825=ORIENTED_EDGE('',*,*,#4729,.F.);
#3826=ORIENTED_EDGE('',*,*,#4726,.T.);
#3827=ORIENTED_EDGE('',*,*,#4555,.F.);
#3828=ORIENTED_EDGE('',*,*,#4721,.F.);
#3829=ORIENTED_EDGE('',*,*,#4730,.F.);
#3830=ORIENTED_EDGE('',*,*,#4728,.T.);
#3831=ORIENTED_EDGE('',*,*,#4720,.T.);
#3832=ORIENTED_EDGE('',*,*,#4723,.T.);
#3833=ORIENTED_EDGE('',*,*,#4725,.T.);
#3834=ORIENTED_EDGE('',*,*,#4727,.T.);
#3835=ORIENTED_EDGE('',*,*,#4729,.T.);
#3836=ORIENTED_EDGE('',*,*,#4730,.T.);
#3837=ORIENTED_EDGE('',*,*,#4486,.F.);
#3838=ORIENTED_EDGE('',*,*,#4554,.F.);
#3839=ORIENTED_EDGE('',*,*,#4731,.F.);
#3840=ORIENTED_EDGE('',*,*,#4732,.F.);
#3841=ORIENTED_EDGE('',*,*,#4733,.T.);
#3842=ORIENTED_EDGE('',*,*,#4553,.F.);
#3843=ORIENTED_EDGE('',*,*,#4734,.F.);
#3844=ORIENTED_EDGE('',*,*,#4735,.F.);
#3845=ORIENTED_EDGE('',*,*,#4731,.T.);
#3846=ORIENTED_EDGE('',*,*,#4552,.F.);
#3847=ORIENTED_EDGE('',*,*,#4736,.F.);
#3848=ORIENTED_EDGE('',*,*,#4737,.F.);
#3849=ORIENTED_EDGE('',*,*,#4734,.T.);
#3850=ORIENTED_EDGE('',*,*,#4551,.F.);
#3851=ORIENTED_EDGE('',*,*,#4738,.F.);
#3852=ORIENTED_EDGE('',*,*,#4739,.F.);
#3853=ORIENTED_EDGE('',*,*,#4736,.T.);
#3854=ORIENTED_EDGE('',*,*,#4550,.F.);
#3855=ORIENTED_EDGE('',*,*,#4740,.F.);
#3856=ORIENTED_EDGE('',*,*,#4741,.F.);
#3857=ORIENTED_EDGE('',*,*,#4738,.T.);
#3858=ORIENTED_EDGE('',*,*,#4549,.F.);
#3859=ORIENTED_EDGE('',*,*,#4733,.F.);
#3860=ORIENTED_EDGE('',*,*,#4742,.F.);
#3861=ORIENTED_EDGE('',*,*,#4740,.T.);
#3862=ORIENTED_EDGE('',*,*,#4732,.T.);
#3863=ORIENTED_EDGE('',*,*,#4735,.T.);
#3864=ORIENTED_EDGE('',*,*,#4737,.T.);
#3865=ORIENTED_EDGE('',*,*,#4739,.T.);
#3866=ORIENTED_EDGE('',*,*,#4741,.T.);
#3867=ORIENTED_EDGE('',*,*,#4742,.T.);
#3868=ORIENTED_EDGE('',*,*,#4480,.F.);
#3869=ORIENTED_EDGE('',*,*,#4548,.F.);
#3870=ORIENTED_EDGE('',*,*,#4743,.F.);
#3871=ORIENTED_EDGE('',*,*,#4744,.F.);
#3872=ORIENTED_EDGE('',*,*,#4745,.T.);
#3873=ORIENTED_EDGE('',*,*,#4547,.F.);
#3874=ORIENTED_EDGE('',*,*,#4746,.F.);
#3875=ORIENTED_EDGE('',*,*,#4747,.F.);
#3876=ORIENTED_EDGE('',*,*,#4743,.T.);
#3877=ORIENTED_EDGE('',*,*,#4546,.F.);
#3878=ORIENTED_EDGE('',*,*,#4748,.F.);
#3879=ORIENTED_EDGE('',*,*,#4749,.F.);
#3880=ORIENTED_EDGE('',*,*,#4746,.T.);
#3881=ORIENTED_EDGE('',*,*,#4545,.F.);
#3882=ORIENTED_EDGE('',*,*,#4750,.F.);
#3883=ORIENTED_EDGE('',*,*,#4751,.F.);
#3884=ORIENTED_EDGE('',*,*,#4748,.T.);
#3885=ORIENTED_EDGE('',*,*,#4544,.F.);
#3886=ORIENTED_EDGE('',*,*,#4752,.F.);
#3887=ORIENTED_EDGE('',*,*,#4753,.F.);
#3888=ORIENTED_EDGE('',*,*,#4750,.T.);
#3889=ORIENTED_EDGE('',*,*,#4543,.F.);
#3890=ORIENTED_EDGE('',*,*,#4745,.F.);
#3891=ORIENTED_EDGE('',*,*,#4754,.F.);
#3892=ORIENTED_EDGE('',*,*,#4752,.T.);
#3893=ORIENTED_EDGE('',*,*,#4744,.T.);
#3894=ORIENTED_EDGE('',*,*,#4747,.T.);
#3895=ORIENTED_EDGE('',*,*,#4749,.T.);
#3896=ORIENTED_EDGE('',*,*,#4751,.T.);
#3897=ORIENTED_EDGE('',*,*,#4753,.T.);
#3898=ORIENTED_EDGE('',*,*,#4754,.T.);
#3899=ORIENTED_EDGE('',*,*,#4474,.F.);
#3900=ORIENTED_EDGE('',*,*,#4472,.T.);
#3901=ORIENTED_EDGE('',*,*,#4755,.F.);
#3902=ORIENTED_EDGE('',*,*,#4756,.T.);
#3903=ORIENTED_EDGE('',*,*,#4757,.T.);
#3904=ORIENTED_EDGE('',*,*,#4758,.F.);
#3905=ORIENTED_EDGE('',*,*,#4481,.T.);
#3906=ORIENTED_EDGE('',*,*,#4759,.F.);
#3907=ORIENTED_EDGE('',*,*,#4475,.T.);
#3908=ORIENTED_EDGE('',*,*,#4760,.F.);
#3909=ORIENTED_EDGE('',*,*,#4473,.T.);
#3910=ORIENTED_EDGE('',*,*,#4761,.T.);
#3911=ORIENTED_EDGE('',*,*,#4469,.T.);
#3912=ORIENTED_EDGE('',*,*,#4760,.T.);
#3913=ORIENTED_EDGE('',*,*,#4479,.T.);
#3914=ORIENTED_EDGE('',*,*,#4762,.F.);
#3915=ORIENTED_EDGE('',*,*,#4763,.F.);
#3916=ORIENTED_EDGE('',*,*,#4764,.F.);
#3917=ORIENTED_EDGE('',*,*,#4765,.F.);
#3918=ORIENTED_EDGE('',*,*,#4766,.F.);
#3919=ORIENTED_EDGE('',*,*,#4767,.F.);
#3920=ORIENTED_EDGE('',*,*,#4768,.F.);
#3921=ORIENTED_EDGE('',*,*,#4769,.F.);
#3922=ORIENTED_EDGE('',*,*,#4770,.F.);
#3923=ORIENTED_EDGE('',*,*,#4470,.T.);
#3924=ORIENTED_EDGE('',*,*,#4762,.T.);
#3925=ORIENTED_EDGE('',*,*,#4478,.T.);
#3926=ORIENTED_EDGE('',*,*,#4477,.T.);
#3927=ORIENTED_EDGE('',*,*,#4771,.T.);
#3928=ORIENTED_EDGE('',*,*,#4484,.T.);
#3929=ORIENTED_EDGE('',*,*,#4483,.T.);
#3930=ORIENTED_EDGE('',*,*,#4772,.T.);
#3931=ORIENTED_EDGE('',*,*,#4773,.T.);
#3932=ORIENTED_EDGE('',*,*,#4774,.T.);
#3933=ORIENTED_EDGE('',*,*,#4488,.T.);
#3934=ORIENTED_EDGE('',*,*,#4775,.T.);
#3935=ORIENTED_EDGE('',*,*,#4496,.T.);
#3936=ORIENTED_EDGE('',*,*,#4495,.T.);
#3937=ORIENTED_EDGE('',*,*,#4776,.T.);
#3938=ORIENTED_EDGE('',*,*,#4502,.T.);
#3939=ORIENTED_EDGE('',*,*,#4501,.T.);
#3940=ORIENTED_EDGE('',*,*,#4777,.T.);
#3941=ORIENTED_EDGE('',*,*,#4506,.T.);
#3942=ORIENTED_EDGE('',*,*,#4778,.T.);
#3943=ORIENTED_EDGE('',*,*,#4512,.T.);
#3944=ORIENTED_EDGE('',*,*,#4779,.T.);
#3945=ORIENTED_EDGE('',*,*,#4532,.T.);
#3946=ORIENTED_EDGE('',*,*,#4531,.T.);
#3947=ORIENTED_EDGE('',*,*,#4780,.T.);
#3948=ORIENTED_EDGE('',*,*,#4526,.T.);
#3949=ORIENTED_EDGE('',*,*,#4525,.T.);
#3950=ORIENTED_EDGE('',*,*,#4781,.T.);
#3951=ORIENTED_EDGE('',*,*,#4518,.T.);
#3952=ORIENTED_EDGE('',*,*,#4782,.T.);
#3953=ORIENTED_EDGE('',*,*,#4783,.T.);
#3954=ORIENTED_EDGE('',*,*,#4784,.T.);
#3955=ORIENTED_EDGE('',*,*,#4785,.T.);
#3956=ORIENTED_EDGE('',*,*,#4786,.T.);
#3957=ORIENTED_EDGE('',*,*,#4787,.T.);
#3958=ORIENTED_EDGE('',*,*,#4471,.T.);
#3959=ORIENTED_EDGE('',*,*,#4774,.F.);
#3960=ORIENTED_EDGE('',*,*,#4788,.T.);
#3961=ORIENTED_EDGE('',*,*,#4755,.T.);
#3962=ORIENTED_EDGE('',*,*,#4476,.T.);
#3963=ORIENTED_EDGE('',*,*,#4759,.T.);
#3964=ORIENTED_EDGE('',*,*,#4485,.T.);
#3965=ORIENTED_EDGE('',*,*,#4771,.F.);
#3966=ORIENTED_EDGE('',*,*,#4482,.T.);
#3967=ORIENTED_EDGE('',*,*,#4758,.T.);
#3968=ORIENTED_EDGE('',*,*,#4789,.T.);
#3969=ORIENTED_EDGE('',*,*,#4772,.F.);
#3970=ORIENTED_EDGE('',*,*,#4490,.T.);
#3971=ORIENTED_EDGE('',*,*,#4790,.F.);
#3972=ORIENTED_EDGE('',*,*,#4509,.T.);
#3973=ORIENTED_EDGE('',*,*,#4508,.T.);
#3974=ORIENTED_EDGE('',*,*,#4791,.F.);
#3975=ORIENTED_EDGE('',*,*,#4499,.T.);
#3976=ORIENTED_EDGE('',*,*,#4792,.F.);
#3977=ORIENTED_EDGE('',*,*,#4493,.T.);
#3978=ORIENTED_EDGE('',*,*,#4793,.F.);
#3979=ORIENTED_EDGE('',*,*,#4491,.T.);
#3980=ORIENTED_EDGE('',*,*,#4794,.T.);
#3981=ORIENTED_EDGE('',*,*,#4487,.T.);
#3982=ORIENTED_EDGE('',*,*,#4793,.T.);
#3983=ORIENTED_EDGE('',*,*,#4497,.T.);
#3984=ORIENTED_EDGE('',*,*,#4775,.F.);
#3985=ORIENTED_EDGE('',*,*,#4489,.T.);
#3986=ORIENTED_EDGE('',*,*,#4778,.F.);
#3987=ORIENTED_EDGE('',*,*,#4505,.T.);
#3988=ORIENTED_EDGE('',*,*,#4790,.T.);
#3989=ORIENTED_EDGE('',*,*,#4494,.T.);
#3990=ORIENTED_EDGE('',*,*,#4792,.T.);
#3991=ORIENTED_EDGE('',*,*,#4503,.T.);
#3992=ORIENTED_EDGE('',*,*,#4776,.F.);
#3993=ORIENTED_EDGE('',*,*,#4500,.T.);
#3994=ORIENTED_EDGE('',*,*,#4791,.T.);
#3995=ORIENTED_EDGE('',*,*,#4507,.T.);
#3996=ORIENTED_EDGE('',*,*,#4777,.F.);
#3997=ORIENTED_EDGE('',*,*,#4514,.T.);
#3998=ORIENTED_EDGE('',*,*,#4795,.F.);
#3999=ORIENTED_EDGE('',*,*,#4521,.T.);
#4000=ORIENTED_EDGE('',*,*,#4520,.T.);
#4001=ORIENTED_EDGE('',*,*,#4796,.F.);
#4002=ORIENTED_EDGE('',*,*,#4523,.T.);
#4003=ORIENTED_EDGE('',*,*,#4797,.F.);
#4004=ORIENTED_EDGE('',*,*,#4529,.T.);
#4005=ORIENTED_EDGE('',*,*,#4798,.F.);
#4006=ORIENTED_EDGE('',*,*,#4515,.T.);
#4007=ORIENTED_EDGE('',*,*,#4799,.T.);
#4008=ORIENTED_EDGE('',*,*,#4511,.T.);
#4009=ORIENTED_EDGE('',*,*,#4798,.T.);
#4010=ORIENTED_EDGE('',*,*,#4533,.T.);
#4011=ORIENTED_EDGE('',*,*,#4779,.F.);
#4012=ORIENTED_EDGE('',*,*,#4513,.T.);
#4013=ORIENTED_EDGE('',*,*,#4782,.F.);
#4014=ORIENTED_EDGE('',*,*,#4517,.T.);
#4015=ORIENTED_EDGE('',*,*,#4795,.T.);
#4016=ORIENTED_EDGE('',*,*,#4519,.T.);
#4017=ORIENTED_EDGE('',*,*,#4781,.F.);
#4018=ORIENTED_EDGE('',*,*,#4524,.T.);
#4019=ORIENTED_EDGE('',*,*,#4796,.T.);
#4020=ORIENTED_EDGE('',*,*,#4527,.T.);
#4021=ORIENTED_EDGE('',*,*,#4780,.F.);
#4022=ORIENTED_EDGE('',*,*,#4530,.T.);
#4023=ORIENTED_EDGE('',*,*,#4797,.T.);
#4024=ORIENTED_EDGE('',*,*,#4800,.F.);
#4025=ORIENTED_EDGE('',*,*,#4768,.T.);
#4026=ORIENTED_EDGE('',*,*,#4801,.T.);
#4027=ORIENTED_EDGE('',*,*,#4538,.F.);
#4028=ORIENTED_EDGE('',*,*,#4802,.T.);
#4029=ORIENTED_EDGE('',*,*,#4540,.F.);
#4030=ORIENTED_EDGE('',*,*,#4803,.F.);
#4031=ORIENTED_EDGE('',*,*,#4766,.T.);
#4032=ORIENTED_EDGE('',*,*,#4804,.T.);
#4033=ORIENTED_EDGE('',*,*,#4542,.F.);
#4034=ORIENTED_EDGE('',*,*,#4805,.F.);
#4035=ORIENTED_EDGE('',*,*,#4764,.T.);
#4036=ORIENTED_EDGE('',*,*,#4806,.F.);
#4037=ORIENTED_EDGE('',*,*,#4770,.T.);
#4038=ORIENTED_EDGE('',*,*,#4807,.T.);
#4039=ORIENTED_EDGE('',*,*,#4536,.F.);
#4040=ORIENTED_EDGE('',*,*,#4609,.F.);
#4041=ORIENTED_EDGE('',*,*,#4808,.F.);
#4042=ORIENTED_EDGE('',*,*,#4809,.F.);
#4043=ORIENTED_EDGE('',*,*,#4810,.T.);
#4044=ORIENTED_EDGE('',*,*,#4610,.F.);
#4045=ORIENTED_EDGE('',*,*,#4810,.F.);
#4046=ORIENTED_EDGE('',*,*,#4811,.F.);
#4047=ORIENTED_EDGE('',*,*,#4812,.T.);
#4048=ORIENTED_EDGE('',*,*,#4611,.F.);
#4049=ORIENTED_EDGE('',*,*,#4812,.F.);
#4050=ORIENTED_EDGE('',*,*,#4813,.F.);
#4051=ORIENTED_EDGE('',*,*,#4814,.T.);
#4052=ORIENTED_EDGE('',*,*,#4612,.F.);
#4053=ORIENTED_EDGE('',*,*,#4814,.F.);
#4054=ORIENTED_EDGE('',*,*,#4815,.F.);
#4055=ORIENTED_EDGE('',*,*,#4816,.T.);
#4056=ORIENTED_EDGE('',*,*,#4613,.F.);
#4057=ORIENTED_EDGE('',*,*,#4816,.F.);
#4058=ORIENTED_EDGE('',*,*,#4817,.F.);
#4059=ORIENTED_EDGE('',*,*,#4818,.T.);
#4060=ORIENTED_EDGE('',*,*,#4614,.F.);
#4061=ORIENTED_EDGE('',*,*,#4818,.F.);
#4062=ORIENTED_EDGE('',*,*,#4819,.F.);
#4063=ORIENTED_EDGE('',*,*,#4808,.T.);
#4064=ORIENTED_EDGE('',*,*,#4615,.F.);
#4065=ORIENTED_EDGE('',*,*,#4783,.F.);
#4066=ORIENTED_EDGE('',*,*,#4616,.F.);
#4067=ORIENTED_EDGE('',*,*,#4784,.F.);
#4068=ORIENTED_EDGE('',*,*,#4617,.F.);
#4069=ORIENTED_EDGE('',*,*,#4785,.F.);
#4070=ORIENTED_EDGE('',*,*,#4618,.F.);
#4071=ORIENTED_EDGE('',*,*,#4786,.F.);
#4072=ORIENTED_EDGE('',*,*,#4619,.F.);
#4073=ORIENTED_EDGE('',*,*,#4787,.F.);
#4074=ORIENTED_EDGE('',*,*,#4620,.F.);
#4075=ORIENTED_EDGE('',*,*,#4820,.F.);
#4076=ORIENTED_EDGE('',*,*,#4621,.F.);
#4077=ORIENTED_EDGE('',*,*,#4821,.F.);
#4078=ORIENTED_EDGE('',*,*,#4622,.F.);
#4079=ORIENTED_EDGE('',*,*,#4822,.F.);
#4080=ORIENTED_EDGE('',*,*,#4788,.F.);
#4081=ORIENTED_EDGE('',*,*,#4773,.F.);
#4082=ORIENTED_EDGE('',*,*,#4789,.F.);
#4083=ORIENTED_EDGE('',*,*,#4757,.F.);
#4084=ORIENTED_EDGE('',*,*,#4756,.F.);
#4085=ORIENTED_EDGE('',*,*,#4823,.T.);
#4086=ORIENTED_EDGE('',*,*,#4824,.F.);
#4087=ORIENTED_EDGE('',*,*,#4761,.F.);
#4088=ORIENTED_EDGE('',*,*,#4825,.F.);
#4089=ORIENTED_EDGE('',*,*,#4794,.F.);
#4090=ORIENTED_EDGE('',*,*,#4826,.F.);
#4091=ORIENTED_EDGE('',*,*,#4799,.F.);
#4092=ORIENTED_EDGE('',*,*,#4819,.T.);
#4093=ORIENTED_EDGE('',*,*,#4817,.T.);
#4094=ORIENTED_EDGE('',*,*,#4815,.T.);
#4095=ORIENTED_EDGE('',*,*,#4813,.T.);
#4096=ORIENTED_EDGE('',*,*,#4811,.T.);
#4097=ORIENTED_EDGE('',*,*,#4809,.T.);
#4098=ORIENTED_EDGE('',*,*,#4823,.F.);
#4099=ORIENTED_EDGE('',*,*,#4824,.T.);
#4100=ORIENTED_EDGE('',*,*,#4820,.T.);
#4101=ORIENTED_EDGE('',*,*,#4826,.T.);
#4102=ORIENTED_EDGE('',*,*,#4821,.T.);
#4103=ORIENTED_EDGE('',*,*,#4825,.T.);
#4104=ORIENTED_EDGE('',*,*,#4822,.T.);
#4105=ORIENTED_EDGE('',*,*,#4801,.F.);
#4106=ORIENTED_EDGE('',*,*,#4767,.T.);
#4107=ORIENTED_EDGE('',*,*,#4803,.T.);
#4108=ORIENTED_EDGE('',*,*,#4539,.T.);
#4109=ORIENTED_EDGE('',*,*,#4807,.F.);
#4110=ORIENTED_EDGE('',*,*,#4769,.T.);
#4111=ORIENTED_EDGE('',*,*,#4800,.T.);
#4112=ORIENTED_EDGE('',*,*,#4537,.T.);
#4113=ORIENTED_EDGE('',*,*,#4802,.F.);
#4114=ORIENTED_EDGE('',*,*,#4765,.T.);
#4115=ORIENTED_EDGE('',*,*,#4805,.T.);
#4116=ORIENTED_EDGE('',*,*,#4541,.T.);
#4117=ORIENTED_EDGE('',*,*,#4804,.F.);
#4118=ORIENTED_EDGE('',*,*,#4763,.T.);
#4119=ORIENTED_EDGE('',*,*,#4806,.T.);
#4120=ORIENTED_EDGE('',*,*,#4535,.T.);
#4121=ORIENTED_EDGE('',*,*,#4827,.F.);
#4122=ORIENTED_EDGE('',*,*,#4828,.T.);
#4123=ORIENTED_EDGE('',*,*,#4829,.T.);
#4124=ORIENTED_EDGE('',*,*,#4830,.T.);
#4125=ORIENTED_EDGE('',*,*,#4831,.F.);
#4126=ORIENTED_EDGE('',*,*,#4832,.F.);
#4127=ORIENTED_EDGE('',*,*,#4833,.F.);
#4128=ORIENTED_EDGE('',*,*,#4834,.F.);
#4129=ORIENTED_EDGE('',*,*,#4835,.T.);
#4130=ORIENTED_EDGE('',*,*,#4836,.T.);
#4131=ORIENTED_EDGE('',*,*,#4837,.T.);
#4132=ORIENTED_EDGE('',*,*,#4838,.T.);
#4133=ORIENTED_EDGE('',*,*,#4836,.F.);
#4134=ORIENTED_EDGE('',*,*,#4839,.T.);
#4135=ORIENTED_EDGE('',*,*,#4840,.T.);
#4136=ORIENTED_EDGE('',*,*,#4841,.T.);
#4137=ORIENTED_EDGE('',*,*,#4842,.T.);
#4138=ORIENTED_EDGE('',*,*,#4843,.T.);
#4139=ORIENTED_EDGE('',*,*,#4829,.F.);
#4140=ORIENTED_EDGE('',*,*,#4838,.F.);
#4141=ORIENTED_EDGE('',*,*,#4844,.F.);
#4142=ORIENTED_EDGE('',*,*,#4845,.F.);
#4143=ORIENTED_EDGE('',*,*,#4846,.F.);
#4144=ORIENTED_EDGE('',*,*,#4847,.F.);
#4145=ORIENTED_EDGE('',*,*,#4848,.F.);
#4146=ORIENTED_EDGE('',*,*,#4828,.F.);
#4147=ORIENTED_EDGE('',*,*,#4837,.F.);
#4148=ORIENTED_EDGE('',*,*,#4843,.F.);
#4149=ORIENTED_EDGE('',*,*,#4849,.T.);
#4150=ORIENTED_EDGE('',*,*,#4844,.T.);
#4151=ORIENTED_EDGE('',*,*,#4835,.F.);
#4152=ORIENTED_EDGE('',*,*,#4848,.T.);
#4153=ORIENTED_EDGE('',*,*,#4850,.F.);
#4154=ORIENTED_EDGE('',*,*,#4839,.F.);
#4155=ORIENTED_EDGE('',*,*,#4834,.T.);
#4156=ORIENTED_EDGE('',*,*,#4851,.F.);
#4157=ORIENTED_EDGE('',*,*,#4827,.T.);
#4158=ORIENTED_EDGE('',*,*,#4852,.T.);
#4159=ORIENTED_EDGE('',*,*,#4830,.F.);
#4160=ORIENTED_EDGE('',*,*,#4853,.T.);
#4161=ORIENTED_EDGE('',*,*,#4831,.T.);
#4162=ORIENTED_EDGE('',*,*,#4851,.T.);
#4163=ORIENTED_EDGE('',*,*,#4833,.T.);
#4164=ORIENTED_EDGE('',*,*,#4854,.T.);
#4165=ORIENTED_EDGE('',*,*,#4855,.F.);
#4166=ORIENTED_EDGE('',*,*,#4853,.F.);
#4167=ORIENTED_EDGE('',*,*,#4854,.F.);
#4168=ORIENTED_EDGE('',*,*,#4832,.T.);
#4169=ORIENTED_EDGE('',*,*,#4850,.T.);
#4170=ORIENTED_EDGE('',*,*,#4847,.T.);
#4171=ORIENTED_EDGE('',*,*,#4856,.F.);
#4172=ORIENTED_EDGE('',*,*,#4840,.F.);
#4173=ORIENTED_EDGE('',*,*,#4856,.T.);
#4174=ORIENTED_EDGE('',*,*,#4846,.T.);
#4175=ORIENTED_EDGE('',*,*,#4857,.F.);
#4176=ORIENTED_EDGE('',*,*,#4841,.F.);
#4177=ORIENTED_EDGE('',*,*,#4857,.T.);
#4178=ORIENTED_EDGE('',*,*,#4845,.T.);
#4179=ORIENTED_EDGE('',*,*,#4849,.F.);
#4180=ORIENTED_EDGE('',*,*,#4842,.F.);
#4181=ORIENTED_EDGE('',*,*,#4852,.F.);
#4182=ORIENTED_EDGE('',*,*,#4858,.T.);
#4183=ORIENTED_EDGE('',*,*,#4859,.F.);
#4184=ORIENTED_EDGE('',*,*,#4855,.T.);
#4185=ORIENTED_EDGE('',*,*,#4860,.T.);
#4186=ORIENTED_EDGE('',*,*,#4858,.F.);
#4187=ORIENTED_EDGE('',*,*,#4859,.T.);
#4188=ORIENTED_EDGE('',*,*,#4861,.F.);
#4189=ORIENTED_EDGE('',*,*,#4861,.T.);
#4190=ORIENTED_EDGE('',*,*,#4860,.F.);
#4191=ORIENTED_EDGE('',*,*,#4862,.T.);
#4192=ORIENTED_EDGE('',*,*,#4863,.T.);
#4193=ORIENTED_EDGE('',*,*,#4864,.T.);
#4194=ORIENTED_EDGE('',*,*,#4865,.T.);
#4195=ORIENTED_EDGE('',*,*,#4866,.T.);
#4196=ORIENTED_EDGE('',*,*,#4867,.T.);
#4197=ORIENTED_EDGE('',*,*,#4868,.T.);
#4198=ORIENTED_EDGE('',*,*,#4869,.T.);
#4199=ORIENTED_EDGE('',*,*,#4870,.T.);
#4200=ORIENTED_EDGE('',*,*,#4871,.T.);
#4201=ORIENTED_EDGE('',*,*,#4872,.T.);
#4202=ORIENTED_EDGE('',*,*,#4873,.F.);
#4203=ORIENTED_EDGE('',*,*,#4874,.F.);
#4204=ORIENTED_EDGE('',*,*,#4875,.F.);
#4205=ORIENTED_EDGE('',*,*,#4876,.T.);
#4206=ORIENTED_EDGE('',*,*,#4877,.F.);
#4207=ORIENTED_EDGE('',*,*,#4876,.F.);
#4208=ORIENTED_EDGE('',*,*,#4878,.F.);
#4209=ORIENTED_EDGE('',*,*,#4874,.T.);
#4210=ORIENTED_EDGE('',*,*,#4877,.T.);
#4211=ORIENTED_EDGE('',*,*,#4873,.T.);
#4212=ORIENTED_EDGE('',*,*,#4879,.T.);
#4213=ORIENTED_EDGE('',*,*,#4880,.F.);
#4214=ORIENTED_EDGE('',*,*,#4881,.T.);
#4215=ORIENTED_EDGE('',*,*,#4882,.F.);
#4216=ORIENTED_EDGE('',*,*,#4883,.F.);
#4217=ORIENTED_EDGE('',*,*,#4884,.F.);
#4218=ORIENTED_EDGE('',*,*,#4885,.T.);
#4219=ORIENTED_EDGE('',*,*,#4886,.F.);
#4220=ORIENTED_EDGE('',*,*,#4887,.F.);
#4221=ORIENTED_EDGE('',*,*,#4888,.F.);
#4222=ORIENTED_EDGE('',*,*,#4889,.T.);
#4223=ORIENTED_EDGE('',*,*,#4890,.F.);
#4224=ORIENTED_EDGE('',*,*,#4891,.F.);
#4225=ORIENTED_EDGE('',*,*,#4892,.F.);
#4226=ORIENTED_EDGE('',*,*,#4893,.T.);
#4227=ORIENTED_EDGE('',*,*,#4894,.F.);
#4228=ORIENTED_EDGE('',*,*,#4895,.F.);
#4229=ORIENTED_EDGE('',*,*,#4896,.F.);
#4230=ORIENTED_EDGE('',*,*,#4897,.T.);
#4231=ORIENTED_EDGE('',*,*,#4898,.F.);
#4232=ORIENTED_EDGE('',*,*,#4899,.F.);
#4233=ORIENTED_EDGE('',*,*,#4900,.F.);
#4234=ORIENTED_EDGE('',*,*,#4901,.T.);
#4235=ORIENTED_EDGE('',*,*,#4902,.F.);
#4236=ORIENTED_EDGE('',*,*,#4903,.F.);
#4237=ORIENTED_EDGE('',*,*,#4904,.F.);
#4238=ORIENTED_EDGE('',*,*,#4905,.T.);
#4239=ORIENTED_EDGE('',*,*,#4906,.F.);
#4240=ORIENTED_EDGE('',*,*,#4907,.F.);
#4241=ORIENTED_EDGE('',*,*,#4908,.F.);
#4242=ORIENTED_EDGE('',*,*,#4909,.T.);
#4243=ORIENTED_EDGE('',*,*,#4910,.F.);
#4244=ORIENTED_EDGE('',*,*,#4911,.F.);
#4245=ORIENTED_EDGE('',*,*,#4912,.F.);
#4246=ORIENTED_EDGE('',*,*,#4913,.T.);
#4247=ORIENTED_EDGE('',*,*,#4914,.F.);
#4248=ORIENTED_EDGE('',*,*,#4915,.F.);
#4249=ORIENTED_EDGE('',*,*,#4916,.F.);
#4250=ORIENTED_EDGE('',*,*,#4917,.T.);
#4251=ORIENTED_EDGE('',*,*,#4918,.F.);
#4252=ORIENTED_EDGE('',*,*,#4919,.F.);
#4253=ORIENTED_EDGE('',*,*,#4920,.F.);
#4254=ORIENTED_EDGE('',*,*,#4879,.F.);
#4255=ORIENTED_EDGE('',*,*,#4921,.T.);
#4256=ORIENTED_EDGE('',*,*,#4922,.F.);
#4257=ORIENTED_EDGE('',*,*,#4923,.T.);
#4258=ORIENTED_EDGE('',*,*,#4924,.F.);
#4259=ORIENTED_EDGE('',*,*,#4925,.T.);
#4260=ORIENTED_EDGE('',*,*,#4926,.F.);
#4261=ORIENTED_EDGE('',*,*,#4927,.T.);
#4262=ORIENTED_EDGE('',*,*,#4928,.F.);
#4263=ORIENTED_EDGE('',*,*,#4929,.T.);
#4264=ORIENTED_EDGE('',*,*,#4930,.F.);
#4265=ORIENTED_EDGE('',*,*,#4931,.T.);
#4266=ORIENTED_EDGE('',*,*,#4932,.F.);
#4267=ORIENTED_EDGE('',*,*,#4933,.T.);
#4268=ORIENTED_EDGE('',*,*,#4934,.F.);
#4269=ORIENTED_EDGE('',*,*,#4935,.T.);
#4270=ORIENTED_EDGE('',*,*,#4936,.F.);
#4271=ORIENTED_EDGE('',*,*,#4937,.T.);
#4272=ORIENTED_EDGE('',*,*,#4938,.F.);
#4273=ORIENTED_EDGE('',*,*,#4939,.T.);
#4274=ORIENTED_EDGE('',*,*,#4940,.F.);
#4275=ORIENTED_EDGE('',*,*,#4875,.T.);
#4276=ORIENTED_EDGE('',*,*,#4878,.T.);
#4277=ORIENTED_EDGE('',*,*,#4872,.F.);
#4278=ORIENTED_EDGE('',*,*,#4920,.T.);
#4279=ORIENTED_EDGE('',*,*,#4941,.T.);
#4280=ORIENTED_EDGE('',*,*,#4887,.T.);
#4281=ORIENTED_EDGE('',*,*,#4942,.T.);
#4282=ORIENTED_EDGE('',*,*,#4881,.F.);
#4283=ORIENTED_EDGE('',*,*,#4943,.T.);
#4284=ORIENTED_EDGE('',*,*,#4883,.T.);
#4285=ORIENTED_EDGE('',*,*,#4944,.T.);
#4286=ORIENTED_EDGE('',*,*,#4917,.F.);
#4287=ORIENTED_EDGE('',*,*,#4945,.T.);
#4288=ORIENTED_EDGE('',*,*,#4891,.T.);
#4289=ORIENTED_EDGE('',*,*,#4946,.T.);
#4290=ORIENTED_EDGE('',*,*,#4885,.F.);
#4291=ORIENTED_EDGE('',*,*,#4947,.T.);
#4292=ORIENTED_EDGE('',*,*,#4895,.T.);
#4293=ORIENTED_EDGE('',*,*,#4948,.T.);
#4294=ORIENTED_EDGE('',*,*,#4889,.F.);
#4295=ORIENTED_EDGE('',*,*,#4949,.T.);
#4296=ORIENTED_EDGE('',*,*,#4899,.T.);
#4297=ORIENTED_EDGE('',*,*,#4950,.T.);
#4298=ORIENTED_EDGE('',*,*,#4893,.F.);
#4299=ORIENTED_EDGE('',*,*,#4951,.T.);
#4300=ORIENTED_EDGE('',*,*,#4903,.T.);
#4301=ORIENTED_EDGE('',*,*,#4952,.T.);
#4302=ORIENTED_EDGE('',*,*,#4897,.F.);
#4303=ORIENTED_EDGE('',*,*,#4953,.T.);
#4304=ORIENTED_EDGE('',*,*,#4907,.T.);
#4305=ORIENTED_EDGE('',*,*,#4954,.T.);
#4306=ORIENTED_EDGE('',*,*,#4901,.F.);
#4307=ORIENTED_EDGE('',*,*,#4955,.T.);
#4308=ORIENTED_EDGE('',*,*,#4911,.T.);
#4309=ORIENTED_EDGE('',*,*,#4956,.T.);
#4310=ORIENTED_EDGE('',*,*,#4905,.F.);
#4311=ORIENTED_EDGE('',*,*,#4957,.T.);
#4312=ORIENTED_EDGE('',*,*,#4915,.T.);
#4313=ORIENTED_EDGE('',*,*,#4958,.T.);
#4314=ORIENTED_EDGE('',*,*,#4909,.F.);
#4315=ORIENTED_EDGE('',*,*,#4959,.T.);
#4316=ORIENTED_EDGE('',*,*,#4919,.T.);
#4317=ORIENTED_EDGE('',*,*,#4960,.T.);
#4318=ORIENTED_EDGE('',*,*,#4913,.F.);
#4319=ORIENTED_EDGE('',*,*,#4894,.T.);
#4320=ORIENTED_EDGE('',*,*,#4961,.T.);
#4321=ORIENTED_EDGE('',*,*,#4862,.F.);
#4322=ORIENTED_EDGE('',*,*,#4962,.F.);
#4323=ORIENTED_EDGE('',*,*,#4963,.T.);
#4324=ORIENTED_EDGE('',*,*,#4961,.F.);
#4325=ORIENTED_EDGE('',*,*,#4950,.F.);
#4326=ORIENTED_EDGE('',*,*,#4898,.T.);
#4327=ORIENTED_EDGE('',*,*,#4964,.T.);
#4328=ORIENTED_EDGE('',*,*,#4863,.F.);
#4329=ORIENTED_EDGE('',*,*,#4963,.F.);
#4330=ORIENTED_EDGE('',*,*,#4965,.T.);
#4331=ORIENTED_EDGE('',*,*,#4964,.F.);
#4332=ORIENTED_EDGE('',*,*,#4952,.F.);
#4333=ORIENTED_EDGE('',*,*,#4902,.T.);
#4334=ORIENTED_EDGE('',*,*,#4966,.T.);
#4335=ORIENTED_EDGE('',*,*,#4864,.F.);
#4336=ORIENTED_EDGE('',*,*,#4965,.F.);
#4337=ORIENTED_EDGE('',*,*,#4967,.T.);
#4338=ORIENTED_EDGE('',*,*,#4966,.F.);
#4339=ORIENTED_EDGE('',*,*,#4954,.F.);
#4340=ORIENTED_EDGE('',*,*,#4906,.T.);
#4341=ORIENTED_EDGE('',*,*,#4968,.T.);
#4342=ORIENTED_EDGE('',*,*,#4865,.F.);
#4343=ORIENTED_EDGE('',*,*,#4967,.F.);
#4344=ORIENTED_EDGE('',*,*,#4956,.F.);
#4345=ORIENTED_EDGE('',*,*,#4969,.T.);
#4346=ORIENTED_EDGE('',*,*,#4968,.F.);
#4347=ORIENTED_EDGE('',*,*,#4910,.T.);
#4348=ORIENTED_EDGE('',*,*,#4970,.T.);
#4349=ORIENTED_EDGE('',*,*,#4866,.F.);
#4350=ORIENTED_EDGE('',*,*,#4969,.F.);
#4351=ORIENTED_EDGE('',*,*,#4958,.F.);
#4352=ORIENTED_EDGE('',*,*,#4971,.T.);
#4353=ORIENTED_EDGE('',*,*,#4970,.F.);
#4354=ORIENTED_EDGE('',*,*,#4914,.T.);
#4355=ORIENTED_EDGE('',*,*,#4972,.T.);
#4356=ORIENTED_EDGE('',*,*,#4867,.F.);
#4357=ORIENTED_EDGE('',*,*,#4971,.F.);
#4358=ORIENTED_EDGE('',*,*,#4960,.F.);
#4359=ORIENTED_EDGE('',*,*,#4973,.T.);
#4360=ORIENTED_EDGE('',*,*,#4972,.F.);
#4361=ORIENTED_EDGE('',*,*,#4918,.T.);
#4362=ORIENTED_EDGE('',*,*,#4974,.T.);
#4363=ORIENTED_EDGE('',*,*,#4868,.F.);
#4364=ORIENTED_EDGE('',*,*,#4973,.F.);
#4365=ORIENTED_EDGE('',*,*,#4974,.F.);
#4366=ORIENTED_EDGE('',*,*,#4944,.F.);
#4367=ORIENTED_EDGE('',*,*,#4975,.T.);
#4368=ORIENTED_EDGE('',*,*,#4882,.T.);
#4369=ORIENTED_EDGE('',*,*,#4976,.T.);
#4370=ORIENTED_EDGE('',*,*,#4869,.F.);
#4371=ORIENTED_EDGE('',*,*,#4975,.F.);
#4372=ORIENTED_EDGE('',*,*,#4976,.F.);
#4373=ORIENTED_EDGE('',*,*,#4942,.F.);
#4374=ORIENTED_EDGE('',*,*,#4977,.T.);
#4375=ORIENTED_EDGE('',*,*,#4886,.T.);
#4376=ORIENTED_EDGE('',*,*,#4978,.T.);
#4377=ORIENTED_EDGE('',*,*,#4870,.F.);
#4378=ORIENTED_EDGE('',*,*,#4977,.F.);
#4379=ORIENTED_EDGE('',*,*,#4978,.F.);
#4380=ORIENTED_EDGE('',*,*,#4946,.F.);
#4381=ORIENTED_EDGE('',*,*,#4979,.T.);
#4382=ORIENTED_EDGE('',*,*,#4890,.T.);
#4383=ORIENTED_EDGE('',*,*,#4980,.T.);
#4384=ORIENTED_EDGE('',*,*,#4871,.F.);
#4385=ORIENTED_EDGE('',*,*,#4979,.F.);
#4386=ORIENTED_EDGE('',*,*,#4980,.F.);
#4387=ORIENTED_EDGE('',*,*,#4948,.F.);
#4388=ORIENTED_EDGE('',*,*,#4962,.T.);
#4389=ORIENTED_EDGE('',*,*,#4921,.F.);
#4390=ORIENTED_EDGE('',*,*,#4981,.F.);
#4391=ORIENTED_EDGE('',*,*,#4904,.T.);
#4392=ORIENTED_EDGE('',*,*,#4982,.T.);
#4393=ORIENTED_EDGE('',*,*,#4922,.T.);
#4394=ORIENTED_EDGE('',*,*,#4982,.F.);
#4395=ORIENTED_EDGE('',*,*,#4953,.F.);
#4396=ORIENTED_EDGE('',*,*,#4983,.T.);
#4397=ORIENTED_EDGE('',*,*,#4923,.F.);
#4398=ORIENTED_EDGE('',*,*,#4983,.F.);
#4399=ORIENTED_EDGE('',*,*,#4900,.T.);
#4400=ORIENTED_EDGE('',*,*,#4984,.T.);
#4401=ORIENTED_EDGE('',*,*,#4924,.T.);
#4402=ORIENTED_EDGE('',*,*,#4984,.F.);
#4403=ORIENTED_EDGE('',*,*,#4951,.F.);
#4404=ORIENTED_EDGE('',*,*,#4985,.T.);
#4405=ORIENTED_EDGE('',*,*,#4925,.F.);
#4406=ORIENTED_EDGE('',*,*,#4985,.F.);
#4407=ORIENTED_EDGE('',*,*,#4896,.T.);
#4408=ORIENTED_EDGE('',*,*,#4986,.T.);
#4409=ORIENTED_EDGE('',*,*,#4926,.T.);
#4410=ORIENTED_EDGE('',*,*,#4986,.F.);
#4411=ORIENTED_EDGE('',*,*,#4949,.F.);
#4412=ORIENTED_EDGE('',*,*,#4987,.T.);
#4413=ORIENTED_EDGE('',*,*,#4927,.F.);
#4414=ORIENTED_EDGE('',*,*,#4987,.F.);
#4415=ORIENTED_EDGE('',*,*,#4892,.T.);
#4416=ORIENTED_EDGE('',*,*,#4988,.T.);
#4417=ORIENTED_EDGE('',*,*,#4928,.T.);
#4418=ORIENTED_EDGE('',*,*,#4988,.F.);
#4419=ORIENTED_EDGE('',*,*,#4947,.F.);
#4420=ORIENTED_EDGE('',*,*,#4989,.T.);
#4421=ORIENTED_EDGE('',*,*,#4929,.F.);
#4422=ORIENTED_EDGE('',*,*,#4989,.F.);
#4423=ORIENTED_EDGE('',*,*,#4888,.T.);
#4424=ORIENTED_EDGE('',*,*,#4990,.T.);
#4425=ORIENTED_EDGE('',*,*,#4930,.T.);
#4426=ORIENTED_EDGE('',*,*,#4990,.F.);
#4427=ORIENTED_EDGE('',*,*,#4945,.F.);
#4428=ORIENTED_EDGE('',*,*,#4991,.T.);
#4429=ORIENTED_EDGE('',*,*,#4931,.F.);
#4430=ORIENTED_EDGE('',*,*,#4991,.F.);
#4431=ORIENTED_EDGE('',*,*,#4884,.T.);
#4432=ORIENTED_EDGE('',*,*,#4992,.T.);
#4433=ORIENTED_EDGE('',*,*,#4932,.T.);
#4434=ORIENTED_EDGE('',*,*,#4992,.F.);
#4435=ORIENTED_EDGE('',*,*,#4941,.F.);
#4436=ORIENTED_EDGE('',*,*,#4993,.T.);
#4437=ORIENTED_EDGE('',*,*,#4933,.F.);
#4438=ORIENTED_EDGE('',*,*,#4993,.F.);
#4439=ORIENTED_EDGE('',*,*,#4880,.T.);
#4440=ORIENTED_EDGE('',*,*,#4994,.T.);
#4441=ORIENTED_EDGE('',*,*,#4934,.T.);
#4442=ORIENTED_EDGE('',*,*,#4994,.F.);
#4443=ORIENTED_EDGE('',*,*,#4943,.F.);
#4444=ORIENTED_EDGE('',*,*,#4995,.T.);
#4445=ORIENTED_EDGE('',*,*,#4935,.F.);
#4446=ORIENTED_EDGE('',*,*,#4995,.F.);
#4447=ORIENTED_EDGE('',*,*,#4916,.T.);
#4448=ORIENTED_EDGE('',*,*,#4996,.T.);
#4449=ORIENTED_EDGE('',*,*,#4936,.T.);
#4450=ORIENTED_EDGE('',*,*,#4996,.F.);
#4451=ORIENTED_EDGE('',*,*,#4959,.F.);
#4452=ORIENTED_EDGE('',*,*,#4997,.T.);
#4453=ORIENTED_EDGE('',*,*,#4937,.F.);
#4454=ORIENTED_EDGE('',*,*,#4997,.F.);
#4455=ORIENTED_EDGE('',*,*,#4912,.T.);
#4456=ORIENTED_EDGE('',*,*,#4998,.T.);
#4457=ORIENTED_EDGE('',*,*,#4938,.T.);
#4458=ORIENTED_EDGE('',*,*,#4998,.F.);
#4459=ORIENTED_EDGE('',*,*,#4957,.F.);
#4460=ORIENTED_EDGE('',*,*,#4999,.T.);
#4461=ORIENTED_EDGE('',*,*,#4939,.F.);
#4462=ORIENTED_EDGE('',*,*,#4999,.F.);
#4463=ORIENTED_EDGE('',*,*,#4908,.T.);
#4464=ORIENTED_EDGE('',*,*,#5000,.T.);
#4465=ORIENTED_EDGE('',*,*,#4940,.T.);
#4466=ORIENTED_EDGE('',*,*,#5000,.F.);
#4467=ORIENTED_EDGE('',*,*,#4955,.F.);
#4468=ORIENTED_EDGE('',*,*,#4981,.T.);
#4469=EDGE_CURVE('',#5001,#5002,#5003,.T.);
#4470=EDGE_CURVE('',#5004,#5001,#5005,.T.);
#4471=EDGE_CURVE('',#5006,#5004,#5007,.F.);
#4472=EDGE_CURVE('',#5008,#5006,#5009,.T.);
#4473=EDGE_CURVE('',#5002,#5008,#5010,.T.);
#4474=EDGE_CURVE('',#5011,#5011,#5012,.T.);
#4475=EDGE_CURVE('',#5013,#5014,#5015,.T.);
#4476=EDGE_CURVE('',#5016,#5013,#5017,.T.);
#4477=EDGE_CURVE('',#5018,#5016,#5019,.T.);
#4478=EDGE_CURVE('',#5020,#5018,#5021,.T.);
#4479=EDGE_CURVE('',#5014,#5020,#5022,.F.);
#4480=EDGE_CURVE('',#5023,#5023,#5024,.T.);
#4481=EDGE_CURVE('',#5025,#5026,#5027,.T.);
#4482=EDGE_CURVE('',#5028,#5025,#5029,.T.);
#4483=EDGE_CURVE('',#5030,#5028,#5031,.T.);
#4484=EDGE_CURVE('',#5032,#5030,#5033,.T.);
#4485=EDGE_CURVE('',#5026,#5032,#5034,.F.);
#4486=EDGE_CURVE('',#5035,#5035,#5036,.T.);
#4487=EDGE_CURVE('',#5037,#5038,#5039,.T.);
#4488=EDGE_CURVE('',#5040,#5037,#5041,.T.);
#4489=EDGE_CURVE('',#5042,#5040,#5043,.F.);
#4490=EDGE_CURVE('',#5044,#5042,#5045,.T.);
#4491=EDGE_CURVE('',#5038,#5044,#5046,.T.);
#4492=EDGE_CURVE('',#5047,#5047,#5048,.T.);
#4493=EDGE_CURVE('',#5049,#5050,#5051,.T.);
#4494=EDGE_CURVE('',#5052,#5049,#5053,.T.);
#4495=EDGE_CURVE('',#5054,#5052,#5055,.T.);
#4496=EDGE_CURVE('',#5056,#5054,#5057,.T.);
#4497=EDGE_CURVE('',#5050,#5056,#5058,.F.);
#4498=EDGE_CURVE('',#5059,#5059,#5060,.T.);
#4499=EDGE_CURVE('',#5061,#5062,#5063,.T.);
#4500=EDGE_CURVE('',#5064,#5061,#5065,.T.);
#4501=EDGE_CURVE('',#5066,#5064,#5067,.T.);
#4502=EDGE_CURVE('',#5068,#5066,#5069,.T.);
#4503=EDGE_CURVE('',#5062,#5068,#5070,.F.);
#4504=EDGE_CURVE('',#5071,#5071,#5072,.T.);
#4505=EDGE_CURVE('',#5073,#5074,#5075,.T.);
#4506=EDGE_CURVE('',#5076,#5073,#5077,.T.);
#4507=EDGE_CURVE('',#5078,#5076,#5079,.F.);
#4508=EDGE_CURVE('',#5080,#5078,#5081,.T.);
#4509=EDGE_CURVE('',#5074,#5080,#5082,.T.);
#4510=EDGE_CURVE('',#5083,#5083,#5084,.T.);
#4511=EDGE_CURVE('',#5085,#5086,#5087,.T.);
#4512=EDGE_CURVE('',#5088,#5085,#5089,.T.);
#4513=EDGE_CURVE('',#5090,#5088,#5091,.F.);
#4514=EDGE_CURVE('',#5092,#5090,#5093,.T.);
#4515=EDGE_CURVE('',#5086,#5092,#5094,.T.);
#4516=EDGE_CURVE('',#5095,#5095,#5096,.T.);
#4517=EDGE_CURVE('',#5097,#5098,#5099,.T.);
#4518=EDGE_CURVE('',#5100,#5097,#5101,.T.);
#4519=EDGE_CURVE('',#5102,#5100,#5103,.F.);
#4520=EDGE_CURVE('',#5104,#5102,#5105,.T.);
#4521=EDGE_CURVE('',#5098,#5104,#5106,.T.);
#4522=EDGE_CURVE('',#5107,#5107,#5108,.T.);
#4523=EDGE_CURVE('',#5109,#5110,#5111,.T.);
#4524=EDGE_CURVE('',#5112,#5109,#5113,.T.);
#4525=EDGE_CURVE('',#5114,#5112,#5115,.T.);
#4526=EDGE_CURVE('',#5116,#5114,#5117,.T.);
#4527=EDGE_CURVE('',#5110,#5116,#5118,.F.);
#4528=EDGE_CURVE('',#5119,#5119,#5120,.T.);
#4529=EDGE_CURVE('',#5121,#5122,#5123,.T.);
#4530=EDGE_CURVE('',#5124,#5121,#5125,.T.);
#4531=EDGE_CURVE('',#5126,#5124,#5127,.T.);
#4532=EDGE_CURVE('',#5128,#5126,#5129,.T.);
#4533=EDGE_CURVE('',#5122,#5128,#5130,.F.);
#4534=EDGE_CURVE('',#5131,#5131,#5132,.T.);
#4535=EDGE_CURVE('',#5133,#5134,#5135,.F.);
#4536=EDGE_CURVE('',#5133,#5136,#5137,.T.);
#4537=EDGE_CURVE('',#5138,#5136,#5139,.F.);
#4538=EDGE_CURVE('',#5138,#5140,#5141,.T.);
#4539=EDGE_CURVE('',#5142,#5140,#5143,.F.);
#4540=EDGE_CURVE('',#5142,#5144,#5145,.T.);
#4541=EDGE_CURVE('',#5146,#5144,#5147,.F.);
#4542=EDGE_CURVE('',#5146,#5134,#5148,.T.);
#4543=EDGE_CURVE('',#5149,#5150,#5151,.F.);
#4544=EDGE_CURVE('',#5150,#5152,#5153,.F.);
#4545=EDGE_CURVE('',#5152,#5154,#5155,.F.);
#4546=EDGE_CURVE('',#5154,#5156,#5157,.F.);
#4547=EDGE_CURVE('',#5156,#5158,#5159,.F.);
#4548=EDGE_CURVE('',#5158,#5149,#5160,.F.);
#4549=EDGE_CURVE('',#5161,#5162,#5163,.F.);
#4550=EDGE_CURVE('',#5162,#5164,#5165,.F.);
#4551=EDGE_CURVE('',#5164,#5166,#5167,.F.);
#4552=EDGE_CURVE('',#5166,#5168,#5169,.F.);
#4553=EDGE_CURVE('',#5168,#5170,#5171,.F.);
#4554=EDGE_CURVE('',#5170,#5161,#5172,.F.);
#4555=EDGE_CURVE('',#5173,#5174,#5175,.F.);
#4556=EDGE_CURVE('',#5174,#5176,#5177,.F.);
#4557=EDGE_CURVE('',#5176,#5178,#5179,.F.);
#4558=EDGE_CURVE('',#5178,#5180,#5181,.F.);
#4559=EDGE_CURVE('',#5180,#5182,#5183,.F.);
#4560=EDGE_CURVE('',#5182,#5173,#5184,.F.);
#4561=EDGE_CURVE('',#5185,#5186,#5187,.F.);
#4562=EDGE_CURVE('',#5186,#5188,#5189,.F.);
#4563=EDGE_CURVE('',#5188,#5190,#5191,.F.);
#4564=EDGE_CURVE('',#5190,#5192,#5193,.F.);
#4565=EDGE_CURVE('',#5192,#5194,#5195,.F.);
#4566=EDGE_CURVE('',#5194,#5185,#5196,.F.);
#4567=EDGE_CURVE('',#5197,#5198,#5199,.F.);
#4568=EDGE_CURVE('',#5198,#5200,#5201,.F.);
#4569=EDGE_CURVE('',#5200,#5202,#5203,.F.);
#4570=EDGE_CURVE('',#5202,#5204,#5205,.F.);
#4571=EDGE_CURVE('',#5204,#5206,#5207,.F.);
#4572=EDGE_CURVE('',#5206,#5197,#5208,.F.);
#4573=EDGE_CURVE('',#5209,#5210,#5211,.F.);
#4574=EDGE_CURVE('',#5210,#5212,#5213,.F.);
#4575=EDGE_CURVE('',#5212,#5214,#5215,.F.);
#4576=EDGE_CURVE('',#5214,#5216,#5217,.F.);
#4577=EDGE_CURVE('',#5216,#5218,#5219,.F.);
#4578=EDGE_CURVE('',#5218,#5209,#5220,.F.);
#4579=EDGE_CURVE('',#5221,#5222,#5223,.F.);
#4580=EDGE_CURVE('',#5222,#5224,#5225,.F.);
#4581=EDGE_CURVE('',#5224,#5226,#5227,.F.);
#4582=EDGE_CURVE('',#5226,#5228,#5229,.F.);
#4583=EDGE_CURVE('',#5228,#5230,#5231,.F.);
#4584=EDGE_CURVE('',#5230,#5221,#5232,.F.);
#4585=EDGE_CURVE('',#5233,#5234,#5235,.F.);
#4586=EDGE_CURVE('',#5234,#5236,#5237,.F.);
#4587=EDGE_CURVE('',#5236,#5238,#5239,.F.);
#4588=EDGE_CURVE('',#5238,#5240,#5241,.F.);
#4589=EDGE_CURVE('',#5240,#5242,#5243,.F.);
#4590=EDGE_CURVE('',#5242,#5233,#5244,.F.);
#4591=EDGE_CURVE('',#5245,#5246,#5247,.F.);
#4592=EDGE_CURVE('',#5246,#5248,#5249,.F.);
#4593=EDGE_CURVE('',#5248,#5250,#5251,.F.);
#4594=EDGE_CURVE('',#5250,#5252,#5253,.F.);
#4595=EDGE_CURVE('',#5252,#5254,#5255,.F.);
#4596=EDGE_CURVE('',#5254,#5245,#5256,.F.);
#4597=EDGE_CURVE('',#5257,#5258,#5259,.F.);
#4598=EDGE_CURVE('',#5258,#5260,#5261,.F.);
#4599=EDGE_CURVE('',#5260,#5262,#5263,.F.);
#4600=EDGE_CURVE('',#5262,#5264,#5265,.F.);
#4601=EDGE_CURVE('',#5264,#5266,#5267,.F.);
#4602=EDGE_CURVE('',#5266,#5257,#5268,.F.);
#4603=EDGE_CURVE('',#5269,#5270,#5271,.F.);
#4604=EDGE_CURVE('',#5270,#5272,#5273,.F.);
#4605=EDGE_CURVE('',#5272,#5274,#5275,.F.);
#4606=EDGE_CURVE('',#5274,#5276,#5277,.F.);
#4607=EDGE_CURVE('',#5276,#5278,#5279,.F.);
#4608=EDGE_CURVE('',#5278,#5269,#5280,.F.);
#4609=EDGE_CURVE('',#5281,#5282,#5283,.F.);
#4610=EDGE_CURVE('',#5282,#5284,#5285,.F.);
#4611=EDGE_CURVE('',#5284,#5286,#5287,.F.);
#4612=EDGE_CURVE('',#5286,#5288,#5289,.F.);
#4613=EDGE_CURVE('',#5288,#5290,#5291,.F.);
#4614=EDGE_CURVE('',#5290,#5281,#5292,.F.);
#4615=EDGE_CURVE('',#5293,#5293,#5294,.F.);
#4616=EDGE_CURVE('',#5295,#5295,#5296,.F.);
#4617=EDGE_CURVE('',#5297,#5297,#5298,.F.);
#4618=EDGE_CURVE('',#5299,#5299,#5300,.F.);
#4619=EDGE_CURVE('',#5301,#5301,#5302,.F.);
#4620=EDGE_CURVE('',#5303,#5303,#5304,.F.);
#4621=EDGE_CURVE('',#5305,#5305,#5306,.F.);
#4622=EDGE_CURVE('',#5307,#5307,#5308,.F.);
#4623=EDGE_CURVE('',#5309,#5278,#5310,.T.);
#4624=EDGE_CURVE('',#5311,#5309,#5312,.T.);
#4625=EDGE_CURVE('',#5311,#5269,#5313,.T.);
#4626=EDGE_CURVE('',#5314,#5276,#5315,.T.);
#4627=EDGE_CURVE('',#5309,#5314,#5316,.T.);
#4628=EDGE_CURVE('',#5317,#5274,#5318,.T.);
#4629=EDGE_CURVE('',#5314,#5317,#5319,.T.);
#4630=EDGE_CURVE('',#5320,#5272,#5321,.T.);
#4631=EDGE_CURVE('',#5317,#5320,#5322,.T.);
#4632=EDGE_CURVE('',#5323,#5270,#5324,.T.);
#4633=EDGE_CURVE('',#5320,#5323,#5325,.T.);
#4634=EDGE_CURVE('',#5323,#5311,#5326,.T.);
#4635=EDGE_CURVE('',#5327,#5266,#5328,.T.);
#4636=EDGE_CURVE('',#5329,#5327,#5330,.T.);
#4637=EDGE_CURVE('',#5329,#5257,#5331,.T.);
#4638=EDGE_CURVE('',#5332,#5264,#5333,.T.);
#4639=EDGE_CURVE('',#5327,#5332,#5334,.T.);
#4640=EDGE_CURVE('',#5335,#5262,#5336,.T.);
#4641=EDGE_CURVE('',#5332,#5335,#5337,.T.);
#4642=EDGE_CURVE('',#5338,#5260,#5339,.T.);
#4643=EDGE_CURVE('',#5335,#5338,#5340,.T.);
#4644=EDGE_CURVE('',#5341,#5258,#5342,.T.);
#4645=EDGE_CURVE('',#5338,#5341,#5343,.T.);
#4646=EDGE_CURVE('',#5341,#5329,#5344,.T.);
#4647=EDGE_CURVE('',#5345,#5254,#5346,.T.);
#4648=EDGE_CURVE('',#5347,#5345,#5348,.T.);
#4649=EDGE_CURVE('',#5347,#5245,#5349,.T.);
#4650=EDGE_CURVE('',#5350,#5252,#5351,.T.);
#4651=EDGE_CURVE('',#5345,#5350,#5352,.T.);
#4652=EDGE_CURVE('',#5353,#5250,#5354,.T.);
#4653=EDGE_CURVE('',#5350,#5353,#5355,.T.);
#4654=EDGE_CURVE('',#5356,#5248,#5357,.T.);
#4655=EDGE_CURVE('',#5353,#5356,#5358,.T.);
#4656=EDGE_CURVE('',#5359,#5246,#5360,.T.);
#4657=EDGE_CURVE('',#5356,#5359,#5361,.T.);
#4658=EDGE_CURVE('',#5359,#5347,#5362,.T.);
#4659=EDGE_CURVE('',#5363,#5242,#5364,.T.);
#4660=EDGE_CURVE('',#5365,#5363,#5366,.T.);
#4661=EDGE_CURVE('',#5365,#5233,#5367,.T.);
#4662=EDGE_CURVE('',#5368,#5240,#5369,.T.);
#4663=EDGE_CURVE('',#5363,#5368,#5370,.T.);
#4664=EDGE_CURVE('',#5371,#5238,#5372,.T.);
#4665=EDGE_CURVE('',#5368,#5371,#5373,.T.);
#4666=EDGE_CURVE('',#5374,#5236,#5375,.T.);
#4667=EDGE_CURVE('',#5371,#5374,#5376,.T.);
#4668=EDGE_CURVE('',#5377,#5234,#5378,.T.);
#4669=EDGE_CURVE('',#5374,#5377,#5379,.T.);
#4670=EDGE_CURVE('',#5377,#5365,#5380,.T.);
#4671=EDGE_CURVE('',#5381,#5230,#5382,.T.);
#4672=EDGE_CURVE('',#5383,#5381,#5384,.T.);
#4673=EDGE_CURVE('',#5383,#5221,#5385,.T.);
#4674=EDGE_CURVE('',#5386,#5228,#5387,.T.);
#4675=EDGE_CURVE('',#5381,#5386,#5388,.T.);
#4676=EDGE_CURVE('',#5389,#5226,#5390,.T.);
#4677=EDGE_CURVE('',#5386,#5389,#5391,.T.);
#4678=EDGE_CURVE('',#5392,#5224,#5393,.T.);
#4679=EDGE_CURVE('',#5389,#5392,#5394,.T.);
#4680=EDGE_CURVE('',#5395,#5222,#5396,.T.);
#4681=EDGE_CURVE('',#5392,#5395,#5397,.T.);
#4682=EDGE_CURVE('',#5395,#5383,#5398,.T.);
#4683=EDGE_CURVE('',#5399,#5218,#5400,.T.);
#4684=EDGE_CURVE('',#5401,#5399,#5402,.T.);
#4685=EDGE_CURVE('',#5401,#5209,#5403,.T.);
#4686=EDGE_CURVE('',#5404,#5216,#5405,.T.);
#4687=EDGE_CURVE('',#5399,#5404,#5406,.T.);
#4688=EDGE_CURVE('',#5407,#5214,#5408,.T.);
#4689=EDGE_CURVE('',#5404,#5407,#5409,.T.);
#4690=EDGE_CURVE('',#5410,#5212,#5411,.T.);
#4691=EDGE_CURVE('',#5407,#5410,#5412,.T.);
#4692=EDGE_CURVE('',#5413,#5210,#5414,.T.);
#4693=EDGE_CURVE('',#5410,#5413,#5415,.T.);
#4694=EDGE_CURVE('',#5413,#5401,#5416,.T.);
#4695=EDGE_CURVE('',#5417,#5206,#5418,.T.);
#4696=EDGE_CURVE('',#5419,#5417,#5420,.T.);
#4697=EDGE_CURVE('',#5419,#5197,#5421,.T.);
#4698=EDGE_CURVE('',#5422,#5204,#5423,.T.);
#4699=EDGE_CURVE('',#5417,#5422,#5424,.T.);
#4700=EDGE_CURVE('',#5425,#5202,#5426,.T.);
#4701=EDGE_CURVE('',#5422,#5425,#5427,.T.);
#4702=EDGE_CURVE('',#5428,#5200,#5429,.T.);
#4703=EDGE_CURVE('',#5425,#5428,#5430,.T.);
#4704=EDGE_CURVE('',#5431,#5198,#5432,.T.);
#4705=EDGE_CURVE('',#5428,#5431,#5433,.T.);
#4706=EDGE_CURVE('',#5431,#5419,#5434,.T.);
#4707=EDGE_CURVE('',#5435,#5194,#5436,.T.);
#4708=EDGE_CURVE('',#5437,#5435,#5438,.T.);
#4709=EDGE_CURVE('',#5437,#5185,#5439,.T.);
#4710=EDGE_CURVE('',#5440,#5192,#5441,.T.);
#4711=EDGE_CURVE('',#5435,#5440,#5442,.T.);
#4712=EDGE_CURVE('',#5443,#5190,#5444,.T.);
#4713=EDGE_CURVE('',#5440,#5443,#5445,.T.);
#4714=EDGE_CURVE('',#5446,#5188,#5447,.T.);
#4715=EDGE_CURVE('',#5443,#5446,#5448,.T.);
#4716=EDGE_CURVE('',#5449,#5186,#5450,.T.);
#4717=EDGE_CURVE('',#5446,#5449,#5451,.T.);
#4718=EDGE_CURVE('',#5449,#5437,#5452,.T.);
#4719=EDGE_CURVE('',#5453,#5182,#5454,.T.);
#4720=EDGE_CURVE('',#5455,#5453,#5456,.T.);
#4721=EDGE_CURVE('',#5455,#5173,#5457,.T.);
#4722=EDGE_CURVE('',#5458,#5180,#5459,.T.);
#4723=EDGE_CURVE('',#5453,#5458,#5460,.T.);
#4724=EDGE_CURVE('',#5461,#5178,#5462,.T.);
#4725=EDGE_CURVE('',#5458,#5461,#5463,.T.);
#4726=EDGE_CURVE('',#5464,#5176,#5465,.T.);
#4727=EDGE_CURVE('',#5461,#5464,#5466,.T.);
#4728=EDGE_CURVE('',#5467,#5174,#5468,.T.);
#4729=EDGE_CURVE('',#5464,#5467,#5469,.T.);
#4730=EDGE_CURVE('',#5467,#5455,#5470,.T.);
#4731=EDGE_CURVE('',#5471,#5170,#5472,.T.);
#4732=EDGE_CURVE('',#5473,#5471,#5474,.T.);
#4733=EDGE_CURVE('',#5473,#5161,#5475,.T.);
#4734=EDGE_CURVE('',#5476,#5168,#5477,.T.);
#4735=EDGE_CURVE('',#5471,#5476,#5478,.T.);
#4736=EDGE_CURVE('',#5479,#5166,#5480,.T.);
#4737=EDGE_CURVE('',#5476,#5479,#5481,.T.);
#4738=EDGE_CURVE('',#5482,#5164,#5483,.T.);
#4739=EDGE_CURVE('',#5479,#5482,#5484,.T.);
#4740=EDGE_CURVE('',#5485,#5162,#5486,.T.);
#4741=EDGE_CURVE('',#5482,#5485,#5487,.T.);
#4742=EDGE_CURVE('',#5485,#5473,#5488,.T.);
#4743=EDGE_CURVE('',#5489,#5158,#5490,.T.);
#4744=EDGE_CURVE('',#5491,#5489,#5492,.T.);
#4745=EDGE_CURVE('',#5491,#5149,#5493,.T.);
#4746=EDGE_CURVE('',#5494,#5156,#5495,.T.);
#4747=EDGE_CURVE('',#5489,#5494,#5496,.T.);
#4748=EDGE_CURVE('',#5497,#5154,#5498,.T.);
#4749=EDGE_CURVE('',#5494,#5497,#5499,.T.);
#4750=EDGE_CURVE('',#5500,#5152,#5501,.T.);
#4751=EDGE_CURVE('',#5497,#5500,#5502,.T.);
#4752=EDGE_CURVE('',#5503,#5150,#5504,.T.);
#4753=EDGE_CURVE('',#5500,#5503,#5505,.T.);
#4754=EDGE_CURVE('',#5503,#5491,#5506,.T.);
#4755=EDGE_CURVE('',#5507,#5006,#5508,.T.);
#4756=EDGE_CURVE('',#5507,#5509,#5510,.T.);
#4757=EDGE_CURVE('',#5509,#5511,#5512,.T.);
#4758=EDGE_CURVE('',#5025,#5511,#5513,.T.);
#4759=EDGE_CURVE('',#5013,#5026,#5514,.T.);
#4760=EDGE_CURVE('',#5002,#5014,#5515,.T.);
#4761=EDGE_CURVE('',#5516,#5516,#5517,.T.);
#4762=EDGE_CURVE('',#5001,#5020,#5518,.T.);
#4763=EDGE_CURVE('',#5519,#5520,#5521,.F.);
#4764=EDGE_CURVE('',#5522,#5519,#5523,.T.);
#4765=EDGE_CURVE('',#5524,#5522,#5525,.F.);
#4766=EDGE_CURVE('',#5526,#5524,#5527,.T.);
#4767=EDGE_CURVE('',#5528,#5526,#5529,.F.);
#4768=EDGE_CURVE('',#5530,#5528,#5531,.T.);
#4769=EDGE_CURVE('',#5532,#5530,#5533,.F.);
#4770=EDGE_CURVE('',#5520,#5532,#5534,.T.);
#4771=EDGE_CURVE('',#5016,#5032,#5535,.T.);
#4772=EDGE_CURVE('',#5028,#5536,#5537,.T.);
#4773=EDGE_CURVE('',#5536,#5538,#5539,.T.);
#4774=EDGE_CURVE('',#5538,#5004,#5540,.T.);
#4775=EDGE_CURVE('',#5037,#5056,#5541,.T.);
#4776=EDGE_CURVE('',#5052,#5068,#5542,.T.);
#4777=EDGE_CURVE('',#5064,#5076,#5543,.T.);
#4778=EDGE_CURVE('',#5073,#5040,#5544,.T.);
#4779=EDGE_CURVE('',#5085,#5128,#5545,.T.);
#4780=EDGE_CURVE('',#5124,#5116,#5546,.T.);
#4781=EDGE_CURVE('',#5112,#5100,#5547,.T.);
#4782=EDGE_CURVE('',#5097,#5088,#5548,.T.);
#4783=EDGE_CURVE('',#5549,#5549,#5550,.T.);
#4784=EDGE_CURVE('',#5551,#5551,#5552,.T.);
#4785=EDGE_CURVE('',#5553,#5553,#5554,.T.);
#4786=EDGE_CURVE('',#5555,#5555,#5556,.T.);
#4787=EDGE_CURVE('',#5557,#5557,#5558,.T.);
#4788=EDGE_CURVE('',#5538,#5507,#5559,.T.);
#4789=EDGE_CURVE('',#5511,#5536,#5560,.F.);
#4790=EDGE_CURVE('',#5074,#5042,#5561,.T.);
#4791=EDGE_CURVE('',#5061,#5078,#5562,.T.);
#4792=EDGE_CURVE('',#5049,#5062,#5563,.T.);
#4793=EDGE_CURVE('',#5038,#5050,#5564,.T.);
#4794=EDGE_CURVE('',#5565,#5565,#5566,.T.);
#4795=EDGE_CURVE('',#5098,#5090,#5567,.T.);
#4796=EDGE_CURVE('',#5109,#5102,#5568,.T.);
#4797=EDGE_CURVE('',#5121,#5110,#5569,.T.);
#4798=EDGE_CURVE('',#5086,#5122,#5570,.T.);
#4799=EDGE_CURVE('',#5571,#5571,#5572,.T.);
#4800=EDGE_CURVE('',#5530,#5138,#5573,.T.);
#4801=EDGE_CURVE('',#5528,#5140,#5574,.T.);
#4802=EDGE_CURVE('',#5524,#5144,#5575,.T.);
#4803=EDGE_CURVE('',#5526,#5142,#5576,.T.);
#4804=EDGE_CURVE('',#5519,#5134,#5577,.T.);
#4805=EDGE_CURVE('',#5522,#5146,#5578,.T.);
#4806=EDGE_CURVE('',#5520,#5133,#5579,.T.);
#4807=EDGE_CURVE('',#5532,#5136,#5580,.T.);
#4808=EDGE_CURVE('',#5581,#5281,#5582,.T.);
#4809=EDGE_CURVE('',#5583,#5581,#5584,.T.);
#4810=EDGE_CURVE('',#5583,#5282,#5585,.T.);
#4811=EDGE_CURVE('',#5586,#5583,#5587,.T.);
#4812=EDGE_CURVE('',#5586,#5284,#5588,.T.);
#4813=EDGE_CURVE('',#5589,#5586,#5590,.T.);
#4814=EDGE_CURVE('',#5589,#5286,#5591,.T.);
#4815=EDGE_CURVE('',#5592,#5589,#5593,.T.);
#4816=EDGE_CURVE('',#5592,#5288,#5594,.T.);
#4817=EDGE_CURVE('',#5595,#5592,#5596,.T.);
#4818=EDGE_CURVE('',#5595,#5290,#5597,.T.);
#4819=EDGE_CURVE('',#5581,#5595,#5598,.T.);
#4820=EDGE_CURVE('',#5599,#5599,#5600,.T.);
#4821=EDGE_CURVE('',#5601,#5601,#5602,.T.);
#4822=EDGE_CURVE('',#5603,#5603,#5604,.T.);
#4823=EDGE_CURVE('',#5605,#5605,#5606,.T.);
#4824=EDGE_CURVE('',#5607,#5607,#5608,.F.);
#4825=EDGE_CURVE('',#5609,#5609,#5610,.F.);
#4826=EDGE_CURVE('',#5611,#5611,#5612,.F.);
#4827=EDGE_CURVE('',#5613,#5613,#5614,.T.);
#4828=EDGE_CURVE('',#5615,#5615,#5616,.T.);
#4829=EDGE_CURVE('',#5617,#5617,#5618,.F.);
#4830=EDGE_CURVE('',#5619,#5619,#5620,.T.);
#4831=EDGE_CURVE('',#5621,#5622,#5623,.F.);
#4832=EDGE_CURVE('',#5624,#5621,#5625,.T.);
#4833=EDGE_CURVE('',#5626,#5624,#5627,.T.);
#4834=EDGE_CURVE('',#5622,#5626,#5628,.F.);
#4835=EDGE_CURVE('',#5629,#5630,#5631,.T.);
#4836=EDGE_CURVE('',#5630,#5632,#5633,.F.);
#4837=EDGE_CURVE('',#5632,#5634,#5635,.T.);
#4838=EDGE_CURVE('',#5634,#5629,#5636,.T.);
#4839=EDGE_CURVE('',#5630,#5637,#5638,.T.);
#4840=EDGE_CURVE('',#5637,#5639,#5640,.T.);
#4841=EDGE_CURVE('',#5639,#5641,#5642,.T.);
#4842=EDGE_CURVE('',#5641,#5643,#5644,.T.);
#4843=EDGE_CURVE('',#5643,#5632,#5645,.T.);
#4844=EDGE_CURVE('',#5646,#5634,#5647,.T.);
#4845=EDGE_CURVE('',#5648,#5646,#5649,.T.);
#4846=EDGE_CURVE('',#5650,#5648,#5651,.T.);
#4847=EDGE_CURVE('',#5652,#5650,#5653,.T.);
#4848=EDGE_CURVE('',#5629,#5652,#5654,.T.);
#4849=EDGE_CURVE('',#5643,#5646,#5655,.T.);
#4850=EDGE_CURVE('',#5637,#5652,#5656,.T.);
#4851=EDGE_CURVE('',#5622,#5626,#5657,.T.);
#4852=EDGE_CURVE('',#5658,#5658,#5659,.T.);
#4853=EDGE_CURVE('',#5660,#5621,#5661,.T.);
#4854=EDGE_CURVE('',#5624,#5660,#5662,.T.);
#4855=EDGE_CURVE('',#5663,#5663,#5664,.T.);
#4856=EDGE_CURVE('',#5639,#5650,#5665,.T.);
#4857=EDGE_CURVE('',#5641,#5648,#5666,.T.);
#4858=EDGE_CURVE('',#5667,#5667,#5668,.T.);
#4859=EDGE_CURVE('',#5669,#5669,#5670,.T.);
#4860=EDGE_CURVE('',#5671,#5671,#5672,.T.);
#4861=EDGE_CURVE('',#5673,#5673,#5674,.T.);
#4862=EDGE_CURVE('',#5675,#5676,#5677,.T.);
#4863=EDGE_CURVE('',#5676,#5678,#5679,.T.);
#4864=EDGE_CURVE('',#5678,#5680,#5681,.T.);
#4865=EDGE_CURVE('',#5680,#5682,#5683,.T.);
#4866=EDGE_CURVE('',#5682,#5684,#5685,.T.);
#4867=EDGE_CURVE('',#5684,#5686,#5687,.T.);
#4868=EDGE_CURVE('',#5686,#5688,#5689,.T.);
#4869=EDGE_CURVE('',#5688,#5690,#5691,.T.);
#4870=EDGE_CURVE('',#5690,#5692,#5693,.T.);
#4871=EDGE_CURVE('',#5692,#5675,#5694,.T.);
#4872=EDGE_CURVE('',#5695,#5695,#5696,.F.);
#4873=EDGE_CURVE('',#5697,#5698,#5699,.F.);
#4874=EDGE_CURVE('',#5700,#5697,#5701,.T.);
#4875=EDGE_CURVE('',#5702,#5700,#5703,.T.);
#4876=EDGE_CURVE('',#5702,#5698,#5704,.T.);
#4877=EDGE_CURVE('',#5698,#5697,#5705,.T.);
#4878=EDGE_CURVE('',#5700,#5702,#5706,.T.);
#4879=EDGE_CURVE('',#5707,#5707,#5708,.T.);
#4880=EDGE_CURVE('',#5709,#5710,#5711,.F.);
#4881=EDGE_CURVE('',#5709,#5712,#5713,.T.);
#4882=EDGE_CURVE('',#5714,#5712,#5715,.T.);
#4883=EDGE_CURVE('',#5710,#5714,#5716,.T.);
#4884=EDGE_CURVE('',#5717,#5718,#5719,.F.);
#4885=EDGE_CURVE('',#5717,#5720,#5721,.T.);
#4886=EDGE_CURVE('',#5722,#5720,#5723,.T.);
#4887=EDGE_CURVE('',#5718,#5722,#5724,.T.);
#4888=EDGE_CURVE('',#5725,#5726,#5727,.F.);
#4889=EDGE_CURVE('',#5725,#5728,#5729,.T.);
#4890=EDGE_CURVE('',#5730,#5728,#5731,.T.);
#4891=EDGE_CURVE('',#5726,#5730,#5732,.T.);
#4892=EDGE_CURVE('',#5733,#5734,#5735,.F.);
#4893=EDGE_CURVE('',#5733,#5736,#5737,.T.);
#4894=EDGE_CURVE('',#5738,#5736,#5739,.T.);
#4895=EDGE_CURVE('',#5734,#5738,#5740,.T.);
#4896=EDGE_CURVE('',#5741,#5742,#5743,.F.);
#4897=EDGE_CURVE('',#5741,#5744,#5745,.T.);
#4898=EDGE_CURVE('',#5746,#5744,#5747,.T.);
#4899=EDGE_CURVE('',#5742,#5746,#5748,.T.);
#4900=EDGE_CURVE('',#5749,#5750,#5751,.F.);
#4901=EDGE_CURVE('',#5749,#5752,#5753,.T.);
#4902=EDGE_CURVE('',#5754,#5752,#5755,.T.);
#4903=EDGE_CURVE('',#5750,#5754,#5756,.T.);
#4904=EDGE_CURVE('',#5757,#5758,#5759,.F.);
#4905=EDGE_CURVE('',#5757,#5760,#5761,.T.);
#4906=EDGE_CURVE('',#5762,#5760,#5763,.T.);
#4907=EDGE_CURVE('',#5758,#5762,#5764,.T.);
#4908=EDGE_CURVE('',#5765,#5766,#5767,.F.);
#4909=EDGE_CURVE('',#5765,#5768,#5769,.T.);
#4910=EDGE_CURVE('',#5770,#5768,#5771,.T.);
#4911=EDGE_CURVE('',#5766,#5770,#5772,.T.);
#4912=EDGE_CURVE('',#5773,#5774,#5775,.F.);
#4913=EDGE_CURVE('',#5773,#5776,#5777,.T.);
#4914=EDGE_CURVE('',#5778,#5776,#5779,.T.);
#4915=EDGE_CURVE('',#5774,#5778,#5780,.T.);
#4916=EDGE_CURVE('',#5781,#5782,#5783,.F.);
#4917=EDGE_CURVE('',#5781,#5784,#5785,.T.);
#4918=EDGE_CURVE('',#5786,#5784,#5787,.T.);
#4919=EDGE_CURVE('',#5782,#5786,#5788,.T.);
#4920=EDGE_CURVE('',#5789,#5789,#5790,.F.);
#4921=EDGE_CURVE('',#5791,#5792,#5793,.F.);
#4922=EDGE_CURVE('',#5794,#5792,#5795,.F.);
#4923=EDGE_CURVE('',#5794,#5796,#5797,.F.);
#4924=EDGE_CURVE('',#5798,#5796,#5799,.F.);
#4925=EDGE_CURVE('',#5798,#5800,#5801,.F.);
#4926=EDGE_CURVE('',#5802,#5800,#5803,.F.);
#4927=EDGE_CURVE('',#5802,#5804,#5805,.F.);
#4928=EDGE_CURVE('',#5806,#5804,#5807,.F.);
#4929=EDGE_CURVE('',#5806,#5808,#5809,.F.);
#4930=EDGE_CURVE('',#5810,#5808,#5811,.F.);
#4931=EDGE_CURVE('',#5810,#5812,#5813,.F.);
#4932=EDGE_CURVE('',#5814,#5812,#5815,.F.);
#4933=EDGE_CURVE('',#5814,#5816,#5817,.F.);
#4934=EDGE_CURVE('',#5818,#5816,#5819,.F.);
#4935=EDGE_CURVE('',#5818,#5820,#5821,.F.);
#4936=EDGE_CURVE('',#5822,#5820,#5823,.F.);
#4937=EDGE_CURVE('',#5822,#5824,#5825,.F.);
#4938=EDGE_CURVE('',#5826,#5824,#5827,.F.);
#4939=EDGE_CURVE('',#5826,#5828,#5829,.F.);
#4940=EDGE_CURVE('',#5791,#5828,#5830,.F.);
#4941=EDGE_CURVE('',#5709,#5718,#5831,.F.);
#4942=EDGE_CURVE('',#5722,#5712,#5832,.F.);
#4943=EDGE_CURVE('',#5781,#5710,#5833,.F.);
#4944=EDGE_CURVE('',#5714,#5784,#5834,.F.);
#4945=EDGE_CURVE('',#5717,#5726,#5835,.F.);
#4946=EDGE_CURVE('',#5730,#5720,#5836,.F.);
#4947=EDGE_CURVE('',#5725,#5734,#5837,.F.);
#4948=EDGE_CURVE('',#5738,#5728,#5838,.F.);
#4949=EDGE_CURVE('',#5733,#5742,#5839,.F.);
#4950=EDGE_CURVE('',#5746,#5736,#5840,.F.);
#4951=EDGE_CURVE('',#5741,#5750,#5841,.F.);
#4952=EDGE_CURVE('',#5754,#5744,#5842,.F.);
#4953=EDGE_CURVE('',#5749,#5758,#5843,.F.);
#4954=EDGE_CURVE('',#5762,#5752,#5844,.F.);
#4955=EDGE_CURVE('',#5757,#5766,#5845,.F.);
#4956=EDGE_CURVE('',#5770,#5760,#5846,.F.);
#4957=EDGE_CURVE('',#5765,#5774,#5847,.F.);
#4958=EDGE_CURVE('',#5778,#5768,#5848,.F.);
#4959=EDGE_CURVE('',#5773,#5782,#5849,.F.);
#4960=EDGE_CURVE('',#5786,#5776,#5850,.F.);
#4961=EDGE_CURVE('',#5736,#5676,#5851,.F.);
#4962=EDGE_CURVE('',#5738,#5675,#5852,.F.);
#4963=EDGE_CURVE('',#5746,#5676,#5853,.F.);
#4964=EDGE_CURVE('',#5744,#5678,#5854,.F.);
#4965=EDGE_CURVE('',#5754,#5678,#5855,.F.);
#4966=EDGE_CURVE('',#5752,#5680,#5856,.F.);
#4967=EDGE_CURVE('',#5762,#5680,#5857,.F.);
#4968=EDGE_CURVE('',#5760,#5682,#5858,.F.);
#4969=EDGE_CURVE('',#5770,#5682,#5859,.F.);
#4970=EDGE_CURVE('',#5768,#5684,#5860,.F.);
#4971=EDGE_CURVE('',#5778,#5684,#5861,.F.);
#4972=EDGE_CURVE('',#5776,#5686,#5862,.F.);
#4973=EDGE_CURVE('',#5786,#5686,#5863,.F.);
#4974=EDGE_CURVE('',#5784,#5688,#5864,.F.);
#4975=EDGE_CURVE('',#5714,#5688,#5865,.F.);
#4976=EDGE_CURVE('',#5712,#5690,#5866,.F.);
#4977=EDGE_CURVE('',#5722,#5690,#5867,.F.);
#4978=EDGE_CURVE('',#5720,#5692,#5868,.F.);
#4979=EDGE_CURVE('',#5730,#5692,#5869,.F.);
#4980=EDGE_CURVE('',#5728,#5675,#5870,.F.);
#4981=EDGE_CURVE('',#5757,#5791,#5871,.F.);
#4982=EDGE_CURVE('',#5758,#5792,#5872,.F.);
#4983=EDGE_CURVE('',#5749,#5794,#5873,.F.);
#4984=EDGE_CURVE('',#5750,#5796,#5874,.F.);
#4985=EDGE_CURVE('',#5741,#5798,#5875,.F.);
#4986=EDGE_CURVE('',#5742,#5800,#5876,.F.);
#4987=EDGE_CURVE('',#5733,#5802,#5877,.F.);
#4988=EDGE_CURVE('',#5734,#5804,#5878,.F.);
#4989=EDGE_CURVE('',#5725,#5806,#5879,.F.);
#4990=EDGE_CURVE('',#5726,#5808,#5880,.F.);
#4991=EDGE_CURVE('',#5717,#5810,#5881,.F.);
#4992=EDGE_CURVE('',#5718,#5812,#5882,.F.);
#4993=EDGE_CURVE('',#5709,#5814,#5883,.F.);
#4994=EDGE_CURVE('',#5710,#5816,#5884,.F.);
#4995=EDGE_CURVE('',#5781,#5818,#5885,.F.);
#4996=EDGE_CURVE('',#5782,#5820,#5886,.F.);
#4997=EDGE_CURVE('',#5773,#5822,#5887,.F.);
#4998=EDGE_CURVE('',#5774,#5824,#5888,.F.);
#4999=EDGE_CURVE('',#5765,#5826,#5889,.F.);
#5000=EDGE_CURVE('',#5766,#5828,#5890,.F.);
#5001=VERTEX_POINT('',#5891);
#5002=VERTEX_POINT('',#5892);
#5003=LINE('',#5893,#5894);
#5004=VERTEX_POINT('',#5896);
#5005=CIRCLE('',#5897,1.7);
#5006=VERTEX_POINT('',#5901);
#5007=LINE('',#5902,#5903);
#5008=VERTEX_POINT('',#5905);
#5009=CIRCLE('',#5906,1.7);
#5010=CIRCLE('',#5910,1.7);
#5011=VERTEX_POINT('',#5914);
#5012=CIRCLE('',#5915,1.7);
#5013=VERTEX_POINT('',#5919);
#5014=VERTEX_POINT('',#5920);
#5015=CIRCLE('',#5921,1.7);
#5016=VERTEX_POINT('',#5925);
#5017=LINE('',#5926,#5927);
#5018=VERTEX_POINT('',#5929);
#5019=CIRCLE('',#5930,1.7);
#5020=VERTEX_POINT('',#5934);
#5021=CIRCLE('',#5935,1.7);
#5022=LINE('',#5939,#5940);
#5023=VERTEX_POINT('',#5942);
#5024=CIRCLE('',#5943,1.7);
#5025=VERTEX_POINT('',#5947);
#5026=VERTEX_POINT('',#5948);
#5027=CIRCLE('',#5949,1.7);
#5028=VERTEX_POINT('',#5953);
#5029=LINE('',#5954,#5955);
#5030=VERTEX_POINT('',#5957);
#5031=CIRCLE('',#5958,1.7);
#5032=VERTEX_POINT('',#5962);
#5033=CIRCLE('',#5963,1.7);
#5034=LINE('',#5967,#5968);
#5035=VERTEX_POINT('',#5970);
#5036=CIRCLE('',#5971,1.7);
#5037=VERTEX_POINT('',#5975);
#5038=VERTEX_POINT('',#5976);
#5039=LINE('',#5977,#5978);
#5040=VERTEX_POINT('',#5980);
#5041=CIRCLE('',#5981,1.7);
#5042=VERTEX_POINT('',#5985);
#5043=LINE('',#5986,#5987);
#5044=VERTEX_POINT('',#5989);
#5045=CIRCLE('',#5990,1.7);
#5046=CIRCLE('',#5994,1.7);
#5047=VERTEX_POINT('',#5998);
#5048=CIRCLE('',#5999,1.7);
#5049=VERTEX_POINT('',#6003);
#5050=VERTEX_POINT('',#6004);
#5051=CIRCLE('',#6005,1.7);
#5052=VERTEX_POINT('',#6009);
#5053=LINE('',#6010,#6011);
#5054=VERTEX_POINT('',#6013);
#5055=CIRCLE('',#6014,1.7);
#5056=VERTEX_POINT('',#6018);
#5057=CIRCLE('',#6019,1.7);
#5058=LINE('',#6023,#6024);
#5059=VERTEX_POINT('',#6026);
#5060=CIRCLE('',#6027,1.7);
#5061=VERTEX_POINT('',#6031);
#5062=VERTEX_POINT('',#6032);
#5063=CIRCLE('',#6033,1.7);
#5064=VERTEX_POINT('',#6037);
#5065=LINE('',#6038,#6039);
#5066=VERTEX_POINT('',#6041);
#5067=CIRCLE('',#6042,1.7);
#5068=VERTEX_POINT('',#6046);
#5069=CIRCLE('',#6047,1.7);
#5070=LINE('',#6051,#6052);
#5071=VERTEX_POINT('',#6054);
#5072=CIRCLE('',#6055,1.7);
#5073=VERTEX_POINT('',#6059);
#5074=VERTEX_POINT('',#6060);
#5075=LINE('',#6061,#6062);
#5076=VERTEX_POINT('',#6064);
#5077=CIRCLE('',#6065,1.7);
#5078=VERTEX_POINT('',#6069);
#5079=LINE('',#6070,#6071);
#5080=VERTEX_POINT('',#6073);
#5081=CIRCLE('',#6074,1.7);
#5082=CIRCLE('',#6078,1.7);
#5083=VERTEX_POINT('',#6082);
#5084=CIRCLE('',#6083,1.7);
#5085=VERTEX_POINT('',#6087);
#5086=VERTEX_POINT('',#6088);
#5087=LINE('',#6089,#6090);
#5088=VERTEX_POINT('',#6092);
#5089=CIRCLE('',#6093,1.7);
#5090=VERTEX_POINT('',#6097);
#5091=LINE('',#6098,#6099);
#5092=VERTEX_POINT('',#6101);
#5093=CIRCLE('',#6102,1.7);
#5094=CIRCLE('',#6106,1.7);
#5095=VERTEX_POINT('',#6110);
#5096=CIRCLE('',#6111,1.7);
#5097=VERTEX_POINT('',#6115);
#5098=VERTEX_POINT('',#6116);
#5099=LINE('',#6117,#6118);
#5100=VERTEX_POINT('',#6120);
#5101=CIRCLE('',#6121,1.7);
#5102=VERTEX_POINT('',#6125);
#5103=LINE('',#6126,#6127);
#5104=VERTEX_POINT('',#6129);
#5105=CIRCLE('',#6130,1.7);
#5106=CIRCLE('',#6134,1.7);
#5107=VERTEX_POINT('',#6138);
#5108=CIRCLE('',#6139,1.7);
#5109=VERTEX_POINT('',#6143);
#5110=VERTEX_POINT('',#6144);
#5111=CIRCLE('',#6145,1.7);
#5112=VERTEX_POINT('',#6149);
#5113=LINE('',#6150,#6151);
#5114=VERTEX_POINT('',#6153);
#5115=CIRCLE('',#6154,1.7);
#5116=VERTEX_POINT('',#6158);
#5117=CIRCLE('',#6159,1.7);
#5118=LINE('',#6163,#6164);
#5119=VERTEX_POINT('',#6166);
#5120=CIRCLE('',#6167,1.7);
#5121=VERTEX_POINT('',#6171);
#5122=VERTEX_POINT('',#6172);
#5123=CIRCLE('',#6173,1.7);
#5124=VERTEX_POINT('',#6177);
#5125=LINE('',#6178,#6179);
#5126=VERTEX_POINT('',#6181);
#5127=CIRCLE('',#6182,1.7);
#5128=VERTEX_POINT('',#6186);
#5129=CIRCLE('',#6187,1.7);
#5130=LINE('',#6191,#6192);
#5131=VERTEX_POINT('',#6194);
#5132=CIRCLE('',#6195,1.7);
#5133=VERTEX_POINT('',#6199);
#5134=VERTEX_POINT('',#6200);
#5135=CIRCLE('',#6201,6.);
#5136=VERTEX_POINT('',#6205);
#5137=LINE('',#6206,#6207);
#5138=VERTEX_POINT('',#6209);
#5139=CIRCLE('',#6210,6.);
#5140=VERTEX_POINT('',#6214);
#5141=LINE('',#6215,#6216);
#5142=VERTEX_POINT('',#6218);
#5143=CIRCLE('',#6219,6.);
#5144=VERTEX_POINT('',#6223);
#5145=LINE('',#6224,#6225);
#5146=VERTEX_POINT('',#6227);
#5147=CIRCLE('',#6228,6.);
#5148=LINE('',#6232,#6233);
#5149=VERTEX_POINT('',#6235);
#5150=VERTEX_POINT('',#6236);
#5151=LINE('',#6237,#6238);
#5152=VERTEX_POINT('',#6240);
#5153=LINE('',#6241,#6242);
#5154=VERTEX_POINT('',#6244);
#5155=LINE('',#6245,#6246);
#5156=VERTEX_POINT('',#6248);
#5157=LINE('',#6249,#6250);
#5158=VERTEX_POINT('',#6252);
#5159=LINE('',#6253,#6254);
#5160=LINE('',#6256,#6257);
#5161=VERTEX_POINT('',#6259);
#5162=VERTEX_POINT('',#6260);
#5163=LINE('',#6261,#6262);
#5164=VERTEX_POINT('',#6264);
#5165=LINE('',#6265,#6266);
#5166=VERTEX_POINT('',#6268);
#5167=LINE('',#6269,#6270);
#5168=VERTEX_POINT('',#6272);
#5169=LINE('',#6273,#6274);
#5170=VERTEX_POINT('',#6276);
#5171=LINE('',#6277,#6278);
#5172=LINE('',#6280,#6281);
#5173=VERTEX_POINT('',#6283);
#5174=VERTEX_POINT('',#6284);
#5175=LINE('',#6285,#6286);
#5176=VERTEX_POINT('',#6288);
#5177=LINE('',#6289,#6290);
#5178=VERTEX_POINT('',#6292);
#5179=LINE('',#6293,#6294);
#5180=VERTEX_POINT('',#6296);
#5181=LINE('',#6297,#6298);
#5182=VERTEX_POINT('',#6300);
#5183=LINE('',#6301,#6302);
#5184=LINE('',#6304,#6305);
#5185=VERTEX_POINT('',#6307);
#5186=VERTEX_POINT('',#6308);
#5187=LINE('',#6309,#6310);
#5188=VERTEX_POINT('',#6312);
#5189=LINE('',#6313,#6314);
#5190=VERTEX_POINT('',#6316);
#5191=LINE('',#6317,#6318);
#5192=VERTEX_POINT('',#6320);
#5193=LINE('',#6321,#6322);
#5194=VERTEX_POINT('',#6324);
#5195=LINE('',#6325,#6326);
#5196=LINE('',#6328,#6329);
#5197=VERTEX_POINT('',#6331);
#5198=VERTEX_POINT('',#6332);
#5199=LINE('',#6333,#6334);
#5200=VERTEX_POINT('',#6336);
#5201=LINE('',#6337,#6338);
#5202=VERTEX_POINT('',#6340);
#5203=LINE('',#6341,#6342);
#5204=VERTEX_POINT('',#6344);
#5205=LINE('',#6345,#6346);
#5206=VERTEX_POINT('',#6348);
#5207=LINE('',#6349,#6350);
#5208=LINE('',#6352,#6353);
#5209=VERTEX_POINT('',#6355);
#5210=VERTEX_POINT('',#6356);
#5211=LINE('',#6357,#6358);
#5212=VERTEX_POINT('',#6360);
#5213=LINE('',#6361,#6362);
#5214=VERTEX_POINT('',#6364);
#5215=LINE('',#6365,#6366);
#5216=VERTEX_POINT('',#6368);
#5217=LINE('',#6369,#6370);
#5218=VERTEX_POINT('',#6372);
#5219=LINE('',#6373,#6374);
#5220=LINE('',#6376,#6377);
#5221=VERTEX_POINT('',#6379);
#5222=VERTEX_POINT('',#6380);
#5223=LINE('',#6381,#6382);
#5224=VERTEX_POINT('',#6384);
#5225=LINE('',#6385,#6386);
#5226=VERTEX_POINT('',#6388);
#5227=LINE('',#6389,#6390);
#5228=VERTEX_POINT('',#6392);
#5229=LINE('',#6393,#6394);
#5230=VERTEX_POINT('',#6396);
#5231=LINE('',#6397,#6398);
#5232=LINE('',#6400,#6401);
#5233=VERTEX_POINT('',#6403);
#5234=VERTEX_POINT('',#6404);
#5235=LINE('',#6405,#6406);
#5236=VERTEX_POINT('',#6408);
#5237=LINE('',#6409,#6410);
#5238=VERTEX_POINT('',#6412);
#5239=LINE('',#6413,#6414);
#5240=VERTEX_POINT('',#6416);
#5241=LINE('',#6417,#6418);
#5242=VERTEX_POINT('',#6420);
#5243=LINE('',#6421,#6422);
#5244=LINE('',#6424,#6425);
#5245=VERTEX_POINT('',#6427);
#5246=VERTEX_POINT('',#6428);
#5247=LINE('',#6429,#6430);
#5248=VERTEX_POINT('',#6432);
#5249=LINE('',#6433,#6434);
#5250=VERTEX_POINT('',#6436);
#5251=LINE('',#6437,#6438);
#5252=VERTEX_POINT('',#6440);
#5253=LINE('',#6441,#6442);
#5254=VERTEX_POINT('',#6444);
#5255=LINE('',#6445,#6446);
#5256=LINE('',#6448,#6449);
#5257=VERTEX_POINT('',#6451);
#5258=VERTEX_POINT('',#6452);
#5259=LINE('',#6453,#6454);
#5260=VERTEX_POINT('',#6456);
#5261=LINE('',#6457,#6458);
#5262=VERTEX_POINT('',#6460);
#5263=LINE('',#6461,#6462);
#5264=VERTEX_POINT('',#6464);
#5265=LINE('',#6465,#6466);
#5266=VERTEX_POINT('',#6468);
#5267=LINE('',#6469,#6470);
#5268=LINE('',#6472,#6473);
#5269=VERTEX_POINT('',#6475);
#5270=VERTEX_POINT('',#6476);
#5271=LINE('',#6477,#6478);
#5272=VERTEX_POINT('',#6480);
#5273=LINE('',#6481,#6482);
#5274=VERTEX_POINT('',#6484);
#5275=LINE('',#6485,#6486);
#5276=VERTEX_POINT('',#6488);
#5277=LINE('',#6489,#6490);
#5278=VERTEX_POINT('',#6492);
#5279=LINE('',#6493,#6494);
#5280=LINE('',#6496,#6497);
#5281=VERTEX_POINT('',#6499);
#5282=VERTEX_POINT('',#6500);
#5283=LINE('',#6501,#6502);
#5284=VERTEX_POINT('',#6504);
#5285=LINE('',#6505,#6506);
#5286=VERTEX_POINT('',#6508);
#5287=LINE('',#6509,#6510);
#5288=VERTEX_POINT('',#6512);
#5289=LINE('',#6513,#6514);
#5290=VERTEX_POINT('',#6516);
#5291=LINE('',#6517,#6518);
#5292=LINE('',#6520,#6521);
#5293=VERTEX_POINT('',#6523);
#5294=CIRCLE('',#6524,6.2);
#5295=VERTEX_POINT('',#6528);
#5296=CIRCLE('',#6529,6.2);
#5297=VERTEX_POINT('',#6533);
#5298=CIRCLE('',#6534,6.2);
#5299=VERTEX_POINT('',#6538);
#5300=CIRCLE('',#6539,6.2);
#5301=VERTEX_POINT('',#6543);
#5302=CIRCLE('',#6544,6.2);
#5303=VERTEX_POINT('',#6548);
#5304=CIRCLE('',#6549,5.);
#5305=VERTEX_POINT('',#6553);
#5306=CIRCLE('',#6554,5.);
#5307=VERTEX_POINT('',#6558);
#5308=CIRCLE('',#6559,5.);
#5309=VERTEX_POINT('',#6563);
#5310=LINE('',#6564,#6565);
#5311=VERTEX_POINT('',#6567);
#5312=LINE('',#6568,#6569);
#5313=LINE('',#6571,#6572);
#5314=VERTEX_POINT('',#6574);
#5315=LINE('',#6575,#6576);
#5316=LINE('',#6578,#6579);
#5317=VERTEX_POINT('',#6581);
#5318=LINE('',#6582,#6583);
#5319=LINE('',#6585,#6586);
#5320=VERTEX_POINT('',#6588);
#5321=LINE('',#6589,#6590);
#5322=LINE('',#6592,#6593);
#5323=VERTEX_POINT('',#6595);
#5324=LINE('',#6596,#6597);
#5325=LINE('',#6599,#6600);
#5326=LINE('',#6602,#6603);
#5327=VERTEX_POINT('',#6605);
#5328=LINE('',#6606,#6607);
#5329=VERTEX_POINT('',#6609);
#5330=LINE('',#6610,#6611);
#5331=LINE('',#6613,#6614);
#5332=VERTEX_POINT('',#6616);
#5333=LINE('',#6617,#6618);
#5334=LINE('',#6620,#6621);
#5335=VERTEX_POINT('',#6623);
#5336=LINE('',#6624,#6625);
#5337=LINE('',#6627,#6628);
#5338=VERTEX_POINT('',#6630);
#5339=LINE('',#6631,#6632);
#5340=LINE('',#6634,#6635);
#5341=VERTEX_POINT('',#6637);
#5342=LINE('',#6638,#6639);
#5343=LINE('',#6641,#6642);
#5344=LINE('',#6644,#6645);
#5345=VERTEX_POINT('',#6647);
#5346=LINE('',#6648,#6649);
#5347=VERTEX_POINT('',#6651);
#5348=LINE('',#6652,#6653);
#5349=LINE('',#6655,#6656);
#5350=VERTEX_POINT('',#6658);
#5351=LINE('',#6659,#6660);
#5352=LINE('',#6662,#6663);
#5353=VERTEX_POINT('',#6665);
#5354=LINE('',#6666,#6667);
#5355=LINE('',#6669,#6670);
#5356=VERTEX_POINT('',#6672);
#5357=LINE('',#6673,#6674);
#5358=LINE('',#6676,#6677);
#5359=VERTEX_POINT('',#6679);
#5360=LINE('',#6680,#6681);
#5361=LINE('',#6683,#6684);
#5362=LINE('',#6686,#6687);
#5363=VERTEX_POINT('',#6689);
#5364=LINE('',#6690,#6691);
#5365=VERTEX_POINT('',#6693);
#5366=LINE('',#6694,#6695);
#5367=LINE('',#6697,#6698);
#5368=VERTEX_POINT('',#6700);
#5369=LINE('',#6701,#6702);
#5370=LINE('',#6704,#6705);
#5371=VERTEX_POINT('',#6707);
#5372=LINE('',#6708,#6709);
#5373=LINE('',#6711,#6712);
#5374=VERTEX_POINT('',#6714);
#5375=LINE('',#6715,#6716);
#5376=LINE('',#6718,#6719);
#5377=VERTEX_POINT('',#6721);
#5378=LINE('',#6722,#6723);
#5379=LINE('',#6725,#6726);
#5380=LINE('',#6728,#6729);
#5381=VERTEX_POINT('',#6731);
#5382=LINE('',#6732,#6733);
#5383=VERTEX_POINT('',#6735);
#5384=LINE('',#6736,#6737);
#5385=LINE('',#6739,#6740);
#5386=VERTEX_POINT('',#6742);
#5387=LINE('',#6743,#6744);
#5388=LINE('',#6746,#6747);
#5389=VERTEX_POINT('',#6749);
#5390=LINE('',#6750,#6751);
#5391=LINE('',#6753,#6754);
#5392=VERTEX_POINT('',#6756);
#5393=LINE('',#6757,#6758);
#5394=LINE('',#6760,#6761);
#5395=VERTEX_POINT('',#6763);
#5396=LINE('',#6764,#6765);
#5397=LINE('',#6767,#6768);
#5398=LINE('',#6770,#6771);
#5399=VERTEX_POINT('',#6773);
#5400=LINE('',#6774,#6775);
#5401=VERTEX_POINT('',#6777);
#5402=LINE('',#6778,#6779);
#5403=LINE('',#6781,#6782);
#5404=VERTEX_POINT('',#6784);
#5405=LINE('',#6785,#6786);
#5406=LINE('',#6788,#6789);
#5407=VERTEX_POINT('',#6791);
#5408=LINE('',#6792,#6793);
#5409=LINE('',#6795,#6796);
#5410=VERTEX_POINT('',#6798);
#5411=LINE('',#6799,#6800);
#5412=LINE('',#6802,#6803);
#5413=VERTEX_POINT('',#6805);
#5414=LINE('',#6806,#6807);
#5415=LINE('',#6809,#6810);
#5416=LINE('',#6812,#6813);
#5417=VERTEX_POINT('',#6815);
#5418=LINE('',#6816,#6817);
#5419=VERTEX_POINT('',#6819);
#5420=LINE('',#6820,#6821);
#5421=LINE('',#6823,#6824);
#5422=VERTEX_POINT('',#6826);
#5423=LINE('',#6827,#6828);
#5424=LINE('',#6830,#6831);
#5425=VERTEX_POINT('',#6833);
#5426=LINE('',#6834,#6835);
#5427=LINE('',#6837,#6838);
#5428=VERTEX_POINT('',#6840);
#5429=LINE('',#6841,#6842);
#5430=LINE('',#6844,#6845);
#5431=VERTEX_POINT('',#6847);
#5432=LINE('',#6848,#6849);
#5433=LINE('',#6851,#6852);
#5434=LINE('',#6854,#6855);
#5435=VERTEX_POINT('',#6857);
#5436=LINE('',#6858,#6859);
#5437=VERTEX_POINT('',#6861);
#5438=LINE('',#6862,#6863);
#5439=LINE('',#6865,#6866);
#5440=VERTEX_POINT('',#6868);
#5441=LINE('',#6869,#6870);
#5442=LINE('',#6872,#6873);
#5443=VERTEX_POINT('',#6875);
#5444=LINE('',#6876,#6877);
#5445=LINE('',#6879,#6880);
#5446=VERTEX_POINT('',#6882);
#5447=LINE('',#6883,#6884);
#5448=LINE('',#6886,#6887);
#5449=VERTEX_POINT('',#6889);
#5450=LINE('',#6890,#6891);
#5451=LINE('',#6893,#6894);
#5452=LINE('',#6896,#6897);
#5453=VERTEX_POINT('',#6899);
#5454=LINE('',#6900,#6901);
#5455=VERTEX_POINT('',#6903);
#5456=LINE('',#6904,#6905);
#5457=LINE('',#6907,#6908);
#5458=VERTEX_POINT('',#6910);
#5459=LINE('',#6911,#6912);
#5460=LINE('',#6914,#6915);
#5461=VERTEX_POINT('',#6917);
#5462=LINE('',#6918,#6919);
#5463=LINE('',#6921,#6922);
#5464=VERTEX_POINT('',#6924);
#5465=LINE('',#6925,#6926);
#5466=LINE('',#6928,#6929);
#5467=VERTEX_POINT('',#6931);
#5468=LINE('',#6932,#6933);
#5469=LINE('',#6935,#6936);
#5470=LINE('',#6938,#6939);
#5471=VERTEX_POINT('',#6941);
#5472=LINE('',#6942,#6943);
#5473=VERTEX_POINT('',#6945);
#5474=LINE('',#6946,#6947);
#5475=LINE('',#6949,#6950);
#5476=VERTEX_POINT('',#6952);
#5477=LINE('',#6953,#6954);
#5478=LINE('',#6956,#6957);
#5479=VERTEX_POINT('',#6959);
#5480=LINE('',#6960,#6961);
#5481=LINE('',#6963,#6964);
#5482=VERTEX_POINT('',#6966);
#5483=LINE('',#6967,#6968);
#5484=LINE('',#6970,#6971);
#5485=VERTEX_POINT('',#6973);
#5486=LINE('',#6974,#6975);
#5487=LINE('',#6977,#6978);
#5488=LINE('',#6980,#6981);
#5489=VERTEX_POINT('',#6983);
#5490=LINE('',#6984,#6985);
#5491=VERTEX_POINT('',#6987);
#5492=LINE('',#6988,#6989);
#5493=LINE('',#6991,#6992);
#5494=VERTEX_POINT('',#6994);
#5495=LINE('',#6995,#6996);
#5496=LINE('',#6998,#6999);
#5497=VERTEX_POINT('',#7001);
#5498=LINE('',#7002,#7003);
#5499=LINE('',#7005,#7006);
#5500=VERTEX_POINT('',#7008);
#5501=LINE('',#7009,#7010);
#5502=LINE('',#7012,#7013);
#5503=VERTEX_POINT('',#7015);
#5504=LINE('',#7016,#7017);
#5505=LINE('',#7019,#7020);
#5506=LINE('',#7022,#7023);
#5507=VERTEX_POINT('',#7025);
#5508=LINE('',#7026,#7027);
#5509=VERTEX_POINT('',#7029);
#5510=CIRCLE('',#7030,1.7);
#5511=VERTEX_POINT('',#7034);
#5512=CIRCLE('',#7035,1.7);
#5513=LINE('',#7039,#7040);
#5514=LINE('',#7042,#7043);
#5515=LINE('',#7045,#7046);
#5516=VERTEX_POINT('',#7048);
#5517=CIRCLE('',#7049,7.);
#5518=LINE('',#7053,#7054);
#5519=VERTEX_POINT('',#7056);
#5520=VERTEX_POINT('',#7057);
#5521=CIRCLE('',#7058,6.);
#5522=VERTEX_POINT('',#7062);
#5523=LINE('',#7063,#7064);
#5524=VERTEX_POINT('',#7066);
#5525=CIRCLE('',#7067,6.);
#5526=VERTEX_POINT('',#7071);
#5527=LINE('',#7072,#7073);
#5528=VERTEX_POINT('',#7075);
#5529=CIRCLE('',#7076,6.);
#5530=VERTEX_POINT('',#7080);
#5531=LINE('',#7081,#7082);
#5532=VERTEX_POINT('',#7084);
#5533=CIRCLE('',#7085,6.);
#5534=LINE('',#7089,#7090);
#5535=LINE('',#7092,#7093);
#5536=VERTEX_POINT('',#7095);
#5537=LINE('',#7096,#7097);
#5538=VERTEX_POINT('',#7099);
#5539=CIRCLE('',#7100,1.7);
#5540=LINE('',#7104,#7105);
#5541=LINE('',#7107,#7108);
#5542=LINE('',#7110,#7111);
#5543=LINE('',#7113,#7114);
#5544=LINE('',#7116,#7117);
#5545=LINE('',#7119,#7120);
#5546=LINE('',#7122,#7123);
#5547=LINE('',#7125,#7126);
#5548=LINE('',#7128,#7129);
#5549=VERTEX_POINT('',#7131);
#5550=CIRCLE('',#7132,6.2);
#5551=VERTEX_POINT('',#7136);
#5552=CIRCLE('',#7137,6.2);
#5553=VERTEX_POINT('',#7141);
#5554=CIRCLE('',#7142,6.2);
#5555=VERTEX_POINT('',#7146);
#5556=CIRCLE('',#7147,6.2);
#5557=VERTEX_POINT('',#7151);
#5558=CIRCLE('',#7152,6.2);
#5559=LINE('',#7156,#7157);
#5560=LINE('',#7159,#7160);
#5561=LINE('',#7162,#7163);
#5562=LINE('',#7165,#7166);
#5563=LINE('',#7168,#7169);
#5564=LINE('',#7171,#7172);
#5565=VERTEX_POINT('',#7174);
#5566=CIRCLE('',#7175,7.);
#5567=LINE('',#7179,#7180);
#5568=LINE('',#7182,#7183);
#5569=LINE('',#7185,#7186);
#5570=LINE('',#7188,#7189);
#5571=VERTEX_POINT('',#7191);
#5572=CIRCLE('',#7192,7.);
#5573=LINE('',#7196,#7197);
#5574=LINE('',#7199,#7200);
#5575=LINE('',#7202,#7203);
#5576=LINE('',#7205,#7206);
#5577=LINE('',#7208,#7209);
#5578=LINE('',#7211,#7212);
#5579=LINE('',#7214,#7215);
#5580=LINE('',#7217,#7218);
#5581=VERTEX_POINT('',#7220);
#5582=LINE('',#7221,#7222);
#5583=VERTEX_POINT('',#7224);
#5584=LINE('',#7225,#7226);
#5585=LINE('',#7228,#7229);
#5586=VERTEX_POINT('',#7231);
#5587=LINE('',#7232,#7233);
#5588=LINE('',#7235,#7236);
#5589=VERTEX_POINT('',#7238);
#5590=LINE('',#7239,#7240);
#5591=LINE('',#7242,#7243);
#5592=VERTEX_POINT('',#7245);
#5593=LINE('',#7246,#7247);
#5594=LINE('',#7249,#7250);
#5595=VERTEX_POINT('',#7252);
#5596=LINE('',#7253,#7254);
#5597=LINE('',#7256,#7257);
#5598=LINE('',#7259,#7260);
#5599=VERTEX_POINT('',#7262);
#5600=CIRCLE('',#7263,5.);
#5601=VERTEX_POINT('',#7267);
#5602=CIRCLE('',#7268,5.);
#5603=VERTEX_POINT('',#7272);
#5604=CIRCLE('',#7273,5.);
#5605=VERTEX_POINT('',#7277);
#5606=CIRCLE('',#7278,1.7);
#5607=VERTEX_POINT('',#7282);
#5608=CIRCLE('',#7283,7.);
#5609=VERTEX_POINT('',#7287);
#5610=CIRCLE('',#7288,7.);
#5611=VERTEX_POINT('',#7292);
#5612=CIRCLE('',#7293,7.);
#5613=VERTEX_POINT('',#7297);
#5614=CIRCLE('',#7298,1.5);
#5615=VERTEX_POINT('',#7302);
#5616=CIRCLE('',#7303,1.5);
#5617=VERTEX_POINT('',#7307);
#5618=CIRCLE('',#7308,1.5);
#5619=VERTEX_POINT('',#7312);
#5620=CIRCLE('',#7313,1.5);
#5621=VERTEX_POINT('',#7317);
#5622=VERTEX_POINT('',#7318);
#5623=LINE('',#7319,#7320);
#5624=VERTEX_POINT('',#7322);
#5625=LINE('',#7323,#7324);
#5626=VERTEX_POINT('',#7326);
#5627=LINE('',#7327,#7328);
#5628=LINE('',#7330,#7331);
#5629=VERTEX_POINT('',#7333);
#5630=VERTEX_POINT('',#7334);
#5631=LINE('',#7335,#7336);
#5632=VERTEX_POINT('',#7338);
#5633=LINE('',#7339,#7340);
#5634=VERTEX_POINT('',#7342);
#5635=LINE('',#7343,#7344);
#5636=LINE('',#7346,#7347);
#5637=VERTEX_POINT('',#7349);
#5638=LINE('',#7350,#7351);
#5639=VERTEX_POINT('',#7353);
#5640=LINE('',#7354,#7355);
#5641=VERTEX_POINT('',#7357);
#5642=LINE('',#7358,#7359);
#5643=VERTEX_POINT('',#7361);
#5644=LINE('',#7362,#7363);
#5645=LINE('',#7365,#7366);
#5646=VERTEX_POINT('',#7368);
#5647=LINE('',#7369,#7370);
#5648=VERTEX_POINT('',#7372);
#5649=LINE('',#7373,#7374);
#5650=VERTEX_POINT('',#7376);
#5651=LINE('',#7377,#7378);
#5652=VERTEX_POINT('',#7380);
#5653=LINE('',#7381,#7382);
#5654=LINE('',#7384,#7385);
#5655=LINE('',#7387,#7388);
#5656=LINE('',#7390,#7391);
#5657=CIRCLE('',#7393,4.8);
#5658=VERTEX_POINT('',#7397);
#5659=CIRCLE('',#7398,2.05);
#5660=VERTEX_POINT('',#7402);
#5661=CIRCLE('',#7403,4.8);
#5662=CIRCLE('',#7407,4.8);
#5663=VERTEX_POINT('',#7411);
#5664=CIRCLE('',#7412,4.8);
#5665=LINE('',#7416,#7417);
#5666=LINE('',#7419,#7420);
#5667=VERTEX_POINT('',#7422);
#5668=CIRCLE('',#7423,2.05);
#5669=VERTEX_POINT('',#7427);
#5670=CIRCLE('',#7428,6.5);
#5671=VERTEX_POINT('',#7432);
#5672=CIRCLE('',#7433,2.45);
#5673=VERTEX_POINT('',#7437);
#5674=CIRCLE('',#7438,6.5);
#5675=VERTEX_POINT('',#7442);
#5676=VERTEX_POINT('',#7443);
#5677=LINE('',#7444,#7445);
#5678=VERTEX_POINT('',#7447);
#5679=LINE('',#7448,#7449);
#5680=VERTEX_POINT('',#7451);
#5681=LINE('',#7452,#7453);
#5682=VERTEX_POINT('',#7455);
#5683=LINE('',#7456,#7457);
#5684=VERTEX_POINT('',#7459);
#5685=LINE('',#7460,#7461);
#5686=VERTEX_POINT('',#7463);
#5687=LINE('',#7464,#7465);
#5688=VERTEX_POINT('',#7467);
#5689=LINE('',#7468,#7469);
#5690=VERTEX_POINT('',#7471);
#5691=LINE('',#7472,#7473);
#5692=VERTEX_POINT('',#7475);
#5693=LINE('',#7476,#7477);
#5694=LINE('',#7479,#7480);
#5695=VERTEX_POINT('',#7482);
#5696=CIRCLE('',#7483,4.8);
#5697=VERTEX_POINT('',#7487);
#5698=VERTEX_POINT('',#7488);
#5699=CIRCLE('',#7489,4.8);
#5700=VERTEX_POINT('',#7493);
#5701=LINE('',#7494,#7495);
#5702=VERTEX_POINT('',#7497);
#5703=CIRCLE('',#7498,4.8);
#5704=LINE('',#7502,#7503);
#5705=LINE('',#7505,#7506);
#5706=LINE('',#7508,#7509);
#5707=VERTEX_POINT('',#7511);
#5708=CIRCLE('',#7512,1.8);
#5709=VERTEX_POINT('',#7516);
#5710=VERTEX_POINT('',#7517);
#5711=LINE('',#7518,#7519);
#5712=VERTEX_POINT('',#7521);
#5713=LINE('',#7522,#7523);
#5714=VERTEX_POINT('',#7525);
#5715=LINE('',#7526,#7527);
#5716=LINE('',#7529,#7530);
#5717=VERTEX_POINT('',#7532);
#5718=VERTEX_POINT('',#7533);
#5719=LINE('',#7534,#7535);
#5720=VERTEX_POINT('',#7537);
#5721=LINE('',#7538,#7539);
#5722=VERTEX_POINT('',#7541);
#5723=LINE('',#7542,#7543);
#5724=LINE('',#7545,#7546);
#5725=VERTEX_POINT('',#7548);
#5726=VERTEX_POINT('',#7549);
#5727=LINE('',#7550,#7551);
#5728=VERTEX_POINT('',#7553);
#5729=LINE('',#7554,#7555);
#5730=VERTEX_POINT('',#7557);
#5731=LINE('',#7558,#7559);
#5732=LINE('',#7561,#7562);
#5733=VERTEX_POINT('',#7564);
#5734=VERTEX_POINT('',#7565);
#5735=LINE('',#7566,#7567);
#5736=VERTEX_POINT('',#7569);
#5737=LINE('',#7570,#7571);
#5738=VERTEX_POINT('',#7573);
#5739=LINE('',#7574,#7575);
#5740=LINE('',#7577,#7578);
#5741=VERTEX_POINT('',#7580);
#5742=VERTEX_POINT('',#7581);
#5743=LINE('',#7582,#7583);
#5744=VERTEX_POINT('',#7585);
#5745=LINE('',#7586,#7587);
#5746=VERTEX_POINT('',#7589);
#5747=LINE('',#7590,#7591);
#5748=LINE('',#7593,#7594);
#5749=VERTEX_POINT('',#7596);
#5750=VERTEX_POINT('',#7597);
#5751=LINE('',#7598,#7599);
#5752=VERTEX_POINT('',#7601);
#5753=LINE('',#7602,#7603);
#5754=VERTEX_POINT('',#7605);
#5755=LINE('',#7606,#7607);
#5756=LINE('',#7609,#7610);
#5757=VERTEX_POINT('',#7612);
#5758=VERTEX_POINT('',#7613);
#5759=LINE('',#7614,#7615);
#5760=VERTEX_POINT('',#7617);
#5761=LINE('',#7618,#7619);
#5762=VERTEX_POINT('',#7621);
#5763=LINE('',#7622,#7623);
#5764=LINE('',#7625,#7626);
#5765=VERTEX_POINT('',#7628);
#5766=VERTEX_POINT('',#7629);
#5767=LINE('',#7630,#7631);
#5768=VERTEX_POINT('',#7633);
#5769=LINE('',#7634,#7635);
#5770=VERTEX_POINT('',#7637);
#5771=LINE('',#7638,#7639);
#5772=LINE('',#7641,#7642);
#5773=VERTEX_POINT('',#7644);
#5774=VERTEX_POINT('',#7645);
#5775=LINE('',#7646,#7647);
#5776=VERTEX_POINT('',#7649);
#5777=LINE('',#7650,#7651);
#5778=VERTEX_POINT('',#7653);
#5779=LINE('',#7654,#7655);
#5780=LINE('',#7657,#7658);
#5781=VERTEX_POINT('',#7660);
#5782=VERTEX_POINT('',#7661);
#5783=LINE('',#7662,#7663);
#5784=VERTEX_POINT('',#7665);
#5785=LINE('',#7666,#7667);
#5786=VERTEX_POINT('',#7669);
#5787=LINE('',#7670,#7671);
#5788=LINE('',#7673,#7674);
#5789=VERTEX_POINT('',#7676);
#5790=CIRCLE('',#7677,1.8);
#5791=VERTEX_POINT('',#7681);
#5792=VERTEX_POINT('',#7682);
#5793=LINE('',#7683,#7684);
#5794=VERTEX_POINT('',#7686);
#5795=CIRCLE('',#7687,0.6);
#5796=VERTEX_POINT('',#7691);
#5797=LINE('',#7692,#7693);
#5798=VERTEX_POINT('',#7695);
#5799=CIRCLE('',#7696,0.6);
#5800=VERTEX_POINT('',#7700);
#5801=LINE('',#7701,#7702);
#5802=VERTEX_POINT('',#7704);
#5803=CIRCLE('',#7705,0.600000000000001);
#5804=VERTEX_POINT('',#7709);
#5805=LINE('',#7710,#7711);
#5806=VERTEX_POINT('',#7713);
#5807=CIRCLE('',#7714,0.599999999999999);
#5808=VERTEX_POINT('',#7718);
#5809=LINE('',#7719,#7720);
#5810=VERTEX_POINT('',#7722);
#5811=CIRCLE('',#7723,0.6);
#5812=VERTEX_POINT('',#7727);
#5813=LINE('',#7728,#7729);
#5814=VERTEX_POINT('',#7731);
#5815=CIRCLE('',#7732,0.6);
#5816=VERTEX_POINT('',#7736);
#5817=LINE('',#7737,#7738);
#5818=VERTEX_POINT('',#7740);
#5819=CIRCLE('',#7741,0.600000000000001);
#5820=VERTEX_POINT('',#7745);
#5821=LINE('',#7746,#7747);
#5822=VERTEX_POINT('',#7749);
#5823=CIRCLE('',#7750,0.600000000000001);
#5824=VERTEX_POINT('',#7754);
#5825=LINE('',#7755,#7756);
#5826=VERTEX_POINT('',#7758);
#5827=CIRCLE('',#7759,0.6);
#5828=VERTEX_POINT('',#7763);
#5829=LINE('',#7764,#7765);
#5830=CIRCLE('',#7767,0.599999999999999);
#5831=CIRCLE('',#7771,1.);
#5832=CIRCLE('',#7775,1.);
#5833=CIRCLE('',#7779,1.);
#5834=CIRCLE('',#7783,1.);
#5835=CIRCLE('',#7787,1.);
#5836=CIRCLE('',#7791,1.);
#5837=CIRCLE('',#7795,1.);
#5838=CIRCLE('',#7799,1.);
#5839=CIRCLE('',#7803,1.);
#5840=CIRCLE('',#7807,1.);
#5841=CIRCLE('',#7811,1.);
#5842=CIRCLE('',#7815,1.);
#5843=CIRCLE('',#7819,1.);
#5844=CIRCLE('',#7823,1.);
#5845=CIRCLE('',#7827,1.);
#5846=CIRCLE('',#7831,1.);
#5847=CIRCLE('',#7835,1.);
#5848=CIRCLE('',#7839,1.);
#5849=CIRCLE('',#7843,1.);
#5850=CIRCLE('',#7847,1.);
#5851=B_SPLINE_CURVE_WITH_KNOTS('',3,
(#7851,#7852,#7853,#7854,#7855,#7856,#7857,#7858,#7859,#7860,#7861,#7862,#7863,#7864),
.UNSPECIFIED.,.F.,.F.,
(4,1,1,1,1,1,1,1,1,1,1,4),
(0.,0.112445344938442,0.210434159115319,0.297655583070632,0.386694494578009,0.47769446497247,
0.566531023540874,0.654887292706894,0.742773821628997,0.82833523585834,0.91412866881317,
1.),
.UNSPECIFIED.);
#5852=B_SPLINE_CURVE_WITH_KNOTS('',3,
(#7865,#7866,#7867,#7868,#7869,#7870,#7871,#7872,#7873,#7874,#7875,#7876,#7877,#7878),
.UNSPECIFIED.,.F.,.F.,
(4,1,1,1,1,1,1,1,1,1,1,4),
(0.,0.112445344941269,0.210434159119887,0.297655583075199,0.386694494582536,0.477694464976698,
0.566531023545145,0.654887292710985,0.742773821633038,0.828335235862492,0.91412866881602,
1.),
.UNSPECIFIED.);
#5853=B_SPLINE_CURVE_WITH_KNOTS('',3,
(#7879,#7880,#7881,#7882,#7883,#7884,#7885,#7886,#7887,#7888,#7889,#7890,#7891,#7892),
.UNSPECIFIED.,.F.,.F.,
(4,1,1,1,1,1,1,1,1,1,1,4),
(0.,0.112445344937391,0.210434159113877,0.29765558306897,0.386694494576305,0.477694464970634,
0.566531023539125,0.65488729270503,0.742773821626981,0.828335235856411,0.914128668811878,
1.),
.UNSPECIFIED.);
#5854=B_SPLINE_CURVE_WITH_KNOTS('',3,
(#7893,#7894,#7895,#7896,#7897,#7898,#7899,#7900,#7901,#7902,#7903,#7904,#7905,#7906),
.UNSPECIFIED.,.F.,.F.,
(4,1,1,1,1,1,1,1,1,1,1,4),
(0.,0.112445344935356,0.210434159110662,0.297655583065693,0.386694494573372,0.477694464967356,
0.566531023536087,0.654887292701656,0.742773821623956,0.828335235853131,0.914128668809662,
1.),
.UNSPECIFIED.);
#5855=B_SPLINE_CURVE_WITH_KNOTS('',3,
(#7907,#7908,#7909,#7910,#7911,#7912,#7913,#7914,#7915,#7916,#7917,#7918,#7919,#7920),
.UNSPECIFIED.,.F.,.F.,
(4,1,1,1,1,1,1,1,1,1,1,4),
(0.,0.112445344938107,0.210434159114886,0.297655583070192,0.386694494577634,0.477694464971805,
0.566531023540453,0.654887292706209,0.742773821628522,0.828335235857667,0.914128668812841,
1.),
.UNSPECIFIED.);
#5856=B_SPLINE_CURVE_WITH_KNOTS('',3,
(#7921,#7922,#7923,#7924,#7925,#7926,#7927,#7928,#7929,#7930,#7931,#7932,#7933,#7934),
.UNSPECIFIED.,.F.,.F.,
(4,1,1,1,1,1,1,1,1,1,1,4),
(0.,0.112445344939331,0.210434159116858,0.29765558307215,0.386694494579599,0.477694464973688,
0.566531023542241,0.654887292708066,0.742773821630204,0.828335235859429,0.914128668813869,
1.),
.UNSPECIFIED.);
#5857=B_SPLINE_CURVE_WITH_KNOTS('',3,
(#7935,#7936,#7937,#7938,#7939,#7940,#7941,#7942,#7943,#7944,#7945,#7946,#7947,#7948),
.UNSPECIFIED.,.F.,.F.,
(4,1,1,1,1,1,1,1,1,1,1,4),
(0.,0.112445344936486,0.210434159112459,0.297655583067902,0.386694494575368,0.477694464969526,
0.566531023537911,0.654887292703902,0.742773821626069,0.828335235855206,0.914128668810929,
1.),
.UNSPECIFIED.);
#5858=B_SPLINE_CURVE_WITH_KNOTS('',3,
(#7949,#7950,#7951,#7952,#7953,#7954,#7955,#7956,#7957,#7958,#7959,#7960,#7961,#7962),
.UNSPECIFIED.,.F.,.F.,
(4,1,1,1,1,1,1,1,1,1,1,4),
(0.,0.112445344938137,0.21043415911492,0.297655583070029,0.386694494577684,0.477694464971679,
0.566531023540309,0.654887292705801,0.742773821628093,0.828335235857245,0.914128668812456,
1.),
.UNSPECIFIED.);
#5859=B_SPLINE_CURVE_WITH_KNOTS('',3,
(#7963,#7964,#7965,#7966,#7967,#7968,#7969,#7970,#7971,#7972,#7973,#7974,#7975,#7976),
.UNSPECIFIED.,.F.,.F.,
(4,1,1,1,1,1,1,1,1,1,1,4),
(0.,0.112445344938547,0.210434159115427,0.297655583070889,0.386694494578342,0.477694464972964,
0.566531023541174,0.654887292707149,0.74277382162916,0.828335235858564,0.914128668813328,
1.),
.UNSPECIFIED.);
#5860=B_SPLINE_CURVE_WITH_KNOTS('',3,
(#7977,#7978,#7979,#7980,#7981,#7982,#7983,#7984,#7985,#7986,#7987,#7988,#7989,#7990),
.UNSPECIFIED.,.F.,.F.,
(4,1,1,1,1,1,1,1,1,1,1,4),
(0.,0.112445344937456,0.210434159113928,0.297655583069334,0.386694494577188,0.477694464971061,
0.566531023539936,0.654887292705228,0.742773821628089,0.828335235857035,0.914128668812579,
1.),
.UNSPECIFIED.);
#5861=B_SPLINE_CURVE_WITH_KNOTS('',3,
(#7991,#7992,#7993,#7994,#7995,#7996,#7997,#7998,#7999,#8000,#8001,#8002,#8003,#8004),
.UNSPECIFIED.,.F.,.F.,
(4,1,1,1,1,1,1,1,1,1,1,4),
(0.,0.112445344937974,0.210434159114515,0.297655583069988,0.386694494577336,0.477694464971935,
0.566531023540239,0.654887292706254,0.742773821628265,0.828335235857553,0.914128668812685,
1.),
.UNSPECIFIED.);
#5862=B_SPLINE_CURVE_WITH_KNOTS('',3,
(#8005,#8006,#8007,#8008,#8009,#8010,#8011,#8012,#8013,#8014,#8015,#8016,#8017,#8018),
.UNSPECIFIED.,.F.,.F.,
(4,1,1,1,1,1,1,1,1,1,1,4),
(0.,0.112445344935838,0.2104341591112,0.297655583066284,0.386694494573972,0.477694464968113,
0.566531023536698,0.654887292702344,0.74277382162468,0.828335235853796,0.914128668810062,
1.),
.UNSPECIFIED.);
#5863=B_SPLINE_CURVE_WITH_KNOTS('',3,
(#8019,#8020,#8021,#8022,#8023,#8024,#8025,#8026,#8027,#8028,#8029,#8030,#8031,#8032),
.UNSPECIFIED.,.F.,.F.,
(4,1,1,1,1,1,1,1,1,1,1,4),
(0.,0.112445344938715,0.210434159115763,0.297655583070459,0.386694494578218,0.477694464971693,
0.566531023540802,0.654887292705971,0.742773821628622,0.828335235857571,0.914128668812722,
1.),
.UNSPECIFIED.);
#5864=B_SPLINE_CURVE_WITH_KNOTS('',3,
(#8033,#8034,#8035,#8036,#8037,#8038,#8039,#8040,#8041,#8042,#8043,#8044,#8045,#8046),
.UNSPECIFIED.,.F.,.F.,
(4,1,1,1,1,1,1,1,1,1,1,4),
(0.,0.112445344936451,0.210434159112189,0.29765558306762,0.386694494575162,0.477694464969743,
0.566531023538096,0.654887292703854,0.74277382162599,0.82833523585531,0.91412866881128,
1.),
.UNSPECIFIED.);
#5865=B_SPLINE_CURVE_WITH_KNOTS('',3,
(#8047,#8048,#8049,#8050,#8051,#8052,#8053,#8054,#8055,#8056,#8057,#8058,#8059,#8060),
.UNSPECIFIED.,.F.,.F.,
(4,1,1,1,1,1,1,1,1,1,1,4),
(0.,0.112445344939364,0.210434159116874,0.297655583072271,0.386694494579849,0.477694464974108,
0.56653102354263,0.654887292708455,0.742773821630529,0.828335235859853,0.914128668814158,
1.),
.UNSPECIFIED.);
#5866=B_SPLINE_CURVE_WITH_KNOTS('',3,
(#8061,#8062,#8063,#8064,#8065,#8066,#8067,#8068,#8069,#8070,#8071,#8072,#8073,#8074),
.UNSPECIFIED.,.F.,.F.,
(4,1,1,1,1,1,1,1,1,1,1,4),
(0.,0.112445344937768,0.210434159114131,0.29765558306949,0.386694494577104,0.477694464971612,
0.566531023539871,0.654887292705783,0.742773821628027,0.828335235857417,0.914128668812514,
1.),
.UNSPECIFIED.);
#5867=B_SPLINE_CURVE_WITH_KNOTS('',3,
(#8075,#8076,#8077,#8078,#8079,#8080,#8081,#8082,#8083,#8084,#8085,#8086,#8087,#8088),
.UNSPECIFIED.,.F.,.F.,
(4,1,1,1,1,1,1,1,1,1,1,4),
(0.,0.112445344935493,0.210434159110744,0.297655583065894,0.386694494573583,0.47769446496792,
0.566531023536453,0.654887292701949,0.742773821624322,0.828335235853523,0.91412866881009,
1.),
.UNSPECIFIED.);
#5868=B_SPLINE_CURVE_WITH_KNOTS('',3,
(#8089,#8090,#8091,#8092,#8093,#8094,#8095,#8096,#8097,#8098,#8099,#8100,#8101,#8102),
.UNSPECIFIED.,.F.,.F.,
(4,1,1,1,1,1,1,1,1,1,1,4),
(0.,0.112445344937149,0.210434159113131,0.297655583068225,0.386694494575787,0.477694464970143,
0.566531023538803,0.654887292704265,0.742773821626713,0.828335235855846,0.914128668811779,
1.),
.UNSPECIFIED.);
#5869=B_SPLINE_CURVE_WITH_KNOTS('',3,
(#8103,#8104,#8105,#8106,#8107,#8108,#8109,#8110,#8111,#8112,#8113,#8114,#8115,#8116),
.UNSPECIFIED.,.F.,.F.,
(4,1,1,1,1,1,1,1,1,1,1,4),
(0.,0.112445344938843,0.210434159115871,0.29765558307108,0.386694494578633,0.477694464973025,
0.566531023541344,0.654887292707237,0.742773821629183,0.828335235858511,0.914128668813108,
1.),
.UNSPECIFIED.);
#5870=B_SPLINE_CURVE_WITH_KNOTS('',3,
(#8117,#8118,#8119,#8120,#8121,#8122,#8123,#8124,#8125,#8126,#8127,#8128,#8129,#8130),
.UNSPECIFIED.,.F.,.F.,
(4,1,1,1,1,1,1,1,1,1,1,4),
(0.,0.11244534493537,0.210434159110787,0.297655583066154,0.386694494573724,0.477694464967915,
0.566531023536356,0.65488729270209,0.742773821624317,0.828335235853563,0.914128668809997,
1.),
.UNSPECIFIED.);
#5871=LINE('',#8131,#8132);
#5872=LINE('',#8134,#8135);
#5873=LINE('',#8137,#8138);
#5874=LINE('',#8140,#8141);
#5875=LINE('',#8143,#8144);
#5876=LINE('',#8146,#8147);
#5877=LINE('',#8149,#8150);
#5878=LINE('',#8152,#8153);
#5879=LINE('',#8155,#8156);
#5880=LINE('',#8158,#8159);
#5881=LINE('',#8161,#8162);
#5882=LINE('',#8164,#8165);
#5883=LINE('',#8167,#8168);
#5884=LINE('',#8170,#8171);
#5885=LINE('',#8173,#8174);
#5886=LINE('',#8176,#8177);
#5887=LINE('',#8179,#8180);
#5888=LINE('',#8182,#8183);
#5889=LINE('',#8185,#8186);
#5890=LINE('',#8188,#8189);
#5891=CARTESIAN_POINT('',(9.,-1.,36.6252272915133));
#5892=CARTESIAN_POINT('',(9.,-2.23154720889006E-15,36.6252272915133));
#5893=CARTESIAN_POINT('',(9.,-1.00000000000001,36.6252272915132));
#5894=VECTOR('',#5895,1.);
#5895=DIRECTION('',(0.,1.,0.));
#5896=CARTESIAN_POINT('',(6.62522729151322,-1.,39.));
#5897=AXIS2_PLACEMENT_3D('',#5898,#5899,#5900);
#5898=CARTESIAN_POINT('',(8.,-1.,38.));
#5899=DIRECTION('',(0.,1.,6.12323399573677E-17));
#5900=DIRECTION('',(-0.808689828521622,-3.60190235043337E-17,0.588235294117643));
#5901=CARTESIAN_POINT('',(6.62522729151325,-2.41527595625634E-15,39.));
#5902=CARTESIAN_POINT('',(6.62522729151322,-1.00000000000001,39.));
#5903=VECTOR('',#5904,1.);
#5904=DIRECTION('',(-8.88178419700121E-16,1.,0.));
#5905=CARTESIAN_POINT('',(8.,-2.22044604925031E-15,36.3));
#5906=AXIS2_PLACEMENT_3D('',#5907,#5908,#5909);
#5907=CARTESIAN_POINT('',(8.,-2.32682891837997E-15,38.));
#5908=DIRECTION('',(0.,1.,6.12323399573677E-17));
#5909=DIRECTION('',(0.,6.12323399573677E-17,-1.));
#5910=AXIS2_PLACEMENT_3D('',#5911,#5912,#5913);
#5911=CARTESIAN_POINT('',(8.,-2.32682891837997E-15,38.));
#5912=DIRECTION('',(0.,1.,6.12323399573677E-17));
#5913=DIRECTION('',(0.588235294117649,4.95179705001011E-17,-0.808689828521618));
#5914=CARTESIAN_POINT('',(8.,1.2,36.3));
#5915=AXIS2_PLACEMENT_3D('',#5916,#5917,#5918);
#5916=CARTESIAN_POINT('',(8.,1.2,38.));
#5917=DIRECTION('',(0.,1.,6.12323399573677E-17));
#5918=DIRECTION('',(6.12323399573677E-17,6.12323399573677E-17,-1.));
#5919=CARTESIAN_POINT('',(6.62522729151325,-1.30907338432745E-15,21.));
#5920=CARTESIAN_POINT('',(9.,-1.49280213169374E-15,23.3747727084867));
#5921=AXIS2_PLACEMENT_3D('',#5922,#5923,#5924);
#5922=CARTESIAN_POINT('',(8.,-1.34711147906209E-15,22.));
#5923=DIRECTION('',(0.,1.,6.12323399573677E-17));
#5924=DIRECTION('',(-0.808689828521619,3.60190235043339E-17,-0.588235294117647));
#5925=CARTESIAN_POINT('',(6.62522729151325,-1.,21.));
#5926=CARTESIAN_POINT('',(6.62522729151325,-1.00000000000001,21.));
#5927=VECTOR('',#5928,1.);
#5928=DIRECTION('',(0.,1.,0.));
#5929=CARTESIAN_POINT('',(8.,-1.00000000000001,20.3));
#5930=AXIS2_PLACEMENT_3D('',#5931,#5932,#5933);
#5931=CARTESIAN_POINT('',(8.,-1.,22.));
#5932=DIRECTION('',(0.,1.,6.12323399573677E-17));
#5933=DIRECTION('',(0.,6.12323399573677E-17,-1.));
#5934=CARTESIAN_POINT('',(9.,-1.,23.3747727084867));
#5935=AXIS2_PLACEMENT_3D('',#5936,#5937,#5938);
#5936=CARTESIAN_POINT('',(8.,-1.,22.));
#5937=DIRECTION('',(0.,1.,6.12323399573677E-17));
#5938=DIRECTION('',(0.588235294117652,-4.95179705001009E-17,0.808689828521615));
#5939=CARTESIAN_POINT('',(8.99999999999998,-1.00000000000001,23.3747727084868));
#5940=VECTOR('',#5941,1.);
#5941=DIRECTION('',(0.,1.,3.55271367880048E-15));
#5942=CARTESIAN_POINT('',(8.,1.2,20.3));
#5943=AXIS2_PLACEMENT_3D('',#5944,#5945,#5946);
#5944=CARTESIAN_POINT('',(8.,1.2,22.));
#5945=DIRECTION('',(0.,1.,6.12323399573677E-17));
#5946=DIRECTION('',(6.12323399573677E-17,6.12323399573677E-17,-1.));
#5947=CARTESIAN_POINT('',(-9.,-1.49280213169374E-15,23.3747727084868));
#5948=CARTESIAN_POINT('',(-6.62522729151326,-1.30907338432745E-15,21.));
#5949=AXIS2_PLACEMENT_3D('',#5950,#5951,#5952);
#5950=CARTESIAN_POINT('',(-8.,-1.34711147906209E-15,22.));
#5951=DIRECTION('',(0.,1.,6.12323399573677E-17));
#5952=DIRECTION('',(-0.588235294117648,-4.95179705001011E-17,0.808689828521618));
#5953=CARTESIAN_POINT('',(-9.,-1.,23.3747727084868));
#5954=CARTESIAN_POINT('',(-9.,-1.00000000000001,23.3747727084868));
#5955=VECTOR('',#5956,1.);
#5956=DIRECTION('',(0.,1.,0.));
#5957=CARTESIAN_POINT('',(-8.,-1.00000000000001,20.3));
#5958=AXIS2_PLACEMENT_3D('',#5959,#5960,#5961);
#5959=CARTESIAN_POINT('',(-8.,-1.,22.));
#5960=DIRECTION('',(0.,1.,6.12323399573677E-17));
#5961=DIRECTION('',(0.,6.12323399573677E-17,-1.));
#5962=CARTESIAN_POINT('',(-6.62522729151326,-1.,21.));
#5963=AXIS2_PLACEMENT_3D('',#5964,#5965,#5966);
#5964=CARTESIAN_POINT('',(-8.,-1.,22.));
#5965=DIRECTION('',(0.,1.,6.12323399573677E-17));
#5966=DIRECTION('',(0.808689828521617,3.6019023504334E-17,-0.588235294117649));
#5967=CARTESIAN_POINT('',(-6.62522729151322,-1.00000000000001,21.));
#5968=VECTOR('',#5969,1.);
#5969=DIRECTION('',(0.,1.,0.));
#5970=CARTESIAN_POINT('',(-8.,1.2,20.3));
#5971=AXIS2_PLACEMENT_3D('',#5972,#5973,#5974);
#5972=CARTESIAN_POINT('',(-8.,1.2,22.));
#5973=DIRECTION('',(0.,1.,6.12323399573677E-17));
#5974=DIRECTION('',(6.12323399573677E-17,6.12323399573677E-17,-1.));
#5975=CARTESIAN_POINT('',(9.,-1.,6.62522729151325));
#5976=CARTESIAN_POINT('',(9.,-3.69372538598158E-16,6.62522729151325));
#5977=CARTESIAN_POINT('',(9.,-1.00000000000001,6.62522729151325));
#5978=VECTOR('',#5979,1.);
#5979=DIRECTION('',(0.,1.,0.));
#5980=CARTESIAN_POINT('',(6.62522729151325,-1.,9.));
#5981=AXIS2_PLACEMENT_3D('',#5982,#5983,#5984);
#5982=CARTESIAN_POINT('',(8.,-1.,8.));
#5983=DIRECTION('',(0.,1.,6.12323399573677E-17));
#5984=DIRECTION('',(-0.808689828521618,-3.60190235043339E-17,0.588235294117647));
#5985=CARTESIAN_POINT('',(6.62522729151322,-5.53101285964444E-16,9.));
#5986=CARTESIAN_POINT('',(6.62522729151322,-1.00000000000001,8.99999999999998));
#5987=VECTOR('',#5988,1.);
#5988=DIRECTION('',(0.,1.,0.));
#5989=CARTESIAN_POINT('',(8.,0.,6.3));
#5990=AXIS2_PLACEMENT_3D('',#5991,#5992,#5993);
#5991=CARTESIAN_POINT('',(8.,-4.89858719658941E-16,8.));
#5992=DIRECTION('',(0.,1.,6.12323399573677E-17));
#5993=DIRECTION('',(0.,6.12323399573677E-17,-1.));
#5994=AXIS2_PLACEMENT_3D('',#5995,#5996,#5997);
#5995=CARTESIAN_POINT('',(8.,-4.89858719658941E-16,8.));
#5996=DIRECTION('',(0.,1.,6.12323399573677E-17));
#5997=DIRECTION('',(0.588235294117648,4.95179705001011E-17,-0.808689828521618));
#5998=CARTESIAN_POINT('',(8.,1.2,6.3));
#5999=AXIS2_PLACEMENT_3D('',#6000,#6001,#6002);
#6000=CARTESIAN_POINT('',(8.,1.2,8.));
#6001=DIRECTION('',(0.,1.,6.12323399573677E-17));
#6002=DIRECTION('',(6.12323399573677E-17,6.12323399573677E-17,-1.));
#6003=CARTESIAN_POINT('',(6.62522729151325,5.53101285964444E-16,-9.));
#6004=CARTESIAN_POINT('',(9.,3.69372538598157E-16,-6.62522729151322));
#6005=AXIS2_PLACEMENT_3D('',#6006,#6007,#6008);
#6006=CARTESIAN_POINT('',(8.,4.89858719658941E-16,-8.));
#6007=DIRECTION('',(0.,1.,6.12323399573677E-17));
#6008=DIRECTION('',(-0.808689828521618,3.60190235043339E-17,-0.588235294117647));
#6009=CARTESIAN_POINT('',(6.62522729151325,-0.999999999999999,-9.));
#6010=CARTESIAN_POINT('',(6.62522729151325,-1.00000000000001,-9.));
#6011=VECTOR('',#6012,1.);
#6012=DIRECTION('',(0.,1.,0.));
#6013=CARTESIAN_POINT('',(8.,-1.00000000000001,-9.7));
#6014=AXIS2_PLACEMENT_3D('',#6015,#6016,#6017);
#6015=CARTESIAN_POINT('',(8.,-1.,-8.));
#6016=DIRECTION('',(0.,1.,6.12323399573677E-17));
#6017=DIRECTION('',(0.,6.12323399573677E-17,-1.));
#6018=CARTESIAN_POINT('',(9.,-1.,-6.62522729151326));
#6019=AXIS2_PLACEMENT_3D('',#6020,#6021,#6022);
#6020=CARTESIAN_POINT('',(8.,-1.,-8.));
#6021=DIRECTION('',(0.,1.,6.12323399573677E-17));
#6022=DIRECTION('',(0.588235294117651,-4.9517970500101E-17,0.808689828521616));
#6023=CARTESIAN_POINT('',(8.99999999999998,-1.00000000000001,-6.62522729151322));
#6024=VECTOR('',#6025,1.);
#6025=DIRECTION('',(0.,1.,0.));
#6026=CARTESIAN_POINT('',(8.,1.2,-9.7));
#6027=AXIS2_PLACEMENT_3D('',#6028,#6029,#6030);
#6028=CARTESIAN_POINT('',(8.,1.2,-8.));
#6029=DIRECTION('',(0.,1.,6.12323399573677E-17));
#6030=DIRECTION('',(6.12323399573677E-17,6.12323399573677E-17,-1.));
#6031=CARTESIAN_POINT('',(-9.,3.69372538598158E-16,-6.62522729151325));
#6032=CARTESIAN_POINT('',(-6.62522729151322,5.53101285964444E-16,-9.));
#6033=AXIS2_PLACEMENT_3D('',#6034,#6035,#6036);
#6034=CARTESIAN_POINT('',(-8.,4.89858719658941E-16,-8.));
#6035=DIRECTION('',(0.,1.,6.12323399573677E-17));
#6036=DIRECTION('',(-0.588235294117647,-4.95179705001011E-17,0.808689828521619));
#6037=CARTESIAN_POINT('',(-9.,-1.,-6.62522729151325));
#6038=CARTESIAN_POINT('',(-9.,-1.00000000000001,-6.62522729151325));
#6039=VECTOR('',#6040,1.);
#6040=DIRECTION('',(0.,1.,0.));
#6041=CARTESIAN_POINT('',(-8.,-1.00000000000001,-9.7));
#6042=AXIS2_PLACEMENT_3D('',#6043,#6044,#6045);
#6043=CARTESIAN_POINT('',(-8.,-1.,-8.));
#6044=DIRECTION('',(0.,1.,6.12323399573677E-17));
#6045=DIRECTION('',(0.,6.12323399573677E-17,-1.));
#6046=CARTESIAN_POINT('',(-6.62522729151326,-0.999999999999999,-9.));
#6047=AXIS2_PLACEMENT_3D('',#6048,#6049,#6050);
#6048=CARTESIAN_POINT('',(-8.,-1.,-8.));
#6049=DIRECTION('',(0.,1.,6.12323399573677E-17));
#6050=DIRECTION('',(0.808689828521617,3.6019023504334E-17,-0.588235294117649));
#6051=CARTESIAN_POINT('',(-6.62522729151322,-1.00000000000001,-8.99999999999998));
#6052=VECTOR('',#6053,1.);
#6053=DIRECTION('',(0.,1.,0.));
#6054=CARTESIAN_POINT('',(-8.,1.2,-9.7));
#6055=AXIS2_PLACEMENT_3D('',#6056,#6057,#6058);
#6056=CARTESIAN_POINT('',(-8.,1.2,-8.));
#6057=DIRECTION('',(0.,1.,6.12323399573677E-17));
#6058=DIRECTION('',(6.12323399573677E-17,6.12323399573677E-17,-1.));
#6059=CARTESIAN_POINT('',(-6.62522729151325,-1.,9.));
#6060=CARTESIAN_POINT('',(-6.62522729151325,-6.08612437195701E-16,9.));
#6061=CARTESIAN_POINT('',(-6.62522729151325,-1.00000000000001,9.));
#6062=VECTOR('',#6063,1.);
#6063=DIRECTION('',(0.,1.,0.));
#6064=CARTESIAN_POINT('',(-9.,-1.,6.62522729151326));
#6065=AXIS2_PLACEMENT_3D('',#6066,#6067,#6068);
#6066=CARTESIAN_POINT('',(-8.,-1.,8.));
#6067=DIRECTION('',(0.,1.,6.12323399573677E-17));
#6068=DIRECTION('',(-0.588235294117649,4.9517970500101E-17,-0.808689828521617));
#6069=CARTESIAN_POINT('',(-9.,-3.69372538598157E-16,6.62522729151322));
#6070=CARTESIAN_POINT('',(-8.99999999999998,-1.00000000000001,6.62522729151322));
#6071=VECTOR('',#6072,1.);
#6072=DIRECTION('',(0.,1.,-8.88178419700119E-16));
#6073=CARTESIAN_POINT('',(-8.,0.,6.3));
#6074=AXIS2_PLACEMENT_3D('',#6075,#6076,#6077);
#6075=CARTESIAN_POINT('',(-8.,-4.89858719658941E-16,8.));
#6076=DIRECTION('',(0.,1.,6.12323399573677E-17));
#6077=DIRECTION('',(0.,6.12323399573677E-17,-1.));
#6078=AXIS2_PLACEMENT_3D('',#6079,#6080,#6081);
#6079=CARTESIAN_POINT('',(-8.,-4.89858719658941E-16,8.));
#6080=DIRECTION('',(0.,1.,6.12323399573677E-17));
#6081=DIRECTION('',(0.808689828521618,-3.60190235043339E-17,0.588235294117647));
#6082=CARTESIAN_POINT('',(-8.,1.2,6.3));
#6083=AXIS2_PLACEMENT_3D('',#6084,#6085,#6086);
#6084=CARTESIAN_POINT('',(-8.,1.2,8.));
#6085=DIRECTION('',(0.,1.,6.12323399573677E-17));
#6086=DIRECTION('',(6.12323399573677E-17,6.12323399573677E-17,-1.));
#6087=CARTESIAN_POINT('',(9.,-0.999999999999999,-23.3747727084868));
#6088=CARTESIAN_POINT('',(9.,1.43729098046248E-15,-23.3747727084868));
#6089=CARTESIAN_POINT('',(9.,-1.00000000000001,-23.3747727084868));
#6090=VECTOR('',#6091,1.);
#6091=DIRECTION('',(0.,1.,0.));
#6092=CARTESIAN_POINT('',(6.62522729151326,-0.999999999999999,-21.));
#6093=AXIS2_PLACEMENT_3D('',#6094,#6095,#6096);
#6094=CARTESIAN_POINT('',(8.,-0.999999999999999,-22.));
#6095=DIRECTION('',(0.,1.,6.12323399573677E-17));
#6096=DIRECTION('',(-0.808689828521616,-3.60190235043342E-17,0.588235294117651));
#6097=CARTESIAN_POINT('',(6.62522729151322,1.30907338432745E-15,-21.));
#6098=CARTESIAN_POINT('',(6.62522729151322,-1.00000000000001,-21.));
#6099=VECTOR('',#6100,1.);
#6100=DIRECTION('',(0.,1.,0.));
#6101=CARTESIAN_POINT('',(8.,0.,-23.7));
#6102=AXIS2_PLACEMENT_3D('',#6103,#6104,#6105);
#6103=CARTESIAN_POINT('',(8.,1.34711147906209E-15,-22.));
#6104=DIRECTION('',(0.,1.,6.12323399573677E-17));
#6105=DIRECTION('',(0.,6.12323399573677E-17,-1.));
#6106=AXIS2_PLACEMENT_3D('',#6107,#6108,#6109);
#6107=CARTESIAN_POINT('',(8.,1.34711147906209E-15,-22.));
#6108=DIRECTION('',(0.,1.,6.12323399573677E-17));
#6109=DIRECTION('',(0.588235294117649,4.9517970500101E-17,-0.808689828521617));
#6110=CARTESIAN_POINT('',(8.,1.2,-23.7));
#6111=AXIS2_PLACEMENT_3D('',#6112,#6113,#6114);
#6112=CARTESIAN_POINT('',(8.,1.2,-22.));
#6113=DIRECTION('',(0.,1.,6.12323399573677E-17));
#6114=DIRECTION('',(6.12323399573677E-17,6.12323399573677E-17,-1.));
#6115=CARTESIAN_POINT('',(-6.62522729151325,-0.999999999999999,-21.));
#6116=CARTESIAN_POINT('',(-6.62522729151325,1.30907338432745E-15,-21.));
#6117=CARTESIAN_POINT('',(-6.62522729151325,-1.00000000000001,-21.));
#6118=VECTOR('',#6119,1.);
#6119=DIRECTION('',(0.,1.,0.));
#6120=CARTESIAN_POINT('',(-9.,-0.999999999999999,-23.3747727084868));
#6121=AXIS2_PLACEMENT_3D('',#6122,#6123,#6124);
#6122=CARTESIAN_POINT('',(-8.,-0.999999999999999,-22.));
#6123=DIRECTION('',(0.,1.,6.12323399573677E-17));
#6124=DIRECTION('',(-0.588235294117647,4.95179705001011E-17,-0.808689828521619));
#6125=CARTESIAN_POINT('',(-9.,1.43729098046248E-15,-23.3747727084868));
#6126=CARTESIAN_POINT('',(-8.99999999999998,-1.00000000000001,-23.3747727084868));
#6127=VECTOR('',#6128,1.);
#6128=DIRECTION('',(0.,1.,0.));
#6129=CARTESIAN_POINT('',(-8.,0.,-23.7));
#6130=AXIS2_PLACEMENT_3D('',#6131,#6132,#6133);
#6131=CARTESIAN_POINT('',(-8.,1.34711147906209E-15,-22.));
#6132=DIRECTION('',(0.,1.,6.12323399573677E-17));
#6133=DIRECTION('',(0.,6.12323399573677E-17,-1.));
#6134=AXIS2_PLACEMENT_3D('',#6135,#6136,#6137);
#6135=CARTESIAN_POINT('',(-8.,1.34711147906209E-15,-22.));
#6136=DIRECTION('',(0.,1.,6.12323399573677E-17));
#6137=DIRECTION('',(0.808689828521617,-3.60190235043341E-17,0.588235294117649));
#6138=CARTESIAN_POINT('',(-8.,1.2,-23.7));
#6139=AXIS2_PLACEMENT_3D('',#6140,#6141,#6142);
#6140=CARTESIAN_POINT('',(-8.,1.2,-22.));
#6141=DIRECTION('',(0.,1.,6.12323399573677E-17));
#6142=DIRECTION('',(6.12323399573677E-17,6.12323399573677E-17,-1.));
#6143=CARTESIAN_POINT('',(-9.,2.28705836012131E-15,-36.6252272915133));
#6144=CARTESIAN_POINT('',(-6.62522729151322,2.41527595625634E-15,-39.));
#6145=AXIS2_PLACEMENT_3D('',#6146,#6147,#6148);
#6146=CARTESIAN_POINT('',(-8.,2.32682891837997E-15,-38.));
#6147=DIRECTION('',(0.,1.,6.12323399573677E-17));
#6148=DIRECTION('',(-0.588235294117648,-4.95179705001011E-17,0.808689828521618));
#6149=CARTESIAN_POINT('',(-9.,-0.999999999999998,-36.6252272915132));
#6150=CARTESIAN_POINT('',(-9.,-1.00000000000001,-36.6252272915132));
#6151=VECTOR('',#6152,1.);
#6152=DIRECTION('',(0.,1.,0.));
#6153=CARTESIAN_POINT('',(-8.,-1.00000000000001,-39.7));
#6154=AXIS2_PLACEMENT_3D('',#6155,#6156,#6157);
#6155=CARTESIAN_POINT('',(-8.,-0.999999999999998,-38.));
#6156=DIRECTION('',(0.,1.,6.12323399573677E-17));
#6157=DIRECTION('',(0.,6.12323399573677E-17,-1.));
#6158=CARTESIAN_POINT('',(-6.62522729151326,-0.999999999999998,-39.));
#6159=AXIS2_PLACEMENT_3D('',#6160,#6161,#6162);
#6160=CARTESIAN_POINT('',(-8.,-0.999999999999998,-38.));
#6161=DIRECTION('',(0.,1.,6.12323399573677E-17));
#6162=DIRECTION('',(0.808689828521616,3.60190235043341E-17,-0.588235294117651));
#6163=CARTESIAN_POINT('',(-6.62522729151322,-1.00000000000001,-39.));
#6164=VECTOR('',#6165,1.);
#6165=DIRECTION('',(-1.77635683940023E-15,1.,0.));
#6166=CARTESIAN_POINT('',(-8.,1.20000000000001,-39.7));
#6167=AXIS2_PLACEMENT_3D('',#6168,#6169,#6170);
#6168=CARTESIAN_POINT('',(-8.,1.2,-38.));
#6169=DIRECTION('',(0.,1.,6.12323399573677E-17));
#6170=DIRECTION('',(6.12323399573677E-17,6.12323399573677E-17,-1.));
#6171=CARTESIAN_POINT('',(6.62522729151325,2.41527595625634E-15,-39.));
#6172=CARTESIAN_POINT('',(9.,2.28705836012131E-15,-36.6252272915133));
#6173=AXIS2_PLACEMENT_3D('',#6174,#6175,#6176);
#6174=CARTESIAN_POINT('',(8.,2.32682891837997E-15,-38.));
#6175=DIRECTION('',(0.,1.,6.12323399573677E-17));
#6176=DIRECTION('',(-0.808689828521622,3.60190235043337E-17,-0.588235294117643));
#6177=CARTESIAN_POINT('',(6.62522729151325,-0.999999999999998,-39.));
#6178=CARTESIAN_POINT('',(6.62522729151325,-1.00000000000001,-39.));
#6179=VECTOR('',#6180,1.);
#6180=DIRECTION('',(0.,1.,0.));
#6181=CARTESIAN_POINT('',(8.,-1.00000000000001,-39.7));
#6182=AXIS2_PLACEMENT_3D('',#6183,#6184,#6185);
#6183=CARTESIAN_POINT('',(8.,-0.999999999999998,-38.));
#6184=DIRECTION('',(0.,1.,6.12323399573677E-17));
#6185=DIRECTION('',(0.,6.12323399573677E-17,-1.));
#6186=CARTESIAN_POINT('',(9.,-0.999999999999998,-36.6252272915133));
#6187=AXIS2_PLACEMENT_3D('',#6188,#6189,#6190);
#6188=CARTESIAN_POINT('',(8.,-0.999999999999998,-38.));
#6189=DIRECTION('',(0.,1.,6.12323399573677E-17));
#6190=DIRECTION('',(0.588235294117651,-4.95179705001009E-17,0.808689828521616));
#6191=CARTESIAN_POINT('',(9.00000000000001,-1.00000000000001,-36.6252272915133));
#6192=VECTOR('',#6193,1.);
#6193=DIRECTION('',(0.,1.,0.));
#6194=CARTESIAN_POINT('',(8.,1.20000000000001,-39.7));
#6195=AXIS2_PLACEMENT_3D('',#6196,#6197,#6198);
#6196=CARTESIAN_POINT('',(8.,1.2,-38.));
#6197=DIRECTION('',(0.,1.,6.12323399573677E-17));
#6198=DIRECTION('',(6.12323399573677E-17,6.12323399573677E-17,-1.));
#6199=CARTESIAN_POINT('',(-24.,4.,44.));
#6200=CARTESIAN_POINT('',(-30.,4.,38.));
#6201=AXIS2_PLACEMENT_3D('',#6202,#6203,#6204);
#6202=CARTESIAN_POINT('',(-24.,4.,38.));
#6203=DIRECTION('',(0.,1.,6.12323399573677E-17));
#6204=DIRECTION('',(-1.,0.,0.));
#6205=CARTESIAN_POINT('',(8.,4.,44.));
#6206=CARTESIAN_POINT('',(-24.,4.,44.));
#6207=VECTOR('',#6208,1.);
#6208=DIRECTION('',(1.,0.,0.));
#6209=CARTESIAN_POINT('',(14.,4.,38.));
#6210=AXIS2_PLACEMENT_3D('',#6211,#6212,#6213);
#6211=CARTESIAN_POINT('',(8.,4.,38.));
#6212=DIRECTION('',(0.,1.,6.12323399573677E-17));
#6213=DIRECTION('',(-1.48029736616688E-16,-6.12323399573676E-17,1.));
#6214=CARTESIAN_POINT('',(14.,4.,-38.));
#6215=CARTESIAN_POINT('',(14.,4.,38.));
#6216=VECTOR('',#6217,1.);
#6217=DIRECTION('',(9.34924652315921E-17,6.42760698467196E-17,-1.));
#6218=CARTESIAN_POINT('',(8.,4.,-44.));
#6219=AXIS2_PLACEMENT_3D('',#6220,#6221,#6222);
#6220=CARTESIAN_POINT('',(8.,4.,-38.));
#6221=DIRECTION('',(0.,1.,6.12323399573677E-17));
#6222=DIRECTION('',(1.,0.,0.));
#6223=CARTESIAN_POINT('',(-24.,4.,-44.));
#6224=CARTESIAN_POINT('',(8.,4.,-44.));
#6225=VECTOR('',#6226,1.);
#6226=DIRECTION('',(-1.,0.,0.));
#6227=CARTESIAN_POINT('',(-30.,4.,-38.));
#6228=AXIS2_PLACEMENT_3D('',#6229,#6230,#6231);
#6229=CARTESIAN_POINT('',(-24.,4.,-38.));
#6230=DIRECTION('',(0.,1.,6.12323399573677E-17));
#6231=DIRECTION('',(0.,6.12323399573676E-17,-1.));
#6232=CARTESIAN_POINT('',(-30.,4.,-38.));
#6233=VECTOR('',#6234,1.);
#6234=DIRECTION('',(-9.34924652315921E-17,-6.42760698467196E-17,1.));
#6235=CARTESIAN_POINT('',(5.15,4.,36.3545517328096));
#6236=CARTESIAN_POINT('',(8.00000000000003,4.,34.7091034656191));
#6237=CARTESIAN_POINT('',(8.00000000000003,4.,34.7091034656191));
#6238=VECTOR('',#6239,1.);
#6239=DIRECTION('',(-0.866025403784438,-1.34944749921652E-16,0.500000000000001));
#6240=CARTESIAN_POINT('',(10.85,4.,36.3545517328096));
#6241=CARTESIAN_POINT('',(10.85,4.,36.3545517328096));
#6242=VECTOR('',#6243,1.);
#6243=DIRECTION('',(-0.866025403784432,0.,-0.500000000000012));
#6244=CARTESIAN_POINT('',(10.8500000000001,4.,39.6454482671904));
#6245=CARTESIAN_POINT('',(10.8500000000001,4.,39.6454482671904));
#6246=VECTOR('',#6247,1.);
#6247=DIRECTION('',(-1.72729279899717E-14,1.34944749921654E-16,-1.));
#6248=CARTESIAN_POINT('',(7.99999999999999,4.,41.2908965343809));
#6249=CARTESIAN_POINT('',(7.99999999999999,4.,41.2908965343809));
#6250=VECTOR('',#6251,1.);
#6251=DIRECTION('',(0.866025403784445,0.,-0.499999999999988));
#6252=CARTESIAN_POINT('',(5.15,4.,39.6454482671904));
#6253=CARTESIAN_POINT('',(5.15,4.,39.6454482671904));
#6254=VECTOR('',#6255,1.);
#6255=DIRECTION('',(0.866025403784439,-1.34944749921654E-16,0.5));
#6256=CARTESIAN_POINT('',(5.15,4.,36.3545517328096));
#6257=VECTOR('',#6258,1.);
#6258=DIRECTION('',(-5.39778999686616E-16,-1.34944749921654E-16,1.));
#6259=CARTESIAN_POINT('',(5.15,4.,20.3545517328096));
#6260=CARTESIAN_POINT('',(8.00000000000003,4.,18.7091034656191));
#6261=CARTESIAN_POINT('',(8.00000000000003,4.,18.7091034656191));
#6262=VECTOR('',#6263,1.);
#6263=DIRECTION('',(-0.866025403784438,0.,0.500000000000001));
#6264=CARTESIAN_POINT('',(10.85,4.,20.3545517328096));
#6265=CARTESIAN_POINT('',(10.85,4.,20.3545517328096));
#6266=VECTOR('',#6267,1.);
#6267=DIRECTION('',(-0.866025403784432,1.34944749921654E-16,-0.500000000000012));
#6268=CARTESIAN_POINT('',(10.8500000000001,4.,23.6454482671904));
#6269=CARTESIAN_POINT('',(10.8500000000001,4.,23.6454482671904));
#6270=VECTOR('',#6271,1.);
#6271=DIRECTION('',(-1.72729279899717E-14,1.34944749921654E-16,-1.));
#6272=CARTESIAN_POINT('',(8.,4.,25.2908965343809));
#6273=CARTESIAN_POINT('',(8.,4.,25.2908965343809));
#6274=VECTOR('',#6275,1.);
#6275=DIRECTION('',(0.866025403784445,0.,-0.499999999999988));
#6276=CARTESIAN_POINT('',(5.15,4.,23.6454482671904));
#6277=CARTESIAN_POINT('',(5.15,4.,23.6454482671904));
#6278=VECTOR('',#6279,1.);
#6279=DIRECTION('',(0.866025403784439,0.,0.5));
#6280=CARTESIAN_POINT('',(5.15,4.,20.3545517328096));
#6281=VECTOR('',#6282,1.);
#6282=DIRECTION('',(-5.39778999686616E-16,-1.34944749921654E-16,1.));
#6283=CARTESIAN_POINT('',(-10.85,4.,20.3545517328096));
#6284=CARTESIAN_POINT('',(-7.99999999999997,4.,18.7091034656191));
#6285=CARTESIAN_POINT('',(-7.99999999999997,4.,18.7091034656191));
#6286=VECTOR('',#6287,1.);
#6287=DIRECTION('',(-0.866025403784438,0.,0.500000000000001));
#6288=CARTESIAN_POINT('',(-5.15,4.,20.3545517328096));
#6289=CARTESIAN_POINT('',(-5.15,4.,20.3545517328096));
#6290=VECTOR('',#6291,1.);
#6291=DIRECTION('',(-0.866025403784432,0.,-0.500000000000012));
#6292=CARTESIAN_POINT('',(-5.14999999999994,4.,23.6454482671904));
#6293=CARTESIAN_POINT('',(-5.14999999999994,4.,23.6454482671904));
#6294=VECTOR('',#6295,1.);
#6295=DIRECTION('',(-1.70030384901284E-14,1.34944749921654E-16,-1.));
#6296=CARTESIAN_POINT('',(-8.,4.,25.2908965343809));
#6297=CARTESIAN_POINT('',(-8.,4.,25.2908965343809));
#6298=VECTOR('',#6299,1.);
#6299=DIRECTION('',(0.866025403784445,0.,-0.499999999999988));
#6300=CARTESIAN_POINT('',(-10.85,4.,23.6454482671904));
#6301=CARTESIAN_POINT('',(-10.85,4.,23.6454482671904));
#6302=VECTOR('',#6303,1.);
#6303=DIRECTION('',(0.866025403784439,0.,0.5));
#6304=CARTESIAN_POINT('',(-10.85,4.,20.3545517328096));
#6305=VECTOR('',#6306,1.);
#6306=DIRECTION('',(0.,-1.34944749921654E-16,1.));
#6307=CARTESIAN_POINT('',(5.15,4.,6.35455173280958));
#6308=CARTESIAN_POINT('',(8.00000000000003,4.,4.70910346561912));
#6309=CARTESIAN_POINT('',(8.00000000000003,4.,4.70910346561912));
#6310=VECTOR('',#6311,1.);
#6311=DIRECTION('',(-0.866025403784438,0.,0.500000000000001));
#6312=CARTESIAN_POINT('',(10.85,4.,6.35455173280959));
#6313=CARTESIAN_POINT('',(10.85,4.,6.35455173280959));
#6314=VECTOR('',#6315,1.);
#6315=DIRECTION('',(-0.866025403784432,0.,-0.500000000000012));
#6316=CARTESIAN_POINT('',(10.8500000000001,4.,9.64544826719045));
#6317=CARTESIAN_POINT('',(10.8500000000001,4.,9.64544826719045));
#6318=VECTOR('',#6319,1.);
#6319=DIRECTION('',(-1.72729279899717E-14,1.34944749921654E-16,-1.));
#6320=CARTESIAN_POINT('',(8.,4.,11.2908965343809));
#6321=CARTESIAN_POINT('',(8.,4.,11.2908965343809));
#6322=VECTOR('',#6323,1.);
#6323=DIRECTION('',(0.866025403784445,0.,-0.499999999999988));
#6324=CARTESIAN_POINT('',(5.15,4.,9.64544826719043));
#6325=CARTESIAN_POINT('',(5.15,4.,9.64544826719043));
#6326=VECTOR('',#6327,1.);
#6327=DIRECTION('',(0.866025403784439,-1.34944749921654E-16,0.5));
#6328=CARTESIAN_POINT('',(5.15,4.,6.35455173280957));
#6329=VECTOR('',#6330,1.);
#6330=DIRECTION('',(-5.39778999686616E-16,-1.34944749921654E-16,1.));
#6331=CARTESIAN_POINT('',(5.15,4.,-9.64544826719042));
#6332=CARTESIAN_POINT('',(8.00000000000003,4.,-11.2908965343809));
#6333=CARTESIAN_POINT('',(8.00000000000003,4.,-11.2908965343809));
#6334=VECTOR('',#6335,1.);
#6335=DIRECTION('',(-0.866025403784438,0.,0.500000000000001));
#6336=CARTESIAN_POINT('',(10.85,4.,-9.64544826719041));
#6337=CARTESIAN_POINT('',(10.85,4.,-9.64544826719041));
#6338=VECTOR('',#6339,1.);
#6339=DIRECTION('',(-0.866025403784432,0.,-0.500000000000012));
#6340=CARTESIAN_POINT('',(10.8500000000001,4.,-6.35455173280955));
#6341=CARTESIAN_POINT('',(10.8500000000001,4.,-6.35455173280955));
#6342=VECTOR('',#6343,1.);
#6343=DIRECTION('',(-1.72729279899717E-14,2.69889499843308E-16,-1.));
#6344=CARTESIAN_POINT('',(8.,4.,-4.70910346561914));
#6345=CARTESIAN_POINT('',(8.,4.,-4.70910346561914));
#6346=VECTOR('',#6347,1.);
#6347=DIRECTION('',(0.866025403784445,0.,-0.499999999999988));
#6348=CARTESIAN_POINT('',(5.15,4.,-6.35455173280957));
#6349=CARTESIAN_POINT('',(5.15,4.,-6.35455173280957));
#6350=VECTOR('',#6351,1.);
#6351=DIRECTION('',(0.866025403784439,0.,0.5));
#6352=CARTESIAN_POINT('',(5.15,4.,-9.64544826719042));
#6353=VECTOR('',#6354,1.);
#6354=DIRECTION('',(-5.39778999686616E-16,-2.69889499843308E-16,1.));
#6355=CARTESIAN_POINT('',(-10.85,4.,-9.64544826719042));
#6356=CARTESIAN_POINT('',(-7.99999999999997,4.,-11.2908965343809));
#6357=CARTESIAN_POINT('',(-7.99999999999997,4.,-11.2908965343809));
#6358=VECTOR('',#6359,1.);
#6359=DIRECTION('',(-0.866025403784438,0.,0.500000000000001));
#6360=CARTESIAN_POINT('',(-5.15,4.,-9.64544826719041));
#6361=CARTESIAN_POINT('',(-5.15,4.,-9.64544826719041));
#6362=VECTOR('',#6363,1.);
#6363=DIRECTION('',(-0.866025403784432,0.,-0.500000000000012));
#6364=CARTESIAN_POINT('',(-5.14999999999994,4.,-6.35455173280955));
#6365=CARTESIAN_POINT('',(-5.14999999999994,4.,-6.35455173280955));
#6366=VECTOR('',#6367,1.);
#6367=DIRECTION('',(-1.72729279899717E-14,2.69889499843308E-16,-1.));
#6368=CARTESIAN_POINT('',(-8.,4.,-4.70910346561914));
#6369=CARTESIAN_POINT('',(-8.,4.,-4.70910346561914));
#6370=VECTOR('',#6371,1.);
#6371=DIRECTION('',(0.866025403784445,0.,-0.499999999999988));
#6372=CARTESIAN_POINT('',(-10.85,4.,-6.35455173280957));
#6373=CARTESIAN_POINT('',(-10.85,4.,-6.35455173280957));
#6374=VECTOR('',#6375,1.);
#6375=DIRECTION('',(0.866025403784439,0.,0.5));
#6376=CARTESIAN_POINT('',(-10.85,4.,-9.64544826719042));
#6377=VECTOR('',#6378,1.);
#6378=DIRECTION('',(-1.07955799937323E-15,-2.69889499843308E-16,1.));
#6379=CARTESIAN_POINT('',(-10.85,4.,6.35455173280958));
#6380=CARTESIAN_POINT('',(-7.99999999999997,4.,4.70910346561912));
#6381=CARTESIAN_POINT('',(-7.99999999999997,4.,4.70910346561912));
#6382=VECTOR('',#6383,1.);
#6383=DIRECTION('',(-0.866025403784438,-1.34944749921652E-16,0.500000000000001));
#6384=CARTESIAN_POINT('',(-5.15,4.,6.35455173280959));
#6385=CARTESIAN_POINT('',(-5.15,4.,6.35455173280959));
#6386=VECTOR('',#6387,1.);
#6387=DIRECTION('',(-0.866025403784432,0.,-0.500000000000012));
#6388=CARTESIAN_POINT('',(-5.14999999999994,4.,9.64544826719045));
#6389=CARTESIAN_POINT('',(-5.14999999999994,4.,9.64544826719045));
#6390=VECTOR('',#6391,1.);
#6391=DIRECTION('',(-1.70030384901284E-14,1.34944749921654E-16,-1.));
#6392=CARTESIAN_POINT('',(-8.,4.,11.2908965343809));
#6393=CARTESIAN_POINT('',(-8.,4.,11.2908965343809));
#6394=VECTOR('',#6395,1.);
#6395=DIRECTION('',(0.866025403784445,0.,-0.499999999999988));
#6396=CARTESIAN_POINT('',(-10.85,4.,9.64544826719043));
#6397=CARTESIAN_POINT('',(-10.85,4.,9.64544826719043));
#6398=VECTOR('',#6399,1.);
#6399=DIRECTION('',(0.866025403784439,0.,0.5));
#6400=CARTESIAN_POINT('',(-10.85,4.,6.35455173280957));
#6401=VECTOR('',#6402,1.);
#6402=DIRECTION('',(-5.39778999686616E-16,-1.34944749921654E-16,1.));
#6403=CARTESIAN_POINT('',(5.15000000000001,4.,-23.6454482671904));
#6404=CARTESIAN_POINT('',(8.00000000000004,4.,-25.2908965343809));
#6405=CARTESIAN_POINT('',(8.00000000000004,4.,-25.2908965343809));
#6406=VECTOR('',#6407,1.);
#6407=DIRECTION('',(-0.866025403784438,0.,0.500000000000001));
#6408=CARTESIAN_POINT('',(10.85,4.,-23.6454482671904));
#6409=CARTESIAN_POINT('',(10.85,4.,-23.6454482671904));
#6410=VECTOR('',#6411,1.);
#6411=DIRECTION('',(-0.866025403784432,0.,-0.500000000000012));
#6412=CARTESIAN_POINT('',(10.8500000000001,4.,-20.3545517328096));
#6413=CARTESIAN_POINT('',(10.8500000000001,4.,-20.3545517328096));
#6414=VECTOR('',#6415,1.);
#6415=DIRECTION('',(-1.72729279899717E-14,2.69889499843308E-16,-1.));
#6416=CARTESIAN_POINT('',(8.,4.,-18.7091034656191));
#6417=CARTESIAN_POINT('',(8.,4.,-18.7091034656191));
#6418=VECTOR('',#6419,1.);
#6419=DIRECTION('',(0.866025403784445,0.,-0.499999999999988));
#6420=CARTESIAN_POINT('',(5.15000000000001,4.,-20.3545517328096));
#6421=CARTESIAN_POINT('',(5.15000000000001,4.,-20.3545517328096));
#6422=VECTOR('',#6423,1.);
#6423=DIRECTION('',(0.866025403784439,0.,0.5));
#6424=CARTESIAN_POINT('',(5.15000000000001,4.,-23.6454482671904));
#6425=VECTOR('',#6426,1.);
#6426=DIRECTION('',(-5.39778999686616E-16,-2.69889499843308E-16,1.));
#6427=CARTESIAN_POINT('',(-10.85,4.,-23.6454482671904));
#6428=CARTESIAN_POINT('',(-7.99999999999996,4.,-25.2908965343809));
#6429=CARTESIAN_POINT('',(-7.99999999999996,4.,-25.2908965343809));
#6430=VECTOR('',#6431,1.);
#6431=DIRECTION('',(-0.866025403784438,0.,0.500000000000001));
#6432=CARTESIAN_POINT('',(-5.15,4.,-23.6454482671904));
#6433=CARTESIAN_POINT('',(-5.15,4.,-23.6454482671904));
#6434=VECTOR('',#6435,1.);
#6435=DIRECTION('',(-0.866025403784432,0.,-0.500000000000012));
#6436=CARTESIAN_POINT('',(-5.14999999999994,4.,-20.3545517328096));
#6437=CARTESIAN_POINT('',(-5.14999999999994,4.,-20.3545517328096));
#6438=VECTOR('',#6439,1.);
#6439=DIRECTION('',(-1.70030384901284E-14,2.69889499843308E-16,-1.));
#6440=CARTESIAN_POINT('',(-8.,4.,-18.7091034656191));
#6441=CARTESIAN_POINT('',(-8.,4.,-18.7091034656191));
#6442=VECTOR('',#6443,1.);
#6443=DIRECTION('',(0.866025403784445,0.,-0.499999999999988));
#6444=CARTESIAN_POINT('',(-10.85,4.,-20.3545517328096));
#6445=CARTESIAN_POINT('',(-10.85,4.,-20.3545517328096));
#6446=VECTOR('',#6447,1.);
#6447=DIRECTION('',(0.866025403784439,0.,0.5));
#6448=CARTESIAN_POINT('',(-10.85,4.,-23.6454482671904));
#6449=VECTOR('',#6450,1.);
#6450=DIRECTION('',(-1.07955799937323E-15,-2.69889499843308E-16,1.));
#6451=CARTESIAN_POINT('',(-10.85,4.,-39.6454482671904));
#6452=CARTESIAN_POINT('',(-7.99999999999996,4.,-41.2908965343809));
#6453=CARTESIAN_POINT('',(-7.99999999999996,4.,-41.2908965343809));
#6454=VECTOR('',#6455,1.);
#6455=DIRECTION('',(-0.866025403784438,0.,0.500000000000001));
#6456=CARTESIAN_POINT('',(-5.15,4.,-39.6454482671904));
#6457=CARTESIAN_POINT('',(-5.15,4.,-39.6454482671904));
#6458=VECTOR('',#6459,1.);
#6459=DIRECTION('',(-0.866025403784432,0.,-0.500000000000012));
#6460=CARTESIAN_POINT('',(-5.14999999999994,4.,-36.3545517328096));
#6461=CARTESIAN_POINT('',(-5.14999999999994,4.,-36.3545517328096));
#6462=VECTOR('',#6463,1.);
#6463=DIRECTION('',(-1.72729279899717E-14,0.,-1.));
#6464=CARTESIAN_POINT('',(-8.,4.,-34.7091034656191));
#6465=CARTESIAN_POINT('',(-8.,4.,-34.7091034656191));
#6466=VECTOR('',#6467,1.);
#6467=DIRECTION('',(0.866025403784445,0.,-0.499999999999988));
#6468=CARTESIAN_POINT('',(-10.85,4.,-36.3545517328096));
#6469=CARTESIAN_POINT('',(-10.85,4.,-36.3545517328096));
#6470=VECTOR('',#6471,1.);
#6471=DIRECTION('',(0.866025403784439,0.,0.5));
#6472=CARTESIAN_POINT('',(-10.85,4.,-39.6454482671904));
#6473=VECTOR('',#6474,1.);
#6474=DIRECTION('',(-1.07955799937323E-15,0.,1.));
#6475=CARTESIAN_POINT('',(5.15000000000001,4.,-39.6454482671904));
#6476=CARTESIAN_POINT('',(8.00000000000004,4.,-41.2908965343809));
#6477=CARTESIAN_POINT('',(8.00000000000004,4.,-41.2908965343809));
#6478=VECTOR('',#6479,1.);
#6479=DIRECTION('',(-0.866025403784438,0.,0.500000000000001));
#6480=CARTESIAN_POINT('',(10.85,4.,-39.6454482671904));
#6481=CARTESIAN_POINT('',(10.85,4.,-39.6454482671904));
#6482=VECTOR('',#6483,1.);
#6483=DIRECTION('',(-0.866025403784432,0.,-0.500000000000012));
#6484=CARTESIAN_POINT('',(10.8500000000001,4.,-36.3545517328096));
#6485=CARTESIAN_POINT('',(10.8500000000001,4.,-36.3545517328096));
#6486=VECTOR('',#6487,1.);
#6487=DIRECTION('',(-1.72729279899717E-14,0.,-1.));
#6488=CARTESIAN_POINT('',(8.,4.,-34.7091034656191));
#6489=CARTESIAN_POINT('',(8.,4.,-34.7091034656191));
#6490=VECTOR('',#6491,1.);
#6491=DIRECTION('',(0.866025403784445,0.,-0.499999999999988));
#6492=CARTESIAN_POINT('',(5.15000000000001,4.,-36.3545517328096));
#6493=CARTESIAN_POINT('',(5.15000000000001,4.,-36.3545517328096));
#6494=VECTOR('',#6495,1.);
#6495=DIRECTION('',(0.866025403784439,0.,0.5));
#6496=CARTESIAN_POINT('',(5.15000000000001,4.,-39.6454482671904));
#6497=VECTOR('',#6498,1.);
#6498=DIRECTION('',(-5.39778999686616E-16,0.,1.));
#6499=CARTESIAN_POINT('',(-10.85,4.,36.3545517328096));
#6500=CARTESIAN_POINT('',(-7.99999999999997,4.,34.7091034656191));
#6501=CARTESIAN_POINT('',(-7.99999999999997,4.,34.7091034656191));
#6502=VECTOR('',#6503,1.);
#6503=DIRECTION('',(-0.866025403784438,0.,0.5));
#6504=CARTESIAN_POINT('',(-5.15,4.,36.3545517328096));
#6505=CARTESIAN_POINT('',(-5.15,4.,36.3545517328096));
#6506=VECTOR('',#6507,1.);
#6507=DIRECTION('',(-0.866025403784432,0.,-0.500000000000012));
#6508=CARTESIAN_POINT('',(-5.14999999999994,4.,39.6454482671904));
#6509=CARTESIAN_POINT('',(-5.14999999999994,4.,39.6454482671904));
#6510=VECTOR('',#6511,1.);
#6511=DIRECTION('',(-1.72729279899717E-14,1.34944749921654E-16,-1.));
#6512=CARTESIAN_POINT('',(-8.,4.,41.2908965343809));
#6513=CARTESIAN_POINT('',(-8.,4.,41.2908965343809));
#6514=VECTOR('',#6515,1.);
#6515=DIRECTION('',(0.866025403784445,0.,-0.499999999999988));
#6516=CARTESIAN_POINT('',(-10.85,4.,39.6454482671904));
#6517=CARTESIAN_POINT('',(-10.85,4.,39.6454482671904));
#6518=VECTOR('',#6519,1.);
#6519=DIRECTION('',(0.866025403784439,-1.34944749921654E-16,0.5));
#6520=CARTESIAN_POINT('',(-10.85,4.,36.3545517328096));
#6521=VECTOR('',#6522,1.);
#6522=DIRECTION('',(-5.39778999686616E-16,-1.34944749921654E-16,1.));
#6523=CARTESIAN_POINT('',(-20.,4.,23.8));
#6524=AXIS2_PLACEMENT_3D('',#6525,#6526,#6527);
#6525=CARTESIAN_POINT('',(-20.,4.,30.));
#6526=DIRECTION('',(0.,1.,6.12323399573677E-17));
#6527=DIRECTION('',(6.12323399573677E-17,6.12323399573677E-17,-1.));
#6528=CARTESIAN_POINT('',(-20.,4.,8.8));
#6529=AXIS2_PLACEMENT_3D('',#6530,#6531,#6532);
#6530=CARTESIAN_POINT('',(-20.,4.,15.));
#6531=DIRECTION('',(0.,1.,6.12323399573677E-17));
#6532=DIRECTION('',(6.12323399573677E-17,6.12323399573677E-17,-1.));
#6533=CARTESIAN_POINT('',(-20.,4.,-6.2));
#6534=AXIS2_PLACEMENT_3D('',#6535,#6536,#6537);
#6535=CARTESIAN_POINT('',(-20.,4.,-9.79717439317883E-16));
#6536=DIRECTION('',(0.,1.,6.12323399573677E-17));
#6537=DIRECTION('',(6.12323399573677E-17,6.12323399573677E-17,-1.));
#6538=CARTESIAN_POINT('',(-20.,4.,-21.2));
#6539=AXIS2_PLACEMENT_3D('',#6540,#6541,#6542);
#6540=CARTESIAN_POINT('',(-20.,4.,-15.));
#6541=DIRECTION('',(0.,1.,6.12323399573677E-17));
#6542=DIRECTION('',(6.12323399573677E-17,6.12323399573677E-17,-1.));
#6543=CARTESIAN_POINT('',(-20.,4.,-36.2));
#6544=AXIS2_PLACEMENT_3D('',#6545,#6546,#6547);
#6545=CARTESIAN_POINT('',(-20.,4.,-30.));
#6546=DIRECTION('',(0.,1.,6.12323399573677E-17));
#6547=DIRECTION('',(6.12323399573677E-17,6.12323399573676E-17,-1.));
#6548=CARTESIAN_POINT('',(-9.18485099360515E-16,4.,25.));
#6549=AXIS2_PLACEMENT_3D('',#6550,#6551,#6552);
#6550=CARTESIAN_POINT('',(-1.83697019872103E-15,4.,30.));
#6551=DIRECTION('',(0.,1.,6.12323399573677E-17));
#6552=DIRECTION('',(6.12323399573677E-17,6.12323399573677E-17,-1.));
#6553=CARTESIAN_POINT('',(2.75545529808154E-15,4.,-35.));
#6554=AXIS2_PLACEMENT_3D('',#6555,#6556,#6557);
#6555=CARTESIAN_POINT('',(1.83697019872103E-15,4.,-30.));
#6556=DIRECTION('',(0.,1.,6.12323399573677E-17));
#6557=DIRECTION('',(6.12323399573677E-17,6.12323399573677E-17,-1.));
#6558=CARTESIAN_POINT('',(9.18485099360515E-16,4.,-5.));
#6559=AXIS2_PLACEMENT_3D('',#6560,#6561,#6562);
#6560=CARTESIAN_POINT('',(0.,4.,2.44929359829471E-16));
#6561=DIRECTION('',(0.,1.,6.12323399573677E-17));
#6562=DIRECTION('',(6.12323399573677E-17,6.12323399573677E-17,-1.));
#6563=CARTESIAN_POINT('',(5.15000000000001,1.2,-36.3545517328096));
#6564=CARTESIAN_POINT('',(5.15000000000001,1.2,-36.3545517328096));
#6565=VECTOR('',#6566,1.);
#6566=DIRECTION('',(0.,1.,0.));
#6567=CARTESIAN_POINT('',(5.15000000000001,1.2,-39.6454482671904));
#6568=CARTESIAN_POINT('',(5.15000000000001,1.2,-39.6454482671904));
#6569=VECTOR('',#6570,1.);
#6570=DIRECTION('',(-5.39778999686616E-16,-6.7472374960827E-17,1.));
#6571=CARTESIAN_POINT('',(5.15000000000001,1.2,-39.6454482671904));
#6572=VECTOR('',#6573,1.);
#6573=DIRECTION('',(0.,1.,0.));
#6574=CARTESIAN_POINT('',(8.,1.2,-34.7091034656191));
#6575=CARTESIAN_POINT('',(8.,1.2,-34.7091034656191));
#6576=VECTOR('',#6577,1.);
#6577=DIRECTION('',(0.,1.,0.));
#6578=CARTESIAN_POINT('',(5.15,1.2,-36.3545517328096));
#6579=VECTOR('',#6580,1.);
#6580=DIRECTION('',(0.866025403784439,0.,0.5));
#6581=CARTESIAN_POINT('',(10.8500000000001,1.2,-36.3545517328096));
#6582=CARTESIAN_POINT('',(10.8500000000001,1.2,-36.3545517328096));
#6583=VECTOR('',#6584,1.);
#6584=DIRECTION('',(0.,1.,0.));
#6585=CARTESIAN_POINT('',(8.,1.2,-34.7091034656191));
#6586=VECTOR('',#6587,1.);
#6587=DIRECTION('',(0.866025403784446,0.,-0.499999999999988));
#6588=CARTESIAN_POINT('',(10.85,1.2,-39.6454482671904));
#6589=CARTESIAN_POINT('',(10.85,1.2,-39.6454482671904));
#6590=VECTOR('',#6591,1.);
#6591=DIRECTION('',(0.,1.,0.));
#6592=CARTESIAN_POINT('',(10.8500000000001,1.2,-36.3545517328096));
#6593=VECTOR('',#6594,1.);
#6594=DIRECTION('',(-1.72729279899717E-14,6.7472374960827E-17,-1.));
#6595=CARTESIAN_POINT('',(8.00000000000004,1.2,-41.2908965343809));
#6596=CARTESIAN_POINT('',(8.00000000000004,1.2,-41.2908965343809));
#6597=VECTOR('',#6598,1.);
#6598=DIRECTION('',(0.,1.,0.));
#6599=CARTESIAN_POINT('',(10.85,1.2,-39.6454482671904));
#6600=VECTOR('',#6601,1.);
#6601=DIRECTION('',(-0.866025403784432,0.,-0.500000000000012));
#6602=CARTESIAN_POINT('',(8.00000000000004,1.2,-41.2908965343809));
#6603=VECTOR('',#6604,1.);
#6604=DIRECTION('',(-0.866025403784438,0.,0.500000000000001));
#6605=CARTESIAN_POINT('',(-10.85,1.2,-36.3545517328096));
#6606=CARTESIAN_POINT('',(-10.85,1.2,-36.3545517328096));
#6607=VECTOR('',#6608,1.);
#6608=DIRECTION('',(0.,1.,0.));
#6609=CARTESIAN_POINT('',(-10.85,1.2,-39.6454482671904));
#6610=CARTESIAN_POINT('',(-10.85,1.2,-39.6454482671904));
#6611=VECTOR('',#6612,1.);
#6612=DIRECTION('',(-1.07955799937323E-15,-6.7472374960827E-17,1.));
#6613=CARTESIAN_POINT('',(-10.85,1.2,-39.6454482671904));
#6614=VECTOR('',#6615,1.);
#6615=DIRECTION('',(0.,1.,0.));
#6616=CARTESIAN_POINT('',(-8.,1.2,-34.7091034656191));
#6617=CARTESIAN_POINT('',(-8.,1.2,-34.7091034656191));
#6618=VECTOR('',#6619,1.);
#6619=DIRECTION('',(0.,1.,0.));
#6620=CARTESIAN_POINT('',(-10.85,1.2,-36.3545517328096));
#6621=VECTOR('',#6622,1.);
#6622=DIRECTION('',(0.866025403784439,0.,0.5));
#6623=CARTESIAN_POINT('',(-5.14999999999994,1.2,-36.3545517328096));
#6624=CARTESIAN_POINT('',(-5.14999999999994,1.2,-36.3545517328096));
#6625=VECTOR('',#6626,1.);
#6626=DIRECTION('',(0.,1.,0.));
#6627=CARTESIAN_POINT('',(-8.,1.2,-34.7091034656191));
#6628=VECTOR('',#6629,1.);
#6629=DIRECTION('',(0.866025403784445,0.,-0.499999999999988));
#6630=CARTESIAN_POINT('',(-5.15,1.2,-39.6454482671904));
#6631=CARTESIAN_POINT('',(-5.15,1.2,-39.6454482671904));
#6632=VECTOR('',#6633,1.);
#6633=DIRECTION('',(0.,1.,0.));
#6634=CARTESIAN_POINT('',(-5.14999999999994,1.2,-36.3545517328096));
#6635=VECTOR('',#6636,1.);
#6636=DIRECTION('',(-1.72729279899717E-14,6.7472374960827E-17,-1.));
#6637=CARTESIAN_POINT('',(-7.99999999999996,1.2,-41.2908965343809));
#6638=CARTESIAN_POINT('',(-7.99999999999996,1.2,-41.2908965343809));
#6639=VECTOR('',#6640,1.);
#6640=DIRECTION('',(0.,1.,0.));
#6641=CARTESIAN_POINT('',(-5.15,1.2,-39.6454482671904));
#6642=VECTOR('',#6643,1.);
#6643=DIRECTION('',(-0.866025403784432,0.,-0.500000000000012));
#6644=CARTESIAN_POINT('',(-7.99999999999996,1.2,-41.2908965343809));
#6645=VECTOR('',#6646,1.);
#6646=DIRECTION('',(-0.866025403784438,0.,0.500000000000001));
#6647=CARTESIAN_POINT('',(-10.85,1.2,-20.3545517328096));
#6648=CARTESIAN_POINT('',(-10.85,1.2,-20.3545517328096));
#6649=VECTOR('',#6650,1.);
#6650=DIRECTION('',(0.,1.,0.));
#6651=CARTESIAN_POINT('',(-10.85,1.2,-23.6454482671904));
#6652=CARTESIAN_POINT('',(-10.85,1.2,-23.6454482671904));
#6653=VECTOR('',#6654,1.);
#6654=DIRECTION('',(-5.39778999686616E-16,-6.7472374960827E-17,1.));
#6655=CARTESIAN_POINT('',(-10.85,1.2,-23.6454482671904));
#6656=VECTOR('',#6657,1.);
#6657=DIRECTION('',(0.,1.,0.));
#6658=CARTESIAN_POINT('',(-8.,1.2,-18.7091034656191));
#6659=CARTESIAN_POINT('',(-8.,1.2,-18.7091034656191));
#6660=VECTOR('',#6661,1.);
#6661=DIRECTION('',(0.,1.,0.));
#6662=CARTESIAN_POINT('',(-10.85,1.2,-20.3545517328096));
#6663=VECTOR('',#6664,1.);
#6664=DIRECTION('',(0.866025403784439,0.,0.5));
#6665=CARTESIAN_POINT('',(-5.14999999999994,1.2,-20.3545517328096));
#6666=CARTESIAN_POINT('',(-5.14999999999994,1.2,-20.3545517328096));
#6667=VECTOR('',#6668,1.);
#6668=DIRECTION('',(0.,1.,0.));
#6669=CARTESIAN_POINT('',(-8.,1.2,-18.7091034656191));
#6670=VECTOR('',#6671,1.);
#6671=DIRECTION('',(0.866025403784445,0.,-0.499999999999988));
#6672=CARTESIAN_POINT('',(-5.15,1.2,-23.6454482671904));
#6673=CARTESIAN_POINT('',(-5.15,1.2,-23.6454482671904));
#6674=VECTOR('',#6675,1.);
#6675=DIRECTION('',(0.,1.,0.));
#6676=CARTESIAN_POINT('',(-5.14999999999994,1.2,-20.3545517328096));
#6677=VECTOR('',#6678,1.);
#6678=DIRECTION('',(-1.72729279899717E-14,6.7472374960827E-17,-1.));
#6679=CARTESIAN_POINT('',(-7.99999999999996,1.2,-25.2908965343809));
#6680=CARTESIAN_POINT('',(-7.99999999999996,1.2,-25.2908965343809));
#6681=VECTOR('',#6682,1.);
#6682=DIRECTION('',(0.,1.,0.));
#6683=CARTESIAN_POINT('',(-5.15,1.2,-23.6454482671904));
#6684=VECTOR('',#6685,1.);
#6685=DIRECTION('',(-0.866025403784432,0.,-0.500000000000012));
#6686=CARTESIAN_POINT('',(-7.99999999999996,1.2,-25.2908965343809));
#6687=VECTOR('',#6688,1.);
#6688=DIRECTION('',(-0.866025403784438,0.,0.500000000000001));
#6689=CARTESIAN_POINT('',(5.15000000000001,1.2,-20.3545517328096));
#6690=CARTESIAN_POINT('',(5.15000000000001,1.2,-20.3545517328096));
#6691=VECTOR('',#6692,1.);
#6692=DIRECTION('',(0.,1.,0.));
#6693=CARTESIAN_POINT('',(5.15000000000001,1.2,-23.6454482671904));
#6694=CARTESIAN_POINT('',(5.15000000000001,1.2,-23.6454482671904));
#6695=VECTOR('',#6696,1.);
#6696=DIRECTION('',(-5.39778999686616E-16,-6.7472374960827E-17,1.));
#6697=CARTESIAN_POINT('',(5.15000000000001,1.2,-23.6454482671904));
#6698=VECTOR('',#6699,1.);
#6699=DIRECTION('',(0.,1.,0.));
#6700=CARTESIAN_POINT('',(8.,1.2,-18.7091034656191));
#6701=CARTESIAN_POINT('',(8.,1.2,-18.7091034656191));
#6702=VECTOR('',#6703,1.);
#6703=DIRECTION('',(0.,1.,0.));
#6704=CARTESIAN_POINT('',(5.15,1.2,-20.3545517328096));
#6705=VECTOR('',#6706,1.);
#6706=DIRECTION('',(0.866025403784439,0.,0.5));
#6707=CARTESIAN_POINT('',(10.8500000000001,1.2,-20.3545517328096));
#6708=CARTESIAN_POINT('',(10.8500000000001,1.2,-20.3545517328096));
#6709=VECTOR('',#6710,1.);
#6710=DIRECTION('',(0.,1.,0.));
#6711=CARTESIAN_POINT('',(8.,1.2,-18.7091034656191));
#6712=VECTOR('',#6713,1.);
#6713=DIRECTION('',(0.866025403784446,0.,-0.499999999999988));
#6714=CARTESIAN_POINT('',(10.85,1.2,-23.6454482671904));
#6715=CARTESIAN_POINT('',(10.85,1.2,-23.6454482671904));
#6716=VECTOR('',#6717,1.);
#6717=DIRECTION('',(0.,1.,0.));
#6718=CARTESIAN_POINT('',(10.8500000000001,1.2,-20.3545517328096));
#6719=VECTOR('',#6720,1.);
#6720=DIRECTION('',(-1.72729279899717E-14,6.7472374960827E-17,-1.));
#6721=CARTESIAN_POINT('',(8.00000000000004,1.2,-25.2908965343809));
#6722=CARTESIAN_POINT('',(8.00000000000004,1.2,-25.2908965343809));
#6723=VECTOR('',#6724,1.);
#6724=DIRECTION('',(0.,1.,0.));
#6725=CARTESIAN_POINT('',(10.85,1.2,-23.6454482671904));
#6726=VECTOR('',#6727,1.);
#6727=DIRECTION('',(-0.866025403784432,0.,-0.500000000000012));
#6728=CARTESIAN_POINT('',(8.00000000000004,1.2,-25.2908965343809));
#6729=VECTOR('',#6730,1.);
#6730=DIRECTION('',(-0.866025403784438,0.,0.500000000000001));
#6731=CARTESIAN_POINT('',(-10.85,1.2,9.64544826719043));
#6732=CARTESIAN_POINT('',(-10.85,1.2,9.64544826719043));
#6733=VECTOR('',#6734,1.);
#6734=DIRECTION('',(0.,1.,0.));
#6735=CARTESIAN_POINT('',(-10.85,1.2,6.35455173280958));
#6736=CARTESIAN_POINT('',(-10.85,1.2,6.35455173280958));
#6737=VECTOR('',#6738,1.);
#6738=DIRECTION('',(-5.39778999686616E-16,-6.7472374960827E-17,1.));
#6739=CARTESIAN_POINT('',(-10.85,1.2,6.35455173280958));
#6740=VECTOR('',#6741,1.);
#6741=DIRECTION('',(0.,1.,0.));
#6742=CARTESIAN_POINT('',(-8.,1.2,11.2908965343809));
#6743=CARTESIAN_POINT('',(-8.,1.2,11.2908965343809));
#6744=VECTOR('',#6745,1.);
#6745=DIRECTION('',(0.,1.,0.));
#6746=CARTESIAN_POINT('',(-10.85,1.2,9.64544826719043));
#6747=VECTOR('',#6748,1.);
#6748=DIRECTION('',(0.866025403784439,0.,0.5));
#6749=CARTESIAN_POINT('',(-5.14999999999994,1.2,9.64544826719045));
#6750=CARTESIAN_POINT('',(-5.14999999999994,1.2,9.64544826719045));
#6751=VECTOR('',#6752,1.);
#6752=DIRECTION('',(0.,1.,0.));
#6753=CARTESIAN_POINT('',(-8.,1.2,11.2908965343809));
#6754=VECTOR('',#6755,1.);
#6755=DIRECTION('',(0.866025403784445,0.,-0.499999999999988));
#6756=CARTESIAN_POINT('',(-5.15,1.2,6.35455173280959));
#6757=CARTESIAN_POINT('',(-5.15,1.2,6.35455173280959));
#6758=VECTOR('',#6759,1.);
#6759=DIRECTION('',(0.,1.,0.));
#6760=CARTESIAN_POINT('',(-5.14999999999994,1.2,9.64544826719045));
#6761=VECTOR('',#6762,1.);
#6762=DIRECTION('',(-1.72729279899717E-14,6.7472374960827E-17,-1.));
#6763=CARTESIAN_POINT('',(-7.99999999999997,1.2,4.70910346561912));
#6764=CARTESIAN_POINT('',(-7.99999999999997,1.2,4.70910346561912));
#6765=VECTOR('',#6766,1.);
#6766=DIRECTION('',(0.,1.,0.));
#6767=CARTESIAN_POINT('',(-5.15,1.2,6.35455173280959));
#6768=VECTOR('',#6769,1.);
#6769=DIRECTION('',(-0.866025403784432,0.,-0.500000000000012));
#6770=CARTESIAN_POINT('',(-7.99999999999997,1.2,4.70910346561912));
#6771=VECTOR('',#6772,1.);
#6772=DIRECTION('',(-0.866025403784438,0.,0.500000000000001));
#6773=CARTESIAN_POINT('',(-10.85,1.2,-6.35455173280957));
#6774=CARTESIAN_POINT('',(-10.85,1.2,-6.35455173280957));
#6775=VECTOR('',#6776,1.);
#6776=DIRECTION('',(0.,1.,0.));
#6777=CARTESIAN_POINT('',(-10.85,1.2,-9.64544826719042));
#6778=CARTESIAN_POINT('',(-10.85,1.2,-9.64544826719042));
#6779=VECTOR('',#6780,1.);
#6780=DIRECTION('',(-5.39778999686616E-16,-6.7472374960827E-17,1.));
#6781=CARTESIAN_POINT('',(-10.85,1.2,-9.64544826719042));
#6782=VECTOR('',#6783,1.);
#6783=DIRECTION('',(0.,1.,0.));
#6784=CARTESIAN_POINT('',(-8.,1.2,-4.70910346561914));
#6785=CARTESIAN_POINT('',(-8.,1.2,-4.70910346561914));
#6786=VECTOR('',#6787,1.);
#6787=DIRECTION('',(0.,1.,0.));
#6788=CARTESIAN_POINT('',(-10.85,1.2,-6.35455173280957));
#6789=VECTOR('',#6790,1.);
#6790=DIRECTION('',(0.866025403784439,0.,0.5));
#6791=CARTESIAN_POINT('',(-5.14999999999994,1.2,-6.35455173280955));
#6792=CARTESIAN_POINT('',(-5.14999999999994,1.2,-6.35455173280955));
#6793=VECTOR('',#6794,1.);
#6794=DIRECTION('',(0.,1.,0.));
#6795=CARTESIAN_POINT('',(-8.,1.2,-4.70910346561914));
#6796=VECTOR('',#6797,1.);
#6797=DIRECTION('',(0.866025403784445,0.,-0.499999999999988));
#6798=CARTESIAN_POINT('',(-5.15,1.2,-9.64544826719041));
#6799=CARTESIAN_POINT('',(-5.15,1.2,-9.64544826719041));
#6800=VECTOR('',#6801,1.);
#6801=DIRECTION('',(0.,1.,0.));
#6802=CARTESIAN_POINT('',(-5.14999999999994,1.2,-6.35455173280955));
#6803=VECTOR('',#6804,1.);
#6804=DIRECTION('',(-1.72729279899717E-14,6.7472374960827E-17,-1.));
#6805=CARTESIAN_POINT('',(-7.99999999999997,1.2,-11.2908965343809));
#6806=CARTESIAN_POINT('',(-7.99999999999997,1.2,-11.2908965343809));
#6807=VECTOR('',#6808,1.);
#6808=DIRECTION('',(0.,1.,0.));
#6809=CARTESIAN_POINT('',(-5.15,1.2,-9.64544826719041));
#6810=VECTOR('',#6811,1.);
#6811=DIRECTION('',(-0.866025403784432,0.,-0.500000000000012));
#6812=CARTESIAN_POINT('',(-7.99999999999997,1.2,-11.2908965343809));
#6813=VECTOR('',#6814,1.);
#6814=DIRECTION('',(-0.866025403784438,0.,0.500000000000001));
#6815=CARTESIAN_POINT('',(5.15,1.2,-6.35455173280957));
#6816=CARTESIAN_POINT('',(5.15,1.2,-6.35455173280957));
#6817=VECTOR('',#6818,1.);
#6818=DIRECTION('',(0.,1.,0.));
#6819=CARTESIAN_POINT('',(5.15,1.2,-9.64544826719042));
#6820=CARTESIAN_POINT('',(5.15,1.2,-9.64544826719042));
#6821=VECTOR('',#6822,1.);
#6822=DIRECTION('',(-5.39778999686616E-16,-6.7472374960827E-17,1.));
#6823=CARTESIAN_POINT('',(5.15,1.2,-9.64544826719042));
#6824=VECTOR('',#6825,1.);
#6825=DIRECTION('',(0.,1.,0.));
#6826=CARTESIAN_POINT('',(8.,1.2,-4.70910346561914));
#6827=CARTESIAN_POINT('',(8.,1.2,-4.70910346561914));
#6828=VECTOR('',#6829,1.);
#6829=DIRECTION('',(0.,1.,0.));
#6830=CARTESIAN_POINT('',(5.15,1.2,-6.35455173280957));
#6831=VECTOR('',#6832,1.);
#6832=DIRECTION('',(0.866025403784439,0.,0.5));
#6833=CARTESIAN_POINT('',(10.8500000000001,1.2,-6.35455173280955));
#6834=CARTESIAN_POINT('',(10.8500000000001,1.2,-6.35455173280955));
#6835=VECTOR('',#6836,1.);
#6836=DIRECTION('',(0.,1.,0.));
#6837=CARTESIAN_POINT('',(8.,1.2,-4.70910346561914));
#6838=VECTOR('',#6839,1.);
#6839=DIRECTION('',(0.866025403784445,0.,-0.499999999999988));
#6840=CARTESIAN_POINT('',(10.85,1.2,-9.64544826719041));
#6841=CARTESIAN_POINT('',(10.85,1.2,-9.64544826719041));
#6842=VECTOR('',#6843,1.);
#6843=DIRECTION('',(0.,1.,0.));
#6844=CARTESIAN_POINT('',(10.8500000000001,1.2,-6.35455173280955));
#6845=VECTOR('',#6846,1.);
#6846=DIRECTION('',(-1.72729279899717E-14,6.7472374960827E-17,-1.));
#6847=CARTESIAN_POINT('',(8.00000000000003,1.2,-11.2908965343809));
#6848=CARTESIAN_POINT('',(8.00000000000003,1.2,-11.2908965343809));
#6849=VECTOR('',#6850,1.);
#6850=DIRECTION('',(0.,1.,0.));
#6851=CARTESIAN_POINT('',(10.85,1.2,-9.64544826719041));
#6852=VECTOR('',#6853,1.);
#6853=DIRECTION('',(-0.866025403784432,0.,-0.500000000000012));
#6854=CARTESIAN_POINT('',(8.00000000000003,1.2,-11.2908965343809));
#6855=VECTOR('',#6856,1.);
#6856=DIRECTION('',(-0.866025403784438,0.,0.500000000000001));
#6857=CARTESIAN_POINT('',(5.15,1.2,9.64544826719043));
#6858=CARTESIAN_POINT('',(5.15,1.2,9.64544826719043));
#6859=VECTOR('',#6860,1.);
#6860=DIRECTION('',(0.,1.,0.));
#6861=CARTESIAN_POINT('',(5.15,1.2,6.35455173280958));
#6862=CARTESIAN_POINT('',(5.15,1.2,6.35455173280958));
#6863=VECTOR('',#6864,1.);
#6864=DIRECTION('',(-5.39778999686616E-16,-6.7472374960827E-17,1.));
#6865=CARTESIAN_POINT('',(5.15,1.2,6.35455173280958));
#6866=VECTOR('',#6867,1.);
#6867=DIRECTION('',(0.,1.,0.));
#6868=CARTESIAN_POINT('',(8.,1.2,11.2908965343809));
#6869=CARTESIAN_POINT('',(8.,1.2,11.2908965343809));
#6870=VECTOR('',#6871,1.);
#6871=DIRECTION('',(0.,1.,0.));
#6872=CARTESIAN_POINT('',(5.15,1.2,9.64544826719043));
#6873=VECTOR('',#6874,1.);
#6874=DIRECTION('',(0.866025403784439,0.,0.5));
#6875=CARTESIAN_POINT('',(10.8500000000001,1.2,9.64544826719045));
#6876=CARTESIAN_POINT('',(10.8500000000001,1.2,9.64544826719045));
#6877=VECTOR('',#6878,1.);
#6878=DIRECTION('',(0.,1.,0.));
#6879=CARTESIAN_POINT('',(8.,1.2,11.2908965343809));
#6880=VECTOR('',#6881,1.);
#6881=DIRECTION('',(0.866025403784445,0.,-0.499999999999988));
#6882=CARTESIAN_POINT('',(10.85,1.2,6.35455173280959));
#6883=CARTESIAN_POINT('',(10.85,1.2,6.35455173280959));
#6884=VECTOR('',#6885,1.);
#6885=DIRECTION('',(0.,1.,0.));
#6886=CARTESIAN_POINT('',(10.8500000000001,1.2,9.64544826719045));
#6887=VECTOR('',#6888,1.);
#6888=DIRECTION('',(-1.72729279899717E-14,6.7472374960827E-17,-1.));
#6889=CARTESIAN_POINT('',(8.00000000000003,1.2,4.70910346561912));
#6890=CARTESIAN_POINT('',(8.00000000000003,1.2,4.70910346561912));
#6891=VECTOR('',#6892,1.);
#6892=DIRECTION('',(0.,1.,0.));
#6893=CARTESIAN_POINT('',(10.85,1.2,6.35455173280959));
#6894=VECTOR('',#6895,1.);
#6895=DIRECTION('',(-0.866025403784432,0.,-0.500000000000012));
#6896=CARTESIAN_POINT('',(8.00000000000003,1.2,4.70910346561912));
#6897=VECTOR('',#6898,1.);
#6898=DIRECTION('',(-0.866025403784438,0.,0.500000000000001));
#6899=CARTESIAN_POINT('',(-10.85,1.2,23.6454482671904));
#6900=CARTESIAN_POINT('',(-10.85,1.2,23.6454482671904));
#6901=VECTOR('',#6902,1.);
#6902=DIRECTION('',(0.,1.,0.));
#6903=CARTESIAN_POINT('',(-10.85,1.2,20.3545517328096));
#6904=CARTESIAN_POINT('',(-10.85,1.2,20.3545517328096));
#6905=VECTOR('',#6906,1.);
#6906=DIRECTION('',(-5.39778999686616E-16,-6.7472374960827E-17,1.));
#6907=CARTESIAN_POINT('',(-10.85,1.2,20.3545517328096));
#6908=VECTOR('',#6909,1.);
#6909=DIRECTION('',(0.,1.,0.));
#6910=CARTESIAN_POINT('',(-8.,1.2,25.2908965343809));
#6911=CARTESIAN_POINT('',(-8.,1.2,25.2908965343809));
#6912=VECTOR('',#6913,1.);
#6913=DIRECTION('',(0.,1.,0.));
#6914=CARTESIAN_POINT('',(-10.85,1.2,23.6454482671904));
#6915=VECTOR('',#6916,1.);
#6916=DIRECTION('',(0.866025403784439,0.,0.5));
#6917=CARTESIAN_POINT('',(-5.14999999999994,1.2,23.6454482671904));
#6918=CARTESIAN_POINT('',(-5.14999999999994,1.2,23.6454482671904));
#6919=VECTOR('',#6920,1.);
#6920=DIRECTION('',(0.,1.,0.));
#6921=CARTESIAN_POINT('',(-8.,1.2,25.2908965343809));
#6922=VECTOR('',#6923,1.);
#6923=DIRECTION('',(0.866025403784445,0.,-0.499999999999988));
#6924=CARTESIAN_POINT('',(-5.15,1.2,20.3545517328096));
#6925=CARTESIAN_POINT('',(-5.15,1.2,20.3545517328096));
#6926=VECTOR('',#6927,1.);
#6927=DIRECTION('',(0.,1.,0.));
#6928=CARTESIAN_POINT('',(-5.14999999999994,1.2,23.6454482671904));
#6929=VECTOR('',#6930,1.);
#6930=DIRECTION('',(-1.72729279899717E-14,6.7472374960827E-17,-1.));
#6931=CARTESIAN_POINT('',(-7.99999999999997,1.2,18.7091034656191));
#6932=CARTESIAN_POINT('',(-7.99999999999997,1.2,18.7091034656191));
#6933=VECTOR('',#6934,1.);
#6934=DIRECTION('',(0.,1.,0.));
#6935=CARTESIAN_POINT('',(-5.15,1.2,20.3545517328096));
#6936=VECTOR('',#6937,1.);
#6937=DIRECTION('',(-0.866025403784432,0.,-0.500000000000012));
#6938=CARTESIAN_POINT('',(-7.99999999999997,1.2,18.7091034656191));
#6939=VECTOR('',#6940,1.);
#6940=DIRECTION('',(-0.866025403784438,0.,0.500000000000001));
#6941=CARTESIAN_POINT('',(5.15,1.2,23.6454482671904));
#6942=CARTESIAN_POINT('',(5.15,1.2,23.6454482671904));
#6943=VECTOR('',#6944,1.);
#6944=DIRECTION('',(0.,1.,0.));
#6945=CARTESIAN_POINT('',(5.15,1.2,20.3545517328096));
#6946=CARTESIAN_POINT('',(5.15,1.2,20.3545517328096));
#6947=VECTOR('',#6948,1.);
#6948=DIRECTION('',(-5.39778999686616E-16,-6.7472374960827E-17,1.));
#6949=CARTESIAN_POINT('',(5.15,1.2,20.3545517328096));
#6950=VECTOR('',#6951,1.);
#6951=DIRECTION('',(0.,1.,0.));
#6952=CARTESIAN_POINT('',(8.,1.2,25.2908965343809));
#6953=CARTESIAN_POINT('',(8.,1.2,25.2908965343809));
#6954=VECTOR('',#6955,1.);
#6955=DIRECTION('',(0.,1.,0.));
#6956=CARTESIAN_POINT('',(5.15,1.2,23.6454482671904));
#6957=VECTOR('',#6958,1.);
#6958=DIRECTION('',(0.866025403784439,0.,0.5));
#6959=CARTESIAN_POINT('',(10.8500000000001,1.2,23.6454482671904));
#6960=CARTESIAN_POINT('',(10.8500000000001,1.2,23.6454482671904));
#6961=VECTOR('',#6962,1.);
#6962=DIRECTION('',(0.,1.,0.));
#6963=CARTESIAN_POINT('',(8.,1.2,25.2908965343809));
#6964=VECTOR('',#6965,1.);
#6965=DIRECTION('',(0.866025403784445,0.,-0.499999999999988));
#6966=CARTESIAN_POINT('',(10.85,1.2,20.3545517328096));
#6967=CARTESIAN_POINT('',(10.85,1.2,20.3545517328096));
#6968=VECTOR('',#6969,1.);
#6969=DIRECTION('',(0.,1.,0.));
#6970=CARTESIAN_POINT('',(10.8500000000001,1.2,23.6454482671904));
#6971=VECTOR('',#6972,1.);
#6972=DIRECTION('',(-1.72729279899717E-14,6.7472374960827E-17,-1.));
#6973=CARTESIAN_POINT('',(8.00000000000003,1.2,18.7091034656191));
#6974=CARTESIAN_POINT('',(8.00000000000003,1.2,18.7091034656191));
#6975=VECTOR('',#6976,1.);
#6976=DIRECTION('',(0.,1.,0.));
#6977=CARTESIAN_POINT('',(10.85,1.2,20.3545517328096));
#6978=VECTOR('',#6979,1.);
#6979=DIRECTION('',(-0.866025403784432,0.,-0.500000000000012));
#6980=CARTESIAN_POINT('',(8.00000000000003,1.2,18.7091034656191));
#6981=VECTOR('',#6982,1.);
#6982=DIRECTION('',(-0.866025403784438,0.,0.500000000000001));
#6983=CARTESIAN_POINT('',(5.15,1.2,39.6454482671904));
#6984=CARTESIAN_POINT('',(5.15,1.2,39.6454482671904));
#6985=VECTOR('',#6986,1.);
#6986=DIRECTION('',(0.,1.,0.));
#6987=CARTESIAN_POINT('',(5.15,1.2,36.3545517328096));
#6988=CARTESIAN_POINT('',(5.15,1.2,36.3545517328096));
#6989=VECTOR('',#6990,1.);
#6990=DIRECTION('',(-5.39778999686616E-16,-6.7472374960827E-17,1.));
#6991=CARTESIAN_POINT('',(5.15,1.2,36.3545517328096));
#6992=VECTOR('',#6993,1.);
#6993=DIRECTION('',(0.,1.,0.));
#6994=CARTESIAN_POINT('',(7.99999999999999,1.2,41.2908965343809));
#6995=CARTESIAN_POINT('',(7.99999999999999,1.2,41.2908965343809));
#6996=VECTOR('',#6997,1.);
#6997=DIRECTION('',(0.,1.,0.));
#6998=CARTESIAN_POINT('',(5.15,1.2,39.6454482671904));
#6999=VECTOR('',#7000,1.);
#7000=DIRECTION('',(0.866025403784439,0.,0.5));
#7001=CARTESIAN_POINT('',(10.8500000000001,1.2,39.6454482671904));
#7002=CARTESIAN_POINT('',(10.8500000000001,1.2,39.6454482671904));
#7003=VECTOR('',#7004,1.);
#7004=DIRECTION('',(0.,1.,0.));
#7005=CARTESIAN_POINT('',(7.99999999999999,1.2,41.2908965343809));
#7006=VECTOR('',#7007,1.);
#7007=DIRECTION('',(0.866025403784445,0.,-0.499999999999988));
#7008=CARTESIAN_POINT('',(10.85,1.2,36.3545517328096));
#7009=CARTESIAN_POINT('',(10.85,1.2,36.3545517328096));
#7010=VECTOR('',#7011,1.);
#7011=DIRECTION('',(0.,1.,0.));
#7012=CARTESIAN_POINT('',(10.8500000000001,1.2,39.6454482671904));
#7013=VECTOR('',#7014,1.);
#7014=DIRECTION('',(-1.72729279899717E-14,6.7472374960827E-17,-1.));
#7015=CARTESIAN_POINT('',(8.00000000000003,1.2,34.7091034656191));
#7016=CARTESIAN_POINT('',(8.00000000000003,1.2,34.7091034656191));
#7017=VECTOR('',#7018,1.);
#7018=DIRECTION('',(0.,1.,0.));
#7019=CARTESIAN_POINT('',(10.85,1.2,36.3545517328096));
#7020=VECTOR('',#7021,1.);
#7021=DIRECTION('',(-0.866025403784432,0.,-0.500000000000012));
#7022=CARTESIAN_POINT('',(8.00000000000003,1.2,34.7091034656191));
#7023=VECTOR('',#7024,1.);
#7024=DIRECTION('',(-0.866025403784438,0.,0.500000000000001));
#7025=CARTESIAN_POINT('',(-6.62522729151325,-2.41527595625634E-15,39.));
#7026=CARTESIAN_POINT('',(-6.62522729151325,-2.41527595625634E-15,39.));
#7027=VECTOR('',#7028,1.);
#7028=DIRECTION('',(1.,0.,0.));
#7029=CARTESIAN_POINT('',(-8.,-2.22044604925031E-15,36.3));
#7030=AXIS2_PLACEMENT_3D('',#7031,#7032,#7033);
#7031=CARTESIAN_POINT('',(-8.,-2.32682891837997E-15,38.));
#7032=DIRECTION('',(0.,1.,6.12323399573677E-17));
#7033=DIRECTION('',(0.808689828521619,-3.60190235043339E-17,0.588235294117647));
#7034=CARTESIAN_POINT('',(-9.,-2.23154720889006E-15,36.6252272915133));
#7035=AXIS2_PLACEMENT_3D('',#7036,#7037,#7038);
#7036=CARTESIAN_POINT('',(-8.,-2.32682891837997E-15,38.));
#7037=DIRECTION('',(0.,1.,6.12323399573677E-17));
#7038=DIRECTION('',(0.,6.12323399573677E-17,-1.));
#7039=CARTESIAN_POINT('',(-9.,-1.49280213169374E-15,23.3747727084868));
#7040=VECTOR('',#7041,1.);
#7041=DIRECTION('',(1.34060067771238E-16,-5.57524326857911E-17,1.));
#7042=CARTESIAN_POINT('',(6.62522729151325,-1.30907338432745E-15,21.));
#7043=VECTOR('',#7044,1.);
#7044=DIRECTION('',(-1.,0.,0.));
#7045=CARTESIAN_POINT('',(9.,-2.23154720889006E-15,36.6252272915133));
#7046=VECTOR('',#7047,1.);
#7047=DIRECTION('',(0.,5.5752432685791E-17,-1.));
#7048=CARTESIAN_POINT('',(-5.51091059616309E-16,-1.40834381901946E-15,23.));
#7049=AXIS2_PLACEMENT_3D('',#7050,#7051,#7052);
#7050=CARTESIAN_POINT('',(-1.83697019872103E-15,-1.83697019872103E-15,30.));
#7051=DIRECTION('',(0.,1.,6.12323399573677E-17));
#7052=DIRECTION('',(6.12323399573677E-17,6.12323399573677E-17,-1.));
#7053=CARTESIAN_POINT('',(9.,-1.,36.6252272915133));
#7054=VECTOR('',#7055,1.);
#7055=DIRECTION('',(0.,6.70300338856192E-17,-1.));
#7056=CARTESIAN_POINT('',(-30.,-1.,38.));
#7057=CARTESIAN_POINT('',(-24.,-1.,44.));
#7058=AXIS2_PLACEMENT_3D('',#7059,#7060,#7061);
#7059=CARTESIAN_POINT('',(-24.,-1.,38.));
#7060=DIRECTION('',(0.,-1.,-6.12323399573677E-17));
#7061=DIRECTION('',(0.,-6.12323399573676E-17,1.));
#7062=CARTESIAN_POINT('',(-30.,-0.999999999999997,-38.));
#7063=CARTESIAN_POINT('',(-30.,-0.999999999999998,-38.));
#7064=VECTOR('',#7065,1.);
#7065=DIRECTION('',(-9.34924652315921E-17,-5.98936105389887E-17,1.));
#7066=CARTESIAN_POINT('',(-24.,-0.999999999999997,-44.));
#7067=AXIS2_PLACEMENT_3D('',#7068,#7069,#7070);
#7068=CARTESIAN_POINT('',(-24.,-0.999999999999998,-38.));
#7069=DIRECTION('',(0.,-1.,-6.12323399573677E-17));
#7070=DIRECTION('',(-1.,0.,0.));
#7071=CARTESIAN_POINT('',(8.,-0.999999999999997,-44.));
#7072=CARTESIAN_POINT('',(8.,-0.999999999999997,-44.));
#7073=VECTOR('',#7074,1.);
#7074=DIRECTION('',(-1.,0.,0.));
#7075=CARTESIAN_POINT('',(14.,-0.999999999999997,-38.));
#7076=AXIS2_PLACEMENT_3D('',#7077,#7078,#7079);
#7077=CARTESIAN_POINT('',(8.,-0.999999999999998,-38.));
#7078=DIRECTION('',(0.,-1.,-6.12323399573677E-17));
#7079=DIRECTION('',(0.,6.12323399573676E-17,-1.));
#7080=CARTESIAN_POINT('',(14.,-1.,38.));
#7081=CARTESIAN_POINT('',(14.,-1.,38.));
#7082=VECTOR('',#7083,1.);
#7083=DIRECTION('',(9.34924652315921E-17,5.98936105389887E-17,-1.));
#7084=CARTESIAN_POINT('',(8.,-1.,44.));
#7085=AXIS2_PLACEMENT_3D('',#7086,#7087,#7088);
#7086=CARTESIAN_POINT('',(8.,-1.,38.));
#7087=DIRECTION('',(0.,-1.,-6.12323399573677E-17));
#7088=DIRECTION('',(1.,0.,0.));
#7089=CARTESIAN_POINT('',(-24.,-1.,44.));
#7090=VECTOR('',#7091,1.);
#7091=DIRECTION('',(1.,0.,0.));
#7092=CARTESIAN_POINT('',(6.62522729151325,-1.,21.));
#7093=VECTOR('',#7094,1.);
#7094=DIRECTION('',(-1.,0.,0.));
#7095=CARTESIAN_POINT('',(-9.,-1.,36.6252272915133));
#7096=CARTESIAN_POINT('',(-9.,-1.,23.3747727084868));
#7097=VECTOR('',#7098,1.);
#7098=DIRECTION('',(1.34060067771238E-16,-6.70300338856192E-17,1.));
#7099=CARTESIAN_POINT('',(-6.62522729151325,-1.,39.));
#7100=AXIS2_PLACEMENT_3D('',#7101,#7102,#7103);
#7101=CARTESIAN_POINT('',(-8.,-1.,38.));
#7102=DIRECTION('',(0.,1.,6.12323399573677E-17));
#7103=DIRECTION('',(-0.588235294117651,4.95179705001009E-17,-0.808689828521616));
#7104=CARTESIAN_POINT('',(-6.62522729151325,-1.,39.));
#7105=VECTOR('',#7106,1.);
#7106=DIRECTION('',(1.,0.,0.));
#7107=CARTESIAN_POINT('',(9.,-1.,6.62522729151325));
#7108=VECTOR('',#7109,1.);
#7109=DIRECTION('',(0.,6.70300338856192E-17,-1.));
#7110=CARTESIAN_POINT('',(6.62522729151325,-0.999999999999999,-9.));
#7111=VECTOR('',#7112,1.);
#7112=DIRECTION('',(-1.,0.,0.));
#7113=CARTESIAN_POINT('',(-9.,-1.,-6.62522729151325));
#7114=VECTOR('',#7115,1.);
#7115=DIRECTION('',(0.,-6.70300338856192E-17,1.));
#7116=CARTESIAN_POINT('',(-6.62522729151325,-1.,9.));
#7117=VECTOR('',#7118,1.);
#7118=DIRECTION('',(1.,0.,0.));
#7119=CARTESIAN_POINT('',(9.,-0.999999999999999,-23.3747727084868));
#7120=VECTOR('',#7121,1.);
#7121=DIRECTION('',(-1.34060067771238E-16,5.86512796499168E-17,-1.));
#7122=CARTESIAN_POINT('',(6.62522729151325,-0.999999999999998,-39.));
#7123=VECTOR('',#7124,1.);
#7124=DIRECTION('',(-1.,0.,0.));
#7125=CARTESIAN_POINT('',(-9.,-0.999999999999998,-36.6252272915132));
#7126=VECTOR('',#7127,1.);
#7127=DIRECTION('',(1.34060067771239E-16,-5.86512796499169E-17,1.));
#7128=CARTESIAN_POINT('',(-6.62522729151325,-0.999999999999999,-21.));
#7129=VECTOR('',#7130,1.);
#7130=DIRECTION('',(1.,0.,0.));
#7131=CARTESIAN_POINT('',(-20.,-1.,23.8));
#7132=AXIS2_PLACEMENT_3D('',#7133,#7134,#7135);
#7133=CARTESIAN_POINT('',(-20.,-1.,30.));
#7134=DIRECTION('',(0.,1.,6.12323399573677E-17));
#7135=DIRECTION('',(6.12323399573677E-17,6.12323399573677E-17,-1.));
#7136=CARTESIAN_POINT('',(-20.,-1.,8.8));
#7137=AXIS2_PLACEMENT_3D('',#7138,#7139,#7140);
#7138=CARTESIAN_POINT('',(-20.,-1.,15.));
#7139=DIRECTION('',(0.,1.,6.12323399573677E-17));
#7140=DIRECTION('',(6.12323399573677E-17,6.12323399573677E-17,-1.));
#7141=CARTESIAN_POINT('',(-20.,-1.,-6.2));
#7142=AXIS2_PLACEMENT_3D('',#7143,#7144,#7145);
#7143=CARTESIAN_POINT('',(-20.,-1.,-1.28587913910472E-15));
#7144=DIRECTION('',(0.,1.,6.12323399573677E-17));
#7145=DIRECTION('',(6.12323399573677E-17,6.12323399573677E-17,-1.));
#7146=CARTESIAN_POINT('',(-20.,-0.999999999999999,-21.2));
#7147=AXIS2_PLACEMENT_3D('',#7148,#7149,#7150);
#7148=CARTESIAN_POINT('',(-20.,-0.999999999999999,-15.));
#7149=DIRECTION('',(0.,1.,6.12323399573677E-17));
#7150=DIRECTION('',(6.12323399573677E-17,6.12323399573677E-17,-1.));
#7151=CARTESIAN_POINT('',(-20.,-0.999999999999998,-36.2));
#7152=AXIS2_PLACEMENT_3D('',#7153,#7154,#7155);
#7153=CARTESIAN_POINT('',(-20.,-0.999999999999998,-30.));
#7154=DIRECTION('',(0.,1.,6.12323399573677E-17));
#7155=DIRECTION('',(6.12323399573677E-17,6.12323399573676E-17,-1.));
#7156=CARTESIAN_POINT('',(-6.62522729151325,-1.,39.));
#7157=VECTOR('',#7158,1.);
#7158=DIRECTION('',(0.,1.,0.));
#7159=CARTESIAN_POINT('',(-8.99999999999998,-1.,36.6252272915132));
#7160=VECTOR('',#7161,1.);
#7161=DIRECTION('',(0.,1.,0.));
#7162=CARTESIAN_POINT('',(-6.62522729151325,-6.08612437195701E-16,9.));
#7163=VECTOR('',#7164,1.);
#7164=DIRECTION('',(1.,4.18937711785121E-18,0.));
#7165=CARTESIAN_POINT('',(-9.,3.69372538598158E-16,-6.62522729151325));
#7166=VECTOR('',#7167,1.);
#7167=DIRECTION('',(0.,-5.57524326857911E-17,1.));
#7168=CARTESIAN_POINT('',(6.62522729151325,5.53101285964444E-16,-9.));
#7169=VECTOR('',#7170,1.);
#7170=DIRECTION('',(-1.,0.,0.));
#7171=CARTESIAN_POINT('',(9.,-3.69372538598158E-16,6.62522729151325));
#7172=VECTOR('',#7173,1.);
#7173=DIRECTION('',(0.,5.57524326857911E-17,-1.));
#7174=CARTESIAN_POINT('',(1.28587913910472E-15,4.28626379701574E-16,-7.));
#7175=AXIS2_PLACEMENT_3D('',#7176,#7177,#7178);
#7176=CARTESIAN_POINT('',(0.,0.,0.));
#7177=DIRECTION('',(0.,1.,6.12323399573677E-17));
#7178=DIRECTION('',(6.12323399573677E-17,6.12323399573677E-17,-1.));
#7179=CARTESIAN_POINT('',(-6.62522729151325,1.30907338432745E-15,-21.));
#7180=VECTOR('',#7181,1.);
#7181=DIRECTION('',(1.,0.,0.));
#7182=CARTESIAN_POINT('',(-9.,2.28705836012131E-15,-36.6252272915133));
#7183=VECTOR('',#7184,1.);
#7184=DIRECTION('',(1.34060067771239E-16,-6.41311869214935E-17,1.));
#7185=CARTESIAN_POINT('',(6.62522729151325,2.41527595625634E-15,-39.));
#7186=VECTOR('',#7187,1.);
#7187=DIRECTION('',(-1.,0.,0.));
#7188=CARTESIAN_POINT('',(9.,1.43729098046248E-15,-23.3747727084868));
#7189=VECTOR('',#7190,1.);
#7190=DIRECTION('',(-1.34060067771238E-16,6.41311869214934E-17,-1.));
#7191=CARTESIAN_POINT('',(3.12284933782575E-15,2.2655965784226E-15,-37.));
#7192=AXIS2_PLACEMENT_3D('',#7193,#7194,#7195);
#7193=CARTESIAN_POINT('',(1.83697019872103E-15,1.83697019872103E-15,-30.));
#7194=DIRECTION('',(0.,1.,6.12323399573677E-17));
#7195=DIRECTION('',(6.12323399573677E-17,6.12323399573677E-17,-1.));
#7196=CARTESIAN_POINT('',(14.,-1.,38.));
#7197=VECTOR('',#7198,1.);
#7198=DIRECTION('',(0.,1.,0.));
#7199=CARTESIAN_POINT('',(14.,-0.999999999999996,-38.));
#7200=VECTOR('',#7201,1.);
#7201=DIRECTION('',(0.,1.,0.));
#7202=CARTESIAN_POINT('',(-24.,-0.999999999999996,-44.));
#7203=VECTOR('',#7204,1.);
#7204=DIRECTION('',(0.,1.,0.));
#7205=CARTESIAN_POINT('',(8.,-0.999999999999996,-44.));
#7206=VECTOR('',#7207,1.);
#7207=DIRECTION('',(0.,1.,0.));
#7208=CARTESIAN_POINT('',(-30.,-1.,38.));
#7209=VECTOR('',#7210,1.);
#7210=DIRECTION('',(0.,1.,0.));
#7211=CARTESIAN_POINT('',(-30.,-0.999999999999996,-38.));
#7212=VECTOR('',#7213,1.);
#7213=DIRECTION('',(0.,1.,0.));
#7214=CARTESIAN_POINT('',(-24.,-1.,44.));
#7215=VECTOR('',#7216,1.);
#7216=DIRECTION('',(0.,1.,0.));
#7217=CARTESIAN_POINT('',(8.,-1.,44.));
#7218=VECTOR('',#7219,1.);
#7219=DIRECTION('',(0.,1.,0.));
#7220=CARTESIAN_POINT('',(-10.85,1.2,36.3545517328096));
#7221=CARTESIAN_POINT('',(-10.85,1.2,36.3545517328096));
#7222=VECTOR('',#7223,1.);
#7223=DIRECTION('',(0.,1.,0.));
#7224=CARTESIAN_POINT('',(-7.99999999999997,1.2,34.7091034656191));
#7225=CARTESIAN_POINT('',(-7.99999999999997,1.2,34.7091034656191));
#7226=VECTOR('',#7227,1.);
#7227=DIRECTION('',(-0.866025403784438,0.,0.500000000000001));
#7228=CARTESIAN_POINT('',(-7.99999999999997,1.2,34.7091034656191));
#7229=VECTOR('',#7230,1.);
#7230=DIRECTION('',(0.,1.,0.));
#7231=CARTESIAN_POINT('',(-5.15,1.2,36.3545517328096));
#7232=CARTESIAN_POINT('',(-5.15,1.2,36.3545517328096));
#7233=VECTOR('',#7234,1.);
#7234=DIRECTION('',(-0.866025403784432,0.,-0.500000000000012));
#7235=CARTESIAN_POINT('',(-5.15,1.2,36.3545517328096));
#7236=VECTOR('',#7237,1.);
#7237=DIRECTION('',(0.,1.,0.));
#7238=CARTESIAN_POINT('',(-5.14999999999994,1.2,39.6454482671904));
#7239=CARTESIAN_POINT('',(-5.14999999999994,1.2,39.6454482671904));
#7240=VECTOR('',#7241,1.);
#7241=DIRECTION('',(-1.72729279899717E-14,6.7472374960827E-17,-1.));
#7242=CARTESIAN_POINT('',(-5.14999999999994,1.2,39.6454482671904));
#7243=VECTOR('',#7244,1.);
#7244=DIRECTION('',(0.,1.,0.));
#7245=CARTESIAN_POINT('',(-8.,1.2,41.2908965343809));
#7246=CARTESIAN_POINT('',(-8.,1.2,41.2908965343809));
#7247=VECTOR('',#7248,1.);
#7248=DIRECTION('',(0.866025403784445,0.,-0.499999999999988));
#7249=CARTESIAN_POINT('',(-8.,1.2,41.2908965343809));
#7250=VECTOR('',#7251,1.);
#7251=DIRECTION('',(0.,1.,0.));
#7252=CARTESIAN_POINT('',(-10.85,1.2,39.6454482671904));
#7253=CARTESIAN_POINT('',(-10.85,1.2,39.6454482671904));
#7254=VECTOR('',#7255,1.);
#7255=DIRECTION('',(0.866025403784439,0.,0.5));
#7256=CARTESIAN_POINT('',(-10.85,1.2,39.6454482671904));
#7257=VECTOR('',#7258,1.);
#7258=DIRECTION('',(0.,1.,0.));
#7259=CARTESIAN_POINT('',(-10.85,1.2,36.3545517328096));
#7260=VECTOR('',#7261,1.);
#7261=DIRECTION('',(-5.39778999686616E-16,-6.7472374960827E-17,1.));
#7262=CARTESIAN_POINT('',(-9.18485099360515E-16,2.4,25.));
#7263=AXIS2_PLACEMENT_3D('',#7264,#7265,#7266);
#7264=CARTESIAN_POINT('',(-1.83697019872103E-15,2.4,30.));
#7265=DIRECTION('',(0.,1.,6.12323399573677E-17));
#7266=DIRECTION('',(6.12323399573677E-17,6.12323399573677E-17,-1.));
#7267=CARTESIAN_POINT('',(2.75545529808154E-15,2.4,-35.));
#7268=AXIS2_PLACEMENT_3D('',#7269,#7270,#7271);
#7269=CARTESIAN_POINT('',(1.83697019872103E-15,2.4,-30.));
#7270=DIRECTION('',(0.,1.,6.12323399573677E-17));
#7271=DIRECTION('',(6.12323399573677E-17,6.12323399573677E-17,-1.));
#7272=CARTESIAN_POINT('',(9.18485099360515E-16,2.4,-5.));
#7273=AXIS2_PLACEMENT_3D('',#7274,#7275,#7276);
#7274=CARTESIAN_POINT('',(0.,2.4,1.46957615897682E-16));
#7275=DIRECTION('',(0.,1.,6.12323399573677E-17));
#7276=DIRECTION('',(6.12323399573677E-17,6.12323399573677E-17,-1.));
#7277=CARTESIAN_POINT('',(-8.,1.2,36.3));
#7278=AXIS2_PLACEMENT_3D('',#7279,#7280,#7281);
#7279=CARTESIAN_POINT('',(-8.,1.2,38.));
#7280=DIRECTION('',(0.,1.,6.12323399573677E-17));
#7281=DIRECTION('',(6.12323399573677E-17,6.12323399573677E-17,-1.));
#7282=CARTESIAN_POINT('',(-5.51091059616309E-16,2.4,23.));
#7283=AXIS2_PLACEMENT_3D('',#7284,#7285,#7286);
#7284=CARTESIAN_POINT('',(-1.83697019872103E-15,2.4,30.));
#7285=DIRECTION('',(0.,1.,6.12323399573677E-17));
#7286=DIRECTION('',(6.12323399573677E-17,6.12323399573677E-17,-1.));
#7287=CARTESIAN_POINT('',(1.28587913910472E-15,2.4,-7.));
#7288=AXIS2_PLACEMENT_3D('',#7289,#7290,#7291);
#7289=CARTESIAN_POINT('',(0.,2.4,1.46957615897682E-16));
#7290=DIRECTION('',(0.,1.,6.12323399573677E-17));
#7291=DIRECTION('',(6.12323399573677E-17,6.12323399573677E-17,-1.));
#7292=CARTESIAN_POINT('',(3.12284933782575E-15,2.4,-37.));
#7293=AXIS2_PLACEMENT_3D('',#7294,#7295,#7296);
#7294=CARTESIAN_POINT('',(1.83697019872103E-15,2.4,-30.));
#7295=DIRECTION('',(0.,1.,6.12323399573677E-17));
#7296=DIRECTION('',(6.12323399573677E-17,6.12323399573677E-17,-1.));
#7297=CARTESIAN_POINT('',(1.5,12.,0.));
#7298=AXIS2_PLACEMENT_3D('',#7299,#7300,#7301);
#7299=CARTESIAN_POINT('',(0.,12.,0.));
#7300=DIRECTION('',(0.,-1.,0.));
#7301=DIRECTION('',(1.,0.,0.));
#7302=CARTESIAN_POINT('',(1.5,10.,-1.83697019872103E-16));
#7303=AXIS2_PLACEMENT_3D('',#7304,#7305,#7306);
#7304=CARTESIAN_POINT('',(0.,10.,0.));
#7305=DIRECTION('',(0.,-1.,0.));
#7306=DIRECTION('',(1.,0.,0.));
#7307=CARTESIAN_POINT('',(1.5,6.6,-1.83697019872103E-16));
#7308=AXIS2_PLACEMENT_3D('',#7309,#7310,#7311);
#7309=CARTESIAN_POINT('',(0.,6.6,0.));
#7310=DIRECTION('',(0.,-1.,0.));
#7311=DIRECTION('',(1.,0.,0.));
#7312=CARTESIAN_POINT('',(1.5,2.4,0.));
#7313=AXIS2_PLACEMENT_3D('',#7314,#7315,#7316);
#7314=CARTESIAN_POINT('',(0.,2.4,0.));
#7315=DIRECTION('',(0.,-1.,0.));
#7316=DIRECTION('',(1.,0.,0.));
#7317=CARTESIAN_POINT('',(3.,3.,3.74699879903893));
#7318=CARTESIAN_POINT('',(3.,12.,3.74699879903904));
#7319=CARTESIAN_POINT('',(3.,12.,3.74699879903904));
#7320=VECTOR('',#7321,1.);
#7321=DIRECTION('',(0.,-1.,0.));
#7322=CARTESIAN_POINT('',(3.,3.,-3.74699879903893));
#7323=CARTESIAN_POINT('',(3.,3.,-3.74699879903882));
#7324=VECTOR('',#7325,1.);
#7325=DIRECTION('',(0.,0.,1.));
#7326=CARTESIAN_POINT('',(3.,12.,-3.74699879903904));
#7327=CARTESIAN_POINT('',(3.,12.,-3.74699879903904));
#7328=VECTOR('',#7329,1.);
#7329=DIRECTION('',(0.,-1.,0.));
#7330=CARTESIAN_POINT('',(3.,12.,-3.74699879903882));
#7331=VECTOR('',#7332,1.);
#7332=DIRECTION('',(0.,0.,1.));
#7333=CARTESIAN_POINT('',(3.,10.,-3.29089653438087));
#7334=CARTESIAN_POINT('',(3.,6.6,-3.29089653438087));
#7335=CARTESIAN_POINT('',(3.,10.,-3.29089653438087));
#7336=VECTOR('',#7337,1.);
#7337=DIRECTION('',(0.,-1.,0.));
#7338=CARTESIAN_POINT('',(3.,6.6,3.29089653438087));
#7339=CARTESIAN_POINT('',(3.,6.6,3.29089653438087));
#7340=VECTOR('',#7341,1.);
#7341=DIRECTION('',(0.,0.,-1.));
#7342=CARTESIAN_POINT('',(3.,10.,3.29089653438087));
#7343=CARTESIAN_POINT('',(3.,6.6,3.29089653438087));
#7344=VECTOR('',#7345,1.);
#7345=DIRECTION('',(0.,1.,0.));
#7346=CARTESIAN_POINT('',(3.,10.,3.29089653438087));
#7347=VECTOR('',#7348,1.);
#7348=DIRECTION('',(0.,0.,-1.));
#7349=CARTESIAN_POINT('',(-5.46005641363847E-17,6.6,-3.29089653438087));
#7350=CARTESIAN_POINT('',(3.,6.6,-3.29089653438087));
#7351=VECTOR('',#7352,1.);
#7352=DIRECTION('',(-1.,0.,0.));
#7353=CARTESIAN_POINT('',(-2.85,6.6,-1.64544826719043));
#7354=CARTESIAN_POINT('',(-5.46005641363847E-17,6.6,-3.29089653438087));
#7355=VECTOR('',#7356,1.);
#7356=DIRECTION('',(-0.866025403784439,0.,0.5));
#7357=CARTESIAN_POINT('',(-2.85,6.6,1.64544826719043));
#7358=CARTESIAN_POINT('',(-2.85,6.6,-1.64544826719043));
#7359=VECTOR('',#7360,1.);
#7360=DIRECTION('',(0.,0.,1.));
#7361=CARTESIAN_POINT('',(-8.29151144645526E-16,6.6,3.29089653438087));
#7362=CARTESIAN_POINT('',(-2.85,6.6,1.64544826719043));
#7363=VECTOR('',#7364,1.);
#7364=DIRECTION('',(0.866025403784439,0.,0.5));
#7365=CARTESIAN_POINT('',(-8.29151144645526E-16,6.6,3.29089653438087));
#7366=VECTOR('',#7367,1.);
#7367=DIRECTION('',(1.,0.,0.));
#7368=CARTESIAN_POINT('',(-8.29151144645526E-16,10.,3.29089653438087));
#7369=CARTESIAN_POINT('',(-8.29151144645526E-16,10.,3.29089653438087));
#7370=VECTOR('',#7371,1.);
#7371=DIRECTION('',(1.,0.,0.));
#7372=CARTESIAN_POINT('',(-2.85,10.,1.64544826719043));
#7373=CARTESIAN_POINT('',(-2.85,10.,1.64544826719043));
#7374=VECTOR('',#7375,1.);
#7375=DIRECTION('',(0.866025403784439,0.,0.5));
#7376=CARTESIAN_POINT('',(-2.85,10.,-1.64544826719043));
#7377=CARTESIAN_POINT('',(-2.85,10.,-1.64544826719043));
#7378=VECTOR('',#7379,1.);
#7379=DIRECTION('',(0.,0.,1.));
#7380=CARTESIAN_POINT('',(-5.46005641363847E-17,10.,-3.29089653438087));
#7381=CARTESIAN_POINT('',(-5.46005641363847E-17,10.,-3.29089653438087));
#7382=VECTOR('',#7383,1.);
#7383=DIRECTION('',(-0.866025403784439,0.,0.5));
#7384=CARTESIAN_POINT('',(3.,10.,-3.29089653438087));
#7385=VECTOR('',#7386,1.);
#7386=DIRECTION('',(-1.,0.,0.));
#7387=CARTESIAN_POINT('',(-1.08070938709786E-15,6.6,3.29089653438087));
#7388=VECTOR('',#7389,1.);
#7389=DIRECTION('',(0.,1.,0.));
#7390=CARTESIAN_POINT('',(-2.73002820681923E-17,6.6,-3.29089653438087));
#7391=VECTOR('',#7392,1.);
#7392=DIRECTION('',(0.,1.,0.));
#7393=AXIS2_PLACEMENT_3D('',#7394,#7395,#7396);
#7394=CARTESIAN_POINT('',(0.,12.,0.));
#7395=DIRECTION('',(0.,-1.,0.));
#7396=DIRECTION('',(0.625,0.,0.7806247497998));
#7397=CARTESIAN_POINT('',(2.05,2.4,0.));
#7398=AXIS2_PLACEMENT_3D('',#7399,#7400,#7401);
#7399=CARTESIAN_POINT('',(0.,2.4,0.));
#7400=DIRECTION('',(0.,-1.,0.));
#7401=DIRECTION('',(1.,0.,0.));
#7402=CARTESIAN_POINT('',(4.8,3.,-5.8783046359073E-16));
#7403=AXIS2_PLACEMENT_3D('',#7404,#7405,#7406);
#7404=CARTESIAN_POINT('',(0.,3.,0.));
#7405=DIRECTION('',(0.,-1.,0.));
#7406=DIRECTION('',(1.,0.,0.));
#7407=AXIS2_PLACEMENT_3D('',#7408,#7409,#7410);
#7408=CARTESIAN_POINT('',(0.,3.,0.));
#7409=DIRECTION('',(0.,-1.,0.));
#7410=DIRECTION('',(0.625,0.,-0.7806247497998));
#7411=CARTESIAN_POINT('',(4.8,1.6,0.));
#7412=AXIS2_PLACEMENT_3D('',#7413,#7414,#7415);
#7413=CARTESIAN_POINT('',(0.,1.6,0.));
#7414=DIRECTION('',(0.,-1.,0.));
#7415=DIRECTION('',(1.,0.,0.));
#7416=CARTESIAN_POINT('',(-2.85,6.6,-1.64544826719043));
#7417=VECTOR('',#7418,1.);
#7418=DIRECTION('',(0.,1.,0.));
#7419=CARTESIAN_POINT('',(-2.85,6.6,1.64544826719043));
#7420=VECTOR('',#7421,1.);
#7421=DIRECTION('',(0.,1.,0.));
#7422=CARTESIAN_POINT('',(2.05,0.4,-2.51052593825207E-16));
#7423=AXIS2_PLACEMENT_3D('',#7424,#7425,#7426);
#7424=CARTESIAN_POINT('',(0.,0.4,0.));
#7425=DIRECTION('',(0.,-1.,0.));
#7426=DIRECTION('',(1.,0.,0.));
#7427=CARTESIAN_POINT('',(6.5,1.6,0.));
#7428=AXIS2_PLACEMENT_3D('',#7429,#7430,#7431);
#7429=CARTESIAN_POINT('',(0.,1.6,0.));
#7430=DIRECTION('',(0.,-1.,0.));
#7431=DIRECTION('',(1.,0.,0.));
#7432=CARTESIAN_POINT('',(2.45,5.8387436013534E-47,-3.00038465791101E-16));
#7433=AXIS2_PLACEMENT_3D('',#7434,#7435,#7436);
#7434=CARTESIAN_POINT('',(0.,1.75162308040602E-46,0.));
#7435=DIRECTION('',(0.,-1.,0.));
#7436=DIRECTION('',(1.,0.,0.));
#7437=CARTESIAN_POINT('',(6.5,-1.75162308040602E-46,0.));
#7438=AXIS2_PLACEMENT_3D('',#7439,#7440,#7441);
#7439=CARTESIAN_POINT('',(0.,1.75162308040602E-46,0.));
#7440=DIRECTION('',(0.,-1.,0.));
#7441=DIRECTION('',(1.,0.,0.));
#7442=CARTESIAN_POINT('',(-3.70820393249935,18.,5.10390485011225));
#7443=CARTESIAN_POINT('',(1.19904086659517E-14,18.,6.3087733454296));
#7444=CARTESIAN_POINT('',(-3.70820393249935,18.,5.10390485011225));
#7445=VECTOR('',#7446,1.);
#7446=DIRECTION('',(0.951056516295154,0.,0.309016994374945));
#7447=CARTESIAN_POINT('',(3.70820393249938,18.,5.10390485011223));
#7448=CARTESIAN_POINT('',(1.15463194561016E-14,18.,6.3087733454296));
#7449=VECTOR('',#7450,1.);
#7450=DIRECTION('',(0.951056516295153,0.,-0.309016994374949));
#7451=CARTESIAN_POINT('',(6.,18.,1.94951817739742));
#7452=CARTESIAN_POINT('',(3.70820393249938,18.,5.10390485011223));
#7453=VECTOR('',#7454,1.);
#7454=DIRECTION('',(0.58778525229247,0.,-0.809016994374949));
#7455=CARTESIAN_POINT('',(6.,18.,-1.94951817739745));
#7456=CARTESIAN_POINT('',(6.,18.,1.94951817739742));
#7457=VECTOR('',#7458,1.);
#7458=DIRECTION('',(0.,0.,-1.));
#7459=CARTESIAN_POINT('',(3.70820393249935,18.,-5.10390485011225));
#7460=CARTESIAN_POINT('',(6.,18.,-1.94951817739745));
#7461=VECTOR('',#7462,1.);
#7462=DIRECTION('',(-0.587785252292476,0.,-0.809016994374946));
#7463=CARTESIAN_POINT('',(-2.30926389122033E-14,18.,-6.3087733454296));
#7464=CARTESIAN_POINT('',(3.70820393249936,18.,-5.10390485011225));
#7465=VECTOR('',#7466,1.);
#7466=DIRECTION('',(-0.951056516295155,0.,-0.309016994374944));
#7467=CARTESIAN_POINT('',(-3.70820393249939,18.,-5.10390485011223));
#7468=CARTESIAN_POINT('',(-2.26485497023532E-14,18.,-6.3087733454296));
#7469=VECTOR('',#7470,1.);
#7470=DIRECTION('',(-0.951056516295153,0.,0.30901699437495));
#7471=CARTESIAN_POINT('',(-6.,18.,-1.94951817739743));
#7472=CARTESIAN_POINT('',(-3.70820393249939,18.,-5.10390485011223));
#7473=VECTOR('',#7474,1.);
#7474=DIRECTION('',(-0.587785252292471,0.,0.809016994374949));
#7475=CARTESIAN_POINT('',(-5.99999999999999,18.,1.94951817739745));
#7476=CARTESIAN_POINT('',(-6.,18.,-1.94951817739743));
#7477=VECTOR('',#7478,1.);
#7478=DIRECTION('',(3.18912078378297E-15,0.,1.));
#7479=CARTESIAN_POINT('',(-5.99999999999999,18.,1.94951817739745));
#7480=VECTOR('',#7481,1.);
#7481=DIRECTION('',(0.587785252292475,0.,0.809016994374946));
#7482=CARTESIAN_POINT('',(4.8,18.,5.8783046359073E-16));
#7483=AXIS2_PLACEMENT_3D('',#7484,#7485,#7486);
#7484=CARTESIAN_POINT('',(0.,18.,0.));
#7485=DIRECTION('',(0.,1.,0.));
#7486=DIRECTION('',(1.,0.,0.));
#7487=CARTESIAN_POINT('',(3.19999999999968,13.,3.57770876400059));
#7488=CARTESIAN_POINT('',(3.19999999999968,13.,-3.57770876400058));
#7489=AXIS2_PLACEMENT_3D('',#7490,#7491,#7492);
#7490=CARTESIAN_POINT('',(0.,13.,0.));
#7491=DIRECTION('',(0.,1.,0.));
#7492=DIRECTION('',(0.666666666666535,0.,-0.745355992500048));
#7493=CARTESIAN_POINT('',(3.19999999999968,4.,3.57770876400059));
#7494=CARTESIAN_POINT('',(3.19999999999968,4.,3.57770876400059));
#7495=VECTOR('',#7496,1.);
#7496=DIRECTION('',(0.,1.,0.));
#7497=CARTESIAN_POINT('',(3.19999999999968,4.,-3.57770876400058));
#7498=AXIS2_PLACEMENT_3D('',#7499,#7500,#7501);
#7499=CARTESIAN_POINT('',(0.,4.,0.));
#7500=DIRECTION('',(0.,1.,6.12323399573677E-17));
#7501=DIRECTION('',(0.666666666666535,4.56398915220241E-17,-0.745355992500048));
#7502=CARTESIAN_POINT('',(3.19999999999968,4.,-3.57770876400058));
#7503=VECTOR('',#7504,1.);
#7504=DIRECTION('',(0.,1.,0.));
#7505=CARTESIAN_POINT('',(3.2,13.,-3.57770876400094));
#7506=VECTOR('',#7507,1.);
#7507=DIRECTION('',(0.,0.,1.));
#7508=CARTESIAN_POINT('',(3.2,4.,3.57770876400094));
#7509=VECTOR('',#7510,1.);
#7510=DIRECTION('',(0.,0.,-1.));
#7511=CARTESIAN_POINT('',(1.8,13.,2.20436423846524E-16));
#7512=AXIS2_PLACEMENT_3D('',#7513,#7514,#7515);
#7513=CARTESIAN_POINT('',(0.,13.,0.));
#7514=DIRECTION('',(0.,1.,0.));
#7515=DIRECTION('',(1.,0.,0.));
#7516=CARTESIAN_POINT('',(-7.80901699437495,4.4,-2.8622231259228));
#7517=CARTESIAN_POINT('',(-5.13525491562423,4.4,-6.54234091075674));
#7518=CARTESIAN_POINT('',(-5.13525491562423,4.4,-6.54234091075674));
#7519=VECTOR('',#7520,1.);
#7520=DIRECTION('',(-0.587785252292471,0.,0.809016994374949));
#7521=CARTESIAN_POINT('',(-7.80901699437495,16.,-2.8622231259228));
#7522=CARTESIAN_POINT('',(-7.80901699437495,4.4,-2.8622231259228));
#7523=VECTOR('',#7524,1.);
#7524=DIRECTION('',(-7.65671051465625E-17,1.,0.));
#7525=CARTESIAN_POINT('',(-5.13525491562423,16.,-6.54234091075674));
#7526=CARTESIAN_POINT('',(-5.13525491562423,16.,-6.54234091075674));
#7527=VECTOR('',#7528,1.);
#7528=DIRECTION('',(-0.587785252292471,0.,0.809016994374949));
#7529=CARTESIAN_POINT('',(-5.13525491562423,4.4,-6.54234091075674));
#7530=VECTOR('',#7531,1.);
#7531=DIRECTION('',(0.,1.,0.));
#7532=CARTESIAN_POINT('',(-7.99999999999999,4.4,2.27443787363037));
#7533=CARTESIAN_POINT('',(-8.00000000000001,4.4,-2.27443787363032));
#7534=CARTESIAN_POINT('',(-8.00000000000001,4.4,-2.27443787363032));
#7535=VECTOR('',#7536,1.);
#7536=DIRECTION('',(3.12403668615475E-15,0.,1.));
#7537=CARTESIAN_POINT('',(-7.99999999999999,16.,2.27443787363036));
#7538=CARTESIAN_POINT('',(-7.99999999999999,4.4,2.27443787363037));
#7539=VECTOR('',#7540,1.);
#7540=DIRECTION('',(0.,1.,0.));
#7541=CARTESIAN_POINT('',(-8.00000000000001,16.,-2.27443787363032));
#7542=CARTESIAN_POINT('',(-8.00000000000001,16.,-2.27443787363032));
#7543=VECTOR('',#7544,1.);
#7544=DIRECTION('',(3.12403668615475E-15,0.,1.));
#7545=CARTESIAN_POINT('',(-8.00000000000001,4.4,-2.27443787363032));
#7546=VECTOR('',#7547,1.);
#7547=DIRECTION('',(0.,1.,0.));
#7548=CARTESIAN_POINT('',(-5.13525491562419,4.4,6.54234091075677));
#7549=CARTESIAN_POINT('',(-7.80901699437494,4.4,2.86222312592284));
#7550=CARTESIAN_POINT('',(-7.80901699437494,4.4,2.86222312592284));
#7551=VECTOR('',#7552,1.);
#7552=DIRECTION('',(0.587785252292475,-1.95252292884672E-16,0.809016994374946));
#7553=CARTESIAN_POINT('',(-5.13525491562419,16.,6.54234091075677));
#7554=CARTESIAN_POINT('',(-5.13525491562419,4.4,6.54234091075677));
#7555=VECTOR('',#7556,1.);
#7556=DIRECTION('',(0.,1.,0.));
#7557=CARTESIAN_POINT('',(-7.80901699437494,16.,2.86222312592284));
#7558=CARTESIAN_POINT('',(-7.80901699437494,16.,2.86222312592284));
#7559=VECTOR('',#7560,1.);
#7560=DIRECTION('',(0.587785252292475,0.,0.809016994374946));
#7561=CARTESIAN_POINT('',(-7.80901699437494,4.4,2.86222312592284));
#7562=VECTOR('',#7563,1.);
#7563=DIRECTION('',(0.,1.,0.));
#7564=CARTESIAN_POINT('',(-0.309016994374929,4.4,8.31129208596303));
#7565=CARTESIAN_POINT('',(-4.63525491562419,4.4,6.90561217475945));
#7566=CARTESIAN_POINT('',(-4.63525491562419,4.4,6.90561217475945));
#7567=VECTOR('',#7568,1.);
#7568=DIRECTION('',(0.951056516295155,0.,0.309016994374945));
#7569=CARTESIAN_POINT('',(-0.309016994374929,16.,8.31129208596303));
#7570=CARTESIAN_POINT('',(-0.309016994374929,4.4,8.31129208596303));
#7571=VECTOR('',#7572,1.);
#7572=DIRECTION('',(4.78544407166016E-17,1.,0.));
#7573=CARTESIAN_POINT('',(-4.63525491562419,16.,6.90561217475945));
#7574=CARTESIAN_POINT('',(-4.63525491562419,16.,6.90561217475945));
#7575=VECTOR('',#7576,1.);
#7576=DIRECTION('',(0.951056516295154,0.,0.309016994374945));
#7577=CARTESIAN_POINT('',(-4.63525491562419,4.4,6.90561217475945));
#7578=VECTOR('',#7579,1.);
#7579=DIRECTION('',(0.,1.,0.));
#7580=CARTESIAN_POINT('',(4.63525491562423,4.4,6.90561217475943));
#7581=CARTESIAN_POINT('',(0.309016994374964,4.4,8.31129208596302));
#7582=CARTESIAN_POINT('',(0.309016994374964,4.4,8.31129208596302));
#7583=VECTOR('',#7584,1.);
#7584=DIRECTION('',(0.951056516295153,0.,-0.309016994374949));
#7585=CARTESIAN_POINT('',(4.63525491562423,16.,6.90561217475943));
#7586=CARTESIAN_POINT('',(4.63525491562423,4.4,6.90561217475943));
#7587=VECTOR('',#7588,1.);
#7588=DIRECTION('',(0.,1.,0.));
#7589=CARTESIAN_POINT('',(0.309016994374963,16.,8.31129208596302));
#7590=CARTESIAN_POINT('',(0.309016994374963,16.,8.31129208596302));
#7591=VECTOR('',#7592,1.);
#7592=DIRECTION('',(0.951056516295153,0.,-0.309016994374949));
#7593=CARTESIAN_POINT('',(0.309016994374964,4.4,8.31129208596302));
#7594=VECTOR('',#7595,1.);
#7595=DIRECTION('',(9.57088814332032E-18,1.,0.));
#7596=CARTESIAN_POINT('',(7.80901699437495,4.4,2.8622231259228));
#7597=CARTESIAN_POINT('',(5.13525491562423,4.4,6.54234091075674));
#7598=CARTESIAN_POINT('',(5.13525491562423,4.4,6.54234091075674));
#7599=VECTOR('',#7600,1.);
#7600=DIRECTION('',(0.587785252292471,1.95252292884672E-16,-0.809016994374949));
#7601=CARTESIAN_POINT('',(7.80901699437495,16.,2.8622231259228));
#7602=CARTESIAN_POINT('',(7.80901699437495,4.4,2.8622231259228));
#7603=VECTOR('',#7604,1.);
#7604=DIRECTION('',(0.,1.,0.));
#7605=CARTESIAN_POINT('',(5.13525491562423,16.,6.54234091075674));
#7606=CARTESIAN_POINT('',(5.13525491562423,16.,6.54234091075674));
#7607=VECTOR('',#7608,1.);
#7608=DIRECTION('',(0.58778525229247,0.,-0.80901699437495));
#7609=CARTESIAN_POINT('',(5.13525491562423,4.4,6.54234091075674));
#7610=VECTOR('',#7611,1.);
#7611=DIRECTION('',(0.,1.,0.));
#7612=CARTESIAN_POINT('',(8.,4.4,-2.27443787363035));
#7613=CARTESIAN_POINT('',(8.,4.4,2.27443787363033));
#7614=CARTESIAN_POINT('',(8.,4.4,2.27443787363033));
#7615=VECTOR('',#7616,1.);
#7616=DIRECTION('',(0.,0.,-1.));
#7617=CARTESIAN_POINT('',(8.,16.,-2.27443787363036));
#7618=CARTESIAN_POINT('',(8.,4.4,-2.27443787363036));
#7619=VECTOR('',#7620,1.);
#7620=DIRECTION('',(0.,1.,0.));
#7621=CARTESIAN_POINT('',(8.,16.,2.27443787363033));
#7622=CARTESIAN_POINT('',(8.,16.,2.27443787363033));
#7623=VECTOR('',#7624,1.);
#7624=DIRECTION('',(0.,0.,-1.));
#7625=CARTESIAN_POINT('',(8.,4.4,2.27443787363033));
#7626=VECTOR('',#7627,1.);
#7627=DIRECTION('',(0.,1.,0.));
#7628=CARTESIAN_POINT('',(5.13525491562419,4.4,-6.54234091075677));
#7629=CARTESIAN_POINT('',(7.80901699437495,4.4,-2.86222312592283));
#7630=CARTESIAN_POINT('',(7.80901699437494,4.4,-2.86222312592283));
#7631=VECTOR('',#7632,1.);
#7632=DIRECTION('',(-0.587785252292475,0.,-0.809016994374946));
#7633=CARTESIAN_POINT('',(5.13525491562419,16.,-6.54234091075677));
#7634=CARTESIAN_POINT('',(5.13525491562419,4.4,-6.54234091075677));
#7635=VECTOR('',#7636,1.);
#7636=DIRECTION('',(0.,1.,0.));
#7637=CARTESIAN_POINT('',(7.80901699437495,16.,-2.86222312592283));
#7638=CARTESIAN_POINT('',(7.80901699437494,16.,-2.86222312592283));
#7639=VECTOR('',#7640,1.);
#7640=DIRECTION('',(-0.587785252292475,7.81009171538686E-16,-0.809016994374946));
#7641=CARTESIAN_POINT('',(7.80901699437495,4.4,-2.86222312592283));
#7642=VECTOR('',#7643,1.);
#7643=DIRECTION('',(0.,1.,0.));
#7644=CARTESIAN_POINT('',(0.309016994374919,4.4,-8.31129208596302));
#7645=CARTESIAN_POINT('',(4.63525491562419,4.4,-6.90561217475945));
#7646=CARTESIAN_POINT('',(4.63525491562419,4.4,-6.90561217475945));
#7647=VECTOR('',#7648,1.);
#7648=DIRECTION('',(-0.951056516295155,0.,-0.309016994374943));
#7649=CARTESIAN_POINT('',(0.309016994374919,16.,-8.31129208596302));
#7650=CARTESIAN_POINT('',(0.309016994374919,4.4,-8.31129208596302));
#7651=VECTOR('',#7652,1.);
#7652=DIRECTION('',(-4.78544407166016E-17,1.,-1.53134210293125E-16));
#7653=CARTESIAN_POINT('',(4.63525491562419,16.,-6.90561217475945));
#7654=CARTESIAN_POINT('',(4.63525491562419,16.,-6.90561217475945));
#7655=VECTOR('',#7656,1.);
#7656=DIRECTION('',(-0.951056516295155,0.,-0.309016994374944));
#7657=CARTESIAN_POINT('',(4.63525491562419,4.4,-6.90561217475945));
#7658=VECTOR('',#7659,1.);
#7659=DIRECTION('',(0.,1.,0.));
#7660=CARTESIAN_POINT('',(-4.63525491562423,4.4,-6.90561217475942));
#7661=CARTESIAN_POINT('',(-0.309016994374975,4.4,-8.31129208596302));
#7662=CARTESIAN_POINT('',(-0.309016994374976,4.4,-8.31129208596302));
#7663=VECTOR('',#7664,1.);
#7664=DIRECTION('',(-0.951056516295153,-3.90504585769345E-16,0.30901699437495));
#7665=CARTESIAN_POINT('',(-4.63525491562423,16.,-6.90561217475942));
#7666=CARTESIAN_POINT('',(-4.63525491562423,4.4,-6.90561217475942));
#7667=VECTOR('',#7668,1.);
#7668=DIRECTION('',(-7.65671051465625E-17,1.,0.));
#7669=CARTESIAN_POINT('',(-0.309016994374976,16.,-8.31129208596302));
#7670=CARTESIAN_POINT('',(-0.309016994374976,16.,-8.31129208596302));
#7671=VECTOR('',#7672,1.);
#7672=DIRECTION('',(-0.951056516295153,0.,0.30901699437495));
#7673=CARTESIAN_POINT('',(-0.309016994374975,4.4,-8.31129208596302));
#7674=VECTOR('',#7675,1.);
#7675=DIRECTION('',(-1.43563322149805E-17,1.,0.));
#7676=CARTESIAN_POINT('',(1.8,15.,2.20436423846524E-16));
#7677=AXIS2_PLACEMENT_3D('',#7678,#7679,#7680);
#7678=CARTESIAN_POINT('',(0.,15.,0.));
#7679=DIRECTION('',(0.,1.,0.));
#7680=DIRECTION('',(1.,0.,0.));
#7681=CARTESIAN_POINT('',(7.6,4.,-2.27443787363035));
#7682=CARTESIAN_POINT('',(7.6,4.,2.27443787363033));
#7683=CARTESIAN_POINT('',(7.6,4.,2.27443787363033));
#7684=VECTOR('',#7685,1.);
#7685=DIRECTION('',(0.,0.,-1.));
#7686=CARTESIAN_POINT('',(7.48541019662497,4.,2.62710902500581));
#7687=AXIS2_PLACEMENT_3D('',#7688,#7689,#7690);
#7688=CARTESIAN_POINT('',(7.,4.,2.27443787363033));
#7689=DIRECTION('',(0.,-1.,-6.12323399573677E-17));
#7690=DIRECTION('',(1.,0.,0.));
#7691=CARTESIAN_POINT('',(4.81164811787425,4.,6.30722680983975));
#7692=CARTESIAN_POINT('',(4.81164811787425,4.,6.30722680983975));
#7693=VECTOR('',#7694,1.);
#7694=DIRECTION('',(0.58778525229247,9.76261464423361E-17,-0.80901699437495));
#7695=CARTESIAN_POINT('',(4.51164811787425,4.,6.52518956824136));
#7696=AXIS2_PLACEMENT_3D('',#7697,#7698,#7699);
#7697=CARTESIAN_POINT('',(4.32623792124928,4.,5.95455565846427));
#7698=DIRECTION('',(0.,-1.,-6.12323399573677E-17));
#7699=DIRECTION('',(0.809016994374949,-3.59914663902997E-17,0.587785252292471));
#7700=CARTESIAN_POINT('',(0.185410196624985,4.,7.93086947944496));
#7701=CARTESIAN_POINT('',(0.185410196624985,4.,7.93086947944496));
#7702=VECTOR('',#7703,1.);
#7703=DIRECTION('',(0.951056516295153,0.,-0.309016994374949));
#7704=CARTESIAN_POINT('',(-0.185410196624951,4.,7.93086947944496));
#7705=AXIS2_PLACEMENT_3D('',#7706,#7707,#7708);
#7706=CARTESIAN_POINT('',(1.5709655798446E-14,4.,7.36023556966787));
#7707=DIRECTION('',(0.,-1.,-6.12323399573677E-17));
#7708=DIRECTION('',(0.309016994374948,-5.82354159244546E-17,0.951056516295153));
#7709=CARTESIAN_POINT('',(-4.51164811787421,4.,6.52518956824138));
#7710=CARTESIAN_POINT('',(-4.51164811787422,4.,6.52518956824138));
#7711=VECTOR('',#7712,1.);
#7712=DIRECTION('',(0.951056516295154,0.,0.309016994374945));
#7713=CARTESIAN_POINT('',(-4.81164811787422,4.,6.30722680983978));
#7714=AXIS2_PLACEMENT_3D('',#7715,#7716,#7717);
#7715=CARTESIAN_POINT('',(-4.32623792124925,4.,5.95455565846429));
#7716=DIRECTION('',(0.,-1.,-6.12323399573676E-17));
#7717=DIRECTION('',(-0.309016994374945,-5.82354159244546E-17,0.951056516295154));
#7718=CARTESIAN_POINT('',(-7.48541019662496,4.,2.62710902500585));
#7719=CARTESIAN_POINT('',(-7.48541019662496,4.,2.62710902500585));
#7720=VECTOR('',#7721,1.);
#7721=DIRECTION('',(0.587785252292474,-9.7626146442336E-17,0.809016994374946));
#7722=CARTESIAN_POINT('',(-7.59999999999999,4.,2.27443787363036));
#7723=AXIS2_PLACEMENT_3D('',#7724,#7725,#7726);
#7724=CARTESIAN_POINT('',(-6.99999999999999,4.,2.27443787363036));
#7725=DIRECTION('',(0.,-1.,-6.12323399573677E-17));
#7726=DIRECTION('',(-0.809016994374947,-3.59914663902998E-17,0.587785252292473));
#7727=CARTESIAN_POINT('',(-7.6,4.,-2.27443787363032));
#7728=CARTESIAN_POINT('',(-7.6,4.,-2.27443787363032));
#7729=VECTOR('',#7730,1.);
#7730=DIRECTION('',(2.92878439327008E-15,0.,1.));
#7731=CARTESIAN_POINT('',(-7.48541019662497,4.,-2.62710902500581));
#7732=AXIS2_PLACEMENT_3D('',#7733,#7734,#7735);
#7733=CARTESIAN_POINT('',(-7.00000000000001,4.,-2.27443787363032));
#7734=DIRECTION('',(0.,-1.,-6.12323399573677E-17));
#7735=DIRECTION('',(-1.,-1.35963107344689E-31,2.22044604925031E-15));
#7736=CARTESIAN_POINT('',(-4.81164811787425,4.,-6.30722680983975));
#7737=CARTESIAN_POINT('',(-4.81164811787425,4.,-6.30722680983975));
#7738=VECTOR('',#7739,1.);
#7739=DIRECTION('',(-0.587785252292471,0.,0.809016994374949));
#7740=CARTESIAN_POINT('',(-4.51164811787425,4.,-6.52518956824136));
#7741=AXIS2_PLACEMENT_3D('',#7742,#7743,#7744);
#7742=CARTESIAN_POINT('',(-4.32623792124928,4.,-5.95455565846427));
#7743=DIRECTION('',(0.,-1.,-6.12323399573677E-17));
#7744=DIRECTION('',(-0.80901699437495,3.59914663902997E-17,-0.587785252292471));
#7745=CARTESIAN_POINT('',(-0.185410196624996,4.,-7.93086947944496));
#7746=CARTESIAN_POINT('',(-0.185410196624996,4.,-7.93086947944496));
#7747=VECTOR('',#7748,1.);
#7748=DIRECTION('',(-0.951056516295153,-1.95252292884672E-16,0.30901699437495));
#7749=CARTESIAN_POINT('',(0.185410196624942,4.,-7.93086947944496));
#7750=AXIS2_PLACEMENT_3D('',#7751,#7752,#7753);
#7751=CARTESIAN_POINT('',(-2.49245069028348E-14,4.,-7.36023556966787));
#7752=DIRECTION('',(0.,-1.,-6.12323399573677E-17));
#7753=DIRECTION('',(-0.30901699437495,5.82354159244546E-17,-0.951056516295153));
#7754=CARTESIAN_POINT('',(4.51164811787421,4.,-6.52518956824139));
#7755=CARTESIAN_POINT('',(4.51164811787421,4.,-6.52518956824139));
#7756=VECTOR('',#7757,1.);
#7757=DIRECTION('',(-0.951056516295155,1.95252292884672E-16,-0.309016994374944));
#7758=CARTESIAN_POINT('',(4.81164811787421,4.,-6.30722680983978));
#7759=AXIS2_PLACEMENT_3D('',#7760,#7761,#7762);
#7760=CARTESIAN_POINT('',(4.32623792124924,4.,-5.9545556584643));
#7761=DIRECTION('',(-3.08148791101958E-33,-1.,-6.12323399573677E-17));
#7762=DIRECTION('',(0.309016994374944,5.82354159244547E-17,-0.951056516295155));
#7763=CARTESIAN_POINT('',(7.48541019662497,4.,-2.62710902500584));
#7764=CARTESIAN_POINT('',(7.48541019662497,4.,-2.62710902500584));
#7765=VECTOR('',#7766,1.);
#7766=DIRECTION('',(-0.587785252292475,0.,-0.809016994374946));
#7767=AXIS2_PLACEMENT_3D('',#7768,#7769,#7770);
#7768=CARTESIAN_POINT('',(7.,4.,-2.27443787363035));
#7769=DIRECTION('',(0.,-1.,-6.12323399573677E-17));
#7770=DIRECTION('',(0.809016994374946,3.59914663903E-17,-0.587785252292475));
#7771=AXIS2_PLACEMENT_3D('',#7772,#7773,#7774);
#7772=CARTESIAN_POINT('',(-7.00000000000001,4.4,-2.27443787363033));
#7773=DIRECTION('',(0.,-1.,0.));
#7774=DIRECTION('',(-1.,0.,3.10862446895044E-15));
#7775=AXIS2_PLACEMENT_3D('',#7776,#7777,#7778);
#7776=CARTESIAN_POINT('',(-7.00000000000001,16.,-2.27443787363033));
#7777=DIRECTION('',(0.,1.,0.));
#7778=DIRECTION('',(-0.809016994374949,0.,-0.587785252292471));
#7779=AXIS2_PLACEMENT_3D('',#7780,#7781,#7782);
#7780=CARTESIAN_POINT('',(-4.32623792124928,4.4,-5.95455565846427));
#7781=DIRECTION('',(0.,-1.,0.));
#7782=DIRECTION('',(-0.809016994374949,0.,-0.587785252292471));
#7783=AXIS2_PLACEMENT_3D('',#7784,#7785,#7786);
#7784=CARTESIAN_POINT('',(-4.32623792124928,16.,-5.95455565846427));
#7785=DIRECTION('',(0.,1.,0.));
#7786=DIRECTION('',(-0.30901699437495,0.,-0.951056516295153));
#7787=AXIS2_PLACEMENT_3D('',#7788,#7789,#7790);
#7788=CARTESIAN_POINT('',(-6.99999999999999,4.4,2.27443787363036));
#7789=DIRECTION('',(0.,-1.,0.));
#7790=DIRECTION('',(-0.809016994374946,0.,0.587785252292475));
#7791=AXIS2_PLACEMENT_3D('',#7792,#7793,#7794);
#7792=CARTESIAN_POINT('',(-6.99999999999999,16.,2.27443787363036));
#7793=DIRECTION('',(0.,1.,0.));
#7794=DIRECTION('',(-1.,0.,3.38618022510673E-15));
#7795=AXIS2_PLACEMENT_3D('',#7796,#7797,#7798);
#7796=CARTESIAN_POINT('',(-4.32623792124925,4.4,5.95455565846429));
#7797=DIRECTION('',(0.,-1.,0.));
#7798=DIRECTION('',(-0.309016994374945,0.,0.951056516295155));
#7799=AXIS2_PLACEMENT_3D('',#7800,#7801,#7802);
#7800=CARTESIAN_POINT('',(-4.32623792124925,16.,5.95455565846429));
#7801=DIRECTION('',(0.,1.,0.));
#7802=DIRECTION('',(-0.809016994374946,0.,0.587785252292475));
#7803=AXIS2_PLACEMENT_3D('',#7804,#7805,#7806);
#7804=CARTESIAN_POINT('',(1.5798473640416E-14,4.4,7.36023556966787));
#7805=DIRECTION('',(-2.01858731750029E-17,-1.,7.70371977754895E-34));
#7806=DIRECTION('',(0.309016994374949,-6.23777785737328E-18,0.951056516295153));
#7807=AXIS2_PLACEMENT_3D('',#7808,#7809,#7810);
#7808=CARTESIAN_POINT('',(1.6032629769246E-14,16.,7.36023556966787));
#7809=DIRECTION('',(2.01858731750029E-17,1.,-7.70371977754895E-34));
#7810=DIRECTION('',(-0.309016994374944,6.2377778573732E-18,0.951056516295155));
#7811=AXIS2_PLACEMENT_3D('',#7812,#7813,#7814);
#7812=CARTESIAN_POINT('',(4.32623792124928,4.4,5.95455565846427));
#7813=DIRECTION('',(0.,-1.,0.));
#7814=DIRECTION('',(0.80901699437495,0.,0.58778525229247));
#7815=AXIS2_PLACEMENT_3D('',#7816,#7817,#7818);
#7816=CARTESIAN_POINT('',(4.32623792124928,16.,5.95455565846427));
#7817=DIRECTION('',(0.,1.,0.));
#7818=DIRECTION('',(0.30901699437495,0.,0.951056516295153));
#7819=AXIS2_PLACEMENT_3D('',#7820,#7821,#7822);
#7820=CARTESIAN_POINT('',(7.,4.4,2.27443787363033));
#7821=DIRECTION('',(0.,-1.,0.));
#7822=DIRECTION('',(1.,0.,0.));
#7823=AXIS2_PLACEMENT_3D('',#7824,#7825,#7826);
#7824=CARTESIAN_POINT('',(7.,16.,2.27443787363033));
#7825=DIRECTION('',(0.,1.,0.));
#7826=DIRECTION('',(0.809016994374949,0.,0.58778525229247));
#7827=AXIS2_PLACEMENT_3D('',#7828,#7829,#7830);
#7828=CARTESIAN_POINT('',(7.,4.4,-2.27443787363036));
#7829=DIRECTION('',(0.,-1.,0.));
#7830=DIRECTION('',(0.809016994374946,0.,-0.587785252292476));
#7831=AXIS2_PLACEMENT_3D('',#7832,#7833,#7834);
#7832=CARTESIAN_POINT('',(7.,16.,-2.27443787363036));
#7833=DIRECTION('',(0.,1.,0.));
#7834=DIRECTION('',(1.,0.,-2.77555756156289E-16));
#7835=AXIS2_PLACEMENT_3D('',#7836,#7837,#7838);
#7836=CARTESIAN_POINT('',(4.32623792124924,4.4,-5.9545556584643));
#7837=DIRECTION('',(0.,-1.,0.));
#7838=DIRECTION('',(0.309016994374944,0.,-0.951056516295155));
#7839=AXIS2_PLACEMENT_3D('',#7840,#7841,#7842);
#7840=CARTESIAN_POINT('',(4.32623792124924,16.,-5.9545556584643));
#7841=DIRECTION('',(0.,1.,0.));
#7842=DIRECTION('',(0.809016994374946,0.,-0.587785252292475));
#7843=AXIS2_PLACEMENT_3D('',#7844,#7845,#7846);
#7844=CARTESIAN_POINT('',(-2.50188758599279E-14,4.4,-7.36023556966787));
#7845=DIRECTION('',(2.14474902484405E-17,-1.,0.));
#7846=DIRECTION('',(-0.30901699437495,-6.62763897345914E-18,-0.951056516295153));
#7847=AXIS2_PLACEMENT_3D('',#7848,#7849,#7850);
#7848=CARTESIAN_POINT('',(-2.52676667468098E-14,16.,-7.36023556966787));
#7849=DIRECTION('',(-2.14474902484405E-17,1.,0.));
#7850=DIRECTION('',(0.309016994374943,6.627638973459E-18,-0.951056516295155));
#7851=CARTESIAN_POINT('',(1.24344978758018E-14,18.,6.3087733454296));
#7852=CARTESIAN_POINT('',(-0.0180573041591331,18.,6.42589438228696));
#7853=CARTESIAN_POINT('',(-0.051898908200753,17.9807538436076,6.64505091969985));
#7854=CARTESIAN_POINT('',(-0.0984009814498637,17.9032710240235,6.94644926760946));
#7855=CARTESIAN_POINT('',(-0.139236384661521,17.7925817557208,7.21106261348325));
#7856=CARTESIAN_POINT('',(-0.176419395005688,17.6501186589633,7.4520222913508));
#7857=CARTESIAN_POINT('',(-0.210405368162929,17.4738517661,7.67226029161252));
#7858=CARTESIAN_POINT('',(-0.240197339208005,17.2685526738241,7.8653210318549));
#7859=CARTESIAN_POINT('',(-0.265047556023458,17.0407249901013,8.02635750384835));
#7860=CARTESIAN_POINT('',(-0.284574082422524,16.7954967825869,8.1528950102362));
#7861=CARTESIAN_POINT('',(-0.298626855134429,16.537554320077,8.24396100323525));
#7862=CARTESIAN_POINT('',(-0.307114315925214,16.2715325850091,8.29896218422376));
#7863=CARTESIAN_POINT('',(-0.309016994374931,16.0905642799574,8.31129208596303));
#7864=CARTESIAN_POINT('',(-0.309016994374931,16.,8.31129208596303));
#7865=CARTESIAN_POINT('',(-3.70820393249935,18.,5.10390485011225));
#7866=CARTESIAN_POINT('',(-3.76243728476134,18.,5.20927157641221));
#7867=CARTESIAN_POINT('',(-3.86387583261173,17.9807538436067,5.40646453538149));
#7868=CARTESIAN_POINT('',(-4.00341236904806,17.9032710240197,5.67763415377757));
#7869=CARTESIAN_POINT('',(-4.12591165614249,17.7925817557144,5.91571329530785));
#7870=CARTESIAN_POINT('',(-4.23746251391909,17.6501186589554,6.13250939477681));
#7871=CARTESIAN_POINT('',(-4.33941993261208,17.4738517660908,6.33066213360101));
#7872=CARTESIAN_POINT('',(-4.42879597765106,17.2685526738138,6.50436283461924));
#7873=CARTESIAN_POINT('',(-4.50334659325167,17.0407249900901,6.64925066813505));
#7874=CARTESIAN_POINT('',(-4.56192618166958,16.795496782575,6.76309906547308));
#7875=CARTESIAN_POINT('',(-4.60408449739682,16.5375543200657,6.84503301397093));
#7876=CARTESIAN_POINT('',(-4.62954688042061,16.2715325850018,6.89451870838145));
#7877=CARTESIAN_POINT('',(-4.63525491562419,16.0905642799544,6.90561217475945));
#7878=CARTESIAN_POINT('',(-4.63525491562419,16.,6.90561217475945));
#7879=CARTESIAN_POINT('',(1.15463194561016E-14,18.,6.3087733454296));
#7880=CARTESIAN_POINT('',(0.0180573041590069,18.,6.42589438228585));
#7881=CARTESIAN_POINT('',(0.0518989082003594,17.9807538436079,6.64505091969725));
#7882=CARTESIAN_POINT('',(0.0984009814492913,17.9032710240248,6.94644926760533));
#7883=CARTESIAN_POINT('',(0.139236384660828,17.792581755723,7.21106261347875));
#7884=CARTESIAN_POINT('',(0.17641939500504,17.6501186589664,7.4520222913463));
#7885=CARTESIAN_POINT('',(0.210405368162331,17.4738517661038,7.67226029160843));
#7886=CARTESIAN_POINT('',(0.24019733920747,17.2685526738285,7.86532103185127));
#7887=CARTESIAN_POINT('',(0.265047556022992,17.0407249901064,8.02635750384525));
#7888=CARTESIAN_POINT('',(0.284574082422188,16.7954967825925,8.15289501023375));
#7889=CARTESIAN_POINT('',(0.298626855134244,16.5375543200823,8.24396100323382));
#7890=CARTESIAN_POINT('',(0.307114315925192,16.2715325850126,8.29896218422344));
#7891=CARTESIAN_POINT('',(0.309016994374961,16.0905642799588,8.31129208596302));
#7892=CARTESIAN_POINT('',(0.309016994374961,16.,8.31129208596302));
#7893=CARTESIAN_POINT('',(3.70820393249938,18.,5.10390485011223));
#7894=CARTESIAN_POINT('',(3.76243728475846,18.,5.20927157640667));
#7895=CARTESIAN_POINT('',(3.86387583260453,17.9807538436086,5.40646453536724));
#7896=CARTESIAN_POINT('',(4.00341236903673,17.9032710240276,5.67763415375545));
#7897=CARTESIAN_POINT('',(4.12591165613045,17.7925817557275,5.91571329528432));
#7898=CARTESIAN_POINT('',(4.23746251390792,17.6501186589721,6.13250939475505));
#7899=CARTESIAN_POINT('',(4.33941993260227,17.4738517661104,6.33066213358183));
#7900=CARTESIAN_POINT('',(4.42879597764253,17.2685526738364,6.50436283460261));
#7901=CARTESIAN_POINT('',(4.50334659324474,17.0407249901149,6.6492506681215));
#7902=CARTESIAN_POINT('',(4.56192618166424,16.7954967826019,6.76309906546259));
#7903=CARTESIAN_POINT('',(4.60408449739369,16.537554320091,6.84503301396475));
#7904=CARTESIAN_POINT('',(4.62954688041991,16.2715325850183,6.89451870838));
#7905=CARTESIAN_POINT('',(4.63525491562423,16.0905642799611,6.90561217475943));
#7906=CARTESIAN_POINT('',(4.63525491562423,16.,6.90561217475943));
#7907=CARTESIAN_POINT('',(3.70820393249938,18.,5.10390485011223));
#7908=CARTESIAN_POINT('',(3.79165461663444,18.,5.18804394224753));
#7909=CARTESIAN_POINT('',(3.94785003005556,17.9807538436077,5.34545370967296));
#7910=CARTESIAN_POINT('',(4.16262850155396,17.9032710240239,5.56195686235125));
#7911=CARTESIAN_POINT('',(4.35120085898872,17.7925817557214,5.75203110832237));
#7912=CARTESIAN_POINT('',(4.52291509130683,17.6501186589642,5.92511595756008));
#7913=CARTESIAN_POINT('',(4.67986296970974,17.4738517661011,6.08331578877245));
#7914=CARTESIAN_POINT('',(4.81744343649224,17.2685526738255,6.22199392735809));
#7915=CARTESIAN_POINT('',(4.932202547529,17.0407249901027,6.3376685789548));
#7916=CARTESIAN_POINT('',(5.0223767193437,16.7954967825887,6.4285621678026));
#7917=CARTESIAN_POINT('',(5.08727289895618,16.5375543200785,6.49397609119485));
#7918=CARTESIAN_POINT('',(5.12646828201895,16.2715325850102,6.53348417704323));
#7919=CARTESIAN_POINT('',(5.13525491562423,16.0905642799578,6.54234091075674));
#7920=CARTESIAN_POINT('',(5.13525491562423,16.,6.54234091075674));
#7921=CARTESIAN_POINT('',(6.,18.,1.94951817739742));
#7922=CARTESIAN_POINT('',(6.10580871144148,18.,2.00288408497291));
#7923=CARTESIAN_POINT('',(6.30378133367242,17.9807538436073,2.10279245750818));
#7924=CARTESIAN_POINT('',(6.57605826554603,17.9032710240222,2.24015576887431));
#7925=CARTESIAN_POINT('',(6.81510167887382,17.7925817557186,2.3607625660078));
#7926=CARTESIAN_POINT('',(7.03277776857517,17.6501186589608,2.47058634571104));
#7927=CARTESIAN_POINT('',(7.23173431058348,17.4738517660971,2.57096621183267));
#7928=CARTESIAN_POINT('',(7.40613976028227,17.268552673821,2.65895910970951));
#7929=CARTESIAN_POINT('',(7.55161540702252,17.0407249900979,2.73235607690315));
#7930=CARTESIAN_POINT('',(7.66592569852946,16.7954967825835,2.79002914697502));
#7931=CARTESIAN_POINT('',(7.74819205899747,16.5375543200739,2.83153506748073));
#7932=CARTESIAN_POINT('',(7.7978785209565,16.2715325850073,2.85660342200846));
#7933=CARTESIAN_POINT('',(7.80901699437495,16.0905642799567,2.8622231259228));
#7934=CARTESIAN_POINT('',(7.80901699437495,16.,2.8622231259228));
#7935=CARTESIAN_POINT('',(6.,18.,1.94951817739742));
#7936=CARTESIAN_POINT('',(6.11696873915417,18.,1.96853705139759));
#7937=CARTESIAN_POINT('',(6.33585662291219,17.9807538436082,2.00407486784035));
#7938=CARTESIAN_POINT('',(6.63687341659737,17.903271024026,2.05298597963573));
#7939=CARTESIAN_POINT('',(6.90115449705366,17.7925817557247,2.09591922412918));
#7940=CARTESIAN_POINT('',(7.14181095095284,17.6501186589683,2.13501671526612));
#7941=CARTESIAN_POINT('',(7.36177197951411,17.4738517661061,2.17075141892042));
#7942=CARTESIAN_POINT('',(7.55458987991193,17.2685526738313,2.20207662040634));
#7943=CARTESIAN_POINT('',(7.71542380527341,17.0407249901093,2.228205666333));
#7944=CARTESIAN_POINT('',(7.8418021537788,16.7954967825957,2.24873707606038));
#7945=CARTESIAN_POINT('',(7.93275360542101,16.5375543200854,2.2635130344473));
#7946=CARTESIAN_POINT('',(7.98768560662925,16.2715325850148,2.27243727919185));
#7947=CARTESIAN_POINT('',(8.,16.0905642799598,2.27443787363033));
#7948=CARTESIAN_POINT('',(8.,16.,2.27443787363033));
#7949=CARTESIAN_POINT('',(6.,18.,-1.94951817739745));
#7950=CARTESIAN_POINT('',(6.11696873915587,18.,-1.96853705139787));
#7951=CARTESIAN_POINT('',(6.33585662291644,17.9807538436077,-2.00407486784113));
#7952=CARTESIAN_POINT('',(6.63687341660357,17.9032710240239,-2.05298597963677));
#7953=CARTESIAN_POINT('',(6.90115449706011,17.7925817557214,-2.09591922413026));
#7954=CARTESIAN_POINT('',(7.14181095095854,17.6501186589644,-2.13501671526707));
#7955=CARTESIAN_POINT('',(7.36177197951939,17.4738517661012,-2.17075141892131));
#7956=CARTESIAN_POINT('',(7.5545898799162,17.2685526738261,-2.20207662040707));
#7957=CARTESIAN_POINT('',(7.71542380527685,17.0407249901036,-2.22820566633357));
#7958=CARTESIAN_POINT('',(7.84180215378131,16.7954967825899,-2.24873707606082));
#7959=CARTESIAN_POINT('',(7.93275360542256,16.5375543200798,-2.26351303444757));
#7960=CARTESIAN_POINT('',(7.98768560662962,16.271532585011,-2.27243727919194));
#7961=CARTESIAN_POINT('',(8.,16.0905642799582,-2.27443787363035));
#7962=CARTESIAN_POINT('',(8.,16.,-2.27443787363035));
#7963=CARTESIAN_POINT('',(6.,18.,-1.94951817739745));
#7964=CARTESIAN_POINT('',(6.10580871144076,18.,-2.00288408497255));
#7965=CARTESIAN_POINT('',(6.30378133367032,17.9807538436076,-2.10279245750723));
#7966=CARTESIAN_POINT('',(6.57605826554291,17.9032710240234,-2.24015576887273));
#7967=CARTESIAN_POINT('',(6.81510167887048,17.7925817557205,-2.36076256600619));
#7968=CARTESIAN_POINT('',(7.03277776857266,17.6501186589627,-2.47058634570983));
#7969=CARTESIAN_POINT('',(7.23173431058135,17.4738517660992,-2.57096621183162));
#7970=CARTESIAN_POINT('',(7.40613976028063,17.2685526738232,-2.65895910970874));
#7971=CARTESIAN_POINT('',(7.55161540702102,17.0407249901007,-2.73235607690243));
#7972=CARTESIAN_POINT('',(7.66592569852839,16.7954967825863,-2.79002914697451));
#7973=CARTESIAN_POINT('',(7.74819205899687,16.5375543200764,-2.83153506748047));
#7974=CARTESIAN_POINT('',(7.79787852095637,16.2715325850087,-2.85660342200842));
#7975=CARTESIAN_POINT('',(7.80901699437494,16.0905642799573,-2.86222312592283));
#7976=CARTESIAN_POINT('',(7.80901699437494,16.,-2.86222312592283));
#7977=CARTESIAN_POINT('',(3.70820393249935,18.,-5.10390485011225));
#7978=CARTESIAN_POINT('',(3.79165461663388,18.,-5.18804394224704));
#7979=CARTESIAN_POINT('',(3.94785003005425,17.9807538436079,-5.34545370967178));
#7980=CARTESIAN_POINT('',(4.16262850155224,17.9032710240247,-5.5619568623495));
#7981=CARTESIAN_POINT('',(4.35120085898721,17.7925817557225,-5.75203110832089));
#7982=CARTESIAN_POINT('',(4.52291509130555,17.6501186589654,-5.92511595755883));
#7983=CARTESIAN_POINT('',(4.67986296970876,17.4738517661023,-6.08331578877152));
#7984=CARTESIAN_POINT('',(4.81744343649113,17.2685526738273,-6.22199392735704));
#7985=CARTESIAN_POINT('',(4.93220254752822,17.0407249901045,-6.33766857895407));
#7986=CARTESIAN_POINT('',(5.02237671934307,16.7954967825907,-6.42856216780203));
#7987=CARTESIAN_POINT('',(5.08727289895589,16.5375543200799,-6.49397609119461));
#7988=CARTESIAN_POINT('',(5.12646828201886,16.2715325850111,-6.5334841770432));
#7989=CARTESIAN_POINT('',(5.13525491562419,16.0905642799581,-6.54234091075677));
#7990=CARTESIAN_POINT('',(5.13525491562419,16.,-6.54234091075677));
#7991=CARTESIAN_POINT('',(3.70820393249936,18.,-5.10390485011225));
#7992=CARTESIAN_POINT('',(3.76243728475966,18.,-5.20927157640912));
#7993=CARTESIAN_POINT('',(3.8638758326076,17.9807538436078,-5.4064645353733));
#7994=CARTESIAN_POINT('',(4.00341236904163,17.9032710240241,-5.67763415376515));
#7995=CARTESIAN_POINT('',(4.12591165613566,17.7925817557218,-5.91571329529455));
#7996=CARTESIAN_POINT('',(4.23746251391303,17.6501186589645,-6.13250939476503));
#7997=CARTESIAN_POINT('',(4.33941993260677,17.4738517661014,-6.3306621335907));
#7998=CARTESIAN_POINT('',(4.42879597764663,17.2685526738255,-6.5043628346106));
#7999=CARTESIAN_POINT('',(4.50334659324802,17.0407249901031,-6.64925066812797));
#8000=CARTESIAN_POINT('',(4.56192618166678,16.795496782589,-6.76309906546762));
#8001=CARTESIAN_POINT('',(4.60408449739515,16.537554320079,-6.84503301396769));
#8002=CARTESIAN_POINT('',(4.62954688042023,16.2715325850105,-6.8945187083807));
#8003=CARTESIAN_POINT('',(4.63525491562419,16.0905642799579,-6.90561217475945));
#8004=CARTESIAN_POINT('',(4.63525491562419,16.,-6.90561217475945));
#8005=CARTESIAN_POINT('',(-2.30926389122033E-14,18.,-6.3087733454296));
#8006=CARTESIAN_POINT('',(0.0180573041587175,18.,-6.42589438228424));
#8007=CARTESIAN_POINT('',(0.0518989081996767,17.9807538436084,-6.64505091969285));
#8008=CARTESIAN_POINT('',(0.0984009814481741,17.903271024027,-6.94644926759842));
#8009=CARTESIAN_POINT('',(0.13923638465969,17.7925817557267,-7.21106261347156));
#8010=CARTESIAN_POINT('',(0.176419395003983,17.650118658971,-7.4520222913398));
#8011=CARTESIAN_POINT('',(0.210405368161434,17.473851766109,-7.6722602916028));
#8012=CARTESIAN_POINT('',(0.24019733920664,17.2685526738347,-7.86532103184618));
#8013=CARTESIAN_POINT('',(0.265047556022333,17.0407249901131,-8.02635750384119));
#8014=CARTESIAN_POINT('',(0.284574082421652,16.7954967825999,-8.15289501023058));
#8015=CARTESIAN_POINT('',(0.298626855133911,16.5375543200892,-8.24396100323195));
#8016=CARTESIAN_POINT('',(0.307114315925082,16.2715325850172,-8.29896218422299));
#8017=CARTESIAN_POINT('',(0.30901699437492,16.0905642799607,-8.31129208596302));
#8018=CARTESIAN_POINT('',(0.30901699437492,16.,-8.31129208596302));
#8019=CARTESIAN_POINT('',(-2.30926389122033E-14,18.,-6.3087733454296));
#8020=CARTESIAN_POINT('',(-0.0180573041592161,18.,-6.42589438228724));
#8021=CARTESIAN_POINT('',(-0.0518989082009082,17.9807538436075,-6.6450509197006));
#8022=CARTESIAN_POINT('',(-0.0984009814499913,17.9032710240233,-6.94644926760999));
#8023=CARTESIAN_POINT('',(-0.139236384661606,17.7925817557206,-7.2110626134837));
#8024=CARTESIAN_POINT('',(-0.17641939500565,17.6501186589637,-7.45202229135013));
#8025=CARTESIAN_POINT('',(-0.210405368162886,17.4738517661005,-7.67226029161201));
#8026=CARTESIAN_POINT('',(-0.240197339207863,17.2685526738255,-7.86532103185372));
#8027=CARTESIAN_POINT('',(-0.265047556023374,17.0407249901025,-8.02635750384757));
#8028=CARTESIAN_POINT('',(-0.284574082422451,16.7954967825889,-8.15289501023534));
#8029=CARTESIAN_POINT('',(-0.298626855134402,16.5375543200786,-8.2439610032348));
#8030=CARTESIAN_POINT('',(-0.307114315925243,16.2715325850104,-8.29896218422363));
#8031=CARTESIAN_POINT('',(-0.309016994374976,16.0905642799579,-8.31129208596302));
#8032=CARTESIAN_POINT('',(-0.309016994374976,16.,-8.31129208596302));
#8033=CARTESIAN_POINT('',(-3.70820393249938,18.,-5.10390485011223));
#8034=CARTESIAN_POINT('',(-3.76243728475902,18.,-5.20927157640768));
#8035=CARTESIAN_POINT('',(-3.86387583260574,17.9807538436082,-5.40646453536973));
#8036=CARTESIAN_POINT('',(-4.00341236903882,17.9032710240261,-5.67763415375953));
#8037=CARTESIAN_POINT('',(-4.12591165613273,17.792581755725,-5.91571329528875));
#8038=CARTESIAN_POINT('',(-4.23746251391038,17.6501186589685,-6.13250939475978));
#8039=CARTESIAN_POINT('',(-4.33941993260448,17.473851766106,-6.33066213358615));
#8040=CARTESIAN_POINT('',(-4.42879597764458,17.268552673831,-6.50436283460654));
#8041=CARTESIAN_POINT('',(-4.50334659324634,17.0407249901092,-6.64925066812457));
#8042=CARTESIAN_POINT('',(-4.56192618166549,16.7954967825957,-6.763099065465));
#8043=CARTESIAN_POINT('',(-4.60408449739445,16.5375543200851,-6.8450330139662));
#8044=CARTESIAN_POINT('',(-4.6295468804201,16.2715325850143,-6.89451870838034));
#8045=CARTESIAN_POINT('',(-4.63525491562424,16.0905642799594,-6.90561217475942));
#8046=CARTESIAN_POINT('',(-4.63525491562423,16.,-6.90561217475942));
#8047=CARTESIAN_POINT('',(-3.70820393249939,18.,-5.10390485011223));
#8048=CARTESIAN_POINT('',(-3.79165461663539,18.,-5.18804394224843));
#8049=CARTESIAN_POINT('',(-3.94785003005792,17.9807538436073,-5.3454537096754));
#8050=CARTESIAN_POINT('',(-4.16262850155775,17.9032710240222,-5.56195686235506));
#8051=CARTESIAN_POINT('',(-4.35120085899297,17.7925817557184,-5.7520311083266));
#8052=CARTESIAN_POINT('',(-4.52291509131087,17.6501186589603,-5.92511595756418));
#8053=CARTESIAN_POINT('',(-4.67986296971343,17.4738517660963,-6.08331578877615));
#8054=CARTESIAN_POINT('',(-4.81744343649543,17.26855267382,-6.22199392736131));
#8055=CARTESIAN_POINT('',(-4.93220254753151,17.0407249900969,-6.33766857895732));
#8056=CARTESIAN_POINT('',(-5.02237671934563,16.7954967825824,-6.42856216780451));
#8057=CARTESIAN_POINT('',(-5.08727289895727,16.5375543200729,-6.49397609119593));
#8058=CARTESIAN_POINT('',(-5.12646828201921,16.2715325850065,-6.53348417704347));
#8059=CARTESIAN_POINT('',(-5.13525491562423,16.0905642799564,-6.54234091075674));
#8060=CARTESIAN_POINT('',(-5.13525491562423,16.,-6.54234091075674));
#8061=CARTESIAN_POINT('',(-6.,18.,-1.94951817739743));
#8062=CARTESIAN_POINT('',(-6.10580871144003,18.,-2.0028840849721));
#8063=CARTESIAN_POINT('',(-6.30378133366832,17.9807538436078,-2.10279245750623));
#8064=CARTESIAN_POINT('',(-6.5760582655398,17.9032710240245,-2.24015576887108));
#8065=CARTESIAN_POINT('',(-6.81510167886715,17.7925817557223,-2.36076256600447));
#8066=CARTESIAN_POINT('',(-7.03277776856955,17.6501186589651,-2.47058634570821));
#8067=CARTESIAN_POINT('',(-7.23173431057863,17.473851766102,-2.57096621183024));
#8068=CARTESIAN_POINT('',(-7.40613976027822,17.2685526738265,-2.65895910970746));
#8069=CARTESIAN_POINT('',(-7.55161540701916,17.0407249901041,-2.73235607690146));
#8070=CARTESIAN_POINT('',(-7.66592569852703,16.7954967825898,-2.79002914697379));
#8071=CARTESIAN_POINT('',(-7.7481920589961,16.5375543200796,-2.83153506748004));
#8072=CARTESIAN_POINT('',(-7.7978785209562,16.2715325850108,-2.8566034220083));
#8073=CARTESIAN_POINT('',(-7.80901699437495,16.0905642799581,-2.8622231259228));
#8074=CARTESIAN_POINT('',(-7.80901699437495,16.,-2.8622231259228));
#8075=CARTESIAN_POINT('',(-6.,18.,-1.94951817739743));
#8076=CARTESIAN_POINT('',(-6.11696873915314,18.,-1.96853705139734));
#8077=CARTESIAN_POINT('',(-6.33585662290936,17.9807538436086,-2.00407486783992));
#8078=CARTESIAN_POINT('',(-6.63687341659267,17.9032710240274,-2.05298597963497));
#8079=CARTESIAN_POINT('',(-6.90115449704851,17.7925817557273,-2.09591922412834));
#8080=CARTESIAN_POINT('',(-7.14181095094821,17.6501186589716,-2.13501671526537));
#8081=CARTESIAN_POINT('',(-7.36177197951037,17.4738517661096,-2.17075141891981));
#8082=CARTESIAN_POINT('',(-7.55458987990859,17.2685526738354,-2.20207662040579));
#8083=CARTESIAN_POINT('',(-7.71542380527058,17.0407249901139,-2.22820566633253));
#8084=CARTESIAN_POINT('',(-7.84180215377657,16.7954967826009,-2.24873707606001));
#8085=CARTESIAN_POINT('',(-7.93275360541986,16.5375543200898,-2.26351303444711));
#8086=CARTESIAN_POINT('',(-7.98768560662902,16.2715325850175,-2.27243727919181));
#8087=CARTESIAN_POINT('',(-8.00000000000001,16.0905642799607,-2.27443787363032));
#8088=CARTESIAN_POINT('',(-8.00000000000001,16.,-2.27443787363032));
#8089=CARTESIAN_POINT('',(-5.99999999999999,18.,1.94951817739745));
#8090=CARTESIAN_POINT('',(-6.11696873915482,18.,1.96853705139775));
#8091=CARTESIAN_POINT('',(-6.33585662291354,17.980753843608,2.00407486784061));
#8092=CARTESIAN_POINT('',(-6.636873416599,17.9032710240254,2.05298597963603));
#8093=CARTESIAN_POINT('',(-6.90115449705496,17.792581755724,2.09591922412942));
#8094=CARTESIAN_POINT('',(-7.14181095095402,17.6501186589675,2.13501671526635));
#8095=CARTESIAN_POINT('',(-7.3617719795156,17.4738517661048,2.17075141892069));
#8096=CARTESIAN_POINT('',(-7.55458987991315,17.2685526738298,2.20207662040658));
#8097=CARTESIAN_POINT('',(-7.71542380527443,17.0407249901076,2.22820566633319));
#8098=CARTESIAN_POINT('',(-7.8418021537795,16.7954967825941,2.24873707606053));
#8099=CARTESIAN_POINT('',(-7.93275360542162,16.5375543200833,2.26351303444743));
#8100=CARTESIAN_POINT('',(-7.98768560662941,16.2715325850132,2.27243727919191));
#8101=CARTESIAN_POINT('',(-7.99999999999999,16.0905642799589,2.27443787363036));
#8102=CARTESIAN_POINT('',(-7.99999999999999,16.,2.27443787363036));
#8103=CARTESIAN_POINT('',(-5.99999999999999,18.,1.94951817739745));
#8104=CARTESIAN_POINT('',(-6.10580871144099,18.,2.00288408497273));
#8105=CARTESIAN_POINT('',(-6.303781333671,17.9807538436075,2.10279245750752));
#8106=CARTESIAN_POINT('',(-6.57605826554372,17.9032710240231,2.24015576887314));
#8107=CARTESIAN_POINT('',(-6.81510167887125,17.79258175572,2.36076256600658));
#8108=CARTESIAN_POINT('',(-7.03277776857307,17.6501186589624,2.47058634571003));
#8109=CARTESIAN_POINT('',(-7.2317343105817,17.4738517660989,2.5709662118318));
#8110=CARTESIAN_POINT('',(-7.40613976028081,17.2685526738229,2.65895910970884));
#8111=CARTESIAN_POINT('',(-7.55161540702114,17.0407249901004,2.7323560769025));
#8112=CARTESIAN_POINT('',(-7.66592569852839,16.7954967825862,2.79002914697452));
#8113=CARTESIAN_POINT('',(-7.74819205899678,16.5375543200767,2.83153506748044));
#8114=CARTESIAN_POINT('',(-7.79787852095633,16.271532585009,2.85660342200841));
#8115=CARTESIAN_POINT('',(-7.80901699437494,16.0905642799575,2.86222312592284));
#8116=CARTESIAN_POINT('',(-7.80901699437494,16.,2.86222312592284));
#8117=CARTESIAN_POINT('',(-3.70820393249935,18.,5.10390485011225));
#8118=CARTESIAN_POINT('',(-3.79165461663239,18.,5.18804394224543));
#8119=CARTESIAN_POINT('',(-3.94785003005035,17.9807538436086,5.34545370966791));
#8120=CARTESIAN_POINT('',(-4.16262850154626,17.9032710240274,5.56195686234348));
#8121=CARTESIAN_POINT('',(-4.35120085898067,17.7925817557271,5.7520311083143));
#8122=CARTESIAN_POINT('',(-4.52291509129953,17.6501186589713,5.92511595755277));
#8123=CARTESIAN_POINT('',(-4.67986296970315,17.4738517661095,6.08331578876586));
#8124=CARTESIAN_POINT('',(-4.81744343648645,17.2685526738354,6.22199392735233));
#8125=CARTESIAN_POINT('',(-4.93220254752412,17.0407249901139,6.33766857894994));
#8126=CARTESIAN_POINT('',(-5.02237671933996,16.7954967826007,6.42856216779887));
#8127=CARTESIAN_POINT('',(-5.08727289895396,16.5375543200899,6.49397609119267));
#8128=CARTESIAN_POINT('',(-5.12646828201841,16.2715325850175,6.53348417704276));
#8129=CARTESIAN_POINT('',(-5.13525491562419,16.0905642799608,6.54234091075677));
#8130=CARTESIAN_POINT('',(-5.13525491562419,16.,6.54234091075677));
#8131=CARTESIAN_POINT('',(7.6,4.,-2.27443787363035));
#8132=VECTOR('',#8133,1.);
#8133=DIRECTION('',(0.707106781186547,0.707106781186547,0.));
#8134=CARTESIAN_POINT('',(7.6,4.,2.27443787363033));
#8135=VECTOR('',#8136,1.);
#8136=DIRECTION('',(0.707106781186547,0.707106781186547,0.));
#8137=CARTESIAN_POINT('',(7.48541019662497,4.,2.62710902500581));
#8138=VECTOR('',#8139,1.);
#8139=DIRECTION('',(0.572061402817687,0.707106781186546,0.415626937777452));
#8140=CARTESIAN_POINT('',(4.81164811787425,4.,6.30722680983975));
#8141=VECTOR('',#8142,1.);
#8142=DIRECTION('',(0.572061402817685,0.707106781186548,0.415626937777452));
#8143=CARTESIAN_POINT('',(4.51164811787425,4.,6.52518956824136));
#8144=VECTOR('',#8145,1.);
#8145=DIRECTION('',(0.218508012224411,0.707106781186548,0.672498511963957));
#8146=CARTESIAN_POINT('',(0.185410196624985,4.,7.93086947944496));
#8147=VECTOR('',#8148,1.);
#8148=DIRECTION('',(0.218508012224412,0.707106781186548,0.672498511963956));
#8149=CARTESIAN_POINT('',(-0.185410196624951,4.,7.93086947944496));
#8150=VECTOR('',#8151,1.);
#8151=DIRECTION('',(-0.218508012224408,0.707106781186546,0.67249851196396));
#8152=CARTESIAN_POINT('',(-4.51164811787422,4.,6.52518956824138));
#8153=VECTOR('',#8154,1.);
#8154=DIRECTION('',(-0.218508012224408,0.707106781186546,0.672498511963959));
#8155=CARTESIAN_POINT('',(-4.81164811787422,4.,6.30722680983978));
#8156=VECTOR('',#8157,1.);
#8157=DIRECTION('',(-0.572061402817684,0.707106781186546,0.415626937777456));
#8158=CARTESIAN_POINT('',(-7.48541019662496,4.,2.62710902500585));
#8159=VECTOR('',#8160,1.);
#8160=DIRECTION('',(-0.572061402817686,0.707106781186546,0.415626937777455));
#8161=CARTESIAN_POINT('',(-7.59999999999999,4.,2.27443787363036));
#8162=VECTOR('',#8163,1.);
#8163=DIRECTION('',(-0.707106781186549,0.707106781186546,2.35513868802567E-15));
#8164=CARTESIAN_POINT('',(-7.6,4.,-2.27443787363032));
#8165=VECTOR('',#8166,1.);
#8166=DIRECTION('',(-0.707106781186548,0.707106781186547,1.57009245868378E-15));
#8167=CARTESIAN_POINT('',(-7.48541019662497,4.,-2.62710902500581));
#8168=VECTOR('',#8169,1.);
#8169=DIRECTION('',(-0.572061402817684,0.707106781186548,-0.415626937777453));
#8170=CARTESIAN_POINT('',(-4.81164811787425,4.,-6.30722680983975));
#8171=VECTOR('',#8172,1.);
#8172=DIRECTION('',(-0.572061402817685,0.707106781186548,-0.415626937777451));
#8173=CARTESIAN_POINT('',(-4.51164811787425,4.,-6.52518956824136));
#8174=VECTOR('',#8175,1.);
#8175=DIRECTION('',(-0.218508012224413,0.707106781186549,-0.672498511963955));
#8176=CARTESIAN_POINT('',(-0.185410196624996,4.,-7.93086947944496));
#8177=VECTOR('',#8178,1.);
#8178=DIRECTION('',(-0.218508012224412,0.707106781186549,-0.672498511963956));
#8179=CARTESIAN_POINT('',(0.185410196624942,4.,-7.93086947944496));
#8180=VECTOR('',#8181,1.);
#8181=DIRECTION('',(0.218508012224408,0.70710678118655,-0.672498511963956));
#8182=CARTESIAN_POINT('',(4.51164811787421,4.,-6.52518956824139));
#8183=VECTOR('',#8184,1.);
#8184=DIRECTION('',(0.218508012224407,0.707106781186549,-0.672498511963957));
#8185=CARTESIAN_POINT('',(4.81164811787421,4.,-6.30722680983978));
#8186=VECTOR('',#8187,1.);
#8187=DIRECTION('',(0.572061402817685,0.707106781186547,-0.415626937777454));
#8188=CARTESIAN_POINT('',(7.48541019662497,4.,-2.62710902500584));
#8189=VECTOR('',#8190,1.);
#8190=DIRECTION('',(0.572061402817683,0.707106781186547,-0.415626937777456));
ENDSEC;
END-ISO-10303-21;
