ISO-10303-21;
HEADER;
FILE_DESCRIPTION(('STEP AP203'),
    '1');
FILE_NAME('моторчик 1',
    '',
    ('UNSPECIFIED'),
    ('UNSPECIFIED'),
    'C3D Converter',
    'C3D Toolkit',
    '');
FILE_SCHEMA(('CONFIG_CONTROL_DESIGN'));
ENDSEC;

DATA;
#1=PRODUCT_DEFINITION('','UNSPECIFIED',#78,#81);
#2=SHAPE_DEFINITION_REPRESENTATION(#76,#3);
#3=SHAPE_REPRESENTATION('NONE',(#4),#8);
#4=AXIS2_PLACEMENT_3D('',#5,#6,#7);
#5=CARTESIAN_POINT('',(0.,0.,0.));
#6=DIRECTION('',(0.,0.,1.));
#7=DIRECTION('',(1.,0.,0.));
#8=(GEOMETRIC_REPRESENTATION_CONTEXT(3)GLOBAL_UNCERTAINTY_ASSIGNED_CONTEXT((#10))
GLOBAL_UNIT_ASSIGNED_CONTEXT((#9,#11,#12))REPRESENTATION_CONTEXT('NONE','NONE'));
#9=(LENGTH_UNIT()NAMED_UNIT(*)SI_UNIT(.MILLI.,.METRE.));
#10=UNCERTAINTY_MEASURE_WITH_UNIT(LENGTH_MEASURE(1.E-5),#9,'NONE','NONE');
#11=(NAMED_UNIT(*)PLANE_ANGLE_UNIT()SI_UNIT($,.RADIAN.));
#12=(NAMED_UNIT(*)SI_UNIT($,.STERADIAN.)SOLID_ANGLE_UNIT());
#13=MANIFOLD_SOLID_BREP('',#14);
#14=CLOSED_SHELL('',(#103,#112,#113,#114,#123,#132,#141,#150,#151,#160,#169,#178,
#187,#196,#205));
#15=COLOUR_RGB('',0.564705882352941,0.564705882352941,0.564705882352941);
#16=FILL_AREA_STYLE_COLOUR('',#15);
#17=FILL_AREA_STYLE($,(#16));
#18=SURFACE_STYLE_FILL_AREA(#17);
#19=SURFACE_SIDE_STYLE('',(#18));
#20=SURFACE_STYLE_USAGE(.BOTH.,#19);
#21=PRESENTATION_STYLE_ASSIGNMENT((#20));
#22=MECHANICAL_DESIGN_GEOMETRIC_PRESENTATION_REPRESENTATION('NONE',(#23,#33,#43,
#53,#63,#73,#111,#122,#131,#140,#149,#159,#168,#177,#186,#195,#204,#213),#8);
#23=STYLED_ITEM('',(#21),#13);
#24=MANIFOLD_SOLID_BREP('',#25);
#25=CLOSED_SHELL('',(#214,#215,#216));
#26=COLOUR_RGB('',0.141176470588235,0.141176470588235,0.141176470588235);
#27=FILL_AREA_STYLE_COLOUR('',#26);
#28=FILL_AREA_STYLE($,(#27));
#29=SURFACE_STYLE_FILL_AREA(#28);
#30=SURFACE_SIDE_STYLE('',(#29));
#31=SURFACE_STYLE_USAGE(.BOTH.,#30);
#32=PRESENTATION_STYLE_ASSIGNMENT((#31));
#33=STYLED_ITEM('',(#32),#24);
#34=MANIFOLD_SOLID_BREP('',#35);
#35=CLOSED_SHELL('',(#217,#218,#219));
#36=COLOUR_RGB('',0.141176470588235,0.141176470588235,0.141176470588235);
#37=FILL_AREA_STYLE_COLOUR('',#36);
#38=FILL_AREA_STYLE($,(#37));
#39=SURFACE_STYLE_FILL_AREA(#38);
#40=SURFACE_SIDE_STYLE('',(#39));
#41=SURFACE_STYLE_USAGE(.BOTH.,#40);
#42=PRESENTATION_STYLE_ASSIGNMENT((#41));
#43=STYLED_ITEM('',(#42),#34);
#44=MANIFOLD_SOLID_BREP('',#45);
#45=CLOSED_SHELL('',(#220,#221,#222,#223,#224,#225,#226,#227,#228,#229,#230,#231,
#232,#233,#234,#235,#236,#237,#238,#239,#240,#241,#242,#243,#244));
#46=COLOUR_RGB('',1.,0.6,0.6);
#47=FILL_AREA_STYLE_COLOUR('',#46);
#48=FILL_AREA_STYLE($,(#47));
#49=SURFACE_STYLE_FILL_AREA(#48);
#50=SURFACE_SIDE_STYLE('',(#49));
#51=SURFACE_STYLE_USAGE(.BOTH.,#50);
#52=PRESENTATION_STYLE_ASSIGNMENT((#51));
#53=STYLED_ITEM('',(#52),#44);
#54=MANIFOLD_SOLID_BREP('',#55);
#55=CLOSED_SHELL('',(#245,#246,#247,#248,#249,#250,#251,#252,#253,#254,#255,#256,
#257,#258,#259,#260,#261,#262,#263,#264,#265,#266,#267,#268,#269,#270,#271,#272,
#273,#274,#275,#276,#277,#278,#279,#280,#281,#282,#283,#284,#285,#286,#287,#288,
#289,#290,#291,#292,#293,#294,#295,#296,#297,#298,#299,#300,#301,#302,#303,#304,
#305,#306,#307,#308,#309,#310,#311,#312,#313,#314,#315,#316,#317,#318,#319,#320,
#321));
#56=COLOUR_RGB('',0.564705882352941,0.564705882352941,0.564705882352941);
#57=FILL_AREA_STYLE_COLOUR('',#56);
#58=FILL_AREA_STYLE($,(#57));
#59=SURFACE_STYLE_FILL_AREA(#58);
#60=SURFACE_SIDE_STYLE('',(#59));
#61=SURFACE_STYLE_USAGE(.BOTH.,#60);
#62=PRESENTATION_STYLE_ASSIGNMENT((#61));
#63=STYLED_ITEM('',(#62),#54);
#64=MANIFOLD_SOLID_BREP('',#65);
#65=CLOSED_SHELL('',(#322,#323,#324,#325,#326,#327,#328,#329,#330,#331,#332,#333,
#334,#335,#336,#337,#338,#339,#340,#341,#342,#343,#344,#345,#346,#347,#348,#349,
#350,#351,#352,#353,#354,#355,#356,#357,#358,#359,#360,#361,#362,#363,#364,#365,
#366,#367,#368,#369,#370,#371,#372,#373,#374,#375,#376,#377,#378,#379,#380,#381,
#382,#383,#384,#385,#386,#387,#388,#389,#390,#391,#392,#393,#394,#395,#396,#397,
#398));
#66=COLOUR_RGB('',0.423529411764706,0.423529411764706,0.423529411764706);
#67=FILL_AREA_STYLE_COLOUR('',#66);
#68=FILL_AREA_STYLE($,(#67));
#69=SURFACE_STYLE_FILL_AREA(#68);
#70=SURFACE_SIDE_STYLE('',(#69));
#71=SURFACE_STYLE_USAGE(.BOTH.,#70);
#72=PRESENTATION_STYLE_ASSIGNMENT((#71));
#73=STYLED_ITEM('',(#72),#64);
#74=ADVANCED_BREP_SHAPE_REPRESENTATION('NONE',(#13,#24,#34,#44,#54,#64),#8);
#75=SHAPE_REPRESENTATION_RELATIONSHIP('','',#3,#74);
#76=PRODUCT_DEFINITION_SHAPE('NONE','NONE',#1);
#77=MECHANICAL_CONTEXT('NONE',#82,'mechanical');
#78=PRODUCT_DEFINITION_FORMATION_WITH_SPECIFIED_SOURCE('ANY','UNSPECIFIED',#79,.NOT_KNOWN.);
#79=PRODUCT('','\X2\043C043E0442043E044004470438043A\X0\ 1','NONE',(#77));
#80=PRODUCT_RELATED_PRODUCT_CATEGORY('detail','',(#79));
#81=DESIGN_CONTEXT('detailed design',#82,'design');
#82=APPLICATION_CONTEXT('configuration controlled 3d designs of mechanical parts and assemblies');
#83=APPLICATION_PROTOCOL_DEFINITION('international standard','config_control_design',
1994,#82);
#84=CC_DESIGN_DATE_AND_TIME_ASSIGNMENT(#85,#89,(#1));
#85=DATE_AND_TIME(#86,#87);
#86=CALENDAR_DATE(0,1,1);
#87=LOCAL_TIME(0,0,0.,#88);
#88=COORDINATED_UNIVERSAL_TIME_OFFSET(0,0,.AHEAD.);
#89=DATE_TIME_ROLE('creation_date');
#90=CC_DESIGN_APPROVAL(#91,(#1));
#91=APPROVAL(#92,'UNSPECIFIED');
#92=APPROVAL_STATUS('not_yet_approved');
#93=APPROVAL_DATE_TIME(#94,#91);
#94=DATE_AND_TIME(#95,#96);
#95=CALENDAR_DATE(0,1,1);
#96=LOCAL_TIME(0,0,0.,#97);
#97=COORDINATED_UNIVERSAL_TIME_OFFSET(0,0,.AHEAD.);
#98=PERSON('UNSPECIFIED','User','UNSPECIFIED',('UNSPECIFIED'),('UNSPECIFIED'),('UNSPECIFIED'));
#99=ORGANIZATION('UNSPECIFIED','UNSPECIFIED','UNSPECIFIED');
#100=PERSON_AND_ORGANIZATION(#98,#99);
#101=PERSON_AND_ORGANIZATION_ROLE('creator');
#102=CC_DESIGN_PERSON_AND_ORGANIZATION_ASSIGNMENT(#100,#101,(#78,#1));
#103=ADVANCED_FACE('',(#399,#401),#403,.T.);
#104=COLOUR_RGB('',0.6,0.298039215686275,0.);
#105=FILL_AREA_STYLE_COLOUR('',#104);
#106=FILL_AREA_STYLE($,(#105));
#107=SURFACE_STYLE_FILL_AREA(#106);
#108=SURFACE_SIDE_STYLE('',(#107));
#109=SURFACE_STYLE_USAGE(.BOTH.,#108);
#110=PRESENTATION_STYLE_ASSIGNMENT((#109));
#111=STYLED_ITEM('',(#110),#103);
#112=ADVANCED_FACE('',(#408),#410,.T.);
#113=ADVANCED_FACE('',(#415),#417,.T.);
#114=ADVANCED_FACE('',(#422),#424,.T.);
#115=COLOUR_RGB('',0.6,0.298039215686275,0.);
#116=FILL_AREA_STYLE_COLOUR('',#115);
#117=FILL_AREA_STYLE($,(#116));
#118=SURFACE_STYLE_FILL_AREA(#117);
#119=SURFACE_SIDE_STYLE('',(#118));
#120=SURFACE_STYLE_USAGE(.BOTH.,#119);
#121=PRESENTATION_STYLE_ASSIGNMENT((#120));
#122=STYLED_ITEM('',(#121),#114);
#123=ADVANCED_FACE('',(#429),#431,.T.);
#124=COLOUR_RGB('',0.6,0.298039215686275,0.);
#125=FILL_AREA_STYLE_COLOUR('',#124);
#126=FILL_AREA_STYLE($,(#125));
#127=SURFACE_STYLE_FILL_AREA(#126);
#128=SURFACE_SIDE_STYLE('',(#127));
#129=SURFACE_STYLE_USAGE(.BOTH.,#128);
#130=PRESENTATION_STYLE_ASSIGNMENT((#129));
#131=STYLED_ITEM('',(#130),#123);
#132=ADVANCED_FACE('',(#436),#438,.T.);
#133=COLOUR_RGB('',0.6,0.298039215686275,0.);
#134=FILL_AREA_STYLE_COLOUR('',#133);
#135=FILL_AREA_STYLE($,(#134));
#136=SURFACE_STYLE_FILL_AREA(#135);
#137=SURFACE_SIDE_STYLE('',(#136));
#138=SURFACE_STYLE_USAGE(.BOTH.,#137);
#139=PRESENTATION_STYLE_ASSIGNMENT((#138));
#140=STYLED_ITEM('',(#139),#132);
#141=ADVANCED_FACE('',(#443),#445,.T.);
#142=COLOUR_RGB('',0.6,0.298039215686275,0.);
#143=FILL_AREA_STYLE_COLOUR('',#142);
#144=FILL_AREA_STYLE($,(#143));
#145=SURFACE_STYLE_FILL_AREA(#144);
#146=SURFACE_SIDE_STYLE('',(#145));
#147=SURFACE_STYLE_USAGE(.BOTH.,#146);
#148=PRESENTATION_STYLE_ASSIGNMENT((#147));
#149=STYLED_ITEM('',(#148),#141);
#150=ADVANCED_FACE('',(#450),#452,.T.);
#151=ADVANCED_FACE('',(#457),#459,.F.);
#152=COLOUR_RGB('',0.6,0.298039215686275,0.);
#153=FILL_AREA_STYLE_COLOUR('',#152);
#154=FILL_AREA_STYLE($,(#153));
#155=SURFACE_STYLE_FILL_AREA(#154);
#156=SURFACE_SIDE_STYLE('',(#155));
#157=SURFACE_STYLE_USAGE(.BOTH.,#156);
#158=PRESENTATION_STYLE_ASSIGNMENT((#157));
#159=STYLED_ITEM('',(#158),#151);
#160=ADVANCED_FACE('',(#464),#466,.T.);
#161=COLOUR_RGB('',0.705882352941176,0.705882352941176,0.705882352941176);
#162=FILL_AREA_STYLE_COLOUR('',#161);
#163=FILL_AREA_STYLE($,(#162));
#164=SURFACE_STYLE_FILL_AREA(#163);
#165=SURFACE_SIDE_STYLE('',(#164));
#166=SURFACE_STYLE_USAGE(.BOTH.,#165);
#167=PRESENTATION_STYLE_ASSIGNMENT((#166));
#168=STYLED_ITEM('',(#167),#160);
#169=ADVANCED_FACE('',(#471),#473,.F.);
#170=COLOUR_RGB('',0.705882352941176,0.705882352941176,0.705882352941176);
#171=FILL_AREA_STYLE_COLOUR('',#170);
#172=FILL_AREA_STYLE($,(#171));
#173=SURFACE_STYLE_FILL_AREA(#172);
#174=SURFACE_SIDE_STYLE('',(#173));
#175=SURFACE_STYLE_USAGE(.BOTH.,#174);
#176=PRESENTATION_STYLE_ASSIGNMENT((#175));
#177=STYLED_ITEM('',(#176),#169);
#178=ADVANCED_FACE('',(#478),#480,.T.);
#179=COLOUR_RGB('',0.705882352941176,0.705882352941176,0.705882352941176);
#180=FILL_AREA_STYLE_COLOUR('',#179);
#181=FILL_AREA_STYLE($,(#180));
#182=SURFACE_STYLE_FILL_AREA(#181);
#183=SURFACE_SIDE_STYLE('',(#182));
#184=SURFACE_STYLE_USAGE(.BOTH.,#183);
#185=PRESENTATION_STYLE_ASSIGNMENT((#184));
#186=STYLED_ITEM('',(#185),#178);
#187=ADVANCED_FACE('',(#485),#487,.F.);
#188=COLOUR_RGB('',0.6,0.298039215686275,0.);
#189=FILL_AREA_STYLE_COLOUR('',#188);
#190=FILL_AREA_STYLE($,(#189));
#191=SURFACE_STYLE_FILL_AREA(#190);
#192=SURFACE_SIDE_STYLE('',(#191));
#193=SURFACE_STYLE_USAGE(.BOTH.,#192);
#194=PRESENTATION_STYLE_ASSIGNMENT((#193));
#195=STYLED_ITEM('',(#194),#187);
#196=ADVANCED_FACE('',(#492),#494,.F.);
#197=COLOUR_RGB('',0.6,0.298039215686275,0.);
#198=FILL_AREA_STYLE_COLOUR('',#197);
#199=FILL_AREA_STYLE($,(#198));
#200=SURFACE_STYLE_FILL_AREA(#199);
#201=SURFACE_SIDE_STYLE('',(#200));
#202=SURFACE_STYLE_USAGE(.BOTH.,#201);
#203=PRESENTATION_STYLE_ASSIGNMENT((#202));
#204=STYLED_ITEM('',(#203),#196);
#205=ADVANCED_FACE('',(#499),#501,.F.);
#206=COLOUR_RGB('',0.6,0.298039215686275,0.);
#207=FILL_AREA_STYLE_COLOUR('',#206);
#208=FILL_AREA_STYLE($,(#207));
#209=SURFACE_STYLE_FILL_AREA(#208);
#210=SURFACE_SIDE_STYLE('',(#209));
#211=SURFACE_STYLE_USAGE(.BOTH.,#210);
#212=PRESENTATION_STYLE_ASSIGNMENT((#211));
#213=STYLED_ITEM('',(#212),#205);
#214=ADVANCED_FACE('',(#506,#508),#510,.T.);
#215=ADVANCED_FACE('',(#515),#517,.F.);
#216=ADVANCED_FACE('',(#522),#524,.T.);
#217=ADVANCED_FACE('',(#529,#531),#533,.T.);
#218=ADVANCED_FACE('',(#538),#540,.T.);
#219=ADVANCED_FACE('',(#545),#547,.F.);
#220=ADVANCED_FACE('',(#552,#554),#556,.T.);
#221=ADVANCED_FACE('',(#561,#563,#565),#567,.T.);
#222=ADVANCED_FACE('',(#572),#574,.T.);
#223=ADVANCED_FACE('',(#579),#581,.T.);
#224=ADVANCED_FACE('',(#586),#588,.T.);
#225=ADVANCED_FACE('',(#593),#595,.T.);
#226=ADVANCED_FACE('',(#600),#602,.F.);
#227=ADVANCED_FACE('',(#607),#609,.T.);
#228=ADVANCED_FACE('',(#614),#616,.T.);
#229=ADVANCED_FACE('',(#621),#623,.T.);
#230=ADVANCED_FACE('',(#628,#630),#632,.F.);
#231=ADVANCED_FACE('',(#637),#639,.F.);
#232=ADVANCED_FACE('',(#644),#646,.F.);
#233=ADVANCED_FACE('',(#651),#653,.F.);
#234=ADVANCED_FACE('',(#658),#660,.F.);
#235=ADVANCED_FACE('',(#665,#667),#669,.T.);
#236=ADVANCED_FACE('',(#674,#676),#678,.F.);
#237=ADVANCED_FACE('',(#683,#685),#687,.T.);
#238=ADVANCED_FACE('',(#692,#694),#696,.F.);
#239=ADVANCED_FACE('',(#701,#703),#705,.F.);
#240=ADVANCED_FACE('',(#710,#712),#714,.T.);
#241=ADVANCED_FACE('',(#719,#721),#723,.T.);
#242=ADVANCED_FACE('',(#728),#730,.T.);
#243=ADVANCED_FACE('',(#735,#737),#739,.T.);
#244=ADVANCED_FACE('',(#744,#746),#748,.T.);
#245=ADVANCED_FACE('',(#753,#755,#757),#759,.T.);
#246=ADVANCED_FACE('',(#764,#766),#768,.F.);
#247=ADVANCED_FACE('',(#773,#775),#777,.F.);
#248=ADVANCED_FACE('',(#782,#784),#786,.T.);
#249=ADVANCED_FACE('',(#791,#793),#795,.F.);
#250=ADVANCED_FACE('',(#800),#802,.F.);
#251=ADVANCED_FACE('',(#807),#809,.F.);
#252=ADVANCED_FACE('',(#814,#816,#818),#820,.T.);
#253=ADVANCED_FACE('',(#825,#827),#829,.T.);
#254=ADVANCED_FACE('',(#834,#836,#838,#840,#842),#844,.T.);
#255=ADVANCED_FACE('',(#849,#851,#853,#855),#857,.F.);
#256=ADVANCED_FACE('',(#862),#864,.F.);
#257=ADVANCED_FACE('',(#869),#871,.F.);
#258=ADVANCED_FACE('',(#876),#878,.T.);
#259=ADVANCED_FACE('',(#883),#885,.T.);
#260=ADVANCED_FACE('',(#890,#892),#894,.F.);
#261=ADVANCED_FACE('',(#899,#901),#903,.F.);
#262=ADVANCED_FACE('',(#908,#910),#912,.F.);
#263=ADVANCED_FACE('',(#917),#919,.T.);
#264=ADVANCED_FACE('',(#924),#926,.T.);
#265=ADVANCED_FACE('',(#931),#933,.T.);
#266=ADVANCED_FACE('',(#938),#940,.T.);
#267=ADVANCED_FACE('',(#945),#947,.F.);
#268=ADVANCED_FACE('',(#952,#954),#956,.F.);
#269=ADVANCED_FACE('',(#961),#963,.T.);
#270=ADVANCED_FACE('',(#968),#970,.F.);
#271=ADVANCED_FACE('',(#975),#977,.F.);
#272=ADVANCED_FACE('',(#982,#984),#986,.T.);
#273=ADVANCED_FACE('',(#991),#993,.F.);
#274=ADVANCED_FACE('',(#998,#1000),#1002,.F.);
#275=ADVANCED_FACE('',(#1007),#1009,.F.);
#276=ADVANCED_FACE('',(#1014,#1016),#1018,.T.);
#277=ADVANCED_FACE('',(#1023),#1025,.F.);
#278=ADVANCED_FACE('',(#1030,#1032),#1034,.F.);
#279=ADVANCED_FACE('',(#1039),#1041,.F.);
#280=ADVANCED_FACE('',(#1046),#1048,.F.);
#281=ADVANCED_FACE('',(#1053),#1055,.F.);
#282=ADVANCED_FACE('',(#1060),#1062,.F.);
#283=ADVANCED_FACE('',(#1067),#1069,.F.);
#284=ADVANCED_FACE('',(#1074),#1076,.F.);
#285=ADVANCED_FACE('',(#1081),#1083,.F.);
#286=ADVANCED_FACE('',(#1088),#1090,.F.);
#287=ADVANCED_FACE('',(#1095),#1097,.F.);
#288=ADVANCED_FACE('',(#1102),#1104,.F.);
#289=ADVANCED_FACE('',(#1109),#1111,.F.);
#290=ADVANCED_FACE('',(#1116),#1118,.F.);
#291=ADVANCED_FACE('',(#1123,#1125,#1127),#1129,.F.);
#292=ADVANCED_FACE('',(#1134),#1136,.F.);
#293=ADVANCED_FACE('',(#1141),#1143,.F.);
#294=ADVANCED_FACE('',(#1148,#1150),#1152,.T.);
#295=ADVANCED_FACE('',(#1157),#1159,.F.);
#296=ADVANCED_FACE('',(#1164),#1166,.F.);
#297=ADVANCED_FACE('',(#1171),#1173,.T.);
#298=ADVANCED_FACE('',(#1178),#1180,.T.);
#299=ADVANCED_FACE('',(#1185),#1187,.T.);
#300=ADVANCED_FACE('',(#1192),#1194,.T.);
#301=ADVANCED_FACE('',(#1199,#1201),#1203,.T.);
#302=ADVANCED_FACE('',(#1208),#1210,.F.);
#303=ADVANCED_FACE('',(#1215),#1217,.F.);
#304=ADVANCED_FACE('',(#1222),#1224,.F.);
#305=ADVANCED_FACE('',(#1229,#1231,#1233),#1235,.F.);
#306=ADVANCED_FACE('',(#1240),#1242,.F.);
#307=ADVANCED_FACE('',(#1247),#1249,.F.);
#308=ADVANCED_FACE('',(#1254,#1256),#1258,.T.);
#309=ADVANCED_FACE('',(#1263),#1265,.T.);
#310=ADVANCED_FACE('',(#1270),#1272,.T.);
#311=ADVANCED_FACE('',(#1277,#1279),#1281,.F.);
#312=ADVANCED_FACE('',(#1286),#1288,.T.);
#313=ADVANCED_FACE('',(#1293),#1295,.T.);
#314=ADVANCED_FACE('',(#1300,#1302),#1304,.F.);
#315=ADVANCED_FACE('',(#1309),#1311,.F.);
#316=ADVANCED_FACE('',(#1316),#1318,.T.);
#317=ADVANCED_FACE('',(#1323),#1325,.T.);
#318=ADVANCED_FACE('',(#1330),#1332,.T.);
#319=ADVANCED_FACE('',(#1429),#1431,.T.);
#320=ADVANCED_FACE('',(#1436),#1438,.T.);
#321=ADVANCED_FACE('',(#1443,#1445),#1447,.T.);
#322=ADVANCED_FACE('',(#1736,#1738,#1740),#1742,.T.);
#323=ADVANCED_FACE('',(#1747,#1749),#1751,.F.);
#324=ADVANCED_FACE('',(#1756,#1758),#1760,.F.);
#325=ADVANCED_FACE('',(#1765,#1767),#1769,.F.);
#326=ADVANCED_FACE('',(#1774,#1776),#1778,.T.);
#327=ADVANCED_FACE('',(#1783),#1785,.T.);
#328=ADVANCED_FACE('',(#1790),#1792,.T.);
#329=ADVANCED_FACE('',(#1797,#1799),#1801,.T.);
#330=ADVANCED_FACE('',(#1806,#1808,#1810),#1812,.T.);
#331=ADVANCED_FACE('',(#1817,#1819,#1821,#1823,#1825),#1827,.T.);
#332=ADVANCED_FACE('',(#1832,#1834,#1836,#1838),#1840,.F.);
#333=ADVANCED_FACE('',(#1845),#1847,.T.);
#334=ADVANCED_FACE('',(#1852),#1854,.T.);
#335=ADVANCED_FACE('',(#1859),#1861,.T.);
#336=ADVANCED_FACE('',(#1866),#1868,.T.);
#337=ADVANCED_FACE('',(#1873),#1875,.F.);
#338=ADVANCED_FACE('',(#1880),#1882,.T.);
#339=ADVANCED_FACE('',(#1887),#1889,.T.);
#340=ADVANCED_FACE('',(#1894,#1896),#1898,.F.);
#341=ADVANCED_FACE('',(#1903,#1905),#1907,.F.);
#342=ADVANCED_FACE('',(#1912),#1914,.T.);
#343=ADVANCED_FACE('',(#1919),#1921,.T.);
#344=ADVANCED_FACE('',(#1926,#1928),#1930,.F.);
#345=ADVANCED_FACE('',(#1935,#1937),#1939,.F.);
#346=ADVANCED_FACE('',(#1944),#1946,.T.);
#347=ADVANCED_FACE('',(#1951),#1953,.F.);
#348=ADVANCED_FACE('',(#1958),#1960,.F.);
#349=ADVANCED_FACE('',(#1965,#1967),#1969,.F.);
#350=ADVANCED_FACE('',(#1974),#1976,.F.);
#351=ADVANCED_FACE('',(#1981,#1983),#1985,.T.);
#352=ADVANCED_FACE('',(#1990),#1992,.F.);
#353=ADVANCED_FACE('',(#1997,#1999),#2001,.F.);
#354=ADVANCED_FACE('',(#2006),#2008,.F.);
#355=ADVANCED_FACE('',(#2013,#2015),#2017,.T.);
#356=ADVANCED_FACE('',(#2022),#2024,.F.);
#357=ADVANCED_FACE('',(#2029),#2031,.F.);
#358=ADVANCED_FACE('',(#2036),#2038,.F.);
#359=ADVANCED_FACE('',(#2043),#2045,.F.);
#360=ADVANCED_FACE('',(#2050),#2052,.F.);
#361=ADVANCED_FACE('',(#2057),#2059,.F.);
#362=ADVANCED_FACE('',(#2064),#2066,.T.);
#363=ADVANCED_FACE('',(#2071),#2073,.T.);
#364=ADVANCED_FACE('',(#2078),#2080,.T.);
#365=ADVANCED_FACE('',(#2085),#2087,.T.);
#366=ADVANCED_FACE('',(#2092),#2094,.T.);
#367=ADVANCED_FACE('',(#2099),#2101,.T.);
#368=ADVANCED_FACE('',(#2106,#2108,#2110),#2112,.F.);
#369=ADVANCED_FACE('',(#2117),#2119,.T.);
#370=ADVANCED_FACE('',(#2124),#2126,.T.);
#371=ADVANCED_FACE('',(#2131),#2133,.F.);
#372=ADVANCED_FACE('',(#2138),#2140,.F.);
#373=ADVANCED_FACE('',(#2145),#2147,.F.);
#374=ADVANCED_FACE('',(#2152),#2154,.T.);
#375=ADVANCED_FACE('',(#2159),#2161,.T.);
#376=ADVANCED_FACE('',(#2166,#2168),#2170,.T.);
#377=ADVANCED_FACE('',(#2175,#2177),#2179,.T.);
#378=ADVANCED_FACE('',(#2184),#2186,.F.);
#379=ADVANCED_FACE('',(#2191),#2193,.F.);
#380=ADVANCED_FACE('',(#2198),#2200,.F.);
#381=ADVANCED_FACE('',(#2205),#2207,.F.);
#382=ADVANCED_FACE('',(#2212,#2214,#2216),#2218,.F.);
#383=ADVANCED_FACE('',(#2223),#2225,.F.);
#384=ADVANCED_FACE('',(#2230),#2232,.F.);
#385=ADVANCED_FACE('',(#2237,#2239),#2241,.F.);
#386=ADVANCED_FACE('',(#2246),#2248,.T.);
#387=ADVANCED_FACE('',(#2253),#2255,.T.);
#388=ADVANCED_FACE('',(#2260),#2262,.T.);
#389=ADVANCED_FACE('',(#2267,#2269),#2271,.F.);
#390=ADVANCED_FACE('',(#2276),#2278,.T.);
#391=ADVANCED_FACE('',(#2283,#2285),#2287,.F.);
#392=ADVANCED_FACE('',(#2292),#2294,.F.);
#393=ADVANCED_FACE('',(#2299),#2301,.T.);
#394=ADVANCED_FACE('',(#2306),#2308,.T.);
#395=ADVANCED_FACE('',(#2313),#2315,.F.);
#396=ADVANCED_FACE('',(#2412),#2414,.T.);
#397=ADVANCED_FACE('',(#2419),#2421,.T.);
#398=ADVANCED_FACE('',(#2426,#2428),#2430,.T.);
#399=FACE_BOUND('',#400,.T.);
#400=EDGE_LOOP('',(#2725,#2726,#2727,#2728));
#401=FACE_BOUND('',#402,.T.);
#402=EDGE_LOOP('',(#2729,#2730));
#403=PLANE('',#404);
#404=AXIS2_PLACEMENT_3D('',#405,#406,#407);
#405=CARTESIAN_POINT('',(9.,0.,-1.65327317884893E-15));
#406=DIRECTION('',(1.,0.,-1.83697019872103E-16));
#407=DIRECTION('',(-1.83697019872103E-16,1.22464679914735E-16,-1.));
#408=FACE_BOUND('',#409,.T.);
#409=EDGE_LOOP('',(#2731,#2732,#2733,#2734));
#410=PLANE('',#411);
#411=AXIS2_PLACEMENT_3D('',#412,#413,#414);
#412=CARTESIAN_POINT('',(2.23524251781958E-16,-1.,1.21680935236502));
#413=DIRECTION('',(-2.53243279650203E-32,-1.,-1.36860760784009E-16));
#414=DIRECTION('',(-1.83697019872103E-16,1.36860760784009E-16,-1.));
#415=FACE_BOUND('',#416,.T.);
#416=EDGE_LOOP('',(#2735,#2736,#2737,#2738));
#417=CYLINDRICAL_SURFACE('',#418,1.575);
#418=AXIS2_PLACEMENT_3D('',#419,#420,#421);
#419=CARTESIAN_POINT('',(0.,0.,0.));
#420=DIRECTION('',(1.,0.,-1.83697019872103E-16));
#421=DIRECTION('',(-1.41920159861475E-16,-0.634920634920253,-0.772577366580501));
#422=FACE_BOUND('',#423,.T.);
#423=EDGE_LOOP('',(#2739,#2740,#2741,#2742,#2743,#2744,#2745,#2746));
#424=PLANE('',#425);
#425=AXIS2_PLACEMENT_3D('',#426,#427,#428);
#426=CARTESIAN_POINT('',(-1.10218211923262E-15,5.,-6.));
#427=DIRECTION('',(2.92170705637412E-32,1.,1.48029736616688E-16));
#428=DIRECTION('',(1.83697019872103E-16,-1.48029736616688E-16,1.));
#429=FACE_BOUND('',#430,.T.);
#430=EDGE_LOOP('',(#2747,#2748,#2749,#2750,#2751));
#431=PLANE('',#432);
#432=AXIS2_PLACEMENT_3D('',#433,#434,#435);
#433=CARTESIAN_POINT('',(1.10218211923262E-15,5.,6.));
#434=DIRECTION('',(1.97372982155583E-16,-1.77635683940025E-16,1.));
#435=DIRECTION('',(-3.94430452610506E-32,-1.,-1.77635683940025E-16));
#436=FACE_BOUND('',#437,.T.);
#437=EDGE_LOOP('',(#2752,#2753,#2754,#2755,#2756,#2757,#2758,#2759));
#438=PLANE('',#439);
#439=AXIS2_PLACEMENT_3D('',#440,#441,#442);
#440=CARTESIAN_POINT('',(1.10218211923262E-15,-5.,6.));
#441=DIRECTION('',(-2.92170705637412E-32,-1.,-1.48029736616688E-16));
#442=DIRECTION('',(-1.83697019872103E-16,1.48029736616688E-16,-1.));
#443=FACE_BOUND('',#444,.T.);
#444=EDGE_LOOP('',(#2760,#2761,#2762,#2763,#2764));
#445=PLANE('',#446);
#446=AXIS2_PLACEMENT_3D('',#447,#448,#449);
#447=CARTESIAN_POINT('',(-1.10218211923262E-15,-5.,-6.));
#448=DIRECTION('',(-1.97372982155583E-16,1.77635683940025E-16,-1.));
#449=DIRECTION('',(3.94430452610506E-32,1.,1.77635683940025E-16));
#450=FACE_BOUND('',#451,.T.);
#451=EDGE_LOOP('',(#2765,#2766));
#452=PLANE('',#453);
#453=AXIS2_PLACEMENT_3D('',#454,#455,#456);
#454=CARTESIAN_POINT('',(17.,0.,-3.12284933782575E-15));
#455=DIRECTION('',(1.,0.,-1.83697019872103E-16));
#456=DIRECTION('',(-1.83697019872103E-16,1.22464679914735E-16,-1.));
#457=FACE_BOUND('',#458,.T.);
#458=EDGE_LOOP('',(#2767,#2768,#2769));
#459=PLANE('',#460);
#460=AXIS2_PLACEMENT_3D('',#461,#462,#463);
#461=CARTESIAN_POINT('',(0.,0.,0.));
#462=DIRECTION('',(1.,0.,-1.83697019872103E-16));
#463=DIRECTION('',(-1.83697019872103E-16,1.22464679914735E-16,-1.));
#464=FACE_BOUND('',#465,.T.);
#465=EDGE_LOOP('',(#2770,#2771,#2772,#2773,#2774));
#466=CYLINDRICAL_SURFACE('',#467,6.2499999987019);
#467=AXIS2_PLACEMENT_3D('',#468,#469,#470);
#468=CARTESIAN_POINT('',(-16.,-1.53080839757969E-17,0.249999998701898));
#469=DIRECTION('',(1.,0.,-1.83697019872103E-16));
#470=DIRECTION('',(-1.10218211870328E-16,-0.800000000216118,-0.599999999711843));
#471=FACE_BOUND('',#472,.T.);
#472=EDGE_LOOP('',(#2775,#2776,#2777,#2778));
#473=PLANE('',#474);
#474=AXIS2_PLACEMENT_3D('',#475,#476,#477);
#475=CARTESIAN_POINT('',(-16.,0.,2.93915231795365E-15));
#476=DIRECTION('',(1.,0.,-1.83697019872103E-16));
#477=DIRECTION('',(-1.83697019872103E-16,1.22464679914735E-16,-1.));
#478=FACE_BOUND('',#479,.T.);
#479=EDGE_LOOP('',(#2779,#2780,#2781,#2782,#2783));
#480=CYLINDRICAL_SURFACE('',#481,6.2499999987019);
#481=AXIS2_PLACEMENT_3D('',#482,#483,#484);
#482=CARTESIAN_POINT('',(-16.,1.53080891254809E-17,-0.249999998701892));
#483=DIRECTION('',(1.,0.,-1.83697019872103E-16));
#484=DIRECTION('',(1.10218211896186E-16,0.800000000110547,0.599999999852604));
#485=FACE_BOUND('',#486,.T.);
#486=EDGE_LOOP('',(#2784,#2785,#2786));
#487=PLANE('',#488);
#488=AXIS2_PLACEMENT_3D('',#489,#490,#491);
#489=CARTESIAN_POINT('',(0.,0.,0.));
#490=DIRECTION('',(1.,0.,-1.83697019872103E-16));
#491=DIRECTION('',(-1.83697019872103E-16,1.22464679914735E-16,-1.));
#492=FACE_BOUND('',#493,.T.);
#493=EDGE_LOOP('',(#2787,#2788,#2789));
#494=PLANE('',#495);
#495=AXIS2_PLACEMENT_3D('',#496,#497,#498);
#496=CARTESIAN_POINT('',(0.,0.,0.));
#497=DIRECTION('',(1.,0.,-1.83697019872103E-16));
#498=DIRECTION('',(-1.83697019872103E-16,1.22464679914735E-16,-1.));
#499=FACE_BOUND('',#500,.T.);
#500=EDGE_LOOP('',(#2790,#2791,#2792));
#501=PLANE('',#502);
#502=AXIS2_PLACEMENT_3D('',#503,#504,#505);
#503=CARTESIAN_POINT('',(0.,0.,0.));
#504=DIRECTION('',(1.,0.,-1.83697019872103E-16));
#505=DIRECTION('',(-1.83697019872103E-16,1.22464679914735E-16,-1.));
#506=FACE_OUTER_BOUND('',#507,.T.);
#507=EDGE_LOOP('',(#2793));
#508=FACE_OUTER_BOUND('',#509,.T.);
#509=EDGE_LOOP('',(#2794));
#510=CYLINDRICAL_SURFACE('',#511,1.);
#511=AXIS2_PLACEMENT_3D('',#512,#513,#514);
#512=CARTESIAN_POINT('',(15.,5.,6.12323399573677E-16));
#513=DIRECTION('',(0.,1.22464679914735E-16,-1.));
#514=DIRECTION('',(1.,0.,0.));
#515=FACE_BOUND('',#516,.T.);
#516=EDGE_LOOP('',(#2795));
#517=PLANE('',#518);
#518=AXIS2_PLACEMENT_3D('',#519,#520,#521);
#519=CARTESIAN_POINT('',(0.,-2.44929359829471E-15,20.));
#520=DIRECTION('',(0.,1.22464679914735E-16,-1.));
#521=DIRECTION('',(1.,0.,0.));
#522=FACE_BOUND('',#523,.T.);
#523=EDGE_LOOP('',(#2796));
#524=PLANE('',#525);
#525=AXIS2_PLACEMENT_3D('',#526,#527,#528);
#526=CARTESIAN_POINT('',(0.,0.,0.));
#527=DIRECTION('',(0.,1.22464679914735E-16,-1.));
#528=DIRECTION('',(1.,0.,0.));
#529=FACE_OUTER_BOUND('',#530,.T.);
#530=EDGE_LOOP('',(#2797));
#531=FACE_OUTER_BOUND('',#532,.T.);
#532=EDGE_LOOP('',(#2798));
#533=CYLINDRICAL_SURFACE('',#534,1.);
#534=AXIS2_PLACEMENT_3D('',#535,#536,#537);
#535=CARTESIAN_POINT('',(15.,-5.,0.));
#536=DIRECTION('',(0.,0.,1.));
#537=DIRECTION('',(1.,0.,0.));
#538=FACE_BOUND('',#539,.T.);
#539=EDGE_LOOP('',(#2799));
#540=PLANE('',#541);
#541=AXIS2_PLACEMENT_3D('',#542,#543,#544);
#542=CARTESIAN_POINT('',(0.,0.,20.));
#543=DIRECTION('',(0.,0.,1.));
#544=DIRECTION('',(1.,0.,0.));
#545=FACE_BOUND('',#546,.T.);
#546=EDGE_LOOP('',(#2800));
#547=PLANE('',#548);
#548=AXIS2_PLACEMENT_3D('',#549,#550,#551);
#549=CARTESIAN_POINT('',(0.,0.,0.));
#550=DIRECTION('',(0.,0.,1.));
#551=DIRECTION('',(1.,0.,0.));
#552=FACE_BOUND('',#553,.T.);
#553=EDGE_LOOP('',(#2801));
#554=FACE_BOUND('',#555,.T.);
#555=EDGE_LOOP('',(#2802,#2803,#2804,#2805));
#556=PLANE('',#557);
#557=AXIS2_PLACEMENT_3D('',#558,#559,#560);
#558=CARTESIAN_POINT('',(20.,0.,0.));
#559=DIRECTION('',(1.,0.,6.12323399573677E-17));
#560=DIRECTION('',(6.12323399573677E-17,0.,-1.));
#561=FACE_BOUND('',#562,.T.);
#562=EDGE_LOOP('',(#2806));
#563=FACE_BOUND('',#564,.T.);
#564=EDGE_LOOP('',(#2807,#2808,#2809,#2810,#2811,#2812,#2813,#2814));
#565=FACE_BOUND('',#566,.T.);
#566=EDGE_LOOP('',(#2815));
#567=PLANE('',#568);
#568=AXIS2_PLACEMENT_3D('',#569,#570,#571);
#569=CARTESIAN_POINT('',(20.,0.,0.));
#570=DIRECTION('',(1.,0.,6.12323399573677E-17));
#571=DIRECTION('',(6.12323399573677E-17,0.,-1.));
#572=FACE_BOUND('',#573,.T.);
#573=EDGE_LOOP('',(#2816,#2817,#2818,#2819));
#574=PLANE('',#575);
#575=AXIS2_PLACEMENT_3D('',#576,#577,#578);
#576=CARTESIAN_POINT('',(20.,4.9,-2.82901631902917));
#577=DIRECTION('',(0.,1.,0.));
#578=DIRECTION('',(0.,0.,1.));
#579=FACE_BOUND('',#580,.T.);
#580=EDGE_LOOP('',(#2820,#2821,#2822,#2823));
#581=PLANE('',#582);
#582=AXIS2_PLACEMENT_3D('',#583,#584,#585);
#583=CARTESIAN_POINT('',(20.,4.9,2.82901631902916));
#584=DIRECTION('',(0.,0.5,0.866025403784439));
#585=DIRECTION('',(0.,-0.866025403784439,0.5));
#586=FACE_BOUND('',#587,.T.);
#587=EDGE_LOOP('',(#2824,#2825,#2826,#2827));
#588=PLANE('',#589);
#589=AXIS2_PLACEMENT_3D('',#590,#591,#592);
#590=CARTESIAN_POINT('',(20.,1.99868623008527E-15,5.65803263805833));
#591=DIRECTION('',(-3.84592537276713E-16,-0.499999999999999,0.866025403784439));
#592=DIRECTION('',(0.,-0.866025403784439,-0.499999999999999));
#593=FACE_BOUND('',#594,.T.);
#594=EDGE_LOOP('',(#2828,#2829,#2830,#2831));
#595=PLANE('',#596);
#596=AXIS2_PLACEMENT_3D('',#597,#598,#599);
#597=CARTESIAN_POINT('',(20.,-4.9,2.82901631902917));
#598=DIRECTION('',(0.,-1.,0.));
#599=DIRECTION('',(0.,0.,-1.));
#600=FACE_BOUND('',#601,.T.);
#601=EDGE_LOOP('',(#2832,#2833,#2834,#2835));
#602=CYLINDRICAL_SURFACE('',#603,2.);
#603=AXIS2_PLACEMENT_3D('',#604,#605,#606);
#604=CARTESIAN_POINT('',(20.,-5.,-2.93915231795365E-15));
#605=DIRECTION('',(-1.,0.,-6.12323399573677E-17));
#606=DIRECTION('',(-6.11557516347646E-17,0.0499999999999999,0.998749217771909));
#607=FACE_BOUND('',#608,.T.);
#608=EDGE_LOOP('',(#2836,#2837,#2838,#2839));
#609=PLANE('',#610);
#610=AXIS2_PLACEMENT_3D('',#611,#612,#613);
#611=CARTESIAN_POINT('',(20.,-4.9,-1.99749843554382));
#612=DIRECTION('',(0.,-1.,0.));
#613=DIRECTION('',(0.,0.,-1.));
#614=FACE_BOUND('',#615,.T.);
#615=EDGE_LOOP('',(#2840,#2841,#2842,#2843));
#616=PLANE('',#617);
#617=AXIS2_PLACEMENT_3D('',#618,#619,#620);
#618=CARTESIAN_POINT('',(20.,-4.9,-2.82901631902916));
#619=DIRECTION('',(0.,-0.500000000000002,-0.866025403784438));
#620=DIRECTION('',(0.,0.866025403784438,-0.500000000000002));
#621=FACE_BOUND('',#622,.T.);
#622=EDGE_LOOP('',(#2844,#2845,#2846,#2847));
#623=PLANE('',#624);
#624=AXIS2_PLACEMENT_3D('',#625,#626,#627);
#625=CARTESIAN_POINT('',(20.,-4.07910816799974E-15,-5.65803263805834));
#626=DIRECTION('',(3.84592537276713E-16,0.5,-0.866025403784439));
#627=DIRECTION('',(0.,0.866025403784439,0.5));
#628=FACE_OUTER_BOUND('',#629,.T.);
#629=EDGE_LOOP('',(#2848));
#630=FACE_OUTER_BOUND('',#631,.T.);
#631=EDGE_LOOP('',(#2849));
#632=CYLINDRICAL_SURFACE('',#633,2.03);
#633=AXIS2_PLACEMENT_3D('',#634,#635,#636);
#634=CARTESIAN_POINT('',(20.,8.75811540203011E-47,-2.93915231795365E-15));
#635=DIRECTION('',(1.,0.,6.12323399573677E-17));
#636=DIRECTION('',(6.12323399573677E-17,-1.22464679914735E-16,-1.));
#637=FACE_BOUND('',#638,.T.);
#638=EDGE_LOOP('',(#2850,#2851,#2852,#2853));
#639=CYLINDRICAL_SURFACE('',#640,0.2);
#640=AXIS2_PLACEMENT_3D('',#641,#642,#643);
#641=CARTESIAN_POINT('',(10.,-0.999999999999399,-1.21680935236429));
#642=DIRECTION('',(1.,0.,6.12323399573677E-17));
#643=DIRECTION('',(-6.12323399573677E-17,-3.00259817009874E-12,1.));
#644=FACE_BOUND('',#645,.T.);
#645=EDGE_LOOP('',(#2854,#2855,#2856,#2857));
#646=PLANE('',#647);
#647=AXIS2_PLACEMENT_3D('',#648,#649,#650);
#648=CARTESIAN_POINT('',(10.,-1.,1.01680935236429));
#649=DIRECTION('',(7.27331133338889E-33,-1.,-1.09186940702666E-16));
#650=DIRECTION('',(0.,1.09186940702666E-16,-1.));
#651=FACE_BOUND('',#652,.T.);
#652=EDGE_LOOP('',(#2858,#2859,#2860,#2861));
#653=CYLINDRICAL_SURFACE('',#654,0.2);
#654=AXIS2_PLACEMENT_3D('',#655,#656,#657);
#655=CARTESIAN_POINT('',(10.,-0.9999999999994,1.21680935236429));
#656=DIRECTION('',(1.,0.,6.12323399573677E-17));
#657=DIRECTION('',(-3.57956330992081E-17,0.811330992074982,0.58458705194233));
#658=FACE_BOUND('',#659,.T.);
#659=EDGE_LOOP('',(#2862,#2863,#2864,#2865));
#660=CYLINDRICAL_SURFACE('',#661,1.575);
#661=AXIS2_PLACEMENT_3D('',#662,#663,#664);
#662=CARTESIAN_POINT('',(10.,0.,-3.55147571752732E-15));
#663=DIRECTION('',(1.,0.,6.12323399573677E-17));
#664=DIRECTION('',(5.18521971727722E-17,-0.531894477196446,-0.846810643017622));
#665=FACE_OUTER_BOUND('',#666,.T.);
#666=EDGE_LOOP('',(#2866));
#667=FACE_OUTER_BOUND('',#668,.T.);
#668=EDGE_LOOP('',(#2867));
#669=CYLINDRICAL_SURFACE('',#670,7.);
#670=AXIS2_PLACEMENT_3D('',#671,#672,#673);
#671=CARTESIAN_POINT('',(10.,0.,-3.55147571752732E-15));
#672=DIRECTION('',(1.,0.,6.12323399573677E-17));
#673=DIRECTION('',(6.12323399573677E-17,0.,-1.));
#674=FACE_OUTER_BOUND('',#675,.T.);
#675=EDGE_LOOP('',(#2868));
#676=FACE_BOUND('',#677,.T.);
#677=EDGE_LOOP('',(#2869,#2870,#2871,#2872));
#678=CYLINDRICAL_SURFACE('',#679,0.8);
#679=AXIS2_PLACEMENT_3D('',#680,#681,#682);
#680=CARTESIAN_POINT('',(16.,-5.,-3.18408167778312E-15));
#681=DIRECTION('',(1.,0.,6.12323399573677E-17));
#682=DIRECTION('',(6.10360819526619E-17,0.0800000000000001,-0.996794863550169));
#683=FACE_BOUND('',#684,.T.);
#684=EDGE_LOOP('',(#2873,#2874,#2875,#2876,#2877,#2878,#2879,#2880));
#685=FACE_BOUND('',#686,.T.);
#686=EDGE_LOOP('',(#2881));
#687=PLANE('',#688);
#688=AXIS2_PLACEMENT_3D('',#689,#690,#691);
#689=CARTESIAN_POINT('',(22.,0.,1.34711147906209E-15));
#690=DIRECTION('',(1.,0.,6.12323399573677E-17));
#691=DIRECTION('',(6.12323399573677E-17,-1.22464679914735E-16,-1.));
#692=FACE_BOUND('',#693,.T.);
#693=EDGE_LOOP('',(#2882));
#694=FACE_BOUND('',#695,.T.);
#695=EDGE_LOOP('',(#2883,#2884,#2885,#2886));
#696=PLANE('',#697);
#697=AXIS2_PLACEMENT_3D('',#698,#699,#700);
#698=CARTESIAN_POINT('',(10.,0.,-6.12323399573677E-16));
#699=DIRECTION('',(1.,0.,6.12323399573677E-17));
#700=DIRECTION('',(6.12323399573677E-17,0.,-1.));
#701=FACE_BOUND('',#702,.T.);
#702=EDGE_LOOP('',(#2887));
#703=FACE_BOUND('',#704,.T.);
#704=EDGE_LOOP('',(#2888));
#705=PLANE('',#706);
#706=AXIS2_PLACEMENT_3D('',#707,#708,#709);
#707=CARTESIAN_POINT('',(18.,0.,-1.22464679914735E-16));
#708=DIRECTION('',(1.,0.,6.12323399573677E-17));
#709=DIRECTION('',(6.12323399573677E-17,0.,-1.));
#710=FACE_OUTER_BOUND('',#711,.T.);
#711=EDGE_LOOP('',(#2889));
#712=FACE_BOUND('',#713,.T.);
#713=EDGE_LOOP('',(#2890,#2891));
#714=CONICAL_SURFACE('',#715,5.75,0.982793723247329);
#715=AXIS2_PLACEMENT_3D('',#716,#717,#718);
#716=CARTESIAN_POINT('',(17.5,0.,-3.09223316784707E-15));
#717=DIRECTION('',(1.,3.08148791101958E-33,6.12323399573677E-17));
#718=DIRECTION('',(9.76577311242587E-18,-0.9872,-0.159487178168027));
#719=FACE_BOUND('',#720,.T.);
#720=EDGE_LOOP('',(#2892,#2893,#2894,#2895));
#721=FACE_OUTER_BOUND('',#722,.T.);
#722=EDGE_LOOP('',(#2896));
#723=CYLINDRICAL_SURFACE('',#724,5.);
#724=AXIS2_PLACEMENT_3D('',#725,#726,#727);
#725=CARTESIAN_POINT('',(11.,0.,-3.49024337756996E-15));
#726=DIRECTION('',(1.,0.,6.12323399573677E-17));
#727=DIRECTION('',(9.76577311242586E-18,-0.9872,-0.159487178168027));
#728=FACE_BOUND('',#729,.T.);
#729=EDGE_LOOP('',(#2897,#2898));
#730=PLANE('',#731);
#731=AXIS2_PLACEMENT_3D('',#732,#733,#734);
#732=CARTESIAN_POINT('',(16.,0.,-2.44929359829471E-16));
#733=DIRECTION('',(1.,0.,6.12323399573677E-17));
#734=DIRECTION('',(6.12323399573677E-17,0.,-1.));
#735=FACE_OUTER_BOUND('',#736,.T.);
#736=EDGE_LOOP('',(#2899));
#737=FACE_OUTER_BOUND('',#738,.T.);
#738=EDGE_LOOP('',(#2900));
#739=CYLINDRICAL_SURFACE('',#740,7.);
#740=AXIS2_PLACEMENT_3D('',#741,#742,#743);
#741=CARTESIAN_POINT('',(10.,0.,-3.55147571752732E-15));
#742=DIRECTION('',(1.,0.,6.12323399573677E-17));
#743=DIRECTION('',(6.12323399573677E-17,0.,-1.));
#744=FACE_BOUND('',#745,.T.);
#745=EDGE_LOOP('',(#2901));
#746=FACE_BOUND('',#747,.T.);
#747=EDGE_LOOP('',(#2902));
#748=PLANE('',#749);
#749=AXIS2_PLACEMENT_3D('',#750,#751,#752);
#750=CARTESIAN_POINT('',(11.,0.,-5.51091059616309E-16));
#751=DIRECTION('',(1.,0.,6.12323399573677E-17));
#752=DIRECTION('',(6.12323399573677E-17,0.,-1.));
#753=FACE_BOUND('',#754,.T.);
#754=EDGE_LOOP('',(#2903,#2904,#2905,#2906,#2907,#2908));
#755=FACE_BOUND('',#756,.T.);
#756=EDGE_LOOP('',(#2909));
#757=FACE_BOUND('',#758,.T.);
#758=EDGE_LOOP('',(#2910,#2911,#2912,#2913));
#759=PLANE('',#760);
#760=AXIS2_PLACEMENT_3D('',#761,#762,#763);
#761=CARTESIAN_POINT('',(1.06581410364015E-15,-9.68921912400137E-16,18.));
#762=DIRECTION('',(1.77635683940025E-16,-1.61486985400023E-16,1.));
#763=DIRECTION('',(1.,2.86858510989459E-32,-1.77635683940025E-16));
#764=FACE_OUTER_BOUND('',#765,.T.);
#765=EDGE_LOOP('',(#2914));
#766=FACE_OUTER_BOUND('',#767,.T.);
#767=EDGE_LOOP('',(#2915));
#768=CYLINDRICAL_SURFACE('',#769,1.7);
#769=AXIS2_PLACEMENT_3D('',#770,#771,#772);
#770=CARTESIAN_POINT('',(15.,-5.,15.000000000033));
#771=DIRECTION('',(1.,0.,-1.83697019872103E-16));
#772=DIRECTION('',(-1.83697019872103E-16,-1.22464679914735E-16,-1.));
#773=FACE_OUTER_BOUND('',#774,.T.);
#774=EDGE_LOOP('',(#2916));
#775=FACE_BOUND('',#776,.T.);
#776=EDGE_LOOP('',(#2917,#2918));
#777=CYLINDRICAL_SURFACE('',#778,1.7);
#778=AXIS2_PLACEMENT_3D('',#779,#780,#781);
#779=CARTESIAN_POINT('',(15.,-5.,15.000000000033));
#780=DIRECTION('',(1.,0.,-1.83697019872103E-16));
#781=DIRECTION('',(-1.83697019872103E-16,-1.22464679914735E-16,-1.));
#782=FACE_BOUND('',#783,.T.);
#783=EDGE_LOOP('',(#2919,#2920,#2921,#2922,#2923));
#784=FACE_BOUND('',#785,.T.);
#785=EDGE_LOOP('',(#2924));
#786=PLANE('',#787);
#787=AXIS2_PLACEMENT_3D('',#788,#789,#790);
#788=CARTESIAN_POINT('',(18.,0.,-3.30654635769785E-15));
#789=DIRECTION('',(1.,0.,-1.83697019872103E-16));
#790=DIRECTION('',(-1.83697019872103E-16,-1.22464679914735E-16,-1.));
#791=FACE_BOUND('',#792,.T.);
#792=EDGE_LOOP('',(#2925,#2926,#2927,#2928,#2929));
#793=FACE_BOUND('',#794,.T.);
#794=EDGE_LOOP('',(#2930));
#795=PLANE('',#796);
#796=AXIS2_PLACEMENT_3D('',#797,#798,#799);
#797=CARTESIAN_POINT('',(21.,0.,-3.85763741731416E-15));
#798=DIRECTION('',(1.,0.,-1.83697019872103E-16));
#799=DIRECTION('',(-1.83697019872103E-16,-1.22464679914735E-16,-1.));
#800=FACE_BOUND('',#801,.T.);
#801=EDGE_LOOP('',(#2931,#2932,#2933,#2934));
#802=PLANE('',#803);
#803=AXIS2_PLACEMENT_3D('',#804,#805,#806);
#804=CARTESIAN_POINT('',(18.,-7.799999999999,26.6165807537673));
#805=DIRECTION('',(0.,-1.,1.51820075968152E-13));
#806=DIRECTION('',(0.,-1.51820075968152E-13,-1.));
#807=FACE_BOUND('',#808,.T.);
#808=EDGE_LOOP('',(#2935,#2936,#2937,#2938));
#809=PLANE('',#810);
#810=AXIS2_PLACEMENT_3D('',#811,#812,#813);
#811=CARTESIAN_POINT('',(18.,-2.2,13.3834192463004));
#812=DIRECTION('',(0.,1.,-1.00676442949664E-16));
#813=DIRECTION('',(0.,1.00676442949664E-16,1.));
#814=FACE_BOUND('',#815,.T.);
#815=EDGE_LOOP('',(#2939,#2940,#2941,#2942,#2943,#2944,#2945,#2946,#2947));
#816=FACE_BOUND('',#817,.T.);
#817=EDGE_LOOP('',(#2948));
#818=FACE_BOUND('',#819,.T.);
#819=EDGE_LOOP('',(#2949));
#820=PLANE('',#821);
#821=AXIS2_PLACEMENT_3D('',#822,#823,#824);
#822=CARTESIAN_POINT('',(24.,9.0264442348385E-48,-4.40872847693047E-15));
#823=DIRECTION('',(1.,0.,-1.83697019872103E-16));
#824=DIRECTION('',(1.83697019872103E-16,0.,1.));
#825=FACE_BOUND('',#826,.T.);
#826=EDGE_LOOP('',(#2950,#2951,#2952,#2953,#2954,#2955,#2956,#2957,#2958,#2959,#2960,
#2961));
#827=FACE_BOUND('',#828,.T.);
#828=EDGE_LOOP('',(#2962));
#829=PLANE('',#830);
#830=AXIS2_PLACEMENT_3D('',#831,#832,#833);
#831=CARTESIAN_POINT('',(1.10218211923262E-15,1.04156875991184E-15,6.));
#832=DIRECTION('',(2.17540971751503E-32,1.,1.22464679914735E-16));
#833=DIRECTION('',(1.83697019872103E-16,-1.22464679914735E-16,1.));
#834=FACE_BOUND('',#835,.T.);
#835=EDGE_LOOP('',(#2963,#2964,#2965,#2966,#2967,#2968,#2969,#2970,#2971,#2972));
#836=FACE_BOUND('',#837,.T.);
#837=EDGE_LOOP('',(#2973,#2974,#2975,#2976,#2977,#2978));
#838=FACE_BOUND('',#839,.T.);
#839=EDGE_LOOP('',(#2979,#2980,#2981,#2982,#2983,#2984));
#840=FACE_BOUND('',#841,.T.);
#841=EDGE_LOOP('',(#2985,#2986,#2987,#2988));
#842=FACE_BOUND('',#843,.T.);
#843=EDGE_LOOP('',(#2989,#2990,#2991,#2992));
#844=PLANE('',#845);
#845=AXIS2_PLACEMENT_3D('',#846,#847,#848);
#846=CARTESIAN_POINT('',(2.20436423846524E-15,-11.,12.));
#847=DIRECTION('',(-2.62953635073671E-32,-1.,-1.48029736616688E-16));
#848=DIRECTION('',(-1.83697019872103E-16,1.48029736616688E-16,-1.));
#849=FACE_OUTER_BOUND('',#850,.T.);
#850=EDGE_LOOP('',(#2993));
#851=FACE_BOUND('',#852,.T.);
#852=EDGE_LOOP('',(#2994,#2995));
#853=FACE_OUTER_BOUND('',#854,.T.);
#854=EDGE_LOOP('',(#2996));
#855=FACE_BOUND('',#856,.T.);
#856=EDGE_LOOP('',(#2997));
#857=CYLINDRICAL_SURFACE('',#858,2.1);
#858=AXIS2_PLACEMENT_3D('',#859,#860,#861);
#859=CARTESIAN_POINT('',(15.,-5.,0.));
#860=DIRECTION('',(0.,0.,1.));
#861=DIRECTION('',(1.,0.,0.));
#862=FACE_BOUND('',#863,.T.);
#863=EDGE_LOOP('',(#2998,#2999,#3000,#3001));
#864=PLANE('',#865);
#865=AXIS2_PLACEMENT_3D('',#866,#867,#868);
#866=CARTESIAN_POINT('',(18.,-7.80000000000101,13.3834192463055));
#867=DIRECTION('',(0.,-0.500000000000639,-0.86602540378407));
#868=DIRECTION('',(0.,0.86602540378407,-0.500000000000639));
#869=FACE_BOUND('',#870,.T.);
#870=EDGE_LOOP('',(#3002,#3003,#3004,#3005));
#871=PLANE('',#872);
#872=AXIS2_PLACEMENT_3D('',#873,#874,#875);
#873=CARTESIAN_POINT('',(18.,-5.00000000000227,11.7668384925725));
#874=DIRECTION('',(0.,0.499999999998978,-0.866025403785028));
#875=DIRECTION('',(0.,0.866025403785028,0.499999999998978));
#876=FACE_BOUND('',#877,.T.);
#877=EDGE_LOOP('',(#3006,#3007,#3008,#3009,#3010,#3011,#3012,#3013));
#878=PLANE('',#879);
#879=AXIS2_PLACEMENT_3D('',#880,#881,#882);
#880=CARTESIAN_POINT('',(-2.20436423846524E-15,-11.,-12.));
#881=DIRECTION('',(-1.77635683940025E-16,1.61486985400023E-16,-1.));
#882=DIRECTION('',(3.58573138736823E-32,1.,1.61486985400023E-16));
#883=FACE_BOUND('',#884,.T.);
#884=EDGE_LOOP('',(#3014,#3015,#3016,#3017,#3018));
#885=PLANE('',#886);
#886=AXIS2_PLACEMENT_3D('',#887,#888,#889);
#887=CARTESIAN_POINT('',(-2.20436423846524E-15,3.24593299837707E-15,-12.));
#888=DIRECTION('',(2.17540971751503E-32,1.,1.22464679914735E-16));
#889=DIRECTION('',(1.83697019872103E-16,-1.22464679914735E-16,1.));
#890=FACE_BOUND('',#891,.T.);
#891=EDGE_LOOP('',(#3019,#3020,#3021,#3022,#3023,#3024,#3025,#3026,#3027,#3028));
#892=FACE_BOUND('',#893,.T.);
#893=EDGE_LOOP('',(#3029));
#894=CYLINDRICAL_SURFACE('',#895,8.);
#895=AXIS2_PLACEMENT_3D('',#896,#897,#898);
#896=CARTESIAN_POINT('',(3.,9.0264442348385E-48,-5.51091059616309E-16));
#897=DIRECTION('',(-1.,0.,1.83697019872103E-16));
#898=DIRECTION('',(-1.83697019872103E-16,-1.22464679914735E-16,-1.));
#899=FACE_OUTER_BOUND('',#900,.T.);
#900=EDGE_LOOP('',(#3030));
#901=FACE_OUTER_BOUND('',#902,.T.);
#902=EDGE_LOOP('',(#3031));
#903=CYLINDRICAL_SURFACE('',#904,1.6);
#904=AXIS2_PLACEMENT_3D('',#905,#906,#907);
#905=CARTESIAN_POINT('',(3.,-8.,8.));
#906=DIRECTION('',(1.,0.,-1.83697019872103E-16));
#907=DIRECTION('',(1.83697019872103E-16,0.,1.));
#908=FACE_OUTER_BOUND('',#909,.T.);
#909=EDGE_LOOP('',(#3032));
#910=FACE_OUTER_BOUND('',#911,.T.);
#911=EDGE_LOOP('',(#3033));
#912=CYLINDRICAL_SURFACE('',#913,1.6);
#913=AXIS2_PLACEMENT_3D('',#914,#915,#916);
#914=CARTESIAN_POINT('',(3.,-8.,-8.));
#915=DIRECTION('',(1.,0.,-1.83697019872103E-16));
#916=DIRECTION('',(1.83697019872103E-16,0.,1.));
#917=FACE_BOUND('',#918,.T.);
#918=EDGE_LOOP('',(#3034,#3035,#3036,#3037));
#919=CYLINDRICAL_SURFACE('',#920,6.);
#920=AXIS2_PLACEMENT_3D('',#921,#922,#923);
#921=CARTESIAN_POINT('',(-8.,24.,6.00000000000001));
#922=DIRECTION('',(0.,-1.,-1.50538715203411E-16));
#923=DIRECTION('',(0.,-1.50538715203411E-16,1.));
#924=FACE_BOUND('',#925,.T.);
#925=EDGE_LOOP('',(#3038,#3039,#3040,#3041));
#926=PLANE('',#927);
#927=AXIS2_PLACEMENT_3D('',#928,#929,#930);
#928=CARTESIAN_POINT('',(2.20436423846524E-15,3.06780680423427E-16,12.));
#929=DIRECTION('',(1.77635683940025E-16,-1.61486985400023E-16,1.));
#930=DIRECTION('',(-3.58573138736823E-32,-1.,-1.61486985400023E-16));
#931=FACE_BOUND('',#932,.T.);
#932=EDGE_LOOP('',(#3042,#3043,#3044,#3045));
#933=CYLINDRICAL_SURFACE('',#934,6.);
#934=AXIS2_PLACEMENT_3D('',#935,#936,#937);
#935=CARTESIAN_POINT('',(3.,24.,6.));
#936=DIRECTION('',(0.,1.,1.20430972162729E-16));
#937=DIRECTION('',(1.48029736616687E-16,-1.20430972162729E-16,1.));
#938=FACE_BOUND('',#939,.T.);
#939=EDGE_LOOP('',(#3046,#3047,#3048,#3049));
#940=PLANE('',#941);
#941=AXIS2_PLACEMENT_3D('',#942,#943,#944);
#942=CARTESIAN_POINT('',(1.10218211923262E-15,-5.,6.));
#943=DIRECTION('',(-1.77635683940025E-16,1.77635683940025E-16,-1.));
#944=DIRECTION('',(3.94430452610506E-32,1.,1.77635683940025E-16));
#945=FACE_BOUND('',#946,.T.);
#946=EDGE_LOOP('',(#3050,#3051,#3052,#3053));
#947=CYLINDRICAL_SURFACE('',#948,6.24999999967128);
#948=AXIS2_PLACEMENT_3D('',#949,#950,#951);
#949=CARTESIAN_POINT('',(-17.,8.54630159951108E-16,-0.249999999671282));
#950=DIRECTION('',(-1.,0.,1.83697019872103E-16));
#951=DIRECTION('',(1.10218211916314E-16,-0.800000000028365,0.599999999962181));
#952=FACE_OUTER_BOUND('',#953,.T.);
#953=EDGE_LOOP('',(#3054));
#954=FACE_OUTER_BOUND('',#955,.T.);
#955=EDGE_LOOP('',(#3055));
#956=CYLINDRICAL_SURFACE('',#957,1.6);
#957=AXIS2_PLACEMENT_3D('',#958,#959,#960);
#958=CARTESIAN_POINT('',(-1.,-29.,8.));
#959=DIRECTION('',(2.6295363507367E-32,1.,1.48029736616688E-16));
#960=DIRECTION('',(1.,-2.62953635073671E-32,-3.8924957342356E-48));
#961=FACE_BOUND('',#962,.T.);
#962=EDGE_LOOP('',(#3056,#3057,#3058,#3059));
#963=CYLINDRICAL_SURFACE('',#964,6.);
#964=AXIS2_PLACEMENT_3D('',#965,#966,#967);
#965=CARTESIAN_POINT('',(-8.,-35.,-6.));
#966=DIRECTION('',(0.,1.,1.50538715203411E-16));
#967=DIRECTION('',(-2.96059473233375E-16,1.50538715203411E-16,-1.));
#968=FACE_BOUND('',#969,.T.);
#969=EDGE_LOOP('',(#3060,#3061,#3062,#3063,#3064,#3065));
#970=PLANE('',#971);
#971=AXIS2_PLACEMENT_3D('',#972,#973,#974);
#972=CARTESIAN_POINT('',(-14.,0.,2.57175827820944E-15));
#973=DIRECTION('',(1.,0.,-1.83697019872103E-16));
#974=DIRECTION('',(-1.83697019872103E-16,1.22464679914735E-16,-1.));
#975=FACE_BOUND('',#976,.T.);
#976=EDGE_LOOP('',(#3066,#3067,#3068,#3069));
#977=PLANE('',#978);
#978=AXIS2_PLACEMENT_3D('',#979,#980,#981);
#979=CARTESIAN_POINT('',(19.,-13.1961524227065,-8.23316150739672));
#980=DIRECTION('',(0.,-0.500000000008156,-0.86602540377973));
#981=DIRECTION('',(-5.92118946463541E-16,0.86602540377973,-0.500000000008156));
#982=FACE_BOUND('',#983,.T.);
#983=EDGE_LOOP('',(#3070,#3071,#3072,#3073,#3074));
#984=FACE_BOUND('',#985,.T.);
#985=EDGE_LOOP('',(#3075));
#986=PLANE('',#987);
#987=AXIS2_PLACEMENT_3D('',#988,#989,#990);
#988=CARTESIAN_POINT('',(19.,9.0264442348385E-48,-3.49024337756996E-15));
#989=DIRECTION('',(1.,0.,-1.83697019872103E-16));
#990=DIRECTION('',(1.83697019872103E-16,0.,1.));
#991=FACE_BOUND('',#992,.T.);
#992=EDGE_LOOP('',(#3076,#3077,#3078,#3079));
#993=PLANE('',#994);
#994=AXIS2_PLACEMENT_3D('',#995,#996,#997);
#995=CARTESIAN_POINT('',(19.,-5.2,-6.38341924626906));
#996=DIRECTION('',(2.56395024851139E-16,0.500000000000018,0.866025403784428));
#997=DIRECTION('',(0.,-0.866025403784428,0.500000000000018));
#998=FACE_BOUND('',#999,.T.);
#999=EDGE_LOOP('',(#3080,#3081,#3082,#3083,#3084));
#1000=FACE_BOUND('',#1001,.T.);
#1001=EDGE_LOOP('',(#3085));
#1002=PLANE('',#1003);
#1003=AXIS2_PLACEMENT_3D('',#1004,#1005,#1006);
#1004=CARTESIAN_POINT('',(22.,9.0264442348385E-48,-4.04133443718627E-15));
#1005=DIRECTION('',(1.,0.,-1.83697019872103E-16));
#1006=DIRECTION('',(1.83697019872103E-16,0.,1.));
#1007=FACE_BOUND('',#1008,.T.);
#1008=EDGE_LOOP('',(#3086,#3087,#3088,#3089));
#1009=PLANE('',#1010);
#1010=AXIS2_PLACEMENT_3D('',#1011,#1012,#1013);
#1011=CARTESIAN_POINT('',(19.,-13.1961524226808,1.76683849245992));
#1012=DIRECTION('',(-1.28197512424925E-16,0.50000000000756,-0.866025403780074));
#1013=DIRECTION('',(0.,0.866025403780074,0.50000000000756));
#1014=FACE_BOUND('',#1015,.T.);
#1015=EDGE_LOOP('',(#3090,#3091,#3092,#3093,#3094));
#1016=FACE_BOUND('',#1017,.T.);
#1017=EDGE_LOOP('',(#3095));
#1018=PLANE('',#1019);
#1019=AXIS2_PLACEMENT_3D('',#1020,#1021,#1022);
#1020=CARTESIAN_POINT('',(19.,9.0264442348385E-48,-3.49024337756996E-15));
#1021=DIRECTION('',(1.,0.,-1.83697019872103E-16));
#1022=DIRECTION('',(1.83697019872103E-16,0.,1.));
#1023=FACE_BOUND('',#1024,.T.);
#1024=EDGE_LOOP('',(#3096,#3097,#3098,#3099));
#1025=PLANE('',#1026);
#1026=AXIS2_PLACEMENT_3D('',#1027,#1028,#1029);
#1027=CARTESIAN_POINT('',(19.,-8.,11.2331615074619));
#1028=DIRECTION('',(4.93038065763132E-32,-0.500000000000004,0.866025403784437));
#1029=DIRECTION('',(-5.92118946469688E-16,-0.866025403784437,-0.500000000000004));
#1030=FACE_BOUND('',#1031,.T.);
#1031=EDGE_LOOP('',(#3100,#3101,#3102,#3103,#3104));
#1032=FACE_BOUND('',#1033,.T.);
#1033=EDGE_LOOP('',(#3105));
#1034=PLANE('',#1035);
#1035=AXIS2_PLACEMENT_3D('',#1036,#1037,#1038);
#1036=CARTESIAN_POINT('',(22.,9.0264442348385E-48,-4.04133443718627E-15));
#1037=DIRECTION('',(1.,0.,-1.83697019872103E-16));
#1038=DIRECTION('',(1.83697019872103E-16,0.,1.));
#1039=FACE_BOUND('',#1040,.T.);
#1040=EDGE_LOOP('',(#3106,#3107,#3108,#3109));
#1041=PLANE('',#1042);
#1042=AXIS2_PLACEMENT_3D('',#1043,#1044,#1045);
#1043=CARTESIAN_POINT('',(0.645448267181571,-12.,10.8500000000077));
#1044=DIRECTION('',(0.866025403782263,-7.72329060614626E-17,0.500000000003769));
#1045=DIRECTION('',(0.500000000003769,0.,-0.866025403782263));
#1046=FACE_BOUND('',#1047,.T.);
#1047=EDGE_LOOP('',(#3110,#3111,#3112,#3113));
#1048=PLANE('',#1049);
#1049=AXIS2_PLACEMENT_3D('',#1050,#1051,#1052);
#1050=CARTESIAN_POINT('',(2.2908965343807,-12.,8.00000000002132));
#1051=DIRECTION('',(0.866025403787737,7.72329060599981E-17,-0.499999999994288));
#1052=DIRECTION('',(-0.499999999994288,5.39778999681183E-16,-0.866025403787737));
#1053=FACE_BOUND('',#1054,.T.);
#1054=EDGE_LOOP('',(#3114,#3115,#3116,#3117));
#1055=PLANE('',#1056);
#1056=AXIS2_PLACEMENT_3D('',#1057,#1058,#1059);
#1057=CARTESIAN_POINT('',(0.645448267192512,-12.,5.14999999998179));
#1058=DIRECTION('',(-1.77398368246783E-12,1.54465812121761E-16,-1.));
#1059=DIRECTION('',(-1.,0.,1.77398368246783E-12));
#1060=FACE_BOUND('',#1061,.T.);
#1061=EDGE_LOOP('',(#3118,#3119,#3120,#3121));
#1062=PLANE('',#1063);
#1063=AXIS2_PLACEMENT_3D('',#1064,#1065,#1066);
#1064=CARTESIAN_POINT('',(-2.64544826719249,-12.,5.14999999998763));
#1065=DIRECTION('',(-0.866025403786615,7.72329060602981E-17,-0.49999999999623));
#1066=DIRECTION('',(-0.49999999999623,-5.39778999684973E-16,0.866025403786615));
#1067=FACE_BOUND('',#1068,.T.);
#1068=EDGE_LOOP('',(#3122,#3123,#3124,#3125));
#1069=PLANE('',#1070);
#1070=AXIS2_PLACEMENT_3D('',#1071,#1072,#1073);
#1071=CARTESIAN_POINT('',(-4.29089653437552,-12.,8.00000000000346));
#1072=DIRECTION('',(-0.866025403785584,-7.72329060605741E-17,0.499999999998017));
#1073=DIRECTION('',(0.499999999998017,0.,0.866025403785584));
#1074=FACE_BOUND('',#1075,.T.);
#1075=EDGE_LOOP('',(#3126,#3127,#3128,#3129));
#1076=PLANE('',#1077);
#1077=AXIS2_PLACEMENT_3D('',#1078,#1079,#1080);
#1078=CARTESIAN_POINT('',(-2.64544826719131,-12.,10.8500000000077));
#1079=DIRECTION('',(0.,-1.54465812121761E-16,1.));
#1080=DIRECTION('',(1.,0.,0.));
#1081=FACE_BOUND('',#1082,.T.);
#1082=EDGE_LOOP('',(#3130,#3131,#3132,#3133));
#1083=PLANE('',#1084);
#1084=AXIS2_PLACEMENT_3D('',#1085,#1086,#1087);
#1085=CARTESIAN_POINT('',(0.645448267192512,-12.,-5.14999999998179));
#1086=DIRECTION('',(0.866025403787737,7.72329060599981E-17,0.499999999994288));
#1087=DIRECTION('',(0.499999999994288,-5.39778999681183E-16,-0.866025403787737));
#1088=FACE_BOUND('',#1089,.T.);
#1089=EDGE_LOOP('',(#3134,#3135,#3136,#3137));
#1090=PLANE('',#1091);
#1091=AXIS2_PLACEMENT_3D('',#1092,#1093,#1094);
#1092=CARTESIAN_POINT('',(2.2908965343807,-12.,-8.00000000002132));
#1093=DIRECTION('',(0.866025403782263,-7.72329060614626E-17,-0.500000000003769));
#1094=DIRECTION('',(-0.500000000003769,0.,-0.866025403782263));
#1095=FACE_BOUND('',#1096,.T.);
#1096=EDGE_LOOP('',(#3138,#3139,#3140,#3141));
#1097=PLANE('',#1098);
#1098=AXIS2_PLACEMENT_3D('',#1099,#1100,#1101);
#1099=CARTESIAN_POINT('',(0.645448267181571,-12.,-10.8500000000077));
#1100=DIRECTION('',(0.,-1.54465812121761E-16,-1.));
#1101=DIRECTION('',(-1.,0.,0.));
#1102=FACE_BOUND('',#1103,.T.);
#1103=EDGE_LOOP('',(#3142,#3143,#3144,#3145));
#1104=PLANE('',#1105);
#1105=AXIS2_PLACEMENT_3D('',#1106,#1107,#1108);
#1106=CARTESIAN_POINT('',(-2.64544826719131,-12.,-10.8500000000077));
#1107=DIRECTION('',(-0.866025403785584,-7.72329060605741E-17,-0.499999999998017));
#1108=DIRECTION('',(-0.499999999998017,0.,0.866025403785584));
#1109=FACE_BOUND('',#1110,.T.);
#1110=EDGE_LOOP('',(#3146,#3147,#3148,#3149));
#1111=PLANE('',#1112);
#1112=AXIS2_PLACEMENT_3D('',#1113,#1114,#1115);
#1113=CARTESIAN_POINT('',(-4.29089653437552,-12.,-8.00000000000346));
#1114=DIRECTION('',(-0.866025403786615,7.72329060602981E-17,0.49999999999623));
#1115=DIRECTION('',(0.49999999999623,5.39778999684973E-16,0.866025403786615));
#1116=FACE_BOUND('',#1117,.T.);
#1117=EDGE_LOOP('',(#3150,#3151,#3152,#3153));
#1118=PLANE('',#1119);
#1119=AXIS2_PLACEMENT_3D('',#1120,#1121,#1122);
#1120=CARTESIAN_POINT('',(-2.64544826719249,-12.,-5.14999999998763));
#1121=DIRECTION('',(-1.77398368246783E-12,1.54465812121761E-16,1.));
#1122=DIRECTION('',(1.,0.,1.77398368246783E-12));
#1123=FACE_OUTER_BOUND('',#1124,.T.);
#1124=EDGE_LOOP('',(#3154));
#1125=FACE_OUTER_BOUND('',#1126,.T.);
#1126=EDGE_LOOP('',(#3155));
#1127=FACE_BOUND('',#1128,.T.);
#1128=EDGE_LOOP('',(#3156));
#1129=CYLINDRICAL_SURFACE('',#1130,1.6);
#1130=AXIS2_PLACEMENT_3D('',#1131,#1132,#1133);
#1131=CARTESIAN_POINT('',(3.,-8.,8.));
#1132=DIRECTION('',(1.,0.,-1.83697019872103E-16));
#1133=DIRECTION('',(1.83697019872103E-16,0.,1.));
#1134=FACE_BOUND('',#1135,.T.);
#1135=EDGE_LOOP('',(#3157,#3158,#3159,#3160));
#1136=PLANE('',#1137);
#1137=AXIS2_PLACEMENT_3D('',#1138,#1139,#1140);
#1138=CARTESIAN_POINT('',(17.6,-7.,-1.));
#1139=DIRECTION('',(2.16628882853689E-16,-1.,-1.61486985400023E-16));
#1140=DIRECTION('',(-1.,-2.16628882853689E-16,1.62471662140267E-16));
#1141=FACE_BOUND('',#1142,.T.);
#1142=EDGE_LOOP('',(#3161,#3162,#3163,#3164,#3165,#3166));
#1143=PLANE('',#1144);
#1144=AXIS2_PLACEMENT_3D('',#1145,#1146,#1147);
#1145=CARTESIAN_POINT('',(17.6,7.,-1.));
#1146=DIRECTION('',(1.,5.12247341052605E-32,-3.22973970800046E-16));
#1147=DIRECTION('',(0.,-1.,-1.58603289232165E-16));
#1148=FACE_BOUND('',#1149,.T.);
#1149=EDGE_LOOP('',(#3167,#3168,#3169,#3170,#3171,#3172,#3173));
#1150=FACE_BOUND('',#1151,.T.);
#1151=EDGE_LOOP('',(#3174));
#1152=PLANE('',#1153);
#1153=AXIS2_PLACEMENT_3D('',#1154,#1155,#1156);
#1154=CARTESIAN_POINT('',(-2.20436423846524E-15,3.24593299837707E-15,-12.));
#1155=DIRECTION('',(2.17540971751503E-32,1.,1.22464679914735E-16));
#1156=DIRECTION('',(1.83697019872103E-16,-1.22464679914735E-16,1.));
#1157=FACE_BOUND('',#1158,.T.);
#1158=EDGE_LOOP('',(#3175,#3176,#3177,#3178,#3179,#3180));
#1159=PLANE('',#1160);
#1160=AXIS2_PLACEMENT_3D('',#1161,#1162,#1163);
#1161=CARTESIAN_POINT('',(9.4,-7.,-1.));
#1162=DIRECTION('',(-1.,-2.56123670526302E-32,1.61486985400023E-16));
#1163=DIRECTION('',(0.,1.,1.58603289232165E-16));
#1164=FACE_BOUND('',#1165,.T.);
#1165=EDGE_LOOP('',(#3181,#3182,#3183,#3184));
#1166=PLANE('',#1167);
#1167=AXIS2_PLACEMENT_3D('',#1168,#1169,#1170);
#1168=CARTESIAN_POINT('',(17.6,-7.,-1.));
#1169=DIRECTION('',(2.16628882853689E-16,-1.,-1.61486985400023E-16));
#1170=DIRECTION('',(-1.,-2.16628882853689E-16,1.62471662140267E-16));
#1171=FACE_BOUND('',#1172,.T.);
#1172=EDGE_LOOP('',(#3185,#3186,#3187,#3188));
#1173=CYLINDRICAL_SURFACE('',#1174,6.);
#1174=AXIS2_PLACEMENT_3D('',#1175,#1176,#1177);
#1175=CARTESIAN_POINT('',(3.,-35.,-6.00000000000001));
#1176=DIRECTION('',(0.,-1.,-1.50538715203411E-16));
#1177=DIRECTION('',(-1.48029736616688E-16,1.50538715203411E-16,-1.));
#1178=FACE_BOUND('',#1179,.T.);
#1179=EDGE_LOOP('',(#3189,#3190,#3191,#3192));
#1180=PLANE('',#1181);
#1181=AXIS2_PLACEMENT_3D('',#1182,#1183,#1184);
#1182=CARTESIAN_POINT('',(9.,0.,-1.65327317884893E-15));
#1183=DIRECTION('',(1.,0.,-1.83697019872103E-16));
#1184=DIRECTION('',(-1.83697019872103E-16,1.22464679914735E-16,-1.));
#1185=FACE_BOUND('',#1186,.T.);
#1186=EDGE_LOOP('',(#3193,#3194,#3195));
#1187=PLANE('',#1188);
#1188=AXIS2_PLACEMENT_3D('',#1189,#1190,#1191);
#1189=CARTESIAN_POINT('',(0.,0.,0.));
#1190=DIRECTION('',(1.,0.,-1.83697019872103E-16));
#1191=DIRECTION('',(-1.83697019872103E-16,1.22464679914735E-16,-1.));
#1192=FACE_BOUND('',#1193,.T.);
#1193=EDGE_LOOP('',(#3196,#3197,#3198,#3199,#3200,#3201,#3202,#3203));
#1194=PLANE('',#1195);
#1195=AXIS2_PLACEMENT_3D('',#1196,#1197,#1198);
#1196=CARTESIAN_POINT('',(-1.10218211923262E-15,-5.,-6.));
#1197=DIRECTION('',(2.62953635073671E-32,1.,1.48029736616688E-16));
#1198=DIRECTION('',(1.83697019872103E-16,-1.48029736616688E-16,1.));
#1199=FACE_BOUND('',#1200,.T.);
#1200=EDGE_LOOP('',(#3204,#3205,#3206,#3207,#3208,#3209));
#1201=FACE_BOUND('',#1202,.T.);
#1202=EDGE_LOOP('',(#3210));
#1203=PLANE('',#1204);
#1204=AXIS2_PLACEMENT_3D('',#1205,#1206,#1207);
#1205=CARTESIAN_POINT('',(2.20436423846524E-15,-8.,12.));
#1206=DIRECTION('',(-2.62953635073671E-32,-1.,-1.48029736616688E-16));
#1207=DIRECTION('',(-1.83697019872103E-16,1.48029736616688E-16,-1.));
#1208=FACE_BOUND('',#1209,.T.);
#1209=EDGE_LOOP('',(#3211,#3212,#3213,#3214));
#1210=CYLINDRICAL_SURFACE('',#1211,6.24999999967128);
#1211=AXIS2_PLACEMENT_3D('',#1212,#1213,#1214);
#1212=CARTESIAN_POINT('',(-17.,2.0909686889017E-10,0.249999999671287));
#1213=DIRECTION('',(-1.,0.,1.83697019872103E-16));
#1214=DIRECTION('',(-1.83697019872103E-16,1.22464679914735E-16,-1.));
#1215=FACE_BOUND('',#1216,.T.);
#1216=EDGE_LOOP('',(#3215,#3216,#3217,#3218));
#1217=PLANE('',#1218);
#1218=AXIS2_PLACEMENT_3D('',#1219,#1220,#1221);
#1219=CARTESIAN_POINT('',(19.,-8.,-11.2331615074619));
#1220=DIRECTION('',(9.86076131526265E-32,0.5,-0.866025403784439));
#1221=DIRECTION('',(1.09883582079061E-15,0.866025403784439,0.5));
#1222=FACE_BOUND('',#1223,.T.);
#1223=EDGE_LOOP('',(#3219,#3220,#3221,#3222));
#1224=PLANE('',#1225);
#1225=AXIS2_PLACEMENT_3D('',#1226,#1227,#1228);
#1226=CARTESIAN_POINT('',(19.,-5.2,-9.61658075373096));
#1227=DIRECTION('',(0.,1.,-5.49417910395304E-16));
#1228=DIRECTION('',(0.,5.49417910395304E-16,1.));
#1229=FACE_OUTER_BOUND('',#1230,.T.);
#1230=EDGE_LOOP('',(#3223));
#1231=FACE_OUTER_BOUND('',#1232,.T.);
#1232=EDGE_LOOP('',(#3224));
#1233=FACE_BOUND('',#1234,.T.);
#1234=EDGE_LOOP('',(#3225,#3226,#3227,#3228));
#1235=CYLINDRICAL_SURFACE('',#1236,1.6);
#1236=AXIS2_PLACEMENT_3D('',#1237,#1238,#1239);
#1237=CARTESIAN_POINT('',(3.,-8.,-8.));
#1238=DIRECTION('',(1.,0.,-1.83697019872103E-16));
#1239=DIRECTION('',(1.83697019872103E-16,0.,1.));
#1240=FACE_BOUND('',#1241,.T.);
#1241=EDGE_LOOP('',(#3229,#3230,#3231,#3232));
#1242=PLANE('',#1243);
#1243=AXIS2_PLACEMENT_3D('',#1244,#1245,#1246);
#1244=CARTESIAN_POINT('',(19.,-5.2,6.38341924626905));
#1245=DIRECTION('',(0.,1.,0.));
#1246=DIRECTION('',(0.,0.,1.));
#1247=FACE_BOUND('',#1248,.T.);
#1248=EDGE_LOOP('',(#3233,#3234,#3235,#3236));
#1249=PLANE('',#1250);
#1250=AXIS2_PLACEMENT_3D('',#1251,#1252,#1253);
#1251=CARTESIAN_POINT('',(19.,-5.2,9.61658075373095));
#1252=DIRECTION('',(9.86076131526265E-32,0.5,0.866025403784439));
#1253=DIRECTION('',(1.09883582079061E-15,-0.866025403784439,0.5));
#1254=FACE_BOUND('',#1255,.T.);
#1255=EDGE_LOOP('',(#3237,#3238,#3239,#3240,#3241,#3242));
#1256=FACE_BOUND('',#1257,.T.);
#1257=EDGE_LOOP('',(#3243));
#1258=PLANE('',#1259);
#1259=AXIS2_PLACEMENT_3D('',#1260,#1261,#1262);
#1260=CARTESIAN_POINT('',(2.20436423846524E-15,-8.,12.));
#1261=DIRECTION('',(-2.62953635073671E-32,-1.,-1.48029736616688E-16));
#1262=DIRECTION('',(-1.83697019872103E-16,1.48029736616688E-16,-1.));
#1263=FACE_BOUND('',#1264,.T.);
#1264=EDGE_LOOP('',(#3244));
#1265=CYLINDRICAL_SURFACE('',#1266,6.);
#1266=AXIS2_PLACEMENT_3D('',#1267,#1268,#1269);
#1267=CARTESIAN_POINT('',(3.,24.,6.));
#1268=DIRECTION('',(0.,1.,1.20430972162729E-16));
#1269=DIRECTION('',(1.48029736616687E-16,-1.20430972162729E-16,1.));
#1270=FACE_BOUND('',#1271,.T.);
#1271=EDGE_LOOP('',(#3245,#3246,#3247,#3248));
#1272=PLANE('',#1273);
#1273=AXIS2_PLACEMENT_3D('',#1274,#1275,#1276);
#1274=CARTESIAN_POINT('',(-1.10218211923262E-15,2.51114491888866E-15,-6.));
#1275=DIRECTION('',(1.77635683940025E-16,-1.77635683940025E-16,1.));
#1276=DIRECTION('',(-3.94430452610506E-32,-1.,-1.77635683940025E-16));
#1277=FACE_OUTER_BOUND('',#1278,.T.);
#1278=EDGE_LOOP('',(#3249));
#1279=FACE_OUTER_BOUND('',#1280,.T.);
#1280=EDGE_LOOP('',(#3250));
#1281=CYLINDRICAL_SURFACE('',#1282,1.6);
#1282=AXIS2_PLACEMENT_3D('',#1283,#1284,#1285);
#1283=CARTESIAN_POINT('',(-1.,-29.,-8.));
#1284=DIRECTION('',(-2.6295363507367E-32,-1.,1.48029736616688E-16));
#1285=DIRECTION('',(1.,-2.62953635073671E-32,3.8924957342356E-48));
#1286=FACE_BOUND('',#1287,.T.);
#1287=EDGE_LOOP('',(#3251,#3252,#3253));
#1288=PLANE('',#1289);
#1289=AXIS2_PLACEMENT_3D('',#1290,#1291,#1292);
#1290=CARTESIAN_POINT('',(0.,0.,0.));
#1291=DIRECTION('',(1.,0.,-1.83697019872103E-16));
#1292=DIRECTION('',(-1.83697019872103E-16,1.22464679914735E-16,-1.));
#1293=FACE_BOUND('',#1294,.T.);
#1294=EDGE_LOOP('',(#3254));
#1295=CYLINDRICAL_SURFACE('',#1296,6.);
#1296=AXIS2_PLACEMENT_3D('',#1297,#1298,#1299);
#1297=CARTESIAN_POINT('',(3.,-35.,-6.00000000000001));
#1298=DIRECTION('',(0.,-1.,-1.50538715203411E-16));
#1299=DIRECTION('',(-1.48029736616688E-16,1.50538715203411E-16,-1.));
#1300=FACE_BOUND('',#1301,.T.);
#1301=EDGE_LOOP('',(#3255,#3256,#3257));
#1302=FACE_OUTER_BOUND('',#1303,.T.);
#1303=EDGE_LOOP('',(#3258));
#1304=CONICAL_SURFACE('',#1305,2.2,0.785398163397447);
#1305=AXIS2_PLACEMENT_3D('',#1306,#1307,#1308);
#1306=CARTESIAN_POINT('',(23.5,-5.,15.000000000033));
#1307=DIRECTION('',(1.,0.,-1.83697019872103E-16));
#1308=DIRECTION('',(-1.83697019872103E-16,0.,-1.));
#1309=FACE_BOUND('',#1310,.T.);
#1310=EDGE_LOOP('',(#3259,#3260,#3261,#3262));
#1311=CYLINDRICAL_SURFACE('',#1312,8.);
#1312=AXIS2_PLACEMENT_3D('',#1313,#1314,#1315);
#1313=CARTESIAN_POINT('',(3.25403330758517,32.,20.));
#1314=DIRECTION('',(-7.105427357601E-17,1.,2.1316282072803E-16));
#1315=DIRECTION('',(0.968245836551854,1.22088709741196E-16,-0.250000000000001));
#1316=FACE_BOUND('',#1317,.T.);
#1317=EDGE_LOOP('',(#3263,#3264,#3265,#3266));
#1318=CYLINDRICAL_SURFACE('',#1319,1.);
#1319=AXIS2_PLACEMENT_3D('',#1320,#1321,#1322);
#1320=CARTESIAN_POINT('',(11.7393146818237,2.,17.));
#1321=DIRECTION('',(0.,1.,4.736951571734E-16));
#1322=DIRECTION('',(-0.942809041582064,-1.57898385724466E-16,0.333333333333332));
#1323=FACE_BOUND('',#1324,.T.);
#1324=EDGE_LOOP('',(#3267,#3268,#3269,#3270));
#1325=CYLINDRICAL_SURFACE('',#1326,1.);
#1326=AXIS2_PLACEMENT_3D('',#1327,#1328,#1329);
#1327=CARTESIAN_POINT('',(23.,-15.,17.));
#1328=DIRECTION('',(0.,1.,1.86984930463184E-16));
#1329=DIRECTION('',(0.,-1.86984930463184E-16,1.));
#1330=FACE_BOUND('',#1331,.T.);
#1331=EDGE_LOOP('',(#3271,#3272,#3273,#3274));
#1332=(BOUNDED_SURFACE()B_SPLINE_SURFACE(3,2,(
(#1333,#1334,#1335),
(#1336,#1337,#1338),
(#1339,#1340,#1341),
(#1342,#1343,#1344),
(#1345,#1346,#1347),
(#1348,#1349,#1350),
(#1351,#1352,#1353),
(#1354,#1355,#1356),
(#1357,#1358,#1359),
(#1360,#1361,#1362),
(#1363,#1364,#1365),
(#1366,#1367,#1368),
(#1369,#1370,#1371),
(#1372,#1373,#1374),
(#1375,#1376,#1377),
(#1378,#1379,#1380),
(#1381,#1382,#1383),
(#1384,#1385,#1386),
(#1387,#1388,#1389),
(#1390,#1391,#1392),
(#1393,#1394,#1395),
(#1396,#1397,#1398),
(#1399,#1400,#1401),
(#1402,#1403,#1404),
(#1405,#1406,#1407),
(#1408,#1409,#1410),
(#1411,#1412,#1413),
(#1414,#1415,#1416),
(#1417,#1418,#1419),
(#1420,#1421,#1422),
(#1423,#1424,#1425),
(#1426,#1427,#1428)),
.UNSPECIFIED.,.F.,.F.,.F.)B_SPLINE_SURFACE_WITH_KNOTS((4,1,1,1,1,1,1,1,1,1,1,1,1,
1,1,1,1,1,1,1,1,1,1,1,1,1,1,1,1,4),
(3,3),
(-3.7845468319329E-6,0.201286161224031,0.274549082288532,0.327249656520677,0.373027293897617,
0.413978862644992,0.448052493670369,0.475248186973746,0.500426316283038,0.525604445592329,
0.550816879999967,0.587407914246587,0.626394232220599,0.671873560391742,0.709253136367795,
0.747051812568072,0.781171862522833,0.818907064601591,0.856145566660622,0.892813406746825,
0.924865274142274,0.958952584540914,0.995149299895848,1.03810855409158,1.10048306229582,
1.18227282450858,1.26789596713948,1.34561032565197,1.41541590004607,1.47325178862148),
(0.,1.),
.UNSPECIFIED.)GEOMETRIC_REPRESENTATION_ITEM()RATIONAL_B_SPLINE_SURFACE((
(1.,0.707104354193731,1.),
(1.,0.750020817038811,1.),
(1.,0.797310373852999,1.),
(1.,0.839788968125161,1.),
(1.,0.858944520872413,1.),
(1.,0.872588739669553,1.),
(1.,0.882997032607209,1.),
(1.,0.890793405631206,1.),
(1.,0.896699832420877,1.),
(1.,0.901477729869427,1.),
(1.,0.905650138358995,1.),
(1.,0.909900638341923,1.),
(1.,0.914047091185477,1.),
(1.,0.917893524349394,1.),
(1.,0.920498792435905,1.),
(1.,0.92185544479077,1.),
(1.,0.92208136199826,1.),
(1.,0.921345789301674,1.),
(1.,0.919656264185874,1.),
(1.,0.916901287026977,1.),
(1.,0.913321583649122,1.),
(1.,0.908971479997265,1.),
(1.,0.903794524038945,1.),
(1.,0.897059783400629,1.),
(1.,0.887208204940227,1.),
(1.,0.871612351827513,1.),
(1.,0.847995953430701,1.),
(1.,0.816948635089952,1.),
(1.,0.781530234073033,1.),
(1.,0.745172059556125,1.),
(1.,0.719467386853095,1.),
(1.,0.707104354193731,1.)))REPRESENTATION_ITEM('')SURFACE());
#1333=CARTESIAN_POINT('',(24.,-6.81384328383877,16.9999931354395));
#1334=CARTESIAN_POINT('',(24.0000068645717,-6.81384328379603,18.));
#1335=CARTESIAN_POINT('',(23.000000000025,-6.81384950947865,18.));
#1336=CARTESIAN_POINT('',(24.,-6.6842391632877,17.1175779174211));
#1337=CARTESIAN_POINT('',(23.8842919682536,-6.68405027725733,18.));
#1338=CARTESIAN_POINT('',(23.0021219735748,-6.57842750504458,18.));
#1339=CARTESIAN_POINT('',(24.,-6.48996519579259,17.2619857580821));
#1340=CARTESIAN_POINT('',(23.7918357545884,-6.44954185599721,18.));
#1341=CARTESIAN_POINT('',(23.0448564506893,-6.30721086309527,18.));
#1342=CARTESIAN_POINT('',(24.,-6.23392567516544,17.4037123821754));
#1343=CARTESIAN_POINT('',(23.7405778834046,-6.16146798844145,18.));
#1344=CARTESIAN_POINT('',(23.1078526452886,-6.02487971093377,18.));
#1345=CARTESIAN_POINT('',(24.,-6.08977137564484,17.4716311619135));
#1346=CARTESIAN_POINT('',(23.7239535748563,-6.01432813376903,18.));
#1347=CARTESIAN_POINT('',(23.1425153876156,-5.88089436077008,18.));
#1348=CARTESIAN_POINT('',(24.,-5.96980148563498,17.5207271650426));
#1349=CARTESIAN_POINT('',(23.7151398198154,-5.8961875879326,18.));
#1350=CARTESIAN_POINT('',(23.1697633668686,-5.7689133228277,18.));
#1351=CARTESIAN_POINT('',(24.,-5.86745453952228,17.5575160957182));
#1352=CARTESIAN_POINT('',(23.7102109608008,-5.79471463491965,18.));
#1353=CARTESIAN_POINT('',(23.1914187556583,-5.67801216928921,18.));
#1354=CARTESIAN_POINT('',(24.,-5.77896649928568,17.5856565685357));
#1355=CARTESIAN_POINT('',(23.7075552060341,-5.70949809743218,18.));
#1356=CARTESIAN_POINT('',(23.2087164107122,-5.60231423699831,18.));
#1357=CARTESIAN_POINT('',(24.,-5.70212504857866,17.6074581272593));
#1358=CARTESIAN_POINT('',(23.7061214901933,-5.63789977201589,18.));
#1359=CARTESIAN_POINT('',(23.2225573008956,-5.53840834919493,18.));
#1360=CARTESIAN_POINT('',(24.,-5.63246751056617,17.6251795566249));
#1361=CARTESIAN_POINT('',(23.7053293888189,-5.57401351092411,18.));
#1362=CARTESIAN_POINT('',(23.234094579693,-5.48173658451016,18.));
#1363=CARTESIAN_POINT('',(24.,-5.56222448100706,17.6411532142349));
#1364=CARTESIAN_POINT('',(23.7049195734786,-5.51203947115374,18.));
#1365=CARTESIAN_POINT('',(23.2447168222305,-5.42563159818132,18.));
#1366=CARTESIAN_POINT('',(24.,-5.48473481158909,17.6565798990634));
#1367=CARTESIAN_POINT('',(23.7047613783821,-5.44103452716426,18.));
#1368=CARTESIAN_POINT('',(23.2551857408269,-5.36480658219143,18.));
#1369=CARTESIAN_POINT('',(24.,-5.39333510625698,17.6718195217597));
#1370=CARTESIAN_POINT('',(23.7048907009091,-5.35910759376877,18.));
#1371=CARTESIAN_POINT('',(23.2657404861143,-5.29429177756332,18.));
#1372=CARTESIAN_POINT('',(24.,-5.29105347294834,17.6850086765036));
#1373=CARTESIAN_POINT('',(23.7052672804383,-5.26111432576702,18.));
#1374=CARTESIAN_POINT('',(23.2750588481368,-5.21667907224402,18.));
#1375=CARTESIAN_POINT('',(24.,-5.1823829423671,17.6945699301038));
#1376=CARTESIAN_POINT('',(23.7056705275748,-5.16281009037189,18.));
#1377=CARTESIAN_POINT('',(23.2819206651627,-5.13529697202039,18.));
#1378=CARTESIAN_POINT('',(24.,-5.0769395366249,17.6995654203902));
#1379=CARTESIAN_POINT('',(23.7059211910277,-5.06569370027855,18.));
#1380=CARTESIAN_POINT('',(23.2855409027976,-5.05697535478538,18.));
#1381=CARTESIAN_POINT('',(24.,-4.97504382768164,17.7004840046977));
#1382=CARTESIAN_POINT('',(23.7059657679641,-4.97780306724828,18.));
#1383=CARTESIAN_POINT('',(23.2862088979421,-4.98152540261774,18.));
#1384=CARTESIAN_POINT('',(24.,-4.87665075137504,17.6977797536244));
#1385=CARTESIAN_POINT('',(23.7058244590559,-4.88960557316325,18.));
#1386=CARTESIAN_POINT('',(23.2842445606338,-4.90859563911484,18.));
#1387=CARTESIAN_POINT('',(24.,-4.77772014267425,17.6914459739948));
#1388=CARTESIAN_POINT('',(23.70553116616,-4.80173024773284,18.));
#1389=CARTESIAN_POINT('',(23.2796713890201,-4.83489952239249,18.));
#1390=CARTESIAN_POINT('',(24.,-4.68019195499814,17.681589145799));
#1391=CARTESIAN_POINT('',(23.7051546237516,-4.71158062627726,18.));
#1392=CARTESIAN_POINT('',(23.2726308387507,-4.76158556994084,18.));
#1393=CARTESIAN_POINT('',(24.,-4.58495560450806,17.6684603824202));
#1394=CARTESIAN_POINT('',(23.7048529772543,-4.62572649125962,18.));
#1395=CARTESIAN_POINT('',(23.2633980025213,-4.68905487086486,18.));
#1396=CARTESIAN_POINT('',(24.,-4.49298548310788,17.6525040013329));
#1397=CARTESIAN_POINT('',(23.7047635164185,-4.54207037264259,18.));
#1398=CARTESIAN_POINT('',(23.2523895240875,-4.61786311587721,18.));
#1399=CARTESIAN_POINT('',(24.,-4.3994750492005,17.6329660341728));
#1400=CARTESIAN_POINT('',(23.7050279990086,-4.45836276325988,18.));
#1401=CARTESIAN_POINT('',(23.2392141123655,-4.54404616155012,18.));
#1402=CARTESIAN_POINT('',(24.,-4.29544298229781,17.6072974631819));
#1403=CARTESIAN_POINT('',(23.7059710092239,-4.36515483707252,18.));
#1404=CARTESIAN_POINT('',(23.2223829112532,-4.45989256736304,18.));
#1405=CARTESIAN_POINT('',(24.,-4.16816244874136,17.5700948319344));
#1406=CARTESIAN_POINT('',(23.7084791244229,-4.24762733008195,18.));
#1407=CARTESIAN_POINT('',(23.1989101289952,-4.35337764336852,18.));
#1408=CARTESIAN_POINT('',(24.,-4.01009573222303,17.5143333874039));
#1409=CARTESIAN_POINT('',(23.7151511717539,-4.09025984640304,18.));
#1410=CARTESIAN_POINT('',(23.1657504713516,-4.21401987067694,18.));
#1411=CARTESIAN_POINT('',(24.,-3.82770280189713,17.4353572555989));
#1412=CARTESIAN_POINT('',(23.7319454528847,-3.89421360746662,18.));
#1413=CARTESIAN_POINT('',(23.1230437199702,-4.03971284648252,18.));
#1414=CARTESIAN_POINT('',(24.,-3.63990198340858,17.3357211797777));
#1415=CARTESIAN_POINT('',(23.7666370554997,-3.68327299261194,18.));
#1416=CARTESIAN_POINT('',(23.0766381049908,-3.83869367212661,18.));
#1417=CARTESIAN_POINT('',(24.,-3.46832195957926,17.2263493402927));
#1418=CARTESIAN_POINT('',(23.8232705419521,-3.48438702377402,18.));
#1419=CARTESIAN_POINT('',(23.0362423026255,-3.6276007421176,18.));
#1420=CARTESIAN_POINT('',(24.,-3.31804712573185,17.1145575762303));
#1421=CARTESIAN_POINT('',(23.8998674720191,-3.31664283126559,18.));
#1422=CARTESIAN_POINT('',(23.0081160067342,-3.41283600154619,18.));
#1423=CARTESIAN_POINT('',(24.,-3.22868247267918,17.0385608710279));
#1424=CARTESIAN_POINT('',(23.9656344327108,-3.22405834764383,18.));
#1425=CARTESIAN_POINT('',(23.0000075199373,-3.26365239451823,18.));
#1426=CARTESIAN_POINT('',(24.,-3.18615671616123,16.9999931354395));
#1427=CARTESIAN_POINT('',(24.0000068645709,-3.18615671620397,18.));
#1428=CARTESIAN_POINT('',(23.0000000000246,-3.18615049052136,18.));
#1429=FACE_BOUND('',#1430,.T.);
#1430=EDGE_LOOP('',(#3275,#3276,#3277,#3278));
#1431=CYLINDRICAL_SURFACE('',#1432,1.);
#1432=AXIS2_PLACEMENT_3D('',#1433,#1434,#1435);
#1433=CARTESIAN_POINT('',(23.,-15.,17.));
#1434=DIRECTION('',(0.,1.,1.86984930463184E-16));
#1435=DIRECTION('',(0.,-1.86984930463184E-16,1.));
#1436=FACE_BOUND('',#1437,.T.);
#1437=EDGE_LOOP('',(#3279,#3280,#3281,#3282));
#1438=TOROIDAL_SURFACE('',#1439,9.,1.);
#1439=AXIS2_PLACEMENT_3D('',#1440,#1441,#1442);
#1440=CARTESIAN_POINT('',(23.,9.0264442348385E-48,-4.22503145705837E-15));
#1441=DIRECTION('',(-1.,0.,1.83697019872103E-16));
#1442=DIRECTION('',(-1.79179925839235E-16,0.220397743456122,-0.975410085389447));
#1443=FACE_OUTER_BOUND('',#1444,.T.);
#1444=EDGE_LOOP('',(#3283));
#1445=FACE_OUTER_BOUND('',#1446,.T.);
#1446=EDGE_LOOP('',(#3284));
#1447=(BOUNDED_SURFACE()B_SPLINE_SURFACE(3,2,(
(#1448,#1449,#1450),
(#1451,#1452,#1453),
(#1454,#1455,#1456),
(#1457,#1458,#1459),
(#1460,#1461,#1462),
(#1463,#1464,#1465),
(#1466,#1467,#1468),
(#1469,#1470,#1471),
(#1472,#1473,#1474),
(#1475,#1476,#1477),
(#1478,#1479,#1480),
(#1481,#1482,#1483),
(#1484,#1485,#1486),
(#1487,#1488,#1489),
(#1490,#1491,#1492),
(#1493,#1494,#1495),
(#1496,#1497,#1498),
(#1499,#1500,#1501),
(#1502,#1503,#1504),
(#1505,#1506,#1507),
(#1508,#1509,#1510),
(#1511,#1512,#1513),
(#1514,#1515,#1516),
(#1517,#1518,#1519),
(#1520,#1521,#1522),
(#1523,#1524,#1525),
(#1526,#1527,#1528),
(#1529,#1530,#1531),
(#1532,#1533,#1534),
(#1535,#1536,#1537),
(#1538,#1539,#1540),
(#1541,#1542,#1543),
(#1544,#1545,#1546),
(#1547,#1548,#1549),
(#1550,#1551,#1552),
(#1553,#1554,#1555),
(#1556,#1557,#1558),
(#1559,#1560,#1561),
(#1562,#1563,#1564),
(#1565,#1566,#1567),
(#1568,#1569,#1570),
(#1571,#1572,#1573),
(#1574,#1575,#1576),
(#1577,#1578,#1579),
(#1580,#1581,#1582),
(#1583,#1584,#1585),
(#1586,#1587,#1588),
(#1589,#1590,#1591),
(#1592,#1593,#1594),
(#1595,#1596,#1597),
(#1598,#1599,#1600),
(#1601,#1602,#1603),
(#1604,#1605,#1606),
(#1607,#1608,#1609),
(#1610,#1611,#1612),
(#1613,#1614,#1615),
(#1616,#1617,#1618),
(#1619,#1620,#1621),
(#1622,#1623,#1624),
(#1625,#1626,#1627),
(#1628,#1629,#1630),
(#1631,#1632,#1633),
(#1634,#1635,#1636),
(#1637,#1638,#1639),
(#1640,#1641,#1642),
(#1643,#1644,#1645),
(#1646,#1647,#1648),
(#1649,#1650,#1651),
(#1652,#1653,#1654),
(#1655,#1656,#1657),
(#1658,#1659,#1660),
(#1661,#1662,#1663),
(#1664,#1665,#1666),
(#1667,#1668,#1669),
(#1670,#1671,#1672),
(#1673,#1674,#1675),
(#1676,#1677,#1678),
(#1679,#1680,#1681),
(#1682,#1683,#1684),
(#1685,#1686,#1687),
(#1688,#1689,#1690),
(#1691,#1692,#1693),
(#1694,#1695,#1696),
(#1697,#1698,#1699),
(#1700,#1701,#1702),
(#1703,#1704,#1705),
(#1706,#1707,#1708),
(#1709,#1710,#1711),
(#1712,#1713,#1714),
(#1715,#1716,#1717),
(#1718,#1719,#1720),
(#1721,#1722,#1723),
(#1724,#1725,#1726),
(#1727,#1728,#1729),
(#1730,#1731,#1732),
(#1733,#1734,#1735)),
.UNSPECIFIED.,.T.,.F.,.F.)B_SPLINE_SURFACE_WITH_KNOTS((4,1,1,1,1,1,1,1,1,1,1,1,1,
1,1,1,1,1,1,1,1,1,1,1,1,1,1,1,1,1,1,1,1,1,1,1,1,1,1,1,1,1,1,1,1,1,1,1,1,1,1,1,1,
1,1,1,1,1,1,1,1,1,1,1,1,1,1,1,1,1,1,1,1,1,1,1,1,1,1,1,1,1,1,1,1,1,1,1,1,1,1,1,1,
4),
(3,3),
(0.,1.43636982034196,2.18847178517351,2.95588436931274,3.81193794511239,4.77925166086661,
5.80454042745909,6.78613028116544,7.58744007174387,8.3535855063261,9.14067240259554,
9.94790296244227,10.7481042887683,11.47624524481,12.0789218153914,12.6230317218583,
13.0814466899473,13.5398616580363,13.9615267998103,14.3608869201435,14.7230631858911,
15.0498243675233,15.3644375847747,15.6699096568253,15.9624163318531,16.2630785318173,
16.5935445774594,16.9509795090905,17.3487551555481,17.771960194421,18.2163669542824,
18.7295447107784,19.2828700169904,19.8959860278389,20.5845189650847,21.2715998752851,
21.9516775686536,22.5507530639221,23.1967465730396,23.8860665548825,24.6688919842129,
25.5890270891233,26.5409675770364,27.4827656890624,28.2762606918882,29.0173716275746,
29.6909077425275,30.3134566345626,30.8347102533071,31.3283553825772,31.8220005118473,
32.3661703555279,32.934085157185,33.5326133732575,34.2027059189125,34.8759191160058,
35.518546389068,36.0589825023821,36.4332703356626,36.7453976512287,37.0518037313644,
37.376657502317,37.7497828984789,38.1666985361958,38.6653278862031,39.2448566439719,
40.0088180932124,40.877621381976,41.6659347014977,42.5318331599827,43.3973035091613,
44.2970880857531,45.1376408971676,45.6707146965127,46.1082676274193,46.4780202115973,
46.7247459829011,46.9714717542049,47.2204789885327,47.5119235195391,47.87369620148,
48.2553681809253,48.624248155662,48.9524452714344,49.3077233169534,49.7374545851515,
50.2871479807331,50.9161669829857,51.5356808980633,52.1000948342885,52.557735820902,
52.9743183934963,53.3505419213139,54.),
(0.,1.),
.UNSPECIFIED.)GEOMETRIC_REPRESENTATION_ITEM()RATIONAL_B_SPLINE_SURFACE((
(1.,0.707106781186547,1.),
(1.,0.717013126720339,1.),
(1.,0.733282964856324,1.),
(1.,0.756298516326331,1.),
(1.,0.775015100718201,1.),
(1.,0.795354040939329,1.),
(1.,0.817349790602384,1.),
(1.,0.8395525131027,1.),
(1.,0.859540917284096,1.),
(1.,0.876785930211738,1.),
(1.,0.891924212796941,1.),
(1.,0.906260446367743,1.),
(1.,0.919880694423272,1.),
(1.,0.932191162223968,1.),
(1.,0.942534415731732,1.),
(1.,0.950869141148079,1.),
(1.,0.957406408825746,1.),
(1.,0.962794292743646,1.),
(1.,0.967216838532457,1.),
(1.,0.970868533104112,1.),
(1.,0.973659826127352,1.),
(1.,0.975613212926416,1.),
(1.,0.976803787927656,1.),
(1.,0.977314507520437,1.),
(1.,0.977197329269475,1.),
(1.,0.976512682486892,1.),
(1.,0.975274975899391,1.),
(1.,0.973416721349611,1.),
(1.,0.97083464806579,1.),
(1.,0.967490262314662,1.),
(1.,0.96337118815751,1.),
(1.,0.958350257815349,1.),
(1.,0.952306497327962,1.),
(1.,0.944977761865076,1.),
(1.,0.936215576590653,1.),
(1.,0.926090493457145,1.),
(1.,0.914863984192779,1.),
(1.,0.903451494913078,1.),
(1.,0.891688613672783,1.),
(1.,0.879319166205441,1.),
(1.,0.865155077547461,1.),
(1.,0.848441695961497,1.),
(1.,0.829064060989169,1.),
(1.,0.807725911177923,1.),
(1.,0.786770050312677,1.),
(1.,0.767250891909354,1.),
(1.,0.749910520586218,1.),
(1.,0.734156345913183,1.),
(1.,0.720584091872326,1.),
(1.,0.708875267067316,1.),
(1.,0.69860858314111,1.),
(1.,0.688901088826111,1.),
(1.,0.679661702534363,1.),
(1.,0.671017395792178,1.),
(1.,0.663299403432743,1.),
(1.,0.657113550853744,1.),
(1.,0.652996005922563,1.),
(1.,0.651109146866197,1.),
(1.,0.650865949972211,1.),
(1.,0.65138049438439,1.),
(1.,0.652166066395134,1.),
(1.,0.653183003718207,1.),
(1.,0.654526628094892,1.),
(1.,0.65626669232762,1.),
(1.,0.658495550204101,1.),
(1.,0.661267123558033,1.),
(1.,0.664710253625838,1.),
(1.,0.668565861673469,1.),
(1.,0.67193087463601,1.),
(1.,0.674131026036012,1.),
(1.,0.674814986130172,1.),
(1.,0.673798562128703,1.),
(1.,0.671152686611154,1.),
(1.,0.667701740724505,1.),
(1.,0.664504630265316,1.),
(1.,0.662011094251196,1.),
(1.,0.660049188674675,1.),
(1.,0.658472180902127,1.),
(1.,0.65716623954423,1.),
(1.,0.655850953277395,1.),
(1.,0.654455319409363,1.),
(1.,0.653072061328184,1.),
(1.,0.6519172567512,1.),
(1.,0.651191340309271,1.),
(1.,0.650911148636084,1.),
(1.,0.651104793939298,1.),
(1.,0.652080857276775,1.),
(1.,0.654476550629577,1.),
(1.,0.658886379041272,1.),
(1.,0.665201867488068,1.),
(1.,0.672428634846523,1.),
(1.,0.679820445469912,1.),
(1.,0.686961579091066,1.),
(1.,0.695789816637831,1.),
(1.,0.702615539130998,1.),
(1.,0.707106781186547,1.)))REPRESENTATION_ITEM('')SURFACE());
#1448=CARTESIAN_POINT('',(19.1,-4.,6.92820323027551));
#1449=CARTESIAN_POINT('',(17.1,-4.,6.92820323027551));
#1450=CARTESIAN_POINT('',(17.1,-5.,8.66025403784439));
#1451=CARTESIAN_POINT('',(19.0999750428415,-4.18521613130335,6.82127948575883));
#1452=CARTESIAN_POINT('',(17.155261720063,-4.09822179495973,6.87151667226206));
#1453=CARTESIAN_POINT('',(17.0999872173833,-5.11858054791851,8.52660268300528));
#1454=CARTESIAN_POINT('',(19.0704044206598,-4.45507876568789,6.65039137060167));
#1455=CARTESIAN_POINT('',(17.2264283832978,-4.26548751169143,6.77361247338377));
#1456=CARTESIAN_POINT('',(17.0848412886306,-5.29136140486115,8.31298921325209));
#1457=CARTESIAN_POINT('',(18.9817414414748,-4.79692240865103,6.40499283417612));
#1458=CARTESIAN_POINT('',(17.2859470901279,-4.51675964703344,6.61291173040079));
#1459=CARTESIAN_POINT('',(17.0394285431944,-5.51022471285584,8.00624104272015));
#1460=CARTESIAN_POINT('',(18.8864331721735,-5.05680899715343,6.20212587158179));
#1461=CARTESIAN_POINT('',(17.3116655744659,-4.72431014761572,6.47107094470697));
#1462=CARTESIAN_POINT('',(16.9906121125767,-5.67661551647018,7.75265733947725));
#1463=CARTESIAN_POINT('',(18.7585782501813,-5.32115633641633,5.97727507770937));
#1464=CARTESIAN_POINT('',(17.3144378861457,-4.95420412096438,6.30175515894823));
#1465=CARTESIAN_POINT('',(16.9251254452148,-5.84586228855924,7.47159384713671));
#1466=CARTESIAN_POINT('',(18.5952579887207,-5.58627762693489,5.73053961620884));
#1467=CARTESIAN_POINT('',(17.287183056176,-5.20716376941468,6.09873032184124));
#1468=CARTESIAN_POINT('',(16.8414736039789,-6.01560457822051,7.16317452026104));
#1469=CARTESIAN_POINT('',(18.4028802651128,-5.8373544573827,5.47421442255807));
#1470=CARTESIAN_POINT('',(17.2257842235984,-5.46623550637207,5.87023968899515));
#1471=CARTESIAN_POINT('',(16.7429386723748,-6.17635498795843,6.84276802819759));
#1472=CARTESIAN_POINT('',(18.195890068621,-6.06037208568811,5.2254464393425));
#1473=CARTESIAN_POINT('',(17.1384977417095,-5.70192062668186,5.64191622683638));
#1474=CARTESIAN_POINT('',(16.63691930344,-6.31914066461739,6.53180804917813));
#1475=CARTESIAN_POINT('',(17.9870766338566,-6.25105228548215,4.995056198009));
#1476=CARTESIAN_POINT('',(17.0371430471456,-5.90614033345078,5.42715879322375));
#1477=CARTESIAN_POINT('',(16.5299660807558,-6.44122249985138,6.24382024751124));
#1478=CARTESIAN_POINT('',(17.7758381588141,-6.4175944021546,4.77883623073888));
#1479=CARTESIAN_POINT('',(16.926446056183,-6.0856314931336,5.22451304084819));
#1480=CARTESIAN_POINT('',(16.4217707642706,-6.5478500745502,5.9735452884236));
#1481=CARTESIAN_POINT('',(17.5552945544886,-6.56859535927437,4.56894216244454));
#1482=CARTESIAN_POINT('',(16.7988439954976,-6.25586352699615,5.01847966250822));
#1483=CARTESIAN_POINT('',(16.3088094059576,-6.6445275166086,5.71117770305567));
#1484=CARTESIAN_POINT('',(17.3207137098861,-6.70738624473767,4.36243028639361));
#1485=CARTESIAN_POINT('',(16.6520049433878,-6.41780409454575,4.80814521066557));
#1486=CARTESIAN_POINT('',(16.188658241649,-6.73338753474058,5.45303785799202));
#1487=CARTESIAN_POINT('',(17.0785812365298,-6.83027287094625,4.16696065714053));
#1488=CARTESIAN_POINT('',(16.4912752146238,-6.56431371626841,4.60402047872738));
#1489=CARTESIAN_POINT('',(16.0646391699299,-6.81206494786193,5.20870082142566));
#1490=CARTESIAN_POINT('',(16.8392617466639,-6.93393595806248,3.99152524915672));
#1491=CARTESIAN_POINT('',(16.3280586695504,-6.68746995606791,4.4208143730076));
#1492=CARTESIAN_POINT('',(15.9420608946327,-6.8784346072961,4.9894065614459));
#1493=CARTESIAN_POINT('',(16.6137166496846,-7.01723414738071,3.84269787955898));
#1494=CARTESIAN_POINT('',(16.1708905157271,-6.7866551389047,4.2648570357968));
#1495=CARTESIAN_POINT('',(15.8265377961799,-6.93176576509131,4.80337234944872));
#1496=CARTESIAN_POINT('',(16.4017792453971,-7.08395584073703,3.71792121232374));
#1497=CARTESIAN_POINT('',(16.0245827563097,-6.8644035561597,4.1368085125066));
#1498=CARTESIAN_POINT('',(15.7179844915449,-6.9744839224231,4.64740151540467));
#1499=CARTESIAN_POINT('',(16.2013497739397,-7.13748715611195,3.61387281535071));
#1500=CARTESIAN_POINT('',(15.8813678693093,-6.92843854950742,4.02719632761146));
#1501=CARTESIAN_POINT('',(15.6153254939691,-7.00875702068143,4.51734101918839));
#1502=CARTESIAN_POINT('',(16.0034050134541,-7.18163394061401,3.52517140562124));
#1503=CARTESIAN_POINT('',(15.7399990727562,-6.98097639922299,3.93420219425106));
#1504=CARTESIAN_POINT('',(15.5139391532326,-7.03702173027117,4.40646425702655));
#1505=CARTESIAN_POINT('',(15.8072685616611,-7.21713144895497,3.45177995897975));
#1506=CARTESIAN_POINT('',(15.5948559221764,-7.0243470087183,3.85514841673247));
#1507=CARTESIAN_POINT('',(15.4134790193874,-7.05974879353824,4.3147249487247));
#1508=CARTESIAN_POINT('',(15.6119962430189,-7.24450893364113,3.39382908829456));
#1509=CARTESIAN_POINT('',(15.4507676641419,-7.05749052674378,3.79326682399821));
#1510=CARTESIAN_POINT('',(15.3134614903267,-7.07727706117268,4.24228636036821));
#1511=CARTESIAN_POINT('',(15.4214243319379,-7.26378724054236,3.35228707810941));
#1512=CARTESIAN_POINT('',(15.3097707088129,-7.08068018858172,3.74917613831291));
#1513=CARTESIAN_POINT('',(15.2158514870901,-7.08961987961554,4.19035884763677));
#1514=CARTESIAN_POINT('',(15.2363563415143,-7.27561982672117,3.32648094219298));
#1515=CARTESIAN_POINT('',(15.1733721090617,-7.09481091511099,3.72198717780729));
#1516=CARTESIAN_POINT('',(15.1210605651659,-7.0971956207666,4.15810117774123));
#1517=CARTESIAN_POINT('',(15.0570385015384,-7.28068924454215,3.31535205091946));
#1518=CARTESIAN_POINT('',(15.0408796822934,-7.10087191930178,3.71024799804321));
#1519=CARTESIAN_POINT('',(15.0292148422514,-7.1004412846154,4.14419006364932));
#1520=CARTESIAN_POINT('',(14.883096112598,-7.27961422839519,3.31771565058532));
#1521=CARTESIAN_POINT('',(14.9122751683242,-7.09948132996871,3.71294548472734));
#1522=CARTESIAN_POINT('',(14.9401223991355,-7.09975301208229,4.14714456323165));
#1523=CARTESIAN_POINT('',(14.7130506465106,-7.27287903899734,3.3324753288392));
#1524=CARTESIAN_POINT('',(14.7875509910115,-7.09135671423153,3.7286512229127));
#1525=CARTESIAN_POINT('',(14.8530259408957,-7.09544084813854,4.165594161049));
#1526=CARTESIAN_POINT('',(14.5435315483252,-7.26056235684469,3.35926450600453));
#1527=CARTESIAN_POINT('',(14.6633444427296,-7.07666733961224,3.75683666987967));
#1528=CARTESIAN_POINT('',(14.7661990857275,-7.08755516749203,4.19908063250566));
#1529=CARTESIAN_POINT('',(14.3703860865385,-7.24213197957766,3.39887968423643));
#1530=CARTESIAN_POINT('',(14.5363586724996,-7.05460883140773,3.79866580378762));
#1531=CARTESIAN_POINT('',(14.6775148248124,-7.07575523082716,4.24859960529554));
#1532=CARTESIAN_POINT('',(14.1921035543968,-7.21682374874127,3.45238396365673));
#1533=CARTESIAN_POINT('',(14.4045943247818,-7.0239512079329,3.85583394549291));
#1534=CARTESIAN_POINT('',(14.5861993815203,-7.05955179035264,4.31547995457091));
#1535=CARTESIAN_POINT('',(14.0094478370247,-7.18404217128602,3.52020463961867));
#1536=CARTESIAN_POINT('',(14.2704580698429,-6.98423195250683,3.92829046175678));
#1537=CARTESIAN_POINT('',(14.4926440140858,-7.03856358527459,4.40025579952334));
#1538=CARTESIAN_POINT('',(13.8229944895788,-7.14324693571772,3.60240773110251));
#1539=CARTESIAN_POINT('',(14.1360210213655,-6.93530151092386,4.01515965870202));
#1540=CARTESIAN_POINT('',(14.3971435190526,-7.01244468445342,4.50300966387814));
#1541=CARTESIAN_POINT('',(13.6318696467675,-7.09345536108416,3.69966916876344));
#1542=CARTESIAN_POINT('',(13.9990002716225,-6.87563081889605,4.11783273651808));
#1543=CARTESIAN_POINT('',(14.2992503068809,-6.98056593240144,4.62458646095431));
#1544=CARTESIAN_POINT('',(13.4338623605194,-7.03294395784618,3.81368103329077));
#1545=CARTESIAN_POINT('',(13.8596376751084,-6.80377018334022,4.23703996541922));
#1546=CARTESIAN_POINT('',(14.1978319407539,-6.9418238754503,4.76710129161346));
#1547=CARTESIAN_POINT('',(13.2277143223654,-6.95969226712478,3.94608138926783));
#1548=CARTESIAN_POINT('',(13.7161096675665,-6.71660323070549,4.37558649899067));
#1549=CARTESIAN_POINT('',(14.0922439212115,-6.89492492712258,4.93260173658479));
#1550=CARTESIAN_POINT('',(13.0149472505835,-6.87218814478743,4.09689759245252));
#1551=CARTESIAN_POINT('',(13.5699032089055,-6.61233486374367,4.53349626042832));
#1552=CARTESIAN_POINT('',(13.983265664933,-6.83890094635781,5.12112199056565));
#1553=CARTESIAN_POINT('',(12.8007149371307,-6.77065416996535,4.26287849214812));
#1554=CARTESIAN_POINT('',(13.4266660369914,-6.49185856856666,4.70615087546114));
#1555=CARTESIAN_POINT('',(13.8735369190182,-6.77389443808757,5.32859811518516));
#1556=CARTESIAN_POINT('',(12.5944544689736,-6.65859422931621,4.43598004202569));
#1557=CARTESIAN_POINT('',(13.2921301884277,-6.35836414713071,4.88640169316249));
#1558=CARTESIAN_POINT('',(13.7678913133767,-6.70214874437928,5.54497505253211));
#1559=CARTESIAN_POINT('',(12.4012990137557,-6.53938317243791,4.60989990645642));
#1560=CARTESIAN_POINT('',(13.1759167996439,-6.22280706131936,5.05877901793391));
#1561=CARTESIAN_POINT('',(13.6689580314358,-6.62582459210964,5.76237488307053));
#1562=CARTESIAN_POINT('',(12.2217760453069,-6.41462850812397,4.78203075609268));
#1563=CARTESIAN_POINT('',(13.0732558259403,-6.08319522835369,5.22652292660155));
#1564=CARTESIAN_POINT('',(13.5770072427182,-6.54595117898181,5.97753844511585));
#1565=CARTESIAN_POINT('',(12.0471037485721,-6.2783838062535,4.95980219605948));
#1566=CARTESIAN_POINT('',(12.9809926197339,-5.936457600329,5.3932803423176));
#1567=CARTESIAN_POINT('',(13.4875409443906,-6.45872133936962,6.19975274507435));
#1568=CARTESIAN_POINT('',(11.8693642517679,-6.12188541849668,5.15225560829797));
#1569=CARTESIAN_POINT('',(12.8930219912545,-5.76873366500975,5.57272559726325));
#1570=CARTESIAN_POINT('',(13.3965036411494,-6.35852420086678,6.44031951037246));
#1571=CARTESIAN_POINT('',(11.6851020796532,-5.93571860768301,5.36638529466923));
#1572=CARTESIAN_POINT('',(12.810500835174,-5.57133495978859,5.77016521498032));
#1573=CARTESIAN_POINT('',(13.3021254554321,-6.2393320354068,6.70798161833654));
#1574=CARTESIAN_POINT('',(11.5000523254477,-5.71599334262148,5.60053789163617));
#1575=CARTESIAN_POINT('',(12.7417482509906,-5.34387249276041,5.98037414434391));
#1576=CARTESIAN_POINT('',(13.2073438740098,-6.09865427423936,7.00067236454522));
#1577=CARTESIAN_POINT('',(11.3288416146135,-5.46994508231296,5.84136864872077));
#1578=CARTESIAN_POINT('',(12.6971505500961,-5.09611050400212,6.19004237783552));
#1579=CARTESIAN_POINT('',(13.1196505830947,-5.9411233758711,7.30171081090096));
#1580=CARTESIAN_POINT('',(11.1840018387794,-5.21041022911356,6.07380134838911));
#1581=CARTESIAN_POINT('',(12.6835096446945,-4.8566595181946,6.37525772758658));
#1582=CARTESIAN_POINT('',(13.045464356448,-5.77495776863978,7.59225168548638));
#1583=CARTESIAN_POINT('',(11.0726162452968,-4.95391073291804,6.28435370987946));
#1584=CARTESIAN_POINT('',(12.6964400868168,-4.63779952142682,6.53133129831134));
#1585=CARTESIAN_POINT('',(12.9884131988106,-5.61073553022191,7.85544213734933));
#1586=CARTESIAN_POINT('',(10.9921408312908,-4.70605138031052,6.47169267174387));
#1587=CARTESIAN_POINT('',(12.7283990311678,-4.44723851739813,6.65809532060035));
#1588=CARTESIAN_POINT('',(12.9471940843197,-5.45204509105247,8.08961583967983));
#1589=CARTESIAN_POINT('',(10.9389301374596,-4.47042136341265,6.63633104963656));
#1590=CARTESIAN_POINT('',(12.7751163249439,-4.27820704708478,6.7640861557888));
#1591=CARTESIAN_POINT('',(12.9199398265037,-5.301184409502,8.29541381204569));
#1592=CARTESIAN_POINT('',(10.9088634101884,-4.24841767624027,6.78026859392199));
#1593=CARTESIAN_POINT('',(12.8298816561802,-4.13633901094617,6.8490554150492));
#1594=CARTESIAN_POINT('',(12.9045397954624,-5.15904790247091,8.47533574240249));
#1595=CARTESIAN_POINT('',(10.8977496591302,-4.04076254829127,6.90581722278186));
#1596=CARTESIAN_POINT('',(12.8887507670824,-4.01689897169643,6.91856930922878));
#1597=CARTESIAN_POINT('',(12.8988473863837,-5.02609797299136,8.63227152847733));
#1598=CARTESIAN_POINT('',(10.9024322284998,-3.83859995677805,7.02014158763875));
#1599=CARTESIAN_POINT('',(12.9501550164789,-3.91441777405186,6.97746019992495));
#1600=CARTESIAN_POINT('',(12.9012457755731,-4.89666460647375,8.77517698454844));
#1601=CARTESIAN_POINT('',(10.9228434957941,-3.63347361848498,7.12855574158239));
#1602=CARTESIAN_POINT('',(13.0180713125384,-3.81941740250717,7.03229290539164));
#1603=CARTESIAN_POINT('',(12.911700327114,-4.76533371915197,8.91069467697798));
#1604=CARTESIAN_POINT('',(10.9621593693944,-3.4159080501295,7.23548617602834));
#1605=CARTESIAN_POINT('',(13.0938169807422,-3.73039977372685,7.08510688340386));
#1606=CARTESIAN_POINT('',(12.9318377257874,-4.62603869063169,9.04435772003542));
#1607=CARTESIAN_POINT('',(11.0257685824613,-3.18083793343836,7.34206202969181));
#1608=CARTESIAN_POINT('',(13.1781381015788,-3.64722776771812,7.13758710396285));
#1609=CARTESIAN_POINT('',(12.9644180544314,-4.47553648177456,9.17757753711477));
#1610=CARTESIAN_POINT('',(11.119785916135,-2.92868910144938,7.44639910475093));
#1611=CARTESIAN_POINT('',(13.2704312711835,-3.57038415964754,7.19122057775875));
#1612=CARTESIAN_POINT('',(13.0125732741179,-4.31409972958649,9.30799888093866));
#1613=CARTESIAN_POINT('',(11.2488336955283,-2.6653833510118,7.54469848261162));
#1614=CARTESIAN_POINT('',(13.3676864320832,-3.50130059706964,7.24665068462411));
#1615=CARTESIAN_POINT('',(13.0786709172218,-4.1455198283917,9.43087310326453));
#1616=CARTESIAN_POINT('',(11.4103798522912,-2.40622604020065,7.63110911507118));
#1617=CARTESIAN_POINT('',(13.4656580972658,-3.43963864829182,7.30386705766176));
#1618=CARTESIAN_POINT('',(13.1614140706857,-3.97959594037237,9.53888639383898));
#1619=CARTESIAN_POINT('',(11.5905242089992,-2.17201724890279,7.70059580159592));
#1620=CARTESIAN_POINT('',(13.5565922839354,-3.38594038959876,7.3587751057342));
#1621=CARTESIAN_POINT('',(13.2536831314386,-3.8296451898463,9.62574475199491));
#1622=CARTESIAN_POINT('',(11.7657391830378,-1.98028790256551,7.75168322437391));
#1623=CARTESIAN_POINT('',(13.6334253022852,-3.34150680905184,7.40552324976124));
#1624=CARTESIAN_POINT('',(13.343427386434,-3.70689164493524,9.68960403046739));
#1625=CARTESIAN_POINT('',(11.9223752557324,-1.83058838328847,7.78811624439975));
#1626=CARTESIAN_POINT('',(13.6957755347711,-3.30574781069923,7.44265310334396));
#1627=CARTESIAN_POINT('',(13.4236556187898,-3.61104744052006,9.73514530549969));
#1628=CARTESIAN_POINT('',(12.0609861295982,-1.71141673623018,7.81505138878399));
#1629=CARTESIAN_POINT('',(13.7472695708569,-3.27647739068016,7.47233444896542));
#1630=CARTESIAN_POINT('',(13.4946514322332,-3.53474852014737,9.76881423597999));
#1631=CARTESIAN_POINT('',(12.1957530965307,-1.60560425796046,7.83745691652366));
#1632=CARTESIAN_POINT('',(13.797535878236,-3.24826428537845,7.50013301839325));
#1633=CARTESIAN_POINT('',(13.5636784152962,-3.46700272613322,9.79682114565457));
#1634=CARTESIAN_POINT('',(12.3434211907736,-1.49985706686249,7.85839620147949));
#1635=CARTESIAN_POINT('',(13.8533539728552,-3.21754588735638,7.52936372676443));
#1636=CARTESIAN_POINT('',(13.6393132928353,-3.3992987318327,9.82299525184937));
#1637=CARTESIAN_POINT('',(12.5146340784471,-1.38913993258511,7.87874907992502));
#1638=CARTESIAN_POINT('',(13.9180003404623,-3.18307225176917,7.56079255075595));
#1639=CARTESIAN_POINT('',(13.7270076987168,-3.32841276171608,9.84843634990627));
#1640=CARTESIAN_POINT('',(12.7176922877519,-1.27235919137352,7.89848306182982));
#1641=CARTESIAN_POINT('',(13.9962271234307,-3.14334992802783,7.59522677142088));
#1642=CARTESIAN_POINT('',(13.8310131229949,-3.25364460423305,9.87310382728728));
#1643=CARTESIAN_POINT('',(12.9699213541109,-1.14642235634858,7.91778903796188));
#1644=CARTESIAN_POINT('',(14.0931157820299,-3.09772450462666,7.63253006103086));
#1645=CARTESIAN_POINT('',(13.9602036203983,-3.17301431351586,9.89723629745235));
#1646=CARTESIAN_POINT('',(13.2844324875803,-1.01555965100192,7.93564772567176));
#1647=CARTESIAN_POINT('',(14.2208393681213,-3.0442099336443,7.67349791447813));
#1648=CARTESIAN_POINT('',(14.1212946887606,-3.08923026436099,9.9195596570897));
#1649=CARTESIAN_POINT('',(13.6664657919243,-0.891644716934776,7.95043812848935));
#1650=CARTESIAN_POINT('',(14.3869449373745,-2.98667204290714,7.71439926495964));
#1651=CARTESIAN_POINT('',(14.3169702836685,-3.00989448340336,9.93804766061169));
#1652=CARTESIAN_POINT('',(14.1025741430029,-0.792225511839558,7.96081523532037));
#1653=CARTESIAN_POINT('',(14.583501763262,-2.93759592049599,7.74687407118484));
#1654=CARTESIAN_POINT('',(14.5403428537332,-2.94624194355582,9.95101904415047));
#1655=CARTESIAN_POINT('',(14.5674387889872,-0.730885205789791,7.96657011208405));
#1656=CARTESIAN_POINT('',(14.7991548807291,-2.90583604298633,7.76694205168604));
#1657=CARTESIAN_POINT('',(14.7784442577739,-2.90696918663371,9.95821264010506));
#1658=CARTESIAN_POINT('',(15.0503706063191,-0.712564942139917,7.96819547210963));
#1659=CARTESIAN_POINT('',(15.0201942279269,-2.8960048319944,7.7730000142561));
#1660=CARTESIAN_POINT('',(15.0257995788463,-2.8952397495408,9.96024434013704));
#1661=CARTESIAN_POINT('',(15.537760832975,-0.74030909953746,7.96572132492593));
#1662=CARTESIAN_POINT('',(15.250302887807,-2.91062243957203,7.76396816992259));
#1663=CARTESIAN_POINT('',(15.2754384754262,-2.91300277714288,9.95715165615741));
#1664=CARTESIAN_POINT('',(16.0036028426217,-0.812573998661916,7.95880484499003));
#1665=CARTESIAN_POINT('',(15.4709264703479,-2.94887894226467,7.73961833439895));
#1666=CARTESIAN_POINT('',(15.5140404803672,-2.95926993816769,9.94850605623753));
#1667=CARTESIAN_POINT('',(16.4086469122001,-0.914417390749762,7.9478220573515));
#1668=CARTESIAN_POINT('',(15.6515302675294,-2.99943527204388,7.70550016858509));
#1669=CARTESIAN_POINT('',(15.7215020769806,-3.02447454895564,9.93477757168938));
#1670=CARTESIAN_POINT('',(16.726512136763,-1.02169992343213,7.93472235002433));
#1671=CARTESIAN_POINT('',(15.7854871632398,-3.04747193397507,7.67084253143246));
#1672=CARTESIAN_POINT('',(15.8843110944396,-3.09316153634374,9.91840293753042));
#1673=CARTESIAN_POINT('',(16.9661694532258,-1.1197980163005,7.92141130554512));
#1674=CARTESIAN_POINT('',(15.8794349269912,-3.08610552647696,7.64145380999474));
#1675=CARTESIAN_POINT('',(16.0070624028717,-3.15596824214361,9.9017641319314));
#1676=CARTESIAN_POINT('',(17.1459478448508,-1.20385319857598,7.90903349616477));
#1677=CARTESIAN_POINT('',(15.9493463181681,-3.11766628213797,7.61626973285738));
#1678=CARTESIAN_POINT('',(16.0991440180943,-3.20978406006389,9.88629187020597));
#1679=CARTESIAN_POINT('',(17.2896373219216,-1.27816926987059,7.89733723542864));
#1680=CARTESIAN_POINT('',(16.004563121681,-3.14410971372198,7.59434011988099));
#1681=CARTESIAN_POINT('',(16.1727410673257,-3.25736447156349,9.87167154428579));
#1682=CARTESIAN_POINT('',(17.415358665911,-1.348718905371,7.88559465792479));
#1683=CARTESIAN_POINT('',(16.0503524483896,-3.16696403222002,7.57478430675576));
#1684=CARTESIAN_POINT('',(16.2371349264422,-3.30253344551192,9.85699332240599));
#1685=CARTESIAN_POINT('',(17.5400857894573,-1.42418889211916,7.87235221574362));
#1686=CARTESIAN_POINT('',(16.097369687486,-3.19127371228582,7.55331689980061));
#1687=CARTESIAN_POINT('',(16.3010195506977,-3.35085264434458,9.84044026967953));
#1688=CARTESIAN_POINT('',(17.6761751009678,-1.5135754998497,7.85572330154718));
#1689=CARTESIAN_POINT('',(16.149605105777,-3.21916697123914,7.52782610235934));
#1690=CARTESIAN_POINT('',(16.370723832203,-3.40808187490377,9.81965412693398));
#1691=CARTESIAN_POINT('',(17.8221365799868,-1.61876209629095,7.83480079984939));
#1692=CARTESIAN_POINT('',(16.2069188660266,-3.25070876914002,7.49782376434795));
#1693=CARTESIAN_POINT('',(16.4454845897493,-3.4754269518936,9.79350099981174));
#1694=CARTESIAN_POINT('',(17.9691097106468,-1.73593251359056,7.80972606702522));
#1695=CARTESIAN_POINT('',(16.2659411195643,-3.28393548411632,7.46490305655125));
#1696=CARTESIAN_POINT('',(16.5207635103313,-3.55044459711591,9.76215758378153));
#1697=CARTESIAN_POINT('',(18.1097904551327,-1.86033338791278,7.78104653915293));
#1698=CARTESIAN_POINT('',(16.3216238988317,-3.31570463050394,7.43237360876078));
#1699=CARTESIAN_POINT('',(16.5928195014094,-3.63009149835879,9.72630817394116));
#1700=CARTESIAN_POINT('',(18.2417788820954,-1.98957661272059,7.74904685320294));
#1701=CARTESIAN_POINT('',(16.3745126541069,-3.3461057064461,7.40064884582279));
#1702=CARTESIAN_POINT('',(16.6604233298537,-3.71283868497355,9.68630856650368));
#1703=CARTESIAN_POINT('',(18.3744045332341,-2.13379340926897,7.71073408879116));
#1704=CARTESIAN_POINT('',(16.4294871144693,-3.37792272592766,7.36727680061745));
#1705=CARTESIAN_POINT('',(16.7283535414126,-3.80517260959294,9.63841761098896));
#1706=CARTESIAN_POINT('',(18.5154361741435,-2.30709557498003,7.66098357992472));
#1707=CARTESIAN_POINT('',(16.4949448541116,-3.41629015946137,7.32759087315517));
#1708=CARTESIAN_POINT('',(16.8005892599272,-3.91612826446892,9.57622947490591));
#1709=CARTESIAN_POINT('',(18.661218256408,-2.51627909433739,7.5952358821305));
#1710=CARTESIAN_POINT('',(16.5738859656845,-3.46406973442879,7.28059455888623));
#1711=CARTESIAN_POINT('',(16.8752581313309,-4.05005673722821,9.49404485266313));
#1712=CARTESIAN_POINT('',(18.7965487247806,-2.75207916461158,7.51326194560722));
#1713=CARTESIAN_POINT('',(16.6630480244265,-3.52226209517596,7.22909167468953));
#1714=CARTESIAN_POINT('',(16.9445737370827,-4.20102629441595,9.39157743200903));
#1715=CARTESIAN_POINT('',(18.9060200760055,-2.99269818240369,7.42062653391283));
#1716=CARTESIAN_POINT('',(16.7540856327222,-3.58976167852133,7.17715835210376));
#1717=CARTESIAN_POINT('',(17.0006444291735,-4.35508115336821,9.27578316739103));
#1718=CARTESIAN_POINT('',(18.9844707442658,-3.21675763504835,7.32599662055871));
#1719=CARTESIAN_POINT('',(16.8362074811059,-3.66087424094225,7.12884744591995));
#1720=CARTESIAN_POINT('',(17.0408264787703,-4.49853385170778,9.1574957756984));
#1721=CARTESIAN_POINT('',(19.0362782399885,-3.41403050975608,7.23589079312374));
#1722=CARTESIAN_POINT('',(16.9068555936182,-3.73207579864613,7.08429157775927));
#1723=CARTESIAN_POINT('',(17.06736202536,-4.62483660685603,9.04486349140467));
#1724=CARTESIAN_POINT('',(19.0691564886361,-3.58761607996906,7.15121484322243));
#1725=CARTESIAN_POINT('',(16.9663198720732,-3.80091272376797,7.0432312773497));
#1726=CARTESIAN_POINT('',(17.0842021039356,-4.73597370973629,8.93901855402804));
#1727=CARTESIAN_POINT('',(19.0935953105742,-3.78075258717331,7.05154572088595));
#1728=CARTESIAN_POINT('',(17.0312805185354,-3.88664478530185,6.99337890560328));
#1729=CARTESIAN_POINT('',(17.0967195493185,-4.85962818081218,8.81443215110744));
#1730=CARTESIAN_POINT('',(19.1000112844394,-3.91625407950349,6.97654905925094));
#1731=CARTESIAN_POINT('',(17.0745012667018,-3.95467872967222,6.95435940896));
#1732=CARTESIAN_POINT('',(17.100005779691,-4.94638351925108,8.72068482029213));
#1733=CARTESIAN_POINT('',(19.1,-4.,6.92820323027551));
#1734=CARTESIAN_POINT('',(17.1,-4.,6.92820323027551));
#1735=CARTESIAN_POINT('',(17.1,-5.,8.66025403784439));
#1736=FACE_BOUND('',#1737,.T.);
#1737=EDGE_LOOP('',(#3285,#3286,#3287,#3288,#3289,#3290));
#1738=FACE_BOUND('',#1739,.T.);
#1739=EDGE_LOOP('',(#3291));
#1740=FACE_BOUND('',#1741,.T.);
#1741=EDGE_LOOP('',(#3292,#3293,#3294,#3295));
#1742=PLANE('',#1743);
#1743=AXIS2_PLACEMENT_3D('',#1744,#1745,#1746);
#1744=CARTESIAN_POINT('',(1.06581410364015E-15,-9.68921912400137E-16,18.));
#1745=DIRECTION('',(1.77635683940025E-16,-1.61486985400023E-16,1.));
#1746=DIRECTION('',(1.,2.86858510989459E-32,-1.77635683940025E-16));
#1747=FACE_OUTER_BOUND('',#1748,.T.);
#1748=EDGE_LOOP('',(#3296));
#1749=FACE_OUTER_BOUND('',#1750,.T.);
#1750=EDGE_LOOP('',(#3297));
#1751=CYLINDRICAL_SURFACE('',#1752,1.7);
#1752=AXIS2_PLACEMENT_3D('',#1753,#1754,#1755);
#1753=CARTESIAN_POINT('',(15.,5.,15.000000000033));
#1754=DIRECTION('',(-1.,-2.24963967399279E-32,1.83697019872103E-16));
#1755=DIRECTION('',(-1.83697019872103E-16,2.44929359829471E-16,-1.));
#1756=FACE_OUTER_BOUND('',#1757,.T.);
#1757=EDGE_LOOP('',(#3298));
#1758=FACE_BOUND('',#1759,.T.);
#1759=EDGE_LOOP('',(#3299,#3300));
#1760=CYLINDRICAL_SURFACE('',#1761,1.7);
#1761=AXIS2_PLACEMENT_3D('',#1762,#1763,#1764);
#1762=CARTESIAN_POINT('',(15.,5.,15.000000000033));
#1763=DIRECTION('',(-1.,-2.24963967399279E-32,1.83697019872103E-16));
#1764=DIRECTION('',(-1.83697019872103E-16,2.44929359829471E-16,-1.));
#1765=FACE_BOUND('',#1766,.T.);
#1766=EDGE_LOOP('',(#3301,#3302,#3303,#3304,#3305));
#1767=FACE_BOUND('',#1768,.T.);
#1768=EDGE_LOOP('',(#3306));
#1769=PLANE('',#1770);
#1770=AXIS2_PLACEMENT_3D('',#1771,#1772,#1773);
#1771=CARTESIAN_POINT('',(18.,4.04935141318702E-31,-3.30654635769785E-15));
#1772=DIRECTION('',(-1.,-2.24963967399279E-32,1.83697019872103E-16));
#1773=DIRECTION('',(-1.83697019872103E-16,2.44929359829471E-16,-1.));
#1774=FACE_BOUND('',#1775,.T.);
#1775=EDGE_LOOP('',(#3307,#3308,#3309,#3310,#3311));
#1776=FACE_BOUND('',#1777,.T.);
#1777=EDGE_LOOP('',(#3312));
#1778=PLANE('',#1779);
#1779=AXIS2_PLACEMENT_3D('',#1780,#1781,#1782);
#1780=CARTESIAN_POINT('',(21.,4.72424331538485E-31,-3.85763741731416E-15));
#1781=DIRECTION('',(-1.,-2.24963967399279E-32,1.83697019872103E-16));
#1782=DIRECTION('',(-1.83697019872103E-16,2.44929359829471E-16,-1.));
#1783=FACE_BOUND('',#1784,.T.);
#1784=EDGE_LOOP('',(#3313,#3314,#3315,#3316));
#1785=PLANE('',#1786);
#1786=AXIS2_PLACEMENT_3D('',#1787,#1788,#1789);
#1787=CARTESIAN_POINT('',(18.,7.79999999999899,26.6165807537673));
#1788=DIRECTION('',(0.,-1.,-1.51942540648067E-13));
#1789=DIRECTION('',(0.,1.51942540648067E-13,-1.));
#1790=FACE_BOUND('',#1791,.T.);
#1791=EDGE_LOOP('',(#3317,#3318,#3319,#3320));
#1792=PLANE('',#1793);
#1793=AXIS2_PLACEMENT_3D('',#1794,#1795,#1796);
#1794=CARTESIAN_POINT('',(18.,2.2,13.3834192463004));
#1795=DIRECTION('',(0.,1.,2.231411228644E-16));
#1796=DIRECTION('',(0.,-2.231411228644E-16,1.));
#1797=FACE_BOUND('',#1798,.T.);
#1798=EDGE_LOOP('',(#3321,#3322,#3323,#3324,#3325,#3326,#3327,#3328,#3329,#3330,
#3331,#3332));
#1799=FACE_BOUND('',#1800,.T.);
#1800=EDGE_LOOP('',(#3333));
#1801=PLANE('',#1802);
#1802=AXIS2_PLACEMENT_3D('',#1803,#1804,#1805);
#1803=CARTESIAN_POINT('',(2.20436423846524E-15,3.06780680423427E-16,12.));
#1804=DIRECTION('',(-2.17540971751502E-32,-1.,-1.22464679914735E-16));
#1805=DIRECTION('',(-1.83697019872103E-16,1.22464679914735E-16,-1.));
#1806=FACE_BOUND('',#1807,.T.);
#1807=EDGE_LOOP('',(#3334,#3335,#3336,#3337,#3338,#3339,#3340,#3341,#3342));
#1808=FACE_BOUND('',#1809,.T.);
#1809=EDGE_LOOP('',(#3343));
#1810=FACE_BOUND('',#1811,.T.);
#1811=EDGE_LOOP('',(#3344));
#1812=PLANE('',#1813);
#1813=AXIS2_PLACEMENT_3D('',#1814,#1815,#1816);
#1814=CARTESIAN_POINT('',(24.,9.0264442348385E-48,-4.40872847693047E-15));
#1815=DIRECTION('',(1.,0.,-1.83697019872103E-16));
#1816=DIRECTION('',(1.83697019872103E-16,0.,1.));
#1817=FACE_BOUND('',#1818,.T.);
#1818=EDGE_LOOP('',(#3345,#3346,#3347,#3348,#3349,#3350,#3351,#3352,#3353,#3354));
#1819=FACE_BOUND('',#1820,.T.);
#1820=EDGE_LOOP('',(#3355,#3356,#3357,#3358,#3359,#3360));
#1821=FACE_BOUND('',#1822,.T.);
#1822=EDGE_LOOP('',(#3361,#3362,#3363,#3364,#3365,#3366));
#1823=FACE_BOUND('',#1824,.T.);
#1824=EDGE_LOOP('',(#3367,#3368,#3369,#3370));
#1825=FACE_BOUND('',#1826,.T.);
#1826=EDGE_LOOP('',(#3371,#3372,#3373,#3374));
#1827=PLANE('',#1828);
#1828=AXIS2_PLACEMENT_3D('',#1829,#1830,#1831);
#1829=CARTESIAN_POINT('',(-2.20436423846524E-15,11.,-12.));
#1830=DIRECTION('',(2.6295363507367E-32,1.,1.48029736616688E-16));
#1831=DIRECTION('',(1.83697019872103E-16,-1.48029736616688E-16,1.));
#1832=FACE_OUTER_BOUND('',#1833,.T.);
#1833=EDGE_LOOP('',(#3375));
#1834=FACE_BOUND('',#1835,.T.);
#1835=EDGE_LOOP('',(#3376,#3377));
#1836=FACE_OUTER_BOUND('',#1837,.T.);
#1837=EDGE_LOOP('',(#3378));
#1838=FACE_BOUND('',#1839,.T.);
#1839=EDGE_LOOP('',(#3379));
#1840=CYLINDRICAL_SURFACE('',#1841,2.1);
#1841=AXIS2_PLACEMENT_3D('',#1842,#1843,#1844);
#1842=CARTESIAN_POINT('',(15.,5.,6.12323399573677E-16));
#1843=DIRECTION('',(0.,-1.22464679914735E-16,1.));
#1844=DIRECTION('',(1.,0.,0.));
#1845=FACE_BOUND('',#1846,.T.);
#1846=EDGE_LOOP('',(#3380,#3381,#3382,#3383));
#1847=PLANE('',#1848);
#1848=AXIS2_PLACEMENT_3D('',#1849,#1850,#1851);
#1849=CARTESIAN_POINT('',(18.,5.00000000000227,11.7668384925725));
#1850=DIRECTION('',(0.,0.499999999998978,0.866025403785029));
#1851=DIRECTION('',(0.,-0.866025403785029,0.499999999998978));
#1852=FACE_BOUND('',#1853,.T.);
#1853=EDGE_LOOP('',(#3384,#3385,#3386,#3387));
#1854=PLANE('',#1855);
#1855=AXIS2_PLACEMENT_3D('',#1856,#1857,#1858);
#1856=CARTESIAN_POINT('',(18.,7.800000000001,13.3834192463055));
#1857=DIRECTION('',(0.,-0.500000000000639,0.866025403784069));
#1858=DIRECTION('',(0.,-0.866025403784069,-0.500000000000639));
#1859=FACE_BOUND('',#1860,.T.);
#1860=EDGE_LOOP('',(#3388,#3389,#3390,#3391));
#1861=PLANE('',#1862);
#1862=AXIS2_PLACEMENT_3D('',#1863,#1864,#1865);
#1863=CARTESIAN_POINT('',(2.20436423846524E-15,11.,12.));
#1864=DIRECTION('',(1.77635683940025E-16,-1.61486985400023E-16,1.));
#1865=DIRECTION('',(-3.58573138736823E-32,-1.,-1.61486985400023E-16));
#1866=FACE_BOUND('',#1867,.T.);
#1867=EDGE_LOOP('',(#3392,#3393,#3394,#3395));
#1868=CYLINDRICAL_SURFACE('',#1869,6.);
#1869=AXIS2_PLACEMENT_3D('',#1870,#1871,#1872);
#1870=CARTESIAN_POINT('',(-8.,35.,6.00000000000001));
#1871=DIRECTION('',(0.,-1.,-1.20430972162729E-16));
#1872=DIRECTION('',(0.,-1.20430972162729E-16,1.));
#1873=FACE_BOUND('',#1874,.T.);
#1874=EDGE_LOOP('',(#3396,#3397,#3398,#3399));
#1875=CYLINDRICAL_SURFACE('',#1876,6.24999999967128);
#1876=AXIS2_PLACEMENT_3D('',#1877,#1878,#1879);
#1877=CARTESIAN_POINT('',(-15.,8.54630159951108E-16,-0.249999999671282));
#1878=DIRECTION('',(-1.,0.,1.83697019872103E-16));
#1879=DIRECTION('',(1.83697019872103E-16,0.,1.));
#1880=FACE_BOUND('',#1881,.T.);
#1881=EDGE_LOOP('',(#3400,#3401,#3402,#3403));
#1882=PLANE('',#1883);
#1883=AXIS2_PLACEMENT_3D('',#1884,#1885,#1886);
#1884=CARTESIAN_POINT('',(1.10218211923262E-15,1.04156875991184E-15,6.));
#1885=DIRECTION('',(-1.77635683940025E-16,1.77635683940025E-16,-1.));
#1886=DIRECTION('',(3.94430452610506E-32,1.,1.77635683940025E-16));
#1887=FACE_BOUND('',#1888,.T.);
#1888=EDGE_LOOP('',(#3404,#3405,#3406,#3407));
#1889=CYLINDRICAL_SURFACE('',#1890,6.);
#1890=AXIS2_PLACEMENT_3D('',#1891,#1892,#1893);
#1891=CARTESIAN_POINT('',(3.,35.,6.00000000000001));
#1892=DIRECTION('',(0.,1.,1.50538715203411E-16));
#1893=DIRECTION('',(1.48029736616688E-16,-1.50538715203411E-16,1.));
#1894=FACE_BOUND('',#1895,.T.);
#1895=EDGE_LOOP('',(#3408,#3409,#3410,#3411,#3412,#3413,#3414,#3415,#3416,#3417));
#1896=FACE_BOUND('',#1897,.T.);
#1897=EDGE_LOOP('',(#3418));
#1898=CYLINDRICAL_SURFACE('',#1899,8.);
#1899=AXIS2_PLACEMENT_3D('',#1900,#1901,#1902);
#1900=CARTESIAN_POINT('',(3.,9.0264442348385E-48,-5.51091059616309E-16));
#1901=DIRECTION('',(-1.,0.,1.83697019872103E-16));
#1902=DIRECTION('',(1.83697019872103E-16,0.,1.));
#1903=FACE_OUTER_BOUND('',#1904,.T.);
#1904=EDGE_LOOP('',(#3419));
#1905=FACE_OUTER_BOUND('',#1906,.T.);
#1906=EDGE_LOOP('',(#3420));
#1907=CYLINDRICAL_SURFACE('',#1908,1.6);
#1908=AXIS2_PLACEMENT_3D('',#1909,#1910,#1911);
#1909=CARTESIAN_POINT('',(-1.,-29.,8.));
#1910=DIRECTION('',(2.6295363507367E-32,1.,1.48029736616688E-16));
#1911=DIRECTION('',(1.,-2.62953635073671E-32,-3.8924957342356E-48));
#1912=FACE_BOUND('',#1913,.T.);
#1913=EDGE_LOOP('',(#3421,#3422,#3423,#3424,#3425));
#1914=PLANE('',#1915);
#1915=AXIS2_PLACEMENT_3D('',#1916,#1917,#1918);
#1916=CARTESIAN_POINT('',(-1.10218211923262E-15,2.51114491888866E-15,-6.));
#1917=DIRECTION('',(-2.17540971751503E-32,-1.,-1.22464679914735E-16));
#1918=DIRECTION('',(-1.83697019872103E-16,1.22464679914735E-16,-1.));
#1919=FACE_BOUND('',#1920,.T.);
#1920=EDGE_LOOP('',(#3426,#3427,#3428,#3429,#3430,#3431,#3432,#3433));
#1921=PLANE('',#1922);
#1922=AXIS2_PLACEMENT_3D('',#1923,#1924,#1925);
#1923=CARTESIAN_POINT('',(-2.20436423846524E-15,3.24593299837707E-15,-12.));
#1924=DIRECTION('',(-1.77635683940025E-16,1.61486985400023E-16,-1.));
#1925=DIRECTION('',(3.58573138736823E-32,1.,1.61486985400023E-16));
#1926=FACE_OUTER_BOUND('',#1927,.T.);
#1927=EDGE_LOOP('',(#3434));
#1928=FACE_OUTER_BOUND('',#1929,.T.);
#1929=EDGE_LOOP('',(#3435));
#1930=CYLINDRICAL_SURFACE('',#1931,1.6);
#1931=AXIS2_PLACEMENT_3D('',#1932,#1933,#1934);
#1932=CARTESIAN_POINT('',(3.,8.,8.));
#1933=DIRECTION('',(1.,0.,-1.83697019872103E-16));
#1934=DIRECTION('',(1.83697019872103E-16,0.,1.));
#1935=FACE_OUTER_BOUND('',#1936,.T.);
#1936=EDGE_LOOP('',(#3436));
#1937=FACE_OUTER_BOUND('',#1938,.T.);
#1938=EDGE_LOOP('',(#3437));
#1939=CYLINDRICAL_SURFACE('',#1940,1.6);
#1940=AXIS2_PLACEMENT_3D('',#1941,#1942,#1943);
#1941=CARTESIAN_POINT('',(3.,8.,-8.));
#1942=DIRECTION('',(1.,0.,-1.83697019872103E-16));
#1943=DIRECTION('',(1.83697019872103E-16,0.,1.));
#1944=FACE_BOUND('',#1945,.T.);
#1945=EDGE_LOOP('',(#3438,#3439,#3440,#3441));
#1946=CYLINDRICAL_SURFACE('',#1947,6.);
#1947=AXIS2_PLACEMENT_3D('',#1948,#1949,#1950);
#1948=CARTESIAN_POINT('',(-8.,-24.,-6.));
#1949=DIRECTION('',(0.,1.,1.20430972162729E-16));
#1950=DIRECTION('',(-2.96059473233375E-16,1.20430972162729E-16,-1.));
#1951=FACE_BOUND('',#1952,.T.);
#1952=EDGE_LOOP('',(#3442,#3443,#3444,#3445,#3446,#3447));
#1953=PLANE('',#1954);
#1954=AXIS2_PLACEMENT_3D('',#1955,#1956,#1957);
#1955=CARTESIAN_POINT('',(-14.,0.,2.57175827820944E-15));
#1956=DIRECTION('',(1.,0.,-1.83697019872103E-16));
#1957=DIRECTION('',(-1.83697019872103E-16,1.22464679914735E-16,-1.));
#1958=FACE_BOUND('',#1959,.T.);
#1959=EDGE_LOOP('',(#3448,#3449,#3450,#3451));
#1960=PLANE('',#1961);
#1961=AXIS2_PLACEMENT_3D('',#1962,#1963,#1964);
#1962=CARTESIAN_POINT('',(19.,8.,-11.2331615074619));
#1963=DIRECTION('',(0.,0.5,-0.866025403784439));
#1964=DIRECTION('',(5.92118946467699E-16,0.866025403784439,0.5));
#1965=FACE_BOUND('',#1966,.T.);
#1966=EDGE_LOOP('',(#3452,#3453,#3454,#3455,#3456));
#1967=FACE_BOUND('',#1968,.T.);
#1968=EDGE_LOOP('',(#3457));
#1969=PLANE('',#1970);
#1970=AXIS2_PLACEMENT_3D('',#1971,#1972,#1973);
#1971=CARTESIAN_POINT('',(22.,9.0264442348385E-48,-4.04133443718627E-15));
#1972=DIRECTION('',(1.,0.,-1.83697019872103E-16));
#1973=DIRECTION('',(1.83697019872103E-16,0.,1.));
#1974=FACE_BOUND('',#1975,.T.);
#1975=EDGE_LOOP('',(#3458,#3459,#3460,#3461));
#1976=PLANE('',#1977);
#1977=AXIS2_PLACEMENT_3D('',#1978,#1979,#1980);
#1978=CARTESIAN_POINT('',(19.,13.1961524226983,-1.76683849252368));
#1979=DIRECTION('',(1.28197512425437E-16,-0.500000000001562,0.866025403783537));
#1980=DIRECTION('',(0.,-0.866025403783537,-0.500000000001562));
#1981=FACE_BOUND('',#1982,.T.);
#1982=EDGE_LOOP('',(#3462,#3463,#3464,#3465,#3466));
#1983=FACE_BOUND('',#1984,.T.);
#1984=EDGE_LOOP('',(#3467));
#1985=PLANE('',#1986);
#1986=AXIS2_PLACEMENT_3D('',#1987,#1988,#1989);
#1987=CARTESIAN_POINT('',(19.,9.0264442348385E-48,-3.49024337756996E-15));
#1988=DIRECTION('',(1.,0.,-1.83697019872103E-16));
#1989=DIRECTION('',(1.83697019872103E-16,0.,1.));
#1990=FACE_BOUND('',#1991,.T.);
#1991=EDGE_LOOP('',(#3468,#3469,#3470,#3471));
#1992=PLANE('',#1993);
#1993=AXIS2_PLACEMENT_3D('',#1994,#1995,#1996);
#1994=CARTESIAN_POINT('',(19.,5.2,6.38341924626904));
#1995=DIRECTION('',(-2.56395024850875E-16,-0.500000000001562,-0.866025403783537));
#1996=DIRECTION('',(0.,0.866025403783537,-0.500000000001562));
#1997=FACE_BOUND('',#1998,.T.);
#1998=EDGE_LOOP('',(#3472,#3473,#3474,#3475,#3476));
#1999=FACE_BOUND('',#2000,.T.);
#2000=EDGE_LOOP('',(#3477));
#2001=PLANE('',#2002);
#2002=AXIS2_PLACEMENT_3D('',#2003,#2004,#2005);
#2003=CARTESIAN_POINT('',(22.,9.0264442348385E-48,-4.04133443718627E-15));
#2004=DIRECTION('',(1.,0.,-1.83697019872103E-16));
#2005=DIRECTION('',(1.83697019872103E-16,0.,1.));
#2006=FACE_BOUND('',#2007,.T.);
#2007=EDGE_LOOP('',(#3478,#3479,#3480,#3481));
#2008=PLANE('',#2009);
#2009=AXIS2_PLACEMENT_3D('',#2010,#2011,#2012);
#2010=CARTESIAN_POINT('',(19.,13.1961524226983,8.2331615074667));
#2011=DIRECTION('',(0.,0.5,0.866025403784439));
#2012=DIRECTION('',(5.92118946467699E-16,-0.866025403784439,0.5));
#2013=FACE_BOUND('',#2014,.T.);
#2014=EDGE_LOOP('',(#3482,#3483,#3484,#3485,#3486));
#2015=FACE_BOUND('',#2016,.T.);
#2016=EDGE_LOOP('',(#3487));
#2017=PLANE('',#2018);
#2018=AXIS2_PLACEMENT_3D('',#2019,#2020,#2021);
#2019=CARTESIAN_POINT('',(19.,9.0264442348385E-48,-3.49024337756996E-15));
#2020=DIRECTION('',(1.,0.,-1.83697019872103E-16));
#2021=DIRECTION('',(1.83697019872103E-16,0.,1.));
#2022=FACE_BOUND('',#2023,.T.);
#2023=EDGE_LOOP('',(#3488,#3489,#3490,#3491));
#2024=PLANE('',#2025);
#2025=AXIS2_PLACEMENT_3D('',#2026,#2027,#2028);
#2026=CARTESIAN_POINT('',(0.645448267181571,8.,10.8500000000077));
#2027=DIRECTION('',(0.866025403782263,0.,0.500000000003769));
#2028=DIRECTION('',(0.500000000003769,0.,-0.866025403782263));
#2029=FACE_BOUND('',#2030,.T.);
#2030=EDGE_LOOP('',(#3492,#3493,#3494,#3495));
#2031=PLANE('',#2032);
#2032=AXIS2_PLACEMENT_3D('',#2033,#2034,#2035);
#2033=CARTESIAN_POINT('',(-2.64544826719131,8.,10.8500000000077));
#2034=DIRECTION('',(0.,0.,1.));
#2035=DIRECTION('',(1.,0.,0.));
#2036=FACE_BOUND('',#2037,.T.);
#2037=EDGE_LOOP('',(#3496,#3497,#3498,#3499));
#2038=PLANE('',#2039);
#2039=AXIS2_PLACEMENT_3D('',#2040,#2041,#2042);
#2040=CARTESIAN_POINT('',(-4.29089653437552,8.,8.00000000000346));
#2041=DIRECTION('',(-0.866025403785584,0.,0.499999999998017));
#2042=DIRECTION('',(0.499999999998017,0.,0.866025403785584));
#2043=FACE_BOUND('',#2044,.T.);
#2044=EDGE_LOOP('',(#3500,#3501,#3502,#3503));
#2045=PLANE('',#2046);
#2046=AXIS2_PLACEMENT_3D('',#2047,#2048,#2049);
#2047=CARTESIAN_POINT('',(-2.64544826719249,8.,5.14999999998763));
#2048=DIRECTION('',(-0.866025403786615,0.,-0.49999999999623));
#2049=DIRECTION('',(-0.49999999999623,-5.39778999684973E-16,0.866025403786615));
#2050=FACE_BOUND('',#2051,.T.);
#2051=EDGE_LOOP('',(#3504,#3505,#3506,#3507));
#2052=PLANE('',#2053);
#2053=AXIS2_PLACEMENT_3D('',#2054,#2055,#2056);
#2054=CARTESIAN_POINT('',(0.645448267192512,8.,5.14999999998179));
#2055=DIRECTION('',(-1.77425357196768E-12,2.96059473233375E-16,-1.));
#2056=DIRECTION('',(-1.,0.,1.77425357196768E-12));
#2057=FACE_BOUND('',#2058,.T.);
#2058=EDGE_LOOP('',(#3508,#3509,#3510,#3511));
#2059=PLANE('',#2060);
#2060=AXIS2_PLACEMENT_3D('',#2061,#2062,#2063);
#2061=CARTESIAN_POINT('',(2.2908965343807,8.,8.00000000002133));
#2062=DIRECTION('',(0.866025403787737,0.,-0.499999999994287));
#2063=DIRECTION('',(-0.499999999994287,5.39778999681183E-16,-0.866025403787737));
#2064=FACE_BOUND('',#2065,.T.);
#2065=EDGE_LOOP('',(#3512,#3513,#3514,#3515));
#2066=PLANE('',#2067);
#2067=AXIS2_PLACEMENT_3D('',#2068,#2069,#2070);
#2068=CARTESIAN_POINT('',(0.645448267181571,8.,-10.8500000000077));
#2069=DIRECTION('',(-0.866025403782263,0.,0.500000000003769));
#2070=DIRECTION('',(0.500000000003769,0.,0.866025403782263));
#2071=FACE_BOUND('',#2072,.T.);
#2072=EDGE_LOOP('',(#3516,#3517,#3518,#3519));
#2073=PLANE('',#2074);
#2074=AXIS2_PLACEMENT_3D('',#2075,#2076,#2077);
#2075=CARTESIAN_POINT('',(2.2908965343807,8.,-8.00000000002133));
#2076=DIRECTION('',(-0.866025403787737,0.,-0.499999999994287));
#2077=DIRECTION('',(-0.499999999994287,5.39778999681183E-16,0.866025403787737));
#2078=FACE_BOUND('',#2079,.T.);
#2079=EDGE_LOOP('',(#3520,#3521,#3522,#3523));
#2080=PLANE('',#2081);
#2081=AXIS2_PLACEMENT_3D('',#2082,#2083,#2084);
#2082=CARTESIAN_POINT('',(0.645448267192512,8.,-5.14999999998179));
#2083=DIRECTION('',(1.77425357196768E-12,-2.96059473233375E-16,-1.));
#2084=DIRECTION('',(-1.,0.,-1.77425357196768E-12));
#2085=FACE_BOUND('',#2086,.T.);
#2086=EDGE_LOOP('',(#3524,#3525,#3526,#3527));
#2087=PLANE('',#2088);
#2088=AXIS2_PLACEMENT_3D('',#2089,#2090,#2091);
#2089=CARTESIAN_POINT('',(-2.64544826719249,8.,-5.14999999998763));
#2090=DIRECTION('',(0.866025403786615,0.,-0.49999999999623));
#2091=DIRECTION('',(-0.49999999999623,-5.39778999684973E-16,-0.866025403786615));
#2092=FACE_BOUND('',#2093,.T.);
#2093=EDGE_LOOP('',(#3528,#3529,#3530,#3531));
#2094=PLANE('',#2095);
#2095=AXIS2_PLACEMENT_3D('',#2096,#2097,#2098);
#2096=CARTESIAN_POINT('',(-4.29089653437552,8.,-8.00000000000346));
#2097=DIRECTION('',(0.866025403785584,0.,0.499999999998017));
#2098=DIRECTION('',(0.499999999998017,0.,-0.866025403785584));
#2099=FACE_BOUND('',#2100,.T.);
#2100=EDGE_LOOP('',(#3532,#3533,#3534,#3535));
#2101=PLANE('',#2102);
#2102=AXIS2_PLACEMENT_3D('',#2103,#2104,#2105);
#2103=CARTESIAN_POINT('',(-2.64544826719131,8.,-10.8500000000077));
#2104=DIRECTION('',(0.,0.,1.));
#2105=DIRECTION('',(1.,0.,0.));
#2106=FACE_OUTER_BOUND('',#2107,.T.);
#2107=EDGE_LOOP('',(#3536));
#2108=FACE_OUTER_BOUND('',#2109,.T.);
#2109=EDGE_LOOP('',(#3537));
#2110=FACE_BOUND('',#2111,.T.);
#2111=EDGE_LOOP('',(#3538));
#2112=CYLINDRICAL_SURFACE('',#2113,1.6);
#2113=AXIS2_PLACEMENT_3D('',#2114,#2115,#2116);
#2114=CARTESIAN_POINT('',(3.,8.,8.));
#2115=DIRECTION('',(1.,0.,-1.83697019872103E-16));
#2116=DIRECTION('',(1.83697019872103E-16,0.,1.));
#2117=FACE_BOUND('',#2118,.T.);
#2118=EDGE_LOOP('',(#3539,#3540,#3541,#3542,#3543,#3544,#3545,#3546));
#2119=PLANE('',#2120);
#2120=AXIS2_PLACEMENT_3D('',#2121,#2122,#2123);
#2121=CARTESIAN_POINT('',(1.10218211923262E-15,5.,6.));
#2122=DIRECTION('',(0.,-1.,0.));
#2123=DIRECTION('',(-1.83697019872103E-16,0.,-1.));
#2124=FACE_BOUND('',#2125,.T.);
#2125=EDGE_LOOP('',(#3547,#3548,#3549));
#2126=PLANE('',#2127);
#2127=AXIS2_PLACEMENT_3D('',#2128,#2129,#2130);
#2128=CARTESIAN_POINT('',(0.,0.,0.));
#2129=DIRECTION('',(1.,0.,-1.83697019872103E-16));
#2130=DIRECTION('',(-1.83697019872103E-16,1.22464679914735E-16,-1.));
#2131=FACE_BOUND('',#2132,.T.);
#2132=EDGE_LOOP('',(#3550,#3551,#3552,#3553,#3554,#3555));
#2133=PLANE('',#2134);
#2134=AXIS2_PLACEMENT_3D('',#2135,#2136,#2137);
#2135=CARTESIAN_POINT('',(9.4,-7.,-1.));
#2136=DIRECTION('',(-1.,-2.56123670526302E-32,1.61486985400023E-16));
#2137=DIRECTION('',(0.,1.,1.58603289232165E-16));
#2138=FACE_BOUND('',#2139,.T.);
#2139=EDGE_LOOP('',(#3556,#3557,#3558,#3559));
#2140=PLANE('',#2141);
#2141=AXIS2_PLACEMENT_3D('',#2142,#2143,#2144);
#2142=CARTESIAN_POINT('',(9.4,7.,-1.));
#2143=DIRECTION('',(-3.24943324280534E-16,1.,1.61486985400023E-16));
#2144=DIRECTION('',(1.,3.24943324280534E-16,-1.62471662140267E-16));
#2145=FACE_BOUND('',#2146,.T.);
#2146=EDGE_LOOP('',(#3560,#3561,#3562,#3563,#3564,#3565));
#2147=PLANE('',#2148);
#2148=AXIS2_PLACEMENT_3D('',#2149,#2150,#2151);
#2149=CARTESIAN_POINT('',(17.6,7.,-1.));
#2150=DIRECTION('',(1.,5.12247341052605E-32,-3.22973970800046E-16));
#2151=DIRECTION('',(0.,-1.,-1.58603289232165E-16));
#2152=FACE_BOUND('',#2153,.T.);
#2153=EDGE_LOOP('',(#3566,#3567,#3568,#3569));
#2154=PLANE('',#2155);
#2155=AXIS2_PLACEMENT_3D('',#2156,#2157,#2158);
#2156=CARTESIAN_POINT('',(9.,0.,-1.65327317884893E-15));
#2157=DIRECTION('',(1.,0.,-1.83697019872103E-16));
#2158=DIRECTION('',(-1.83697019872103E-16,1.22464679914735E-16,-1.));
#2159=FACE_BOUND('',#2160,.T.);
#2160=EDGE_LOOP('',(#3570,#3571,#3572,#3573));
#2161=CYLINDRICAL_SURFACE('',#2162,6.);
#2162=AXIS2_PLACEMENT_3D('',#2163,#2164,#2165);
#2163=CARTESIAN_POINT('',(3.,-24.,-6.));
#2164=DIRECTION('',(0.,-1.,-1.50538715203411E-16));
#2165=DIRECTION('',(-1.48029736616688E-16,1.50538715203411E-16,-1.));
#2166=FACE_BOUND('',#2167,.T.);
#2167=EDGE_LOOP('',(#3574,#3575,#3576,#3577,#3578,#3579,#3580));
#2168=FACE_BOUND('',#2169,.T.);
#2169=EDGE_LOOP('',(#3581));
#2170=PLANE('',#2171);
#2171=AXIS2_PLACEMENT_3D('',#2172,#2173,#2174);
#2172=CARTESIAN_POINT('',(-1.10218211923262E-15,2.51114491888866E-15,-6.));
#2173=DIRECTION('',(-2.17540971751503E-32,-1.,-1.22464679914735E-16));
#2174=DIRECTION('',(-1.83697019872103E-16,1.22464679914735E-16,-1.));
#2175=FACE_BOUND('',#2176,.T.);
#2176=EDGE_LOOP('',(#3582,#3583,#3584,#3585,#3586,#3587));
#2177=FACE_BOUND('',#2178,.T.);
#2178=EDGE_LOOP('',(#3588));
#2179=PLANE('',#2180);
#2180=AXIS2_PLACEMENT_3D('',#2181,#2182,#2183);
#2181=CARTESIAN_POINT('',(3.15544362088405E-31,8.,1.33226762955019E-15));
#2182=DIRECTION('',(2.6295363507367E-32,1.,1.48029736616688E-16));
#2183=DIRECTION('',(6.12323399573677E-17,-1.48029736616688E-16,1.));
#2184=FACE_BOUND('',#2185,.T.);
#2185=EDGE_LOOP('',(#3589,#3590,#3591,#3592));
#2186=PLANE('',#2187);
#2187=AXIS2_PLACEMENT_3D('',#2188,#2189,#2190);
#2188=CARTESIAN_POINT('',(9.4,7.,-1.));
#2189=DIRECTION('',(-3.24943324280534E-16,1.,1.61486985400023E-16));
#2190=DIRECTION('',(1.,3.24943324280534E-16,-1.62471662140267E-16));
#2191=FACE_BOUND('',#2192,.T.);
#2192=EDGE_LOOP('',(#3593,#3594,#3595,#3596));
#2193=CYLINDRICAL_SURFACE('',#2194,6.24999999967128);
#2194=AXIS2_PLACEMENT_3D('',#2195,#2196,#2197);
#2195=CARTESIAN_POINT('',(-15.,2.0909686889017E-10,0.249999999671287));
#2196=DIRECTION('',(-1.,0.,1.83697019872103E-16));
#2197=DIRECTION('',(-1.10218211920792E-16,0.800000000010083,-0.599999999986557));
#2198=FACE_BOUND('',#2199,.T.);
#2199=EDGE_LOOP('',(#3597,#3598,#3599,#3600));
#2200=PLANE('',#2201);
#2201=AXIS2_PLACEMENT_3D('',#2202,#2203,#2204);
#2202=CARTESIAN_POINT('',(19.,5.2,-9.61658075373096));
#2203=DIRECTION('',(-9.86076131526265E-32,-0.5,-0.866025403784439));
#2204=DIRECTION('',(-1.09883582079061E-15,0.866025403784439,-0.5));
#2205=FACE_BOUND('',#2206,.T.);
#2206=EDGE_LOOP('',(#3601,#3602,#3603,#3604));
#2207=PLANE('',#2208);
#2208=AXIS2_PLACEMENT_3D('',#2209,#2210,#2211);
#2209=CARTESIAN_POINT('',(19.,5.2,-6.38341924626905));
#2210=DIRECTION('',(0.,-1.,0.));
#2211=DIRECTION('',(0.,0.,-1.));
#2212=FACE_OUTER_BOUND('',#2213,.T.);
#2213=EDGE_LOOP('',(#3605));
#2214=FACE_OUTER_BOUND('',#2215,.T.);
#2215=EDGE_LOOP('',(#3606));
#2216=FACE_BOUND('',#2217,.T.);
#2217=EDGE_LOOP('',(#3607,#3608,#3609,#3610));
#2218=CYLINDRICAL_SURFACE('',#2219,1.6);
#2219=AXIS2_PLACEMENT_3D('',#2220,#2221,#2222);
#2220=CARTESIAN_POINT('',(3.,8.,-8.));
#2221=DIRECTION('',(1.,0.,-1.83697019872103E-16));
#2222=DIRECTION('',(1.83697019872103E-16,0.,1.));
#2223=FACE_BOUND('',#2224,.T.);
#2224=EDGE_LOOP('',(#3611,#3612,#3613,#3614));
#2225=PLANE('',#2226);
#2226=AXIS2_PLACEMENT_3D('',#2227,#2228,#2229);
#2227=CARTESIAN_POINT('',(19.,5.2,9.61658075373095));
#2228=DIRECTION('',(0.,-1.,0.));
#2229=DIRECTION('',(0.,0.,-1.));
#2230=FACE_BOUND('',#2231,.T.);
#2231=EDGE_LOOP('',(#3615,#3616,#3617,#3618));
#2232=PLANE('',#2233);
#2233=AXIS2_PLACEMENT_3D('',#2234,#2235,#2236);
#2234=CARTESIAN_POINT('',(19.,8.00000000000001,11.2331615074619));
#2235=DIRECTION('',(0.,-0.5,0.866025403784439));
#2236=DIRECTION('',(-1.09883582079061E-15,-0.866025403784439,-0.5));
#2237=FACE_BOUND('',#2238,.T.);
#2238=EDGE_LOOP('',(#3619,#3620,#3621,#3622,#3623,#3624));
#2239=FACE_BOUND('',#2240,.T.);
#2240=EDGE_LOOP('',(#3625));
#2241=PLANE('',#2242);
#2242=AXIS2_PLACEMENT_3D('',#2243,#2244,#2245);
#2243=CARTESIAN_POINT('',(3.15544362088405E-31,8.,-1.33226762955019E-15));
#2244=DIRECTION('',(-2.6295363507367E-32,-1.,1.48029736616688E-16));
#2245=DIRECTION('',(6.12323399573677E-17,-1.48029736616688E-16,-1.));
#2246=FACE_BOUND('',#2247,.T.);
#2247=EDGE_LOOP('',(#3626));
#2248=CYLINDRICAL_SURFACE('',#2249,6.);
#2249=AXIS2_PLACEMENT_3D('',#2250,#2251,#2252);
#2250=CARTESIAN_POINT('',(3.,35.,6.00000000000001));
#2251=DIRECTION('',(0.,1.,1.50538715203411E-16));
#2252=DIRECTION('',(1.48029736616688E-16,-1.50538715203411E-16,1.));
#2253=FACE_BOUND('',#2254,.T.);
#2254=EDGE_LOOP('',(#3627,#3628,#3629));
#2255=PLANE('',#2256);
#2256=AXIS2_PLACEMENT_3D('',#2257,#2258,#2259);
#2257=CARTESIAN_POINT('',(0.,0.,0.));
#2258=DIRECTION('',(1.,0.,-1.83697019872103E-16));
#2259=DIRECTION('',(-1.83697019872103E-16,1.22464679914735E-16,-1.));
#2260=FACE_BOUND('',#2261,.T.);
#2261=EDGE_LOOP('',(#3630,#3631,#3632,#3633));
#2262=PLANE('',#2263);
#2263=AXIS2_PLACEMENT_3D('',#2264,#2265,#2266);
#2264=CARTESIAN_POINT('',(-1.10218211923262E-15,5.,-6.));
#2265=DIRECTION('',(1.77635683940025E-16,-1.77635683947454E-16,1.));
#2266=DIRECTION('',(-3.94430452627001E-32,-1.,-1.77635683947454E-16));
#2267=FACE_OUTER_BOUND('',#2268,.T.);
#2268=EDGE_LOOP('',(#3634));
#2269=FACE_OUTER_BOUND('',#2270,.T.);
#2270=EDGE_LOOP('',(#3635));
#2271=CYLINDRICAL_SURFACE('',#2272,1.6);
#2272=AXIS2_PLACEMENT_3D('',#2273,#2274,#2275);
#2273=CARTESIAN_POINT('',(-1.,-29.,-8.));
#2274=DIRECTION('',(-2.6295363507367E-32,-1.,1.48029736616688E-16));
#2275=DIRECTION('',(1.,-2.62953635073671E-32,3.8924957342356E-48));
#2276=FACE_BOUND('',#2277,.T.);
#2277=EDGE_LOOP('',(#3636));
#2278=CYLINDRICAL_SURFACE('',#2279,6.);
#2279=AXIS2_PLACEMENT_3D('',#2280,#2281,#2282);
#2280=CARTESIAN_POINT('',(3.,-24.,-6.));
#2281=DIRECTION('',(0.,-1.,-1.50538715203411E-16));
#2282=DIRECTION('',(-1.48029736616688E-16,1.50538715203411E-16,-1.));
#2283=FACE_BOUND('',#2284,.T.);
#2284=EDGE_LOOP('',(#3637,#3638,#3639));
#2285=FACE_OUTER_BOUND('',#2286,.T.);
#2286=EDGE_LOOP('',(#3640));
#2287=CONICAL_SURFACE('',#2288,2.2,0.785398163397447);
#2288=AXIS2_PLACEMENT_3D('',#2289,#2290,#2291);
#2289=CARTESIAN_POINT('',(23.5,5.,15.000000000033));
#2290=DIRECTION('',(1.,0.,-1.83697019872103E-16));
#2291=DIRECTION('',(1.83697019872103E-16,0.,1.));
#2292=FACE_BOUND('',#2293,.T.);
#2293=EDGE_LOOP('',(#3641,#3642,#3643,#3644));
#2294=CYLINDRICAL_SURFACE('',#2295,8.);
#2295=AXIS2_PLACEMENT_3D('',#2296,#2297,#2298);
#2296=CARTESIAN_POINT('',(3.25403330758517,43.,20.));
#2297=DIRECTION('',(0.,1.,1.4210854715202E-16));
#2298=DIRECTION('',(0.968245836551854,3.55271367880051E-17,-0.25));
#2299=FACE_BOUND('',#2300,.T.);
#2300=EDGE_LOOP('',(#3645,#3646,#3647,#3648));
#2301=CYLINDRICAL_SURFACE('',#2302,1.);
#2302=AXIS2_PLACEMENT_3D('',#2303,#2304,#2305);
#2303=CARTESIAN_POINT('',(11.7393146818237,13.,17.));
#2304=DIRECTION('',(0.,1.,0.));
#2305=DIRECTION('',(-0.942809041582064,-7.88860905221013E-31,0.333333333333333));
#2306=FACE_BOUND('',#2307,.T.);
#2307=EDGE_LOOP('',(#3649,#3650,#3651,#3652));
#2308=CYLINDRICAL_SURFACE('',#2309,1.);
#2309=AXIS2_PLACEMENT_3D('',#2310,#2311,#2312);
#2310=CARTESIAN_POINT('',(23.,-4.,17.));
#2311=DIRECTION('',(1.86984930463184E-16,-1.,-1.86984930463184E-16));
#2312=DIRECTION('',(1.,1.86984930463184E-16,3.49633642203219E-32));
#2313=FACE_BOUND('',#2314,.T.);
#2314=EDGE_LOOP('',(#3653,#3654,#3655,#3656));
#2315=(BOUNDED_SURFACE()B_SPLINE_SURFACE(3,2,(
(#2316,#2317,#2318),
(#2319,#2320,#2321),
(#2322,#2323,#2324),
(#2325,#2326,#2327),
(#2328,#2329,#2330),
(#2331,#2332,#2333),
(#2334,#2335,#2336),
(#2337,#2338,#2339),
(#2340,#2341,#2342),
(#2343,#2344,#2345),
(#2346,#2347,#2348),
(#2349,#2350,#2351),
(#2352,#2353,#2354),
(#2355,#2356,#2357),
(#2358,#2359,#2360),
(#2361,#2362,#2363),
(#2364,#2365,#2366),
(#2367,#2368,#2369),
(#2370,#2371,#2372),
(#2373,#2374,#2375),
(#2376,#2377,#2378),
(#2379,#2380,#2381),
(#2382,#2383,#2384),
(#2385,#2386,#2387),
(#2388,#2389,#2390),
(#2391,#2392,#2393),
(#2394,#2395,#2396),
(#2397,#2398,#2399),
(#2400,#2401,#2402),
(#2403,#2404,#2405),
(#2406,#2407,#2408),
(#2409,#2410,#2411)),
.UNSPECIFIED.,.F.,.F.,.F.)B_SPLINE_SURFACE_WITH_KNOTS((4,1,1,1,1,1,1,1,1,1,1,1,1,
1,1,1,1,1,1,1,1,1,1,1,1,1,1,1,1,4),
(3,3),
(-3.7845468319329E-6,0.201286161218223,0.274549082280763,0.327249656511615,0.373027293887383,
0.413978862633812,0.448052493658585,0.475248186961702,0.500426316270934,0.525604445580167,
0.550816879987833,0.587407914239607,0.626394232218939,0.671873560394722,0.709253136370465,
0.747051812570403,0.781171862525647,0.818907064603538,0.85614556666134,0.892813406746048,
0.92486527414114,0.958952584539554,0.995149299894295,1.0381085540899,1.10048306229559,
1.18227282451138,1.26789596714429,1.34561032565579,1.41541590004587,1.47325178862148),
(0.,1.),
.UNSPECIFIED.)GEOMETRIC_REPRESENTATION_ITEM()RATIONAL_B_SPLINE_SURFACE((
(1.,0.707104354193733,1.),
(1.,0.750020817037583,1.),
(1.,0.797310373850738,1.),
(1.,0.839788968122392,1.),
(1.,0.85894452086956,1.),
(1.,0.872588739666735,1.),
(1.,0.882997032604502,1.),
(1.,0.890793405628665,1.),
(1.,0.896699832418542,1.),
(1.,0.901477729867305,1.),
(1.,0.905650138357101,1.),
(1.,0.909900638340545,1.),
(1.,0.914047091184768,1.),
(1.,0.917893524349297,1.),
(1.,0.920498792435992,1.),
(1.,0.921855444790821,1.),
(1.,0.922081361998242,1.),
(1.,0.921345789301592,1.),
(1.,0.919656264185754,1.),
(1.,0.91690128702691,1.),
(1.,0.913321583649158,1.),
(1.,0.908971479997415,1.),
(1.,0.903794524039166,1.),
(1.,0.897059783400925,1.),
(1.,0.887208204940503,1.),
(1.,0.871612351827472,1.),
(1.,0.847995953429917,1.),
(1.,0.816948635088383,1.),
(1.,0.781530234071591,1.),
(1.,0.745172059555395,1.),
(1.,0.719467386853136,1.),
(1.,0.707104354193731,1.)))REPRESENTATION_ITEM('')SURFACE());
#2316=CARTESIAN_POINT('',(23.000000000025,3.18615049052136,18.));
#2317=CARTESIAN_POINT('',(24.0000068645717,3.18615671620397,18.));
#2318=CARTESIAN_POINT('',(24.,3.18615671616123,16.9999931354395));
#2319=CARTESIAN_POINT('',(23.0021219735746,3.42157249494872,18.));
#2320=CARTESIAN_POINT('',(23.8842919682568,3.31594972273892,18.));
#2321=CARTESIAN_POINT('',(24.,3.31576083670857,17.1175779174177));
#2322=CARTESIAN_POINT('',(23.044856450687,3.69278913689179,18.));
#2323=CARTESIAN_POINT('',(23.7918357545923,3.55045814399148,18.));
#2324=CARTESIAN_POINT('',(24.,3.51003480419776,17.2619857580752));
#2325=CARTESIAN_POINT('',(23.1078526452843,3.97512028904753,18.));
#2326=CARTESIAN_POINT('',(23.7405778834075,3.83853201153919,18.));
#2327=CARTESIAN_POINT('',(24.,3.76607432481686,17.4037123821662));
#2328=CARTESIAN_POINT('',(23.1425153876104,4.11910563920862,18.));
#2329=CARTESIAN_POINT('',(23.7239535748585,3.98567186620799,18.));
#2330=CARTESIAN_POINT('',(24.,3.91022862433316,17.4716311619037));
#2331=CARTESIAN_POINT('',(23.169763366863,4.23108667714915,18.));
#2332=CARTESIAN_POINT('',(23.715139819817,4.10381241204174,18.));
#2333=CARTESIAN_POINT('',(24.,4.03019851433963,17.5207271650328));
#2334=CARTESIAN_POINT('',(23.1914187556525,4.32198783068634,18.));
#2335=CARTESIAN_POINT('',(23.7102109608019,4.20528536505261,18.));
#2336=CARTESIAN_POINT('',(24.,4.13254546044968,17.5575160957087));
#2337=CARTESIAN_POINT('',(23.2087164107065,4.39768576297646,18.));
#2338=CARTESIAN_POINT('',(23.7075552060349,4.29050190253876,18.));
#2339=CARTESIAN_POINT('',(24.,4.22103350068441,17.5856565685266));
#2340=CARTESIAN_POINT('',(23.2225573008902,4.46159165077952,18.));
#2341=CARTESIAN_POINT('',(23.7061214901938,4.36210022795445,18.));
#2342=CARTESIAN_POINT('',(24.,4.29787495139028,17.607458127251));
#2343=CARTESIAN_POINT('',(23.2340945796879,4.5182634154643,18.));
#2344=CARTESIAN_POINT('',(23.7053293888191,4.42598648904606,18.));
#2345=CARTESIAN_POINT('',(24.,4.36753248940215,17.6251795566173));
#2346=CARTESIAN_POINT('',(23.2447168222262,4.57436840179455,18.));
#2347=CARTESIAN_POINT('',(23.7049195734787,4.48796052881647,18.));
#2348=CARTESIAN_POINT('',(24.,4.43777551896242,17.6411532142284));
#2349=CARTESIAN_POINT('',(23.2551857408236,4.63519341778829,18.));
#2350=CARTESIAN_POINT('',(23.7047613783821,4.55896547281024,18.));
#2351=CARTESIAN_POINT('',(24.,4.51526518838479,17.6565798990587));
#2352=CARTESIAN_POINT('',(23.2657404861127,4.70570822242362,18.));
#2353=CARTESIAN_POINT('',(23.7048907009091,4.64089240621436,18.));
#2354=CARTESIAN_POINT('',(24.,4.60666489372587,17.6718195217573));
#2355=CARTESIAN_POINT('',(23.2750588481364,4.78332092775097,18.));
#2356=CARTESIAN_POINT('',(23.7052672804383,4.7388856742284,18.));
#2357=CARTESIAN_POINT('',(24.,4.70894652704495,17.6850086765031));
#2358=CARTESIAN_POINT('',(23.2819206651629,4.86470302798103,18.));
#2359=CARTESIAN_POINT('',(23.7056705275748,4.83718990963133,18.));
#2360=CARTESIAN_POINT('',(24.,4.81761705763479,17.694569930104));
#2361=CARTESIAN_POINT('',(23.2855409027977,4.94302464521903,18.));
#2362=CARTESIAN_POINT('',(23.7059211910277,4.93430629972788,18.));
#2363=CARTESIAN_POINT('',(24.,4.92306046338104,17.6995654203904));
#2364=CARTESIAN_POINT('',(23.2862088979421,5.01847459738735,18.));
#2365=CARTESIAN_POINT('',(23.7059657679641,5.02219693275801,18.));
#2366=CARTESIAN_POINT('',(24.,5.02495617232523,17.7004840046977));
#2367=CARTESIAN_POINT('',(23.2842445606336,5.09140436088971,18.));
#2368=CARTESIAN_POINT('',(23.7058244590559,5.11039442684246,18.));
#2369=CARTESIAN_POINT('',(24.,5.12334924863107,17.6977797536241));
#2370=CARTESIAN_POINT('',(23.2796713890198,5.16510047761075,18.));
#2371=CARTESIAN_POINT('',(23.70553116616,5.19826975227158,18.));
#2372=CARTESIAN_POINT('',(24.,5.22227985733007,17.6914459739944));
#2373=CARTESIAN_POINT('',(23.2726308387506,5.23841443006056,18.));
#2374=CARTESIAN_POINT('',(23.7051546237516,5.28841937372427,18.));
#2375=CARTESIAN_POINT('',(24.,5.3198080450037,17.6815891457988));
#2376=CARTESIAN_POINT('',(23.2633980025213,5.31094512913457,18.));
#2377=CARTESIAN_POINT('',(23.7048529772543,5.37427350873941,18.));
#2378=CARTESIAN_POINT('',(24.,5.41504439549117,17.6684603824203));
#2379=CARTESIAN_POINT('',(23.2523895240878,5.38213688412085,18.));
#2380=CARTESIAN_POINT('',(23.7047635164185,5.45792962735474,18.));
#2381=CARTESIAN_POINT('',(24.,5.50701451688961,17.6525040013333));
#2382=CARTESIAN_POINT('',(23.239214112366,5.4559538384471,18.));
#2383=CARTESIAN_POINT('',(23.7050279990086,5.5416372367368,18.));
#2384=CARTESIAN_POINT('',(24.,5.60052495079602,17.6329660341736));
#2385=CARTESIAN_POINT('',(23.2223829112538,5.54010743263408,18.));
#2386=CARTESIAN_POINT('',(23.7059710092238,5.6348451629237,18.));
#2387=CARTESIAN_POINT('',(24.,5.70455701769869,17.6072974631828));
#2388=CARTESIAN_POINT('',(23.1989101289956,5.6466223566297,18.));
#2389=CARTESIAN_POINT('',(23.7084791244228,5.75237266991517,18.));
#2390=CARTESIAN_POINT('',(24.,5.83183755125661,17.5700948319351));
#2391=CARTESIAN_POINT('',(23.1657504713513,5.78598012932422,18.));
#2392=CARTESIAN_POINT('',(23.7151511717538,5.90974015359777,18.));
#2393=CARTESIAN_POINT('',(24.,5.98990426777836,17.5143333874035));
#2394=CARTESIAN_POINT('',(23.1230437199689,5.96028715352275,18.));
#2395=CARTESIAN_POINT('',(23.7319454528853,6.10578639253983,18.));
#2396=CARTESIAN_POINT('',(24.,6.17229719810825,17.4353572555965));
#2397=CARTESIAN_POINT('',(23.076638104989,6.16130632788143,18.));
#2398=CARTESIAN_POINT('',(23.7666370555018,6.31672700739797,18.));
#2399=CARTESIAN_POINT('',(24.,6.3600980165985,17.3357211797736));
#2400=CARTESIAN_POINT('',(23.0362423026243,6.37239925788966,18.));
#2401=CARTESIAN_POINT('',(23.8232705419549,6.51561297623286,18.));
#2402=CARTESIAN_POINT('',(24.,6.53167804042608,17.2263493402889));
#2403=CARTESIAN_POINT('',(23.0081160067339,6.58716399845773,18.));
#2404=CARTESIAN_POINT('',(23.8998674720209,6.68335716873692,18.));
#2405=CARTESIAN_POINT('',(24.,6.68195287427055,17.1145575762283));
#2406=CARTESIAN_POINT('',(23.0000075199373,6.73634760548258,18.));
#2407=CARTESIAN_POINT('',(23.9656344327107,6.77594165235604,18.));
#2408=CARTESIAN_POINT('',(24.,6.77131752732126,17.0385608710275));
#2409=CARTESIAN_POINT('',(23.0000000000246,6.81384950947865,18.));
#2410=CARTESIAN_POINT('',(24.0000068645709,6.81384328379603,18.));
#2411=CARTESIAN_POINT('',(24.,6.81384328383877,16.9999931354395));
#2412=FACE_BOUND('',#2413,.T.);
#2413=EDGE_LOOP('',(#3657,#3658,#3659,#3660));
#2414=CYLINDRICAL_SURFACE('',#2415,1.);
#2415=AXIS2_PLACEMENT_3D('',#2416,#2417,#2418);
#2416=CARTESIAN_POINT('',(23.,-4.,17.));
#2417=DIRECTION('',(1.86984930463184E-16,-1.,-1.86984930463184E-16));
#2418=DIRECTION('',(1.,1.86984930463184E-16,3.49633642203219E-32));
#2419=FACE_BOUND('',#2420,.T.);
#2420=EDGE_LOOP('',(#3661,#3662,#3663,#3664));
#2421=TOROIDAL_SURFACE('',#2422,9.,1.);
#2422=AXIS2_PLACEMENT_3D('',#2423,#2424,#2425);
#2423=CARTESIAN_POINT('',(23.,9.0264442348385E-48,-4.22503145705837E-15));
#2424=DIRECTION('',(-1.,0.,1.83697019872103E-16));
#2425=DIRECTION('',(1.79179925839235E-16,-0.220397743456123,0.975410085389448));
#2426=FACE_OUTER_BOUND('',#2427,.T.);
#2427=EDGE_LOOP('',(#3665));
#2428=FACE_OUTER_BOUND('',#2429,.T.);
#2429=EDGE_LOOP('',(#3666));
#2430=(BOUNDED_SURFACE()B_SPLINE_SURFACE(3,2,(
(#2431,#2432,#2433),
(#2434,#2435,#2436),
(#2437,#2438,#2439),
(#2440,#2441,#2442),
(#2443,#2444,#2445),
(#2446,#2447,#2448),
(#2449,#2450,#2451),
(#2452,#2453,#2454),
(#2455,#2456,#2457),
(#2458,#2459,#2460),
(#2461,#2462,#2463),
(#2464,#2465,#2466),
(#2467,#2468,#2469),
(#2470,#2471,#2472),
(#2473,#2474,#2475),
(#2476,#2477,#2478),
(#2479,#2480,#2481),
(#2482,#2483,#2484),
(#2485,#2486,#2487),
(#2488,#2489,#2490),
(#2491,#2492,#2493),
(#2494,#2495,#2496),
(#2497,#2498,#2499),
(#2500,#2501,#2502),
(#2503,#2504,#2505),
(#2506,#2507,#2508),
(#2509,#2510,#2511),
(#2512,#2513,#2514),
(#2515,#2516,#2517),
(#2518,#2519,#2520),
(#2521,#2522,#2523),
(#2524,#2525,#2526),
(#2527,#2528,#2529),
(#2530,#2531,#2532),
(#2533,#2534,#2535),
(#2536,#2537,#2538),
(#2539,#2540,#2541),
(#2542,#2543,#2544),
(#2545,#2546,#2547),
(#2548,#2549,#2550),
(#2551,#2552,#2553),
(#2554,#2555,#2556),
(#2557,#2558,#2559),
(#2560,#2561,#2562),
(#2563,#2564,#2565),
(#2566,#2567,#2568),
(#2569,#2570,#2571),
(#2572,#2573,#2574),
(#2575,#2576,#2577),
(#2578,#2579,#2580),
(#2581,#2582,#2583),
(#2584,#2585,#2586),
(#2587,#2588,#2589),
(#2590,#2591,#2592),
(#2593,#2594,#2595),
(#2596,#2597,#2598),
(#2599,#2600,#2601),
(#2602,#2603,#2604),
(#2605,#2606,#2607),
(#2608,#2609,#2610),
(#2611,#2612,#2613),
(#2614,#2615,#2616),
(#2617,#2618,#2619),
(#2620,#2621,#2622),
(#2623,#2624,#2625),
(#2626,#2627,#2628),
(#2629,#2630,#2631),
(#2632,#2633,#2634),
(#2635,#2636,#2637),
(#2638,#2639,#2640),
(#2641,#2642,#2643),
(#2644,#2645,#2646),
(#2647,#2648,#2649),
(#2650,#2651,#2652),
(#2653,#2654,#2655),
(#2656,#2657,#2658),
(#2659,#2660,#2661),
(#2662,#2663,#2664),
(#2665,#2666,#2667),
(#2668,#2669,#2670),
(#2671,#2672,#2673),
(#2674,#2675,#2676),
(#2677,#2678,#2679),
(#2680,#2681,#2682),
(#2683,#2684,#2685),
(#2686,#2687,#2688),
(#2689,#2690,#2691),
(#2692,#2693,#2694),
(#2695,#2696,#2697),
(#2698,#2699,#2700),
(#2701,#2702,#2703),
(#2704,#2705,#2706),
(#2707,#2708,#2709),
(#2710,#2711,#2712),
(#2713,#2714,#2715),
(#2716,#2717,#2718),
(#2719,#2720,#2721),
(#2722,#2723,#2724)),
.UNSPECIFIED.,.T.,.F.,.F.)B_SPLINE_SURFACE_WITH_KNOTS((4,1,1,1,1,1,1,1,1,1,1,1,1,
1,1,1,1,1,1,1,1,1,1,1,1,1,1,1,1,1,1,1,1,1,1,1,1,1,1,1,1,1,1,1,1,1,1,1,1,1,1,1,1,
1,1,1,1,1,1,1,1,1,1,1,1,1,1,1,1,1,1,1,1,1,1,1,1,1,1,1,1,1,1,1,1,1,1,1,1,1,1,1,1,
1,1,4),
(3,3),
(0.,1.17815213849352,1.71519925786003,2.25224637722654,2.80971974100824,3.41403353011568,
4.06781992280054,4.69288872290204,5.20366371691731,5.57866639082805,5.91242658286437,
6.22341663655841,6.53440669025245,6.86792531065207,7.21733703721786,7.59683361582229,
7.95790887545314,8.39243870470034,8.9284408471335,9.54111820082933,10.2736755827478,
11.108582625586,11.9735311677709,12.8368238202803,13.6113006216535,14.3724201825623,
14.9176543096374,15.2819094141891,15.5399023156807,15.7978952171724,16.0574310209308,
16.3735727763017,16.7004440633052,17.0323370987689,17.3643735589564,17.7373617611524,
18.1571794586833,18.6239586994534,19.1860146199185,19.8406987229926,20.537172269299,
21.2306506436881,21.8969613530704,22.4828247741577,22.9875983031773,23.651283491759,
24.3479989142005,25.0739312999663,25.7130960842968,26.4159880447545,27.2735030092231,
28.2638355714663,29.2852440071987,30.2542453204635,31.1232781396163,31.89845887902,
32.6980077711262,33.452191953644,34.172792307027,34.7627618579974,35.2866786507632,
35.7736753052505,36.2450051641209,36.6941806883294,37.0923187472975,37.4878450036582,
37.8500495402242,38.1743284272386,38.4872075935835,38.781681842443,39.0797440288355,
39.4038661650224,39.7540560117569,40.1401187563213,40.5556389038303,41.0005399637275,
41.4881288500315,42.0190828608079,42.6107119569905,43.2847703225573,43.9728733515674,
44.6690057233972,45.3212287044787,45.9770197017951,46.673292712896,47.433133314883,
48.3164647271477,49.2317007735416,50.0823560980236,50.808507481202,51.537279019597,
52.1845334691571,52.6786705841811,53.1242086713184,53.5381077883011,54.),
(0.,1.),
.UNSPECIFIED.)GEOMETRIC_REPRESENTATION_ITEM()RATIONAL_B_SPLINE_SURFACE((
(1.,0.707106781186548,1.),
(1.,0.698988167377503,1.),
(1.,0.687862068923206,1.),
(1.,0.675645329526071,1.),
(1.,0.667983995123171,1.),
(1.,0.661405377890125,1.),
(1.,0.656095580925463,1.),
(1.,0.652550002289555,1.),
(1.,0.650997794374366,1.),
(1.,0.650909659646839,1.),
(1.,0.65150318788404,1.),
(1.,0.652386798481423,1.),
(1.,0.653485118677765,1.),
(1.,0.654810346812435,1.),
(1.,0.656388044059973,1.),
(1.,0.658228664146353,1.),
(1.,0.660219309023121,1.),
(1.,0.662417149213972,1.),
(1.,0.664877574404748,1.),
(1.,0.667643551823216,1.),
(1.,0.670516810727225,1.),
(1.,0.673055828807077,1.),
(1.,0.674606563408473,1.),
(1.,0.674606428614486,1.),
(1.,0.67298454893716,1.),
(1.,0.670115127708067,1.),
(1.,0.66678930583253,1.),
(1.,0.663766582051111,1.),
(1.,0.66159306729638,1.),
(1.,0.659953215470634,1.),
(1.,0.658540166052049,1.),
(1.,0.657068234427403,1.),
(1.,0.655566089640403,1.),
(1.,0.654114070370332,1.),
(1.,0.6528522621075,1.),
(1.,0.651817832109514,1.),
(1.,0.651096138398293,1.),
(1.,0.650869343330905,1.),
(1.,0.651468301289414,1.),
(1.,0.653458134053552,1.),
(1.,0.657598552902689,1.),
(1.,0.664307126326146,1.),
(1.,0.673325039689331,1.),
(1.,0.683722760149398,1.),
(1.,0.694408764877434,1.),
(1.,0.706057541161636,1.),
(1.,0.719271282410187,1.),
(1.,0.734877569838345,1.),
(1.,0.750847078627403,1.),
(1.,0.767074027185616,1.),
(1.,0.784417113368256,1.),
(1.,0.804350337686699,1.),
(1.,0.826241202159049,1.),
(1.,0.848102630196334,1.),
(1.,0.868029913928301,1.),
(1.,0.885245678313855,1.),
(1.,0.900451424151226,1.),
(1.,0.914073166081229,1.),
(1.,0.926488117053749,1.),
(1.,0.936952095082739,1.),
(1.,0.945554938247631,1.),
(1.,0.952507064492856,1.),
(1.,0.958439896889569,1.),
(1.,0.963548976793826,1.),
(1.,0.967810300087391,1.),
(1.,0.971277543595438,1.),
(1.,0.973933126812708,1.),
(1.,0.975799513093234,1.),
(1.,0.976904601875723,1.),
(1.,0.977328646659053,1.),
(1.,0.977147263963629,1.),
(1.,0.976391394980755,1.),
(1.,0.975007494803317,1.),
(1.,0.972903226921524,1.),
(1.,0.970027017932643,1.),
(1.,0.966334519787697,1.),
(1.,0.961780300663896,1.),
(1.,0.956266546375434,1.),
(1.,0.949600642189634,1.),
(1.,0.94150804009301,1.),
(1.,0.931963866685177,1.),
(1.,0.921147816519064,1.),
(1.,0.909703362837104,1.),
(1.,0.89778061204998,1.),
(1.,0.885241373442744,1.),
(1.,0.871395990099179,1.),
(1.,0.85534044246099,1.),
(1.,0.836975729181358,1.),
(1.,0.817129893991213,1.),
(1.,0.797939221875667,1.),
(1.,0.779888273517769,1.),
(1.,0.763305388386173,1.),
(1.,0.748661791835014,1.),
(1.,0.736403824619847,1.),
(1.,0.726143733660267,1.),
(1.,0.716435814334788,1.),
(1.,0.710284682118206,1.),
(1.,0.707106781186548,1.)))REPRESENTATION_ITEM('')SURFACE());
#2431=CARTESIAN_POINT('',(19.1,4.,6.92820323027551));
#2432=CARTESIAN_POINT('',(17.1,4.,6.92820323027551));
#2433=CARTESIAN_POINT('',(17.1,5.,8.66025403784438));
#2434=CARTESIAN_POINT('',(19.1000595024122,3.85085792678305,7.01435442204048));
#2435=CARTESIAN_POINT('',(17.0535558961593,3.91719202446345,6.9759968954623));
#2436=CARTESIAN_POINT('',(17.100030478673,4.90450697064687,8.7679494856653));
#2437=CARTESIAN_POINT('',(19.0810723516444,3.62300320823757,7.13623994048036));
#2438=CARTESIAN_POINT('',(16.9768468357947,3.80855958466937,7.03794453470795));
#2439=CARTESIAN_POINT('',(17.0903053508423,4.75863010283503,8.92029992560045));
#2440=CARTESIAN_POINT('',(19.013390552884,3.31655143392712,7.28152233636045));
#2441=CARTESIAN_POINT('',(16.8686914339759,3.69190199867158,7.10895001213526));
#2442=CARTESIAN_POINT('',(17.0556390636723,4.56242622294114,9.10190292045057));
#2443=CARTESIAN_POINT('',(18.9424859514242,3.089112127684,7.38092176163298));
#2444=CARTESIAN_POINT('',(16.7875422271468,3.61750859822515,7.15774683187995));
#2445=CARTESIAN_POINT('',(17.0193220726807,4.41680959394403,9.22615220204121));
#2446=CARTESIAN_POINT('',(18.8455039573454,2.85271725351152,7.475582226069));
#2447=CARTESIAN_POINT('',(16.702061365509,3.55014921940916,7.20687428704644));
#2448=CARTESIAN_POINT('',(16.9696483683964,4.26545921718725,9.34447778258625));
#2449=CARTESIAN_POINT('',(18.7171961139614,2.6069532558424,7.56486479835762));
#2450=CARTESIAN_POINT('',(16.6113512474681,3.48771990993104,7.25876541398545));
#2451=CARTESIAN_POINT('',(16.9039297169071,4.10811031624056,9.45608099794702));
#2452=CARTESIAN_POINT('',(18.5581471774169,2.36239833426812,7.64463375084243));
#2453=CARTESIAN_POINT('',(16.5186484754091,3.43022897560637,7.31324500630726));
#2454=CARTESIAN_POINT('',(16.8224656274575,3.95153551889117,9.55579218855304));
#2455=CARTESIAN_POINT('',(18.3812251436797,2.139120577856,7.70971140941797));
#2456=CARTESIAN_POINT('',(16.4309774667168,3.37872222239275,7.36635958772473));
#2457=CARTESIAN_POINT('',(16.7318470248115,3.80858329679805,9.63713926177246));
#2458=CARTESIAN_POINT('',(18.2079344348996,1.95375789953488,7.75837404842063));
#2459=CARTESIAN_POINT('',(16.3562488725827,3.33556479999486,7.41174416420966));
#2460=CARTESIAN_POINT('',(16.6430883690949,3.68990597226319,9.69796756052579));
#2461=CARTESIAN_POINT('',(18.0508595049038,1.8064743611709,7.79374675960575));
#2462=CARTESIAN_POINT('',(16.2941068328288,3.29996792551436,7.4485915379038));
#2463=CARTESIAN_POINT('',(16.5626353561702,3.595608584896,9.74218344950719));
#2464=CARTESIAN_POINT('',(17.908637924034,1.68663664286725,7.82044297034194));
#2465=CARTESIAN_POINT('',(16.2406413639586,3.26964646070708,7.47915864437923));
#2466=CARTESIAN_POINT('',(16.4897901562125,3.51888321646989,9.77555371292742));
#2467=CARTESIAN_POINT('',(17.772930119854,1.58244363601828,7.84214958673924));
#2468=CARTESIAN_POINT('',(16.189293422941,3.24095718865085,7.50717493102639));
#2469=CARTESIAN_POINT('',(16.4202812809008,3.45217427915805,9.80268698342405));
#2470=CARTESIAN_POINT('',(17.6321692406039,1.483673970788,7.86142279688798));
#2471=CARTESIAN_POINT('',(16.1358850959224,3.21175063968714,7.53470774138884));
#2472=CARTESIAN_POINT('',(16.3481842451874,3.38893760324842,9.82677849610998));
#2473=CARTESIAN_POINT('',(17.4800090000338,1.3864620399822,7.87914495551837));
#2474=CARTESIAN_POINT('',(16.0778132835837,3.18096571313576,7.56259366922933));
#2475=CARTESIAN_POINT('',(16.2702485122124,3.32669825730567,9.84893119439796));
#2476=CARTESIAN_POINT('',(17.3158034116021,1.29162980283018,7.89523223137038));
#2477=CARTESIAN_POINT('',(16.013065722586,3.14811023288487,7.5910806826019));
#2478=CARTESIAN_POINT('',(16.1861432108206,3.26598249571444,9.86904028921297));
#2479=CARTESIAN_POINT('',(17.1368553256354,1.19889501518201,7.90983417385078));
#2480=CARTESIAN_POINT('',(15.9435089432731,3.1148291895782,7.61862859723408));
#2481=CARTESIAN_POINT('',(16.0944868741059,3.20660961337873,9.88729271731348));
#2482=CARTESIAN_POINT('',(16.9368690743028,1.1069322382758,7.92322844214944));
#2483=CARTESIAN_POINT('',(15.864510636406,3.07973443293542,7.64638431285455));
#2484=CARTESIAN_POINT('',(15.9920548917161,3.14773100621316,9.90403555268681));
#2485=CARTESIAN_POINT('',(16.703370726802,1.01369083191381,7.93570405621995));
#2486=CARTESIAN_POINT('',(15.7706153258988,3.04180611314193,7.6750142389819));
#2487=CARTESIAN_POINT('',(15.8724581771425,3.08803376433506,9.91963007027494));
#2488=CARTESIAN_POINT('',(16.4216029638514,0.919689764417198,7.94714374437544));
#2489=CARTESIAN_POINT('',(15.6524551850911,3.00034850076178,7.70472363746188));
#2490=CARTESIAN_POINT('',(15.7281381034361,3.0278501540476,9.9339296804693));
#2491=CARTESIAN_POINT('',(16.0812181043304,0.831090489599953,7.95685766893926));
#2492=CARTESIAN_POINT('',(15.50380329551,2.95814091552064,7.73341625129434));
#2493=CARTESIAN_POINT('',(15.5537946388033,2.97112500858533,9.94607208617408));
#2494=CARTESIAN_POINT('',(15.680671016438,0.759233241660041,7.96396234517083));
#2495=CARTESIAN_POINT('',(15.3222078904475,2.92132882557472,7.75724110950027));
#2496=CARTESIAN_POINT('',(15.3486363742731,2.92511884374576,9.95495293146354));
#2497=CARTESIAN_POINT('',(15.231258981046,0.717976805814068,7.96772042190559));
#2498=CARTESIAN_POINT('',(15.1114539526212,2.89899904496686,7.77116236557623));
#2499=CARTESIAN_POINT('',(15.1184497219992,2.89870466225901,9.95965052738199));
#2500=CARTESIAN_POINT('',(14.7589044876898,0.718231610586924,7.96769764020621));
#2501=CARTESIAN_POINT('',(14.8860272434793,2.89900127371988,7.77116031134195));
#2502=CARTESIAN_POINT('',(14.8765120546704,2.89886779946114,9.95962205025777));
#2503=CARTESIAN_POINT('',(14.2916514158677,0.762220404601254,7.96368898731406));
#2504=CARTESIAN_POINT('',(14.6692903352492,2.92235684831121,7.75660212199789));
#2505=CARTESIAN_POINT('',(14.6371873105664,2.92703135660446,9.95461123414257));
#2506=CARTESIAN_POINT('',(13.861603556675,0.842843486296442,7.95567071386168));
#2507=CARTESIAN_POINT('',(14.4699906829257,2.96399429922312,7.72959598318284));
#2508=CARTESIAN_POINT('',(14.4169188948823,2.97864979305565,9.94458839232711));
#2509=CARTESIAN_POINT('',(13.4929392574309,0.945108444265372,7.94422414236392));
#2510=CARTESIAN_POINT('',(14.3076886973009,3.0129960034476,7.69595718319496));
#2511=CARTESIAN_POINT('',(14.2280908391719,3.04412430882844,9.9302801779549));
#2512=CARTESIAN_POINT('',(13.2063200389713,1.04784697522975,7.93128240375923));
#2513=CARTESIAN_POINT('',(14.1859901892321,3.05876957091908,7.66240166715095));
#2514=CARTESIAN_POINT('',(14.0812858736195,3.10990202682392,9.91410300469904));
#2515=CARTESIAN_POINT('',(12.9966687606015,1.13675169934386,7.91895646120641));
#2516=CARTESIAN_POINT('',(14.1057122059613,3.09278900740069,7.6361401300332));
#2517=CARTESIAN_POINT('',(13.9739035115276,3.16682273433601,9.89869557650802));
#2518=CARTESIAN_POINT('',(12.8407680216045,1.21074279637865,7.90794852142227));
#2519=CARTESIAN_POINT('',(14.0473206372772,3.11929868742474,7.61489482510051));
#2520=CARTESIAN_POINT('',(13.8940519135047,3.2141950830473,9.88493565177784));
#2521=CARTESIAN_POINT('',(12.7069510809604,1.28001076511956,7.89703767971194));
#2522=CARTESIAN_POINT('',(13.9978095981074,3.142934992238,7.59533804091958));
#2523=CARTESIAN_POINT('',(13.8255115292724,3.25854347766801,9.87129709963993));
#2524=CARTESIAN_POINT('',(12.5746810188783,1.35427940972676,7.8846741509826));
#2525=CARTESIAN_POINT('',(13.9462183569893,3.16865840110649,7.57334824145894));
#2526=CARTESIAN_POINT('',(13.7577634486937,3.30609352452018,9.85584268872825));
#2527=CARTESIAN_POINT('',(12.4356926439925,1.43933860904858,7.86963313353361));
#2528=CARTESIAN_POINT('',(13.8923657484878,3.19664380665203,7.5485253784881));
#2529=CARTESIAN_POINT('',(13.6865742810693,3.36055215823232,9.83704141691702));
#2530=CARTESIAN_POINT('',(12.2944664798265,1.53396736903749,7.8517769072247));
#2531=CARTESIAN_POINT('',(13.8369086068102,3.22652299459957,7.52092656047146));
#2532=CARTESIAN_POINT('',(13.6142389286916,3.42113764481059,9.81472113403088));
#2533=CARTESIAN_POINT('',(12.1519076026217,1.63881129342498,7.83060925810921));
#2534=CARTESIAN_POINT('',(13.782534579716,3.25662471727966,7.49201024991045));
#2535=CARTESIAN_POINT('',(13.5412209671965,3.48826332810746,9.78826157263651));
#2536=CARTESIAN_POINT('',(12.0085724339579,1.75486670512173,7.80548819865999));
#2537=CARTESIAN_POINT('',(13.7274356572503,3.28770239335169,7.4610773916106));
#2538=CARTESIAN_POINT('',(13.4678053930028,3.56256709779135,9.75686024832498));
#2539=CARTESIAN_POINT('',(11.8620290535896,1.88630936116773,7.77488177980691));
#2540=CARTESIAN_POINT('',(13.6697465996838,3.32064051651163,7.42728645059885));
#2541=CARTESIAN_POINT('',(13.3927465884239,3.64672245684519,9.71860222475864));
#2542=CARTESIAN_POINT('',(11.708681374294,2.04042634771647,7.73605663764784));
#2543=CARTESIAN_POINT('',(13.6067615372401,3.35689409358126,7.38932834440523));
#2544=CARTESIAN_POINT('',(13.3142026551262,3.7453949177453,9.6700707970598));
#2545=CARTESIAN_POINT('',(11.5481112270767,2.22472229046285,7.68538789735648));
#2546=CARTESIAN_POINT('',(13.5354975437932,3.39831176796816,7.34597610774629));
#2547=CARTESIAN_POINT('',(13.2319594089905,3.86338927133292,9.6067348716956));
#2548=CARTESIAN_POINT('',(11.3848762103208,2.44473660300251,7.61867773942374));
#2549=CARTESIAN_POINT('',(13.4530712280044,3.44739346782732,7.29645194144062));
#2550=CARTESIAN_POINT('',(13.1483512296765,4.00425209338575,9.52334717427968));
#2551=CARTESIAN_POINT('',(11.2307800585581,2.69820246749492,7.53306093899998));
#2552=CARTESIAN_POINT('',(13.3585990141768,3.50735369948087,7.24142979931801));
#2553=CARTESIAN_POINT('',(13.0694239324322,4.16653206760345,9.41632617374997));
#2554=CARTESIAN_POINT('',(11.1001872689888,2.97317877029405,7.4290680124176));
#2555=CARTESIAN_POINT('',(13.2562126429889,3.58098573446544,7.18312443210845));
#2556=CARTESIAN_POINT('',(13.0025349426528,4.34258396878583,9.286335015522));
#2557=CARTESIAN_POINT('',(11.0032343765397,3.25073064940177,7.31183213919078));
#2558=CARTESIAN_POINT('',(13.1531036244346,3.66951380496332,7.12277387240567));
#2559=CARTESIAN_POINT('',(12.9528761440813,4.52028486699503,9.13979017398847));
#2560=CARTESIAN_POINT('',(10.9415202967678,3.51217230112235,7.18960386306875));
#2561=CARTESIAN_POINT('',(13.0583780764918,3.76919668138009,7.06167626345628));
#2562=CARTESIAN_POINT('',(12.9212664934665,4.68767129035272,8.98700482883594));
#2563=CARTESIAN_POINT('',(10.9080189403783,3.75488797443036,7.06568065266835));
#2564=CARTESIAN_POINT('',(12.9779891018568,3.87295287733583,7.00128688192116));
#2565=CARTESIAN_POINT('',(12.904107262145,4.84306852021456,8.83210081583543));
#2566=CARTESIAN_POINT('',(10.8965814373204,3.98898745863556,6.93628260767734));
#2567=CARTESIAN_POINT('',(12.9041417280642,3.98824947804664,6.93507770730202));
#2568=CARTESIAN_POINT('',(12.8982490288714,4.99294928754106,8.67035325959667));
#2569=CARTESIAN_POINT('',(10.9061646237229,4.22895098785121,6.79291482892497));
#2570=CARTESIAN_POINT('',(12.8351503844628,4.12223157737771,6.85751394606489));
#2571=CARTESIAN_POINT('',(12.9031574901995,5.14658447392912,8.4911435361562));
#2572=CARTESIAN_POINT('',(10.9387751432549,4.47246938079743,6.63524895850915));
#2573=CARTESIAN_POINT('',(12.7721416018918,4.28550808759636,6.75977427142792));
#2574=CARTESIAN_POINT('',(12.9198604392281,5.3024956401447,8.29406119813644));
#2575=CARTESIAN_POINT('',(10.9943666899757,4.71320750705643,6.46634390463843));
#2576=CARTESIAN_POINT('',(12.7263757127469,4.45758120995685,6.65135217625035));
#2577=CARTESIAN_POINT('',(12.9483341582803,5.45662675756661,8.08292988079804));
#2578=CARTESIAN_POINT('',(11.0704671771161,4.94614898185654,6.28999893462331));
#2579=CARTESIAN_POINT('',(12.6974591076632,4.63637071534554,6.53193372393098));
#2580=CARTESIAN_POINT('',(12.9873124565717,5.60576611643254,7.86249866827914));
#2581=CARTESIAN_POINT('',(11.1720889313252,5.18448520739464,6.09547356292907));
#2582=CARTESIAN_POINT('',(12.6845037433333,4.83050049407978,6.39416451991385));
#2583=CARTESIAN_POINT('',(13.0393626233617,5.75835943156364,7.61934195366134));
#2584=CARTESIAN_POINT('',(11.3072195442965,5.434682945642,5.87412572638728));
#2585=CARTESIAN_POINT('',(12.6931541933805,5.05733451933096,6.22103489146786));
#2586=CARTESIAN_POINT('',(13.1085758641519,5.91854700788055,7.34265715798409));
#2587=CARTESIAN_POINT('',(11.4802406906063,5.69104148111535,5.62642918939469));
#2588=CARTESIAN_POINT('',(12.7332381456319,5.31054735696611,6.01014735334085));
#2589=CARTESIAN_POINT('',(13.1971964512862,6.08267899705556,7.03303648674336));
#2590=CARTESIAN_POINT('',(11.6836597607328,5.93599920988647,5.36705317200733));
#2591=CARTESIAN_POINT('',(12.8073471472917,5.56669841785831,5.77560232792548));
#2592=CARTESIAN_POINT('',(13.3013867067168,6.23951168925658,6.70881646500917));
#2593=CARTESIAN_POINT('',(11.9023208119334,6.15440441907274,5.11440047251379));
#2594=CARTESIAN_POINT('',(12.9072285893744,5.80208029791055,5.5391916401119));
#2595=CARTESIAN_POINT('',(13.4133838305025,6.37934429269901,6.39300059064223));
#2596=CARTESIAN_POINT('',(12.1248155760207,6.34268025864124,4.87825483562559));
#2597=CARTESIAN_POINT('',(13.0213785385231,6.00628387557158,5.31613233916475));
#2598=CARTESIAN_POINT('',(13.5273445633277,6.49988675095933,6.09781854453199));
#2599=CARTESIAN_POINT('',(12.3476876188928,6.50487115619937,4.65930292171277));
#2600=CARTESIAN_POINT('',(13.1464895543686,6.18685924350073,5.1037343277257));
#2601=CARTESIAN_POINT('',(13.6414985365061,6.60372848415204,5.82412865214097));
#2602=CARTESIAN_POINT('',(12.5745029585622,6.64772966441231,4.45276738921653));
#2603=CARTESIAN_POINT('',(13.2822839771535,6.34879221410446,4.89944487880017));
#2604=CARTESIAN_POINT('',(13.7576722470684,6.6951927729469,5.56595923652067));
#2605=CARTESIAN_POINT('',(12.8029622521646,6.77217669657593,4.26070181390533));
#2606=CARTESIAN_POINT('',(13.4311755226435,6.49651325617873,4.69993412123008));
#2607=CARTESIAN_POINT('',(13.874687982816,6.7748692264663,5.32587726738167));
#2608=CARTESIAN_POINT('',(13.0280716861712,6.87804922062389,4.08708339033218));
#2609=CARTESIAN_POINT('',(13.5811543811128,6.62109042147692,4.52059429003759));
#2610=CARTESIAN_POINT('',(13.9899879368194,6.84265346442383,5.10885423791522));
#2611=CARTESIAN_POINT('',(13.2409051760312,6.96462449607492,3.93729802366456));
#2612=CARTESIAN_POINT('',(13.7269359084591,6.7234890631788,4.36477851227792));
#2613=CARTESIAN_POINT('',(14.0990002121135,6.89808275663333,4.9216225295807));
#2614=CARTESIAN_POINT('',(13.442428088133,7.03566169476104,3.80860728885548));
#2615=CARTESIAN_POINT('',(13.8643088870351,6.80617226165281,4.23304423664152));
#2616=CARTESIAN_POINT('',(14.2022192646535,6.94356388993847,4.76075911106936));
#2617=CARTESIAN_POINT('',(13.6374979675237,7.09504261289924,3.69662217925394));
#2618=CARTESIAN_POINT('',(14.0012569570437,6.87669464843082,4.11603936957925));
#2619=CARTESIAN_POINT('',(14.302133105317,6.98158216069768,4.62077772406742));
#2620=CARTESIAN_POINT('',(13.8310380164873,7.14525055926054,3.59845696587803));
#2621=CARTESIAN_POINT('',(14.1407885396325,6.93740346103365,4.01154249702733));
#2622=CARTESIAN_POINT('',(14.4012633742984,7.01372749220949,4.49807120734754));
#2623=CARTESIAN_POINT('',(14.0253845786383,7.18731906929136,3.51353540029847));
#2624=CARTESIAN_POINT('',(14.2816978487513,6.98802931394735,3.92146628188649));
#2625=CARTESIAN_POINT('',(14.5008067354001,7.04066159924142,4.39191925037309));
#2626=CARTESIAN_POINT('',(14.2190650322253,7.22123858172951,3.44315526235281));
#2627=CARTESIAN_POINT('',(14.4242035516883,7.02920546027452,3.84614833641309));
#2628=CARTESIAN_POINT('',(14.6000089189447,7.06237836025365,4.30394407794102));
#2629=CARTESIAN_POINT('',(14.4118729155364,7.24730974922202,3.38783128175374));
#2630=CARTESIAN_POINT('',(14.5659928648088,7.06073501661097,3.78713983906165));
#2631=CARTESIAN_POINT('',(14.6987641762504,7.07907026627019,4.23478910219218));
#2632=CARTESIAN_POINT('',(14.6014525015999,7.26562591088343,3.34829314962931));
#2633=CARTESIAN_POINT('',(14.707136600014,7.08289143304192,3.74493839606571));
#2634=CARTESIAN_POINT('',(14.7958659154536,7.09079707709,4.18536643703664));
#2635=CARTESIAN_POINT('',(14.7857745717903,7.27657905615544,3.32437819159804));
#2636=CARTESIAN_POINT('',(14.843608773277,7.09600737350547,3.71967344874727));
#2637=CARTESIAN_POINT('',(14.8902747806731,7.09780976156293,4.15547273949755));
#2638=CARTESIAN_POINT('',(14.9637700593175,7.28085528898748,3.3149868499514));
#2639=CARTESIAN_POINT('',(14.9742516380944,7.101039713528,3.70992232192795));
#2640=CARTESIAN_POINT('',(14.9814432011138,7.10054759355906,4.14373356243925));
#2641=CARTESIAN_POINT('',(15.1373176953773,7.2791164153571,3.31880927185887));
#2642=CARTESIAN_POINT('',(15.1017317519154,7.09888726779988,3.71409644584061));
#2643=CARTESIAN_POINT('',(15.0703334537298,7.0994342903201,4.14851158982358));
#2644=CARTESIAN_POINT('',(15.3105850869399,7.27156001929398,3.3353581229166));
#2645=CARTESIAN_POINT('',(15.2286485720929,7.08991710472831,3.73142728733019));
#2646=CARTESIAN_POINT('',(15.1590801664814,7.09459635381627,4.16919765364575));
#2647=CARTESIAN_POINT('',(15.4874096917132,7.257804868623,3.36523448675493));
#2648=CARTESIAN_POINT('',(15.3586424512799,7.0734912830003,3.762904962658));
#2649=CARTESIAN_POINT('',(15.2496488664872,7.08578970247204,4.20654310844366));
#2650=CARTESIAN_POINT('',(15.669526556802,7.23712770177006,3.40955445022093));
#2651=CARTESIAN_POINT('',(15.4934245278149,7.0485105203757,3.81014116199391));
#2652=CARTESIAN_POINT('',(15.3429282364108,7.07255127247473,4.26194306277617));
#2653=CARTESIAN_POINT('',(15.8564452014346,7.20888104650164,3.46898570201208));
#2654=CARTESIAN_POINT('',(15.6310470041609,7.01435733770161,3.87352021392413));
#2655=CARTESIAN_POINT('',(15.4386670543933,7.05446652367483,4.3362321275151));
#2656=CARTESIAN_POINT('',(16.0470983218523,7.17255706104998,3.54361480066705));
#2657=CARTESIAN_POINT('',(15.7702323470909,6.97050049291619,3.95295131076716));
#2658=CARTESIAN_POINT('',(15.536318652656,7.03121031347712,4.42951850083381));
#2659=CARTESIAN_POINT('',(16.2411600121882,7.12753697050173,3.63348173860117));
#2660=CARTESIAN_POINT('',(15.9103774251283,6.91639008789813,4.048123736783));
#2661=CARTESIAN_POINT('',(15.6357161038037,7.00238647501635,4.54185217325146));
#2662=CARTESIAN_POINT('',(16.4401554854575,7.07260261745026,3.73949664739124));
#2663=CARTESIAN_POINT('',(16.0518611987096,6.85085217777774,4.15950480281752));
#2664=CARTESIAN_POINT('',(15.7376406145026,6.96721509044071,4.67437080923905));
#2665=CARTESIAN_POINT('',(16.6465224270218,7.00575618010028,3.86356004694184));
#2666=CARTESIAN_POINT('',(16.1962332278269,6.77158463823852,4.28896780392921));
#2667=CARTESIAN_POINT('',(15.8433407553039,6.92441706652762,4.82945005867731));
#2668=CARTESIAN_POINT('',(16.8602842952987,6.92511792191959,4.00663920113668));
#2669=CARTESIAN_POINT('',(16.3449716695258,6.67529669803967,4.43922116947308));
#2670=CARTESIAN_POINT('',(15.9528285414944,6.87278891342413,5.00829900142085));
#2671=CARTESIAN_POINT('',(17.0785754214757,6.82968280962675,4.16755226951757));
#2672=CARTESIAN_POINT('',(16.4932861004279,6.5617256369176,4.60729605719183));
#2673=CARTESIAN_POINT('',(16.0646361914876,6.81168716470005,5.20944033689696));
#2674=CARTESIAN_POINT('',(17.292620967702,6.72182441229432,4.33956342266235));
#2675=CARTESIAN_POINT('',(16.6353516570808,6.43307015335931,4.78689219638039));
#2676=CARTESIAN_POINT('',(16.1742692761401,6.74263148348112,5.42445427832794));
#2677=CARTESIAN_POINT('',(17.4967657060968,6.6042148977472,4.51660395490564));
#2678=CARTESIAN_POINT('',(16.7627895723896,6.29703274200132,4.96568482027679));
#2679=CARTESIAN_POINT('',(16.2788312153179,6.66733270892351,5.64575494363205));
#2680=CARTESIAN_POINT('',(17.6882588724651,6.47913876121568,4.69433663616527));
#2681=CARTESIAN_POINT('',(16.8758271095186,6.1554348533469,5.14103623547833));
#2682=CARTESIAN_POINT('',(16.3769130810187,6.58725347516857,5.86792079520658));
#2683=CARTESIAN_POINT('',(17.8718918659916,6.34379449270488,4.87587239249474));
#2684=CARTESIAN_POINT('',(16.9770579167427,6.0066129995265,5.31490841389654));
#2685=CARTESIAN_POINT('',(16.4709690045323,6.50060013252447,6.09484049061842));
#2686=CARTESIAN_POINT('',(18.0546778503643,6.19146595668879,5.06831570095247));
#2687=CARTESIAN_POINT('',(17.0706346323557,5.84251979733192,5.49531283610124));
#2688=CARTESIAN_POINT('',(16.564591094089,6.4030727161727,6.33539462619059));
#2689=CARTESIAN_POINT('',(18.2404403700599,6.01442022316045,5.27779125730934));
#2690=CARTESIAN_POINT('',(17.1582988703747,5.65265813824565,5.69066784117187));
#2691=CARTESIAN_POINT('',(16.6597377505185,6.28972026482834,6.59723907163668));
#2692=CARTESIAN_POINT('',(18.424851483584,5.80960375692078,5.50297209485335));
#2693=CARTESIAN_POINT('',(17.233422464394,5.4365519162004,5.89679812607823));
#2694=CARTESIAN_POINT('',(16.7541922232991,6.15858777119928,6.87871511856669));
#2695=CARTESIAN_POINT('',(18.5952595604415,5.58416824539342,5.73172203858541));
#2696=CARTESIAN_POINT('',(17.2862959861523,5.20525821691726,6.09958471109211));
#2697=CARTESIAN_POINT('',(16.8414744090066,6.01425405955066,7.16465254823177));
#2698=CARTESIAN_POINT('',(18.7407870222276,5.35068221853224,5.95003724195292));
#2699=CARTESIAN_POINT('',(17.3114805636376,4.984507324129,6.27763074050523));
#2700=CARTESIAN_POINT('',(16.9160128650434,5.86476605454808,7.43754655244115));
#2701=CARTESIAN_POINT('',(18.8574630148623,5.12016447100244,6.14924572997183));
#2702=CARTESIAN_POINT('',(17.3137542565436,4.77962782566384,6.43107201855983));
#2703=CARTESIAN_POINT('',(16.9757737393197,5.71717847228815,7.68655716246479));
#2704=CARTESIAN_POINT('',(18.9467802581163,4.89775879470102,6.32747635887602));
#2705=CARTESIAN_POINT('',(17.2974864211544,4.59444293210348,6.56064478745218));
#2706=CARTESIAN_POINT('',(17.0215215956206,5.57478459416833,7.90934544859502));
#2707=CARTESIAN_POINT('',(19.0105822487019,4.69117622221429,6.4817143533087));
#2708=CARTESIAN_POINT('',(17.2675805057536,4.43437641052078,6.66597322258243));
#2709=CARTESIAN_POINT('',(17.0542006639692,5.44252136178354,8.10214294163588));
#2710=CARTESIAN_POINT('',(19.0531902502355,4.50464670808302,6.61233904362356));
#2711=CARTESIAN_POINT('',(17.2314654600851,4.30292053717453,6.74854619176112));
#2712=CARTESIAN_POINT('',(17.0760242745109,5.32309697773607,8.26542380452945));
#2713=CARTESIAN_POINT('',(19.0802494429632,4.33490292226454,6.72464742298684));
#2714=CARTESIAN_POINT('',(17.1932699165611,4.19473865972291,6.81420645981113));
#2715=CARTESIAN_POINT('',(17.0898838610299,5.21441955388888,8.40580927873356));
#2716=CARTESIAN_POINT('',(19.0962475364317,4.16978360587433,6.82828226644464));
#2717=CARTESIAN_POINT('',(17.1499697285161,4.09412030187074,6.87370394025416));
#2718=CARTESIAN_POINT('',(17.0980780064651,5.10870291839516,8.53535283305581));
#2719=CARTESIAN_POINT('',(19.0999766721972,4.05847085431905,6.8944278262299));
#2720=CARTESIAN_POINT('',(17.1179187300179,4.03194837738845,6.90976382220797));
#2721=CARTESIAN_POINT('',(17.0999880508966,5.03743785296366,8.6180322508963));
#2722=CARTESIAN_POINT('',(19.1,4.,6.92820323027551));
#2723=CARTESIAN_POINT('',(17.1,4.,6.92820323027551));
#2724=CARTESIAN_POINT('',(17.1,5.,8.66025403784438));
#2725=ORIENTED_EDGE('',*,*,#3667,.T.);
#2726=ORIENTED_EDGE('',*,*,#3668,.T.);
#2727=ORIENTED_EDGE('',*,*,#3669,.T.);
#2728=ORIENTED_EDGE('',*,*,#3670,.T.);
#2729=ORIENTED_EDGE('',*,*,#3671,.F.);
#2730=ORIENTED_EDGE('',*,*,#3672,.F.);
#2731=ORIENTED_EDGE('',*,*,#3672,.T.);
#2732=ORIENTED_EDGE('',*,*,#3673,.T.);
#2733=ORIENTED_EDGE('',*,*,#3674,.F.);
#2734=ORIENTED_EDGE('',*,*,#3675,.F.);
#2735=ORIENTED_EDGE('',*,*,#3671,.T.);
#2736=ORIENTED_EDGE('',*,*,#3675,.T.);
#2737=ORIENTED_EDGE('',*,*,#3676,.F.);
#2738=ORIENTED_EDGE('',*,*,#3673,.F.);
#2739=ORIENTED_EDGE('',*,*,#3677,.T.);
#2740=ORIENTED_EDGE('',*,*,#3678,.F.);
#2741=ORIENTED_EDGE('',*,*,#3679,.T.);
#2742=ORIENTED_EDGE('',*,*,#3680,.T.);
#2743=ORIENTED_EDGE('',*,*,#3681,.T.);
#2744=ORIENTED_EDGE('',*,*,#3682,.T.);
#2745=ORIENTED_EDGE('',*,*,#3667,.F.);
#2746=ORIENTED_EDGE('',*,*,#3683,.F.);
#2747=ORIENTED_EDGE('',*,*,#3684,.T.);
#2748=ORIENTED_EDGE('',*,*,#3685,.T.);
#2749=ORIENTED_EDGE('',*,*,#3686,.T.);
#2750=ORIENTED_EDGE('',*,*,#3668,.F.);
#2751=ORIENTED_EDGE('',*,*,#3682,.F.);
#2752=ORIENTED_EDGE('',*,*,#3687,.T.);
#2753=ORIENTED_EDGE('',*,*,#3688,.F.);
#2754=ORIENTED_EDGE('',*,*,#3689,.T.);
#2755=ORIENTED_EDGE('',*,*,#3690,.T.);
#2756=ORIENTED_EDGE('',*,*,#3691,.T.);
#2757=ORIENTED_EDGE('',*,*,#3692,.T.);
#2758=ORIENTED_EDGE('',*,*,#3669,.F.);
#2759=ORIENTED_EDGE('',*,*,#3686,.F.);
#2760=ORIENTED_EDGE('',*,*,#3693,.T.);
#2761=ORIENTED_EDGE('',*,*,#3694,.T.);
#2762=ORIENTED_EDGE('',*,*,#3683,.T.);
#2763=ORIENTED_EDGE('',*,*,#3670,.F.);
#2764=ORIENTED_EDGE('',*,*,#3692,.F.);
#2765=ORIENTED_EDGE('',*,*,#3674,.T.);
#2766=ORIENTED_EDGE('',*,*,#3676,.T.);
#2767=ORIENTED_EDGE('',*,*,#3695,.F.);
#2768=ORIENTED_EDGE('',*,*,#3677,.F.);
#2769=ORIENTED_EDGE('',*,*,#3694,.F.);
#2770=ORIENTED_EDGE('',*,*,#3696,.T.);
#2771=ORIENTED_EDGE('',*,*,#3690,.F.);
#2772=ORIENTED_EDGE('',*,*,#3697,.T.);
#2773=ORIENTED_EDGE('',*,*,#3678,.T.);
#2774=ORIENTED_EDGE('',*,*,#3695,.T.);
#2775=ORIENTED_EDGE('',*,*,#3698,.F.);
#2776=ORIENTED_EDGE('',*,*,#3679,.F.);
#2777=ORIENTED_EDGE('',*,*,#3697,.F.);
#2778=ORIENTED_EDGE('',*,*,#3689,.F.);
#2779=ORIENTED_EDGE('',*,*,#3699,.T.);
#2780=ORIENTED_EDGE('',*,*,#3680,.F.);
#2781=ORIENTED_EDGE('',*,*,#3698,.T.);
#2782=ORIENTED_EDGE('',*,*,#3688,.T.);
#2783=ORIENTED_EDGE('',*,*,#3700,.T.);
#2784=ORIENTED_EDGE('',*,*,#3699,.F.);
#2785=ORIENTED_EDGE('',*,*,#3684,.F.);
#2786=ORIENTED_EDGE('',*,*,#3681,.F.);
#2787=ORIENTED_EDGE('',*,*,#3700,.F.);
#2788=ORIENTED_EDGE('',*,*,#3687,.F.);
#2789=ORIENTED_EDGE('',*,*,#3685,.F.);
#2790=ORIENTED_EDGE('',*,*,#3696,.F.);
#2791=ORIENTED_EDGE('',*,*,#3693,.F.);
#2792=ORIENTED_EDGE('',*,*,#3691,.F.);
#2793=ORIENTED_EDGE('',*,*,#3701,.T.);
#2794=ORIENTED_EDGE('',*,*,#3702,.F.);
#2795=ORIENTED_EDGE('',*,*,#3701,.F.);
#2796=ORIENTED_EDGE('',*,*,#3702,.T.);
#2797=ORIENTED_EDGE('',*,*,#3703,.F.);
#2798=ORIENTED_EDGE('',*,*,#3704,.T.);
#2799=ORIENTED_EDGE('',*,*,#3703,.T.);
#2800=ORIENTED_EDGE('',*,*,#3704,.F.);
#2801=ORIENTED_EDGE('',*,*,#3705,.F.);
#2802=ORIENTED_EDGE('',*,*,#3706,.T.);
#2803=ORIENTED_EDGE('',*,*,#3707,.T.);
#2804=ORIENTED_EDGE('',*,*,#3708,.T.);
#2805=ORIENTED_EDGE('',*,*,#3709,.T.);
#2806=ORIENTED_EDGE('',*,*,#3710,.T.);
#2807=ORIENTED_EDGE('',*,*,#3711,.F.);
#2808=ORIENTED_EDGE('',*,*,#3712,.F.);
#2809=ORIENTED_EDGE('',*,*,#3713,.F.);
#2810=ORIENTED_EDGE('',*,*,#3714,.F.);
#2811=ORIENTED_EDGE('',*,*,#3715,.F.);
#2812=ORIENTED_EDGE('',*,*,#3716,.F.);
#2813=ORIENTED_EDGE('',*,*,#3717,.F.);
#2814=ORIENTED_EDGE('',*,*,#3718,.F.);
#2815=ORIENTED_EDGE('',*,*,#3719,.T.);
#2816=ORIENTED_EDGE('',*,*,#3718,.T.);
#2817=ORIENTED_EDGE('',*,*,#3720,.T.);
#2818=ORIENTED_EDGE('',*,*,#3721,.F.);
#2819=ORIENTED_EDGE('',*,*,#3722,.F.);
#2820=ORIENTED_EDGE('',*,*,#3717,.T.);
#2821=ORIENTED_EDGE('',*,*,#3723,.T.);
#2822=ORIENTED_EDGE('',*,*,#3724,.F.);
#2823=ORIENTED_EDGE('',*,*,#3720,.F.);
#2824=ORIENTED_EDGE('',*,*,#3716,.T.);
#2825=ORIENTED_EDGE('',*,*,#3725,.T.);
#2826=ORIENTED_EDGE('',*,*,#3726,.F.);
#2827=ORIENTED_EDGE('',*,*,#3723,.F.);
#2828=ORIENTED_EDGE('',*,*,#3715,.T.);
#2829=ORIENTED_EDGE('',*,*,#3727,.T.);
#2830=ORIENTED_EDGE('',*,*,#3728,.F.);
#2831=ORIENTED_EDGE('',*,*,#3725,.F.);
#2832=ORIENTED_EDGE('',*,*,#3714,.T.);
#2833=ORIENTED_EDGE('',*,*,#3729,.T.);
#2834=ORIENTED_EDGE('',*,*,#3730,.F.);
#2835=ORIENTED_EDGE('',*,*,#3727,.F.);
#2836=ORIENTED_EDGE('',*,*,#3713,.T.);
#2837=ORIENTED_EDGE('',*,*,#3731,.T.);
#2838=ORIENTED_EDGE('',*,*,#3732,.F.);
#2839=ORIENTED_EDGE('',*,*,#3729,.F.);
#2840=ORIENTED_EDGE('',*,*,#3712,.T.);
#2841=ORIENTED_EDGE('',*,*,#3733,.T.);
#2842=ORIENTED_EDGE('',*,*,#3734,.F.);
#2843=ORIENTED_EDGE('',*,*,#3731,.F.);
#2844=ORIENTED_EDGE('',*,*,#3711,.T.);
#2845=ORIENTED_EDGE('',*,*,#3722,.T.);
#2846=ORIENTED_EDGE('',*,*,#3735,.F.);
#2847=ORIENTED_EDGE('',*,*,#3733,.F.);
#2848=ORIENTED_EDGE('',*,*,#3736,.F.);
#2849=ORIENTED_EDGE('',*,*,#3705,.T.);
#2850=ORIENTED_EDGE('',*,*,#3706,.F.);
#2851=ORIENTED_EDGE('',*,*,#3737,.F.);
#2852=ORIENTED_EDGE('',*,*,#3738,.F.);
#2853=ORIENTED_EDGE('',*,*,#3739,.T.);
#2854=ORIENTED_EDGE('',*,*,#3707,.F.);
#2855=ORIENTED_EDGE('',*,*,#3739,.F.);
#2856=ORIENTED_EDGE('',*,*,#3740,.F.);
#2857=ORIENTED_EDGE('',*,*,#3741,.T.);
#2858=ORIENTED_EDGE('',*,*,#3708,.F.);
#2859=ORIENTED_EDGE('',*,*,#3741,.F.);
#2860=ORIENTED_EDGE('',*,*,#3742,.F.);
#2861=ORIENTED_EDGE('',*,*,#3743,.T.);
#2862=ORIENTED_EDGE('',*,*,#3709,.F.);
#2863=ORIENTED_EDGE('',*,*,#3743,.F.);
#2864=ORIENTED_EDGE('',*,*,#3744,.F.);
#2865=ORIENTED_EDGE('',*,*,#3737,.T.);
#2866=ORIENTED_EDGE('',*,*,#3710,.F.);
#2867=ORIENTED_EDGE('',*,*,#3745,.T.);
#2868=ORIENTED_EDGE('',*,*,#3719,.F.);
#2869=ORIENTED_EDGE('',*,*,#3746,.F.);
#2870=ORIENTED_EDGE('',*,*,#3747,.F.);
#2871=ORIENTED_EDGE('',*,*,#3748,.F.);
#2872=ORIENTED_EDGE('',*,*,#3749,.F.);
#2873=ORIENTED_EDGE('',*,*,#3721,.T.);
#2874=ORIENTED_EDGE('',*,*,#3724,.T.);
#2875=ORIENTED_EDGE('',*,*,#3726,.T.);
#2876=ORIENTED_EDGE('',*,*,#3728,.T.);
#2877=ORIENTED_EDGE('',*,*,#3730,.T.);
#2878=ORIENTED_EDGE('',*,*,#3732,.T.);
#2879=ORIENTED_EDGE('',*,*,#3734,.T.);
#2880=ORIENTED_EDGE('',*,*,#3735,.T.);
#2881=ORIENTED_EDGE('',*,*,#3736,.T.);
#2882=ORIENTED_EDGE('',*,*,#3750,.F.);
#2883=ORIENTED_EDGE('',*,*,#3738,.T.);
#2884=ORIENTED_EDGE('',*,*,#3744,.T.);
#2885=ORIENTED_EDGE('',*,*,#3742,.T.);
#2886=ORIENTED_EDGE('',*,*,#3740,.T.);
#2887=ORIENTED_EDGE('',*,*,#3745,.F.);
#2888=ORIENTED_EDGE('',*,*,#3751,.F.);
#2889=ORIENTED_EDGE('',*,*,#3751,.T.);
#2890=ORIENTED_EDGE('',*,*,#3749,.T.);
#2891=ORIENTED_EDGE('',*,*,#3752,.F.);
#2892=ORIENTED_EDGE('',*,*,#3752,.T.);
#2893=ORIENTED_EDGE('',*,*,#3748,.T.);
#2894=ORIENTED_EDGE('',*,*,#3753,.T.);
#2895=ORIENTED_EDGE('',*,*,#3746,.T.);
#2896=ORIENTED_EDGE('',*,*,#3754,.T.);
#2897=ORIENTED_EDGE('',*,*,#3753,.F.);
#2898=ORIENTED_EDGE('',*,*,#3747,.T.);
#2899=ORIENTED_EDGE('',*,*,#3755,.T.);
#2900=ORIENTED_EDGE('',*,*,#3750,.T.);
#2901=ORIENTED_EDGE('',*,*,#3755,.F.);
#2902=ORIENTED_EDGE('',*,*,#3754,.F.);
#2903=ORIENTED_EDGE('',*,*,#3756,.T.);
#2904=ORIENTED_EDGE('',*,*,#3757,.T.);
#2905=ORIENTED_EDGE('',*,*,#3758,.T.);
#2906=ORIENTED_EDGE('',*,*,#3759,.T.);
#2907=ORIENTED_EDGE('',*,*,#3760,.T.);
#2908=ORIENTED_EDGE('',*,*,#3761,.T.);
#2909=ORIENTED_EDGE('',*,*,#3762,.T.);
#2910=ORIENTED_EDGE('',*,*,#3763,.T.);
#2911=ORIENTED_EDGE('',*,*,#3764,.T.);
#2912=ORIENTED_EDGE('',*,*,#3765,.T.);
#2913=ORIENTED_EDGE('',*,*,#3766,.T.);
#2914=ORIENTED_EDGE('',*,*,#3767,.F.);
#2915=ORIENTED_EDGE('',*,*,#3768,.T.);
#2916=ORIENTED_EDGE('',*,*,#3769,.T.);
#2917=ORIENTED_EDGE('',*,*,#3770,.F.);
#2918=ORIENTED_EDGE('',*,*,#3771,.F.);
#2919=ORIENTED_EDGE('',*,*,#3766,.F.);
#2920=ORIENTED_EDGE('',*,*,#3772,.T.);
#2921=ORIENTED_EDGE('',*,*,#3773,.T.);
#2922=ORIENTED_EDGE('',*,*,#3774,.T.);
#2923=ORIENTED_EDGE('',*,*,#3775,.T.);
#2924=ORIENTED_EDGE('',*,*,#3769,.F.);
#2925=ORIENTED_EDGE('',*,*,#3764,.F.);
#2926=ORIENTED_EDGE('',*,*,#3776,.F.);
#2927=ORIENTED_EDGE('',*,*,#3777,.F.);
#2928=ORIENTED_EDGE('',*,*,#3778,.F.);
#2929=ORIENTED_EDGE('',*,*,#3779,.F.);
#2930=ORIENTED_EDGE('',*,*,#3768,.F.);
#2931=ORIENTED_EDGE('',*,*,#3765,.F.);
#2932=ORIENTED_EDGE('',*,*,#3779,.T.);
#2933=ORIENTED_EDGE('',*,*,#3780,.F.);
#2934=ORIENTED_EDGE('',*,*,#3772,.F.);
#2935=ORIENTED_EDGE('',*,*,#3763,.F.);
#2936=ORIENTED_EDGE('',*,*,#3775,.F.);
#2937=ORIENTED_EDGE('',*,*,#3781,.T.);
#2938=ORIENTED_EDGE('',*,*,#3776,.T.);
#2939=ORIENTED_EDGE('',*,*,#3782,.T.);
#2940=ORIENTED_EDGE('',*,*,#3783,.T.);
#2941=ORIENTED_EDGE('',*,*,#3784,.F.);
#2942=ORIENTED_EDGE('',*,*,#3785,.T.);
#2943=ORIENTED_EDGE('',*,*,#3786,.T.);
#2944=ORIENTED_EDGE('',*,*,#3787,.F.);
#2945=ORIENTED_EDGE('',*,*,#3788,.T.);
#2946=ORIENTED_EDGE('',*,*,#3789,.T.);
#2947=ORIENTED_EDGE('',*,*,#3790,.T.);
#2948=ORIENTED_EDGE('',*,*,#3791,.T.);
#2949=ORIENTED_EDGE('',*,*,#3792,.T.);
#2950=ORIENTED_EDGE('',*,*,#3793,.F.);
#2951=ORIENTED_EDGE('',*,*,#3794,.F.);
#2952=ORIENTED_EDGE('',*,*,#3795,.F.);
#2953=ORIENTED_EDGE('',*,*,#3796,.F.);
#2954=ORIENTED_EDGE('',*,*,#3797,.F.);
#2955=ORIENTED_EDGE('',*,*,#3798,.F.);
#2956=ORIENTED_EDGE('',*,*,#3799,.T.);
#2957=ORIENTED_EDGE('',*,*,#3800,.F.);
#2958=ORIENTED_EDGE('',*,*,#3801,.F.);
#2959=ORIENTED_EDGE('',*,*,#3759,.F.);
#2960=ORIENTED_EDGE('',*,*,#3802,.F.);
#2961=ORIENTED_EDGE('',*,*,#3783,.F.);
#2962=ORIENTED_EDGE('',*,*,#3803,.T.);
#2963=ORIENTED_EDGE('',*,*,#3804,.F.);
#2964=ORIENTED_EDGE('',*,*,#3761,.F.);
#2965=ORIENTED_EDGE('',*,*,#3805,.F.);
#2966=ORIENTED_EDGE('',*,*,#3806,.F.);
#2967=ORIENTED_EDGE('',*,*,#3807,.F.);
#2968=ORIENTED_EDGE('',*,*,#3808,.F.);
#2969=ORIENTED_EDGE('',*,*,#3809,.F.);
#2970=ORIENTED_EDGE('',*,*,#3810,.F.);
#2971=ORIENTED_EDGE('',*,*,#3811,.T.);
#2972=ORIENTED_EDGE('',*,*,#3788,.F.);
#2973=ORIENTED_EDGE('',*,*,#3812,.T.);
#2974=ORIENTED_EDGE('',*,*,#3813,.T.);
#2975=ORIENTED_EDGE('',*,*,#3814,.T.);
#2976=ORIENTED_EDGE('',*,*,#3815,.T.);
#2977=ORIENTED_EDGE('',*,*,#3816,.T.);
#2978=ORIENTED_EDGE('',*,*,#3817,.T.);
#2979=ORIENTED_EDGE('',*,*,#3818,.T.);
#2980=ORIENTED_EDGE('',*,*,#3819,.T.);
#2981=ORIENTED_EDGE('',*,*,#3820,.T.);
#2982=ORIENTED_EDGE('',*,*,#3821,.T.);
#2983=ORIENTED_EDGE('',*,*,#3822,.T.);
#2984=ORIENTED_EDGE('',*,*,#3823,.T.);
#2985=ORIENTED_EDGE('',*,*,#3824,.T.);
#2986=ORIENTED_EDGE('',*,*,#3825,.T.);
#2987=ORIENTED_EDGE('',*,*,#3826,.T.);
#2988=ORIENTED_EDGE('',*,*,#3827,.T.);
#2989=ORIENTED_EDGE('',*,*,#3828,.T.);
#2990=ORIENTED_EDGE('',*,*,#3829,.T.);
#2991=ORIENTED_EDGE('',*,*,#3830,.T.);
#2992=ORIENTED_EDGE('',*,*,#3831,.T.);
#2993=ORIENTED_EDGE('',*,*,#3762,.F.);
#2994=ORIENTED_EDGE('',*,*,#3771,.T.);
#2995=ORIENTED_EDGE('',*,*,#3770,.T.);
#2996=ORIENTED_EDGE('',*,*,#3832,.F.);
#2997=ORIENTED_EDGE('',*,*,#3833,.F.);
#2998=ORIENTED_EDGE('',*,*,#3780,.T.);
#2999=ORIENTED_EDGE('',*,*,#3778,.T.);
#3000=ORIENTED_EDGE('',*,*,#3834,.F.);
#3001=ORIENTED_EDGE('',*,*,#3773,.F.);
#3002=ORIENTED_EDGE('',*,*,#3834,.T.);
#3003=ORIENTED_EDGE('',*,*,#3777,.T.);
#3004=ORIENTED_EDGE('',*,*,#3781,.F.);
#3005=ORIENTED_EDGE('',*,*,#3774,.F.);
#3006=ORIENTED_EDGE('',*,*,#3835,.T.);
#3007=ORIENTED_EDGE('',*,*,#3836,.T.);
#3008=ORIENTED_EDGE('',*,*,#3837,.T.);
#3009=ORIENTED_EDGE('',*,*,#3789,.F.);
#3010=ORIENTED_EDGE('',*,*,#3811,.F.);
#3011=ORIENTED_EDGE('',*,*,#3838,.F.);
#3012=ORIENTED_EDGE('',*,*,#3839,.T.);
#3013=ORIENTED_EDGE('',*,*,#3840,.T.);
#3014=ORIENTED_EDGE('',*,*,#3841,.F.);
#3015=ORIENTED_EDGE('',*,*,#3790,.F.);
#3016=ORIENTED_EDGE('',*,*,#3837,.F.);
#3017=ORIENTED_EDGE('',*,*,#3842,.T.);
#3018=ORIENTED_EDGE('',*,*,#3843,.T.);
#3019=ORIENTED_EDGE('',*,*,#3844,.F.);
#3020=ORIENTED_EDGE('',*,*,#3843,.F.);
#3021=ORIENTED_EDGE('',*,*,#3845,.T.);
#3022=ORIENTED_EDGE('',*,*,#3846,.T.);
#3023=ORIENTED_EDGE('',*,*,#3847,.T.);
#3024=ORIENTED_EDGE('',*,*,#3848,.F.);
#3025=ORIENTED_EDGE('',*,*,#3849,.T.);
#3026=ORIENTED_EDGE('',*,*,#3850,.T.);
#3027=ORIENTED_EDGE('',*,*,#3851,.T.);
#3028=ORIENTED_EDGE('',*,*,#3794,.T.);
#3029=ORIENTED_EDGE('',*,*,#3852,.T.);
#3030=ORIENTED_EDGE('',*,*,#3792,.F.);
#3031=ORIENTED_EDGE('',*,*,#3853,.T.);
#3032=ORIENTED_EDGE('',*,*,#3791,.F.);
#3033=ORIENTED_EDGE('',*,*,#3854,.T.);
#3034=ORIENTED_EDGE('',*,*,#3855,.F.);
#3035=ORIENTED_EDGE('',*,*,#3808,.T.);
#3036=ORIENTED_EDGE('',*,*,#3856,.T.);
#3037=ORIENTED_EDGE('',*,*,#3798,.T.);
#3038=ORIENTED_EDGE('',*,*,#3857,.F.);
#3039=ORIENTED_EDGE('',*,*,#3799,.F.);
#3040=ORIENTED_EDGE('',*,*,#3856,.F.);
#3041=ORIENTED_EDGE('',*,*,#3807,.T.);
#3042=ORIENTED_EDGE('',*,*,#3851,.F.);
#3043=ORIENTED_EDGE('',*,*,#3858,.F.);
#3044=ORIENTED_EDGE('',*,*,#3859,.T.);
#3045=ORIENTED_EDGE('',*,*,#3795,.T.);
#3046=ORIENTED_EDGE('',*,*,#3860,.F.);
#3047=ORIENTED_EDGE('',*,*,#3796,.T.);
#3048=ORIENTED_EDGE('',*,*,#3859,.F.);
#3049=ORIENTED_EDGE('',*,*,#3861,.F.);
#3050=ORIENTED_EDGE('',*,*,#3862,.F.);
#3051=ORIENTED_EDGE('',*,*,#3797,.T.);
#3052=ORIENTED_EDGE('',*,*,#3863,.F.);
#3053=ORIENTED_EDGE('',*,*,#3864,.F.);
#3054=ORIENTED_EDGE('',*,*,#3803,.F.);
#3055=ORIENTED_EDGE('',*,*,#3865,.T.);
#3056=ORIENTED_EDGE('',*,*,#3866,.F.);
#3057=ORIENTED_EDGE('',*,*,#3867,.T.);
#3058=ORIENTED_EDGE('',*,*,#3838,.T.);
#3059=ORIENTED_EDGE('',*,*,#3810,.T.);
#3060=ORIENTED_EDGE('',*,*,#3866,.T.);
#3061=ORIENTED_EDGE('',*,*,#3809,.T.);
#3062=ORIENTED_EDGE('',*,*,#3855,.T.);
#3063=ORIENTED_EDGE('',*,*,#3862,.T.);
#3064=ORIENTED_EDGE('',*,*,#3868,.T.);
#3065=ORIENTED_EDGE('',*,*,#3869,.T.);
#3066=ORIENTED_EDGE('',*,*,#3828,.F.);
#3067=ORIENTED_EDGE('',*,*,#3870,.T.);
#3068=ORIENTED_EDGE('',*,*,#3871,.F.);
#3069=ORIENTED_EDGE('',*,*,#3872,.F.);
#3070=ORIENTED_EDGE('',*,*,#3829,.F.);
#3071=ORIENTED_EDGE('',*,*,#3872,.T.);
#3072=ORIENTED_EDGE('',*,*,#3873,.T.);
#3073=ORIENTED_EDGE('',*,*,#3874,.T.);
#3074=ORIENTED_EDGE('',*,*,#3875,.T.);
#3075=ORIENTED_EDGE('',*,*,#3876,.F.);
#3076=ORIENTED_EDGE('',*,*,#3830,.F.);
#3077=ORIENTED_EDGE('',*,*,#3875,.F.);
#3078=ORIENTED_EDGE('',*,*,#3877,.T.);
#3079=ORIENTED_EDGE('',*,*,#3878,.T.);
#3080=ORIENTED_EDGE('',*,*,#3831,.F.);
#3081=ORIENTED_EDGE('',*,*,#3878,.F.);
#3082=ORIENTED_EDGE('',*,*,#3879,.F.);
#3083=ORIENTED_EDGE('',*,*,#3880,.F.);
#3084=ORIENTED_EDGE('',*,*,#3870,.F.);
#3085=ORIENTED_EDGE('',*,*,#3854,.F.);
#3086=ORIENTED_EDGE('',*,*,#3824,.F.);
#3087=ORIENTED_EDGE('',*,*,#3881,.T.);
#3088=ORIENTED_EDGE('',*,*,#3882,.F.);
#3089=ORIENTED_EDGE('',*,*,#3883,.F.);
#3090=ORIENTED_EDGE('',*,*,#3825,.F.);
#3091=ORIENTED_EDGE('',*,*,#3883,.T.);
#3092=ORIENTED_EDGE('',*,*,#3884,.T.);
#3093=ORIENTED_EDGE('',*,*,#3885,.T.);
#3094=ORIENTED_EDGE('',*,*,#3886,.T.);
#3095=ORIENTED_EDGE('',*,*,#3887,.F.);
#3096=ORIENTED_EDGE('',*,*,#3826,.F.);
#3097=ORIENTED_EDGE('',*,*,#3886,.F.);
#3098=ORIENTED_EDGE('',*,*,#3888,.T.);
#3099=ORIENTED_EDGE('',*,*,#3889,.T.);
#3100=ORIENTED_EDGE('',*,*,#3827,.F.);
#3101=ORIENTED_EDGE('',*,*,#3889,.F.);
#3102=ORIENTED_EDGE('',*,*,#3890,.F.);
#3103=ORIENTED_EDGE('',*,*,#3891,.F.);
#3104=ORIENTED_EDGE('',*,*,#3881,.F.);
#3105=ORIENTED_EDGE('',*,*,#3853,.F.);
#3106=ORIENTED_EDGE('',*,*,#3818,.F.);
#3107=ORIENTED_EDGE('',*,*,#3892,.T.);
#3108=ORIENTED_EDGE('',*,*,#3893,.T.);
#3109=ORIENTED_EDGE('',*,*,#3894,.F.);
#3110=ORIENTED_EDGE('',*,*,#3819,.F.);
#3111=ORIENTED_EDGE('',*,*,#3894,.T.);
#3112=ORIENTED_EDGE('',*,*,#3895,.T.);
#3113=ORIENTED_EDGE('',*,*,#3896,.F.);
#3114=ORIENTED_EDGE('',*,*,#3820,.F.);
#3115=ORIENTED_EDGE('',*,*,#3896,.T.);
#3116=ORIENTED_EDGE('',*,*,#3897,.T.);
#3117=ORIENTED_EDGE('',*,*,#3898,.F.);
#3118=ORIENTED_EDGE('',*,*,#3821,.F.);
#3119=ORIENTED_EDGE('',*,*,#3898,.T.);
#3120=ORIENTED_EDGE('',*,*,#3899,.T.);
#3121=ORIENTED_EDGE('',*,*,#3900,.F.);
#3122=ORIENTED_EDGE('',*,*,#3822,.F.);
#3123=ORIENTED_EDGE('',*,*,#3900,.T.);
#3124=ORIENTED_EDGE('',*,*,#3901,.T.);
#3125=ORIENTED_EDGE('',*,*,#3902,.F.);
#3126=ORIENTED_EDGE('',*,*,#3823,.F.);
#3127=ORIENTED_EDGE('',*,*,#3902,.T.);
#3128=ORIENTED_EDGE('',*,*,#3903,.T.);
#3129=ORIENTED_EDGE('',*,*,#3892,.F.);
#3130=ORIENTED_EDGE('',*,*,#3812,.F.);
#3131=ORIENTED_EDGE('',*,*,#3904,.T.);
#3132=ORIENTED_EDGE('',*,*,#3905,.T.);
#3133=ORIENTED_EDGE('',*,*,#3906,.F.);
#3134=ORIENTED_EDGE('',*,*,#3813,.F.);
#3135=ORIENTED_EDGE('',*,*,#3906,.T.);
#3136=ORIENTED_EDGE('',*,*,#3907,.T.);
#3137=ORIENTED_EDGE('',*,*,#3908,.F.);
#3138=ORIENTED_EDGE('',*,*,#3814,.F.);
#3139=ORIENTED_EDGE('',*,*,#3908,.T.);
#3140=ORIENTED_EDGE('',*,*,#3909,.T.);
#3141=ORIENTED_EDGE('',*,*,#3910,.F.);
#3142=ORIENTED_EDGE('',*,*,#3815,.F.);
#3143=ORIENTED_EDGE('',*,*,#3910,.T.);
#3144=ORIENTED_EDGE('',*,*,#3911,.T.);
#3145=ORIENTED_EDGE('',*,*,#3912,.F.);
#3146=ORIENTED_EDGE('',*,*,#3816,.F.);
#3147=ORIENTED_EDGE('',*,*,#3912,.T.);
#3148=ORIENTED_EDGE('',*,*,#3913,.T.);
#3149=ORIENTED_EDGE('',*,*,#3914,.F.);
#3150=ORIENTED_EDGE('',*,*,#3817,.F.);
#3151=ORIENTED_EDGE('',*,*,#3914,.T.);
#3152=ORIENTED_EDGE('',*,*,#3915,.T.);
#3153=ORIENTED_EDGE('',*,*,#3904,.F.);
#3154=ORIENTED_EDGE('',*,*,#3887,.T.);
#3155=ORIENTED_EDGE('',*,*,#3916,.T.);
#3156=ORIENTED_EDGE('',*,*,#3833,.T.);
#3157=ORIENTED_EDGE('',*,*,#3917,.F.);
#3158=ORIENTED_EDGE('',*,*,#3918,.T.);
#3159=ORIENTED_EDGE('',*,*,#3835,.F.);
#3160=ORIENTED_EDGE('',*,*,#3919,.F.);
#3161=ORIENTED_EDGE('',*,*,#3920,.F.);
#3162=ORIENTED_EDGE('',*,*,#3921,.F.);
#3163=ORIENTED_EDGE('',*,*,#3845,.F.);
#3164=ORIENTED_EDGE('',*,*,#3842,.F.);
#3165=ORIENTED_EDGE('',*,*,#3836,.F.);
#3166=ORIENTED_EDGE('',*,*,#3918,.F.);
#3167=ORIENTED_EDGE('',*,*,#3922,.T.);
#3168=ORIENTED_EDGE('',*,*,#3839,.F.);
#3169=ORIENTED_EDGE('',*,*,#3867,.F.);
#3170=ORIENTED_EDGE('',*,*,#3923,.T.);
#3171=ORIENTED_EDGE('',*,*,#3924,.T.);
#3172=ORIENTED_EDGE('',*,*,#3925,.F.);
#3173=ORIENTED_EDGE('',*,*,#3848,.T.);
#3174=ORIENTED_EDGE('',*,*,#3926,.T.);
#3175=ORIENTED_EDGE('',*,*,#3927,.F.);
#3176=ORIENTED_EDGE('',*,*,#3919,.T.);
#3177=ORIENTED_EDGE('',*,*,#3840,.F.);
#3178=ORIENTED_EDGE('',*,*,#3922,.F.);
#3179=ORIENTED_EDGE('',*,*,#3847,.F.);
#3180=ORIENTED_EDGE('',*,*,#3928,.T.);
#3181=ORIENTED_EDGE('',*,*,#3929,.F.);
#3182=ORIENTED_EDGE('',*,*,#3928,.F.);
#3183=ORIENTED_EDGE('',*,*,#3846,.F.);
#3184=ORIENTED_EDGE('',*,*,#3921,.T.);
#3185=ORIENTED_EDGE('',*,*,#3849,.F.);
#3186=ORIENTED_EDGE('',*,*,#3925,.T.);
#3187=ORIENTED_EDGE('',*,*,#3930,.T.);
#3188=ORIENTED_EDGE('',*,*,#3931,.F.);
#3189=ORIENTED_EDGE('',*,*,#3850,.F.);
#3190=ORIENTED_EDGE('',*,*,#3931,.T.);
#3191=ORIENTED_EDGE('',*,*,#3932,.T.);
#3192=ORIENTED_EDGE('',*,*,#3858,.T.);
#3193=ORIENTED_EDGE('',*,*,#3860,.T.);
#3194=ORIENTED_EDGE('',*,*,#3933,.T.);
#3195=ORIENTED_EDGE('',*,*,#3863,.T.);
#3196=ORIENTED_EDGE('',*,*,#3933,.F.);
#3197=ORIENTED_EDGE('',*,*,#3861,.T.);
#3198=ORIENTED_EDGE('',*,*,#3932,.F.);
#3199=ORIENTED_EDGE('',*,*,#3934,.F.);
#3200=ORIENTED_EDGE('',*,*,#3935,.F.);
#3201=ORIENTED_EDGE('',*,*,#3936,.F.);
#3202=ORIENTED_EDGE('',*,*,#3868,.F.);
#3203=ORIENTED_EDGE('',*,*,#3864,.T.);
#3204=ORIENTED_EDGE('',*,*,#3893,.F.);
#3205=ORIENTED_EDGE('',*,*,#3903,.F.);
#3206=ORIENTED_EDGE('',*,*,#3901,.F.);
#3207=ORIENTED_EDGE('',*,*,#3899,.F.);
#3208=ORIENTED_EDGE('',*,*,#3897,.F.);
#3209=ORIENTED_EDGE('',*,*,#3895,.F.);
#3210=ORIENTED_EDGE('',*,*,#3865,.F.);
#3211=ORIENTED_EDGE('',*,*,#3869,.F.);
#3212=ORIENTED_EDGE('',*,*,#3936,.T.);
#3213=ORIENTED_EDGE('',*,*,#3937,.F.);
#3214=ORIENTED_EDGE('',*,*,#3923,.F.);
#3215=ORIENTED_EDGE('',*,*,#3871,.T.);
#3216=ORIENTED_EDGE('',*,*,#3880,.T.);
#3217=ORIENTED_EDGE('',*,*,#3938,.F.);
#3218=ORIENTED_EDGE('',*,*,#3873,.F.);
#3219=ORIENTED_EDGE('',*,*,#3938,.T.);
#3220=ORIENTED_EDGE('',*,*,#3879,.T.);
#3221=ORIENTED_EDGE('',*,*,#3877,.F.);
#3222=ORIENTED_EDGE('',*,*,#3874,.F.);
#3223=ORIENTED_EDGE('',*,*,#3876,.T.);
#3224=ORIENTED_EDGE('',*,*,#3939,.T.);
#3225=ORIENTED_EDGE('',*,*,#3929,.T.);
#3226=ORIENTED_EDGE('',*,*,#3920,.T.);
#3227=ORIENTED_EDGE('',*,*,#3917,.T.);
#3228=ORIENTED_EDGE('',*,*,#3927,.T.);
#3229=ORIENTED_EDGE('',*,*,#3882,.T.);
#3230=ORIENTED_EDGE('',*,*,#3891,.T.);
#3231=ORIENTED_EDGE('',*,*,#3940,.F.);
#3232=ORIENTED_EDGE('',*,*,#3884,.F.);
#3233=ORIENTED_EDGE('',*,*,#3940,.T.);
#3234=ORIENTED_EDGE('',*,*,#3890,.T.);
#3235=ORIENTED_EDGE('',*,*,#3888,.F.);
#3236=ORIENTED_EDGE('',*,*,#3885,.F.);
#3237=ORIENTED_EDGE('',*,*,#3905,.F.);
#3238=ORIENTED_EDGE('',*,*,#3915,.F.);
#3239=ORIENTED_EDGE('',*,*,#3913,.F.);
#3240=ORIENTED_EDGE('',*,*,#3911,.F.);
#3241=ORIENTED_EDGE('',*,*,#3909,.F.);
#3242=ORIENTED_EDGE('',*,*,#3907,.F.);
#3243=ORIENTED_EDGE('',*,*,#3941,.F.);
#3244=ORIENTED_EDGE('',*,*,#3916,.F.);
#3245=ORIENTED_EDGE('',*,*,#3942,.F.);
#3246=ORIENTED_EDGE('',*,*,#3934,.T.);
#3247=ORIENTED_EDGE('',*,*,#3930,.F.);
#3248=ORIENTED_EDGE('',*,*,#3924,.F.);
#3249=ORIENTED_EDGE('',*,*,#3926,.F.);
#3250=ORIENTED_EDGE('',*,*,#3941,.T.);
#3251=ORIENTED_EDGE('',*,*,#3942,.T.);
#3252=ORIENTED_EDGE('',*,*,#3937,.T.);
#3253=ORIENTED_EDGE('',*,*,#3935,.T.);
#3254=ORIENTED_EDGE('',*,*,#3939,.F.);
#3255=ORIENTED_EDGE('',*,*,#3943,.F.);
#3256=ORIENTED_EDGE('',*,*,#3786,.F.);
#3257=ORIENTED_EDGE('',*,*,#3785,.F.);
#3258=ORIENTED_EDGE('',*,*,#3767,.T.);
#3259=ORIENTED_EDGE('',*,*,#3944,.F.);
#3260=ORIENTED_EDGE('',*,*,#3800,.T.);
#3261=ORIENTED_EDGE('',*,*,#3857,.T.);
#3262=ORIENTED_EDGE('',*,*,#3806,.T.);
#3263=ORIENTED_EDGE('',*,*,#3760,.F.);
#3264=ORIENTED_EDGE('',*,*,#3801,.T.);
#3265=ORIENTED_EDGE('',*,*,#3944,.T.);
#3266=ORIENTED_EDGE('',*,*,#3805,.T.);
#3267=ORIENTED_EDGE('',*,*,#3787,.T.);
#3268=ORIENTED_EDGE('',*,*,#3945,.T.);
#3269=ORIENTED_EDGE('',*,*,#3756,.F.);
#3270=ORIENTED_EDGE('',*,*,#3804,.T.);
#3271=ORIENTED_EDGE('',*,*,#3943,.T.);
#3272=ORIENTED_EDGE('',*,*,#3946,.T.);
#3273=ORIENTED_EDGE('',*,*,#3757,.F.);
#3274=ORIENTED_EDGE('',*,*,#3945,.F.);
#3275=ORIENTED_EDGE('',*,*,#3784,.T.);
#3276=ORIENTED_EDGE('',*,*,#3802,.T.);
#3277=ORIENTED_EDGE('',*,*,#3758,.F.);
#3278=ORIENTED_EDGE('',*,*,#3946,.F.);
#3279=ORIENTED_EDGE('',*,*,#3844,.T.);
#3280=ORIENTED_EDGE('',*,*,#3793,.T.);
#3281=ORIENTED_EDGE('',*,*,#3782,.F.);
#3282=ORIENTED_EDGE('',*,*,#3841,.T.);
#3283=ORIENTED_EDGE('',*,*,#3852,.F.);
#3284=ORIENTED_EDGE('',*,*,#3832,.T.);
#3285=ORIENTED_EDGE('',*,*,#3947,.T.);
#3286=ORIENTED_EDGE('',*,*,#3948,.T.);
#3287=ORIENTED_EDGE('',*,*,#3949,.T.);
#3288=ORIENTED_EDGE('',*,*,#3950,.T.);
#3289=ORIENTED_EDGE('',*,*,#3951,.T.);
#3290=ORIENTED_EDGE('',*,*,#3952,.T.);
#3291=ORIENTED_EDGE('',*,*,#3953,.T.);
#3292=ORIENTED_EDGE('',*,*,#3954,.T.);
#3293=ORIENTED_EDGE('',*,*,#3955,.T.);
#3294=ORIENTED_EDGE('',*,*,#3956,.T.);
#3295=ORIENTED_EDGE('',*,*,#3957,.T.);
#3296=ORIENTED_EDGE('',*,*,#3958,.F.);
#3297=ORIENTED_EDGE('',*,*,#3959,.T.);
#3298=ORIENTED_EDGE('',*,*,#3960,.T.);
#3299=ORIENTED_EDGE('',*,*,#3961,.F.);
#3300=ORIENTED_EDGE('',*,*,#3962,.F.);
#3301=ORIENTED_EDGE('',*,*,#3955,.F.);
#3302=ORIENTED_EDGE('',*,*,#3963,.F.);
#3303=ORIENTED_EDGE('',*,*,#3964,.F.);
#3304=ORIENTED_EDGE('',*,*,#3965,.F.);
#3305=ORIENTED_EDGE('',*,*,#3966,.F.);
#3306=ORIENTED_EDGE('',*,*,#3960,.F.);
#3307=ORIENTED_EDGE('',*,*,#3957,.F.);
#3308=ORIENTED_EDGE('',*,*,#3967,.T.);
#3309=ORIENTED_EDGE('',*,*,#3968,.T.);
#3310=ORIENTED_EDGE('',*,*,#3969,.T.);
#3311=ORIENTED_EDGE('',*,*,#3970,.T.);
#3312=ORIENTED_EDGE('',*,*,#3959,.F.);
#3313=ORIENTED_EDGE('',*,*,#3956,.F.);
#3314=ORIENTED_EDGE('',*,*,#3966,.T.);
#3315=ORIENTED_EDGE('',*,*,#3971,.T.);
#3316=ORIENTED_EDGE('',*,*,#3967,.F.);
#3317=ORIENTED_EDGE('',*,*,#3954,.F.);
#3318=ORIENTED_EDGE('',*,*,#3970,.F.);
#3319=ORIENTED_EDGE('',*,*,#3972,.F.);
#3320=ORIENTED_EDGE('',*,*,#3963,.T.);
#3321=ORIENTED_EDGE('',*,*,#3973,.F.);
#3322=ORIENTED_EDGE('',*,*,#3974,.T.);
#3323=ORIENTED_EDGE('',*,*,#3975,.F.);
#3324=ORIENTED_EDGE('',*,*,#3952,.F.);
#3325=ORIENTED_EDGE('',*,*,#3976,.F.);
#3326=ORIENTED_EDGE('',*,*,#3977,.F.);
#3327=ORIENTED_EDGE('',*,*,#3978,.F.);
#3328=ORIENTED_EDGE('',*,*,#3979,.F.);
#3329=ORIENTED_EDGE('',*,*,#3980,.T.);
#3330=ORIENTED_EDGE('',*,*,#3981,.T.);
#3331=ORIENTED_EDGE('',*,*,#3982,.F.);
#3332=ORIENTED_EDGE('',*,*,#3983,.T.);
#3333=ORIENTED_EDGE('',*,*,#3984,.T.);
#3334=ORIENTED_EDGE('',*,*,#3985,.T.);
#3335=ORIENTED_EDGE('',*,*,#3986,.T.);
#3336=ORIENTED_EDGE('',*,*,#3987,.T.);
#3337=ORIENTED_EDGE('',*,*,#3988,.T.);
#3338=ORIENTED_EDGE('',*,*,#3989,.F.);
#3339=ORIENTED_EDGE('',*,*,#3990,.T.);
#3340=ORIENTED_EDGE('',*,*,#3991,.T.);
#3341=ORIENTED_EDGE('',*,*,#3992,.F.);
#3342=ORIENTED_EDGE('',*,*,#3974,.F.);
#3343=ORIENTED_EDGE('',*,*,#3993,.T.);
#3344=ORIENTED_EDGE('',*,*,#3994,.T.);
#3345=ORIENTED_EDGE('',*,*,#3995,.F.);
#3346=ORIENTED_EDGE('',*,*,#3988,.F.);
#3347=ORIENTED_EDGE('',*,*,#3996,.F.);
#3348=ORIENTED_EDGE('',*,*,#3997,.F.);
#3349=ORIENTED_EDGE('',*,*,#3998,.F.);
#3350=ORIENTED_EDGE('',*,*,#3999,.F.);
#3351=ORIENTED_EDGE('',*,*,#4000,.T.);
#3352=ORIENTED_EDGE('',*,*,#4001,.F.);
#3353=ORIENTED_EDGE('',*,*,#4002,.F.);
#3354=ORIENTED_EDGE('',*,*,#3950,.F.);
#3355=ORIENTED_EDGE('',*,*,#4003,.T.);
#3356=ORIENTED_EDGE('',*,*,#4004,.T.);
#3357=ORIENTED_EDGE('',*,*,#4005,.T.);
#3358=ORIENTED_EDGE('',*,*,#4006,.T.);
#3359=ORIENTED_EDGE('',*,*,#4007,.T.);
#3360=ORIENTED_EDGE('',*,*,#4008,.T.);
#3361=ORIENTED_EDGE('',*,*,#4009,.T.);
#3362=ORIENTED_EDGE('',*,*,#4010,.T.);
#3363=ORIENTED_EDGE('',*,*,#4011,.T.);
#3364=ORIENTED_EDGE('',*,*,#4012,.T.);
#3365=ORIENTED_EDGE('',*,*,#4013,.T.);
#3366=ORIENTED_EDGE('',*,*,#4014,.T.);
#3367=ORIENTED_EDGE('',*,*,#4015,.T.);
#3368=ORIENTED_EDGE('',*,*,#4016,.T.);
#3369=ORIENTED_EDGE('',*,*,#4017,.T.);
#3370=ORIENTED_EDGE('',*,*,#4018,.T.);
#3371=ORIENTED_EDGE('',*,*,#4019,.T.);
#3372=ORIENTED_EDGE('',*,*,#4020,.T.);
#3373=ORIENTED_EDGE('',*,*,#4021,.T.);
#3374=ORIENTED_EDGE('',*,*,#4022,.T.);
#3375=ORIENTED_EDGE('',*,*,#3953,.F.);
#3376=ORIENTED_EDGE('',*,*,#3962,.T.);
#3377=ORIENTED_EDGE('',*,*,#3961,.T.);
#3378=ORIENTED_EDGE('',*,*,#4023,.F.);
#3379=ORIENTED_EDGE('',*,*,#4024,.F.);
#3380=ORIENTED_EDGE('',*,*,#3964,.T.);
#3381=ORIENTED_EDGE('',*,*,#3972,.T.);
#3382=ORIENTED_EDGE('',*,*,#3969,.F.);
#3383=ORIENTED_EDGE('',*,*,#4025,.F.);
#3384=ORIENTED_EDGE('',*,*,#3965,.T.);
#3385=ORIENTED_EDGE('',*,*,#4025,.T.);
#3386=ORIENTED_EDGE('',*,*,#3968,.F.);
#3387=ORIENTED_EDGE('',*,*,#3971,.F.);
#3388=ORIENTED_EDGE('',*,*,#4026,.F.);
#3389=ORIENTED_EDGE('',*,*,#4000,.F.);
#3390=ORIENTED_EDGE('',*,*,#4027,.F.);
#3391=ORIENTED_EDGE('',*,*,#3978,.T.);
#3392=ORIENTED_EDGE('',*,*,#4028,.F.);
#3393=ORIENTED_EDGE('',*,*,#3979,.T.);
#3394=ORIENTED_EDGE('',*,*,#4027,.T.);
#3395=ORIENTED_EDGE('',*,*,#3999,.T.);
#3396=ORIENTED_EDGE('',*,*,#4029,.F.);
#3397=ORIENTED_EDGE('',*,*,#4030,.T.);
#3398=ORIENTED_EDGE('',*,*,#4031,.F.);
#3399=ORIENTED_EDGE('',*,*,#3980,.F.);
#3400=ORIENTED_EDGE('',*,*,#4032,.F.);
#3401=ORIENTED_EDGE('',*,*,#4033,.T.);
#3402=ORIENTED_EDGE('',*,*,#4034,.F.);
#3403=ORIENTED_EDGE('',*,*,#3981,.F.);
#3404=ORIENTED_EDGE('',*,*,#4035,.F.);
#3405=ORIENTED_EDGE('',*,*,#3982,.T.);
#3406=ORIENTED_EDGE('',*,*,#4034,.T.);
#3407=ORIENTED_EDGE('',*,*,#4036,.F.);
#3408=ORIENTED_EDGE('',*,*,#4037,.F.);
#3409=ORIENTED_EDGE('',*,*,#3983,.F.);
#3410=ORIENTED_EDGE('',*,*,#4035,.T.);
#3411=ORIENTED_EDGE('',*,*,#4038,.T.);
#3412=ORIENTED_EDGE('',*,*,#4039,.T.);
#3413=ORIENTED_EDGE('',*,*,#4040,.T.);
#3414=ORIENTED_EDGE('',*,*,#4041,.T.);
#3415=ORIENTED_EDGE('',*,*,#4042,.T.);
#3416=ORIENTED_EDGE('',*,*,#4043,.T.);
#3417=ORIENTED_EDGE('',*,*,#4044,.T.);
#3418=ORIENTED_EDGE('',*,*,#4045,.T.);
#3419=ORIENTED_EDGE('',*,*,#4046,.T.);
#3420=ORIENTED_EDGE('',*,*,#3984,.F.);
#3421=ORIENTED_EDGE('',*,*,#4047,.F.);
#3422=ORIENTED_EDGE('',*,*,#4044,.F.);
#3423=ORIENTED_EDGE('',*,*,#4048,.T.);
#3424=ORIENTED_EDGE('',*,*,#4049,.T.);
#3425=ORIENTED_EDGE('',*,*,#3986,.F.);
#3426=ORIENTED_EDGE('',*,*,#4050,.T.);
#3427=ORIENTED_EDGE('',*,*,#4051,.F.);
#3428=ORIENTED_EDGE('',*,*,#4052,.F.);
#3429=ORIENTED_EDGE('',*,*,#3996,.T.);
#3430=ORIENTED_EDGE('',*,*,#3987,.F.);
#3431=ORIENTED_EDGE('',*,*,#4049,.F.);
#3432=ORIENTED_EDGE('',*,*,#4053,.T.);
#3433=ORIENTED_EDGE('',*,*,#4054,.T.);
#3434=ORIENTED_EDGE('',*,*,#3994,.F.);
#3435=ORIENTED_EDGE('',*,*,#4055,.T.);
#3436=ORIENTED_EDGE('',*,*,#3993,.F.);
#3437=ORIENTED_EDGE('',*,*,#4056,.T.);
#3438=ORIENTED_EDGE('',*,*,#4057,.F.);
#3439=ORIENTED_EDGE('',*,*,#3997,.T.);
#3440=ORIENTED_EDGE('',*,*,#4052,.T.);
#3441=ORIENTED_EDGE('',*,*,#4058,.T.);
#3442=ORIENTED_EDGE('',*,*,#4028,.T.);
#3443=ORIENTED_EDGE('',*,*,#3998,.T.);
#3444=ORIENTED_EDGE('',*,*,#4057,.T.);
#3445=ORIENTED_EDGE('',*,*,#4059,.T.);
#3446=ORIENTED_EDGE('',*,*,#4060,.T.);
#3447=ORIENTED_EDGE('',*,*,#4029,.T.);
#3448=ORIENTED_EDGE('',*,*,#4019,.F.);
#3449=ORIENTED_EDGE('',*,*,#4061,.F.);
#3450=ORIENTED_EDGE('',*,*,#4062,.T.);
#3451=ORIENTED_EDGE('',*,*,#4063,.T.);
#3452=ORIENTED_EDGE('',*,*,#4020,.F.);
#3453=ORIENTED_EDGE('',*,*,#4063,.F.);
#3454=ORIENTED_EDGE('',*,*,#4064,.F.);
#3455=ORIENTED_EDGE('',*,*,#4065,.F.);
#3456=ORIENTED_EDGE('',*,*,#4066,.F.);
#3457=ORIENTED_EDGE('',*,*,#4056,.F.);
#3458=ORIENTED_EDGE('',*,*,#4021,.F.);
#3459=ORIENTED_EDGE('',*,*,#4066,.T.);
#3460=ORIENTED_EDGE('',*,*,#4067,.F.);
#3461=ORIENTED_EDGE('',*,*,#4068,.F.);
#3462=ORIENTED_EDGE('',*,*,#4022,.F.);
#3463=ORIENTED_EDGE('',*,*,#4068,.T.);
#3464=ORIENTED_EDGE('',*,*,#4069,.T.);
#3465=ORIENTED_EDGE('',*,*,#4070,.T.);
#3466=ORIENTED_EDGE('',*,*,#4061,.T.);
#3467=ORIENTED_EDGE('',*,*,#4071,.F.);
#3468=ORIENTED_EDGE('',*,*,#4015,.F.);
#3469=ORIENTED_EDGE('',*,*,#4072,.F.);
#3470=ORIENTED_EDGE('',*,*,#4073,.T.);
#3471=ORIENTED_EDGE('',*,*,#4074,.T.);
#3472=ORIENTED_EDGE('',*,*,#4016,.F.);
#3473=ORIENTED_EDGE('',*,*,#4074,.F.);
#3474=ORIENTED_EDGE('',*,*,#4075,.F.);
#3475=ORIENTED_EDGE('',*,*,#4076,.F.);
#3476=ORIENTED_EDGE('',*,*,#4077,.F.);
#3477=ORIENTED_EDGE('',*,*,#4055,.F.);
#3478=ORIENTED_EDGE('',*,*,#4017,.F.);
#3479=ORIENTED_EDGE('',*,*,#4077,.T.);
#3480=ORIENTED_EDGE('',*,*,#4078,.F.);
#3481=ORIENTED_EDGE('',*,*,#4079,.F.);
#3482=ORIENTED_EDGE('',*,*,#4018,.F.);
#3483=ORIENTED_EDGE('',*,*,#4079,.T.);
#3484=ORIENTED_EDGE('',*,*,#4080,.T.);
#3485=ORIENTED_EDGE('',*,*,#4081,.T.);
#3486=ORIENTED_EDGE('',*,*,#4072,.T.);
#3487=ORIENTED_EDGE('',*,*,#4082,.F.);
#3488=ORIENTED_EDGE('',*,*,#4009,.F.);
#3489=ORIENTED_EDGE('',*,*,#4083,.F.);
#3490=ORIENTED_EDGE('',*,*,#4084,.F.);
#3491=ORIENTED_EDGE('',*,*,#4085,.T.);
#3492=ORIENTED_EDGE('',*,*,#4010,.F.);
#3493=ORIENTED_EDGE('',*,*,#4085,.F.);
#3494=ORIENTED_EDGE('',*,*,#4086,.F.);
#3495=ORIENTED_EDGE('',*,*,#4087,.T.);
#3496=ORIENTED_EDGE('',*,*,#4011,.F.);
#3497=ORIENTED_EDGE('',*,*,#4087,.F.);
#3498=ORIENTED_EDGE('',*,*,#4088,.F.);
#3499=ORIENTED_EDGE('',*,*,#4089,.T.);
#3500=ORIENTED_EDGE('',*,*,#4012,.F.);
#3501=ORIENTED_EDGE('',*,*,#4089,.F.);
#3502=ORIENTED_EDGE('',*,*,#4090,.F.);
#3503=ORIENTED_EDGE('',*,*,#4091,.T.);
#3504=ORIENTED_EDGE('',*,*,#4013,.F.);
#3505=ORIENTED_EDGE('',*,*,#4091,.F.);
#3506=ORIENTED_EDGE('',*,*,#4092,.F.);
#3507=ORIENTED_EDGE('',*,*,#4093,.T.);
#3508=ORIENTED_EDGE('',*,*,#4014,.F.);
#3509=ORIENTED_EDGE('',*,*,#4093,.F.);
#3510=ORIENTED_EDGE('',*,*,#4094,.F.);
#3511=ORIENTED_EDGE('',*,*,#4083,.T.);
#3512=ORIENTED_EDGE('',*,*,#4003,.F.);
#3513=ORIENTED_EDGE('',*,*,#4095,.F.);
#3514=ORIENTED_EDGE('',*,*,#4096,.T.);
#3515=ORIENTED_EDGE('',*,*,#4097,.T.);
#3516=ORIENTED_EDGE('',*,*,#4004,.F.);
#3517=ORIENTED_EDGE('',*,*,#4097,.F.);
#3518=ORIENTED_EDGE('',*,*,#4098,.T.);
#3519=ORIENTED_EDGE('',*,*,#4099,.T.);
#3520=ORIENTED_EDGE('',*,*,#4005,.F.);
#3521=ORIENTED_EDGE('',*,*,#4099,.F.);
#3522=ORIENTED_EDGE('',*,*,#4100,.T.);
#3523=ORIENTED_EDGE('',*,*,#4101,.T.);
#3524=ORIENTED_EDGE('',*,*,#4006,.F.);
#3525=ORIENTED_EDGE('',*,*,#4101,.F.);
#3526=ORIENTED_EDGE('',*,*,#4102,.T.);
#3527=ORIENTED_EDGE('',*,*,#4103,.T.);
#3528=ORIENTED_EDGE('',*,*,#4007,.F.);
#3529=ORIENTED_EDGE('',*,*,#4103,.F.);
#3530=ORIENTED_EDGE('',*,*,#4104,.T.);
#3531=ORIENTED_EDGE('',*,*,#4105,.T.);
#3532=ORIENTED_EDGE('',*,*,#4008,.F.);
#3533=ORIENTED_EDGE('',*,*,#4105,.F.);
#3534=ORIENTED_EDGE('',*,*,#4106,.T.);
#3535=ORIENTED_EDGE('',*,*,#4095,.T.);
#3536=ORIENTED_EDGE('',*,*,#4082,.T.);
#3537=ORIENTED_EDGE('',*,*,#4107,.T.);
#3538=ORIENTED_EDGE('',*,*,#4024,.T.);
#3539=ORIENTED_EDGE('',*,*,#4108,.F.);
#3540=ORIENTED_EDGE('',*,*,#4109,.T.);
#3541=ORIENTED_EDGE('',*,*,#4110,.F.);
#3542=ORIENTED_EDGE('',*,*,#4033,.F.);
#3543=ORIENTED_EDGE('',*,*,#4111,.F.);
#3544=ORIENTED_EDGE('',*,*,#4030,.F.);
#3545=ORIENTED_EDGE('',*,*,#4060,.F.);
#3546=ORIENTED_EDGE('',*,*,#4112,.T.);
#3547=ORIENTED_EDGE('',*,*,#4111,.T.);
#3548=ORIENTED_EDGE('',*,*,#4032,.T.);
#3549=ORIENTED_EDGE('',*,*,#4031,.T.);
#3550=ORIENTED_EDGE('',*,*,#4113,.F.);
#3551=ORIENTED_EDGE('',*,*,#4114,.F.);
#3552=ORIENTED_EDGE('',*,*,#4041,.F.);
#3553=ORIENTED_EDGE('',*,*,#4115,.F.);
#3554=ORIENTED_EDGE('',*,*,#4050,.F.);
#3555=ORIENTED_EDGE('',*,*,#4116,.F.);
#3556=ORIENTED_EDGE('',*,*,#4117,.F.);
#3557=ORIENTED_EDGE('',*,*,#4118,.F.);
#3558=ORIENTED_EDGE('',*,*,#4042,.F.);
#3559=ORIENTED_EDGE('',*,*,#4114,.T.);
#3560=ORIENTED_EDGE('',*,*,#4119,.F.);
#3561=ORIENTED_EDGE('',*,*,#4120,.T.);
#3562=ORIENTED_EDGE('',*,*,#4053,.F.);
#3563=ORIENTED_EDGE('',*,*,#4048,.F.);
#3564=ORIENTED_EDGE('',*,*,#4043,.F.);
#3565=ORIENTED_EDGE('',*,*,#4118,.T.);
#3566=ORIENTED_EDGE('',*,*,#4038,.F.);
#3567=ORIENTED_EDGE('',*,*,#4036,.T.);
#3568=ORIENTED_EDGE('',*,*,#4110,.T.);
#3569=ORIENTED_EDGE('',*,*,#4121,.T.);
#3570=ORIENTED_EDGE('',*,*,#4039,.F.);
#3571=ORIENTED_EDGE('',*,*,#4121,.F.);
#3572=ORIENTED_EDGE('',*,*,#4122,.T.);
#3573=ORIENTED_EDGE('',*,*,#4123,.T.);
#3574=ORIENTED_EDGE('',*,*,#4115,.T.);
#3575=ORIENTED_EDGE('',*,*,#4040,.F.);
#3576=ORIENTED_EDGE('',*,*,#4123,.F.);
#3577=ORIENTED_EDGE('',*,*,#4124,.F.);
#3578=ORIENTED_EDGE('',*,*,#4125,.F.);
#3579=ORIENTED_EDGE('',*,*,#4058,.F.);
#3580=ORIENTED_EDGE('',*,*,#4051,.T.);
#3581=ORIENTED_EDGE('',*,*,#4126,.T.);
#3582=ORIENTED_EDGE('',*,*,#4084,.T.);
#3583=ORIENTED_EDGE('',*,*,#4094,.T.);
#3584=ORIENTED_EDGE('',*,*,#4092,.T.);
#3585=ORIENTED_EDGE('',*,*,#4090,.T.);
#3586=ORIENTED_EDGE('',*,*,#4088,.T.);
#3587=ORIENTED_EDGE('',*,*,#4086,.T.);
#3588=ORIENTED_EDGE('',*,*,#4046,.F.);
#3589=ORIENTED_EDGE('',*,*,#4127,.F.);
#3590=ORIENTED_EDGE('',*,*,#4116,.T.);
#3591=ORIENTED_EDGE('',*,*,#4054,.F.);
#3592=ORIENTED_EDGE('',*,*,#4120,.F.);
#3593=ORIENTED_EDGE('',*,*,#4059,.F.);
#3594=ORIENTED_EDGE('',*,*,#4125,.T.);
#3595=ORIENTED_EDGE('',*,*,#4128,.F.);
#3596=ORIENTED_EDGE('',*,*,#4112,.F.);
#3597=ORIENTED_EDGE('',*,*,#4129,.T.);
#3598=ORIENTED_EDGE('',*,*,#4064,.T.);
#3599=ORIENTED_EDGE('',*,*,#4062,.F.);
#3600=ORIENTED_EDGE('',*,*,#4070,.F.);
#3601=ORIENTED_EDGE('',*,*,#4067,.T.);
#3602=ORIENTED_EDGE('',*,*,#4065,.T.);
#3603=ORIENTED_EDGE('',*,*,#4129,.F.);
#3604=ORIENTED_EDGE('',*,*,#4069,.F.);
#3605=ORIENTED_EDGE('',*,*,#4071,.T.);
#3606=ORIENTED_EDGE('',*,*,#4130,.T.);
#3607=ORIENTED_EDGE('',*,*,#4113,.T.);
#3608=ORIENTED_EDGE('',*,*,#4127,.T.);
#3609=ORIENTED_EDGE('',*,*,#4119,.T.);
#3610=ORIENTED_EDGE('',*,*,#4117,.T.);
#3611=ORIENTED_EDGE('',*,*,#4131,.T.);
#3612=ORIENTED_EDGE('',*,*,#4075,.T.);
#3613=ORIENTED_EDGE('',*,*,#4073,.F.);
#3614=ORIENTED_EDGE('',*,*,#4081,.F.);
#3615=ORIENTED_EDGE('',*,*,#4078,.T.);
#3616=ORIENTED_EDGE('',*,*,#4076,.T.);
#3617=ORIENTED_EDGE('',*,*,#4131,.F.);
#3618=ORIENTED_EDGE('',*,*,#4080,.F.);
#3619=ORIENTED_EDGE('',*,*,#4106,.F.);
#3620=ORIENTED_EDGE('',*,*,#4104,.F.);
#3621=ORIENTED_EDGE('',*,*,#4102,.F.);
#3622=ORIENTED_EDGE('',*,*,#4100,.F.);
#3623=ORIENTED_EDGE('',*,*,#4098,.F.);
#3624=ORIENTED_EDGE('',*,*,#4096,.F.);
#3625=ORIENTED_EDGE('',*,*,#4132,.F.);
#3626=ORIENTED_EDGE('',*,*,#4107,.F.);
#3627=ORIENTED_EDGE('',*,*,#4108,.T.);
#3628=ORIENTED_EDGE('',*,*,#4128,.T.);
#3629=ORIENTED_EDGE('',*,*,#4133,.T.);
#3630=ORIENTED_EDGE('',*,*,#4133,.F.);
#3631=ORIENTED_EDGE('',*,*,#4124,.T.);
#3632=ORIENTED_EDGE('',*,*,#4122,.F.);
#3633=ORIENTED_EDGE('',*,*,#4109,.F.);
#3634=ORIENTED_EDGE('',*,*,#4132,.T.);
#3635=ORIENTED_EDGE('',*,*,#4126,.F.);
#3636=ORIENTED_EDGE('',*,*,#4130,.F.);
#3637=ORIENTED_EDGE('',*,*,#4134,.F.);
#3638=ORIENTED_EDGE('',*,*,#3991,.F.);
#3639=ORIENTED_EDGE('',*,*,#3990,.F.);
#3640=ORIENTED_EDGE('',*,*,#3958,.T.);
#3641=ORIENTED_EDGE('',*,*,#4135,.F.);
#3642=ORIENTED_EDGE('',*,*,#4001,.T.);
#3643=ORIENTED_EDGE('',*,*,#4026,.T.);
#3644=ORIENTED_EDGE('',*,*,#3977,.T.);
#3645=ORIENTED_EDGE('',*,*,#3951,.F.);
#3646=ORIENTED_EDGE('',*,*,#4002,.T.);
#3647=ORIENTED_EDGE('',*,*,#4135,.T.);
#3648=ORIENTED_EDGE('',*,*,#3976,.T.);
#3649=ORIENTED_EDGE('',*,*,#3947,.F.);
#3650=ORIENTED_EDGE('',*,*,#3975,.T.);
#3651=ORIENTED_EDGE('',*,*,#3992,.T.);
#3652=ORIENTED_EDGE('',*,*,#4136,.T.);
#3653=ORIENTED_EDGE('',*,*,#3948,.F.);
#3654=ORIENTED_EDGE('',*,*,#4136,.F.);
#3655=ORIENTED_EDGE('',*,*,#4134,.T.);
#3656=ORIENTED_EDGE('',*,*,#4137,.T.);
#3657=ORIENTED_EDGE('',*,*,#3949,.F.);
#3658=ORIENTED_EDGE('',*,*,#4137,.F.);
#3659=ORIENTED_EDGE('',*,*,#3989,.T.);
#3660=ORIENTED_EDGE('',*,*,#3995,.T.);
#3661=ORIENTED_EDGE('',*,*,#4037,.T.);
#3662=ORIENTED_EDGE('',*,*,#4047,.T.);
#3663=ORIENTED_EDGE('',*,*,#3985,.F.);
#3664=ORIENTED_EDGE('',*,*,#3973,.T.);
#3665=ORIENTED_EDGE('',*,*,#4045,.F.);
#3666=ORIENTED_EDGE('',*,*,#4023,.T.);
#3667=EDGE_CURVE('',#4138,#4139,#4140,.T.);
#3668=EDGE_CURVE('',#4139,#4141,#4142,.T.);
#3669=EDGE_CURVE('',#4141,#4143,#4144,.T.);
#3670=EDGE_CURVE('',#4143,#4138,#4145,.T.);
#3671=EDGE_CURVE('',#4146,#4147,#4148,.T.);
#3672=EDGE_CURVE('',#4147,#4146,#4149,.T.);
#3673=EDGE_CURVE('',#4146,#4150,#4151,.T.);
#3674=EDGE_CURVE('',#4152,#4150,#4153,.T.);
#3675=EDGE_CURVE('',#4147,#4152,#4154,.T.);
#3676=EDGE_CURVE('',#4150,#4152,#4155,.T.);
#3677=EDGE_CURVE('',#4156,#4157,#4158,.T.);
#3678=EDGE_CURVE('',#4159,#4157,#4160,.T.);
#3679=EDGE_CURVE('',#4159,#4161,#4162,.T.);
#3680=EDGE_CURVE('',#4161,#4163,#4164,.T.);
#3681=EDGE_CURVE('',#4163,#4165,#4166,.T.);
#3682=EDGE_CURVE('',#4165,#4139,#4167,.T.);
#3683=EDGE_CURVE('',#4156,#4138,#4168,.T.);
#3684=EDGE_CURVE('',#4165,#4169,#4170,.T.);
#3685=EDGE_CURVE('',#4169,#4171,#4172,.T.);
#3686=EDGE_CURVE('',#4171,#4141,#4173,.T.);
#3687=EDGE_CURVE('',#4171,#4174,#4175,.T.);
#3688=EDGE_CURVE('',#4176,#4174,#4177,.T.);
#3689=EDGE_CURVE('',#4176,#4178,#4179,.T.);
#3690=EDGE_CURVE('',#4178,#4180,#4181,.T.);
#3691=EDGE_CURVE('',#4180,#4182,#4183,.T.);
#3692=EDGE_CURVE('',#4182,#4143,#4184,.T.);
#3693=EDGE_CURVE('',#4182,#4185,#4186,.T.);
#3694=EDGE_CURVE('',#4185,#4156,#4187,.T.);
#3695=EDGE_CURVE('',#4157,#4185,#4188,.F.);
#3696=EDGE_CURVE('',#4185,#4180,#4189,.F.);
#3697=EDGE_CURVE('',#4178,#4159,#4190,.T.);
#3698=EDGE_CURVE('',#4161,#4176,#4191,.T.);
#3699=EDGE_CURVE('',#4169,#4163,#4192,.F.);
#3700=EDGE_CURVE('',#4174,#4169,#4193,.F.);
#3701=EDGE_CURVE('',#4194,#4194,#4195,.T.);
#3702=EDGE_CURVE('',#4196,#4196,#4197,.T.);
#3703=EDGE_CURVE('',#4198,#4198,#4199,.T.);
#3704=EDGE_CURVE('',#4200,#4200,#4201,.T.);
#3705=EDGE_CURVE('',#4202,#4202,#4203,.F.);
#3706=EDGE_CURVE('',#4204,#4205,#4206,.F.);
#3707=EDGE_CURVE('',#4205,#4207,#4208,.F.);
#3708=EDGE_CURVE('',#4207,#4209,#4210,.F.);
#3709=EDGE_CURVE('',#4209,#4204,#4211,.F.);
#3710=EDGE_CURVE('',#4212,#4212,#4213,.T.);
#3711=EDGE_CURVE('',#4214,#4215,#4216,.T.);
#3712=EDGE_CURVE('',#4217,#4214,#4218,.T.);
#3713=EDGE_CURVE('',#4219,#4217,#4220,.T.);
#3714=EDGE_CURVE('',#4221,#4219,#4222,.T.);
#3715=EDGE_CURVE('',#4223,#4221,#4224,.T.);
#3716=EDGE_CURVE('',#4225,#4223,#4226,.T.);
#3717=EDGE_CURVE('',#4227,#4225,#4228,.T.);
#3718=EDGE_CURVE('',#4215,#4227,#4229,.T.);
#3719=EDGE_CURVE('',#4230,#4230,#4231,.F.);
#3720=EDGE_CURVE('',#4227,#4232,#4233,.T.);
#3721=EDGE_CURVE('',#4234,#4232,#4235,.T.);
#3722=EDGE_CURVE('',#4215,#4234,#4236,.T.);
#3723=EDGE_CURVE('',#4225,#4237,#4238,.T.);
#3724=EDGE_CURVE('',#4232,#4237,#4239,.T.);
#3725=EDGE_CURVE('',#4223,#4240,#4241,.T.);
#3726=EDGE_CURVE('',#4237,#4240,#4242,.T.);
#3727=EDGE_CURVE('',#4221,#4243,#4244,.T.);
#3728=EDGE_CURVE('',#4240,#4243,#4245,.T.);
#3729=EDGE_CURVE('',#4219,#4246,#4247,.T.);
#3730=EDGE_CURVE('',#4243,#4246,#4248,.T.);
#3731=EDGE_CURVE('',#4217,#4249,#4250,.T.);
#3732=EDGE_CURVE('',#4246,#4249,#4251,.T.);
#3733=EDGE_CURVE('',#4214,#4252,#4253,.T.);
#3734=EDGE_CURVE('',#4249,#4252,#4254,.T.);
#3735=EDGE_CURVE('',#4252,#4234,#4255,.T.);
#3736=EDGE_CURVE('',#4256,#4256,#4257,.F.);
#3737=EDGE_CURVE('',#4258,#4204,#4259,.T.);
#3738=EDGE_CURVE('',#4260,#4258,#4261,.T.);
#3739=EDGE_CURVE('',#4260,#4205,#4262,.T.);
#3740=EDGE_CURVE('',#4263,#4260,#4264,.T.);
#3741=EDGE_CURVE('',#4263,#4207,#4265,.T.);
#3742=EDGE_CURVE('',#4266,#4263,#4267,.T.);
#3743=EDGE_CURVE('',#4266,#4209,#4268,.T.);
#3744=EDGE_CURVE('',#4258,#4266,#4269,.T.);
#3745=EDGE_CURVE('',#4270,#4270,#4271,.T.);
#3746=EDGE_CURVE('',#4272,#4273,#4274,.T.);
#3747=EDGE_CURVE('',#4275,#4272,#4276,.T.);
#3748=EDGE_CURVE('',#4277,#4275,#4278,.F.);
#3749=EDGE_CURVE('',#4273,#4277,#4279,.F.);
#3750=EDGE_CURVE('',#4280,#4280,#4281,.T.);
#3751=EDGE_CURVE('',#4282,#4282,#4283,.F.);
#3752=EDGE_CURVE('',#4273,#4277,#4284,.F.);
#3753=EDGE_CURVE('',#4275,#4272,#4285,.F.);
#3754=EDGE_CURVE('',#4286,#4286,#4287,.T.);
#3755=EDGE_CURVE('',#4288,#4288,#4289,.F.);
#3756=EDGE_CURVE('',#4290,#4291,#4292,.T.);
#3757=EDGE_CURVE('',#4291,#4293,#4294,.T.);
#3758=EDGE_CURVE('',#4293,#4295,#4296,.T.);
#3759=EDGE_CURVE('',#4295,#4297,#4298,.T.);
#3760=EDGE_CURVE('',#4297,#4299,#4300,.T.);
#3761=EDGE_CURVE('',#4299,#4290,#4301,.T.);
#3762=EDGE_CURVE('',#4302,#4302,#4303,.F.);
#3763=EDGE_CURVE('',#4304,#4305,#4306,.F.);
#3764=EDGE_CURVE('',#4305,#4307,#4308,.F.);
#3765=EDGE_CURVE('',#4307,#4309,#4310,.F.);
#3766=EDGE_CURVE('',#4309,#4304,#4311,.T.);
#3767=EDGE_CURVE('',#4312,#4312,#4313,.F.);
#3768=EDGE_CURVE('',#4314,#4314,#4315,.F.);
#3769=EDGE_CURVE('',#4316,#4316,#4317,.T.);
#3770=EDGE_CURVE('',#4318,#4319,#4320,.T.);
#3771=EDGE_CURVE('',#4319,#4318,#4321,.F.);
#3772=EDGE_CURVE('',#4309,#4322,#4323,.T.);
#3773=EDGE_CURVE('',#4322,#4324,#4325,.T.);
#3774=EDGE_CURVE('',#4324,#4326,#4327,.T.);
#3775=EDGE_CURVE('',#4326,#4304,#4328,.T.);
#3776=EDGE_CURVE('',#4329,#4305,#4330,.T.);
#3777=EDGE_CURVE('',#4331,#4329,#4332,.T.);
#3778=EDGE_CURVE('',#4333,#4331,#4334,.T.);
#3779=EDGE_CURVE('',#4307,#4333,#4335,.T.);
#3780=EDGE_CURVE('',#4322,#4333,#4336,.T.);
#3781=EDGE_CURVE('',#4326,#4329,#4337,.T.);
#3782=EDGE_CURVE('',#4338,#4339,#4340,.T.);
#3783=EDGE_CURVE('',#4339,#4341,#4342,.T.);
#3784=EDGE_CURVE('',#4343,#4341,#4344,.T.);
#3785=EDGE_CURVE('',#4343,#4345,#4346,.F.);
#3786=EDGE_CURVE('',#4345,#4347,#4348,.F.);
#3787=EDGE_CURVE('',#4349,#4347,#4350,.T.);
#3788=EDGE_CURVE('',#4349,#4351,#4352,.T.);
#3789=EDGE_CURVE('',#4351,#4353,#4354,.T.);
#3790=EDGE_CURVE('',#4353,#4338,#4355,.T.);
#3791=EDGE_CURVE('',#4356,#4356,#4357,.F.);
#3792=EDGE_CURVE('',#4358,#4358,#4359,.F.);
#3793=EDGE_CURVE('',#4360,#4339,#4361,.F.);
#3794=EDGE_CURVE('',#4362,#4360,#4363,.T.);
#3795=EDGE_CURVE('',#4364,#4362,#4365,.F.);
#3796=EDGE_CURVE('',#4366,#4364,#4367,.T.);
#3797=EDGE_CURVE('',#4368,#4366,#4369,.T.);
#3798=EDGE_CURVE('',#4370,#4368,#4371,.F.);
#3799=EDGE_CURVE('',#4370,#4372,#4373,.T.);
#3800=EDGE_CURVE('',#4374,#4372,#4375,.F.);
#3801=EDGE_CURVE('',#4297,#4374,#4376,.F.);
#3802=EDGE_CURVE('',#4341,#4295,#4377,.F.);
#3803=EDGE_CURVE('',#4378,#4378,#4379,.F.);
#3804=EDGE_CURVE('',#4290,#4349,#4380,.F.);
#3805=EDGE_CURVE('',#4381,#4299,#4382,.F.);
#3806=EDGE_CURVE('',#4383,#4381,#4384,.F.);
#3807=EDGE_CURVE('',#4385,#4383,#4386,.T.);
#3808=EDGE_CURVE('',#4387,#4385,#4388,.F.);
#3809=EDGE_CURVE('',#4389,#4387,#4390,.F.);
#3810=EDGE_CURVE('',#4391,#4389,#4392,.F.);
#3811=EDGE_CURVE('',#4391,#4351,#4393,.T.);
#3812=EDGE_CURVE('',#4394,#4395,#4396,.F.);
#3813=EDGE_CURVE('',#4395,#4397,#4398,.F.);
#3814=EDGE_CURVE('',#4397,#4399,#4400,.F.);
#3815=EDGE_CURVE('',#4399,#4401,#4402,.F.);
#3816=EDGE_CURVE('',#4401,#4403,#4404,.F.);
#3817=EDGE_CURVE('',#4403,#4394,#4405,.F.);
#3818=EDGE_CURVE('',#4406,#4407,#4408,.F.);
#3819=EDGE_CURVE('',#4407,#4409,#4410,.F.);
#3820=EDGE_CURVE('',#4409,#4411,#4412,.F.);
#3821=EDGE_CURVE('',#4411,#4413,#4414,.F.);
#3822=EDGE_CURVE('',#4413,#4415,#4416,.F.);
#3823=EDGE_CURVE('',#4415,#4406,#4417,.F.);
#3824=EDGE_CURVE('',#4418,#4419,#4420,.F.);
#3825=EDGE_CURVE('',#4419,#4421,#4422,.T.);
#3826=EDGE_CURVE('',#4421,#4423,#4424,.F.);
#3827=EDGE_CURVE('',#4423,#4418,#4425,.F.);
#3828=EDGE_CURVE('',#4426,#4427,#4428,.F.);
#3829=EDGE_CURVE('',#4427,#4429,#4430,.T.);
#3830=EDGE_CURVE('',#4429,#4431,#4432,.F.);
#3831=EDGE_CURVE('',#4431,#4426,#4433,.F.);
#3832=EDGE_CURVE('',#4434,#4434,#4435,.F.);
#3833=EDGE_CURVE('',#4436,#4436,#4437,.T.);
#3834=EDGE_CURVE('',#4324,#4331,#4438,.T.);
#3835=EDGE_CURVE('',#4439,#4440,#4441,.F.);
#3836=EDGE_CURVE('',#4440,#4442,#4443,.F.);
#3837=EDGE_CURVE('',#4442,#4353,#4444,.T.);
#3838=EDGE_CURVE('',#4445,#4391,#4446,.F.);
#3839=EDGE_CURVE('',#4445,#4447,#4448,.T.);
#3840=EDGE_CURVE('',#4447,#4439,#4449,.F.);
#3841=EDGE_CURVE('',#4338,#4450,#4451,.F.);
#3842=EDGE_CURVE('',#4442,#4452,#4453,.F.);
#3843=EDGE_CURVE('',#4452,#4450,#4454,.T.);
#3844=EDGE_CURVE('',#4450,#4360,#4455,.T.);
#3845=EDGE_CURVE('',#4452,#4456,#4457,.T.);
#3846=EDGE_CURVE('',#4456,#4458,#4459,.F.);
#3847=EDGE_CURVE('',#4458,#4460,#4461,.F.);
#3848=EDGE_CURVE('',#4462,#4460,#4463,.T.);
#3849=EDGE_CURVE('',#4462,#4464,#4465,.T.);
#3850=EDGE_CURVE('',#4464,#4466,#4467,.T.);
#3851=EDGE_CURVE('',#4466,#4362,#4468,.T.);
#3852=EDGE_CURVE('',#4469,#4469,#4470,.F.);
#3853=EDGE_CURVE('',#4471,#4471,#4472,.F.);
#3854=EDGE_CURVE('',#4473,#4473,#4474,.F.);
#3855=EDGE_CURVE('',#4387,#4368,#4475,.F.);
#3856=EDGE_CURVE('',#4385,#4370,#4476,.F.);
#3857=EDGE_CURVE('',#4372,#4383,#4477,.T.);
#3858=EDGE_CURVE('',#4478,#4466,#4479,.T.);
#3859=EDGE_CURVE('',#4478,#4364,#4480,.T.);
#3860=EDGE_CURVE('',#4366,#4481,#4482,.T.);
#3861=EDGE_CURVE('',#4481,#4478,#4483,.T.);
#3862=EDGE_CURVE('',#4368,#4484,#4485,.F.);
#3863=EDGE_CURVE('',#4486,#4366,#4487,.T.);
#3864=EDGE_CURVE('',#4484,#4486,#4488,.T.);
#3865=EDGE_CURVE('',#4489,#4489,#4490,.F.);
#3866=EDGE_CURVE('',#4491,#4389,#4492,.F.);
#3867=EDGE_CURVE('',#4491,#4445,#4493,.F.);
#3868=EDGE_CURVE('',#4484,#4494,#4495,.F.);
#3869=EDGE_CURVE('',#4494,#4491,#4496,.F.);
#3870=EDGE_CURVE('',#4426,#4497,#4498,.T.);
#3871=EDGE_CURVE('',#4499,#4497,#4500,.T.);
#3872=EDGE_CURVE('',#4427,#4499,#4501,.T.);
#3873=EDGE_CURVE('',#4499,#4502,#4503,.T.);
#3874=EDGE_CURVE('',#4502,#4504,#4505,.T.);
#3875=EDGE_CURVE('',#4504,#4429,#4506,.T.);
#3876=EDGE_CURVE('',#4507,#4507,#4508,.T.);
#3877=EDGE_CURVE('',#4504,#4509,#4510,.T.);
#3878=EDGE_CURVE('',#4509,#4431,#4511,.T.);
#3879=EDGE_CURVE('',#4512,#4509,#4513,.T.);
#3880=EDGE_CURVE('',#4497,#4512,#4514,.T.);
#3881=EDGE_CURVE('',#4418,#4515,#4516,.T.);
#3882=EDGE_CURVE('',#4517,#4515,#4518,.T.);
#3883=EDGE_CURVE('',#4419,#4517,#4519,.T.);
#3884=EDGE_CURVE('',#4517,#4520,#4521,.T.);
#3885=EDGE_CURVE('',#4520,#4522,#4523,.T.);
#3886=EDGE_CURVE('',#4522,#4421,#4524,.T.);
#3887=EDGE_CURVE('',#4525,#4525,#4526,.T.);
#3888=EDGE_CURVE('',#4522,#4527,#4528,.T.);
#3889=EDGE_CURVE('',#4527,#4423,#4529,.T.);
#3890=EDGE_CURVE('',#4530,#4527,#4531,.T.);
#3891=EDGE_CURVE('',#4515,#4530,#4532,.T.);
#3892=EDGE_CURVE('',#4406,#4533,#4534,.T.);
#3893=EDGE_CURVE('',#4533,#4535,#4536,.F.);
#3894=EDGE_CURVE('',#4407,#4535,#4537,.T.);
#3895=EDGE_CURVE('',#4535,#4538,#4539,.F.);
#3896=EDGE_CURVE('',#4409,#4538,#4540,.T.);
#3897=EDGE_CURVE('',#4538,#4541,#4542,.F.);
#3898=EDGE_CURVE('',#4411,#4541,#4543,.T.);
#3899=EDGE_CURVE('',#4541,#4544,#4545,.F.);
#3900=EDGE_CURVE('',#4413,#4544,#4546,.T.);
#3901=EDGE_CURVE('',#4544,#4547,#4548,.F.);
#3902=EDGE_CURVE('',#4415,#4547,#4549,.T.);
#3903=EDGE_CURVE('',#4547,#4533,#4550,.F.);
#3904=EDGE_CURVE('',#4394,#4551,#4552,.T.);
#3905=EDGE_CURVE('',#4551,#4553,#4554,.F.);
#3906=EDGE_CURVE('',#4395,#4553,#4555,.T.);
#3907=EDGE_CURVE('',#4553,#4556,#4557,.F.);
#3908=EDGE_CURVE('',#4397,#4556,#4558,.T.);
#3909=EDGE_CURVE('',#4556,#4559,#4560,.F.);
#3910=EDGE_CURVE('',#4399,#4559,#4561,.T.);
#3911=EDGE_CURVE('',#4559,#4562,#4563,.F.);
#3912=EDGE_CURVE('',#4401,#4562,#4564,.T.);
#3913=EDGE_CURVE('',#4562,#4565,#4566,.F.);
#3914=EDGE_CURVE('',#4403,#4565,#4567,.T.);
#3915=EDGE_CURVE('',#4565,#4551,#4568,.F.);
#3916=EDGE_CURVE('',#4569,#4569,#4570,.F.);
#3917=EDGE_CURVE('',#4571,#4572,#4573,.F.);
#3918=EDGE_CURVE('',#4571,#4440,#4574,.T.);
#3919=EDGE_CURVE('',#4572,#4439,#4575,.T.);
#3920=EDGE_CURVE('',#4576,#4571,#4577,.F.);
#3921=EDGE_CURVE('',#4456,#4576,#4578,.T.);
#3922=EDGE_CURVE('',#4460,#4447,#4579,.F.);
#3923=EDGE_CURVE('',#4491,#4580,#4581,.T.);
#3924=EDGE_CURVE('',#4580,#4582,#4583,.T.);
#3925=EDGE_CURVE('',#4462,#4582,#4584,.F.);
#3926=EDGE_CURVE('',#4585,#4585,#4586,.T.);
#3927=EDGE_CURVE('',#4572,#4587,#4588,.T.);
#3928=EDGE_CURVE('',#4458,#4587,#4589,.T.);
#3929=EDGE_CURVE('',#4587,#4576,#4590,.T.);
#3930=EDGE_CURVE('',#4582,#4591,#4592,.T.);
#3931=EDGE_CURVE('',#4464,#4591,#4593,.T.);
#3932=EDGE_CURVE('',#4591,#4478,#4594,.T.);
#3933=EDGE_CURVE('',#4481,#4486,#4595,.T.);
#3934=EDGE_CURVE('',#4596,#4591,#4597,.T.);
#3935=EDGE_CURVE('',#4598,#4596,#4599,.T.);
#3936=EDGE_CURVE('',#4494,#4598,#4600,.T.);
#3937=EDGE_CURVE('',#4580,#4598,#4601,.T.);
#3938=EDGE_CURVE('',#4502,#4512,#4602,.T.);
#3939=EDGE_CURVE('',#4603,#4603,#4604,.T.);
#3940=EDGE_CURVE('',#4520,#4530,#4605,.T.);
#3941=EDGE_CURVE('',#4606,#4606,#4607,.T.);
#3942=EDGE_CURVE('',#4596,#4580,#4608,.T.);
#3943=EDGE_CURVE('',#4347,#4343,#4609,.T.);
#3944=EDGE_CURVE('',#4374,#4381,#4610,.T.);
#3945=EDGE_CURVE('',#4347,#4291,#4611,.T.);
#3946=EDGE_CURVE('',#4343,#4293,#4612,.T.);
#3947=EDGE_CURVE('',#4613,#4614,#4615,.T.);
#3948=EDGE_CURVE('',#4614,#4616,#4617,.T.);
#3949=EDGE_CURVE('',#4616,#4618,#4619,.T.);
#3950=EDGE_CURVE('',#4618,#4620,#4621,.T.);
#3951=EDGE_CURVE('',#4620,#4622,#4623,.T.);
#3952=EDGE_CURVE('',#4622,#4613,#4624,.T.);
#3953=EDGE_CURVE('',#4625,#4625,#4626,.F.);
#3954=EDGE_CURVE('',#4627,#4628,#4629,.T.);
#3955=EDGE_CURVE('',#4628,#4630,#4631,.F.);
#3956=EDGE_CURVE('',#4630,#4632,#4633,.T.);
#3957=EDGE_CURVE('',#4632,#4627,#4634,.T.);
#3958=EDGE_CURVE('',#4635,#4635,#4636,.T.);
#3959=EDGE_CURVE('',#4637,#4637,#4638,.T.);
#3960=EDGE_CURVE('',#4639,#4639,#4640,.F.);
#3961=EDGE_CURVE('',#4641,#4642,#4643,.T.);
#3962=EDGE_CURVE('',#4642,#4641,#4644,.F.);
#3963=EDGE_CURVE('',#4645,#4628,#4646,.T.);
#3964=EDGE_CURVE('',#4647,#4645,#4648,.T.);
#3965=EDGE_CURVE('',#4649,#4647,#4650,.T.);
#3966=EDGE_CURVE('',#4630,#4649,#4651,.T.);
#3967=EDGE_CURVE('',#4632,#4652,#4653,.T.);
#3968=EDGE_CURVE('',#4652,#4654,#4655,.T.);
#3969=EDGE_CURVE('',#4654,#4656,#4657,.T.);
#3970=EDGE_CURVE('',#4656,#4627,#4658,.T.);
#3971=EDGE_CURVE('',#4649,#4652,#4659,.T.);
#3972=EDGE_CURVE('',#4645,#4656,#4660,.T.);
#3973=EDGE_CURVE('',#4661,#4662,#4663,.F.);
#3974=EDGE_CURVE('',#4661,#4664,#4665,.T.);
#3975=EDGE_CURVE('',#4613,#4664,#4666,.F.);
#3976=EDGE_CURVE('',#4667,#4622,#4668,.F.);
#3977=EDGE_CURVE('',#4669,#4667,#4670,.F.);
#3978=EDGE_CURVE('',#4671,#4669,#4672,.T.);
#3979=EDGE_CURVE('',#4673,#4671,#4674,.F.);
#3980=EDGE_CURVE('',#4673,#4675,#4676,.T.);
#3981=EDGE_CURVE('',#4675,#4677,#4678,.T.);
#3982=EDGE_CURVE('',#4679,#4677,#4680,.F.);
#3983=EDGE_CURVE('',#4679,#4662,#4681,.T.);
#3984=EDGE_CURVE('',#4682,#4682,#4683,.T.);
#3985=EDGE_CURVE('',#4661,#4684,#4685,.T.);
#3986=EDGE_CURVE('',#4684,#4686,#4687,.T.);
#3987=EDGE_CURVE('',#4686,#4688,#4689,.T.);
#3988=EDGE_CURVE('',#4688,#4690,#4691,.T.);
#3989=EDGE_CURVE('',#4692,#4690,#4693,.T.);
#3990=EDGE_CURVE('',#4692,#4694,#4695,.T.);
#3991=EDGE_CURVE('',#4694,#4696,#4697,.T.);
#3992=EDGE_CURVE('',#4664,#4696,#4698,.T.);
#3993=EDGE_CURVE('',#4699,#4699,#4700,.F.);
#3994=EDGE_CURVE('',#4701,#4701,#4702,.F.);
#3995=EDGE_CURVE('',#4690,#4618,#4703,.F.);
#3996=EDGE_CURVE('',#4704,#4688,#4705,.T.);
#3997=EDGE_CURVE('',#4706,#4704,#4707,.F.);
#3998=EDGE_CURVE('',#4708,#4706,#4709,.F.);
#3999=EDGE_CURVE('',#4710,#4708,#4711,.F.);
#4000=EDGE_CURVE('',#4710,#4712,#4713,.T.);
#4001=EDGE_CURVE('',#4714,#4712,#4715,.F.);
#4002=EDGE_CURVE('',#4620,#4714,#4716,.F.);
#4003=EDGE_CURVE('',#4717,#4718,#4719,.T.);
#4004=EDGE_CURVE('',#4718,#4720,#4721,.T.);
#4005=EDGE_CURVE('',#4720,#4722,#4723,.T.);
#4006=EDGE_CURVE('',#4722,#4724,#4725,.T.);
#4007=EDGE_CURVE('',#4724,#4726,#4727,.T.);
#4008=EDGE_CURVE('',#4726,#4717,#4728,.T.);
#4009=EDGE_CURVE('',#4729,#4730,#4731,.F.);
#4010=EDGE_CURVE('',#4730,#4732,#4733,.F.);
#4011=EDGE_CURVE('',#4732,#4734,#4735,.F.);
#4012=EDGE_CURVE('',#4734,#4736,#4737,.F.);
#4013=EDGE_CURVE('',#4736,#4738,#4739,.F.);
#4014=EDGE_CURVE('',#4738,#4729,#4740,.F.);
#4015=EDGE_CURVE('',#4741,#4742,#4743,.F.);
#4016=EDGE_CURVE('',#4742,#4744,#4745,.F.);
#4017=EDGE_CURVE('',#4744,#4746,#4747,.F.);
#4018=EDGE_CURVE('',#4746,#4741,#4748,.T.);
#4019=EDGE_CURVE('',#4749,#4750,#4751,.F.);
#4020=EDGE_CURVE('',#4750,#4752,#4753,.F.);
#4021=EDGE_CURVE('',#4752,#4754,#4755,.F.);
#4022=EDGE_CURVE('',#4754,#4749,#4756,.T.);
#4023=EDGE_CURVE('',#4757,#4757,#4758,.F.);
#4024=EDGE_CURVE('',#4759,#4759,#4760,.T.);
#4025=EDGE_CURVE('',#4647,#4654,#4761,.T.);
#4026=EDGE_CURVE('',#4712,#4669,#4762,.T.);
#4027=EDGE_CURVE('',#4671,#4710,#4763,.F.);
#4028=EDGE_CURVE('',#4673,#4708,#4764,.F.);
#4029=EDGE_CURVE('',#4765,#4673,#4766,.F.);
#4030=EDGE_CURVE('',#4765,#4767,#4768,.T.);
#4031=EDGE_CURVE('',#4675,#4767,#4769,.T.);
#4032=EDGE_CURVE('',#4770,#4675,#4771,.T.);
#4033=EDGE_CURVE('',#4770,#4772,#4773,.T.);
#4034=EDGE_CURVE('',#4677,#4772,#4774,.T.);
#4035=EDGE_CURVE('',#4679,#4775,#4776,.T.);
#4036=EDGE_CURVE('',#4775,#4772,#4777,.T.);
#4037=EDGE_CURVE('',#4662,#4778,#4779,.T.);
#4038=EDGE_CURVE('',#4775,#4780,#4781,.T.);
#4039=EDGE_CURVE('',#4780,#4782,#4783,.T.);
#4040=EDGE_CURVE('',#4782,#4784,#4785,.T.);
#4041=EDGE_CURVE('',#4784,#4786,#4787,.F.);
#4042=EDGE_CURVE('',#4786,#4788,#4789,.T.);
#4043=EDGE_CURVE('',#4788,#4790,#4791,.T.);
#4044=EDGE_CURVE('',#4790,#4778,#4792,.T.);
#4045=EDGE_CURVE('',#4793,#4793,#4794,.F.);
#4046=EDGE_CURVE('',#4795,#4795,#4796,.T.);
#4047=EDGE_CURVE('',#4778,#4684,#4797,.F.);
#4048=EDGE_CURVE('',#4790,#4798,#4799,.F.);
#4049=EDGE_CURVE('',#4798,#4686,#4800,.T.);
#4050=EDGE_CURVE('',#4801,#4802,#4803,.F.);
#4051=EDGE_CURVE('',#4804,#4802,#4805,.T.);
#4052=EDGE_CURVE('',#4704,#4804,#4806,.F.);
#4053=EDGE_CURVE('',#4798,#4807,#4808,.F.);
#4054=EDGE_CURVE('',#4807,#4801,#4809,.F.);
#4055=EDGE_CURVE('',#4810,#4810,#4811,.F.);
#4056=EDGE_CURVE('',#4812,#4812,#4813,.F.);
#4057=EDGE_CURVE('',#4706,#4814,#4815,.F.);
#4058=EDGE_CURVE('',#4804,#4814,#4816,.F.);
#4059=EDGE_CURVE('',#4814,#4817,#4818,.F.);
#4060=EDGE_CURVE('',#4817,#4765,#4819,.F.);
#4061=EDGE_CURVE('',#4820,#4749,#4821,.T.);
#4062=EDGE_CURVE('',#4820,#4822,#4823,.T.);
#4063=EDGE_CURVE('',#4822,#4750,#4824,.T.);
#4064=EDGE_CURVE('',#4825,#4822,#4826,.T.);
#4065=EDGE_CURVE('',#4827,#4825,#4828,.T.);
#4066=EDGE_CURVE('',#4752,#4827,#4829,.T.);
#4067=EDGE_CURVE('',#4830,#4827,#4831,.T.);
#4068=EDGE_CURVE('',#4754,#4830,#4832,.T.);
#4069=EDGE_CURVE('',#4830,#4833,#4834,.T.);
#4070=EDGE_CURVE('',#4833,#4820,#4835,.T.);
#4071=EDGE_CURVE('',#4836,#4836,#4837,.T.);
#4072=EDGE_CURVE('',#4838,#4741,#4839,.T.);
#4073=EDGE_CURVE('',#4838,#4840,#4841,.T.);
#4074=EDGE_CURVE('',#4840,#4742,#4842,.T.);
#4075=EDGE_CURVE('',#4843,#4840,#4844,.T.);
#4076=EDGE_CURVE('',#4845,#4843,#4846,.T.);
#4077=EDGE_CURVE('',#4744,#4845,#4847,.T.);
#4078=EDGE_CURVE('',#4848,#4845,#4849,.T.);
#4079=EDGE_CURVE('',#4746,#4848,#4850,.T.);
#4080=EDGE_CURVE('',#4848,#4851,#4852,.T.);
#4081=EDGE_CURVE('',#4851,#4838,#4853,.T.);
#4082=EDGE_CURVE('',#4854,#4854,#4855,.T.);
#4083=EDGE_CURVE('',#4856,#4729,#4857,.T.);
#4084=EDGE_CURVE('',#4858,#4856,#4859,.T.);
#4085=EDGE_CURVE('',#4858,#4730,#4860,.T.);
#4086=EDGE_CURVE('',#4861,#4858,#4862,.T.);
#4087=EDGE_CURVE('',#4861,#4732,#4863,.T.);
#4088=EDGE_CURVE('',#4864,#4861,#4865,.T.);
#4089=EDGE_CURVE('',#4864,#4734,#4866,.T.);
#4090=EDGE_CURVE('',#4867,#4864,#4868,.T.);
#4091=EDGE_CURVE('',#4867,#4736,#4869,.T.);
#4092=EDGE_CURVE('',#4870,#4867,#4871,.T.);
#4093=EDGE_CURVE('',#4870,#4738,#4872,.T.);
#4094=EDGE_CURVE('',#4856,#4870,#4873,.T.);
#4095=EDGE_CURVE('',#4874,#4717,#4875,.T.);
#4096=EDGE_CURVE('',#4874,#4876,#4877,.T.);
#4097=EDGE_CURVE('',#4876,#4718,#4878,.T.);
#4098=EDGE_CURVE('',#4876,#4879,#4880,.T.);
#4099=EDGE_CURVE('',#4879,#4720,#4881,.T.);
#4100=EDGE_CURVE('',#4879,#4882,#4883,.T.);
#4101=EDGE_CURVE('',#4882,#4722,#4884,.T.);
#4102=EDGE_CURVE('',#4882,#4885,#4886,.T.);
#4103=EDGE_CURVE('',#4885,#4724,#4887,.T.);
#4104=EDGE_CURVE('',#4885,#4888,#4889,.T.);
#4105=EDGE_CURVE('',#4888,#4726,#4890,.T.);
#4106=EDGE_CURVE('',#4888,#4874,#4891,.T.);
#4107=EDGE_CURVE('',#4892,#4892,#4893,.F.);
#4108=EDGE_CURVE('',#4894,#4895,#4896,.T.);
#4109=EDGE_CURVE('',#4894,#4897,#4898,.T.);
#4110=EDGE_CURVE('',#4772,#4897,#4899,.T.);
#4111=EDGE_CURVE('',#4767,#4770,#4900,.T.);
#4112=EDGE_CURVE('',#4817,#4895,#4901,.T.);
#4113=EDGE_CURVE('',#4902,#4903,#4904,.T.);
#4114=EDGE_CURVE('',#4786,#4902,#4905,.T.);
#4115=EDGE_CURVE('',#4802,#4784,#4906,.F.);
#4116=EDGE_CURVE('',#4903,#4801,#4907,.T.);
#4117=EDGE_CURVE('',#4908,#4902,#4909,.F.);
#4118=EDGE_CURVE('',#4788,#4908,#4910,.T.);
#4119=EDGE_CURVE('',#4911,#4908,#4912,.F.);
#4120=EDGE_CURVE('',#4911,#4807,#4913,.T.);
#4121=EDGE_CURVE('',#4897,#4780,#4914,.T.);
#4122=EDGE_CURVE('',#4897,#4915,#4916,.T.);
#4123=EDGE_CURVE('',#4915,#4782,#4917,.F.);
#4124=EDGE_CURVE('',#4918,#4915,#4919,.T.);
#4125=EDGE_CURVE('',#4814,#4918,#4920,.T.);
#4126=EDGE_CURVE('',#4921,#4921,#4922,.F.);
#4127=EDGE_CURVE('',#4903,#4911,#4923,.T.);
#4128=EDGE_CURVE('',#4895,#4918,#4924,.T.);
#4129=EDGE_CURVE('',#4833,#4825,#4925,.T.);
#4130=EDGE_CURVE('',#4926,#4926,#4927,.T.);
#4131=EDGE_CURVE('',#4851,#4843,#4928,.T.);
#4132=EDGE_CURVE('',#4929,#4929,#4930,.F.);
#4133=EDGE_CURVE('',#4918,#4894,#4931,.T.);
#4134=EDGE_CURVE('',#4696,#4692,#4932,.T.);
#4135=EDGE_CURVE('',#4714,#4667,#4933,.T.);
#4136=EDGE_CURVE('',#4696,#4614,#4934,.F.);
#4137=EDGE_CURVE('',#4692,#4616,#4935,.F.);
#4138=VERTEX_POINT('',#4936);
#4139=VERTEX_POINT('',#4937);
#4140=LINE('',#4938,#4939);
#4141=VERTEX_POINT('',#4941);
#4142=LINE('',#4942,#4943);
#4143=VERTEX_POINT('',#4945);
#4144=LINE('',#4946,#4947);
#4145=LINE('',#4949,#4950);
#4146=VERTEX_POINT('',#4952);
#4147=VERTEX_POINT('',#4953);
#4148=CIRCLE('',#4954,1.575);
#4149=LINE('',#4958,#4959);
#4150=VERTEX_POINT('',#4961);
#4151=LINE('',#4962,#4963);
#4152=VERTEX_POINT('',#4965);
#4153=LINE('',#4966,#4967);
#4154=LINE('',#4969,#4970);
#4155=CIRCLE('',#4972,1.575);
#4156=VERTEX_POINT('',#4976);
#4157=VERTEX_POINT('',#4977);
#4158=LINE('',#4978,#4979);
#4159=VERTEX_POINT('',#4981);
#4160=LINE('',#4982,#4983);
#4161=VERTEX_POINT('',#4985);
#4162=LINE('',#4986,#4987);
#4163=VERTEX_POINT('',#4989);
#4164=LINE('',#4990,#4991);
#4165=VERTEX_POINT('',#4993);
#4166=LINE('',#4994,#4995);
#4167=LINE('',#4997,#4998);
#4168=LINE('',#5000,#5001);
#4169=VERTEX_POINT('',#5003);
#4170=LINE('',#5004,#5005);
#4171=VERTEX_POINT('',#5007);
#4172=LINE('',#5008,#5009);
#4173=LINE('',#5011,#5012);
#4174=VERTEX_POINT('',#5014);
#4175=LINE('',#5015,#5016);
#4176=VERTEX_POINT('',#5018);
#4177=LINE('',#5019,#5020);
#4178=VERTEX_POINT('',#5022);
#4179=LINE('',#5023,#5024);
#4180=VERTEX_POINT('',#5026);
#4181=LINE('',#5027,#5028);
#4182=VERTEX_POINT('',#5030);
#4183=LINE('',#5031,#5032);
#4184=LINE('',#5034,#5035);
#4185=VERTEX_POINT('',#5037);
#4186=LINE('',#5038,#5039);
#4187=LINE('',#5041,#5042);
#4188=CIRCLE('',#5044,6.2499999987019);
#4189=CIRCLE('',#5048,6.2499999987019);
#4190=CIRCLE('',#5052,6.2499999987019);
#4191=CIRCLE('',#5056,6.2499999987019);
#4192=CIRCLE('',#5060,6.2499999987019);
#4193=CIRCLE('',#5064,6.2499999987019);
#4194=VERTEX_POINT('',#5068);
#4195=CIRCLE('',#5069,1.);
#4196=VERTEX_POINT('',#5073);
#4197=CIRCLE('',#5074,1.);
#4198=VERTEX_POINT('',#5078);
#4199=CIRCLE('',#5079,1.);
#4200=VERTEX_POINT('',#5083);
#4201=CIRCLE('',#5084,1.);
#4202=VERTEX_POINT('',#5088);
#4203=CIRCLE('',#5089,2.03);
#4204=VERTEX_POINT('',#5093);
#4205=VERTEX_POINT('',#5094);
#4206=CIRCLE('',#5095,0.2);
#4207=VERTEX_POINT('',#5099);
#4208=LINE('',#5100,#5101);
#4209=VERTEX_POINT('',#5103);
#4210=CIRCLE('',#5104,0.2);
#4211=CIRCLE('',#5108,1.575);
#4212=VERTEX_POINT('',#5112);
#4213=CIRCLE('',#5113,7.);
#4214=VERTEX_POINT('',#5117);
#4215=VERTEX_POINT('',#5118);
#4216=LINE('',#5119,#5120);
#4217=VERTEX_POINT('',#5122);
#4218=LINE('',#5123,#5124);
#4219=VERTEX_POINT('',#5126);
#4220=LINE('',#5127,#5128);
#4221=VERTEX_POINT('',#5130);
#4222=CIRCLE('',#5131,2.);
#4223=VERTEX_POINT('',#5135);
#4224=LINE('',#5136,#5137);
#4225=VERTEX_POINT('',#5139);
#4226=LINE('',#5140,#5141);
#4227=VERTEX_POINT('',#5143);
#4228=LINE('',#5144,#5145);
#4229=LINE('',#5147,#5148);
#4230=VERTEX_POINT('',#5150);
#4231=CIRCLE('',#5151,0.8);
#4232=VERTEX_POINT('',#5155);
#4233=LINE('',#5156,#5157);
#4234=VERTEX_POINT('',#5159);
#4235=LINE('',#5160,#5161);
#4236=LINE('',#5163,#5164);
#4237=VERTEX_POINT('',#5166);
#4238=LINE('',#5167,#5168);
#4239=LINE('',#5170,#5171);
#4240=VERTEX_POINT('',#5173);
#4241=LINE('',#5174,#5175);
#4242=LINE('',#5177,#5178);
#4243=VERTEX_POINT('',#5180);
#4244=LINE('',#5181,#5182);
#4245=LINE('',#5184,#5185);
#4246=VERTEX_POINT('',#5187);
#4247=LINE('',#5188,#5189);
#4248=CIRCLE('',#5191,2.);
#4249=VERTEX_POINT('',#5195);
#4250=LINE('',#5196,#5197);
#4251=LINE('',#5199,#5200);
#4252=VERTEX_POINT('',#5202);
#4253=LINE('',#5203,#5204);
#4254=LINE('',#5206,#5207);
#4255=LINE('',#5209,#5210);
#4256=VERTEX_POINT('',#5212);
#4257=CIRCLE('',#5213,2.03);
#4258=VERTEX_POINT('',#5217);
#4259=LINE('',#5218,#5219);
#4260=VERTEX_POINT('',#5221);
#4261=CIRCLE('',#5222,0.2);
#4262=LINE('',#5226,#5227);
#4263=VERTEX_POINT('',#5229);
#4264=LINE('',#5230,#5231);
#4265=LINE('',#5233,#5234);
#4266=VERTEX_POINT('',#5236);
#4267=CIRCLE('',#5237,0.2);
#4268=LINE('',#5241,#5242);
#4269=CIRCLE('',#5244,1.575);
#4270=VERTEX_POINT('',#5248);
#4271=CIRCLE('',#5249,7.);
#4272=VERTEX_POINT('',#5253);
#4273=VERTEX_POINT('',#5254);
#4274=LINE('',#5255,#5256);
#4275=VERTEX_POINT('',#5258);
#4276=CIRCLE('',#5259,0.8);
#4277=VERTEX_POINT('',#5263);
#4278=LINE('',#5264,#5265);
#4279=B_SPLINE_CURVE_WITH_KNOTS('',3,
(#5267,#5268,#5269,#5270,#5271,#5272,#5273,#5274,#5275,#5276,#5277,#5278,#5279,#5280,
#5281,#5282,#5283,#5284,#5285,#5286,#5287,#5288,#5289,#5290,#5291,#5292,#5293,#5294,
#5295),
.UNSPECIFIED.,.F.,.F.,
(4,1,1,1,1,1,1,1,1,1,1,1,1,1,1,1,1,1,1,1,1,1,1,1,1,1,4),
(0.,0.0265746901364616,0.0347995216121821,0.0694917201001122,0.104112201072527,0.149542261748205,
0.205028161480265,0.269645527106343,0.331912008113298,0.392211351778732,0.441549735790033,
0.480528551938914,0.499995483238564,0.507975986731803,0.533807408010175,0.566141249138547,
0.606655599812143,0.648775628694971,0.684359671664133,0.713034443817264,0.741395746598282,
0.780510720797218,0.833587389184213,0.896911531739614,0.95334429028216,0.973433824537799,
1.),
.UNSPECIFIED.);
#4280=VERTEX_POINT('',#5296);
#4281=CIRCLE('',#5297,7.);
#4282=VERTEX_POINT('',#5301);
#4283=CIRCLE('',#5302,6.5);
#4284=CIRCLE('',#5306,5.);
#4285=CIRCLE('',#5310,5.);
#4286=VERTEX_POINT('',#5314);
#4287=CIRCLE('',#5315,5.);
#4288=VERTEX_POINT('',#5319);
#4289=CIRCLE('',#5320,7.);
#4290=VERTEX_POINT('',#5324);
#4291=VERTEX_POINT('',#5325);
#4292=LINE('',#5326,#5327);
#4293=VERTEX_POINT('',#5329);
#4294=B_SPLINE_CURVE_WITH_KNOTS('',3,
(#5330,#5331,#5332,#5333,#5334,#5335,#5336,#5337,#5338,#5339,#5340,#5341,#5342,#5343,
#5344,#5345,#5346,#5347,#5348,#5349,#5350,#5351,#5352,#5353,#5354,#5355),
.UNSPECIFIED.,.F.,.F.,
(4,1,1,1,1,1,1,1,1,1,1,1,1,1,1,1,1,1,1,1,1,1,1,4),
(0.,0.0420732965534441,0.0799113175322044,0.117393412133535,0.154788832446153,0.19849962135515,
0.246198357322985,0.29863947208204,0.353401489569067,0.408153920518012,0.46142511545394,
0.513662638295733,0.566375424405074,0.620619501184911,0.67559949279539,0.729089282601411,
0.778703508317587,0.823518729990781,0.863662055612816,0.899608874389138,0.931183632334216,
0.960722233892651,0.983093851577087,1.),
.UNSPECIFIED.);
#4295=VERTEX_POINT('',#5356);
#4296=LINE('',#5357,#5358);
#4297=VERTEX_POINT('',#5360);
#4298=LINE('',#5361,#5362);
#4299=VERTEX_POINT('',#5364);
#4300=LINE('',#5365,#5366);
#4301=LINE('',#5368,#5369);
#4302=VERTEX_POINT('',#5371);
#4303=CIRCLE('',#5372,2.1);
#4304=VERTEX_POINT('',#5376);
#4305=VERTEX_POINT('',#5377);
#4306=LINE('',#5378,#5379);
#4307=VERTEX_POINT('',#5381);
#4308=LINE('',#5382,#5383);
#4309=VERTEX_POINT('',#5385);
#4310=LINE('',#5386,#5387);
#4311=LINE('',#5389,#5390);
#4312=VERTEX_POINT('',#5392);
#4313=CIRCLE('',#5393,1.7);
#4314=VERTEX_POINT('',#5397);
#4315=CIRCLE('',#5398,1.7);
#4316=VERTEX_POINT('',#5402);
#4317=CIRCLE('',#5403,1.7);
#4318=VERTEX_POINT('',#5407);
#4319=VERTEX_POINT('',#5408);
#4320=B_SPLINE_CURVE_WITH_KNOTS('',3,
(#5409,#5410,#5411,#5412,#5413,#5414,#5415,#5416,#5417,#5418,#5419,#5420,#5421,#5422,
#5423,#5424,#5425,#5426,#5427,#5428,#5429,#5430,#5431,#5432,#5433,#5434,#5435,#5436,
#5437,#5438,#5439,#5440,#5441,#5442,#5443,#5444,#5445,#5446,#5447,#5448,#5449,#5450,
#5451,#5452,#5453,#5454,#5455,#5456,#5457,#5458,#5459,#5460,#5461,#5462,#5463,#5464,
#5465,#5466,#5467,#5468,#5469,#5470,#5471,#5472,#5473,#5474,#5475,#5476,#5477,#5478,
#5479,#5480,#5481,#5482,#5483,#5484,#5485,#5486,#5487,#5488,#5489,#5490,#5491,#5492,
#5493,#5494,#5495,#5496,#5497,#5498,#5499,#5500,#5501,#5502,#5503,#5504,#5505,#5506,
#5507),
.UNSPECIFIED.,.F.,.F.,
(4,1,1,1,1,1,1,1,1,1,1,1,1,1,1,1,1,1,1,1,1,1,1,1,1,1,1,1,1,1,1,1,1,1,1,1,1,1,1,1,
1,1,1,1,1,1,1,1,1,1,1,1,1,1,1,1,1,1,1,1,1,1,1,1,1,1,1,1,1,1,1,1,1,1,1,1,1,1,1,1,
1,1,1,1,1,1,1,1,1,1,1,1,1,1,1,1,4),
(0.,0.00705975616521395,0.0141290858987873,0.0212026663099413,0.0282862077274124,
0.0353763104993237,0.0424759763390463,0.049583889658357,0.0566910317520098,0.0637950344801363,
0.0708921224507673,0.0779779787560098,0.0850536759367347,0.0921255296761337,0.101546167324576,
0.113319639784384,0.127475482618474,0.139312435704422,0.148831033730124,0.158451618989739,
0.170570059274613,0.183686879533234,0.195337633345075,0.210827115971397,0.231840510819596,
0.253097223620799,0.269248585356117,0.283674861275423,0.303164930242711,0.327503221125358,
0.347922254692128,0.362900738037647,0.371727992977481,0.379614320240115,0.386477525076012,
0.393264384950702,0.401941996514938,0.410440290946723,0.418760036292534,0.426792641687464,
0.434691962313537,0.442454843478126,0.448197746449264,0.453900712108028,0.459550913287332,
0.4651971235324,0.47088099435644,0.476579540540272,0.482271465647584,0.487953529151162,
0.49555419856779,0.49998864345616,0.50503728899847,0.514514183659132,0.522093974263191,
0.527765401786073,0.53345011913746,0.53983931807475,0.546897093158602,0.555320174000349,
0.56450257412014,0.577765891296153,0.590474725075155,0.602588411009733,0.610150731319533,
0.617112450179245,0.623515586502317,0.629968911856652,0.638873814285915,0.64793401111166,
0.657140577407161,0.665061981419956,0.673926226041711,0.688778659874697,0.710502517068065,
0.739148271638798,0.768462245065378,0.791515712677691,0.808257835386704,0.824571431931481,
0.847484427423452,0.871362402516613,0.891521630831524,0.904630580015534,0.916316138790128,
0.928344121486889,0.94164899946878,0.953630473707526,0.962526118084664,0.968346119182002,
0.973682531685548,0.9798214266979,0.985630743199926,0.991108153758372,0.994519518843939,
0.99748317208983,1.),
.UNSPECIFIED.);
#4321=B_SPLINE_CURVE_WITH_KNOTS('',3,
(#5508,#5509,#5510,#5511,#5512,#5513,#5514,#5515,#5516,#5517,#5518,#5519,#5520,#5521,
#5522,#5523,#5524,#5525,#5526,#5527,#5528,#5529,#5530,#5531,#5532,#5533,#5534,#5535,
#5536,#5537,#5538,#5539,#5540,#5541,#5542,#5543,#5544,#5545,#5546,#5547,#5548,#5549,
#5550,#5551,#5552,#5553,#5554,#5555,#5556,#5557,#5558,#5559,#5560,#5561,#5562,#5563,
#5564,#5565,#5566,#5567,#5568,#5569,#5570,#5571,#5572,#5573,#5574,#5575,#5576,#5577,
#5578,#5579,#5580,#5581,#5582,#5583,#5584,#5585,#5586,#5587,#5588,#5589,#5590,#5591,
#5592,#5593,#5594,#5595,#5596,#5597,#5598,#5599,#5600,#5601,#5602,#5603,#5604,#5605,
#5606),
.UNSPECIFIED.,.F.,.F.,
(4,1,1,1,1,1,1,1,1,1,1,1,1,1,1,1,1,1,1,1,1,1,1,1,1,1,1,1,1,1,1,1,1,1,1,1,1,1,1,1,
1,1,1,1,1,1,1,1,1,1,1,1,1,1,1,1,1,1,1,1,1,1,1,1,1,1,1,1,1,1,1,1,1,1,1,1,1,1,1,1,
1,1,1,1,1,1,1,1,1,1,1,1,1,1,1,1,4),
(0.,0.00705975616521495,0.0141290858987881,0.0212026663099424,0.0282862077274127,
0.0353763104993241,0.0424759763390457,0.0495838896583567,0.0566910317520089,0.0637950344801355,
0.0708921224507652,0.0779779787560075,0.0850536759367323,0.0921255296761323,0.101546167324576,
0.113319639784383,0.127475482618472,0.139312435704421,0.148831033730123,0.158451618989738,
0.170570059274613,0.183686879533236,0.195337633345076,0.210827115971398,0.231840510819598,
0.2530972236208,0.269248585356117,0.283674861275421,0.30316493024271,0.327503221125358,
0.347922254692128,0.362900738037647,0.37172799297748,0.379614320240114,0.38647752507601,
0.393264384950702,0.401941996514938,0.410440290946722,0.418760036292533,0.426792641687463,
0.434691962313535,0.442454843478123,0.44819774644926,0.453900712108025,0.45955091328733,
0.465197123532398,0.470880994356439,0.476579540540271,0.482271465647583,0.487953529151163,
0.495554198567792,0.49998864345616,0.50503728899847,0.51451418365913,0.52209397426319,
0.527765401786071,0.533450119137458,0.539839318074748,0.546897093158599,0.555320174000346,
0.564502574120138,0.577765891296151,0.590474725075154,0.602588411009732,0.610150731319531,
0.617112450179245,0.623515586502318,0.629968911856653,0.638873814285915,0.647934011111659,
0.657140577407162,0.665061981419957,0.673926226041712,0.688778659874697,0.710502517068066,
0.739148271638799,0.768462245065377,0.791515712677688,0.808257835386702,0.824571431931478,
0.847484427423448,0.871362402516609,0.89152163083152,0.904630580015531,0.916316138790125,
0.928344121486887,0.941648999468777,0.953630473707523,0.962526118084659,0.968346119181997,
0.973682531685544,0.979821426697896,0.985630743199922,0.99110815375837,0.994519518843938,
0.997483172089829,1.),
.UNSPECIFIED.);
#4322=VERTEX_POINT('',#5607);
#4323=LINE('',#5608,#5609);
#4324=VERTEX_POINT('',#5611);
#4325=LINE('',#5612,#5613);
#4326=VERTEX_POINT('',#5615);
#4327=LINE('',#5616,#5617);
#4328=LINE('',#5619,#5620);
#4329=VERTEX_POINT('',#5622);
#4330=LINE('',#5623,#5624);
#4331=VERTEX_POINT('',#5626);
#4332=LINE('',#5627,#5628);
#4333=VERTEX_POINT('',#5630);
#4334=LINE('',#5631,#5632);
#4335=LINE('',#5634,#5635);
#4336=LINE('',#5637,#5638);
#4337=LINE('',#5640,#5641);
#4338=VERTEX_POINT('',#5643);
#4339=VERTEX_POINT('',#5644);
#4340=CIRCLE('',#5645,9.);
#4341=VERTEX_POINT('',#5649);
#4342=LINE('',#5650,#5651);
#4343=VERTEX_POINT('',#5653);
#4344=LINE('',#5654,#5655);
#4345=VERTEX_POINT('',#5657);
#4346=CIRCLE('',#5658,2.7);
#4347=VERTEX_POINT('',#5662);
#4348=CIRCLE('',#5663,2.7);
#4349=VERTEX_POINT('',#5667);
#4350=LINE('',#5668,#5669);
#4351=VERTEX_POINT('',#5671);
#4352=LINE('',#5672,#5673);
#4353=VERTEX_POINT('',#5675);
#4354=LINE('',#5676,#5677);
#4355=LINE('',#5679,#5680);
#4356=VERTEX_POINT('',#5682);
#4357=CIRCLE('',#5683,1.6);
#4358=VERTEX_POINT('',#5687);
#4359=CIRCLE('',#5688,1.6);
#4360=VERTEX_POINT('',#5692);
#4361=CIRCLE('',#5693,1.);
#4362=VERTEX_POINT('',#5697);
#4363=LINE('',#5698,#5699);
#4364=VERTEX_POINT('',#5701);
#4365=CIRCLE('',#5702,6.);
#4366=VERTEX_POINT('',#5706);
#4367=LINE('',#5707,#5708);
#4368=VERTEX_POINT('',#5710);
#4369=LINE('',#5711,#5712);
#4370=VERTEX_POINT('',#5714);
#4371=CIRCLE('',#5715,6.);
#4372=VERTEX_POINT('',#5719);
#4373=LINE('',#5720,#5721);
#4374=VERTEX_POINT('',#5723);
#4375=CIRCLE('',#5724,8.);
#4376=CIRCLE('',#5728,1.00000000000001);
#4377=CIRCLE('',#5732,1.00000000000001);
#4378=VERTEX_POINT('',#5736);
#4379=CIRCLE('',#5737,1.6);
#4380=CIRCLE('',#5741,1.);
#4381=VERTEX_POINT('',#5745);
#4382=CIRCLE('',#5746,1.);
#4383=VERTEX_POINT('',#5750);
#4384=CIRCLE('',#5751,8.);
#4385=VERTEX_POINT('',#5755);
#4386=LINE('',#5756,#5757);
#4387=VERTEX_POINT('',#5759);
#4388=CIRCLE('',#5760,6.);
#4389=VERTEX_POINT('',#5764);
#4390=LINE('',#5765,#5766);
#4391=VERTEX_POINT('',#5768);
#4392=CIRCLE('',#5769,6.);
#4393=LINE('',#5773,#5774);
#4394=VERTEX_POINT('',#5776);
#4395=VERTEX_POINT('',#5777);
#4396=LINE('',#5778,#5779);
#4397=VERTEX_POINT('',#5781);
#4398=LINE('',#5782,#5783);
#4399=VERTEX_POINT('',#5785);
#4400=LINE('',#5786,#5787);
#4401=VERTEX_POINT('',#5789);
#4402=LINE('',#5790,#5791);
#4403=VERTEX_POINT('',#5793);
#4404=LINE('',#5794,#5795);
#4405=LINE('',#5797,#5798);
#4406=VERTEX_POINT('',#5800);
#4407=VERTEX_POINT('',#5801);
#4408=LINE('',#5802,#5803);
#4409=VERTEX_POINT('',#5805);
#4410=LINE('',#5806,#5807);
#4411=VERTEX_POINT('',#5809);
#4412=LINE('',#5810,#5811);
#4413=VERTEX_POINT('',#5813);
#4414=LINE('',#5814,#5815);
#4415=VERTEX_POINT('',#5817);
#4416=LINE('',#5818,#5819);
#4417=LINE('',#5821,#5822);
#4418=VERTEX_POINT('',#5824);
#4419=VERTEX_POINT('',#5825);
#4420=LINE('',#5826,#5827);
#4421=VERTEX_POINT('',#5829);
#4422=LINE('',#5830,#5831);
#4423=VERTEX_POINT('',#5833);
#4424=LINE('',#5834,#5835);
#4425=LINE('',#5837,#5838);
#4426=VERTEX_POINT('',#5840);
#4427=VERTEX_POINT('',#5841);
#4428=LINE('',#5842,#5843);
#4429=VERTEX_POINT('',#5845);
#4430=LINE('',#5846,#5847);
#4431=VERTEX_POINT('',#5849);
#4432=LINE('',#5850,#5851);
#4433=LINE('',#5853,#5854);
#4434=VERTEX_POINT('',#5856);
#4435=(BOUNDED_CURVE()B_SPLINE_CURVE(3,
(#5857,#5858,#5859,#5860,#5861,#5862,#5863,#5864,#5865,#5866,#5867,#5868,#5869,#5870,
#5871,#5872,#5873,#5874,#5875,#5876,#5877,#5878,#5879,#5880,#5881,#5882,#5883,#5884,
#5885,#5886,#5887,#5888,#5889,#5890,#5891,#5892,#5893,#5894,#5895,#5896,#5897,#5898,
#5899,#5900,#5901,#5902,#5903,#5904,#5905,#5906,#5907,#5908,#5909,#5910,#5911,#5912,
#5913,#5914,#5915,#5916,#5917,#5918,#5919,#5920,#5921,#5922,#5923,#5924,#5925,#5926,
#5927,#5928,#5929,#5930,#5931,#5932,#5933,#5934,#5935,#5936,#5937,#5938,#5939,#5940,
#5941,#5942,#5943,#5944,#5945),
.UNSPECIFIED.,.T.,.F.)B_SPLINE_CURVE_WITH_KNOTS((4,1,1,1,1,1,1,1,1,1,1,1,1,1,1,1,
1,1,1,1,1,1,1,1,1,1,1,1,1,1,1,1,1,1,1,1,1,1,1,1,1,1,1,1,1,1,1,1,1,1,1,1,1,1,1,1,
1,1,1,1,1,1,1,1,1,1,1,1,1,1,1,1,1,1,1,1,1,1,1,1,1,1,1,1,1,1,4),
(0.,0.0133868307173111,0.0272403964323861,0.0415752301972605,0.057221273950215,0.0748411849860844,
0.0941219635432373,0.114712681847219,0.134903678336834,0.154087309568194,0.171439075398803,
0.186138209840206,0.199090823045887,0.21063313552129,0.221240523399959,0.231176868526228,
0.239759584859977,0.248407720675094,0.256188243737363,0.264019976791762,0.270807515755533,
0.277220011018561,0.282869708669566,0.288358623640922,0.29382655162672,0.299635453754403,
0.306079148846043,0.313174551778185,0.320758364446727,0.328887892105126,0.337819625421777,
0.347693062393198,0.358800121347721,0.371367238059282,0.385767965218645,0.401844092301531,
0.419915267172489,0.440014840378799,0.461417226726959,0.481642070655518,0.502089233546319,
0.51918242681196,0.534442721136376,0.545359723113625,0.55545873621737,0.56473976044761,
0.574706463393495,0.585776086401895,0.597288885026702,0.608457167079023,0.620505106969773,
0.632462190206848,0.643420999996522,0.652031859008674,0.65953242979252,0.666599875390668,
0.674620771739265,0.682833984262796,0.691279996881222,0.698572233658393,0.706553207795334,
0.716080538014198,0.728335860807998,0.742733819858084,0.758562456224578,0.774521446477631,
0.790467819904682,0.806471826955637,0.822460995849754,0.838733244937309,0.853331807115521,
0.866447841101968,0.877130447808306,0.88660692116176,0.894924579917548,0.903167197674388,
0.91276821038859,0.924183511741213,0.936905229300104,0.949292111263673,0.959940862601489,
0.968968107679755,0.976604952927292,0.983613452499775,0.989993606397203,0.995409779417785,
1.),
.UNSPECIFIED.)CURVE()GEOMETRIC_REPRESENTATION_ITEM()RATIONAL_B_SPLINE_CURVE((1.,
1.,1.,1.,1.,1.,1.,1.,1.,1.,1.,1.,1.,1.,1.,1.,1.,1.,1.,1.,1.,1.,1.,1.,1.,1.,1.,1.,
1.,1.,1.,1.,1.,1.,1.,1.,1.,1.,1.,1.,1.,1.,1.,1.,1.,1.,1.,1.,1.,1.,1.,1.,1.,1.,1.,
1.,1.,1.,1.,1.,1.,1.,1.,1.,1.,1.,1.,1.,1.,1.,1.,1.,1.,1.,1.,1.,1.,1.,1.,1.,1.,1.,
1.,1.,1.,1.,1.,1.,1.))REPRESENTATION_ITEM(''));
#4436=VERTEX_POINT('',#5946);
#4437=B_SPLINE_CURVE_WITH_KNOTS('',3,
(#5947,#5948,#5949,#5950,#5951,#5952,#5953,#5954,#5955,#5956,#5957,#5958,#5959,#5960,
#5961,#5962,#5963,#5964,#5965,#5966,#5967,#5968,#5969,#5970,#5971,#5972,#5973,#5974,
#5975,#5976,#5977,#5978,#5979,#5980,#5981,#5982,#5983,#5984,#5985,#5986,#5987,#5988,
#5989,#5990,#5991,#5992,#5993,#5994,#5995,#5996,#5997,#5998,#5999,#6000,#6001,#6002,
#6003,#6004,#6005,#6006,#6007,#6008,#6009,#6010,#6011,#6012,#6013,#6014,#6015,#6016,
#6017,#6018,#6019,#6020,#6021,#6022,#6023,#6024,#6025),
.UNSPECIFIED.,.T.,.F.,
(4,1,1,1,1,1,1,1,1,1,1,1,1,1,1,1,1,1,1,1,1,1,1,1,1,1,1,1,1,1,1,1,1,1,1,1,1,1,1,1,
1,1,1,1,1,1,1,1,1,1,1,1,1,1,1,1,1,1,1,1,1,1,1,1,1,1,1,1,1,1,1,1,1,1,1,1,4),
(0.,0.0158315315788516,0.0309450102381462,0.0453378304877832,0.0586821121735881,
0.0716945193655001,0.0842262419294333,0.0966073717123578,0.108945630854078,0.121391464974781,
0.133871607645563,0.146277224739064,0.158201601640758,0.169720165651021,0.180779933605377,
0.191795244298425,0.202277793386955,0.203921028441377,0.212276582404466,0.225471450882588,
0.238583209702882,0.25161610084531,0.263792821292456,0.278911323634408,0.294613579476658,
0.307999333034936,0.319443309635776,0.331303015640187,0.344200654827715,0.357723525772258,
0.37204415770353,0.386541438544017,0.401978506587707,0.418184260966712,0.434763799503338,
0.450953880334208,0.453920245004487,0.466386905741742,0.481458092243969,0.495947179168353,
0.510218325807038,0.523875837792641,0.537139587853531,0.553884821111009,0.570268125787169,
0.586289791563668,0.598391660779557,0.610806867015623,0.623854139680174,0.637216091260108,
0.650882075393496,0.66453422441274,0.67789569661011,0.690978402368527,0.703671134671896,
0.703916163879071,0.71625006787257,0.728618641709236,0.740873596537996,0.756457032442432,
0.771701192816702,0.786611585699692,0.801283905901603,0.816461721619618,0.832144218289138,
0.845374225730679,0.85918036917657,0.873701349221115,0.88836868454892,0.904019256424309,
0.920514204669013,0.937359646603761,0.953716629405308,0.953919644084422,0.969363091279781,
0.984792765995028,1.),
.UNSPECIFIED.);
#4438=LINE('',#6026,#6027);
#4439=VERTEX_POINT('',#6029);
#4440=VERTEX_POINT('',#6030);
#4441=LINE('',#6031,#6032);
#4442=VERTEX_POINT('',#6034);
#4443=LINE('',#6035,#6036);
#4444=LINE('',#6038,#6039);
#4445=VERTEX_POINT('',#6041);
#4446=LINE('',#6042,#6043);
#4447=VERTEX_POINT('',#6045);
#4448=LINE('',#6046,#6047);
#4449=LINE('',#6049,#6050);
#4450=VERTEX_POINT('',#6052);
#4451=CIRCLE('',#6053,1.);
#4452=VERTEX_POINT('',#6057);
#4453=LINE('',#6058,#6059);
#4454=LINE('',#6061,#6062);
#4455=CIRCLE('',#6064,8.);
#4456=VERTEX_POINT('',#6068);
#4457=CIRCLE('',#6069,8.);
#4458=VERTEX_POINT('',#6073);
#4459=LINE('',#6074,#6075);
#4460=VERTEX_POINT('',#6077);
#4461=CIRCLE('',#6078,8.);
#4462=VERTEX_POINT('',#6082);
#4463=LINE('',#6083,#6084);
#4464=VERTEX_POINT('',#6086);
#4465=B_SPLINE_CURVE_WITH_KNOTS('',3,
(#6087,#6088,#6089,#6090,#6091,#6092,#6093,#6094,#6095,#6096,#6097,#6098,#6099,#6100,
#6101,#6102,#6103,#6104,#6105,#6106,#6107,#6108,#6109,#6110,#6111,#6112,#6113,#6114,
#6115,#6116,#6117,#6118,#6119,#6120,#6121,#6122,#6123),
.UNSPECIFIED.,.F.,.F.,
(4,1,1,1,1,1,1,1,1,1,1,1,1,1,1,1,1,1,1,1,1,1,1,1,1,1,1,1,1,1,1,1,1,1,4),
(0.,0.0311275700342929,0.0620502766213778,0.0928273001553721,0.123523323639931,0.154261890607542,
0.185392475362599,0.21684466619458,0.248641395428802,0.280490472873566,0.315885874403457,
0.354823014292408,0.410829532422913,0.466282082980336,0.521223629559273,0.557905679577106,
0.59051798577433,0.618605759681208,0.646250696097138,0.675376223730569,0.706446540720994,
0.748740299218566,0.789295586765931,0.82811049557541,0.852369107753778,0.873067887835855,
0.889862508961614,0.906320413312043,0.921748092046775,0.936495994013137,0.950187834314641,
0.96349326733235,0.976055164291287,0.988230330315882,1.),
.UNSPECIFIED.);
#4466=VERTEX_POINT('',#6124);
#4467=CIRCLE('',#6125,8.);
#4468=B_SPLINE_CURVE_WITH_KNOTS('',3,
(#6129,#6130,#6131,#6132,#6133,#6134,#6135,#6136,#6137,#6138,#6139,#6140,#6141,#6142,
#6143,#6144,#6145,#6146,#6147,#6148,#6149,#6150,#6151,#6152,#6153,#6154,#6155,#6156,
#6157,#6158,#6159,#6160,#6161,#6162,#6163,#6164,#6165,#6166,#6167,#6168,#6169,#6170,
#6171,#6172,#6173,#6174,#6175,#6176,#6177,#6178,#6179,#6180),
.UNSPECIFIED.,.F.,.F.,
(4,1,1,1,1,1,1,1,1,1,1,1,1,1,1,1,1,1,1,1,1,1,1,1,1,1,1,1,1,1,1,1,1,1,1,1,1,1,1,1,
1,1,1,1,1,1,1,1,1,4),
(0.,0.00816178331792759,0.0163854116646057,0.0246658874093827,0.0330501741100726,
0.0414883700113514,0.0530161905552054,0.0676696652697998,0.0827292835474769,0.0951684286011323,
0.105077155955702,0.115181719429488,0.129605627695982,0.144522465077809,0.159950115667697,
0.172271765800315,0.185110698931179,0.198824243893333,0.21289640378235,0.233255286991954,
0.25437519903959,0.276257507875806,0.293699200812908,0.311862949792898,0.331260290583121,
0.351167114539102,0.37516055817479,0.402721960082951,0.445376485729018,0.489132821529957,
0.533944389308344,0.565778657389725,0.595012344523354,0.621525694812045,0.647914455959005,
0.673915593579296,0.699636456108117,0.724824469585885,0.74976518760772,0.774086227324007,
0.798061854528525,0.821566778248458,0.844946267571918,0.867896364521019,0.890537520317916,
0.912697279716096,0.934679459904496,0.956449538184369,0.978206622135691,1.),
.UNSPECIFIED.);
#4469=VERTEX_POINT('',#6181);
#4470=B_SPLINE_CURVE_WITH_KNOTS('',3,
(#6182,#6183,#6184,#6185,#6186,#6187,#6188,#6189,#6190,#6191,#6192,#6193,#6194,#6195,
#6196,#6197,#6198,#6199,#6200,#6201,#6202,#6203,#6204,#6205,#6206,#6207,#6208,#6209,
#6210,#6211,#6212,#6213,#6214,#6215,#6216,#6217,#6218,#6219,#6220,#6221,#6222,#6223,
#6224,#6225,#6226,#6227,#6228,#6229,#6230,#6231,#6232,#6233,#6234,#6235,#6236,#6237,
#6238,#6239,#6240,#6241,#6242,#6243,#6244,#6245,#6246,#6247,#6248,#6249,#6250,#6251,
#6252,#6253,#6254,#6255,#6256,#6257,#6258,#6259,#6260,#6261,#6262,#6263,#6264,#6265,
#6266,#6267,#6268,#6269,#6270,#6271,#6272,#6273),
.UNSPECIFIED.,.T.,.F.,
(4,1,1,1,1,1,1,1,1,1,1,1,1,1,1,1,1,1,1,1,1,1,1,1,1,1,1,1,1,1,1,1,1,1,1,1,1,1,1,1,
1,1,1,1,1,1,1,1,1,1,1,1,1,1,1,1,1,1,1,1,1,1,1,1,1,1,1,1,1,1,1,1,1,1,1,1,1,1,1,1,
1,1,1,1,1,1,1,1,1,4),
(0.,0.0186486612841674,0.0365453979964401,0.0528605800307069,0.069417516746745,0.0868790662041618,
0.105692328487005,0.125203354320195,0.14447372666683,0.163482665057342,0.180555852038428,
0.195330558786092,0.207927620800934,0.219603920023455,0.230214548625437,0.240041981597908,
0.249125218271798,0.257675481255423,0.265250925661473,0.271667374454812,0.27757448476599,
0.283416055083479,0.289279441291376,0.295167384522127,0.301448286896789,0.308620724511712,
0.316861486453531,0.326087494753084,0.336205456585633,0.347406925157213,0.359808519815077,
0.373312317036888,0.388365149024887,0.40494661630404,0.423258304292924,0.442744978877237,
0.462852782872767,0.481500271716273,0.498832920674611,0.51475704189463,0.52943033972702,
0.541882010719994,0.552282897635291,0.562105617337725,0.573055080963259,0.584153700980749,
0.595098987012199,0.605930820003595,0.617927693948459,0.631603478219109,0.643775379355529,
0.653679111886817,0.660754743343208,0.667231998544834,0.673132381883359,0.678804446834224,
0.683810602541709,0.689929548547393,0.696158045404868,0.702792704355481,0.709158103085065,
0.718026365913849,0.729313543483068,0.741977299082948,0.755202311516999,0.769820249305944,
0.786532148340028,0.804508938785777,0.820414488043604,0.832868245310952,0.841163008770621,
0.847613436785002,0.853800490196474,0.860203202258402,0.866461494438096,0.872047988160387,
0.877471462648,0.88290974074936,0.888308621722569,0.894174381398004,0.900411416809315,
0.907529964966279,0.915496588400017,0.925732526051038,0.937313077896239,0.949803376519072,
0.961634214525357,0.973374327064984,0.985984988585077,1.),
.UNSPECIFIED.);
#4471=VERTEX_POINT('',#6274);
#4472=CIRCLE('',#6275,1.6);
#4473=VERTEX_POINT('',#6279);
#4474=CIRCLE('',#6280,1.6);
#4475=LINE('',#6284,#6285);
#4476=LINE('',#6287,#6288);
#4477=LINE('',#6290,#6291);
#4478=VERTEX_POINT('',#6293);
#4479=LINE('',#6294,#6295);
#4480=LINE('',#6297,#6298);
#4481=VERTEX_POINT('',#6300);
#4482=LINE('',#6301,#6302);
#4483=LINE('',#6304,#6305);
#4484=VERTEX_POINT('',#6307);
#4485=CIRCLE('',#6308,6.24999999967128);
#4486=VERTEX_POINT('',#6312);
#4487=CIRCLE('',#6313,6.24999999967128);
#4488=LINE('',#6317,#6318);
#4489=VERTEX_POINT('',#6320);
#4490=CIRCLE('',#6321,1.6);
#4491=VERTEX_POINT('',#6325);
#4492=LINE('',#6326,#6327);
#4493=CIRCLE('',#6329,6.);
#4494=VERTEX_POINT('',#6333);
#4495=LINE('',#6334,#6335);
#4496=CIRCLE('',#6337,6.24999999967128);
#4497=VERTEX_POINT('',#6341);
#4498=LINE('',#6342,#6343);
#4499=VERTEX_POINT('',#6345);
#4500=LINE('',#6346,#6347);
#4501=LINE('',#6349,#6350);
#4502=VERTEX_POINT('',#6352);
#4503=LINE('',#6353,#6354);
#4504=VERTEX_POINT('',#6356);
#4505=LINE('',#6357,#6358);
#4506=LINE('',#6360,#6361);
#4507=VERTEX_POINT('',#6363);
#4508=CIRCLE('',#6364,1.6);
#4509=VERTEX_POINT('',#6368);
#4510=LINE('',#6369,#6370);
#4511=LINE('',#6372,#6373);
#4512=VERTEX_POINT('',#6375);
#4513=LINE('',#6376,#6377);
#4514=LINE('',#6379,#6380);
#4515=VERTEX_POINT('',#6382);
#4516=LINE('',#6383,#6384);
#4517=VERTEX_POINT('',#6386);
#4518=LINE('',#6387,#6388);
#4519=LINE('',#6390,#6391);
#4520=VERTEX_POINT('',#6393);
#4521=LINE('',#6394,#6395);
#4522=VERTEX_POINT('',#6397);
#4523=LINE('',#6398,#6399);
#4524=LINE('',#6401,#6402);
#4525=VERTEX_POINT('',#6404);
#4526=CIRCLE('',#6405,1.6);
#4527=VERTEX_POINT('',#6409);
#4528=LINE('',#6410,#6411);
#4529=LINE('',#6413,#6414);
#4530=VERTEX_POINT('',#6416);
#4531=LINE('',#6417,#6418);
#4532=LINE('',#6420,#6421);
#4533=VERTEX_POINT('',#6423);
#4534=LINE('',#6424,#6425);
#4535=VERTEX_POINT('',#6427);
#4536=LINE('',#6428,#6429);
#4537=LINE('',#6431,#6432);
#4538=VERTEX_POINT('',#6434);
#4539=LINE('',#6435,#6436);
#4540=LINE('',#6438,#6439);
#4541=VERTEX_POINT('',#6441);
#4542=LINE('',#6442,#6443);
#4543=LINE('',#6445,#6446);
#4544=VERTEX_POINT('',#6448);
#4545=LINE('',#6449,#6450);
#4546=LINE('',#6452,#6453);
#4547=VERTEX_POINT('',#6455);
#4548=LINE('',#6456,#6457);
#4549=LINE('',#6459,#6460);
#4550=LINE('',#6462,#6463);
#4551=VERTEX_POINT('',#6465);
#4552=LINE('',#6466,#6467);
#4553=VERTEX_POINT('',#6469);
#4554=LINE('',#6470,#6471);
#4555=LINE('',#6473,#6474);
#4556=VERTEX_POINT('',#6476);
#4557=LINE('',#6477,#6478);
#4558=LINE('',#6480,#6481);
#4559=VERTEX_POINT('',#6483);
#4560=LINE('',#6484,#6485);
#4561=LINE('',#6487,#6488);
#4562=VERTEX_POINT('',#6490);
#4563=LINE('',#6491,#6492);
#4564=LINE('',#6494,#6495);
#4565=VERTEX_POINT('',#6497);
#4566=LINE('',#6498,#6499);
#4567=LINE('',#6501,#6502);
#4568=LINE('',#6504,#6505);
#4569=VERTEX_POINT('',#6507);
#4570=B_SPLINE_CURVE_WITH_KNOTS('',3,
(#6508,#6509,#6510,#6511,#6512,#6513,#6514,#6515,#6516,#6517,#6518,#6519,#6520,#6521,
#6522,#6523,#6524,#6525,#6526,#6527,#6528,#6529,#6530,#6531,#6532,#6533,#6534,#6535,
#6536,#6537,#6538,#6539,#6540,#6541,#6542,#6543,#6544,#6545,#6546,#6547,#6548,#6549,
#6550,#6551,#6552,#6553,#6554,#6555,#6556,#6557,#6558,#6559,#6560,#6561,#6562,#6563,
#6564,#6565,#6566),
.UNSPECIFIED.,.T.,.F.,
(4,1,1,1,1,1,1,1,1,1,1,1,1,1,1,1,1,1,1,1,1,1,1,1,1,1,1,1,1,1,1,1,1,1,1,1,1,1,1,1,
1,1,1,1,1,1,1,1,1,1,1,1,1,1,1,1,4),
(0.,0.011590543176082,0.0279016359527149,0.0450578866705908,0.0630552521189845,0.07793311286394,
0.0935778625584587,0.110498943080769,0.12793684024495,0.15171853415495,0.179337790203165,
0.208860116078699,0.235093008131487,0.255992730797957,0.256850310539512,0.276058522009227,
0.292405885651084,0.309075353058408,0.325187102180832,0.340417578807035,0.35370110643146,
0.36590480390743,0.379695818124494,0.396144015068951,0.41523570147588,0.434357830921047,
0.453523874930864,0.472761562023784,0.492002384283691,0.500000046204185,0.511235904309057,
0.530440100711043,0.549641707341352,0.568837157055607,0.588026479852379,0.607210406618217,
0.62639095007409,0.641845560914583,0.65356429787324,0.664236296250892,0.678627465478134,
0.698866948426834,0.719081015038761,0.738220303851755,0.744008182105313,0.759581437223974,
0.787385649792385,0.820400737203277,0.851866828446687,0.879380447486697,0.904769351179083,
0.92593056251919,0.944238928678326,0.958206762253595,0.971264941140217,0.984898500914531,
1.),
.UNSPECIFIED.);
#4571=VERTEX_POINT('',#6567);
#4572=VERTEX_POINT('',#6568);
#4573=LINE('',#6569,#6570);
#4574=LINE('',#6572,#6573);
#4575=LINE('',#6575,#6576);
#4576=VERTEX_POINT('',#6578);
#4577=CIRCLE('',#6579,1.6);
#4578=LINE('',#6583,#6584);
#4579=LINE('',#6586,#6587);
#4580=VERTEX_POINT('',#6589);
#4581=LINE('',#6590,#6591);
#4582=VERTEX_POINT('',#6593);
#4583=LINE('',#6594,#6595);
#4584=CIRCLE('',#6597,6.);
#4585=VERTEX_POINT('',#6601);
#4586=CIRCLE('',#6602,1.6);
#4587=VERTEX_POINT('',#6606);
#4588=CIRCLE('',#6607,1.6);
#4589=LINE('',#6611,#6612);
#4590=LINE('',#6614,#6615);
#4591=VERTEX_POINT('',#6617);
#4592=LINE('',#6618,#6619);
#4593=LINE('',#6621,#6622);
#4594=LINE('',#6624,#6625);
#4595=LINE('',#6627,#6628);
#4596=VERTEX_POINT('',#6630);
#4597=LINE('',#6631,#6632);
#4598=VERTEX_POINT('',#6634);
#4599=LINE('',#6635,#6636);
#4600=LINE('',#6638,#6639);
#4601=CIRCLE('',#6641,6.24999999967128);
#4602=LINE('',#6645,#6646);
#4603=VERTEX_POINT('',#6648);
#4604=B_SPLINE_CURVE_WITH_KNOTS('',3,
(#6649,#6650,#6651,#6652,#6653,#6654,#6655,#6656,#6657,#6658,#6659,#6660,#6661,#6662,
#6663,#6664,#6665,#6666,#6667,#6668,#6669,#6670,#6671,#6672,#6673,#6674,#6675,#6676,
#6677,#6678,#6679,#6680,#6681,#6682,#6683,#6684,#6685,#6686,#6687,#6688,#6689,#6690,
#6691,#6692,#6693,#6694,#6695,#6696,#6697,#6698,#6699,#6700,#6701,#6702,#6703,#6704,
#6705,#6706,#6707,#6708,#6709,#6710),
.UNSPECIFIED.,.T.,.F.,
(4,1,1,1,1,1,1,1,1,1,1,1,1,1,1,1,1,1,1,1,1,1,1,1,1,1,1,1,1,1,1,1,1,1,1,1,1,1,1,1,
1,1,1,1,1,1,1,1,1,1,1,1,1,1,1,1,1,1,1,4),
(0.,0.0143616512300043,0.0285463800625543,0.0425614454200271,0.0558637919417928,
0.0686314063170813,0.0838829562944314,0.101429448403183,0.121262476177384,0.136659747633496,
0.148326683745999,0.158934893735631,0.173249197830997,0.193473510149961,0.213732383849126,
0.232967694336505,0.24400997822504,0.254253572197575,0.281682048190331,0.31402053853537,
0.345781601528316,0.375671956630403,0.400391637182876,0.420151603081314,0.435643384918578,
0.45139721796727,0.467288447627103,0.483042712278958,0.497779465809056,0.499999746488547,
0.511631467123651,0.524608428490596,0.537612534300904,0.555022884007368,0.57372240454581,
0.593709262526287,0.610954128313815,0.628568543855644,0.652167393692482,0.679211695009493,
0.708179729946848,0.73405521221545,0.75583588829516,0.755989899217733,0.775034637955225,
0.791292178520659,0.807788014036168,0.823727833276563,0.838871841781037,0.852154648917634,
0.864357724223769,0.878147997667961,0.894595296434599,0.91368608439278,0.932807104933161,
0.951971731968888,0.967457741091667,0.979215439833148,0.988823204432677,1.),
.UNSPECIFIED.);
#4605=LINE('',#6711,#6712);
#4606=VERTEX_POINT('',#6714);
#4607=CIRCLE('',#6715,1.6);
#4608=LINE('',#6719,#6720);
#4609=CIRCLE('',#6722,2.7);
#4610=LINE('',#6726,#6727);
#4611=B_SPLINE_CURVE_WITH_KNOTS('',3,
(#6729,#6730,#6731,#6732,#6733,#6734,#6735,#6736,#6737,#6738,#6739,#6740,#6741,#6742,
#6743,#6744,#6745,#6746,#6747,#6748,#6749,#6750,#6751,#6752,#6753,#6754,#6755,#6756,
#6757,#6758),
.UNSPECIFIED.,.F.,.F.,
(4,1,1,1,1,1,1,1,1,1,1,1,1,1,1,1,1,1,1,1,1,1,1,1,1,1,1,4),
(0.,0.03659284070432,0.0628609343969556,0.110169889026396,0.122105216456309,0.177692632954918,
0.185398664750035,0.239629764370314,0.263515544949135,0.311467586269786,0.34365793404539,
0.393039481313446,0.424871396177107,0.473703976155232,0.506696982076858,0.55545463613378,
0.588770914647726,0.638530380946308,0.67068933161464,0.723805702525682,0.752075729414117,
0.810830020452655,0.832597411927226,0.886227422594821,0.911489102564133,0.949772239135942,
0.975197497561162,1.),
.UNSPECIFIED.);
#4612=B_SPLINE_CURVE_WITH_KNOTS('',3,
(#6759,#6760,#6761,#6762,#6763,#6764,#6765,#6766,#6767,#6768,#6769,#6770,#6771,#6772,
#6773,#6774,#6775,#6776,#6777,#6778,#6779,#6780,#6781,#6782,#6783,#6784,#6785,#6786,
#6787,#6788),
.UNSPECIFIED.,.F.,.F.,
(4,1,1,1,1,1,1,1,1,1,1,1,1,1,1,1,1,1,1,1,1,1,1,1,1,1,1,4),
(0.,0.0365928386786212,0.0628609343968895,0.11016988902627,0.122105216456299,0.177692632954902,
0.185398664750013,0.239629764370289,0.263515544949135,0.311467586269787,0.343657934045355,
0.393039481313433,0.424871396177069,0.473703976155196,0.506696982076813,0.555454636133719,
0.588770914647676,0.638530380946239,0.670689331614586,0.723805702525648,0.752075729414073,
0.810830020452635,0.832597411927192,0.886227422594798,0.911489102564086,0.949772239135923,
0.975197497561072,1.),
.UNSPECIFIED.);
#4613=VERTEX_POINT('',#6789);
#4614=VERTEX_POINT('',#6790);
#4615=LINE('',#6791,#6792);
#4616=VERTEX_POINT('',#6794);
#4617=B_SPLINE_CURVE_WITH_KNOTS('',3,
(#6795,#6796,#6797,#6798,#6799,#6800,#6801,#6802,#6803,#6804,#6805,#6806,#6807,#6808,
#6809,#6810,#6811,#6812,#6813,#6814,#6815,#6816,#6817,#6818,#6819,#6820),
.UNSPECIFIED.,.F.,.F.,
(4,1,1,1,1,1,1,1,1,1,1,1,1,1,1,1,1,1,1,1,1,1,1,4),
(0.,0.0420732965539506,0.0799113175331017,0.117393412134493,0.154788832447181,0.198499621355831,
0.246198357323846,0.298639472082392,0.353401489569767,0.408153920518519,0.461425115454745,
0.513662638296413,0.5663754244056,0.62061950118569,0.675599492796043,0.729089282602361,
0.778703508318669,0.82351872999226,0.863662055614698,0.899608874391321,0.931183632336829,
0.960722233896315,0.983093851579868,1.),
.UNSPECIFIED.);
#4618=VERTEX_POINT('',#6821);
#4619=LINE('',#6822,#6823);
#4620=VERTEX_POINT('',#6825);
#4621=LINE('',#6826,#6827);
#4622=VERTEX_POINT('',#6829);
#4623=LINE('',#6830,#6831);
#4624=LINE('',#6833,#6834);
#4625=VERTEX_POINT('',#6836);
#4626=CIRCLE('',#6837,2.1);
#4627=VERTEX_POINT('',#6841);
#4628=VERTEX_POINT('',#6842);
#4629=LINE('',#6843,#6844);
#4630=VERTEX_POINT('',#6846);
#4631=LINE('',#6847,#6848);
#4632=VERTEX_POINT('',#6850);
#4633=LINE('',#6851,#6852);
#4634=LINE('',#6854,#6855);
#4635=VERTEX_POINT('',#6857);
#4636=CIRCLE('',#6858,1.7);
#4637=VERTEX_POINT('',#6862);
#4638=CIRCLE('',#6863,1.7);
#4639=VERTEX_POINT('',#6867);
#4640=CIRCLE('',#6868,1.7);
#4641=VERTEX_POINT('',#6872);
#4642=VERTEX_POINT('',#6873);
#4643=B_SPLINE_CURVE_WITH_KNOTS('',3,
(#6874,#6875,#6876,#6877,#6878,#6879,#6880,#6881,#6882,#6883,#6884,#6885,#6886,#6887,
#6888,#6889,#6890,#6891,#6892,#6893,#6894,#6895,#6896,#6897,#6898,#6899,#6900,#6901,
#6902,#6903,#6904,#6905,#6906,#6907,#6908,#6909,#6910,#6911,#6912,#6913,#6914,#6915,
#6916,#6917,#6918,#6919,#6920,#6921,#6922,#6923,#6924,#6925,#6926,#6927,#6928,#6929,
#6930,#6931,#6932,#6933,#6934,#6935,#6936,#6937,#6938,#6939,#6940,#6941,#6942,#6943,
#6944,#6945,#6946,#6947,#6948,#6949,#6950,#6951,#6952,#6953,#6954,#6955,#6956,#6957,
#6958,#6959,#6960,#6961,#6962,#6963,#6964,#6965,#6966,#6967,#6968,#6969,#6970,#6971,
#6972),
.UNSPECIFIED.,.F.,.F.,
(4,1,1,1,1,1,1,1,1,1,1,1,1,1,1,1,1,1,1,1,1,1,1,1,1,1,1,1,1,1,1,1,1,1,1,1,1,1,1,1,
1,1,1,1,1,1,1,1,1,1,1,1,1,1,1,1,1,1,1,1,1,1,1,1,1,1,1,1,1,1,1,1,1,1,1,1,1,1,1,1,
1,1,1,1,1,1,1,1,1,1,1,1,1,1,1,1,4),
(0.,0.00705975616521415,0.0141290858987878,0.0212026663099415,0.0282862077274123,
0.0353763104993238,0.0424759763390458,0.0495838896583573,0.0566910317520097,0.063795034480136,
0.0708921224507665,0.0779779787560085,0.0850536759367334,0.0921255296761327,0.101546167324576,
0.113319639784384,0.127475482618473,0.139312435704421,0.148831033730124,0.158451618989739,
0.170570059274614,0.183686879533235,0.195337633345074,0.210827115971396,0.231840510819595,
0.253097223620799,0.269248585356117,0.283674861275423,0.303164930242711,0.327503221125358,
0.347922254692129,0.362900738037646,0.371727992977481,0.379614320240114,0.386477525076012,
0.393264384950703,0.401941996514939,0.410440290946723,0.418760036292534,0.426792641687464,
0.434691962313536,0.442454843478124,0.448197746449261,0.453900712108026,0.45955091328733,
0.465197123532398,0.470880994356439,0.476579540540271,0.482271465647582,0.487953529151162,
0.49555419856779,0.499988643456159,0.505037288998469,0.514514183659131,0.522093974263191,
0.527765401786071,0.533450119137458,0.539839318074749,0.5468970931586,0.555320174000346,
0.564502574120138,0.577765891296152,0.590474725075153,0.60258841100973,0.61015073131953,
0.617112450179243,0.623515586502317,0.629968911856651,0.638873814285915,0.64793401111166,
0.657140577407161,0.665061981419957,0.67392622604171,0.688778659874696,0.710502517068064,
0.739148271638796,0.768462245065376,0.791515712677687,0.808257835386702,0.824571431931478,
0.847484427423448,0.87136240251661,0.89152163083152,0.90463058001553,0.916316138790125,
0.928344121486886,0.941648999468776,0.953630473707523,0.96252611808466,0.968346119181998,
0.973682531685546,0.979821426697898,0.985630743199924,0.991108153758372,0.994519518843938,
0.99748317208983,1.),
.UNSPECIFIED.);
#4644=B_SPLINE_CURVE_WITH_KNOTS('',3,
(#6973,#6974,#6975,#6976,#6977,#6978,#6979,#6980,#6981,#6982,#6983,#6984,#6985,#6986,
#6987,#6988,#6989,#6990,#6991,#6992,#6993,#6994,#6995,#6996,#6997,#6998,#6999,#7000,
#7001,#7002,#7003,#7004,#7005,#7006,#7007,#7008,#7009,#7010,#7011,#7012,#7013,#7014,
#7015,#7016,#7017,#7018,#7019,#7020,#7021,#7022,#7023,#7024,#7025,#7026,#7027,#7028,
#7029,#7030,#7031,#7032,#7033,#7034,#7035,#7036,#7037,#7038,#7039,#7040,#7041,#7042,
#7043,#7044,#7045,#7046,#7047,#7048,#7049,#7050,#7051,#7052,#7053,#7054,#7055,#7056,
#7057,#7058,#7059,#7060,#7061,#7062,#7063,#7064,#7065,#7066,#7067,#7068,#7069,#7070,
#7071),
.UNSPECIFIED.,.F.,.F.,
(4,1,1,1,1,1,1,1,1,1,1,1,1,1,1,1,1,1,1,1,1,1,1,1,1,1,1,1,1,1,1,1,1,1,1,1,1,1,1,1,
1,1,1,1,1,1,1,1,1,1,1,1,1,1,1,1,1,1,1,1,1,1,1,1,1,1,1,1,1,1,1,1,1,1,1,1,1,1,1,1,
1,1,1,1,1,1,1,1,1,1,1,1,1,1,1,1,4),
(0.,0.00705975616517903,0.0141290858987284,0.0212026663098603,0.0282862077273104,
0.0353763104991914,0.0424759763388544,0.0495838896580834,0.0566910317516491,0.0637950344796913,
0.0708921224502538,0.0779779787554531,0.0850536759361679,0.09212552967557,0.101546167324038,
0.11331963978388,0.127475482618003,0.139312435703969,0.148831033729683,0.158451618989306,
0.170570059274191,0.183686879532825,0.195337633344677,0.210827115971012,0.231840510819228,
0.253097223620444,0.269248585355768,0.283674861275079,0.303164930242375,0.327503221125034,
0.347922254691815,0.36290073803734,0.371727992977179,0.379614320239817,0.386477525075718,
0.393264384950412,0.401941996514651,0.41044029094644,0.418760036292256,0.42679264168719,
0.434691962313265,0.442454843477857,0.448197746448997,0.453900712107765,0.459550913287072,
0.465197123532143,0.470880994356185,0.476579540540022,0.482271465647336,0.487953529150919,
0.495554198567549,0.49998864345592,0.505037288998232,0.514514183658897,0.522093974262962,
0.527765401785846,0.533450119137235,0.539839318074529,0.546897093158383,0.555320174000134,
0.56450257411993,0.577765891295951,0.590474725074958,0.602588411009542,0.610150731319347,
0.617112450179064,0.623515586502141,0.629968911856479,0.638873814285747,0.647934011111495,
0.657140577406999,0.665061981419799,0.673926226041559,0.688778659874552,0.71050251706793,
0.739148271638675,0.768462245065268,0.791515712677592,0.808257835386617,0.824571431931399,
0.847484427423379,0.871362402516552,0.891521630831472,0.904630580015489,0.916316138790089,
0.928344121486855,0.941648999468752,0.953630473707504,0.962526118084644,0.968346119181985,
0.973682531685535,0.97982142669789,0.985630743199919,0.991108153758368,0.994519518843937,
0.997483172089829,1.),
.UNSPECIFIED.);
#4645=VERTEX_POINT('',#7072);
#4646=LINE('',#7073,#7074);
#4647=VERTEX_POINT('',#7076);
#4648=LINE('',#7077,#7078);
#4649=VERTEX_POINT('',#7080);
#4650=LINE('',#7081,#7082);
#4651=LINE('',#7084,#7085);
#4652=VERTEX_POINT('',#7087);
#4653=LINE('',#7088,#7089);
#4654=VERTEX_POINT('',#7091);
#4655=LINE('',#7092,#7093);
#4656=VERTEX_POINT('',#7095);
#4657=LINE('',#7096,#7097);
#4658=LINE('',#7099,#7100);
#4659=LINE('',#7102,#7103);
#4660=LINE('',#7105,#7106);
#4661=VERTEX_POINT('',#7108);
#4662=VERTEX_POINT('',#7109);
#4663=CIRCLE('',#7110,1.);
#4664=VERTEX_POINT('',#7114);
#4665=LINE('',#7115,#7116);
#4666=CIRCLE('',#7118,0.999999999999993);
#4667=VERTEX_POINT('',#7122);
#4668=CIRCLE('',#7123,1.);
#4669=VERTEX_POINT('',#7127);
#4670=CIRCLE('',#7128,8.);
#4671=VERTEX_POINT('',#7132);
#4672=LINE('',#7133,#7134);
#4673=VERTEX_POINT('',#7136);
#4674=CIRCLE('',#7137,6.);
#4675=VERTEX_POINT('',#7141);
#4676=LINE('',#7142,#7143);
#4677=VERTEX_POINT('',#7145);
#4678=LINE('',#7146,#7147);
#4679=VERTEX_POINT('',#7149);
#4680=CIRCLE('',#7150,6.);
#4681=LINE('',#7154,#7155);
#4682=VERTEX_POINT('',#7157);
#4683=CIRCLE('',#7158,1.6);
#4684=VERTEX_POINT('',#7162);
#4685=CIRCLE('',#7163,9.);
#4686=VERTEX_POINT('',#7167);
#4687=LINE('',#7168,#7169);
#4688=VERTEX_POINT('',#7171);
#4689=LINE('',#7172,#7173);
#4690=VERTEX_POINT('',#7175);
#4691=LINE('',#7176,#7177);
#4692=VERTEX_POINT('',#7179);
#4693=LINE('',#7180,#7181);
#4694=VERTEX_POINT('',#7183);
#4695=CIRCLE('',#7184,2.7);
#4696=VERTEX_POINT('',#7188);
#4697=CIRCLE('',#7189,2.7);
#4698=LINE('',#7193,#7194);
#4699=VERTEX_POINT('',#7196);
#4700=CIRCLE('',#7197,1.6);
#4701=VERTEX_POINT('',#7201);
#4702=CIRCLE('',#7202,1.6);
#4703=CIRCLE('',#7206,1.);
#4704=VERTEX_POINT('',#7210);
#4705=LINE('',#7211,#7212);
#4706=VERTEX_POINT('',#7214);
#4707=CIRCLE('',#7215,6.);
#4708=VERTEX_POINT('',#7219);
#4709=LINE('',#7220,#7221);
#4710=VERTEX_POINT('',#7223);
#4711=CIRCLE('',#7224,6.);
#4712=VERTEX_POINT('',#7228);
#4713=LINE('',#7229,#7230);
#4714=VERTEX_POINT('',#7232);
#4715=CIRCLE('',#7233,8.);
#4716=CIRCLE('',#7237,0.999999999999999);
#4717=VERTEX_POINT('',#7241);
#4718=VERTEX_POINT('',#7242);
#4719=LINE('',#7243,#7244);
#4720=VERTEX_POINT('',#7246);
#4721=LINE('',#7247,#7248);
#4722=VERTEX_POINT('',#7250);
#4723=LINE('',#7251,#7252);
#4724=VERTEX_POINT('',#7254);
#4725=LINE('',#7255,#7256);
#4726=VERTEX_POINT('',#7258);
#4727=LINE('',#7259,#7260);
#4728=LINE('',#7262,#7263);
#4729=VERTEX_POINT('',#7265);
#4730=VERTEX_POINT('',#7266);
#4731=LINE('',#7267,#7268);
#4732=VERTEX_POINT('',#7270);
#4733=LINE('',#7271,#7272);
#4734=VERTEX_POINT('',#7274);
#4735=LINE('',#7275,#7276);
#4736=VERTEX_POINT('',#7278);
#4737=LINE('',#7279,#7280);
#4738=VERTEX_POINT('',#7282);
#4739=LINE('',#7283,#7284);
#4740=LINE('',#7286,#7287);
#4741=VERTEX_POINT('',#7289);
#4742=VERTEX_POINT('',#7290);
#4743=LINE('',#7291,#7292);
#4744=VERTEX_POINT('',#7294);
#4745=LINE('',#7295,#7296);
#4746=VERTEX_POINT('',#7298);
#4747=LINE('',#7299,#7300);
#4748=LINE('',#7302,#7303);
#4749=VERTEX_POINT('',#7305);
#4750=VERTEX_POINT('',#7306);
#4751=LINE('',#7307,#7308);
#4752=VERTEX_POINT('',#7310);
#4753=LINE('',#7311,#7312);
#4754=VERTEX_POINT('',#7314);
#4755=LINE('',#7315,#7316);
#4756=LINE('',#7318,#7319);
#4757=VERTEX_POINT('',#7321);
#4758=B_SPLINE_CURVE_WITH_KNOTS('',3,
(#7322,#7323,#7324,#7325,#7326,#7327,#7328,#7329,#7330,#7331,#7332,#7333,#7334,#7335,
#7336,#7337,#7338,#7339,#7340,#7341,#7342,#7343,#7344,#7345,#7346,#7347,#7348,#7349,
#7350,#7351,#7352,#7353,#7354,#7355,#7356,#7357,#7358,#7359,#7360,#7361,#7362,#7363,
#7364,#7365,#7366,#7367,#7368,#7369,#7370,#7371,#7372,#7373,#7374,#7375,#7376,#7377,
#7378,#7379,#7380,#7381,#7382,#7383,#7384,#7385,#7386,#7387,#7388,#7389,#7390,#7391,
#7392,#7393,#7394,#7395,#7396,#7397,#7398,#7399,#7400,#7401,#7402,#7403,#7404,#7405,
#7406,#7407,#7408),
.UNSPECIFIED.,.T.,.F.,
(4,1,1,1,1,1,1,1,1,1,1,1,1,1,1,1,1,1,1,1,1,1,1,1,1,1,1,1,1,1,1,1,1,1,1,1,1,1,1,1,
1,1,1,1,1,1,1,1,1,1,1,1,1,1,1,1,1,1,1,1,1,1,1,1,1,1,1,1,1,1,1,1,1,1,1,1,1,1,1,1,
1,1,1,1,4),
(0.,0.00957598540142718,0.019049249450144,0.0287054833048413,0.0391575245770025,
0.0506159669781245,0.0631027741265728,0.0762931193655982,0.0891105815736531,0.100748920637784,
0.111238875265363,0.12182080323999,0.132993289897563,0.145778475709395,0.159954988906783,
0.175770015453588,0.191857540709618,0.208146929515657,0.224419494734975,0.240676149974187,
0.25671277759858,0.272178384492832,0.285722854288901,0.297108994594689,0.306227582699504,
0.314452945871548,0.322271595664133,0.330400916230925,0.339698423407079,0.3507850787955,
0.363380850134768,0.375939969091149,0.387421101166142,0.400132542250027,0.412308971846727,
0.423939802412105,0.433394514437264,0.444973196205008,0.457368159308971,0.470514677947687,
0.483067977587158,0.499187095031591,0.518600183791457,0.540175401151266,0.561127605580132,
0.580738764827656,0.599019722196037,0.615267508377248,0.629803280829755,0.642731990362889,
0.653972508094298,0.663076896395719,0.671177924658965,0.678733227573192,0.686491267914448,
0.693453679468355,0.700074692696547,0.705922801675205,0.711383838426943,0.716859421289585,
0.722671440499706,0.729126440472867,0.736158116010845,0.743663671737243,0.751747203919211,
0.760439013851945,0.770063205845952,0.780952347896239,0.792756622434334,0.80630335149455,
0.820940011995815,0.838196510185101,0.856457777018456,0.874512437094702,0.891306761158197,
0.907266313632116,0.924514321154686,0.940540702003275,0.95448721923293,0.964747791143616,
0.975371223306381,0.984525173382774,0.992807258888907,0.997068674666848,1.),
.UNSPECIFIED.);
#4759=VERTEX_POINT('',#7409);
#4760=B_SPLINE_CURVE_WITH_KNOTS('',3,
(#7410,#7411,#7412,#7413,#7414,#7415,#7416,#7417,#7418,#7419,#7420,#7421,#7422,#7423,
#7424,#7425,#7426,#7427,#7428,#7429,#7430,#7431,#7432,#7433,#7434,#7435,#7436,#7437,
#7438,#7439,#7440,#7441,#7442,#7443,#7444,#7445,#7446,#7447,#7448,#7449,#7450,#7451,
#7452,#7453,#7454,#7455,#7456,#7457,#7458,#7459,#7460,#7461,#7462,#7463,#7464,#7465,
#7466,#7467,#7468,#7469,#7470,#7471,#7472,#7473,#7474,#7475,#7476,#7477,#7478,#7479,
#7480,#7481,#7482,#7483,#7484,#7485),
.UNSPECIFIED.,.T.,.F.,
(4,1,1,1,1,1,1,1,1,1,1,1,1,1,1,1,1,1,1,1,1,1,1,1,1,1,1,1,1,1,1,1,1,1,1,1,1,1,1,1,
1,1,1,1,1,1,1,1,1,1,1,1,1,1,1,1,1,1,1,1,1,1,1,1,1,1,1,1,1,1,1,1,1,4),
(0.,0.0185196575202385,0.0341388659173622,0.0460771682270839,0.0483279051785482,
0.063983691354067,0.0809462957676434,0.097743667860723,0.113817746960385,0.129326179753584,
0.147447588975966,0.16451202020733,0.180520649818085,0.192637872440603,0.205088065013707,
0.217959622191867,0.2309163954073,0.243732583158819,0.256323024128323,0.26905412864445,
0.282158547752213,0.295144678572575,0.296076661112795,0.307650087266217,0.319505939264593,
0.331184875090629,0.344612964121697,0.360227980121965,0.378478169343121,0.395264226766222,
0.41032975991535,0.423851579116348,0.438004388599887,0.45323121805171,0.468910646955024,
0.485324230351865,0.50203012317192,0.519170748488549,0.536458713460507,0.546078218417933,
0.553804675332435,0.57106274887116,0.588266230232725,0.605500105006321,0.622044296526659,
0.637861423432495,0.652644817159591,0.667114442521898,0.68066927905476,0.693615995462004,
0.706251232028867,0.719179081187571,0.731915130577006,0.744164093097875,0.756161681367681,
0.768389823445009,0.780707657170238,0.792878951464038,0.796076886509178,0.80511581148341,
0.817553713794984,0.829611644026085,0.84108322703705,0.855181445278797,0.872980005724934,
0.89124153082287,0.906749327225541,0.91942246059214,0.932496400662987,0.94597438673634,
0.95945989494995,0.972962297288783,0.986476238154567,1.),
.UNSPECIFIED.);
#4761=LINE('',#7486,#7487);
#4762=LINE('',#7489,#7490);
#4763=LINE('',#7492,#7493);
#4764=LINE('',#7495,#7496);
#4765=VERTEX_POINT('',#7498);
#4766=CIRCLE('',#7499,6.24999999967128);
#4767=VERTEX_POINT('',#7503);
#4768=LINE('',#7504,#7505);
#4769=CIRCLE('',#7507,6.24999999967128);
#4770=VERTEX_POINT('',#7511);
#4771=LINE('',#7512,#7513);
#4772=VERTEX_POINT('',#7515);
#4773=LINE('',#7516,#7517);
#4774=LINE('',#7519,#7520);
#4775=VERTEX_POINT('',#7522);
#4776=B_SPLINE_CURVE_WITH_KNOTS('',3,
(#7523,#7524,#7525,#7526,#7527,#7528,#7529,#7530,#7531,#7532,#7533,#7534,#7535,#7536,
#7537,#7538,#7539,#7540,#7541,#7542,#7543,#7544,#7545,#7546,#7547,#7548,#7549,#7550,
#7551,#7552,#7553,#7554,#7555,#7556,#7557,#7558,#7559),
.UNSPECIFIED.,.F.,.F.,
(4,1,1,1,1,1,1,1,1,1,1,1,1,1,1,1,1,1,1,1,1,1,1,1,1,1,1,1,1,1,1,1,1,1,4),
(0.,0.0311275700342932,0.0620502766213778,0.0928273001553728,0.123523323639932,0.154261890607545,
0.185392475362603,0.216844666194584,0.248641395428804,0.280490472873567,0.315885874403458,
0.354823014292409,0.410829532422914,0.466282082980337,0.521223629559274,0.557905679577106,
0.590517985774329,0.618605759681208,0.646250696097138,0.67537622373057,0.706446540720994,
0.748740299218566,0.78929558676593,0.828110495575409,0.852369107753776,0.873067887835853,
0.889862508961613,0.906320413312042,0.921748092046774,0.936495994013137,0.950187834314641,
0.963493267332349,0.976055164291287,0.988230330315882,1.),
.UNSPECIFIED.);
#4777=LINE('',#7560,#7561);
#4778=VERTEX_POINT('',#7563);
#4779=CIRCLE('',#7564,8.);
#4780=VERTEX_POINT('',#7568);
#4781=CIRCLE('',#7569,8.);
#4782=VERTEX_POINT('',#7573);
#4783=B_SPLINE_CURVE_WITH_KNOTS('',3,
(#7574,#7575,#7576,#7577,#7578,#7579,#7580,#7581,#7582,#7583,#7584,#7585,#7586,#7587,
#7588,#7589,#7590,#7591,#7592,#7593,#7594,#7595,#7596,#7597,#7598,#7599,#7600,#7601,
#7602,#7603,#7604,#7605,#7606,#7607,#7608,#7609,#7610,#7611,#7612,#7613,#7614,#7615,
#7616,#7617,#7618,#7619,#7620,#7621,#7622,#7623,#7624,#7625),
.UNSPECIFIED.,.F.,.F.,
(4,1,1,1,1,1,1,1,1,1,1,1,1,1,1,1,1,1,1,1,1,1,1,1,1,1,1,1,1,1,1,1,1,1,1,1,1,1,1,1,
1,1,1,1,1,1,1,1,1,4),
(0.,0.00816178331792746,0.0163854116646062,0.0246658874093825,0.0330501741100725,
0.0414883700113526,0.0530161905552064,0.0676696652698008,0.0827292835474778,0.0951684286011335,
0.105077155955702,0.115181719429488,0.129605627695982,0.144522465077809,0.159950115667697,
0.172271765800316,0.185110698931179,0.198824243893333,0.21289640378235,0.233255286991955,
0.254375199039591,0.276257507875807,0.293699200812908,0.311862949792899,0.331260290583122,
0.351167114539102,0.375160558174791,0.402721960082952,0.445376485729019,0.48913282152996,
0.533944389308347,0.565778657389727,0.595012344523356,0.621525694812045,0.647914455959001,
0.673915593579287,0.699636456108106,0.724824469585872,0.749765187607706,0.774086227323995,
0.798061854528515,0.821566778248451,0.844946267571914,0.867896364521018,0.890537520317919,
0.9126972797161,0.9346794599045,0.956449538184373,0.978206622135695,1.),
.UNSPECIFIED.);
#4784=VERTEX_POINT('',#7626);
#4785=LINE('',#7627,#7628);
#4786=VERTEX_POINT('',#7630);
#4787=CIRCLE('',#7631,8.);
#4788=VERTEX_POINT('',#7635);
#4789=LINE('',#7636,#7637);
#4790=VERTEX_POINT('',#7639);
#4791=CIRCLE('',#7640,8.);
#4792=LINE('',#7644,#7645);
#4793=VERTEX_POINT('',#7647);
#4794=B_SPLINE_CURVE_WITH_KNOTS('',3,
(#7648,#7649,#7650,#7651,#7652,#7653,#7654,#7655,#7656,#7657,#7658,#7659,#7660,#7661,
#7662,#7663,#7664,#7665,#7666,#7667,#7668,#7669,#7670,#7671,#7672,#7673,#7674,#7675,
#7676,#7677,#7678,#7679,#7680,#7681,#7682,#7683,#7684,#7685,#7686,#7687,#7688,#7689,
#7690,#7691,#7692,#7693,#7694,#7695,#7696,#7697,#7698,#7699,#7700,#7701,#7702,#7703,
#7704,#7705,#7706,#7707,#7708,#7709,#7710,#7711,#7712,#7713,#7714,#7715,#7716,#7717,
#7718,#7719,#7720,#7721,#7722,#7723,#7724,#7725,#7726,#7727,#7728,#7729,#7730,#7731,
#7732,#7733,#7734,#7735,#7736,#7737,#7738,#7739,#7740),
.UNSPECIFIED.,.T.,.F.,
(4,1,1,1,1,1,1,1,1,1,1,1,1,1,1,1,1,1,1,1,1,1,1,1,1,1,1,1,1,1,1,1,1,1,1,1,1,1,1,1,
1,1,1,1,1,1,1,1,1,1,1,1,1,1,1,1,1,1,1,1,1,1,1,1,1,1,1,1,1,1,1,1,1,1,1,1,1,1,1,1,
1,1,1,1,1,1,1,1,1,1,4),
(0.,0.0113451286447868,0.0224392275940981,0.032741643085232,0.0430342694352807,0.0540378445323174,
0.066479590907631,0.0788393137374363,0.0895745618265584,0.0978881536988778,0.10471050598931,
0.110694986847903,0.116276116791106,0.122029466128363,0.128116219162045,0.13490807949821,
0.14231625443789,0.152056003445534,0.16462804354817,0.180321344464727,0.197369471603537,
0.215269712070257,0.232157765975997,0.246894133115063,0.258158287739298,0.266609772888024,
0.274470973864604,0.282193535043323,0.289511959293728,0.295411740365334,0.300598966517662,
0.306460655557664,0.31259615621122,0.319136345913215,0.326836633438246,0.336339158237736,
0.348057329879411,0.36032815602271,0.372949226312127,0.384628610337163,0.39538926437922,
0.405924514602331,0.41668325511406,0.427665485914407,0.439141300096142,0.451234461987309,
0.465106557849222,0.479996077433475,0.495954527823125,0.513270104278895,0.531822285933796,
0.551585989265678,0.570972668877522,0.589556967250768,0.606829214760193,0.622474314327732,
0.636211088451921,0.648234707772816,0.658686270084934,0.668184588846311,0.677155681790326,
0.685668126397184,0.693455681700463,0.700297864463506,0.70636518837758,0.712202105302621,
0.717989739698197,0.723756900694389,0.729813568098145,0.736303844479448,0.743820902642216,
0.752248952200378,0.761756716001273,0.772148270162633,0.783578650948833,0.796192605106422,
0.809892808509805,0.825256852744908,0.842222002020602,0.86079524194703,0.878702036913333,
0.89670554518921,0.914336240112265,0.930984833521097,0.944985517129933,0.956164473507107,
0.966408740689158,0.976125874019964,0.984902389149196,0.992811818707077,1.),
.UNSPECIFIED.);
#4795=VERTEX_POINT('',#7741);
#4796=CIRCLE('',#7742,1.6);
#4797=CIRCLE('',#7746,1.);
#4798=VERTEX_POINT('',#7750);
#4799=LINE('',#7751,#7752);
#4800=LINE('',#7754,#7755);
#4801=VERTEX_POINT('',#7757);
#4802=VERTEX_POINT('',#7758);
#4803=LINE('',#7759,#7760);
#4804=VERTEX_POINT('',#7762);
#4805=LINE('',#7763,#7764);
#4806=LINE('',#7766,#7767);
#4807=VERTEX_POINT('',#7769);
#4808=LINE('',#7770,#7771);
#4809=LINE('',#7773,#7774);
#4810=VERTEX_POINT('',#7776);
#4811=CIRCLE('',#7777,1.6);
#4812=VERTEX_POINT('',#7781);
#4813=CIRCLE('',#7782,1.6);
#4814=VERTEX_POINT('',#7786);
#4815=LINE('',#7787,#7788);
#4816=CIRCLE('',#7790,6.);
#4817=VERTEX_POINT('',#7794);
#4818=CIRCLE('',#7795,6.24999999967128);
#4819=LINE('',#7799,#7800);
#4820=VERTEX_POINT('',#7802);
#4821=LINE('',#7803,#7804);
#4822=VERTEX_POINT('',#7806);
#4823=LINE('',#7807,#7808);
#4824=LINE('',#7810,#7811);
#4825=VERTEX_POINT('',#7813);
#4826=LINE('',#7814,#7815);
#4827=VERTEX_POINT('',#7817);
#4828=LINE('',#7818,#7819);
#4829=LINE('',#7821,#7822);
#4830=VERTEX_POINT('',#7824);
#4831=LINE('',#7825,#7826);
#4832=LINE('',#7828,#7829);
#4833=VERTEX_POINT('',#7831);
#4834=LINE('',#7832,#7833);
#4835=LINE('',#7835,#7836);
#4836=VERTEX_POINT('',#7838);
#4837=CIRCLE('',#7839,1.6);
#4838=VERTEX_POINT('',#7843);
#4839=LINE('',#7844,#7845);
#4840=VERTEX_POINT('',#7847);
#4841=LINE('',#7848,#7849);
#4842=LINE('',#7851,#7852);
#4843=VERTEX_POINT('',#7854);
#4844=LINE('',#7855,#7856);
#4845=VERTEX_POINT('',#7858);
#4846=LINE('',#7859,#7860);
#4847=LINE('',#7862,#7863);
#4848=VERTEX_POINT('',#7865);
#4849=LINE('',#7866,#7867);
#4850=LINE('',#7869,#7870);
#4851=VERTEX_POINT('',#7872);
#4852=LINE('',#7873,#7874);
#4853=LINE('',#7876,#7877);
#4854=VERTEX_POINT('',#7879);
#4855=CIRCLE('',#7880,1.6);
#4856=VERTEX_POINT('',#7884);
#4857=LINE('',#7885,#7886);
#4858=VERTEX_POINT('',#7888);
#4859=LINE('',#7889,#7890);
#4860=LINE('',#7892,#7893);
#4861=VERTEX_POINT('',#7895);
#4862=LINE('',#7896,#7897);
#4863=LINE('',#7899,#7900);
#4864=VERTEX_POINT('',#7902);
#4865=LINE('',#7903,#7904);
#4866=LINE('',#7906,#7907);
#4867=VERTEX_POINT('',#7909);
#4868=LINE('',#7910,#7911);
#4869=LINE('',#7913,#7914);
#4870=VERTEX_POINT('',#7916);
#4871=LINE('',#7917,#7918);
#4872=LINE('',#7920,#7921);
#4873=LINE('',#7923,#7924);
#4874=VERTEX_POINT('',#7926);
#4875=LINE('',#7927,#7928);
#4876=VERTEX_POINT('',#7930);
#4877=LINE('',#7931,#7932);
#4878=LINE('',#7934,#7935);
#4879=VERTEX_POINT('',#7937);
#4880=LINE('',#7938,#7939);
#4881=LINE('',#7941,#7942);
#4882=VERTEX_POINT('',#7944);
#4883=LINE('',#7945,#7946);
#4884=LINE('',#7948,#7949);
#4885=VERTEX_POINT('',#7951);
#4886=LINE('',#7952,#7953);
#4887=LINE('',#7955,#7956);
#4888=VERTEX_POINT('',#7958);
#4889=LINE('',#7959,#7960);
#4890=LINE('',#7962,#7963);
#4891=LINE('',#7965,#7966);
#4892=VERTEX_POINT('',#7968);
#4893=(BOUNDED_CURVE()B_SPLINE_CURVE(3,
(#7969,#7970,#7971,#7972,#7973,#7974,#7975,#7976,#7977,#7978,#7979,#7980,#7981,#7982,
#7983,#7984,#7985,#7986,#7987,#7988,#7989,#7990,#7991,#7992,#7993,#7994,#7995,#7996,
#7997,#7998,#7999,#8000,#8001,#8002,#8003,#8004,#8005,#8006,#8007,#8008,#8009,#8010,
#8011,#8012,#8013,#8014,#8015,#8016,#8017,#8018,#8019,#8020,#8021,#8022,#8023,#8024,
#8025,#8026,#8027),
.UNSPECIFIED.,.T.,.F.)B_SPLINE_CURVE_WITH_KNOTS((4,1,1,1,1,1,1,1,1,1,1,1,1,1,1,1,
1,1,1,1,1,1,1,1,1,1,1,1,1,1,1,1,1,1,1,1,1,1,1,1,1,1,1,1,1,1,1,1,1,1,1,1,1,1,1,1,
4),
(0.,0.0115905431760823,0.0279016359527152,0.0450578866705903,0.0630552521189839,
0.0779331128639387,0.0935778625584577,0.110498943080769,0.127936840244949,0.151718534154949,
0.179337790203163,0.208860116078695,0.235093008131481,0.255992730797957,0.256850310539504,
0.276058522009219,0.292405885651077,0.309075353058403,0.325187102180831,0.340417578807034,
0.35370110643146,0.36590480390743,0.379695818124494,0.39614401506895,0.415235701475879,
0.434357830921047,0.453523874930863,0.472761562023785,0.492002384283691,0.500000046204185,
0.511235904309057,0.530440100711044,0.549641707341352,0.568837157055607,0.588026479852379,
0.607210406618217,0.62639095007409,0.641845560914583,0.65356429787324,0.664236296250892,
0.678627465478134,0.698866948426833,0.719081015038761,0.738220303851755,0.744008182105314,
0.759581437223974,0.787385649792386,0.820400737203277,0.851866828446687,0.879380447486696,
0.904769351179081,0.925930562519189,0.944238928678326,0.958206762253596,0.971264941140216,
0.984898500914531,1.),
.UNSPECIFIED.)CURVE()GEOMETRIC_REPRESENTATION_ITEM()RATIONAL_B_SPLINE_CURVE((1.,
1.,1.,1.,1.,1.,1.,1.,1.,1.,1.,1.,1.,1.,1.,1.,1.,1.,1.,1.,1.,1.,1.,1.,1.,1.,1.,1.,
1.,1.,1.,1.,1.,1.,1.,1.,1.,1.,1.,1.,1.,1.,1.,1.,1.,1.,1.,1.,1.,1.,1.,1.,1.,1.,1.,
1.,1.,1.,1.))REPRESENTATION_ITEM(''));
#4894=VERTEX_POINT('',#8028);
#4895=VERTEX_POINT('',#8029);
#4896=LINE('',#8030,#8031);
#4897=VERTEX_POINT('',#8033);
#4898=LINE('',#8034,#8035);
#4899=LINE('',#8037,#8038);
#4900=LINE('',#8040,#8041);
#4901=LINE('',#8043,#8044);
#4902=VERTEX_POINT('',#8046);
#4903=VERTEX_POINT('',#8047);
#4904=CIRCLE('',#8048,1.6);
#4905=LINE('',#8052,#8053);
#4906=LINE('',#8055,#8056);
#4907=LINE('',#8058,#8059);
#4908=VERTEX_POINT('',#8061);
#4909=LINE('',#8062,#8063);
#4910=LINE('',#8065,#8066);
#4911=VERTEX_POINT('',#8068);
#4912=CIRCLE('',#8069,1.6);
#4913=LINE('',#8073,#8074);
#4914=LINE('',#8076,#8077);
#4915=VERTEX_POINT('',#8079);
#4916=LINE('',#8080,#8081);
#4917=CIRCLE('',#8083,6.);
#4918=VERTEX_POINT('',#8087);
#4919=LINE('',#8088,#8089);
#4920=LINE('',#8091,#8092);
#4921=VERTEX_POINT('',#8094);
#4922=CIRCLE('',#8095,1.6);
#4923=LINE('',#8099,#8100);
#4924=CIRCLE('',#8102,6.24999999967128);
#4925=LINE('',#8106,#8107);
#4926=VERTEX_POINT('',#8109);
#4927=B_SPLINE_CURVE_WITH_KNOTS('',3,
(#8110,#8111,#8112,#8113,#8114,#8115,#8116,#8117,#8118,#8119,#8120,#8121,#8122,#8123,
#8124,#8125,#8126,#8127,#8128,#8129,#8130,#8131,#8132,#8133,#8134,#8135,#8136,#8137,
#8138,#8139,#8140,#8141,#8142,#8143,#8144,#8145,#8146,#8147,#8148,#8149,#8150,#8151,
#8152,#8153,#8154,#8155,#8156,#8157,#8158,#8159,#8160,#8161,#8162,#8163,#8164,#8165,
#8166,#8167,#8168,#8169,#8170,#8171),
.UNSPECIFIED.,.T.,.F.,
(4,1,1,1,1,1,1,1,1,1,1,1,1,1,1,1,1,1,1,1,1,1,1,1,1,1,1,1,1,1,1,1,1,1,1,1,1,1,1,1,
1,1,1,1,1,1,1,1,1,1,1,1,1,1,1,1,1,1,1,4),
(0.,0.0143616512300041,0.0285463800625546,0.0425614454200277,0.0558637919417938,
0.0686314063170822,0.0838829562944317,0.101429448403183,0.121262476177384,0.136659747633496,
0.148326683745998,0.15893489373563,0.173249197830997,0.193473510149961,0.213732383849126,
0.232967694336506,0.24400997822504,0.254253572197576,0.281682048190331,0.31402053853537,
0.345781601528316,0.375671956630404,0.400391637182876,0.420151603081315,0.435643384918579,
0.451397217967271,0.467288447627104,0.483042712278958,0.497779465809056,0.499999746488547,
0.511631467123651,0.524608428490595,0.537612534300904,0.555022884007369,0.57372240454581,
0.593709262526287,0.610954128313816,0.628568543855645,0.652167393692483,0.679211695009493,
0.708179729946848,0.73405521221545,0.75583588829516,0.755989899217733,0.775034637955225,
0.791292178520659,0.807788014036168,0.823727833276563,0.838871841781037,0.852154648917634,
0.864357724223769,0.878147997667961,0.894595296434597,0.91368608439278,0.93280710493316,
0.951971731968887,0.967457741091667,0.979215439833147,0.988823204432677,1.),
.UNSPECIFIED.);
#4928=LINE('',#8172,#8173);
#4929=VERTEX_POINT('',#8175);
#4930=CIRCLE('',#8176,1.6);
#4931=LINE('',#8180,#8181);
#4932=CIRCLE('',#8183,2.7);
#4933=LINE('',#8187,#8188);
#4934=B_SPLINE_CURVE_WITH_KNOTS('',3,
(#8190,#8191,#8192,#8193,#8194,#8195,#8196,#8197,#8198,#8199,#8200,#8201,#8202,#8203,
#8204,#8205,#8206,#8207,#8208,#8209,#8210,#8211,#8212,#8213,#8214,#8215,#8216,#8217,
#8218,#8219),
.UNSPECIFIED.,.F.,.F.,
(4,1,1,1,1,1,1,1,1,1,1,1,1,1,1,1,1,1,1,1,1,1,1,1,1,1,1,4),
(0.,0.03659284166819,0.0628609343900086,0.110169889025439,0.122105216445252,0.177692632940041,
0.185398664747614,0.239629764358403,0.263515544945506,0.31146758626964,0.343657934040829,
0.393039481311988,0.424871396171555,0.473703976148691,0.506696982070168,0.555454636122394,
0.58877091463973,0.63853038093271,0.670689331605211,0.723805702516821,0.752075729403387,
0.810830020445168,0.832597411915938,0.886227422585039,0.911489102541513,0.949772239124975,
0.975197497560604,1.),
.UNSPECIFIED.);
#4935=B_SPLINE_CURVE_WITH_KNOTS('',3,
(#8220,#8221,#8222,#8223,#8224,#8225,#8226,#8227,#8228,#8229,#8230,#8231,#8232,#8233,
#8234,#8235,#8236,#8237,#8238,#8239,#8240,#8241,#8242,#8243,#8244,#8245,#8246,#8247,
#8248,#8249),
.UNSPECIFIED.,.F.,.F.,
(4,1,1,1,1,1,1,1,1,1,1,1,1,1,1,1,1,1,1,1,1,1,1,1,1,1,1,4),
(0.,0.0365928416811184,0.0628609343902557,0.110169889025435,0.122105216445283,0.177692632940087,
0.185398664747621,0.23962976435845,0.263515544945519,0.311467586269641,0.343657934040849,
0.393039481312001,0.424871396171595,0.473703976148733,0.506696982070207,0.555454636122458,
0.588770914639771,0.638530380932782,0.670689331605246,0.723805702516859,0.752075729403416,
0.810830020445182,0.832597411915948,0.886227422585044,0.911489102541516,0.94977223912498,
0.97519749756061,1.),
.UNSPECIFIED.);
#4936=CARTESIAN_POINT('',(9.,5.,-6.));
#4937=CARTESIAN_POINT('',(9.,5.,6.));
#4938=CARTESIAN_POINT('',(9.,5.,-6.));
#4939=VECTOR('',#4940,1.);
#4940=DIRECTION('',(4.44089209850063E-16,-1.48029736616688E-16,1.));
#4941=CARTESIAN_POINT('',(9.,-5.,6.));
#4942=CARTESIAN_POINT('',(9.,5.,6.));
#4943=VECTOR('',#4944,1.);
#4944=DIRECTION('',(0.,-1.,-1.77635683940025E-16));
#4945=CARTESIAN_POINT('',(9.,-5.,-6.));
#4946=CARTESIAN_POINT('',(9.,-5.,6.));
#4947=VECTOR('',#4948,1.);
#4948=DIRECTION('',(-4.44089209850063E-16,1.48029736616688E-16,-1.));
#4949=CARTESIAN_POINT('',(9.,-5.,-6.));
#4950=VECTOR('',#4951,1.);
#4951=DIRECTION('',(0.,1.,1.77635683940025E-16));
#4952=CARTESIAN_POINT('',(9.,-0.9999999999997,-1.21680935236466));
#4953=CARTESIAN_POINT('',(9.,-0.9999999999997,1.21680935236465));
#4954=AXIS2_PLACEMENT_3D('',#4955,#4956,#4957);
#4955=CARTESIAN_POINT('',(9.,0.,-1.65327317884893E-15));
#4956=DIRECTION('',(1.,0.,-1.83697019872103E-16));
#4957=DIRECTION('',(-1.41920159861475E-16,-0.634920634920253,-0.772577366580501));
#4958=CARTESIAN_POINT('',(9.,-1.,1.21680935236502));
#4959=VECTOR('',#4960,1.);
#4960=DIRECTION('',(0.,9.1240507189339E-17,-1.));
#4961=CARTESIAN_POINT('',(17.,-0.9999999999997,-1.21680935236466));
#4962=CARTESIAN_POINT('',(9.,-0.9999999999997,-1.21680935236466));
#4963=VECTOR('',#4964,1.);
#4964=DIRECTION('',(1.,0.,-1.94289029309402E-16));
#4965=CARTESIAN_POINT('',(17.,-0.9999999999997,1.21680935236465));
#4966=CARTESIAN_POINT('',(17.,-1.,1.21680935236502));
#4967=VECTOR('',#4968,1.);
#4968=DIRECTION('',(0.,9.12405071893391E-17,-1.));
#4969=CARTESIAN_POINT('',(9.,-0.9999999999997,1.21680935236465));
#4970=VECTOR('',#4971,1.);
#4971=DIRECTION('',(1.,0.,-1.66533453693773E-16));
#4972=AXIS2_PLACEMENT_3D('',#4973,#4974,#4975);
#4973=CARTESIAN_POINT('',(17.,0.,-3.12284933782575E-15));
#4974=DIRECTION('',(1.,0.,-1.83697019872103E-16));
#4975=DIRECTION('',(-1.41920159861475E-16,-0.634920634920253,-0.772577366580501));
#4976=CARTESIAN_POINT('',(-1.10218211923262E-15,5.,-6.));
#4977=CARTESIAN_POINT('',(-1.32566906381943E-16,4.99999999975839,-3.49999999945675));
#4978=CARTESIAN_POINT('',(-1.10218211923262E-15,5.,-6.));
#4979=VECTOR('',#4980,1.);
#4980=DIRECTION('',(1.83697019872103E-16,-3.55271367757069E-16,1.));
#4981=CARTESIAN_POINT('',(-16.,4.99999999975839,-3.49999999945674));
#4982=CARTESIAN_POINT('',(-16.,4.99999999975839,-3.49999999945674));
#4983=VECTOR('',#4984,1.);
#4984=DIRECTION('',(1.,0.,-1.94289029309402E-16));
#4985=CARTESIAN_POINT('',(-16.,4.99999999982622,3.49999999936631));
#4986=CARTESIAN_POINT('',(-16.,5.,-3.49999999913459));
#4987=VECTOR('',#4988,1.);
#4988=DIRECTION('',(0.,0.,1.));
#4989=CARTESIAN_POINT('',(4.2862637960978E-16,4.99999999982622,3.49999999936631));
#4990=CARTESIAN_POINT('',(-16.,4.99999999982622,3.49999999936631));
#4991=VECTOR('',#4992,1.);
#4992=DIRECTION('',(1.,0.,-1.94289029309402E-16));
#4993=CARTESIAN_POINT('',(1.10218211923262E-15,5.,6.));
#4994=CARTESIAN_POINT('',(6.42939569393389E-16,5.,3.4999999991346));
#4995=VECTOR('',#4996,1.);
#4996=DIRECTION('',(1.83697019872103E-16,-3.55271367757069E-16,1.));
#4997=CARTESIAN_POINT('',(1.10218211923262E-15,5.,6.));
#4998=VECTOR('',#4999,1.);
#4999=DIRECTION('',(1.,0.,-1.97372982155583E-16));
#5000=CARTESIAN_POINT('',(-1.10218211923262E-15,5.,-6.));
#5001=VECTOR('',#5002,1.);
#5002=DIRECTION('',(1.,0.,-1.97372982155583E-16));
#5003=CARTESIAN_POINT('',(8.26636589424463E-16,-6.96633924850383E-16,6.));
#5004=CARTESIAN_POINT('',(1.10218211923262E-15,5.,6.));
#5005=VECTOR('',#5006,1.);
#5006=DIRECTION('',(-3.94430452610506E-32,-1.,-1.77635683940025E-16));
#5007=CARTESIAN_POINT('',(1.10218211923262E-15,-5.,6.));
#5008=CARTESIAN_POINT('',(1.10218211923262E-15,-5.89438644669237E-16,6.));
#5009=VECTOR('',#5010,1.);
#5010=DIRECTION('',(-3.94430452610506E-32,-1.,-1.77635683940025E-16));
#5011=CARTESIAN_POINT('',(1.10218211923262E-15,-5.,6.));
#5012=VECTOR('',#5013,1.);
#5013=DIRECTION('',(1.,0.,-1.97372982155583E-16));
#5014=CARTESIAN_POINT('',(4.28626379595592E-16,-5.,3.4999999991346));
#5015=CARTESIAN_POINT('',(1.10218211923262E-15,-5.,6.));
#5016=VECTOR('',#5017,1.);
#5017=DIRECTION('',(-1.83697019872103E-16,0.,-1.));
#5018=CARTESIAN_POINT('',(-16.,-5.,3.4999999991346));
#5019=CARTESIAN_POINT('',(-16.,-5.,3.4999999991346));
#5020=VECTOR('',#5021,1.);
#5021=DIRECTION('',(1.,0.,-2.22044604925031E-16));
#5022=CARTESIAN_POINT('',(-16.,-5.00000000015613,-3.49999999892643));
#5023=CARTESIAN_POINT('',(-16.,-5.,3.4999999991346));
#5024=VECTOR('',#5025,1.);
#5025=DIRECTION('',(0.,2.5376526283421E-16,-1.));
#5026=CARTESIAN_POINT('',(-4.28626379582846E-16,-5.00000000015613,-3.49999999892643));
#5027=CARTESIAN_POINT('',(-16.,-5.00000000015613,-3.49999999892643));
#5028=VECTOR('',#5029,1.);
#5029=DIRECTION('',(1.,0.,-1.94289029309402E-16));
#5030=CARTESIAN_POINT('',(-1.10218211923262E-15,-5.,-6.));
#5031=CARTESIAN_POINT('',(-6.42939569393389E-16,-5.,-3.4999999991346));
#5032=VECTOR('',#5033,1.);
#5033=DIRECTION('',(-1.83697019872103E-16,0.,-1.));
#5034=CARTESIAN_POINT('',(-1.10218211923262E-15,-5.,-6.));
#5035=VECTOR('',#5036,1.);
#5036=DIRECTION('',(1.,0.,-1.97372982155583E-16));
#5037=CARTESIAN_POINT('',(-1.27072579927453E-15,1.41827889214416E-15,-6.));
#5038=CARTESIAN_POINT('',(-1.10218211923262E-15,-5.,-6.));
#5039=VECTOR('',#5040,1.);
#5040=DIRECTION('',(3.94430452610506E-32,1.,1.77635683940025E-16));
#5041=CARTESIAN_POINT('',(-1.10218211923262E-15,2.36579548406949E-15,-6.));
#5042=VECTOR('',#5043,1.);
#5043=DIRECTION('',(3.94430452610506E-32,1.,1.77635683940025E-16));
#5044=AXIS2_PLACEMENT_3D('',#5045,#5046,#5047);
#5045=CARTESIAN_POINT('',(4.59242547295677E-17,-1.53080839757969E-17,0.249999998701895));
#5046=DIRECTION('',(1.,1.23259516440783E-32,-1.83697019872103E-16));
#5047=DIRECTION('',(-1.83697019872103E-16,2.86666387799707E-16,-1.));
#5048=AXIS2_PLACEMENT_3D('',#5049,#5050,#5051);
#5049=CARTESIAN_POINT('',(4.59242547295677E-17,-1.53080839757969E-17,0.249999998701895));
#5050=DIRECTION('',(1.,1.23259516440783E-32,-1.83697019872103E-16));
#5051=DIRECTION('',(-1.10218211870328E-16,-0.800000000216118,-0.599999999711843));
#5052=AXIS2_PLACEMENT_3D('',#5053,#5054,#5055);
#5053=CARTESIAN_POINT('',(-16.,-1.53080839757969E-17,0.249999998701898));
#5054=DIRECTION('',(1.,0.,-1.83697019872103E-16));
#5055=DIRECTION('',(-1.10218211870328E-16,-0.800000000216118,-0.599999999711843));
#5056=AXIS2_PLACEMENT_3D('',#5057,#5058,#5059);
#5057=CARTESIAN_POINT('',(-16.,1.53080891254809E-17,-0.249999998701892));
#5058=DIRECTION('',(1.,0.,-1.83697019872103E-16));
#5059=DIRECTION('',(1.10218211896185E-16,0.800000000110547,0.599999999852604));
#5060=AXIS2_PLACEMENT_3D('',#5061,#5062,#5063);
#5061=CARTESIAN_POINT('',(-4.59242547295677E-17,1.53080891254809E-17,-0.249999998701895));
#5062=DIRECTION('',(1.,0.,-1.83697019872103E-16));
#5063=DIRECTION('',(1.10218211896186E-16,0.800000000110547,0.599999999852604));
#5064=AXIS2_PLACEMENT_3D('',#5065,#5066,#5067);
#5065=CARTESIAN_POINT('',(-4.59242547295677E-17,1.53080891254809E-17,-0.249999998701895));
#5066=DIRECTION('',(1.,0.,-1.83697019872103E-16));
#5067=DIRECTION('',(1.83697019872103E-16,-2.15612115032889E-16,1.));
#5068=CARTESIAN_POINT('',(16.,5.,20.));
#5069=AXIS2_PLACEMENT_3D('',#5070,#5071,#5072);
#5070=CARTESIAN_POINT('',(15.,5.,20.));
#5071=DIRECTION('',(0.,1.22464679914735E-16,-1.));
#5072=DIRECTION('',(1.,0.,0.));
#5073=CARTESIAN_POINT('',(16.,5.,6.12323399573677E-16));
#5074=AXIS2_PLACEMENT_3D('',#5075,#5076,#5077);
#5075=CARTESIAN_POINT('',(15.,5.,6.12323399573677E-16));
#5076=DIRECTION('',(0.,1.22464679914735E-16,-1.));
#5077=DIRECTION('',(1.,0.,0.));
#5078=CARTESIAN_POINT('',(16.,-5.,20.));
#5079=AXIS2_PLACEMENT_3D('',#5080,#5081,#5082);
#5080=CARTESIAN_POINT('',(15.,-5.,20.));
#5081=DIRECTION('',(0.,0.,1.));
#5082=DIRECTION('',(1.,0.,0.));
#5083=CARTESIAN_POINT('',(16.,-5.,0.));
#5084=AXIS2_PLACEMENT_3D('',#5085,#5086,#5087);
#5085=CARTESIAN_POINT('',(15.,-5.,0.));
#5086=DIRECTION('',(0.,0.,1.));
#5087=DIRECTION('',(1.,0.,0.));
#5088=CARTESIAN_POINT('',(20.,-4.97206600453825E-16,-2.03));
#5089=AXIS2_PLACEMENT_3D('',#5090,#5091,#5092);
#5090=CARTESIAN_POINT('',(20.,8.75811540203011E-47,-2.93915231795365E-15));
#5091=DIRECTION('',(1.,0.,6.12323399573677E-17));
#5092=DIRECTION('',(6.12323399573677E-17,0.,-1.));
#5093=CARTESIAN_POINT('',(20.,-0.837733801584403,-1.33372676275276));
#5094=CARTESIAN_POINT('',(20.,-1.,-1.01680935236429));
#5095=AXIS2_PLACEMENT_3D('',#5096,#5097,#5098);
#5096=CARTESIAN_POINT('',(20.,-0.999999999999399,-1.21680935236429));
#5097=DIRECTION('',(1.,0.,6.12323399573677E-17));
#5098=DIRECTION('',(-6.12323399573677E-17,-3.00259817009874E-12,1.));
#5099=CARTESIAN_POINT('',(20.,-0.9999999999997,1.01680935236429));
#5100=CARTESIAN_POINT('',(20.,-1.,1.01680935236429));
#5101=VECTOR('',#5102,1.);
#5102=DIRECTION('',(0.,1.09186940702666E-16,-1.));
#5103=CARTESIAN_POINT('',(20.,-0.837733801584403,1.33372676275275));
#5104=AXIS2_PLACEMENT_3D('',#5105,#5106,#5107);
#5105=CARTESIAN_POINT('',(20.,-0.9999999999994,1.21680935236429));
#5106=DIRECTION('',(1.,0.,6.12323399573676E-17));
#5107=DIRECTION('',(-3.57956330992081E-17,0.811330992074982,0.58458705194233));
#5108=AXIS2_PLACEMENT_3D('',#5109,#5110,#5111);
#5109=CARTESIAN_POINT('',(20.,0.,-2.93915231795365E-15));
#5110=DIRECTION('',(1.,0.,6.12323399573677E-17));
#5111=DIRECTION('',(5.18521971727722E-17,-0.531894477196446,-0.846810643017622));
#5112=CARTESIAN_POINT('',(20.,-8.57252759403147E-16,-7.));
#5113=AXIS2_PLACEMENT_3D('',#5114,#5115,#5116);
#5114=CARTESIAN_POINT('',(20.,0.,-2.93915231795365E-15));
#5115=DIRECTION('',(1.,0.,6.12323399573677E-17));
#5116=DIRECTION('',(6.12323399573677E-17,0.,-1.));
#5117=CARTESIAN_POINT('',(20.,-4.07910816799974E-15,-5.65803263805834));
#5118=CARTESIAN_POINT('',(20.,4.9,-2.82901631902917));
#5119=CARTESIAN_POINT('',(20.,-4.07910816799974E-15,-5.65803263805834));
#5120=VECTOR('',#5121,1.);
#5121=DIRECTION('',(0.,0.866025403784439,0.5));
#5122=CARTESIAN_POINT('',(20.,-4.9,-2.82901631902916));
#5123=CARTESIAN_POINT('',(20.,-4.9,-2.82901631902916));
#5124=VECTOR('',#5125,1.);
#5125=DIRECTION('',(0.,0.866025403784438,-0.500000000000002));
#5126=CARTESIAN_POINT('',(20.,-4.9,-1.99749843554382));
#5127=CARTESIAN_POINT('',(20.,-4.9,-1.99749843554382));
#5128=VECTOR('',#5129,1.);
#5129=DIRECTION('',(0.,0.,-1.));
#5130=CARTESIAN_POINT('',(20.,-4.9,1.99749843554381));
#5131=AXIS2_PLACEMENT_3D('',#5132,#5133,#5134);
#5132=CARTESIAN_POINT('',(20.,-5.,-2.93915231795365E-15));
#5133=DIRECTION('',(-1.,-3.85185988877447E-34,-6.12323399573677E-17));
#5134=DIRECTION('',(-6.11557516347646E-17,0.0499999999999998,0.998749217771909));
#5135=CARTESIAN_POINT('',(20.,-4.9,2.82901631902917));
#5136=CARTESIAN_POINT('',(20.,-4.9,2.82901631902917));
#5137=VECTOR('',#5138,1.);
#5138=DIRECTION('',(0.,0.,-1.));
#5139=CARTESIAN_POINT('',(20.,1.99868623008527E-15,5.65803263805833));
#5140=CARTESIAN_POINT('',(20.,2.38327876736199E-15,5.65803263805833));
#5141=VECTOR('',#5142,1.);
#5142=DIRECTION('',(0.,-0.866025403784439,-0.499999999999999));
#5143=CARTESIAN_POINT('',(20.,4.9,2.82901631902916));
#5144=CARTESIAN_POINT('',(20.,4.9,2.82901631902916));
#5145=VECTOR('',#5146,1.);
#5146=DIRECTION('',(0.,-0.866025403784439,0.5));
#5147=CARTESIAN_POINT('',(20.,4.9,-2.82901631902917));
#5148=VECTOR('',#5149,1.);
#5149=DIRECTION('',(0.,0.,1.));
#5150=CARTESIAN_POINT('',(20.,-4.936,-0.797435890840138));
#5151=AXIS2_PLACEMENT_3D('',#5152,#5153,#5154);
#5152=CARTESIAN_POINT('',(20.,-5.,-2.93915231795365E-15));
#5153=DIRECTION('',(1.,0.,6.12323399573677E-17));
#5154=DIRECTION('',(6.10360819526618E-17,0.0800000000000001,-0.996794863550169));
#5155=CARTESIAN_POINT('',(22.,4.9,2.82901631902916));
#5156=CARTESIAN_POINT('',(20.,4.9,2.82901631902916));
#5157=VECTOR('',#5158,1.);
#5158=DIRECTION('',(1.,0.,0.));
#5159=CARTESIAN_POINT('',(22.,4.9,-2.82901631902917));
#5160=CARTESIAN_POINT('',(22.,4.9,-2.82901631902917));
#5161=VECTOR('',#5162,1.);
#5162=DIRECTION('',(0.,0.,1.));
#5163=CARTESIAN_POINT('',(20.,4.9,-2.82901631902917));
#5164=VECTOR('',#5165,1.);
#5165=DIRECTION('',(1.,0.,2.22044604925031E-16));
#5166=CARTESIAN_POINT('',(22.,1.99868623008527E-15,5.65803263805833));
#5167=CARTESIAN_POINT('',(20.,1.4434323248927E-15,5.65803263805833));
#5168=VECTOR('',#5169,1.);
#5169=DIRECTION('',(1.,9.86076131526265E-32,0.));
#5170=CARTESIAN_POINT('',(22.,4.9,2.82901631902916));
#5171=VECTOR('',#5172,1.);
#5172=DIRECTION('',(0.,-0.866025403784438,0.5));
#5173=CARTESIAN_POINT('',(22.,-4.9,2.82901631902917));
#5174=CARTESIAN_POINT('',(20.,-4.9,2.82901631902917));
#5175=VECTOR('',#5176,1.);
#5176=DIRECTION('',(1.,0.,2.22044604925031E-16));
#5177=CARTESIAN_POINT('',(22.,1.99868623008527E-15,5.65803263805833));
#5178=VECTOR('',#5179,1.);
#5179=DIRECTION('',(0.,-0.866025403784439,-0.499999999999999));
#5180=CARTESIAN_POINT('',(22.,-4.9,1.99749843554381));
#5181=CARTESIAN_POINT('',(20.,-4.9,1.99749843554381));
#5182=VECTOR('',#5183,1.);
#5183=DIRECTION('',(1.,0.,1.11022302462516E-16));
#5184=CARTESIAN_POINT('',(22.,-4.9,2.82901631902917));
#5185=VECTOR('',#5186,1.);
#5186=DIRECTION('',(0.,0.,-1.));
#5187=CARTESIAN_POINT('',(22.,-4.9,-1.99749843554382));
#5188=CARTESIAN_POINT('',(20.,-4.9,-1.99749843554382));
#5189=VECTOR('',#5190,1.);
#5190=DIRECTION('',(1.,0.,1.11022302462516E-16));
#5191=AXIS2_PLACEMENT_3D('',#5192,#5193,#5194);
#5192=CARTESIAN_POINT('',(22.,-5.,-2.81668763803891E-15));
#5193=DIRECTION('',(-1.,-5.47382212626882E-48,-6.12323399573677E-17));
#5194=DIRECTION('',(-6.11557516347646E-17,0.0500000000000003,0.998749217771909));
#5195=CARTESIAN_POINT('',(22.,-4.9,-2.82901631902916));
#5196=CARTESIAN_POINT('',(20.,-4.9,-2.82901631902916));
#5197=VECTOR('',#5198,1.);
#5198=DIRECTION('',(1.,0.,0.));
#5199=CARTESIAN_POINT('',(22.,-4.9,-1.99749843554382));
#5200=VECTOR('',#5201,1.);
#5201=DIRECTION('',(0.,0.,-1.));
#5202=CARTESIAN_POINT('',(22.,-4.07910816799974E-15,-5.65803263805834));
#5203=CARTESIAN_POINT('',(20.,-3.37182171355006E-15,-5.65803263805834));
#5204=VECTOR('',#5205,1.);
#5205=DIRECTION('',(1.,-2.22044604925031E-16,8.88178419700125E-16));
#5206=CARTESIAN_POINT('',(22.,-4.9,-2.82901631902916));
#5207=VECTOR('',#5208,1.);
#5208=DIRECTION('',(0.,0.866025403784438,-0.500000000000001));
#5209=CARTESIAN_POINT('',(22.,-4.07910816799974E-15,-5.65803263805834));
#5210=VECTOR('',#5211,1.);
#5211=DIRECTION('',(0.,0.866025403784439,0.5));
#5212=CARTESIAN_POINT('',(22.,-4.97206600453825E-16,-2.03));
#5213=AXIS2_PLACEMENT_3D('',#5214,#5215,#5216);
#5214=CARTESIAN_POINT('',(22.,8.75811540203011E-47,-2.81668763803891E-15));
#5215=DIRECTION('',(1.,0.,6.12323399573677E-17));
#5216=DIRECTION('',(6.12323399573677E-17,-1.22464679914735E-16,-1.));
#5217=CARTESIAN_POINT('',(10.,-0.837733801584403,-1.33372676275276));
#5218=CARTESIAN_POINT('',(10.,-0.837733801584403,-1.33372676275276));
#5219=VECTOR('',#5220,1.);
#5220=DIRECTION('',(1.,0.,4.44089209850063E-17));
#5221=CARTESIAN_POINT('',(10.,-1.,-1.01680935236429));
#5222=AXIS2_PLACEMENT_3D('',#5223,#5224,#5225);
#5223=CARTESIAN_POINT('',(10.,-0.999999999999399,-1.21680935236429));
#5224=DIRECTION('',(1.,0.,6.12323399573677E-17));
#5225=DIRECTION('',(-6.12323399573677E-17,-3.00259817009874E-12,1.));
#5226=CARTESIAN_POINT('',(10.,-1.,-1.01680935236429));
#5227=VECTOR('',#5228,1.);
#5228=DIRECTION('',(1.,0.,8.88178419700125E-17));
#5229=CARTESIAN_POINT('',(10.,-0.9999999999997,1.01680935236429));
#5230=CARTESIAN_POINT('',(10.,-1.,1.01680935236429));
#5231=VECTOR('',#5232,1.);
#5232=DIRECTION('',(0.,1.09186940702666E-16,-1.));
#5233=CARTESIAN_POINT('',(10.,-0.9999999999997,1.01680935236429));
#5234=VECTOR('',#5235,1.);
#5235=DIRECTION('',(1.,0.,4.44089209850063E-17));
#5236=CARTESIAN_POINT('',(10.,-0.837733801584403,1.33372676275275));
#5237=AXIS2_PLACEMENT_3D('',#5238,#5239,#5240);
#5238=CARTESIAN_POINT('',(10.,-0.9999999999994,1.21680935236429));
#5239=DIRECTION('',(1.,0.,6.12323399573676E-17));
#5240=DIRECTION('',(-3.57956330992081E-17,0.811330992074982,0.58458705194233));
#5241=CARTESIAN_POINT('',(10.,-0.837733801584402,1.33372676275275));
#5242=VECTOR('',#5243,1.);
#5243=DIRECTION('',(1.,0.,6.66133814775094E-17));
#5244=AXIS2_PLACEMENT_3D('',#5245,#5246,#5247);
#5245=CARTESIAN_POINT('',(10.,0.,-3.55147571752732E-15));
#5246=DIRECTION('',(1.,0.,6.12323399573677E-17));
#5247=DIRECTION('',(5.18521971727722E-17,-0.531894477196446,-0.846810643017622));
#5248=CARTESIAN_POINT('',(18.,-8.57252759403147E-16,-7.));
#5249=AXIS2_PLACEMENT_3D('',#5250,#5251,#5252);
#5250=CARTESIAN_POINT('',(18.,0.,-3.06161699786838E-15));
#5251=DIRECTION('',(1.,0.,6.12323399573677E-17));
#5252=DIRECTION('',(6.12323399573677E-17,0.,-1.));
#5253=CARTESIAN_POINT('',(16.,-4.936,0.797435890840132));
#5254=CARTESIAN_POINT('',(17.,-4.936,0.797435890840132));
#5255=CARTESIAN_POINT('',(16.,-4.936,0.797435890840132));
#5256=VECTOR('',#5257,1.);
#5257=DIRECTION('',(1.,0.,0.));
#5258=CARTESIAN_POINT('',(16.,-4.936,-0.797435890840136));
#5259=AXIS2_PLACEMENT_3D('',#5260,#5261,#5262);
#5260=CARTESIAN_POINT('',(16.,-5.,-3.18408167778312E-15));
#5261=DIRECTION('',(1.,0.,6.12323399573677E-17));
#5262=DIRECTION('',(6.10360819526619E-17,0.0800000000000001,-0.996794863550169));
#5263=CARTESIAN_POINT('',(17.0000000000015,-4.936,-0.797435890840137));
#5264=CARTESIAN_POINT('',(16.,-4.936,-0.797435890840136));
#5265=VECTOR('',#5266,1.);
#5266=DIRECTION('',(1.,0.,0.));
#5267=CARTESIAN_POINT('',(17.0000000000077,-4.936,-0.797435890840136));
#5268=CARTESIAN_POINT('',(17.0141639417033,-4.95724516876218,-0.799141545202357));
#5269=CARTESIAN_POINT('',(17.0326859254797,-4.98520667498792,-0.800265734741001));
#5270=CARTESIAN_POINT('',(17.0694825016862,-5.04121181294596,-0.799570822073484));
#5271=CARTESIAN_POINT('',(17.1102244348386,-5.10385060861712,-0.794730105034127));
#5272=CARTESIAN_POINT('',(17.169239296744,-5.1960222792748,-0.777706913921812));
#5273=CARTESIAN_POINT('',(17.2365950291714,-5.30308026123232,-0.743961637050283));
#5274=CARTESIAN_POINT('',(17.3139255650808,-5.42857266263129,-0.681385601082437));
#5275=CARTESIAN_POINT('',(17.3901582453759,-5.55508746359382,-0.584303378258561));
#5276=CARTESIAN_POINT('',(17.4551141103611,-5.66504300252165,-0.455250694604593));
#5277=CARTESIAN_POINT('',(17.4995646585363,-5.7414165255431,-0.313708432713144));
#5278=CARTESIAN_POINT('',(17.5237924843778,-5.78340411092294,-0.178060522176415));
#5279=CARTESIAN_POINT('',(17.5321927361001,-5.79801532796932,-0.0751441934689639));
#5280=CARTESIAN_POINT('',(17.5334890413532,-5.80027092586849,-0.0110781036961305));
#5281=CARTESIAN_POINT('',(17.5330629205193,-5.79952950270998,0.0403069342559738));
#5282=CARTESIAN_POINT('',(17.5302919363506,-5.79470789469273,0.103948715797467));
#5283=CARTESIAN_POINT('',(17.520478479192,-5.77765565755791,0.19728224435001));
#5284=CARTESIAN_POINT('',(17.5010839972637,-5.74407283641834,0.301548098954678));
#5285=CARTESIAN_POINT('',(17.4726107953287,-5.69509511891817,0.4009172521676));
#5286=CARTESIAN_POINT('',(17.4406224093736,-5.64054220163445,0.481944770319639));
#5287=CARTESIAN_POINT('',(17.4087229755736,-5.58659972466413,0.545759270000967));
#5288=CARTESIAN_POINT('',(17.3723010718225,-5.52551895501582,0.605397720193345));
#5289=CARTESIAN_POINT('',(17.3222885875577,-5.44253474846716,0.670044973077443));
#5290=CARTESIAN_POINT('',(17.2514474926289,-5.32688214124951,0.735102986388727));
#5291=CARTESIAN_POINT('',(17.1661006551679,-5.19072894723498,0.781586354204207));
#5292=CARTESIAN_POINT('',(17.0934880810709,-5.07790249079022,0.798130118953095));
#5293=CARTESIAN_POINT('',(17.0390079676464,-4.99475088168404,0.800649030257101));
#5294=CARTESIAN_POINT('',(17.0141696660621,-4.95725321733696,0.799142036629417));
#5295=CARTESIAN_POINT('',(17.,-4.936,0.797435890840132));
#5296=CARTESIAN_POINT('',(10.,-8.57252759403147E-16,-7.));
#5297=AXIS2_PLACEMENT_3D('',#5298,#5299,#5300);
#5298=CARTESIAN_POINT('',(10.,0.,-3.55147571752732E-15));
#5299=DIRECTION('',(1.,0.,6.12323399573677E-17));
#5300=DIRECTION('',(6.12323399573677E-17,0.,-1.));
#5301=CARTESIAN_POINT('',(18.,-6.4168,-1.03666665809217));
#5302=AXIS2_PLACEMENT_3D('',#5303,#5304,#5305);
#5303=CARTESIAN_POINT('',(18.,0.,-3.06161699786838E-15));
#5304=DIRECTION('',(1.,0.,6.12323399573677E-17));
#5305=DIRECTION('',(9.76577311242586E-18,-0.9872,-0.159487178168027));
#5306=AXIS2_PLACEMENT_3D('',#5307,#5308,#5309);
#5307=CARTESIAN_POINT('',(17.,0.,-3.12284933782575E-15));
#5308=DIRECTION('',(1.,0.,6.12323399573677E-17));
#5309=DIRECTION('',(9.76577311242586E-18,-0.9872,-0.159487178168027));
#5310=AXIS2_PLACEMENT_3D('',#5311,#5312,#5313);
#5311=CARTESIAN_POINT('',(16.,0.,-3.18408167778312E-15));
#5312=DIRECTION('',(1.,0.,6.12323399573677E-17));
#5313=DIRECTION('',(-9.7657731124259E-18,-0.9872,0.159487178168027));
#5314=CARTESIAN_POINT('',(11.,-4.936,-0.797435890840136));
#5315=AXIS2_PLACEMENT_3D('',#5316,#5317,#5318);
#5316=CARTESIAN_POINT('',(11.,0.,-3.49024337756996E-15));
#5317=DIRECTION('',(1.,0.,6.12323399573677E-17));
#5318=DIRECTION('',(9.76577311242586E-18,-0.9872,-0.159487178168027));
#5319=CARTESIAN_POINT('',(11.,-8.57252759403147E-16,-7.));
#5320=AXIS2_PLACEMENT_3D('',#5321,#5322,#5323);
#5321=CARTESIAN_POINT('',(11.,0.,-3.49024337756996E-15));
#5322=DIRECTION('',(1.,0.,6.12323399573677E-17));
#5323=DIRECTION('',(6.12323399573677E-17,0.,-1.));
#5324=CARTESIAN_POINT('',(23.,-11.,18.));
#5325=CARTESIAN_POINT('',(23.,-6.8138357147581,18.));
#5326=CARTESIAN_POINT('',(23.,-11.,18.));
#5327=VECTOR('',#5328,1.);
#5328=DIRECTION('',(8.48679945821859E-16,1.,0.));
#5329=CARTESIAN_POINT('',(23.,-3.18616428524191,18.));
#5330=CARTESIAN_POINT('',(23.,-6.8138357147581,18.));
#5331=CARTESIAN_POINT('',(23.,-6.73860863129672,18.));
#5332=CARTESIAN_POINT('',(23.0071317730059,-6.60344667827033,18.));
#5333=CARTESIAN_POINT('',(23.0292250701265,-6.42282383035496,18.));
#5334=CARTESIAN_POINT('',(23.0568149545472,-6.26248849323473,18.));
#5335=CARTESIAN_POINT('',(23.0895076624592,-6.10514373650578,18.));
#5336=CARTESIAN_POINT('',(23.1267694891063,-5.94524818764367,18.));
#5337=CARTESIAN_POINT('',(23.1677396080637,-5.77773649516311,18.));
#5338=CARTESIAN_POINT('',(23.2082554177495,-5.60747301865054,18.));
#5339=CARTESIAN_POINT('',(23.2437509457881,-5.43781273207273,18.));
#5340=CARTESIAN_POINT('',(23.269906144141,-5.27318702752018,18.));
#5341=CARTESIAN_POINT('',(23.2845925130105,-5.11457288129802,18.));
#5342=CARTESIAN_POINT('',(23.2874104107501,-4.95935060686311,18.));
#5343=CARTESIAN_POINT('',(23.2783567077175,-4.80268892229926,18.));
#5344=CARTESIAN_POINT('',(23.2574766681223,-4.6408565265071,18.));
#5345=CARTESIAN_POINT('',(23.2260352531649,-4.4735018578034,18.));
#5346=CARTESIAN_POINT('',(23.1875236414858,-4.30391678086188,18.));
#5347=CARTESIAN_POINT('',(23.1467125201473,-4.1365778835605,18.));
#5348=CARTESIAN_POINT('',(23.1077837223561,-3.97485508842651,18.));
#5349=CARTESIAN_POINT('',(23.0733517422767,-3.81987229200854,18.));
#5350=CARTESIAN_POINT('',(23.044983806809,-3.67237425410144,18.));
#5351=CARTESIAN_POINT('',(23.0230376653028,-3.53027485271752,18.));
#5352=CARTESIAN_POINT('',(23.0086478393048,-3.399669533825,18.));
#5353=CARTESIAN_POINT('',(23.0014351654979,-3.28514920011278,18.));
#5354=CARTESIAN_POINT('',(23.,-3.21642169163949,18.));
#5355=CARTESIAN_POINT('',(23.,-3.18616428524191,18.));
#5356=CARTESIAN_POINT('',(23.,-2.15538939716446E-17,18.));
#5357=CARTESIAN_POINT('',(23.,-3.18616428524191,18.));
#5358=VECTOR('',#5359,1.);
#5359=DIRECTION('',(0.,1.,0.));
#5360=CARTESIAN_POINT('',(11.7393146818237,-9.83747181980113E-16,18.));
#5361=CARTESIAN_POINT('',(23.,-4.7642005080753E-16,18.));
#5362=VECTOR('',#5363,1.);
#5363=DIRECTION('',(-1.,1.75136078074148E-32,-3.15497110381545E-16));
#5364=CARTESIAN_POINT('',(11.7393146818237,-11.,18.));
#5365=CARTESIAN_POINT('',(11.7393146818237,-1.37263937590019E-15,18.));
#5366=VECTOR('',#5367,1.);
#5367=DIRECTION('',(0.,-1.,-3.22973970800045E-16));
#5368=CARTESIAN_POINT('',(11.7393146818237,-11.,18.));
#5369=VECTOR('',#5370,1.);
#5370=DIRECTION('',(1.,0.,0.));
#5371=CARTESIAN_POINT('',(17.1,-5.,18.));
#5372=AXIS2_PLACEMENT_3D('',#5373,#5374,#5375);
#5373=CARTESIAN_POINT('',(15.,-5.,18.));
#5374=DIRECTION('',(1.77635683940025E-16,-1.61486985400023E-16,1.));
#5375=DIRECTION('',(1.,2.86858510989459E-32,-1.77635683940025E-16));
#5376=CARTESIAN_POINT('',(18.,-2.2,18.));
#5377=CARTESIAN_POINT('',(21.,-2.2,18.));
#5378=CARTESIAN_POINT('',(21.,-2.2,18.));
#5379=VECTOR('',#5380,1.);
#5380=DIRECTION('',(-1.,0.,0.));
#5381=CARTESIAN_POINT('',(21.,-7.8000000000003,18.));
#5382=CARTESIAN_POINT('',(21.,-7.800000000001,18.));
#5383=VECTOR('',#5384,1.);
#5384=DIRECTION('',(0.,1.,0.));
#5385=CARTESIAN_POINT('',(18.,-7.8000000000003,18.));
#5386=CARTESIAN_POINT('',(18.,-7.8000000000003,18.));
#5387=VECTOR('',#5388,1.);
#5388=DIRECTION('',(1.,0.,0.));
#5389=CARTESIAN_POINT('',(18.,-7.800000000001,18.));
#5390=VECTOR('',#5391,1.);
#5391=DIRECTION('',(0.,1.,0.));
#5392=CARTESIAN_POINT('',(23.,-5.,13.300000000033));
#5393=AXIS2_PLACEMENT_3D('',#5394,#5395,#5396);
#5394=CARTESIAN_POINT('',(23.,-5.,15.000000000033));
#5395=DIRECTION('',(1.,2.73691106313441E-48,-1.83697019872103E-16));
#5396=DIRECTION('',(-1.83697019872103E-16,-5.0276240595278E-64,-1.));
#5397=CARTESIAN_POINT('',(21.,-5.,13.300000000033));
#5398=AXIS2_PLACEMENT_3D('',#5399,#5400,#5401);
#5399=CARTESIAN_POINT('',(21.,-5.,15.000000000033));
#5400=DIRECTION('',(1.,0.,-1.83697019872103E-16));
#5401=DIRECTION('',(-1.83697019872103E-16,-1.22464679914735E-16,-1.));
#5402=CARTESIAN_POINT('',(18.,-5.,13.300000000033));
#5403=AXIS2_PLACEMENT_3D('',#5404,#5405,#5406);
#5404=CARTESIAN_POINT('',(18.,-5.,15.000000000033));
#5405=DIRECTION('',(1.,0.,-1.83697019872103E-16));
#5406=DIRECTION('',(-1.83697019872103E-16,-1.22464679914735E-16,-1.));
#5407=CARTESIAN_POINT('',(17.1,-5.,13.2999999999897));
#5408=CARTESIAN_POINT('',(17.1,-5.,16.700000000033));
#5409=CARTESIAN_POINT('',(17.1,-5.,13.2999999999896));
#5410=CARTESIAN_POINT('',(17.1000000841304,-4.9865927877141,13.2999999394904));
#5411=CARTESIAN_POINT('',(17.0997429672244,-4.95978340481214,13.3003174757079));
#5412=CARTESIAN_POINT('',(17.0985900594756,-4.91964670386816,13.3017418875886));
#5413=CARTESIAN_POINT('',(17.0966724703826,-4.87958443201737,13.3041119241375));
#5414=CARTESIAN_POINT('',(17.0939948828104,-4.83962795407619,13.3074232064275));
#5415=CARTESIAN_POINT('',(17.0905618742739,-4.799792898371,13.3116719778342));
#5416=CARTESIAN_POINT('',(17.086379898866,-4.76010694187913,13.3168527178053));
#5417=CARTESIAN_POINT('',(17.0814578654283,-4.72060817642266,13.3229574047583));
#5418=CARTESIAN_POINT('',(17.0758083834503,-4.68134343081784,13.3299739571019));
#5419=CARTESIAN_POINT('',(17.0694475970961,-4.6423631702068,13.337886406422));
#5420=CARTESIAN_POINT('',(17.0623945545957,-4.60371716952281,13.3466756490457));
#5421=CARTESIAN_POINT('',(17.0546700106814,-4.56544759797544,13.3563208968692));
#5422=CARTESIAN_POINT('',(17.0462929546402,-4.52757738673194,13.3668039910709));
#5423=CARTESIAN_POINT('',(17.0362819780842,-4.48596770955739,13.3793621596418));
#5424=CARTESIAN_POINT('',(17.023309312638,-4.43669769886529,13.3956852859579));
#5425=CARTESIAN_POINT('',(17.0056020747549,-4.37618106911353,13.4180635946114));
#5426=CARTESIAN_POINT('',(16.9848698620632,-4.31309732096622,13.4444248752307));
#5427=CARTESIAN_POINT('',(16.9637901393406,-4.25532385090549,13.4714202235797));
#5428=CARTESIAN_POINT('',(16.9443438709868,-4.2060729466203,13.4964877096174));
#5429=CARTESIAN_POINT('',(16.9238222136005,-4.15743734949484,13.5231105724349));
#5430=CARTESIAN_POINT('',(16.8998774425899,-4.10458483771309,13.5544187612071));
#5431=CARTESIAN_POINT('',(16.8733588717002,-4.05040304106964,13.5894455864085));
#5432=CARTESIAN_POINT('',(16.8432817232132,-3.99316076911364,13.6296191381419));
#5433=CARTESIAN_POINT('',(16.8059692048436,-3.92719193574557,13.6801284804296));
#5434=CARTESIAN_POINT('',(16.7593927344143,-3.85214957248924,13.7444805667266));
#5435=CARTESIAN_POINT('',(16.7107042593374,-3.78111091950356,13.8136899470138));
#5436=CARTESIAN_POINT('',(16.6666790806264,-3.72189317572755,13.8781978008175));
#5437=CARTESIAN_POINT('',(16.6237666227493,-3.66771103562547,13.9428945165697));
#5438=CARTESIAN_POINT('',(16.5736603120481,-3.60858051778356,14.0211963381583));
#5439=CARTESIAN_POINT('',(16.5188165609973,-3.54899318990655,14.1118043262756));
#5440=CARTESIAN_POINT('',(16.4691284781384,-3.49903950507858,14.2000790569334));
#5441=CARTESIAN_POINT('',(16.4336049904268,-3.46530972298289,14.2678717976648));
#5442=CARTESIAN_POINT('',(16.4089744330695,-3.44275423359621,14.3176417999724));
#5443=CARTESIAN_POINT('',(16.3911580479334,-3.42683751125347,14.3552879087364));
#5444=CARTESIAN_POINT('',(16.3753500527213,-3.41300910176393,14.3901751748172));
#5445=CARTESIAN_POINT('',(16.3594595297626,-3.39936808946733,14.4268220350103));
#5446=CARTESIAN_POINT('',(16.3430723953885,-3.38558901523074,14.4667371870177));
#5447=CARTESIAN_POINT('',(16.3265224115531,-3.37197098659608,14.5099025547328));
#5448=CARTESIAN_POINT('',(16.3113293163371,-3.35971646273012,14.5526550721972));
#5449=CARTESIAN_POINT('',(16.2974953053284,-3.34875849368052,14.5949996162122));
#5450=CARTESIAN_POINT('',(16.2850217514637,-3.33903841411211,14.6369324775803));
#5451=CARTESIAN_POINT('',(16.2747628509342,-3.33116082388705,14.6752844138511));
#5452=CARTESIAN_POINT('',(16.2663990040102,-3.32481038467196,14.7100450887652));
#5453=CARTESIAN_POINT('',(16.2596234357485,-3.31971129982446,14.7412304417709));
#5454=CARTESIAN_POINT('',(16.25357648087,-3.31519655812329,14.7724722182709));
#5455=CARTESIAN_POINT('',(16.2482516046112,-3.31124881276962,14.803898558527));
#5456=CARTESIAN_POINT('',(16.2436610721553,-3.3078663728761,14.8356051830177));
#5457=CARTESIAN_POINT('',(16.2398397143612,-3.30506536349025,14.8675578439231));
#5458=CARTESIAN_POINT('',(16.2368231128144,-3.30286358545226,14.8996363835551));
#5459=CARTESIAN_POINT('',(16.2343827300981,-3.30108814766359,14.93539649616));
#5460=CARTESIAN_POINT('',(16.2331148542192,-3.30016828412843,14.9688655568815));
#5461=CARTESIAN_POINT('',(16.2327854568005,-3.29992940600054,15.00116143132));
#5462=CARTESIAN_POINT('',(16.2332016578613,-3.30023123884153,15.0370012888053));
#5463=CARTESIAN_POINT('',(16.2350807380854,-3.30159464860085,15.0787340493655));
#5464=CARTESIAN_POINT('',(16.2386669057666,-3.30420764312686,15.1214808452556));
#5465=CARTESIAN_POINT('',(16.2426980029254,-3.30715921639413,15.1569417318048));
#5466=CARTESIAN_POINT('',(16.2472923133297,-3.31053998899988,15.1900210776081));
#5467=CARTESIAN_POINT('',(16.2531521626016,-3.3148790876715,15.2254740123643));
#5468=CARTESIAN_POINT('',(16.2609559312127,-3.3207052553479,15.2656838303625));
#5469=CARTESIAN_POINT('',(16.2711147004586,-3.32837262683289,15.310561793164));
#5470=CARTESIAN_POINT('',(16.2856200335028,-3.33947906738041,15.365980421378));
#5471=CARTESIAN_POINT('',(16.3045271886688,-3.3542538958708,15.4279757076931));
#5472=CARTESIAN_POINT('',(16.3276125878196,-3.37280728258837,15.4936709220176));
#5473=CARTESIAN_POINT('',(16.3490346102896,-3.39054526430119,15.5482445688106));
#5474=CARTESIAN_POINT('',(16.367645810553,-3.40636126548066,15.592284516447));
#5475=CARTESIAN_POINT('',(16.3827842145721,-3.41948249264198,15.6263952312949));
#5476=CARTESIAN_POINT('',(16.3975275006495,-3.43250421508498,15.658277790407));
#5477=CARTESIAN_POINT('',(16.4141066451113,-3.44742314594258,15.6928471665404));
#5478=CARTESIAN_POINT('',(16.4331799089696,-3.46498251581655,15.7310507842186));
#5479=CARTESIAN_POINT('',(16.454924374261,-3.48556624302096,15.7728009279566));
#5480=CARTESIAN_POINT('',(16.4763056292149,-3.50640769607993,15.8122931138992));
#5481=CARTESIAN_POINT('',(16.4978505590764,-3.52801411207922,15.8508033494234));
#5482=CARTESIAN_POINT('',(16.5243950264171,-3.55540337284834,15.8968690308256));
#5483=CARTESIAN_POINT('',(16.5630231929343,-3.59693356677332,15.9614011780651));
#5484=CARTESIAN_POINT('',(16.6190792478701,-3.66133748491076,16.0504334334859));
#5485=CARTESIAN_POINT('',(16.6874736100265,-3.74798256312187,16.1530989845819));
#5486=CARTESIAN_POINT('',(16.7553838013634,-3.84530882744536,16.2500765329167));
#5487=CARTESIAN_POINT('',(16.8109842999807,-3.93545167434603,16.3267581486243));
#5488=CARTESIAN_POINT('',(16.8541480224664,-4.01296578879317,16.3850021941278));
#5489=CARTESIAN_POINT('',(16.8952461117005,-4.09381893702185,16.4395840273797));
#5490=CARTESIAN_POINT('',(16.9385537850553,-4.18962556767841,16.4961505799282));
#5491=CARTESIAN_POINT('',(16.9799323492815,-4.29693421462016,16.5493338063751));
#5492=CARTESIAN_POINT('',(17.0109585361817,-4.39277219513761,16.5887353018018));
#5493=CARTESIAN_POINT('',(17.0325043910375,-4.47044441913877,16.6158987467112));
#5494=CARTESIAN_POINT('',(17.0482909140037,-4.53534314923652,16.6357061749632));
#5495=CARTESIAN_POINT('',(17.0622788447745,-4.6017066224814,16.653186953542));
#5496=CARTESIAN_POINT('',(17.0742573559356,-4.66967659929936,16.6681022990459));
#5497=CARTESIAN_POINT('',(17.0832051377362,-4.73277576025125,16.6792120112502));
#5498=CARTESIAN_POINT('',(17.0888445691838,-4.78249249448259,16.6862012607684));
#5499=CARTESIAN_POINT('',(17.0923522398068,-4.8200199854472,16.6905440435275));
#5500=CARTESIAN_POINT('',(17.0948966740717,-4.85248985177205,16.6936921250265));
#5501=CARTESIAN_POINT('',(17.0969411428269,-4.8850248248171,16.6962201336474));
#5502=CARTESIAN_POINT('',(17.0984754867706,-4.91789215394745,16.6981164947867));
#5503=CARTESIAN_POINT('',(17.0993480535033,-4.94565535331402,16.6991946057247));
#5504=CARTESIAN_POINT('',(17.099783087353,-4.96806016384911,16.6997320451504));
#5505=CARTESIAN_POINT('',(17.0999647531454,-4.98487448100059,16.6999564605133));
#5506=CARTESIAN_POINT('',(17.1000000026969,-4.99523976647991,16.7000000024731));
#5507=CARTESIAN_POINT('',(17.1,-5.,16.700000000033));
#5508=CARTESIAN_POINT('',(17.1,-5.,13.2999999999896));
#5509=CARTESIAN_POINT('',(17.1000000841304,-5.0134072122859,13.2999999394904));
#5510=CARTESIAN_POINT('',(17.0997429672244,-5.04021659518787,13.3003174757079));
#5511=CARTESIAN_POINT('',(17.0985900594756,-5.08035329613185,13.3017418875886));
#5512=CARTESIAN_POINT('',(17.0966724703826,-5.12041556798263,13.3041119241375));
#5513=CARTESIAN_POINT('',(17.0939948828104,-5.16037204592381,13.3074232064275));
#5514=CARTESIAN_POINT('',(17.0905618742738,-5.200207101629,13.3116719778342));
#5515=CARTESIAN_POINT('',(17.086379898866,-5.23989305812087,13.3168527178053));
#5516=CARTESIAN_POINT('',(17.0814578654283,-5.27939182357734,13.3229574047583));
#5517=CARTESIAN_POINT('',(17.0758083834503,-5.31865656918216,13.3299739571019));
#5518=CARTESIAN_POINT('',(17.0694475970961,-5.35763682979319,13.337886406422));
#5519=CARTESIAN_POINT('',(17.0623945545957,-5.39628283047718,13.3466756490457));
#5520=CARTESIAN_POINT('',(17.0546700106814,-5.43455240202455,13.3563208968692));
#5521=CARTESIAN_POINT('',(17.0462929546402,-5.47242261326806,13.3668039910709));
#5522=CARTESIAN_POINT('',(17.0362819780842,-5.51403229044261,13.3793621596418));
#5523=CARTESIAN_POINT('',(17.023309312638,-5.56330230113471,13.3956852859579));
#5524=CARTESIAN_POINT('',(17.0056020747549,-5.62381893088646,13.4180635946114));
#5525=CARTESIAN_POINT('',(16.9848698620632,-5.68690267903378,13.4444248752307));
#5526=CARTESIAN_POINT('',(16.9637901393406,-5.74467614909451,13.4714202235797));
#5527=CARTESIAN_POINT('',(16.9443438709869,-5.7939270533797,13.4964877096174));
#5528=CARTESIAN_POINT('',(16.9238222136005,-5.84256265050516,13.5231105724349));
#5529=CARTESIAN_POINT('',(16.8998774425899,-5.89541516228692,13.5544187612071));
#5530=CARTESIAN_POINT('',(16.8733588717002,-5.94959695893036,13.5894455864086));
#5531=CARTESIAN_POINT('',(16.8432817232132,-6.00683923088637,13.6296191381419));
#5532=CARTESIAN_POINT('',(16.8059692048436,-6.07280806425444,13.6801284804296));
#5533=CARTESIAN_POINT('',(16.7593927344143,-6.14785042751077,13.7444805667266));
#5534=CARTESIAN_POINT('',(16.7107042593374,-6.21888908049644,13.8136899470138));
#5535=CARTESIAN_POINT('',(16.6666790806264,-6.27810682427246,13.8781978008175));
#5536=CARTESIAN_POINT('',(16.6237666227493,-6.33228896437454,13.9428945165696));
#5537=CARTESIAN_POINT('',(16.5736603120481,-6.39141948221645,14.0211963381583));
#5538=CARTESIAN_POINT('',(16.5188165609973,-6.45100681009345,14.1118043262756));
#5539=CARTESIAN_POINT('',(16.4691284781384,-6.50096049492142,14.2000790569334));
#5540=CARTESIAN_POINT('',(16.4336049904268,-6.53469027701712,14.2678717976648));
#5541=CARTESIAN_POINT('',(16.4089744330695,-6.55724576640379,14.3176417999724));
#5542=CARTESIAN_POINT('',(16.3911580479333,-6.57316248874654,14.3552879087364));
#5543=CARTESIAN_POINT('',(16.3753500527213,-6.58699089823608,14.3901751748172));
#5544=CARTESIAN_POINT('',(16.3594595297626,-6.60063191053267,14.4268220350103));
#5545=CARTESIAN_POINT('',(16.3430723953885,-6.61441098476926,14.4667371870177));
#5546=CARTESIAN_POINT('',(16.3265224115531,-6.62802901340391,14.5099025547328));
#5547=CARTESIAN_POINT('',(16.3113293163371,-6.64028353726988,14.5526550721972));
#5548=CARTESIAN_POINT('',(16.2974953053284,-6.65124150631948,14.5949996162122));
#5549=CARTESIAN_POINT('',(16.2850217514637,-6.66096158588789,14.6369324775803));
#5550=CARTESIAN_POINT('',(16.2747628509342,-6.66883917611295,14.6752844138511));
#5551=CARTESIAN_POINT('',(16.2663990040102,-6.67518961532805,14.7100450887652));
#5552=CARTESIAN_POINT('',(16.2596234357485,-6.68028870017554,14.7412304417709));
#5553=CARTESIAN_POINT('',(16.25357648087,-6.68480344187671,14.7724722182709));
#5554=CARTESIAN_POINT('',(16.2482516046112,-6.68875118723038,14.803898558527));
#5555=CARTESIAN_POINT('',(16.2436610721553,-6.6921336271239,14.8356051830177));
#5556=CARTESIAN_POINT('',(16.2398397143612,-6.69493463650975,14.8675578439231));
#5557=CARTESIAN_POINT('',(16.2368231128144,-6.69713641454774,14.8996363835551));
#5558=CARTESIAN_POINT('',(16.2343827300981,-6.69891185233641,14.93539649616));
#5559=CARTESIAN_POINT('',(16.2331148542192,-6.69983171587157,14.9688655568815));
#5560=CARTESIAN_POINT('',(16.2327854568005,-6.70007059399947,15.0011614313201));
#5561=CARTESIAN_POINT('',(16.2332016578613,-6.69976876115847,15.0370012888053));
#5562=CARTESIAN_POINT('',(16.2350807380854,-6.69840535139916,15.0787340493655));
#5563=CARTESIAN_POINT('',(16.2386669057666,-6.69579235687314,15.1214808452556));
#5564=CARTESIAN_POINT('',(16.2426980029254,-6.69284078360588,15.1569417318048));
#5565=CARTESIAN_POINT('',(16.2472923133297,-6.68946001100013,15.1900210776081));
#5566=CARTESIAN_POINT('',(16.2531521626015,-6.6851209123285,15.2254740123643));
#5567=CARTESIAN_POINT('',(16.2609559312127,-6.6792947446521,15.2656838303625));
#5568=CARTESIAN_POINT('',(16.2711147004586,-6.67162737316711,15.310561793164));
#5569=CARTESIAN_POINT('',(16.2856200335029,-6.6605209326196,15.365980421378));
#5570=CARTESIAN_POINT('',(16.3045271886688,-6.64574610412921,15.4279757076931));
#5571=CARTESIAN_POINT('',(16.3276125878196,-6.62719271741163,15.4936709220176));
#5572=CARTESIAN_POINT('',(16.3490346102896,-6.60945473569882,15.5482445688106));
#5573=CARTESIAN_POINT('',(16.367645810553,-6.59363873451934,15.592284516447));
#5574=CARTESIAN_POINT('',(16.3827842145721,-6.58051750735803,15.6263952312949));
#5575=CARTESIAN_POINT('',(16.3975275006495,-6.56749578491502,15.658277790407));
#5576=CARTESIAN_POINT('',(16.4141066451113,-6.55257685405742,15.6928471665404));
#5577=CARTESIAN_POINT('',(16.4331799089696,-6.53501748418345,15.7310507842186));
#5578=CARTESIAN_POINT('',(16.454924374261,-6.51443375697904,15.7728009279566));
#5579=CARTESIAN_POINT('',(16.4763056292149,-6.49359230392008,15.8122931138991));
#5580=CARTESIAN_POINT('',(16.4978505590764,-6.47198588792078,15.8508033494234));
#5581=CARTESIAN_POINT('',(16.5243950264171,-6.44459662715166,15.8968690308256));
#5582=CARTESIAN_POINT('',(16.5630231929343,-6.40306643322669,15.9614011780652));
#5583=CARTESIAN_POINT('',(16.6190792478701,-6.33866251508923,16.0504334334859));
#5584=CARTESIAN_POINT('',(16.6874736100265,-6.25201743687814,16.1530989845819));
#5585=CARTESIAN_POINT('',(16.7553838013634,-6.15469117255465,16.2500765329167));
#5586=CARTESIAN_POINT('',(16.8109842999807,-6.06454832565397,16.3267581486243));
#5587=CARTESIAN_POINT('',(16.8541480224664,-5.98703421120684,16.3850021941278));
#5588=CARTESIAN_POINT('',(16.8952461117005,-5.90618106297817,16.4395840273797));
#5589=CARTESIAN_POINT('',(16.9385537850553,-5.8103744323216,16.4961505799281));
#5590=CARTESIAN_POINT('',(16.9799323492814,-5.70306578537986,16.5493338063751));
#5591=CARTESIAN_POINT('',(17.0109585361817,-5.60722780486241,16.5887353018018));
#5592=CARTESIAN_POINT('',(17.0325043910375,-5.52955558086125,16.6158987467112));
#5593=CARTESIAN_POINT('',(17.0482909140036,-5.4646568507635,16.6357061749632));
#5594=CARTESIAN_POINT('',(17.0622788447745,-5.39829337751863,16.653186953542));
#5595=CARTESIAN_POINT('',(17.0742573559356,-5.33032340070066,16.6681022990459));
#5596=CARTESIAN_POINT('',(17.0832051377362,-5.26722423974877,16.6792120112502));
#5597=CARTESIAN_POINT('',(17.0888445691838,-5.21750750551742,16.6862012607684));
#5598=CARTESIAN_POINT('',(17.0923522398068,-5.17998001455282,16.6905440435275));
#5599=CARTESIAN_POINT('',(17.0948966740717,-5.14751014822797,16.6936921250265));
#5600=CARTESIAN_POINT('',(17.0969411428269,-5.11497517518292,16.6962201336474));
#5601=CARTESIAN_POINT('',(17.0984754867706,-5.08210784605257,16.6981164947867));
#5602=CARTESIAN_POINT('',(17.0993480535033,-5.05434464668599,16.6991946057247));
#5603=CARTESIAN_POINT('',(17.099783087353,-5.0319398361509,16.6997320451504));
#5604=CARTESIAN_POINT('',(17.0999647531454,-5.01512551899942,16.6999564605133));
#5605=CARTESIAN_POINT('',(17.1000000026969,-5.00476023352009,16.7000000024731));
#5606=CARTESIAN_POINT('',(17.1,-5.,16.700000000033));
#5607=CARTESIAN_POINT('',(18.,-7.80000000000101,13.3834192463055));
#5608=CARTESIAN_POINT('',(18.,-7.8000000000003,18.));
#5609=VECTOR('',#5610,1.);
#5610=DIRECTION('',(0.,-1.51794761216425E-13,-1.));
#5611=CARTESIAN_POINT('',(18.,-5.00000000000227,11.7668384925725));
#5612=CARTESIAN_POINT('',(18.,-7.80000000000101,13.3834192463055));
#5613=VECTOR('',#5614,1.);
#5614=DIRECTION('',(0.,0.86602540378407,-0.500000000000639));
#5615=CARTESIAN_POINT('',(18.,-2.2,13.3834192463004));
#5616=CARTESIAN_POINT('',(18.,-5.00000000000227,11.7668384925725));
#5617=VECTOR('',#5618,1.);
#5618=DIRECTION('',(0.,0.866025403785028,0.499999999998978));
#5619=CARTESIAN_POINT('',(18.,-2.2,13.3834192463004));
#5620=VECTOR('',#5621,1.);
#5621=DIRECTION('',(0.,9.61943987428748E-17,1.));
#5622=CARTESIAN_POINT('',(21.,-2.2,13.3834192463004));
#5623=CARTESIAN_POINT('',(21.,-2.2,13.3834192463004));
#5624=VECTOR('',#5625,1.);
#5625=DIRECTION('',(0.,9.61943987428748E-17,1.));
#5626=CARTESIAN_POINT('',(21.,-5.00000000000227,11.7668384925725));
#5627=CARTESIAN_POINT('',(21.,-5.00000000000227,11.7668384925725));
#5628=VECTOR('',#5629,1.);
#5629=DIRECTION('',(0.,0.866025403785028,0.499999999998978));
#5630=CARTESIAN_POINT('',(21.,-7.80000000000101,13.3834192463055));
#5631=CARTESIAN_POINT('',(21.,-7.80000000000101,13.3834192463055));
#5632=VECTOR('',#5633,1.);
#5633=DIRECTION('',(0.,0.86602540378407,-0.500000000000639));
#5634=CARTESIAN_POINT('',(21.,-7.8000000000003,18.));
#5635=VECTOR('',#5636,1.);
#5636=DIRECTION('',(0.,-1.51794761216425E-13,-1.));
#5637=CARTESIAN_POINT('',(18.,-7.80000000000101,13.3834192463055));
#5638=VECTOR('',#5639,1.);
#5639=DIRECTION('',(1.,0.,0.));
#5640=CARTESIAN_POINT('',(18.,-2.2,13.3834192463004));
#5641=VECTOR('',#5642,1.);
#5642=DIRECTION('',(1.,0.,0.));
#5643=CARTESIAN_POINT('',(24.,5.53771361413822E-16,-9.));
#5644=CARTESIAN_POINT('',(24.,-4.72118503332144E-18,9.));
#5645=AXIS2_PLACEMENT_3D('',#5646,#5647,#5648);
#5646=CARTESIAN_POINT('',(24.,9.0264442348385E-48,-4.40872847693047E-15));
#5647=DIRECTION('',(-1.,0.,1.83697019872103E-16));
#5648=DIRECTION('',(-1.83697019872103E-16,-1.22464679914735E-16,-1.));
#5649=CARTESIAN_POINT('',(24.,2.01613387014126E-16,17.));
#5650=CARTESIAN_POINT('',(24.,5.36927504516345E-16,9.));
#5651=VECTOR('',#5652,1.);
#5652=DIRECTION('',(4.44089209850063E-16,-8.34368004498708E-17,1.));
#5653=CARTESIAN_POINT('',(24.,-3.18616428524191,17.));
#5654=CARTESIAN_POINT('',(24.,-3.18616428524191,17.));
#5655=VECTOR('',#5656,1.);
#5656=DIRECTION('',(0.,1.,0.));
#5657=CARTESIAN_POINT('',(24.,-5.,12.300000000033));
#5658=AXIS2_PLACEMENT_3D('',#5659,#5660,#5661);
#5659=CARTESIAN_POINT('',(24.,-5.,15.000000000033));
#5660=DIRECTION('',(1.,0.,-1.83697019872103E-16));
#5661=DIRECTION('',(-1.83697019872103E-16,0.,-1.));
#5662=CARTESIAN_POINT('',(24.,-6.81383571475809,17.));
#5663=AXIS2_PLACEMENT_3D('',#5664,#5665,#5666);
#5664=CARTESIAN_POINT('',(24.,-5.,15.000000000033));
#5665=DIRECTION('',(1.,0.,-1.83697019872103E-16));
#5666=DIRECTION('',(1.36071866569683E-16,-0.67179100546596,0.740740740728518));
#5667=CARTESIAN_POINT('',(24.,-11.,17.));
#5668=CARTESIAN_POINT('',(24.,-11.,17.));
#5669=VECTOR('',#5670,1.);
#5670=DIRECTION('',(0.,1.,0.));
#5671=CARTESIAN_POINT('',(24.,-11.,-12.));
#5672=CARTESIAN_POINT('',(24.,-11.,17.));
#5673=VECTOR('',#5674,1.);
#5674=DIRECTION('',(-3.675221047035E-16,6.125368411725E-17,-1.));
#5675=CARTESIAN_POINT('',(24.,4.44089209850063E-16,-12.));
#5676=CARTESIAN_POINT('',(24.,-11.,-12.));
#5677=VECTOR('',#5678,1.);
#5678=DIRECTION('',(0.,1.,0.));
#5679=CARTESIAN_POINT('',(24.,1.84501110411357E-15,-12.));
#5680=VECTOR('',#5681,1.);
#5681=DIRECTION('',(1.1842378929335E-15,-6.12323399573676E-17,1.));
#5682=CARTESIAN_POINT('',(24.,-8.,-6.40000000000001));
#5683=AXIS2_PLACEMENT_3D('',#5684,#5685,#5686);
#5684=CARTESIAN_POINT('',(24.,-8.,-8.00000000000001));
#5685=DIRECTION('',(1.,0.,-1.83697019872103E-16));
#5686=DIRECTION('',(1.83697019872103E-16,0.,1.));
#5687=CARTESIAN_POINT('',(24.,-8.,9.6));
#5688=AXIS2_PLACEMENT_3D('',#5689,#5690,#5691);
#5689=CARTESIAN_POINT('',(24.,-8.,8.));
#5690=DIRECTION('',(1.,0.,-1.83697019872103E-16));
#5691=DIRECTION('',(1.83697019872103E-16,0.,1.));
#5692=CARTESIAN_POINT('',(23.,1.22773975470259E-15,7.99999999999999));
#5693=AXIS2_PLACEMENT_3D('',#5694,#5695,#5696);
#5694=CARTESIAN_POINT('',(23.,6.74174720167633E-16,9.));
#5695=DIRECTION('',(2.17540971751503E-32,1.,1.22464679914735E-16));
#5696=DIRECTION('',(1.,-2.17540971751503E-32,-1.47400583292813E-47));
#5697=CARTESIAN_POINT('',(8.65685424949238,2.65546466694123E-16,8.));
#5698=CARTESIAN_POINT('',(8.65685424949238,3.98319700041184E-16,8.));
#5699=VECTOR('',#5700,1.);
#5700=DIRECTION('',(1.,-3.43744722628704E-33,-1.85770632568945E-16));
#5701=CARTESIAN_POINT('',(9.,3.4718958663728E-16,6.));
#5702=AXIS2_PLACEMENT_3D('',#5703,#5704,#5705);
#5703=CARTESIAN_POINT('',(3.,1.04156875991184E-15,6.));
#5704=DIRECTION('',(2.17540971751503E-32,1.,1.22464679914735E-16));
#5705=DIRECTION('',(0.942809041582063,-4.08215599715784E-17,0.333333333333333));
#5706=CARTESIAN_POINT('',(8.26636589424463E-16,5.80878499959625E-16,6.));
#5707=CARTESIAN_POINT('',(1.10218211923262E-15,5.20784379955919E-16,6.));
#5708=VECTOR('',#5709,1.);
#5709=DIRECTION('',(1.,0.,-1.97372982155583E-16));
#5710=CARTESIAN_POINT('',(-14.,2.12222070072514E-15,6.));
#5711=CARTESIAN_POINT('',(-14.,9.48099459931473E-16,6.));
#5712=VECTOR('',#5713,1.);
#5713=DIRECTION('',(1.,0.,-2.53765262771464E-16));
#5714=CARTESIAN_POINT('',(-8.,1.68481781978249E-15,12.));
#5715=AXIS2_PLACEMENT_3D('',#5716,#5717,#5718);
#5716=CARTESIAN_POINT('',(-8.,1.04156875991184E-15,6.));
#5717=DIRECTION('',(2.17540971751503E-32,1.,1.22464679914735E-16));
#5718=DIRECTION('',(-1.,2.17540971751503E-32,-1.36120804657533E-48));
#5719=CARTESIAN_POINT('',(3.25403330758517,-3.79550186790805E-16,12.));
#5720=CARTESIAN_POINT('',(-8.,3.06780680423427E-16,12.));
#5721=VECTOR('',#5722,1.);
#5722=DIRECTION('',(1.,2.14544577229118E-18,0.));
#5723=CARTESIAN_POINT('',(10.7965056402417,-6.33558837865683E-16,17.3333333333333));
#5724=AXIS2_PLACEMENT_3D('',#5725,#5726,#5727);
#5725=CARTESIAN_POINT('',(3.25403330758517,-6.72936758894456E-16,20.));
#5726=DIRECTION('',(-1.84889274661175E-32,-1.,-1.22464679914735E-16));
#5727=DIRECTION('',(5.55111512312578E-16,1.22464679914735E-16,-1.));
#5728=AXIS2_PLACEMENT_3D('',#5729,#5730,#5731);
#5729=CARTESIAN_POINT('',(11.7393146818237,-3.05542719150249E-16,17.));
#5730=DIRECTION('',(2.17540971751503E-32,1.,1.22464679914735E-16));
#5731=DIRECTION('',(-0.942809041582061,-4.08215599715794E-17,0.333333333333341));
#5732=AXIS2_PLACEMENT_3D('',#5733,#5734,#5735);
#5733=CARTESIAN_POINT('',(23.,-3.05542719150249E-16,17.));
#5734=DIRECTION('',(2.17540971751503E-32,1.,1.22464679914735E-16));
#5735=DIRECTION('',(-5.36279899682962E-64,-1.22464679914735E-16,1.));
#5736=CARTESIAN_POINT('',(0.6,3.5527136788005E-15,8.));
#5737=AXIS2_PLACEMENT_3D('',#5738,#5739,#5740);
#5738=CARTESIAN_POINT('',(-1.,7.96639400082368E-16,8.));
#5739=DIRECTION('',(2.17540971751503E-32,1.,1.22464679914735E-16));
#5740=DIRECTION('',(1.,-2.17540971751503E-32,2.46519032881566E-32));
#5741=AXIS2_PLACEMENT_3D('',#5742,#5743,#5744);
#5742=CARTESIAN_POINT('',(23.,-11.,17.));
#5743=DIRECTION('',(-2.62953635073671E-32,-1.,-1.48029736616688E-16));
#5744=DIRECTION('',(1.,-1.07810990380205E-30,7.105427357601E-15));
#5745=CARTESIAN_POINT('',(10.7965056402417,-11.,17.3333333333333));
#5746=AXIS2_PLACEMENT_3D('',#5747,#5748,#5749);
#5747=CARTESIAN_POINT('',(11.7393146818237,-11.,17.));
#5748=DIRECTION('',(-2.62953635073671E-32,-1.,-1.48029736616688E-16));
#5749=DIRECTION('',(-3.8924957342356E-48,-1.48029736616688E-16,1.));
#5750=CARTESIAN_POINT('',(3.25403330758517,-11.,12.));
#5751=AXIS2_PLACEMENT_3D('',#5752,#5753,#5754);
#5752=CARTESIAN_POINT('',(3.25403330758517,-11.,20.));
#5753=DIRECTION('',(2.46519032881566E-32,1.,1.48029736616688E-16));
#5754=DIRECTION('',(0.942809041582063,4.93432455388959E-17,-0.333333333333334));
#5755=CARTESIAN_POINT('',(-8.,-11.,12.));
#5756=CARTESIAN_POINT('',(-8.,-11.,12.));
#5757=VECTOR('',#5758,1.);
#5758=DIRECTION('',(1.,0.,0.));
#5759=CARTESIAN_POINT('',(-14.,-11.,6.));
#5760=AXIS2_PLACEMENT_3D('',#5761,#5762,#5763);
#5761=CARTESIAN_POINT('',(-8.,-11.,6.));
#5762=DIRECTION('',(-2.62953635073671E-32,-1.,-1.48029736616688E-16));
#5763=DIRECTION('',(-1.48029736616688E-16,-1.48029736616688E-16,1.));
#5764=CARTESIAN_POINT('',(-14.,-11.,-6.));
#5765=CARTESIAN_POINT('',(-14.,-11.,6.));
#5766=VECTOR('',#5767,1.);
#5767=DIRECTION('',(-1.48029736616688E-16,0.,-1.));
#5768=CARTESIAN_POINT('',(-8.,-11.,-12.));
#5769=AXIS2_PLACEMENT_3D('',#5770,#5771,#5772);
#5770=CARTESIAN_POINT('',(-8.,-11.,-6.));
#5771=DIRECTION('',(-2.62953635073671E-32,-1.,-1.48029736616688E-16));
#5772=DIRECTION('',(-1.,-1.75302423382447E-32,2.96059473233375E-16));
#5773=CARTESIAN_POINT('',(-8.,-11.,-12.));
#5774=VECTOR('',#5775,1.);
#5775=DIRECTION('',(1.,-5.55111512312578E-17,-1.11022302462516E-16));
#5776=CARTESIAN_POINT('',(0.645448267192512,-11.,-5.14999999998179));
#5777=CARTESIAN_POINT('',(2.2908965343807,-11.,-8.00000000002132));
#5778=CARTESIAN_POINT('',(2.2908965343807,-11.,-8.00000000002132));
#5779=VECTOR('',#5780,1.);
#5780=DIRECTION('',(-0.499999999994288,-5.39778999681181E-16,0.866025403787737));
#5781=CARTESIAN_POINT('',(0.645448267181571,-11.,-10.8500000000077));
#5782=CARTESIAN_POINT('',(0.645448267181569,-11.,-10.8500000000077));
#5783=VECTOR('',#5784,1.);
#5784=DIRECTION('',(0.500000000003769,0.,0.866025403782263));
#5785=CARTESIAN_POINT('',(-2.64544826719131,-11.,-10.8500000000077));
#5786=CARTESIAN_POINT('',(-2.64544826719131,-11.,-10.8500000000077));
#5787=VECTOR('',#5788,1.);
#5788=DIRECTION('',(1.,0.,0.));
#5789=CARTESIAN_POINT('',(-4.29089653437552,-11.,-8.00000000000346));
#5790=CARTESIAN_POINT('',(-4.29089653437552,-11.,-8.00000000000346));
#5791=VECTOR('',#5792,1.);
#5792=DIRECTION('',(0.499999999998017,5.39778999686515E-16,-0.866025403785584));
#5793=CARTESIAN_POINT('',(-2.64544826719249,-11.,-5.14999999998763));
#5794=CARTESIAN_POINT('',(-2.64544826719248,-11.,-5.14999999998762));
#5795=VECTOR('',#5796,1.);
#5796=DIRECTION('',(-0.49999999999623,5.39778999684971E-16,-0.866025403786615));
#5797=CARTESIAN_POINT('',(0.645448267192512,-11.,-5.14999999998179));
#5798=VECTOR('',#5799,1.);
#5799=DIRECTION('',(-1.,0.,-1.77425357196768E-12));
#5800=CARTESIAN_POINT('',(0.64544826718157,-11.,10.8500000000077));
#5801=CARTESIAN_POINT('',(2.2908965343807,-11.,8.00000000002132));
#5802=CARTESIAN_POINT('',(2.2908965343807,-11.,8.00000000002132));
#5803=VECTOR('',#5804,1.);
#5804=DIRECTION('',(-0.500000000003769,0.,0.866025403782263));
#5805=CARTESIAN_POINT('',(0.64544826719251,-11.,5.14999999998179));
#5806=CARTESIAN_POINT('',(0.645448267192507,-11.,5.14999999998178));
#5807=VECTOR('',#5808,1.);
#5808=DIRECTION('',(0.499999999994288,-5.39778999681181E-16,0.866025403787737));
#5809=CARTESIAN_POINT('',(-2.64544826719248,-11.,5.14999999998763));
#5810=CARTESIAN_POINT('',(-2.64544826719249,-11.,5.14999999998763));
#5811=VECTOR('',#5812,1.);
#5812=DIRECTION('',(1.,0.,-1.77398368246783E-12));
#5813=CARTESIAN_POINT('',(-4.29089653437552,-11.,8.00000000000346));
#5814=CARTESIAN_POINT('',(-4.29089653437552,-11.,8.00000000000346));
#5815=VECTOR('',#5816,1.);
#5816=DIRECTION('',(0.499999999996231,0.,-0.866025403786615));
#5817=CARTESIAN_POINT('',(-2.64544826719131,-11.,10.8500000000077));
#5818=CARTESIAN_POINT('',(-2.64544826719131,-11.,10.8500000000077));
#5819=VECTOR('',#5820,1.);
#5820=DIRECTION('',(-0.499999999998016,0.,-0.866025403785584));
#5821=CARTESIAN_POINT('',(0.645448267181571,-11.,10.8500000000077));
#5822=VECTOR('',#5823,1.);
#5823=DIRECTION('',(-1.,0.,0.));
#5824=CARTESIAN_POINT('',(22.,-11.,3.03478768490171));
#5825=CARTESIAN_POINT('',(19.,-11.,3.03478768490171));
#5826=CARTESIAN_POINT('',(19.,-11.,3.03478768490171));
#5827=VECTOR('',#5828,1.);
#5828=DIRECTION('',(1.,0.,-1.48029736616688E-16));
#5829=CARTESIAN_POINT('',(19.,-11.,9.50111069989301));
#5830=CARTESIAN_POINT('',(19.,-11.,3.03478768490171));
#5831=VECTOR('',#5832,1.);
#5832=DIRECTION('',(0.,0.,1.));
#5833=CARTESIAN_POINT('',(22.,-11.,9.50111069989301));
#5834=CARTESIAN_POINT('',(22.,-11.,9.50111069989301));
#5835=VECTOR('',#5836,1.);
#5836=DIRECTION('',(-1.,0.,0.));
#5837=CARTESIAN_POINT('',(22.,-11.,3.03478768490171));
#5838=VECTOR('',#5839,1.);
#5839=DIRECTION('',(0.,0.,1.));
#5840=CARTESIAN_POINT('',(22.,-11.,-9.50111069985536));
#5841=CARTESIAN_POINT('',(19.,-11.,-9.50111069985536));
#5842=CARTESIAN_POINT('',(19.,-11.,-9.50111069985536));
#5843=VECTOR('',#5844,1.);
#5844=DIRECTION('',(1.,-5.9211894646675E-16,5.9211894646675E-16));
#5845=CARTESIAN_POINT('',(19.,-11.,-3.03478768496907));
#5846=CARTESIAN_POINT('',(19.,-11.,-9.50111069985536));
#5847=VECTOR('',#5848,1.);
#5848=DIRECTION('',(-5.49417910398492E-16,-2.74708955199246E-16,1.));
#5849=CARTESIAN_POINT('',(22.,-11.,-3.03478768496907));
#5850=CARTESIAN_POINT('',(22.,-11.,-3.03478768496907));
#5851=VECTOR('',#5852,1.);
#5852=DIRECTION('',(-1.,0.,1.48029736616688E-16));
#5853=CARTESIAN_POINT('',(22.,-11.,-9.50111069985536));
#5854=VECTOR('',#5855,1.);
#5855=DIRECTION('',(0.,-2.74708955199246E-16,1.));
#5856=CARTESIAN_POINT('',(17.1,-5.,8.66025403784439));
#5857=CARTESIAN_POINT('',(17.1,-5.,8.66025403784439));
#5858=CARTESIAN_POINT('',(17.1000012359499,-5.05929783678218,8.59341385017188));
#5859=CARTESIAN_POINT('',(17.0949081606354,-5.17735893799562,8.45404677292407));
#5860=CARTESIAN_POINT('',(17.0730469428753,-5.35007879761283,8.23123095471887));
#5861=CARTESIAN_POINT('',(17.0363928582504,-5.52315648339034,7.98762303209459));
#5862=CARTESIAN_POINT('',(16.9828830190888,-5.70018286398199,7.71555995867388));
#5863=CARTESIAN_POINT('',(16.9092318331703,-5.88241069010315,7.40831649495745));
#5864=CARTESIAN_POINT('',(16.8130409910102,-6.06676334603652,7.06546894566032));
#5865=CARTESIAN_POINT('',(16.6972563637379,-6.24267645025334,6.70331744711269));
#5866=CARTESIAN_POINT('',(16.567551017753,-6.40222627211994,6.34028817529069));
#5867=CARTESIAN_POINT('',(16.4325927850806,-6.53919953375502,5.99788284012619));
#5868=CARTESIAN_POINT('',(16.3003587000207,-6.65166443078223,5.69163039227409));
#5869=CARTESIAN_POINT('',(16.1757321260346,-6.74197119257554,5.42686061105025));
#5870=CARTESIAN_POINT('',(16.0602809902557,-6.81421374069128,5.20129769454331));
#5871=CARTESIAN_POINT('',(15.9505118600821,-6.87384968704157,5.00457691063482));
#5872=CARTESIAN_POINT('',(15.844367758332,-6.92390951865065,4.83119377323257));
#5873=CARTESIAN_POINT('',(15.7420527075516,-6.96550611985033,4.68063546865714));
#5874=CARTESIAN_POINT('',(15.6409476562653,-7.00069730864262,4.54831702282904));
#5875=CARTESIAN_POINT('',(15.5420172289442,-7.02973862553257,4.43536094096389));
#5876=CARTESIAN_POINT('',(15.4398746723779,-7.05429196578203,4.33698328580965));
#5877=CARTESIAN_POINT('',(15.339333883508,-7.07325852021426,4.2590334327201));
#5878=CARTESIAN_POINT('',(15.2390809324988,-7.08710668148017,4.20099637383077));
#5879=CARTESIAN_POINT('',(15.1447295249644,-7.09569006290196,4.16453333165511));
#5880=CARTESIAN_POINT('',(15.054000806262,-7.09990904764239,4.14647468405296));
#5881=CARTESIAN_POINT('',(14.9671350273888,-7.10032857633057,4.14467404655369));
#5882=CARTESIAN_POINT('',(14.8800835062931,-7.09717700738677,4.1581777452502));
#5883=CARTESIAN_POINT('',(14.7903817398435,-7.09018485569228,4.18795564315434));
#5884=CARTESIAN_POINT('',(14.6965386328907,-7.07871459489007,4.2362684072033));
#5885=CARTESIAN_POINT('',(14.5995331598729,-7.06227115595733,4.30437888179076));
#5886=CARTESIAN_POINT('',(14.5009452151464,-7.04068431287696,4.39182152045491));
#5887=CARTESIAN_POINT('',(14.4008636648388,-7.01363509625138,4.49844582157666));
#5888=CARTESIAN_POINT('',(14.2980263147629,-6.98023437168432,4.62591488411989));
#5889=CARTESIAN_POINT('',(14.1907408885687,-6.93901850374731,4.7773397093975));
#5890=CARTESIAN_POINT('',(14.0776639779617,-6.88808397100258,4.95635310682318));
#5891=CARTESIAN_POINT('',(13.9571445077225,-6.82462220056459,5.1681485956731));
#5892=CARTESIAN_POINT('',(13.829616087994,-6.74598976508345,5.41523002976372));
#5893=CARTESIAN_POINT('',(13.6952096825521,-6.64852399055486,5.70096690260308));
#5894=CARTESIAN_POINT('',(13.5559143423443,-6.52876355672928,6.02543899774978));
#5895=CARTESIAN_POINT('',(13.4154304490493,-6.38352169903093,6.38527413255));
#5896=CARTESIAN_POINT('',(13.2839360824879,-6.21688887428642,6.75903455374252));
#5897=CARTESIAN_POINT('',(13.1668989205471,-6.03226097141989,7.1326597879653));
#5898=CARTESIAN_POINT('',(13.0732903511828,-5.84404519906522,7.47591349615381));
#5899=CARTESIAN_POINT('',(13.0026227368002,-5.65736485616822,7.78361858489014));
#5900=CARTESIAN_POINT('',(12.9569233640624,-5.49411598572489,8.02923824290799));
#5901=CARTESIAN_POINT('',(12.9279705487341,-5.34973831927575,8.23020627844927));
#5902=CARTESIAN_POINT('',(12.9108432834644,-5.22459503151859,8.39342662858352));
#5903=CARTESIAN_POINT('',(12.9011229407432,-5.09961756147307,8.54660349347001));
#5904=CARTESIAN_POINT('',(12.8986925603762,-4.96616593352695,8.69998455136251));
#5905=CARTESIAN_POINT('',(12.9059260512915,-4.81846408304372,8.85764164883205));
#5906=CARTESIAN_POINT('',(12.9252695663278,-4.66213129815308,9.01115881013082));
#5907=CARTESIAN_POINT('',(12.9584554163055,-4.49825376180593,9.15848982870174));
#5908=CARTESIAN_POINT('',(13.0068050700947,-4.33061622300323,9.295387967862));
#5909=CARTESIAN_POINT('',(13.070519756514,-4.16483713650877,9.41723742884001));
#5910=CARTESIAN_POINT('',(13.1417256608045,-4.01781052048906,9.51443784484468));
#5911=CARTESIAN_POINT('',(13.2128617935234,-3.89475647279247,9.58845133144355));
#5912=CARTESIAN_POINT('',(13.2805541777653,-3.79253334899259,9.64515898476467));
#5913=CARTESIAN_POINT('',(13.3522773720587,-3.69619854767646,9.69472943595621));
#5914=CARTESIAN_POINT('',(13.432583336245,-3.60040967043469,9.74018714845395));
#5915=CARTESIAN_POINT('',(13.523075366957,-3.50513942636609,9.78157287972192));
#5916=CARTESIAN_POINT('',(13.6171814969953,-3.41785238617745,9.81616124435104));
#5917=CARTESIAN_POINT('',(13.7155900580529,-3.33708436099403,9.8454627428085));
#5918=CARTESIAN_POINT('',(13.8223399235733,-3.25941021756479,9.87130669040416));
#5919=CARTESIAN_POINT('',(13.9566387846227,-3.17475088410998,9.89680530565598));
#5920=CARTESIAN_POINT('',(14.1268158759331,-3.08623847948511,9.92035927017583));
#5921=CARTESIAN_POINT('',(14.3352927856492,-3.00320480737649,9.93952373745589));
#5922=CARTESIAN_POINT('',(14.5695241220386,-2.93953673918225,9.95229993117675));
#5923=CARTESIAN_POINT('',(14.8168111743459,-2.90302733590433,9.95890291226687));
#5924=CARTESIAN_POINT('',(15.0670637335812,-2.89610362305987,9.96009659860069));
#5925=CARTESIAN_POINT('',(15.3167388958671,-2.91896571981643,9.9560848096397));
#5926=CARTESIAN_POINT('',(15.5643411255865,-2.97193241935812,9.94601474624222));
#5927=CARTESIAN_POINT('',(15.797836833927,-3.05232708943891,9.92862127179416));
#5928=CARTESIAN_POINT('',(16.0080560818947,-3.15335002110607,9.90301753921944));
#5929=CARTESIAN_POINT('',(16.1821069963696,-3.26082144969014,9.87122386149335));
#5930=CARTESIAN_POINT('',(16.3242556503248,-3.36748796395713,9.83503469147692));
#5931=CARTESIAN_POINT('',(16.4388934544579,-3.4682115970226,9.79669347509787));
#5932=CARTESIAN_POINT('',(16.5368525596901,-3.5668277916784,9.75521813486256));
#5933=CARTESIAN_POINT('',(16.6292653369981,-3.67247288077634,9.70655523506561));
#5934=CARTESIAN_POINT('',(16.7233672868064,-3.79611844857911,9.64392273558884));
#5935=CARTESIAN_POINT('',(16.8198489887629,-3.94631050448268,9.55916136111395));
#5936=CARTESIAN_POINT('',(16.9077915030553,-4.11517069788051,9.45173385727274));
#5937=CARTESIAN_POINT('',(16.9768357320464,-4.28427781281943,9.33062504198721));
#5938=CARTESIAN_POINT('',(17.0248052643717,-4.43678983063617,9.20958474126986));
#5939=CARTESIAN_POINT('',(17.055874274758,-4.56614867173407,9.09804450288842));
#5940=CARTESIAN_POINT('',(17.0759644692034,-4.67753305350312,8.99533623471885));
#5941=CARTESIAN_POINT('',(17.0886310804502,-4.77529366823075,8.89990715543103));
#5942=CARTESIAN_POINT('',(17.0959050086577,-4.86094114783414,8.81202631474888));
#5943=CARTESIAN_POINT('',(17.0993568305836,-4.93501560970983,8.7327119034848));
#5944=CARTESIAN_POINT('',(17.0999995762042,-4.97966731957502,8.68317292071161));
#5945=CARTESIAN_POINT('',(17.1,-5.,8.66025403784439));
#5946=CARTESIAN_POINT('',(14.5499507785634,-7.05120835077383,6.71166991560444));
#5947=CARTESIAN_POINT('',(14.5499507785634,-7.05120835077383,6.71166991560444));
#5948=CARTESIAN_POINT('',(14.4996358618695,-7.04016838356547,6.71980017681608));
#5949=CARTESIAN_POINT('',(14.4025294474356,-7.01506115860979,6.7387056354928));
#5950=CARTESIAN_POINT('',(14.2652907840132,-6.96894303242686,6.77595296250699));
#5951=CARTESIAN_POINT('',(14.1413282715519,-6.91785852470523,6.82073098433903));
#5952=CARTESIAN_POINT('',(14.0298450080387,-6.86372140034876,6.87266922658256));
#5953=CARTESIAN_POINT('',(13.9302143223133,-6.80819834490798,6.93137653691948));
#5954=CARTESIAN_POINT('',(13.8404070122278,-6.75179438270368,6.99767444537277));
#5955=CARTESIAN_POINT('',(13.7599562790485,-6.6956554987378,7.0716962794542));
#5956=CARTESIAN_POINT('',(13.6880449713746,-6.64050989242463,7.15426020399078));
#5957=CARTESIAN_POINT('',(13.6247706712621,-6.58769336906521,7.24547759559802));
#5958=CARTESIAN_POINT('',(13.5705501617634,-6.53889515119925,7.34470701994589));
#5959=CARTESIAN_POINT('',(13.5261711202273,-6.49627855453128,7.44942167959821));
#5960=CARTESIAN_POINT('',(13.4915307218395,-6.46120858475476,7.55693187862303));
#5961=CARTESIAN_POINT('',(13.4660051428137,-6.43428715064686,7.66451361605506));
#5962=CARTESIAN_POINT('',(13.4483161865091,-6.41506777205567,7.77218460681151));
#5963=CARTESIAN_POINT('',(13.4378339544729,-6.40344911568415,7.87842561585801));
#5964=CARTESIAN_POINT('',(13.4349338673599,-6.40020276869909,7.95462794212458));
#5965=CARTESIAN_POINT('',(13.4346273933579,-6.39986025138215,8.0221186243241));
#5966=CARTESIAN_POINT('',(13.4363915681959,-6.40183386165597,8.0985468472475));
#5967=CARTESIAN_POINT('',(13.4458409294892,-6.41235860771979,8.21204751154582));
#5968=CARTESIAN_POINT('',(13.4661283610393,-6.43446097054062,8.33831818689497));
#5969=CARTESIAN_POINT('',(13.4953707272206,-6.46521770232543,8.45744546417309));
#5970=CARTESIAN_POINT('',(13.5359994650816,-6.50601095924887,8.57741311370752));
#5971=CARTESIAN_POINT('',(13.590885501362,-6.55789227152656,8.69760153891051));
#5972=CARTESIAN_POINT('',(13.6608498878299,-6.61861552517235,8.81041460350331));
#5973=CARTESIAN_POINT('',(13.7364208673904,-6.67816765888385,8.9033020200432));
#5974=CARTESIAN_POINT('',(13.8132348367507,-6.73334096235309,8.97879764685506));
#5975=CARTESIAN_POINT('',(13.8963016911343,-6.78759254455738,9.04520131520475));
#5976=CARTESIAN_POINT('',(13.9916443138897,-6.84330258736204,9.10645921750035));
#5977=CARTESIAN_POINT('',(14.1005933426711,-6.89907746763423,9.16183762351841));
#5978=CARTESIAN_POINT('',(14.2209174061693,-6.95171022766428,9.20936417141317));
#5979=CARTESIAN_POINT('',(14.3529264985454,-6.99954555806235,9.24906697271934));
#5980=CARTESIAN_POINT('',(14.4960155115975,-7.04056614593389,9.28070118607629));
#5981=CARTESIAN_POINT('',(14.6499836149318,-7.07271131973387,9.30402718947372));
#5982=CARTESIAN_POINT('',(14.8095268028482,-7.09342910813338,9.31841523431001));
#5983=CARTESIAN_POINT('',(14.9271297840055,-7.0995597225829,9.32257583342141));
#5984=CARTESIAN_POINT('',(15.031292974526,-7.1002865876498,9.32307064694941));
#5985=CARTESIAN_POINT('',(15.1317707990106,-7.09733784641841,9.32106881094929));
#5986=CARTESIAN_POINT('',(15.2694408207462,-7.08433859356311,9.31214770754805));
#5987=CARTESIAN_POINT('',(15.4110784716452,-7.06097664564811,9.29561379587375));
#5988=CARTESIAN_POINT('',(15.5453358282466,-7.02946485740782,9.27228651504217));
#5989=CARTESIAN_POINT('',(15.6720140583058,-6.99096236961377,9.24208793689444));
#5990=CARTESIAN_POINT('',(15.8015164381179,-6.9427428477926,9.20159930243174));
#5991=CARTESIAN_POINT('',(15.932078702677,-6.88382340524616,9.1476226548817));
#5992=CARTESIAN_POINT('',(16.060213974057,-6.81452618861721,9.07626568835426));
#5993=CARTESIAN_POINT('',(16.165478160473,-6.74813072931525,8.99818613576479));
#5994=CARTESIAN_POINT('',(16.2516303457076,-6.68708760783995,8.91615018388919));
#5995=CARTESIAN_POINT('',(16.3230371460629,-6.63160583878096,8.83140937520867));
#5996=CARTESIAN_POINT('',(16.3873145276936,-6.57718853301601,8.73490198542931));
#5997=CARTESIAN_POINT('',(16.443219260378,-6.52603092191526,8.62650602669289));
#5998=CARTESIAN_POINT('',(16.4890603252013,-6.48114861136582,8.5085618369822));
#5999=CARTESIAN_POINT('',(16.5240315662001,-6.44496762343185,8.38411454218041));
#6000=CARTESIAN_POINT('',(16.5481718816233,-6.41894834704009,8.25664821395807));
#6001=CARTESIAN_POINT('',(16.5620984937745,-6.40353112218495,8.12917494846756));
#6002=CARTESIAN_POINT('',(16.5652187228761,-6.40003226440233,8.04343799619744));
#6003=CARTESIAN_POINT('',(16.5652750975611,-6.39996923913795,7.96016651063087));
#6004=CARTESIAN_POINT('',(16.5624764320294,-6.40310735549448,7.8779700344584));
#6005=CARTESIAN_POINT('',(16.5499826832576,-6.41695156742256,7.75748848053835));
#6006=CARTESIAN_POINT('',(16.5271913719711,-6.44160972252188,7.6291679057901));
#6007=CARTESIAN_POINT('',(16.4913789842103,-6.47890739748735,7.4966505777934));
#6008=CARTESIAN_POINT('',(16.4395750660874,-6.52962114124261,7.36415791448431));
#6009=CARTESIAN_POINT('',(16.3753917591482,-6.58781762498933,7.24418697069364));
#6010=CARTESIAN_POINT('',(16.2982588333556,-6.65175234051387,7.13559875176753));
#6011=CARTESIAN_POINT('',(16.2068859859987,-6.71998039477021,7.03768515346956));
#6012=CARTESIAN_POINT('',(16.1064325935818,-6.78629226117125,6.95592335916153));
#6013=CARTESIAN_POINT('',(15.9993933485492,-6.84824417402051,6.88837249133658));
#6014=CARTESIAN_POINT('',(15.8875563194886,-6.904704401606,6.8328528527767));
#6015=CARTESIAN_POINT('',(15.764647413565,-6.95745978410277,6.78568529015383));
#6016=CARTESIAN_POINT('',(15.6302103919783,-7.00497559808856,6.74661578241837));
#6017=CARTESIAN_POINT('',(15.4844229763921,-7.04536589084158,6.71573059324019));
#6018=CARTESIAN_POINT('',(15.3274909784282,-7.07646464377361,6.6933258789032));
#6019=CARTESIAN_POINT('',(15.1652464539524,-7.09562876623242,6.68008407119095));
#6020=CARTESIAN_POINT('',(15.0552158602646,-7.09997394684392,6.67714207316971));
#6021=CARTESIAN_POINT('',(14.9497993754846,-7.10002429727403,6.67710781252279));
#6022=CARTESIAN_POINT('',(14.8474391494117,-7.09630057266572,6.67962993243418));
#6023=CARTESIAN_POINT('',(14.6968306706454,-7.0798221720255,6.69099274699653));
#6024=CARTESIAN_POINT('',(14.5982815865016,-7.06181297003689,6.70386026155099));
#6025=CARTESIAN_POINT('',(14.5499507785634,-7.05120835077383,6.71166991560444));
#6026=CARTESIAN_POINT('',(18.,-5.00000000000227,11.7668384925725));
#6027=VECTOR('',#6028,1.);
#6028=DIRECTION('',(1.,0.,0.));
#6029=CARTESIAN_POINT('',(9.4,-7.,-12.));
#6030=CARTESIAN_POINT('',(17.6,-7.,-12.));
#6031=CARTESIAN_POINT('',(17.6,-7.,-12.));
#6032=VECTOR('',#6033,1.);
#6033=DIRECTION('',(-1.,-2.16628882853689E-16,2.16628882853689E-16));
#6034=CARTESIAN_POINT('',(17.6,2.51114491888866E-15,-12.));
#6035=CARTESIAN_POINT('',(17.6,3.53685334987728E-15,-12.));
#6036=VECTOR('',#6037,1.);
#6037=DIRECTION('',(0.,-1.,-2.53765262771464E-16));
#6038=CARTESIAN_POINT('',(17.6,2.51114491888866E-15,-12.));
#6039=VECTOR('',#6040,1.);
#6040=DIRECTION('',(1.,-1.38777878078145E-16,0.));
#6041=CARTESIAN_POINT('',(-8.,-4.83921179854181E-15,-12.));
#6042=CARTESIAN_POINT('',(-8.00000000000001,-11.,-12.));
#6043=VECTOR('',#6044,1.);
#6044=DIRECTION('',(0.,1.,1.61486985400023E-16));
#6045=CARTESIAN_POINT('',(9.4,2.51114491888866E-15,-12.));
#6046=CARTESIAN_POINT('',(-8.00000000000001,3.39932333858879E-15,-12.));
#6047=VECTOR('',#6048,1.);
#6048=DIRECTION('',(1.,-5.1044736764375E-17,-2.041789470575E-16));
#6049=CARTESIAN_POINT('',(9.4,-7.,-12.));
#6050=VECTOR('',#6051,1.);
#6051=DIRECTION('',(0.,1.,2.53765262771464E-16));
#6052=CARTESIAN_POINT('',(23.,-7.40148683083439E-17,-8.));
#6053=AXIS2_PLACEMENT_3D('',#6054,#6055,#6056);
#6054=CARTESIAN_POINT('',(23.,2.87853895863287E-15,-9.));
#6055=DIRECTION('',(2.17540971751503E-32,1.,1.22464679914735E-16));
#6056=DIRECTION('',(4.29023919746372E-63,-1.22464679914735E-16,1.));
#6057=CARTESIAN_POINT('',(17.6,8.88178419700125E-16,-8.));
#6058=CARTESIAN_POINT('',(17.6,2.37723786152171E-15,-8.));
#6059=VECTOR('',#6060,1.);
#6060=DIRECTION('',(0.,2.51556287035966E-16,-1.));
#6061=CARTESIAN_POINT('',(17.6,8.88178419700125E-16,-8.));
#6062=VECTOR('',#6063,1.);
#6063=DIRECTION('',(1.,0.,0.));
#6064=AXIS2_PLACEMENT_3D('',#6065,#6066,#6067);
#6065=CARTESIAN_POINT('',(23.,9.0264442348385E-48,-4.22503145705837E-15));
#6066=DIRECTION('',(-1.,0.,1.83697019872103E-16));
#6067=DIRECTION('',(-1.83697019872103E-16,-4.00020436071025E-16,-1.));
#6068=CARTESIAN_POINT('',(17.6,-7.,-3.87298334620742));
#6069=AXIS2_PLACEMENT_3D('',#6070,#6071,#6072);
#6070=CARTESIAN_POINT('',(17.6,0.,-3.21964677141295E-15));
#6071=DIRECTION('',(-1.,-5.12247341052605E-32,3.22973970800046E-16));
#6072=DIRECTION('',(-3.22973970800046E-16,-1.22464679914735E-16,-1.));
#6073=CARTESIAN_POINT('',(9.4,-7.,-3.87298334620742));
#6074=CARTESIAN_POINT('',(9.40000000009031,-7.,-3.87298334620742));
#6075=VECTOR('',#6076,1.);
#6076=DIRECTION('',(1.,1.08314441428256E-16,-2.16628882856513E-16));
#6077=CARTESIAN_POINT('',(9.4,8.88178419700125E-16,-8.));
#6078=AXIS2_PLACEMENT_3D('',#6079,#6080,#6081);
#6079=CARTESIAN_POINT('',(9.4,0.,-1.55431223447522E-15));
#6080=DIRECTION('',(-1.,-2.56123670526302E-32,1.61486985400023E-16));
#6081=DIRECTION('',(-1.61486985400023E-16,-1.22464679914735E-16,-1.));
#6082=CARTESIAN_POINT('',(8.65685424955689,-4.14483262526725E-15,-8.));
#6083=CARTESIAN_POINT('',(8.6568542496214,8.88178419700125E-16,-8.));
#6084=VECTOR('',#6085,1.);
#6085=DIRECTION('',(1.,0.,0.));
#6086=CARTESIAN_POINT('',(9.,-5.29150262212918,-6.));
#6087=CARTESIAN_POINT('',(8.65685424955689,-7.59528607725994E-15,-8.));
#6088=CARTESIAN_POINT('',(8.65685342954095,-0.0601947537809943,-8.00000011469906));
#6089=CARTESIAN_POINT('',(8.65733373625094,-0.180154851632919,-7.9986456006542));
#6090=CARTESIAN_POINT('',(8.65947124676893,-0.35943223218469,-7.99258810988439));
#6091=CARTESIAN_POINT('',(8.66298861547511,-0.537612519507454,-7.98257733623514));
#6092=CARTESIAN_POINT('',(8.66785310666956,-0.715093518687664,-7.96863773803321));
#6093=CARTESIAN_POINT('',(8.67405833291,-0.892828363208951,-7.95069464189945));
#6094=CARTESIAN_POINT('',(8.68160984286143,-1.07149948132817,-7.9286074948608));
#6095=CARTESIAN_POINT('',(8.69051444994395,-1.25158402684927,-7.90219540078906));
#6096=CARTESIAN_POINT('',(8.70070842300987,-1.43233077870888,-7.87144952522415));
#6097=CARTESIAN_POINT('',(8.71252217720702,-1.61974004900177,-7.835116448499));
#6098=CARTESIAN_POINT('',(8.72643774843049,-1.81960365880706,-7.79130518891383));
#6099=CARTESIAN_POINT('',(8.74503901333637,-2.06333427611483,-7.73097689864391));
#6100=CARTESIAN_POINT('',(8.7684307279175,-2.34193765072302,-7.65178832428422));
#6101=CARTESIAN_POINT('',(8.7961712670801,-2.64628038789287,-7.55189060516297));
#6102=CARTESIAN_POINT('',(8.82170483157715,-2.91145493707233,-7.45298877768419));
#6103=CARTESIAN_POINT('',(8.84352734869263,-3.13250704529366,-7.36211525476537));
#6104=CARTESIAN_POINT('',(8.86059324389072,-3.30393480951633,-7.28658076522333));
#6105=CARTESIAN_POINT('',(8.87590557814941,-3.45792045916468,-7.21466615996005));
#6106=CARTESIAN_POINT('',(8.89035588226421,-3.60442497903349,-7.1426235069806));
#6107=CARTESIAN_POINT('',(8.90492804505364,-3.75454629559361,-7.06494516773895));
#6108=CARTESIAN_POINT('',(8.92130048502913,-3.9277385482205,-6.97050536898379));
#6109=CARTESIAN_POINT('',(8.93842091491137,-4.11748412295119,-6.86042455313571));
#6110=CARTESIAN_POINT('',(8.9550267189458,-4.31662865538225,-6.7367845422791));
#6111=CARTESIAN_POINT('',(8.96749610728127,-4.48324523619258,-6.62659793899224));
#6112=CARTESIAN_POINT('',(8.97630910405644,-4.61591537618778,-6.53444526657159));
#6113=CARTESIAN_POINT('',(8.98207596374189,-4.71262147939758,-6.46491579748358));
#6114=CARTESIAN_POINT('',(8.98654270989426,-4.79629872616769,-6.40301536868071));
#6115=CARTESIAN_POINT('',(8.99008937794994,-4.87113863254793,-6.34624685744967));
#6116=CARTESIAN_POINT('',(8.99301889121707,-4.94221438784974,-6.29103026207913));
#6117=CARTESIAN_POINT('',(8.99533798932067,-5.00851664822341,-6.23835098639033));
#6118=CARTESIAN_POINT('',(8.99713599687242,-5.07110449643459,-6.18756313903464));
#6119=CARTESIAN_POINT('',(8.99845748263658,-5.1299534727115,-6.13884760057566));
#6120=CARTESIAN_POINT('',(8.99936286445496,-5.18611597058292,-6.09146237871471));
#6121=CARTESIAN_POINT('',(8.99988489045935,-5.23961199463132,-6.04550011062574));
#6122=CARTESIAN_POINT('',(8.99999999416505,-5.27444403347813,-6.01504426455286));
#6123=CARTESIAN_POINT('',(9.,-5.29150262213719,-5.99999999999294));
#6124=CARTESIAN_POINT('',(9.,-5.29150262212918,6.));
#6125=AXIS2_PLACEMENT_3D('',#6126,#6127,#6128);
#6126=CARTESIAN_POINT('',(9.,9.0264442348385E-48,-1.65327317884893E-15));
#6127=DIRECTION('',(-1.,0.,1.83697019872103E-16));
#6128=DIRECTION('',(-1.37772764904077E-16,-0.661437827766148,-0.75));
#6129=CARTESIAN_POINT('',(9.,-5.29150262212918,6.));
#6130=CARTESIAN_POINT('',(9.00000000656363,-5.27978010922358,6.01033829791181));
#6131=CARTESIAN_POINT('',(8.99994635197847,-5.25616659953335,6.03104082024219));
#6132=CARTESIAN_POINT('',(8.99970597725825,-5.22038333295319,6.06204186735242));
#6133=CARTESIAN_POINT('',(8.99930384024008,-5.18404111147471,6.09315093383164));
#6134=CARTESIAN_POINT('',(8.99873850294755,-5.14714982778584,6.12434778607187));
#6135=CARTESIAN_POINT('',(8.99792125817981,-5.10522307468497,6.15936826901083));
#6136=CARTESIAN_POINT('',(8.9966691316467,-5.05364976363622,6.2018182420835));
#6137=CARTESIAN_POINT('',(8.99479129202827,-4.99164005495713,6.25188022762385));
#6138=CARTESIAN_POINT('',(8.99244030668451,-4.92761733779203,6.30243764876049));
#6139=CARTESIAN_POINT('',(8.99001459360228,-4.87031127405328,6.34676923956317));
#6140=CARTESIAN_POINT('',(8.98768022626337,-4.8202730546001,6.38483321553613));
#6141=CARTESIAN_POINT('',(8.98499181148393,-4.76688467612633,6.42483627365428));
#6142=CARTESIAN_POINT('',(8.9816263086309,-4.70534686470752,6.47009513102225));
#6143=CARTESIAN_POINT('',(8.97743883587486,-4.63502174804228,6.52067141371526));
#6144=CARTESIAN_POINT('',(8.97310744092103,-4.56757066395746,6.56806362734466));
#6145=CARTESIAN_POINT('',(8.96870794328601,-4.50303347070995,6.61244707631007));
#6146=CARTESIAN_POINT('',(8.96426290730274,-4.44089138553266,6.65435561563471));
#6147=CARTESIAN_POINT('',(8.95937521695903,-4.37558163043267,6.69749458007794));
#6148=CARTESIAN_POINT('',(8.95329829163023,-4.29771642867354,6.74781191611857));
#6149=CARTESIAN_POINT('',(8.94590360197874,-4.20720095993439,6.80472180519597));
#6150=CARTESIAN_POINT('',(8.93698955620253,-4.10302654731775,6.86806442895425));
#6151=CARTESIAN_POINT('',(8.92805744611149,-4.00270957225044,6.92694957166976));
#6152=CARTESIAN_POINT('',(8.91923320704574,-3.9065022070397,6.981601779979));
#6153=CARTESIAN_POINT('',(8.91053602685662,-3.81378481267568,7.03270694981907));
#6154=CARTESIAN_POINT('',(8.90120319205814,-3.71619576575978,7.08478522468405));
#6155=CARTESIAN_POINT('',(8.89068238323943,-3.60790829218103,7.14061395651267));
#6156=CARTESIAN_POINT('',(8.87855414260836,-3.48467929831607,7.20169458660846));
#6157=CARTESIAN_POINT('',(8.86227605516023,-3.32077474258956,7.27917286808311));
#6158=CARTESIAN_POINT('',(8.8422894876066,-3.12020535190245,7.36783854471049));
#6159=CARTESIAN_POINT('',(8.81924814193691,-2.88626350256361,7.46265713849045));
#6160=CARTESIAN_POINT('',(8.79843081214765,-2.66893590223489,7.54276096750852));
#6161=CARTESIAN_POINT('',(8.78063289606395,-2.47592442448261,7.60790112454952));
#6162=CARTESIAN_POINT('',(8.76636241330291,-2.31508509264181,7.65826491599784));
#6163=CARTESIAN_POINT('',(8.75345354434754,-2.16328400142904,7.70246597589511));
#6164=CARTESIAN_POINT('',(8.74155438516325,-2.01662308604058,7.74214870418867));
#6165=CARTESIAN_POINT('',(8.730331814464,-1.87067029808936,7.7786913491388));
#6166=CARTESIAN_POINT('',(8.7198824098137,-1.72626877786358,7.81199173785567));
#6167=CARTESIAN_POINT('',(8.71021353895349,-1.58323573443622,7.84221701661197));
#6168=CARTESIAN_POINT('',(8.70138547878544,-1.44228810573772,7.86934380731926));
#6169=CARTESIAN_POINT('',(8.69338353086101,-1.303147808731,7.89356148848837));
#6170=CARTESIAN_POINT('',(8.68623050981316,-1.16631157800827,7.91492318997991));
#6171=CARTESIAN_POINT('',(8.67987419861466,-1.03090230565954,7.93368622393062));
#6172=CARTESIAN_POINT('',(8.67432088839772,-0.897137234107491,7.9499144109656));
#6173=CARTESIAN_POINT('',(8.66955314080765,-0.764754263641119,7.96372762592891));
#6174=CARTESIAN_POINT('',(8.6655816879685,-0.634482973511079,7.97515145573664));
#6175=CARTESIAN_POINT('',(8.66237208095476,-0.505883272939559,7.98433025244392));
#6176=CARTESIAN_POINT('',(8.65990218262388,-0.378807925767224,7.99136148209355));
#6177=CARTESIAN_POINT('',(8.65814415719738,-0.252389505335413,7.9963491972524));
#6178=CARTESIAN_POINT('',(8.65708930792364,-0.12624790815277,7.99933558861008));
#6179=CARTESIAN_POINT('',(8.6568540474517,-0.0421089212701842,8.00000003649324));
#6180=CARTESIAN_POINT('',(8.65685424949238,4.51322211741925E-48,8.));
#6181=CARTESIAN_POINT('',(19.1,-4.,6.92820323027551));
#6182=CARTESIAN_POINT('',(19.1,-4.,6.92820323027551));
#6183=CARTESIAN_POINT('',(19.1000053199298,-4.12886538696877,6.85380390352491));
#6184=CARTESIAN_POINT('',(19.0814321238071,-4.37461238869212,6.70250995718257));
#6185=CARTESIAN_POINT('',(19.0098022074752,-4.70894706371612,6.47118177121934));
#6186=CARTESIAN_POINT('',(18.9067812159467,-5.00966783180953,6.24074620016153));
#6187=CARTESIAN_POINT('',(18.776738248681,-5.28794454862764,6.00679168977903));
#6188=CARTESIAN_POINT('',(18.6134398872974,-5.55986630951107,5.75627527871206));
#6189=CARTESIAN_POINT('',(18.414367185028,-5.82489480610483,5.48808311212127));
#6190=CARTESIAN_POINT('',(18.1830937572059,-6.07512238300313,5.20948218265363));
#6191=CARTESIAN_POINT('',(17.9265644434923,-6.30384438000991,4.92978618238805));
#6192=CARTESIAN_POINT('',(17.6582195766964,-6.50268399489875,4.66355913008912));
#6193=CARTESIAN_POINT('',(17.3913561640927,-6.66838557115188,4.42229710231619));
#6194=CARTESIAN_POINT('',(17.1411772180221,-6.80017431800201,4.21591390681778));
#6195=CARTESIAN_POINT('',(16.9066360507806,-6.90614151017192,4.03941843873905));
#6196=CARTESIAN_POINT('',(16.6839219750719,-6.99267112833759,3.88733886236501));
#6197=CARTESIAN_POINT('',(16.4654718926928,-7.06516885220244,3.75365674368416));
#6198=CARTESIAN_POINT('',(16.2515101351883,-7.12515955344284,3.63825065813759));
#6199=CARTESIAN_POINT('',(16.0386619814688,-7.17461838120834,3.53951954849626));
#6200=CARTESIAN_POINT('',(15.8297145249173,-7.21362969402987,3.45913376429999));
#6201=CARTESIAN_POINT('',(15.6298874434933,-7.24230708527119,3.39852876916603));
#6202=CARTESIAN_POINT('',(15.4431845402857,-7.26182811060746,3.35652905373959));
#6203=CARTESIAN_POINT('',(15.2649883287748,-7.27415516194693,3.3296872656016));
#6204=CARTESIAN_POINT('',(15.0869494038757,-7.28030559413642,3.31619605559471));
#6205=CARTESIAN_POINT('',(14.9071561523475,-7.28021014089076,3.31640596589952));
#6206=CARTESIAN_POINT('',(14.7249728751412,-7.27369796190636,3.33068846447806));
#6207=CARTESIAN_POINT('',(14.5357172630218,-7.26014293033187,3.36019006084217));
#6208=CARTESIAN_POINT('',(14.3337241097207,-7.23788327703195,3.40798932690589));
#6209=CARTESIAN_POINT('',(14.1184963916308,-7.20500302472014,3.47714886220562));
#6210=CARTESIAN_POINT('',(13.8940550359756,-7.1603085137083,3.56851668486121));
#6211=CARTESIAN_POINT('',(13.6629338016757,-7.1027833198867,3.68197710342599));
#6212=CARTESIAN_POINT('',(13.4254814140373,-7.03088674439693,3.81784796301107));
#6213=CARTESIAN_POINT('',(13.181857568476,-6.9426052177267,3.9765593592692));
#6214=CARTESIAN_POINT('',(12.9306673654039,-6.83482956381284,4.1596117350504));
#6215=CARTESIAN_POINT('',(12.6722857431179,-6.70413347571391,4.36782262737573));
#6216=CARTESIAN_POINT('',(12.4057019745405,-6.5449183598898,4.60379519655502));
#6217=CARTESIAN_POINT('',(12.13690546084,-6.35415310476522,4.86457623566269));
#6218=CARTESIAN_POINT('',(11.8740266761877,-6.13024066572381,5.14461422020998));
#6219=CARTESIAN_POINT('',(11.6345034661023,-5.88221029938964,5.4266380794574));
#6220=CARTESIAN_POINT('',(11.4289550445619,-5.62084100456493,5.69660938343441));
#6221=CARTESIAN_POINT('',(11.2625277700907,-5.35866949666911,5.94357608359212));
#6222=CARTESIAN_POINT('',(11.1316020662646,-5.09818739547859,6.16812160518527));
#6223=CARTESIAN_POINT('',(11.0356725735909,-4.84926443371357,6.36518780086139));
#6224=CARTESIAN_POINT('',(10.9707899069946,-4.61989494537488,6.53296614637951));
#6225=CARTESIAN_POINT('',(10.9298609561526,-4.41141777973946,6.67517422888484));
#6226=CARTESIAN_POINT('',(10.9053120028473,-4.20596147331749,6.80661276847773));
#6227=CARTESIAN_POINT('',(10.89667325192,-3.98852091254421,6.93650811194032));
#6228=CARTESIAN_POINT('',(10.9078300142457,-3.75552812105337,7.06540112379765));
#6229=CARTESIAN_POINT('',(10.9407343386577,-3.51839751885688,7.18639143727722));
#6230=CARTESIAN_POINT('',(10.998304035013,-3.27049251830265,7.30271438703548));
#6231=CARTESIAN_POINT('',(11.0896374457133,-2.99882781344459,7.41883298761042));
#6232=CARTESIAN_POINT('',(11.2194657220414,-2.71804959925774,7.52614647964186));
#6233=CARTESIAN_POINT('',(11.3763817742894,-2.45749439093067,7.61456487325929));
#6234=CARTESIAN_POINT('',(11.5282582539443,-2.25090748776635,7.67755041515907));
#6235=CARTESIAN_POINT('',(11.6641121943886,-2.09058934149627,7.72244324170867));
#6236=CARTESIAN_POINT('',(11.7860956269899,-1.96143704028265,7.75615769766084));
#6237=CARTESIAN_POINT('',(11.9068181579352,-1.84545588395355,7.7845045340591));
#6238=CARTESIAN_POINT('',(12.0233969464689,-1.74305077867201,7.80801090570616));
#6239=CARTESIAN_POINT('',(12.1459647098227,-1.64379072186726,7.82951114810808));
#6240=CARTESIAN_POINT('',(12.2789294966227,-1.54485089728955,7.84965758626165));
#6241=CARTESIAN_POINT('',(12.4309142913494,-1.442082349376,7.86917574525996));
#6242=CARTESIAN_POINT('',(12.5900019280413,-1.34481534551513,7.88635407327919));
#6243=CARTESIAN_POINT('',(12.7775366478397,-1.24148682627923,7.90332075474907));
#6244=CARTESIAN_POINT('',(13.0131162427917,-1.12720745811909,7.92051734287726));
#6245=CARTESIAN_POINT('',(13.3161871627106,-1.00446110146426,7.93701232734013));
#6246=CARTESIAN_POINT('',(13.672271465838,-0.891275288928703,7.95042285245819));
#6247=CARTESIAN_POINT('',(14.0716517390173,-0.799082739442928,7.9601198357489));
#6248=CARTESIAN_POINT('',(14.5202679586155,-0.734986019504746,7.96620702097714));
#6249=CARTESIAN_POINT('',(15.0228165115861,-0.710903276621272,7.96833963805405));
#6250=CARTESIAN_POINT('',(15.5380778618374,-0.739532863553271,7.96580448521527));
#6251=CARTESIAN_POINT('',(16.0033817077178,-0.81333196883059,7.95871441219928));
#6252=CARTESIAN_POINT('',(16.3628420010685,-0.902930310861142,7.94904971797643));
#6253=CARTESIAN_POINT('',(16.622842074529,-0.986024700976015,7.93911725363834));
#6254=CARTESIAN_POINT('',(16.8190089264952,-1.0590818318798,7.92969089992284));
#6255=CARTESIAN_POINT('',(16.993709276255,-1.13248701842023,7.91955992116989));
#6256=CARTESIAN_POINT('',(17.1620231674294,-1.21160627209646,7.90786821690404));
#6257=CARTESIAN_POINT('',(17.3212544062313,-1.29496009949687,7.89464984754527));
#6258=CARTESIAN_POINT('',(17.4667708209228,-1.37886888313506,7.88042344558905));
#6259=CARTESIAN_POINT('',(17.601901384052,-1.46388313993118,7.86508960858398));
#6260=CARTESIAN_POINT('',(17.7312075619049,-1.55245840471591,7.84810178540197));
#6261=CARTESIAN_POINT('',(17.8584562319803,-1.64719138043499,7.82879915583921));
#6262=CARTESIAN_POINT('',(17.9867794690295,-1.7512756751045,7.80623549499331));
#6263=CARTESIAN_POINT('',(18.1212878414288,-1.87101063188613,7.77849694198843));
#6264=CARTESIAN_POINT('',(18.2609912430267,-2.00892496259267,7.74416707037194));
#6265=CARTESIAN_POINT('',(18.4142594783165,-2.17930809030234,7.69826260035845));
#6266=CARTESIAN_POINT('',(18.5758757629556,-2.38792533980446,7.63660133551205));
#6267=CARTESIAN_POINT('',(18.7346456485207,-2.63611273977964,7.5549359891368));
#6268=CARTESIAN_POINT('',(18.8687792896895,-2.90150596722313,7.45717423699864));
#6269=CARTESIAN_POINT('',(18.9711611352839,-3.16933044981396,7.34728363222187));
#6270=CARTESIAN_POINT('',(19.0439040531823,-3.43688259958601,7.22614928381843));
#6271=CARTESIAN_POINT('',(19.0898131808715,-3.71544943443831,7.0873315331789));
#6272=CARTESIAN_POINT('',(19.099996001918,-3.903153913204,6.98411648848656));
#6273=CARTESIAN_POINT('',(19.1,-4.,6.92820323027551));
#6274=CARTESIAN_POINT('',(22.,-8.,9.6));
#6275=AXIS2_PLACEMENT_3D('',#6276,#6277,#6278);
#6276=CARTESIAN_POINT('',(22.,-8.,8.));
#6277=DIRECTION('',(1.,0.,-1.83697019872103E-16));
#6278=DIRECTION('',(1.83697019872103E-16,0.,1.));
#6279=CARTESIAN_POINT('',(22.,-8.,-6.40000000000001));
#6280=AXIS2_PLACEMENT_3D('',#6281,#6282,#6283);
#6281=CARTESIAN_POINT('',(22.,-8.,-8.00000000000001));
#6282=DIRECTION('',(1.,0.,-1.83697019872103E-16));
#6283=DIRECTION('',(1.83697019872103E-16,0.,1.));
#6284=CARTESIAN_POINT('',(-14.,4.07349805875642E-15,6.));
#6285=VECTOR('',#6286,1.);
#6286=DIRECTION('',(0.,-1.,-1.61486985400023E-16));
#6287=CARTESIAN_POINT('',(-8.,2.81792559931209E-15,12.));
#6288=VECTOR('',#6289,1.);
#6289=DIRECTION('',(0.,-1.,-1.61486985400023E-16));
#6290=CARTESIAN_POINT('',(3.25403330758517,-1.62296649918854E-15,12.));
#6291=VECTOR('',#6292,1.);
#6292=DIRECTION('',(0.,-1.,-3.22973970800045E-16));
#6293=CARTESIAN_POINT('',(9.,-5.,6.));
#6294=CARTESIAN_POINT('',(9.,-5.,6.));
#6295=VECTOR('',#6296,1.);
#6296=DIRECTION('',(0.,-1.,0.));
#6297=CARTESIAN_POINT('',(9.,-5.,6.));
#6298=VECTOR('',#6299,1.);
#6299=DIRECTION('',(0.,1.,3.5527136788005E-16));
#6300=CARTESIAN_POINT('',(1.10218211923262E-15,-5.,6.));
#6301=CARTESIAN_POINT('',(1.10218211923262E-15,1.44958206029807E-64,6.));
#6302=VECTOR('',#6303,1.);
#6303=DIRECTION('',(-3.94430452610506E-32,-1.,-1.77635683940025E-16));
#6304=CARTESIAN_POINT('',(1.10218211923262E-15,-5.,6.));
#6305=VECTOR('',#6306,1.);
#6306=DIRECTION('',(1.,0.,-1.97372982155583E-16));
#6307=CARTESIAN_POINT('',(-14.,-4.99999999995715,3.49999999983799));
#6308=AXIS2_PLACEMENT_3D('',#6309,#6310,#6311);
#6309=CARTESIAN_POINT('',(-14.,8.54630159951108E-16,-0.249999999671282));
#6310=DIRECTION('',(-1.,0.,1.83697019872103E-16));
#6311=DIRECTION('',(1.10218211916315E-16,-0.800000000028365,0.599999999962181));
#6312=CARTESIAN_POINT('',(4.28626379678234E-16,-4.99999999995715,3.49999999983798));
#6313=AXIS2_PLACEMENT_3D('',#6314,#6315,#6316);
#6314=CARTESIAN_POINT('',(-4.59242549076417E-17,8.54630159951108E-16,-0.249999999671285));
#6315=DIRECTION('',(-1.,1.23259516440783E-32,1.83697019872103E-16));
#6316=DIRECTION('',(1.10218211916314E-16,-0.800000000028365,0.599999999962181));
#6317=CARTESIAN_POINT('',(-14.,-4.99999999995715,3.49999999983799));
#6318=VECTOR('',#6319,1.);
#6319=DIRECTION('',(1.,0.,-1.90323947078598E-16));
#6320=CARTESIAN_POINT('',(0.6,-8.,8.));
#6321=AXIS2_PLACEMENT_3D('',#6322,#6323,#6324);
#6322=CARTESIAN_POINT('',(-1.,-8.,8.));
#6323=DIRECTION('',(2.62953635073671E-32,1.,1.48029736616688E-16));
#6324=DIRECTION('',(1.,-2.62953635073671E-32,0.));
#6325=CARTESIAN_POINT('',(-14.,7.84070034246289E-11,-6.));
#6326=CARTESIAN_POINT('',(-14.,-11.,-6.));
#6327=VECTOR('',#6328,1.);
#6328=DIRECTION('',(0.,1.,1.61486985400023E-16));
#6329=AXIS2_PLACEMENT_3D('',#6330,#6331,#6332);
#6330=CARTESIAN_POINT('',(-8.,2.51114491888866E-15,-6.));
#6331=DIRECTION('',(2.17540971751503E-32,1.,1.22464679914735E-16));
#6332=DIRECTION('',(-2.96059473233375E-16,1.22464679914735E-16,-1.));
#6333=CARTESIAN_POINT('',(-14.,-4.99999999987075,-3.49999999967439));
#6334=CARTESIAN_POINT('',(-14.,-5.,-3.49999999950206));
#6335=VECTOR('',#6336,1.);
#6336=DIRECTION('',(0.,0.,1.));
#6337=AXIS2_PLACEMENT_3D('',#6338,#6339,#6340);
#6338=CARTESIAN_POINT('',(-14.,2.0909686889017E-10,0.249999999671286));
#6339=DIRECTION('',(-1.,0.,1.83697019872103E-16));
#6340=DIRECTION('',(-1.83697019872103E-16,1.22464679913099E-16,-1.));
#6341=CARTESIAN_POINT('',(22.,-8.,-11.2331615074619));
#6342=CARTESIAN_POINT('',(22.,-11.,-9.50111069985536));
#6343=VECTOR('',#6344,1.);
#6344=DIRECTION('',(-1.02558009939899E-15,0.86602540377973,-0.500000000008156));
#6345=CARTESIAN_POINT('',(19.,-8.,-11.2331615074619));
#6346=CARTESIAN_POINT('',(19.,-8.,-11.2331615074619));
#6347=VECTOR('',#6348,1.);
#6348=DIRECTION('',(1.,2.96059473233375E-16,0.));
#6349=CARTESIAN_POINT('',(19.,-11.,-9.50111069985536));
#6350=VECTOR('',#6351,1.);
#6351=DIRECTION('',(-1.02558009939899E-15,0.86602540377973,-0.500000000008156));
#6352=CARTESIAN_POINT('',(19.,-5.2,-9.61658075373096));
#6353=CARTESIAN_POINT('',(19.,-8.,-11.2331615074619));
#6354=VECTOR('',#6355,1.);
#6355=DIRECTION('',(1.09883582079061E-15,0.866025403784439,0.5));
#6356=CARTESIAN_POINT('',(19.,-5.2,-6.38341924626906));
#6357=CARTESIAN_POINT('',(19.,-5.2,-9.61658075373096));
#6358=VECTOR('',#6359,1.);
#6359=DIRECTION('',(0.,5.49417910395304E-16,1.));
#6360=CARTESIAN_POINT('',(19.,-5.2,-6.38341924626906));
#6361=VECTOR('',#6362,1.);
#6362=DIRECTION('',(0.,-0.866025403784428,0.500000000000018));
#6363=CARTESIAN_POINT('',(19.,-8.,-6.40000000000001));
#6364=AXIS2_PLACEMENT_3D('',#6365,#6366,#6367);
#6365=CARTESIAN_POINT('',(19.,-8.,-8.00000000000001));
#6366=DIRECTION('',(1.,0.,-1.83697019872103E-16));
#6367=DIRECTION('',(1.83697019872103E-16,0.,1.));
#6368=CARTESIAN_POINT('',(22.,-5.2,-6.38341924626906));
#6369=CARTESIAN_POINT('',(19.,-5.2,-6.38341924626906));
#6370=VECTOR('',#6371,1.);
#6371=DIRECTION('',(1.,0.,0.));
#6372=CARTESIAN_POINT('',(22.,-5.2,-6.38341924626906));
#6373=VECTOR('',#6374,1.);
#6374=DIRECTION('',(0.,-0.866025403784428,0.500000000000018));
#6375=CARTESIAN_POINT('',(22.,-5.2,-9.61658075373096));
#6376=CARTESIAN_POINT('',(22.,-5.2,-9.61658075373096));
#6377=VECTOR('',#6378,1.);
#6378=DIRECTION('',(0.,5.49417910395304E-16,1.));
#6379=CARTESIAN_POINT('',(22.,-8.,-11.2331615074619));
#6380=VECTOR('',#6381,1.);
#6381=DIRECTION('',(1.09883582079061E-15,0.866025403784439,0.5));
#6382=CARTESIAN_POINT('',(22.,-5.2,6.38341924626905));
#6383=CARTESIAN_POINT('',(22.,-11.,3.03478768490171));
#6384=VECTOR('',#6385,1.);
#6385=DIRECTION('',(0.,0.866025403780074,0.50000000000756));
#6386=CARTESIAN_POINT('',(19.,-5.2,6.38341924626905));
#6387=CARTESIAN_POINT('',(19.,-5.2,6.38341924626905));
#6388=VECTOR('',#6389,1.);
#6389=DIRECTION('',(1.,0.,-2.96059473233375E-16));
#6390=CARTESIAN_POINT('',(19.,-11.,3.03478768490171));
#6391=VECTOR('',#6392,1.);
#6392=DIRECTION('',(0.,0.866025403780074,0.50000000000756));
#6393=CARTESIAN_POINT('',(19.,-5.2,9.61658075373095));
#6394=CARTESIAN_POINT('',(19.,-5.2,6.38341924626905));
#6395=VECTOR('',#6396,1.);
#6396=DIRECTION('',(0.,0.,1.));
#6397=CARTESIAN_POINT('',(19.,-8.,11.2331615074619));
#6398=CARTESIAN_POINT('',(19.,-5.2,9.61658075373095));
#6399=VECTOR('',#6400,1.);
#6400=DIRECTION('',(1.09883582079061E-15,-0.866025403784439,0.5));
#6401=CARTESIAN_POINT('',(19.,-8.,11.2331615074619));
#6402=VECTOR('',#6403,1.);
#6403=DIRECTION('',(-1.02558009940457E-15,-0.866025403784437,-0.500000000000004));
#6404=CARTESIAN_POINT('',(19.,-8.,9.6));
#6405=AXIS2_PLACEMENT_3D('',#6406,#6407,#6408);
#6406=CARTESIAN_POINT('',(19.,-8.,8.));
#6407=DIRECTION('',(1.,0.,-1.83697019872103E-16));
#6408=DIRECTION('',(1.83697019872103E-16,0.,1.));
#6409=CARTESIAN_POINT('',(22.,-8.,11.2331615074619));
#6410=CARTESIAN_POINT('',(19.,-8.,11.2331615074619));
#6411=VECTOR('',#6412,1.);
#6412=DIRECTION('',(1.,0.,0.));
#6413=CARTESIAN_POINT('',(22.,-8.,11.2331615074619));
#6414=VECTOR('',#6415,1.);
#6415=DIRECTION('',(-1.02558009940457E-15,-0.866025403784437,-0.500000000000004));
#6416=CARTESIAN_POINT('',(22.,-5.2,9.61658075373095));
#6417=CARTESIAN_POINT('',(22.,-5.2,9.61658075373095));
#6418=VECTOR('',#6419,1.);
#6419=DIRECTION('',(1.09883582079061E-15,-0.866025403784439,0.5));
#6420=CARTESIAN_POINT('',(22.,-5.2,6.38341924626905));
#6421=VECTOR('',#6422,1.);
#6422=DIRECTION('',(0.,0.,1.));
#6423=CARTESIAN_POINT('',(0.64544826718157,-8.,10.8500000000077));
#6424=CARTESIAN_POINT('',(0.64544826718157,-11.,10.8500000000077));
#6425=VECTOR('',#6426,1.);
#6426=DIRECTION('',(0.,1.,0.));
#6427=CARTESIAN_POINT('',(2.2908965343807,-8.,8.00000000002132));
#6428=CARTESIAN_POINT('',(2.2908965343807,-8.,8.00000000002132));
#6429=VECTOR('',#6430,1.);
#6430=DIRECTION('',(-0.500000000003769,-5.39778999687829E-16,0.866025403782263));
#6431=CARTESIAN_POINT('',(2.2908965343807,-11.,8.00000000002132));
#6432=VECTOR('',#6433,1.);
#6433=DIRECTION('',(0.,1.,0.));
#6434=CARTESIAN_POINT('',(0.645448267192512,-8.,5.14999999998179));
#6435=CARTESIAN_POINT('',(0.645448267192507,-8.,5.14999999998178));
#6436=VECTOR('',#6437,1.);
#6437=DIRECTION('',(0.499999999994288,0.,0.866025403787737));
#6438=CARTESIAN_POINT('',(0.645448267192512,-11.,5.14999999998179));
#6439=VECTOR('',#6440,1.);
#6440=DIRECTION('',(-3.70074341541718E-17,1.,2.96059473233375E-16));
#6441=CARTESIAN_POINT('',(-2.64544826719249,-8.,5.14999999998763));
#6442=CARTESIAN_POINT('',(-2.64544826719249,-8.,5.14999999998763));
#6443=VECTOR('',#6444,1.);
#6444=DIRECTION('',(1.,0.,-1.77398368246783E-12));
#6445=CARTESIAN_POINT('',(-2.64544826719249,-11.,5.14999999998763));
#6446=VECTOR('',#6447,1.);
#6447=DIRECTION('',(0.,1.,0.));
#6448=CARTESIAN_POINT('',(-4.29089653437552,-8.,8.00000000000346));
#6449=CARTESIAN_POINT('',(-4.29089653437552,-8.,8.00000000000346));
#6450=VECTOR('',#6451,1.);
#6451=DIRECTION('',(0.49999999999623,0.,-0.866025403786615));
#6452=CARTESIAN_POINT('',(-4.29089653437552,-11.,8.00000000000346));
#6453=VECTOR('',#6454,1.);
#6454=DIRECTION('',(0.,1.,5.9211894646675E-16));
#6455=CARTESIAN_POINT('',(-2.64544826719131,-8.,10.8500000000077));
#6456=CARTESIAN_POINT('',(-2.64544826719131,-8.,10.8500000000077));
#6457=VECTOR('',#6458,1.);
#6458=DIRECTION('',(-0.499999999998016,0.,-0.866025403785584));
#6459=CARTESIAN_POINT('',(-2.64544826719131,-11.,10.8500000000077));
#6460=VECTOR('',#6461,1.);
#6461=DIRECTION('',(-1.48029736616687E-16,1.,0.));
#6462=CARTESIAN_POINT('',(0.645448267181571,-8.,10.8500000000077));
#6463=VECTOR('',#6464,1.);
#6464=DIRECTION('',(-1.,0.,0.));
#6465=CARTESIAN_POINT('',(0.645448267192512,-8.,-5.14999999998179));
#6466=CARTESIAN_POINT('',(0.645448267192512,-11.,-5.14999999998179));
#6467=VECTOR('',#6468,1.);
#6468=DIRECTION('',(0.,1.,0.));
#6469=CARTESIAN_POINT('',(2.2908965343807,-8.,-8.00000000002132));
#6470=CARTESIAN_POINT('',(2.29089653438071,-8.,-8.00000000002133));
#6471=VECTOR('',#6472,1.);
#6472=DIRECTION('',(-0.499999999994287,-2.6988949984059E-16,0.866025403787737));
#6473=CARTESIAN_POINT('',(2.2908965343807,-11.,-8.00000000002132));
#6474=VECTOR('',#6475,1.);
#6475=DIRECTION('',(0.,1.,0.));
#6476=CARTESIAN_POINT('',(0.645448267181571,-8.,-10.8500000000077));
#6477=CARTESIAN_POINT('',(0.64544826718157,-8.,-10.8500000000077));
#6478=VECTOR('',#6479,1.);
#6479=DIRECTION('',(0.500000000003769,-2.69889499843914E-16,0.866025403782263));
#6480=CARTESIAN_POINT('',(0.645448267181571,-11.,-10.8500000000077));
#6481=VECTOR('',#6482,1.);
#6482=DIRECTION('',(3.70074341541719E-17,1.,0.));
#6483=CARTESIAN_POINT('',(-2.64544826719131,-8.,-10.8500000000077));
#6484=CARTESIAN_POINT('',(-2.64544826719131,-8.,-10.8500000000077));
#6485=VECTOR('',#6486,1.);
#6486=DIRECTION('',(1.,0.,0.));
#6487=CARTESIAN_POINT('',(-2.64544826719131,-11.,-10.8500000000077));
#6488=VECTOR('',#6489,1.);
#6489=DIRECTION('',(0.,1.,0.));
#6490=CARTESIAN_POINT('',(-4.29089653437552,-8.,-8.00000000000346));
#6491=CARTESIAN_POINT('',(-4.29089653437552,-8.,-8.00000000000346));
#6492=VECTOR('',#6493,1.);
#6493=DIRECTION('',(0.499999999998017,0.,-0.866025403785584));
#6494=CARTESIAN_POINT('',(-4.29089653437552,-11.,-8.00000000000346));
#6495=VECTOR('',#6496,1.);
#6496=DIRECTION('',(0.,1.,0.));
#6497=CARTESIAN_POINT('',(-2.64544826719249,-8.,-5.14999999998763));
#6498=CARTESIAN_POINT('',(-2.64544826719248,-8.,-5.14999999998762));
#6499=VECTOR('',#6500,1.);
#6500=DIRECTION('',(-0.49999999999623,0.,-0.866025403786615));
#6501=CARTESIAN_POINT('',(-2.64544826719249,-11.,-5.14999999998763));
#6502=VECTOR('',#6503,1.);
#6503=DIRECTION('',(0.,1.,0.));
#6504=CARTESIAN_POINT('',(0.645448267192512,-8.,-5.14999999998179));
#6505=VECTOR('',#6506,1.);
#6506=DIRECTION('',(-1.,0.,-1.77425357196768E-12));
#6507=CARTESIAN_POINT('',(7.80000000002629,-8.,9.6));
#6508=CARTESIAN_POINT('',(7.80000000002261,-8.0000000000048,9.59999999998739));
#6509=CARTESIAN_POINT('',(7.79999932772893,-8.04035110870554,9.6000003845233));
#6510=CARTESIAN_POINT('',(7.80276233254632,-8.13752035487331,9.59631993876407));
#6511=CARTESIAN_POINT('',(7.81782168255159,-8.29274200342058,9.57618119829956));
#6512=CARTESIAN_POINT('',(7.84852854381928,-8.46466689026868,9.53456049480493));
#6513=CARTESIAN_POINT('',(7.89042198342185,-8.6238118749899,9.47648479700485));
#6514=CARTESIAN_POINT('',(7.94003048125814,-8.76922198053316,9.40568335795774));
#6515=CARTESIAN_POINT('',(7.99513900960844,-8.90228748854859,9.32451912856518));
#6516=CARTESIAN_POINT('',(8.05901847945138,-9.03168268579706,9.22671376506231));
#6517=CARTESIAN_POINT('',(8.1383170955385,-9.16798649554858,9.09950031760095));
#6518=CARTESIAN_POINT('',(8.23676087299226,-9.30855080478628,8.93147995945479));
#6519=CARTESIAN_POINT('',(8.35451491777126,-9.44150491315941,8.71184376846451));
#6520=CARTESIAN_POINT('',(8.47299526422162,-9.53894594376067,8.46433452527093));
#6521=CARTESIAN_POINT('',(8.57508287463848,-9.5900411296891,8.22229167468086));
#6522=CARTESIAN_POINT('',(8.63364576679312,-9.60018102012336,8.06580643711791));
#6523=CARTESIAN_POINT('',(8.68108748229246,-9.59982621723026,7.93130168756441));
#6524=CARTESIAN_POINT('',(8.72115380242011,-9.59210828679524,7.81102023766254));
#6525=CARTESIAN_POINT('',(8.77260897558043,-9.56170893192468,7.63904459015215));
#6526=CARTESIAN_POINT('',(8.81546710483929,-9.5160556180075,7.47958214998051));
#6527=CARTESIAN_POINT('',(8.85181960785345,-9.45500306730619,7.3280208144692));
#6528=CARTESIAN_POINT('',(8.88074224591282,-9.38397791048324,7.19265472565216));
#6529=CARTESIAN_POINT('',(8.90323725043162,-9.30777765068297,7.0750625862553));
#6530=CARTESIAN_POINT('',(8.92175866110401,-9.22491837333709,6.96770245342705));
#6531=CARTESIAN_POINT('',(8.93850417600915,-9.12564462196741,6.85930444699339));
#6532=CARTESIAN_POINT('',(8.95396600044254,-8.99810416855299,6.74491024188014));
#6533=CARTESIAN_POINT('',(8.96660682566923,-8.84273065073226,6.6350534477914));
#6534=CARTESIAN_POINT('',(8.9757718774337,-8.6663659046162,6.54078668529788));
#6535=CARTESIAN_POINT('',(8.98174026918221,-8.47904340589433,6.46900161669832));
#6536=CARTESIAN_POINT('',(8.9852382205224,-8.28375692449235,6.42108281784063));
#6537=CARTESIAN_POINT('',(8.98648615594425,-8.12268783395606,6.40247562227493));
#6538=CARTESIAN_POINT('',(8.9867200641364,-7.98872501664554,6.39897868262372));
#6539=CARTESIAN_POINT('',(8.98639250192446,-7.85488963141325,6.40388785175225));
#6540=CARTESIAN_POINT('',(8.98480096008792,-7.6833092777484,6.4273739739961));
#6541=CARTESIAN_POINT('',(8.98093765044599,-7.48921409765193,6.47929935275991));
#6542=CARTESIAN_POINT('',(8.97448491448247,-7.30323812406255,6.55503112543205));
#6543=CARTESIAN_POINT('',(8.96466100219114,-7.12834647099813,6.65330053255876));
#6544=CARTESIAN_POINT('',(8.95054208139577,-6.96732376971848,6.77243750665981));
#6545=CARTESIAN_POINT('',(8.93240421985895,-6.83209131628661,6.90144365354034));
#6546=CARTESIAN_POINT('',(8.91226724359844,-6.72920479172781,7.02444167876957));
#6547=CARTESIAN_POINT('',(8.89263622349457,-6.65463107434454,7.13141980987631));
#6548=CARTESIAN_POINT('',(8.87085670620491,-6.59006740834859,7.23995690170852));
#6549=CARTESIAN_POINT('',(8.84017066612868,-6.52183827338203,7.37903301268651));
#6550=CARTESIAN_POINT('',(8.79637319009553,-6.45877412488929,7.55432979760983));
#6551=CARTESIAN_POINT('',(8.74036974723431,-6.41558563210132,7.74985990015342));
#6552=CARTESIAN_POINT('',(8.69208712823172,-6.40145705463458,7.89903574618966));
#6553=CARTESIAN_POINT('',(8.64575594338385,-6.39908951306535,8.03221011481499));
#6554=CARTESIAN_POINT('',(8.58650739957181,-6.40682637351573,8.1928224121731));
#6555=CARTESIAN_POINT('',(8.4861606681735,-6.45127079416452,8.43601423021257));
#6556=CARTESIAN_POINT('',(8.35527425835497,-6.5560416151748,8.71162142318495));
#6557=CARTESIAN_POINT('',(8.22117649701065,-6.70975039884995,8.95998102723267));
#6558=CARTESIAN_POINT('',(8.10139621587409,-6.88897252417331,9.16068461771788));
#6559=CARTESIAN_POINT('',(8.0039352286318,-7.07465886784936,9.31189728495395));
#6560=CARTESIAN_POINT('',(7.92894950051206,-7.25762825695886,9.42190398991964));
#6561=CARTESIAN_POINT('',(7.87736570295102,-7.42134222918764,9.4947031741335));
#6562=CARTESIAN_POINT('',(7.84258326022253,-7.56783498965284,9.54260952312166));
#6563=CARTESIAN_POINT('',(7.81912253463064,-7.70400369185344,9.57440815577852));
#6564=CARTESIAN_POINT('',(7.80371220729657,-7.84743246511501,9.59505875737311));
#6565=CARTESIAN_POINT('',(7.8000008759645,-7.94742591250222,9.59999949896956));
#6566=CARTESIAN_POINT('',(7.80000000002261,-8.0000000000048,9.59999999998739));
#6567=CARTESIAN_POINT('',(17.6,-7.,-9.24899959967968));
#6568=CARTESIAN_POINT('',(9.4,-7.,-9.24899959967968));
#6569=CARTESIAN_POINT('',(9.4,-7.,-9.24899959967968));
#6570=VECTOR('',#6571,1.);
#6571=DIRECTION('',(1.,1.08314441426844E-16,0.));
#6572=CARTESIAN_POINT('',(17.6,-7.,-9.24899959967968));
#6573=VECTOR('',#6574,1.);
#6574=DIRECTION('',(-1.29142608572025E-15,3.22856521430061E-16,-1.));
#6575=CARTESIAN_POINT('',(9.4,-7.,-9.24899959967968));
#6576=VECTOR('',#6577,1.);
#6577=DIRECTION('',(0.,3.22856521430062E-16,-1.));
#6578=CARTESIAN_POINT('',(17.6,-7.,-6.75100040032032));
#6579=AXIS2_PLACEMENT_3D('',#6580,#6581,#6582);
#6580=CARTESIAN_POINT('',(17.6,-8.,-8.00000000000001));
#6581=DIRECTION('',(1.,5.12247341052605E-32,-3.22973970800046E-16));
#6582=DIRECTION('',(-2.52121475147633E-16,0.625000000000001,-0.780624749799799));
#6583=CARTESIAN_POINT('',(17.6,-7.,-3.87298334620742));
#6584=VECTOR('',#6585,1.);
#6585=DIRECTION('',(0.,0.,-1.));
#6586=CARTESIAN_POINT('',(9.4,3.38346300966557E-15,-12.));
#6587=VECTOR('',#6588,1.);
#6588=DIRECTION('',(0.,-2.95116821109345E-17,1.));
#6589=CARTESIAN_POINT('',(-3.82547379574401E-16,7.84131823259818E-11,-6.));
#6590=CARTESIAN_POINT('',(-14.,1.04550072719669E-10,-6.));
#6591=VECTOR('',#6592,1.);
#6592=DIRECTION('',(1.,0.,-1.90323947078598E-16));
#6593=CARTESIAN_POINT('',(9.,-3.06285495914156E-15,-6.));
#6594=CARTESIAN_POINT('',(-1.10218211923262E-15,2.51114491888866E-15,-6.));
#6595=VECTOR('',#6596,1.);
#6596=DIRECTION('',(1.,0.,-1.97372982155583E-16));
#6597=AXIS2_PLACEMENT_3D('',#6598,#6599,#6600);
#6598=CARTESIAN_POINT('',(3.,2.51114491888866E-15,-6.));
#6599=DIRECTION('',(2.17540971751503E-32,1.,1.22464679914735E-16));
#6600=DIRECTION('',(1.,-3.62568286252504E-33,-1.48029736616688E-16));
#6601=CARTESIAN_POINT('',(0.6,3.5527136788005E-15,-8.));
#6602=AXIS2_PLACEMENT_3D('',#6603,#6604,#6605);
#6603=CARTESIAN_POINT('',(-1.,2.75607427871813E-15,-8.));
#6604=DIRECTION('',(-2.17540971751503E-32,-1.,-1.22464679914735E-16));
#6605=DIRECTION('',(1.,-2.17540971751503E-32,0.));
#6606=CARTESIAN_POINT('',(9.4,-7.,-6.75100040032032));
#6607=AXIS2_PLACEMENT_3D('',#6608,#6609,#6610);
#6608=CARTESIAN_POINT('',(9.4,-8.,-8.00000000000001));
#6609=DIRECTION('',(1.,2.56123670526302E-32,-1.61486985400023E-16));
#6610=DIRECTION('',(-1.26060737573817E-16,0.625,-0.7806247497998));
#6611=CARTESIAN_POINT('',(9.4,-7.,-3.87298334620742));
#6612=VECTOR('',#6613,1.);
#6613=DIRECTION('',(-6.17215536253235E-16,0.,-1.));
#6614=CARTESIAN_POINT('',(9.4,-7.,-6.75100040032032));
#6615=VECTOR('',#6616,1.);
#6616=DIRECTION('',(1.,1.08314441426844E-16,-2.16628882853689E-16));
#6617=CARTESIAN_POINT('',(9.,-5.,-6.));
#6618=CARTESIAN_POINT('',(9.,-5.84985489815667E-15,-6.));
#6619=VECTOR('',#6620,1.);
#6620=DIRECTION('',(0.,-1.,0.));
#6621=CARTESIAN_POINT('',(9.,-5.29150262212918,-6.));
#6622=VECTOR('',#6623,1.);
#6623=DIRECTION('',(0.,1.,0.));
#6624=CARTESIAN_POINT('',(9.,-5.,-6.));
#6625=VECTOR('',#6626,1.);
#6626=DIRECTION('',(4.44089209850063E-16,-1.48029736616688E-16,1.));
#6627=CARTESIAN_POINT('',(1.10218211923262E-15,-5.,6.));
#6628=VECTOR('',#6629,1.);
#6629=DIRECTION('',(-1.83697019872103E-16,3.55271367848908E-16,-1.));
#6630=CARTESIAN_POINT('',(-1.10218211923262E-15,-5.,-6.));
#6631=CARTESIAN_POINT('',(-1.10218211923262E-15,-5.,-6.));
#6632=VECTOR('',#6633,1.);
#6633=DIRECTION('',(1.,0.,-1.97372982155583E-16));
#6634=CARTESIAN_POINT('',(-4.28626379651146E-16,-4.99999999987075,-3.4999999996744));
#6635=CARTESIAN_POINT('',(-6.42939569460891E-16,-5.,-3.49999999950206));
#6636=VECTOR('',#6637,1.);
#6637=DIRECTION('',(-1.83697019872103E-16,3.55271367809289E-16,-1.));
#6638=CARTESIAN_POINT('',(-14.,-4.99999999987075,-3.49999999967439));
#6639=VECTOR('',#6640,1.);
#6640=DIRECTION('',(1.,0.,-1.90323947078598E-16));
#6641=AXIS2_PLACEMENT_3D('',#6642,#6643,#6644);
#6642=CARTESIAN_POINT('',(4.59242549076416E-17,2.0909686889017E-10,0.249999999671284));
#6643=DIRECTION('',(-1.,-1.23259516440783E-32,1.83697019872103E-16));
#6644=DIRECTION('',(-1.83697019872103E-16,5.04194691760624E-17,-1.));
#6645=CARTESIAN_POINT('',(19.,-5.2,-9.61658075373096));
#6646=VECTOR('',#6647,1.);
#6647=DIRECTION('',(1.,0.,0.));
#6648=CARTESIAN_POINT('',(8.9866518188383,-8.,-6.4));
#6649=CARTESIAN_POINT('',(8.9866518188383,-8.00000000942163,-6.40000000000001));
#6650=CARTESIAN_POINT('',(8.98665191198951,-7.95001623954689,-6.40000044586634));
#6651=CARTESIAN_POINT('',(8.98634321972593,-7.85064416708947,-6.40465925708919));
#6652=CARTESIAN_POINT('',(8.98492324472017,-7.70375452468125,-6.42536394438475));
#6653=CARTESIAN_POINT('',(8.98248821028587,-7.56298724529022,-6.45863243274777));
#6654=CARTESIAN_POINT('',(8.97896724913363,-7.43046312195429,-6.50273225115406));
#6655=CARTESIAN_POINT('',(8.97395748382483,-7.29826190332316,-6.55961138511282));
#6656=CARTESIAN_POINT('',(8.96648649578198,-7.15883507230216,-6.63536488096107));
#6657=CARTESIAN_POINT('',(8.95465931251852,-7.00812444822101,-6.73949698080868));
#6658=CARTESIAN_POINT('',(8.93834786822487,-6.87098494466673,-6.86132793167874));
#6659=CARTESIAN_POINT('',(8.91938598285143,-6.76267523827424,-6.98234326582296));
#6660=CARTESIAN_POINT('',(8.90108456674267,-6.68478905689013,-7.08641516831652));
#6661=CARTESIAN_POINT('',(8.88069754893944,-6.61681942664958,-7.19232121720961));
#6662=CARTESIAN_POINT('',(8.85177816612296,-6.54396630675356,-7.32879050013711));
#6663=CARTESIAN_POINT('',(8.81010080012097,-6.47480722248385,-7.50211697135345));
#6664=CARTESIAN_POINT('',(8.75618824242811,-6.4247666069117,-7.69708678572061));
#6665=CARTESIAN_POINT('',(8.70385186839159,-6.40337751627819,-7.86403010822702));
#6666=CARTESIAN_POINT('',(8.65810447518063,-6.39885737969754,-7.99749188458674));
#6667=CARTESIAN_POINT('',(8.60014329828204,-6.40389797235389,-8.15689738196225));
#6668=CARTESIAN_POINT('',(8.50990033163576,-6.43726247887011,-8.38168994737176));
#6669=CARTESIAN_POINT('',(8.38156114040903,-6.53145525099982,-8.6591708245312));
#6670=CARTESIAN_POINT('',(8.24471125729703,-6.67908566505517,-8.91861130640867));
#6671=CARTESIAN_POINT('',(8.12097852684296,-6.85627179215225,-9.12909035912205));
#6672=CARTESIAN_POINT('',(8.02162725735917,-7.03844705129848,-9.28497435681038));
#6673=CARTESIAN_POINT('',(7.94992956522026,-7.20365415245096,-9.39142291116004));
#6674=CARTESIAN_POINT('',(7.8969617995006,-7.35546463924783,-9.46724178184451));
#6675=CARTESIAN_POINT('',(7.85612099554213,-7.50424232880261,-9.52411006892818));
#6676=CARTESIAN_POINT('',(7.82500250405138,-7.66091319699131,-9.56650354580074));
#6677=CARTESIAN_POINT('',(7.80567798302458,-7.81949861915023,-9.59243585105676));
#6678=CARTESIAN_POINT('',(7.80032059088742,-7.93323968052824,-9.59957242446494));
#6679=CARTESIAN_POINT('',(7.79977994797621,-8.03276328034784,-9.60029340689422));
#6680=CARTESIAN_POINT('',(7.80244429426681,-8.12615801288418,-9.59674385389658));
#6681=CARTESIAN_POINT('',(7.81397324784491,-8.25587984389428,-9.58132560955327));
#6682=CARTESIAN_POINT('',(7.83627346582801,-8.40243803248321,-9.5512200463387));
#6683=CARTESIAN_POINT('',(7.87244695659707,-8.56245894167921,-9.50161285318482));
#6684=CARTESIAN_POINT('',(7.9262735994055,-8.73463199553676,-9.42573057070203));
#6685=CARTESIAN_POINT('',(7.99044736571581,-8.89304843998726,-9.33174554085992));
#6686=CARTESIAN_POINT('',(8.06062219797423,-9.03475971984468,-9.22422709196373));
#6687=CARTESIAN_POINT('',(8.14048926093489,-9.17135147064703,-9.09590412369849));
#6688=CARTESIAN_POINT('',(8.23816706131746,-9.31016478994062,-8.92888878306678));
#6689=CARTESIAN_POINT('',(8.35398712474504,-9.44074536483183,-8.71270221559589));
#6690=CARTESIAN_POINT('',(8.4704064019448,-9.53700020331225,-8.46988863584542));
#6691=CARTESIAN_POINT('',(8.57270498374634,-9.5892908427488,-8.22833313279189));
#6692=CARTESIAN_POINT('',(8.6312094605195,-9.59996614499482,-8.072503940871));
#6693=CARTESIAN_POINT('',(8.67878634996802,-9.60002938780833,-7.93799310837535));
#6694=CARTESIAN_POINT('',(8.71800334450444,-9.59319891677726,-7.82090242828391));
#6695=CARTESIAN_POINT('',(8.76940617021615,-9.56420493026889,-7.65024554047591));
#6696=CARTESIAN_POINT('',(8.81229052847462,-9.52018219610962,-7.49196530987962));
#6697=CARTESIAN_POINT('',(8.84877467362892,-9.46103096963231,-7.34134500752242));
#6698=CARTESIAN_POINT('',(8.87798746446929,-9.39175571245908,-7.2061707788186));
#6699=CARTESIAN_POINT('',(8.9008458099438,-9.31692582099329,-7.08813787943035));
#6700=CARTESIAN_POINT('',(8.91974076352851,-9.23517720522986,-6.98000201382906));
#6701=CARTESIAN_POINT('',(8.93685824408435,-9.13702698936539,-6.87065202368613));
#6702=CARTESIAN_POINT('',(8.95270324105659,-9.01067323857248,-6.75501115324338));
#6703=CARTESIAN_POINT('',(8.96569969983459,-8.8564393661168,-6.64361451703801));
#6704=CARTESIAN_POINT('',(8.97516129628502,-8.68105646600895,-6.54758557596082));
#6705=CARTESIAN_POINT('',(8.98095557073027,-8.50664497563991,-6.47872239402846));
#6706=CARTESIAN_POINT('',(8.98411222642514,-8.35045175221712,-6.43667587159102));
#6707=CARTESIAN_POINT('',(8.98567558870826,-8.22397027260762,-6.41443811550004));
#6708=CARTESIAN_POINT('',(8.98647659104753,-8.11122565699714,-6.40263834699104));
#6709=CARTESIAN_POINT('',(8.98665174634441,-8.03889932320018,-6.39999965300948));
#6710=CARTESIAN_POINT('',(8.9866518188383,-8.00000000942163,-6.40000000000001));
#6711=CARTESIAN_POINT('',(19.,-5.2,9.61658075373095));
#6712=VECTOR('',#6713,1.);
#6713=DIRECTION('',(1.,0.,0.));
#6714=CARTESIAN_POINT('',(0.6,-8.,-8.));
#6715=AXIS2_PLACEMENT_3D('',#6716,#6717,#6718);
#6716=CARTESIAN_POINT('',(-1.,-8.,-8.));
#6717=DIRECTION('',(-2.62953635073671E-32,-1.,-1.48029736616688E-16));
#6718=DIRECTION('',(1.,-2.62953635073671E-32,0.));
#6719=CARTESIAN_POINT('',(-1.10218211923262E-15,-5.,-6.));
#6720=VECTOR('',#6721,1.);
#6721=DIRECTION('',(3.94430452610506E-32,1.,1.77635683940025E-16));
#6722=AXIS2_PLACEMENT_3D('',#6723,#6724,#6725);
#6723=CARTESIAN_POINT('',(24.,-5.,15.000000000033));
#6724=DIRECTION('',(-1.,0.,1.83697019872103E-16));
#6725=DIRECTION('',(1.36071866569683E-16,-0.671791005465961,0.740740740728518));
#6726=CARTESIAN_POINT('',(10.7965056402417,0.,17.3333333333333));
#6727=VECTOR('',#6728,1.);
#6728=DIRECTION('',(0.,-1.,-3.22973970800046E-16));
#6729=CARTESIAN_POINT('',(24.,-6.8138357147581,17.));
#6730=CARTESIAN_POINT('',(24.000000676565,-6.81383572005926,17.0191611080117));
#6731=CARTESIAN_POINT('',(23.9990534410735,-6.81383572116919,17.0520742031834));
#6732=CARTESIAN_POINT('',(23.9945521721093,-6.81383571239524,17.1095899032421));
#6733=CARTESIAN_POINT('',(23.9884830629728,-6.81383571491524,17.1539760005597));
#6734=CARTESIAN_POINT('',(23.9775763873156,-6.81383571465542,17.2131021523488));
#6735=CARTESIAN_POINT('',(23.9683789591516,-6.81383571479229,17.2514420668531));
#6736=CARTESIAN_POINT('',(23.9510681986105,-6.81383571473806,17.3104939307952));
#6737=CARTESIAN_POINT('',(23.9363319301372,-6.8138357147785,17.352988643767));
#6738=CARTESIAN_POINT('',(23.9109162457069,-6.81383571475603,17.4139238026343));
#6739=CARTESIAN_POINT('',(23.8871286787017,-6.81383571475564,17.4629701248964));
#6740=CARTESIAN_POINT('',(23.8537410034668,-6.81383571476649,17.5220304156146));
#6741=CARTESIAN_POINT('',(23.821243547991,-6.81383571475418,17.5717843648591));
#6742=CARTESIAN_POINT('',(23.7804332339148,-6.81383571476732,17.6263247614358));
#6743=CARTESIAN_POINT('',(23.741802824454,-6.81383571475788,17.671657335705));
#6744=CARTESIAN_POINT('',(23.6941849713195,-6.81383571476601,17.7207631682207));
#6745=CARTESIAN_POINT('',(23.6495174361484,-6.81383571476077,17.7612684274323));
#6746=CARTESIAN_POINT('',(23.5954793423925,-6.81383571476479,17.8042655862196));
#6747=CARTESIAN_POINT('',(23.5458743134379,-6.81383571476086,17.8387033524129));
#6748=CARTESIAN_POINT('',(23.4852988245857,-6.81383571476452,17.8752208816301));
#6749=CARTESIAN_POINT('',(23.432394079484,-6.81383571475759,17.9024635375582));
#6750=CARTESIAN_POINT('',(23.3651267566096,-6.8138357147652,17.931828505742));
#6751=CARTESIAN_POINT('',(23.3114286801422,-6.81383571475397,17.9510203780242));
#6752=CARTESIAN_POINT('',(23.243911100038,-6.81383571476508,17.9704361613018));
#6753=CARTESIAN_POINT('',(23.1924397725065,-6.81383571475297,17.9819889767399));
#6754=CARTESIAN_POINT('',(23.1318540410237,-6.81383571476719,17.9916937043184));
#6755=CARTESIAN_POINT('',(23.0855332587074,-6.81383571475169,17.9967597443799));
#6756=CARTESIAN_POINT('',(23.0392725802578,-6.81383571477121,17.9994878830582));
#6757=CARTESIAN_POINT('',(23.0129819739924,-6.81383571476693,18.0000002139821));
#6758=CARTESIAN_POINT('',(23.0000000006058,-6.8138357147581,18.));
#6759=CARTESIAN_POINT('',(24.,-3.18616428524191,17.));
#6760=CARTESIAN_POINT('',(24.0000006765822,-3.18616422406638,17.019161106952));
#6761=CARTESIAN_POINT('',(23.9990534411468,-3.18616421273326,17.0520742021241));
#6762=CARTESIAN_POINT('',(23.9945521722447,-3.18616431768244,17.10958990219));
#6763=CARTESIAN_POINT('',(23.9884830629733,-3.1861642830408,17.1539760005601));
#6764=CARTESIAN_POINT('',(23.9775763873153,-3.18616428676808,17.2131021523484));
#6765=CARTESIAN_POINT('',(23.9683789591516,-3.18616428514526,17.251442066853));
#6766=CARTESIAN_POINT('',(23.9510681986105,-3.18616428530524,17.3104939307952));
#6767=CARTESIAN_POINT('',(23.9363319301372,-3.18616428521415,17.352988643767));
#6768=CARTESIAN_POINT('',(23.9109162457069,-3.18616428524684,17.4139238026343));
#6769=CARTESIAN_POINT('',(23.8871286787017,-3.18616428524373,17.4629701248964));
#6770=CARTESIAN_POINT('',(23.8537410034668,-3.18616428523376,17.5220304156146));
#6771=CARTESIAN_POINT('',(23.821243547991,-3.18616428524578,17.5717843648591));
#6772=CARTESIAN_POINT('',(23.7804332339148,-3.18616428523272,17.6263247614358));
#6773=CARTESIAN_POINT('',(23.741802824454,-3.18616428524213,17.671657335705));
#6774=CARTESIAN_POINT('',(23.6941849713196,-3.18616428523402,17.7207631682206));
#6775=CARTESIAN_POINT('',(23.6495174361485,-3.18616428523925,17.7612684274323));
#6776=CARTESIAN_POINT('',(23.5954793423926,-3.18616428523524,17.8042655862195));
#6777=CARTESIAN_POINT('',(23.5458743134379,-3.18616428523916,17.8387033524129));
#6778=CARTESIAN_POINT('',(23.4852988245857,-3.18616428523552,17.87522088163));
#6779=CARTESIAN_POINT('',(23.4323940794841,-3.18616428524241,17.9024635375582));
#6780=CARTESIAN_POINT('',(23.3651267566096,-3.18616428523485,17.9318285057419));
#6781=CARTESIAN_POINT('',(23.3114286801422,-3.18616428524602,17.9510203780241));
#6782=CARTESIAN_POINT('',(23.243911100038,-3.18616428523497,17.9704361613018));
#6783=CARTESIAN_POINT('',(23.1924397725066,-3.186164285247,17.9819889767398));
#6784=CARTESIAN_POINT('',(23.1318540410238,-3.18616428523289,17.9916937043184));
#6785=CARTESIAN_POINT('',(23.0855332587075,-3.18616428524827,17.9967597443799));
#6786=CARTESIAN_POINT('',(23.0392725802579,-3.1861642852289,17.9994878830582));
#6787=CARTESIAN_POINT('',(23.0129819739925,-3.18616428523315,18.0000002139821));
#6788=CARTESIAN_POINT('',(23.0000000006058,-3.18616428524191,18.));
#6789=CARTESIAN_POINT('',(23.,-5.39657972130051E-16,18.));
#6790=CARTESIAN_POINT('',(23.,3.18616428524191,18.));
#6791=CARTESIAN_POINT('',(23.,-4.84460956200068E-16,18.));
#6792=VECTOR('',#6793,1.);
#6793=DIRECTION('',(0.,1.,0.));
#6794=CARTESIAN_POINT('',(23.,6.81383571475809,18.));
#6795=CARTESIAN_POINT('',(23.,3.18616428524191,18.));
#6796=CARTESIAN_POINT('',(23.,3.26139136870419,18.));
#6797=CARTESIAN_POINT('',(23.0071317730061,3.39655332173201,18.));
#6798=CARTESIAN_POINT('',(23.029225070127,3.57717616964855,18.));
#6799=CARTESIAN_POINT('',(23.056814954548,3.73751150676924,18.));
#6800=CARTESIAN_POINT('',(23.08950766246,3.89485626349763,18.));
#6801=CARTESIAN_POINT('',(23.126769489107,4.05475181235941,18.));
#6802=CARTESIAN_POINT('',(23.1677396080642,4.22226350483902,18.));
#6803=CARTESIAN_POINT('',(23.2082554177499,4.39252698135151,18.));
#6804=CARTESIAN_POINT('',(23.2437509457884,4.56218726792888,18.));
#6805=CARTESIAN_POINT('',(23.2699061441413,4.72681297248184,18.));
#6806=CARTESIAN_POINT('',(23.2845925130106,4.88542711870393,18.));
#6807=CARTESIAN_POINT('',(23.2874104107501,5.04064939313887,18.));
#6808=CARTESIAN_POINT('',(23.2783567077173,5.19731107770271,18.));
#6809=CARTESIAN_POINT('',(23.257476668122,5.35914347349489,18.));
#6810=CARTESIAN_POINT('',(23.2260352531644,5.5264981421991,18.));
#6811=CARTESIAN_POINT('',(23.1875236414851,5.69608321914106,18.));
#6812=CARTESIAN_POINT('',(23.1467125201463,5.86342211644356,18.));
#6813=CARTESIAN_POINT('',(23.1077837223548,6.02514491157896,18.));
#6814=CARTESIAN_POINT('',(23.0733517422752,6.18012770799876,18.));
#6815=CARTESIAN_POINT('',(23.0449838068074,6.32762574590797,18.));
#6816=CARTESIAN_POINT('',(23.0230376653011,6.46972514729519,18.));
#6817=CARTESIAN_POINT('',(23.0086478393035,6.60033046618957,18.));
#6818=CARTESIAN_POINT('',(23.0014351654975,6.71485079989835,18.));
#6819=CARTESIAN_POINT('',(23.,6.78357830836548,18.));
#6820=CARTESIAN_POINT('',(23.,6.8138357147581,18.));
#6821=CARTESIAN_POINT('',(23.,11.,18.));
#6822=CARTESIAN_POINT('',(23.,6.81383571475809,18.));
#6823=VECTOR('',#6824,1.);
#6824=DIRECTION('',(8.48679945821859E-16,1.,0.));
#6825=CARTESIAN_POINT('',(11.7393146818237,11.,18.));
#6826=CARTESIAN_POINT('',(23.,11.,18.));
#6827=VECTOR('',#6828,1.);
#6828=DIRECTION('',(-1.,0.,0.));
#6829=CARTESIAN_POINT('',(11.7393146818237,1.19969143311603E-15,18.));
#6830=CARTESIAN_POINT('',(11.7393146818237,11.,18.));
#6831=VECTOR('',#6832,1.);
#6832=DIRECTION('',(0.,-1.,-3.22973970800046E-16));
#6833=CARTESIAN_POINT('',(11.7393146818237,-4.76420050807529E-16,18.));
#6834=VECTOR('',#6835,1.);
#6835=DIRECTION('',(1.,2.62704117111222E-32,3.15497110381545E-16));
#6836=CARTESIAN_POINT('',(17.1,5.,18.));
#6837=AXIS2_PLACEMENT_3D('',#6838,#6839,#6840);
#6838=CARTESIAN_POINT('',(15.,5.,18.));
#6839=DIRECTION('',(1.77635683940025E-16,-1.61486985400023E-16,1.));
#6840=DIRECTION('',(1.,2.86858510989459E-32,-1.77635683940025E-16));
#6841=CARTESIAN_POINT('',(21.,2.2,18.));
#6842=CARTESIAN_POINT('',(18.,2.2,18.));
#6843=CARTESIAN_POINT('',(21.,2.2,18.));
#6844=VECTOR('',#6845,1.);
#6845=DIRECTION('',(-1.,0.,0.));
#6846=CARTESIAN_POINT('',(18.,7.8000000000003,18.));
#6847=CARTESIAN_POINT('',(18.,7.800000000001,18.));
#6848=VECTOR('',#6849,1.);
#6849=DIRECTION('',(0.,-1.,0.));
#6850=CARTESIAN_POINT('',(21.,7.8000000000003,18.));
#6851=CARTESIAN_POINT('',(18.,7.8000000000003,18.));
#6852=VECTOR('',#6853,1.);
#6853=DIRECTION('',(1.,0.,0.));
#6854=CARTESIAN_POINT('',(21.,7.800000000001,18.));
#6855=VECTOR('',#6856,1.);
#6856=DIRECTION('',(0.,-1.,0.));
#6857=CARTESIAN_POINT('',(23.,5.,13.300000000033));
#6858=AXIS2_PLACEMENT_3D('',#6859,#6860,#6861);
#6859=CARTESIAN_POINT('',(23.,5.,15.000000000033));
#6860=DIRECTION('',(-1.,-2.24963967399279E-32,1.83697019872103E-16));
#6861=DIRECTION('',(-1.83697019872103E-16,-4.13252103898524E-48,-1.));
#6862=CARTESIAN_POINT('',(21.,5.,13.300000000033));
#6863=AXIS2_PLACEMENT_3D('',#6864,#6865,#6866);
#6864=CARTESIAN_POINT('',(21.,5.,15.000000000033));
#6865=DIRECTION('',(-1.,-2.24963967399279E-32,1.83697019872103E-16));
#6866=DIRECTION('',(-1.83697019872103E-16,2.44929359829471E-16,-1.));
#6867=CARTESIAN_POINT('',(18.,5.,13.300000000033));
#6868=AXIS2_PLACEMENT_3D('',#6869,#6870,#6871);
#6869=CARTESIAN_POINT('',(18.,5.,15.000000000033));
#6870=DIRECTION('',(-1.,-2.24963967399279E-32,1.83697019872103E-16));
#6871=DIRECTION('',(-1.83697019872103E-16,2.44929359829471E-16,-1.));
#6872=CARTESIAN_POINT('',(17.1,5.,13.2999999999897));
#6873=CARTESIAN_POINT('',(17.1,5.,16.700000000033));
#6874=CARTESIAN_POINT('',(17.1,5.,13.2999999999896));
#6875=CARTESIAN_POINT('',(17.1000000841304,5.0134072122859,13.2999999394904));
#6876=CARTESIAN_POINT('',(17.0997429672243,5.04021659518786,13.3003174757079));
#6877=CARTESIAN_POINT('',(17.0985900594756,5.08035329613185,13.3017418875886));
#6878=CARTESIAN_POINT('',(17.0966724703826,5.12041556798263,13.3041119241375));
#6879=CARTESIAN_POINT('',(17.0939948828104,5.1603720459238,13.3074232064275));
#6880=CARTESIAN_POINT('',(17.0905618742739,5.200207101629,13.3116719778342));
#6881=CARTESIAN_POINT('',(17.086379898866,5.23989305812087,13.3168527178053));
#6882=CARTESIAN_POINT('',(17.0814578654283,5.27939182357734,13.3229574047583));
#6883=CARTESIAN_POINT('',(17.0758083834503,5.31865656918216,13.3299739571019));
#6884=CARTESIAN_POINT('',(17.0694475970961,5.3576368297932,13.337886406422));
#6885=CARTESIAN_POINT('',(17.0623945545957,5.39628283047718,13.3466756490457));
#6886=CARTESIAN_POINT('',(17.0546700106814,5.43455240202456,13.3563208968692));
#6887=CARTESIAN_POINT('',(17.0462929546402,5.47242261326806,13.366803991071));
#6888=CARTESIAN_POINT('',(17.0362819780842,5.51403229044261,13.3793621596418));
#6889=CARTESIAN_POINT('',(17.023309312638,5.56330230113471,13.3956852859579));
#6890=CARTESIAN_POINT('',(17.0056020747549,5.62381893088646,13.4180635946114));
#6891=CARTESIAN_POINT('',(16.9848698620632,5.68690267903378,13.4444248752307));
#6892=CARTESIAN_POINT('',(16.9637901393406,5.74467614909451,13.4714202235797));
#6893=CARTESIAN_POINT('',(16.9443438709869,5.7939270533797,13.4964877096174));
#6894=CARTESIAN_POINT('',(16.9238222136005,5.84256265050517,13.5231105724349));
#6895=CARTESIAN_POINT('',(16.8998774425899,5.89541516228691,13.5544187612071));
#6896=CARTESIAN_POINT('',(16.8733588717002,5.94959695893036,13.5894455864086));
#6897=CARTESIAN_POINT('',(16.8432817232132,6.00683923088636,13.6296191381419));
#6898=CARTESIAN_POINT('',(16.8059692048436,6.07280806425443,13.6801284804296));
#6899=CARTESIAN_POINT('',(16.7593927344143,6.14785042751076,13.7444805667266));
#6900=CARTESIAN_POINT('',(16.7107042593374,6.21888908049644,13.8136899470138));
#6901=CARTESIAN_POINT('',(16.6666790806264,6.27810682427245,13.8781978008175));
#6902=CARTESIAN_POINT('',(16.6237666227493,6.33228896437454,13.9428945165697));
#6903=CARTESIAN_POINT('',(16.5736603120481,6.39141948221644,14.0211963381583));
#6904=CARTESIAN_POINT('',(16.5188165609973,6.45100681009345,14.1118043262756));
#6905=CARTESIAN_POINT('',(16.4691284781384,6.50096049492142,14.2000790569334));
#6906=CARTESIAN_POINT('',(16.4336049904268,6.53469027701712,14.2678717976648));
#6907=CARTESIAN_POINT('',(16.4089744330695,6.55724576640379,14.3176417999724));
#6908=CARTESIAN_POINT('',(16.3911580479334,6.57316248874654,14.3552879087364));
#6909=CARTESIAN_POINT('',(16.3753500527213,6.58699089823607,14.3901751748172));
#6910=CARTESIAN_POINT('',(16.3594595297626,6.60063191053267,14.4268220350103));
#6911=CARTESIAN_POINT('',(16.3430723953885,6.61441098476926,14.4667371870177));
#6912=CARTESIAN_POINT('',(16.3265224115531,6.62802901340392,14.5099025547328));
#6913=CARTESIAN_POINT('',(16.311329316337,6.64028353726988,14.5526550721972));
#6914=CARTESIAN_POINT('',(16.2974953053284,6.65124150631949,14.5949996162122));
#6915=CARTESIAN_POINT('',(16.2850217514637,6.66096158588789,14.6369324775803));
#6916=CARTESIAN_POINT('',(16.2747628509342,6.66883917611295,14.6752844138511));
#6917=CARTESIAN_POINT('',(16.2663990040102,6.67518961532804,14.7100450887652));
#6918=CARTESIAN_POINT('',(16.2596234357485,6.68028870017554,14.7412304417709));
#6919=CARTESIAN_POINT('',(16.25357648087,6.68480344187671,14.7724722182709));
#6920=CARTESIAN_POINT('',(16.2482516046112,6.68875118723038,14.803898558527));
#6921=CARTESIAN_POINT('',(16.2436610721553,6.6921336271239,14.8356051830177));
#6922=CARTESIAN_POINT('',(16.2398397143612,6.69493463650975,14.8675578439231));
#6923=CARTESIAN_POINT('',(16.2368231128144,6.69713641454774,14.8996363835551));
#6924=CARTESIAN_POINT('',(16.234382730098,6.69891185233641,14.93539649616));
#6925=CARTESIAN_POINT('',(16.2331148542192,6.69983171587157,14.9688655568815));
#6926=CARTESIAN_POINT('',(16.2327854568005,6.70007059399946,15.00116143132));
#6927=CARTESIAN_POINT('',(16.2332016578613,6.69976876115847,15.0370012888053));
#6928=CARTESIAN_POINT('',(16.2350807380854,6.69840535139915,15.0787340493655));
#6929=CARTESIAN_POINT('',(16.2386669057666,6.69579235687314,15.1214808452556));
#6930=CARTESIAN_POINT('',(16.2426980029254,6.69284078360587,15.1569417318048));
#6931=CARTESIAN_POINT('',(16.2472923133297,6.68946001100013,15.1900210776081));
#6932=CARTESIAN_POINT('',(16.2531521626015,6.6851209123285,15.2254740123643));
#6933=CARTESIAN_POINT('',(16.2609559312127,6.6792947446521,15.2656838303625));
#6934=CARTESIAN_POINT('',(16.2711147004586,6.67162737316711,15.310561793164));
#6935=CARTESIAN_POINT('',(16.2856200335028,6.6605209326196,15.365980421378));
#6936=CARTESIAN_POINT('',(16.3045271886688,6.64574610412921,15.4279757076931));
#6937=CARTESIAN_POINT('',(16.3276125878196,6.62719271741163,15.4936709220176));
#6938=CARTESIAN_POINT('',(16.3490346102896,6.60945473569882,15.5482445688106));
#6939=CARTESIAN_POINT('',(16.367645810553,6.59363873451934,15.592284516447));
#6940=CARTESIAN_POINT('',(16.3827842145721,6.58051750735803,15.6263952312949));
#6941=CARTESIAN_POINT('',(16.3975275006495,6.56749578491502,15.658277790407));
#6942=CARTESIAN_POINT('',(16.4141066451113,6.55257685405742,15.6928471665404));
#6943=CARTESIAN_POINT('',(16.4331799089696,6.53501748418346,15.7310507842186));
#6944=CARTESIAN_POINT('',(16.454924374261,6.51443375697903,15.7728009279566));
#6945=CARTESIAN_POINT('',(16.4763056292149,6.49359230392007,15.8122931138991));
#6946=CARTESIAN_POINT('',(16.4978505590764,6.47198588792078,15.8508033494234));
#6947=CARTESIAN_POINT('',(16.5243950264171,6.44459662715166,15.8968690308256));
#6948=CARTESIAN_POINT('',(16.5630231929343,6.40306643322669,15.9614011780652));
#6949=CARTESIAN_POINT('',(16.6190792478701,6.33866251508924,16.0504334334859));
#6950=CARTESIAN_POINT('',(16.6874736100265,6.25201743687814,16.1530989845819));
#6951=CARTESIAN_POINT('',(16.7553838013634,6.15469117255465,16.2500765329167));
#6952=CARTESIAN_POINT('',(16.8109842999807,6.06454832565398,16.3267581486243));
#6953=CARTESIAN_POINT('',(16.8541480224664,5.98703421120685,16.3850021941278));
#6954=CARTESIAN_POINT('',(16.8952461117005,5.90618106297816,16.4395840273797));
#6955=CARTESIAN_POINT('',(16.9385537850553,5.8103744323216,16.4961505799282));
#6956=CARTESIAN_POINT('',(16.9799323492814,5.70306578537986,16.5493338063751));
#6957=CARTESIAN_POINT('',(17.0109585361817,5.60722780486241,16.5887353018018));
#6958=CARTESIAN_POINT('',(17.0325043910375,5.52955558086125,16.6158987467112));
#6959=CARTESIAN_POINT('',(17.0482909140036,5.46465685076349,16.6357061749632));
#6960=CARTESIAN_POINT('',(17.0622788447745,5.39829337751862,16.653186953542));
#6961=CARTESIAN_POINT('',(17.0742573559356,5.33032340070066,16.6681022990459));
#6962=CARTESIAN_POINT('',(17.0832051377362,5.26722423974877,16.6792120112502));
#6963=CARTESIAN_POINT('',(17.0888445691838,5.21750750551742,16.6862012607684));
#6964=CARTESIAN_POINT('',(17.0923522398068,5.17998001455281,16.6905440435275));
#6965=CARTESIAN_POINT('',(17.0948966740717,5.14751014822796,16.6936921250265));
#6966=CARTESIAN_POINT('',(17.0969411428269,5.11497517518291,16.6962201336474));
#6967=CARTESIAN_POINT('',(17.0984754867706,5.08210784605255,16.6981164947867));
#6968=CARTESIAN_POINT('',(17.0993480535033,5.05434464668598,16.6991946057247));
#6969=CARTESIAN_POINT('',(17.099783087353,5.03193983615089,16.6997320451504));
#6970=CARTESIAN_POINT('',(17.0999647531454,5.01512551899941,16.6999564605133));
#6971=CARTESIAN_POINT('',(17.1000000026969,5.00476023352009,16.7000000024731));
#6972=CARTESIAN_POINT('',(17.1,5.,16.700000000033));
#6973=CARTESIAN_POINT('',(17.1,5.,13.2999999999896));
#6974=CARTESIAN_POINT('',(17.1000000841304,4.98659278771394,13.2999999394904));
#6975=CARTESIAN_POINT('',(17.0997429672244,4.95978340481167,13.3003174757079));
#6976=CARTESIAN_POINT('',(17.0985900594756,4.91964670386731,13.3017418875887));
#6977=CARTESIAN_POINT('',(17.0966724703825,4.87958443201622,13.3041119241376));
#6978=CARTESIAN_POINT('',(17.0939948828103,4.83962795407482,13.3074232064277));
#6979=CARTESIAN_POINT('',(17.0905618742737,4.79979289836955,13.3116719778343));
#6980=CARTESIAN_POINT('',(17.0863798988658,4.7601069418778,13.3168527178055));
#6981=CARTESIAN_POINT('',(17.0814578654282,4.72060817642159,13.3229574047585));
#6982=CARTESIAN_POINT('',(17.0758083834502,4.68134343081716,13.329973957102));
#6983=CARTESIAN_POINT('',(17.0694475970961,4.64236317020652,13.337886406422));
#6984=CARTESIAN_POINT('',(17.0623945545958,4.60371716952288,13.3466756490456));
#6985=CARTESIAN_POINT('',(17.0546700106815,4.56544759797575,13.3563208968691));
#6986=CARTESIAN_POINT('',(17.0462929546403,4.52757738673239,13.3668039910708));
#6987=CARTESIAN_POINT('',(17.0362819780843,4.48596770955788,13.3793621596417));
#6988=CARTESIAN_POINT('',(17.0233093126382,4.43669769886576,13.3956852859577));
#6989=CARTESIAN_POINT('',(17.005602074755,4.37618106911395,13.4180635946112));
#6990=CARTESIAN_POINT('',(16.9848698620633,4.31309732096654,13.4444248752305));
#6991=CARTESIAN_POINT('',(16.9637901393407,4.25532385090573,13.4714202235796));
#6992=CARTESIAN_POINT('',(16.9443438709869,4.20607294662049,13.4964877096173));
#6993=CARTESIAN_POINT('',(16.9238222136006,4.15743734949498,13.5231105724348));
#6994=CARTESIAN_POINT('',(16.89987744259,4.10458483771319,13.554418761207));
#6995=CARTESIAN_POINT('',(16.8733588717002,4.05040304106971,13.5894455864085));
#6996=CARTESIAN_POINT('',(16.8432817232133,3.99316076911367,13.6296191381418));
#6997=CARTESIAN_POINT('',(16.8059692048436,3.92719193574558,13.6801284804296));
#6998=CARTESIAN_POINT('',(16.7593927344143,3.85214957248925,13.7444805667266));
#6999=CARTESIAN_POINT('',(16.7107042593374,3.78111091950356,13.8136899470138));
#7000=CARTESIAN_POINT('',(16.6666790806264,3.72189317572754,13.8781978008175));
#7001=CARTESIAN_POINT('',(16.6237666227493,3.66771103562546,13.9428945165697));
#7002=CARTESIAN_POINT('',(16.5736603120481,3.60858051778356,14.0211963381583));
#7003=CARTESIAN_POINT('',(16.5188165609973,3.54899318990655,14.1118043262756));
#7004=CARTESIAN_POINT('',(16.4691284781385,3.49903950507858,14.2000790569334));
#7005=CARTESIAN_POINT('',(16.4336049904268,3.46530972298289,14.2678717976648));
#7006=CARTESIAN_POINT('',(16.4089744330695,3.44275423359621,14.3176417999724));
#7007=CARTESIAN_POINT('',(16.3911580479334,3.42683751125347,14.3552879087364));
#7008=CARTESIAN_POINT('',(16.3753500527213,3.41300910176393,14.3901751748172));
#7009=CARTESIAN_POINT('',(16.3594595297626,3.39936808946733,14.4268220350103));
#7010=CARTESIAN_POINT('',(16.3430723953885,3.38558901523074,14.4667371870177));
#7011=CARTESIAN_POINT('',(16.3265224115531,3.37197098659608,14.5099025547328));
#7012=CARTESIAN_POINT('',(16.311329316337,3.35971646273012,14.5526550721972));
#7013=CARTESIAN_POINT('',(16.2974953053284,3.34875849368051,14.5949996162122));
#7014=CARTESIAN_POINT('',(16.2850217514637,3.33903841411211,14.6369324775803));
#7015=CARTESIAN_POINT('',(16.2747628509342,3.33116082388705,14.6752844138511));
#7016=CARTESIAN_POINT('',(16.2663990040102,3.32481038467196,14.7100450887652));
#7017=CARTESIAN_POINT('',(16.2596234357485,3.31971129982446,14.7412304417709));
#7018=CARTESIAN_POINT('',(16.25357648087,3.31519655812329,14.7724722182709));
#7019=CARTESIAN_POINT('',(16.2482516046112,3.31124881276962,14.803898558527));
#7020=CARTESIAN_POINT('',(16.2436610721553,3.3078663728761,14.8356051830177));
#7021=CARTESIAN_POINT('',(16.2398397143612,3.30506536349025,14.8675578439231));
#7022=CARTESIAN_POINT('',(16.2368231128144,3.30286358545226,14.8996363835551));
#7023=CARTESIAN_POINT('',(16.2343827300981,3.30108814766359,14.93539649616));
#7024=CARTESIAN_POINT('',(16.2331148542192,3.30016828412843,14.9688655568815));
#7025=CARTESIAN_POINT('',(16.2327854568005,3.29992940600054,15.00116143132));
#7026=CARTESIAN_POINT('',(16.2332016578613,3.30023123884153,15.0370012888053));
#7027=CARTESIAN_POINT('',(16.2350807380854,3.30159464860084,15.0787340493655));
#7028=CARTESIAN_POINT('',(16.2386669057666,3.30420764312686,15.1214808452556));
#7029=CARTESIAN_POINT('',(16.2426980029254,3.30715921639413,15.1569417318048));
#7030=CARTESIAN_POINT('',(16.2472923133297,3.31053998899987,15.1900210776081));
#7031=CARTESIAN_POINT('',(16.2531521626015,3.3148790876715,15.2254740123643));
#7032=CARTESIAN_POINT('',(16.2609559312127,3.3207052553479,15.2656838303625));
#7033=CARTESIAN_POINT('',(16.2711147004586,3.32837262683289,15.310561793164));
#7034=CARTESIAN_POINT('',(16.2856200335028,3.3394790673804,15.365980421378));
#7035=CARTESIAN_POINT('',(16.3045271886688,3.35425389587079,15.4279757076931));
#7036=CARTESIAN_POINT('',(16.3276125878196,3.37280728258837,15.4936709220176));
#7037=CARTESIAN_POINT('',(16.3490346102896,3.39054526430119,15.5482445688106));
#7038=CARTESIAN_POINT('',(16.367645810553,3.40636126548066,15.592284516447));
#7039=CARTESIAN_POINT('',(16.3827842145721,3.41948249264198,15.6263952312949));
#7040=CARTESIAN_POINT('',(16.3975275006495,3.43250421508499,15.658277790407));
#7041=CARTESIAN_POINT('',(16.4141066451113,3.44742314594259,15.6928471665404));
#7042=CARTESIAN_POINT('',(16.4331799089696,3.46498251581656,15.7310507842186));
#7043=CARTESIAN_POINT('',(16.4549243742611,3.48556624302097,15.7728009279566));
#7044=CARTESIAN_POINT('',(16.4763056292149,3.50640769607993,15.8122931138992));
#7045=CARTESIAN_POINT('',(16.4978505590764,3.52801411207923,15.8508033494234));
#7046=CARTESIAN_POINT('',(16.5243950264171,3.55540337284835,15.8968690308257));
#7047=CARTESIAN_POINT('',(16.5630231929343,3.59693356677332,15.9614011780652));
#7048=CARTESIAN_POINT('',(16.6190792478701,3.66133748491077,16.0504334334859));
#7049=CARTESIAN_POINT('',(16.6874736100265,3.74798256312187,16.1530989845819));
#7050=CARTESIAN_POINT('',(16.7553838013634,3.84530882744537,16.2500765329167));
#7051=CARTESIAN_POINT('',(16.8109842999807,3.93545167434604,16.3267581486243));
#7052=CARTESIAN_POINT('',(16.8541480224664,4.01296578879317,16.3850021941278));
#7053=CARTESIAN_POINT('',(16.8952461117005,4.09381893702186,16.4395840273797));
#7054=CARTESIAN_POINT('',(16.9385537850553,4.18962556767842,16.4961505799282));
#7055=CARTESIAN_POINT('',(16.9799323492815,4.29693421462015,16.5493338063751));
#7056=CARTESIAN_POINT('',(17.0109585361817,4.39277219513761,16.5887353018018));
#7057=CARTESIAN_POINT('',(17.0325043910375,4.47044441913877,16.6158987467112));
#7058=CARTESIAN_POINT('',(17.0482909140037,4.53534314923652,16.6357061749632));
#7059=CARTESIAN_POINT('',(17.0622788447745,4.6017066224814,16.653186953542));
#7060=CARTESIAN_POINT('',(17.0742573559356,4.66967659929936,16.6681022990459));
#7061=CARTESIAN_POINT('',(17.0832051377362,4.73277576025124,16.6792120112502));
#7062=CARTESIAN_POINT('',(17.0888445691838,4.78249249448259,16.6862012607684));
#7063=CARTESIAN_POINT('',(17.0923522398069,4.8200199854472,16.6905440435275));
#7064=CARTESIAN_POINT('',(17.0948966740717,4.85248985177205,16.6936921250265));
#7065=CARTESIAN_POINT('',(17.0969411428269,4.8850248248171,16.6962201336474));
#7066=CARTESIAN_POINT('',(17.0984754867706,4.91789215394745,16.6981164947867));
#7067=CARTESIAN_POINT('',(17.0993480535033,4.94565535331402,16.6991946057247));
#7068=CARTESIAN_POINT('',(17.099783087353,4.96806016384911,16.6997320451504));
#7069=CARTESIAN_POINT('',(17.0999647531454,4.98487448100059,16.6999564605133));
#7070=CARTESIAN_POINT('',(17.1000000026969,4.9952397664799,16.7000000024731));
#7071=CARTESIAN_POINT('',(17.1,5.,16.700000000033));
#7072=CARTESIAN_POINT('',(18.,2.2,13.3834192463004));
#7073=CARTESIAN_POINT('',(18.,2.2,13.3834192463004));
#7074=VECTOR('',#7075,1.);
#7075=DIRECTION('',(0.,-1.9238879748575E-16,1.));
#7076=CARTESIAN_POINT('',(18.,5.00000000000227,11.7668384925725));
#7077=CARTESIAN_POINT('',(18.,5.00000000000227,11.7668384925725));
#7078=VECTOR('',#7079,1.);
#7079=DIRECTION('',(0.,-0.866025403785028,0.499999999998978));
#7080=CARTESIAN_POINT('',(18.,7.800000000001,13.3834192463055));
#7081=CARTESIAN_POINT('',(18.,7.800000000001,13.3834192463055));
#7082=VECTOR('',#7083,1.);
#7083=DIRECTION('',(0.,-0.86602540378407,-0.500000000000639));
#7084=CARTESIAN_POINT('',(18.,7.8000000000003,18.));
#7085=VECTOR('',#7086,1.);
#7086=DIRECTION('',(0.,1.51987150013911E-13,-1.));
#7087=CARTESIAN_POINT('',(21.,7.800000000001,13.3834192463055));
#7088=CARTESIAN_POINT('',(21.,7.8000000000003,18.));
#7089=VECTOR('',#7090,1.);
#7090=DIRECTION('',(0.,1.51987150013911E-13,-1.));
#7091=CARTESIAN_POINT('',(21.,5.00000000000227,11.7668384925725));
#7092=CARTESIAN_POINT('',(21.,7.800000000001,13.3834192463055));
#7093=VECTOR('',#7094,1.);
#7094=DIRECTION('',(0.,-0.86602540378407,-0.500000000000639));
#7095=CARTESIAN_POINT('',(21.,2.2,13.3834192463004));
#7096=CARTESIAN_POINT('',(21.,5.00000000000227,11.7668384925725));
#7097=VECTOR('',#7098,1.);
#7098=DIRECTION('',(0.,-0.866025403785028,0.499999999998978));
#7099=CARTESIAN_POINT('',(21.,2.2,13.3834192463004));
#7100=VECTOR('',#7101,1.);
#7101=DIRECTION('',(0.,-1.9238879748575E-16,1.));
#7102=CARTESIAN_POINT('',(18.,7.800000000001,13.3834192463055));
#7103=VECTOR('',#7104,1.);
#7104=DIRECTION('',(1.,0.,0.));
#7105=CARTESIAN_POINT('',(18.,2.2,13.3834192463004));
#7106=VECTOR('',#7107,1.);
#7107=DIRECTION('',(1.,0.,0.));
#7108=CARTESIAN_POINT('',(24.,2.75189589660051E-16,9.));
#7109=CARTESIAN_POINT('',(23.,5.9861337408167E-16,7.99999999999999));
#7110=AXIS2_PLACEMENT_3D('',#7111,#7112,#7113);
#7111=CARTESIAN_POINT('',(23.,6.74174720167633E-16,9.));
#7112=DIRECTION('',(-2.17540971751503E-32,-1.,-1.22464679914735E-16));
#7113=DIRECTION('',(5.36279899682964E-64,1.22464679914735E-16,-1.));
#7114=CARTESIAN_POINT('',(24.,-6.09858714620988E-16,17.));
#7115=CARTESIAN_POINT('',(24.,4.88481408896338E-16,9.));
#7116=VECTOR('',#7117,1.);
#7117=DIRECTION('',(0.,-1.31882896069878E-16,1.));
#7118=AXIS2_PLACEMENT_3D('',#7119,#7120,#7121);
#7119=CARTESIAN_POINT('',(23.,-3.0554271915025E-16,17.));
#7120=DIRECTION('',(-2.17540971751503E-32,-1.,-1.22464679914735E-16));
#7121=DIRECTION('',(1.,-2.17540971751503E-32,2.14877910163962E-47));
#7122=CARTESIAN_POINT('',(10.7965056402417,1.06878313322622E-15,17.3333333333333));
#7123=AXIS2_PLACEMENT_3D('',#7124,#7125,#7126);
#7124=CARTESIAN_POINT('',(11.7393146818237,-3.05542719150249E-16,17.));
#7125=DIRECTION('',(-2.17540971751503E-32,-1.,-1.22464679914735E-16));
#7126=DIRECTION('',(1.77635683940025E-15,-1.22464679914735E-16,1.));
#7127=CARTESIAN_POINT('',(3.25403330758517,9.90438646507934E-16,12.));
#7128=AXIS2_PLACEMENT_3D('',#7129,#7130,#7131);
#7129=CARTESIAN_POINT('',(3.25403330758517,-6.72936758894456E-16,20.));
#7130=DIRECTION('',(2.46519032881566E-32,1.,1.22464679914735E-16));
#7131=DIRECTION('',(0.942809041582063,4.08215599715784E-17,-0.333333333333334));
#7132=CARTESIAN_POINT('',(-8.,3.98319700041184E-16,12.));
#7133=CARTESIAN_POINT('',(-8.,1.53390340211713E-16,12.));
#7134=VECTOR('',#7135,1.);
#7135=DIRECTION('',(1.,-4.38098992856923E-33,-1.57841796878546E-16));
#7136=CARTESIAN_POINT('',(-14.,7.11074594948605E-16,6.));
#7137=AXIS2_PLACEMENT_3D('',#7138,#7139,#7140);
#7138=CARTESIAN_POINT('',(-8.,1.04156875991184E-15,6.00000000000001));
#7139=DIRECTION('',(-2.17540971751503E-32,-1.,-1.22464679914735E-16));
#7140=DIRECTION('',(2.96059473233375E-16,-1.22464679914735E-16,1.));
#7141=CARTESIAN_POINT('',(1.49277040419956E-15,9.71466784926565E-16,6.));
#7142=CARTESIAN_POINT('',(-14.,9.48099459931473E-16,6.));
#7143=VECTOR('',#7144,1.);
#7144=DIRECTION('',(1.,0.,-1.90323947078598E-16));
#7145=CARTESIAN_POINT('',(9.,6.94379173274559E-16,6.));
#7146=CARTESIAN_POINT('',(1.10218211923262E-15,1.04156875991184E-15,6.));
#7147=VECTOR('',#7148,1.);
#7148=DIRECTION('',(1.,0.,-1.97372982155583E-16));
#7149=CARTESIAN_POINT('',(8.65685424955689,2.65546466694123E-16,8.));
#7150=AXIS2_PLACEMENT_3D('',#7151,#7152,#7153);
#7151=CARTESIAN_POINT('',(3.,1.04156875991184E-15,6.));
#7152=DIRECTION('',(-2.17540971751503E-32,-1.,-1.22464679914735E-16));
#7153=DIRECTION('',(1.,5.07595600753506E-32,-5.9211894646675E-16));
#7154=CARTESIAN_POINT('',(8.65685424962141,3.98319700041184E-16,8.));
#7155=VECTOR('',#7156,1.);
#7156=DIRECTION('',(1.,0.,-1.85770632570616E-16));
#7157=CARTESIAN_POINT('',(0.6,3.5527136788005E-15,8.));
#7158=AXIS2_PLACEMENT_3D('',#7159,#7160,#7161);
#7159=CARTESIAN_POINT('',(-1.,7.96639400082368E-16,8.));
#7160=DIRECTION('',(2.17540971751502E-32,1.,1.22464679914735E-16));
#7161=DIRECTION('',(1.,-2.17540971751503E-32,2.46519032881566E-32));
#7162=CARTESIAN_POINT('',(24.,1.95737355747484E-15,-9.));
#7163=AXIS2_PLACEMENT_3D('',#7164,#7165,#7166);
#7164=CARTESIAN_POINT('',(24.,9.0264442348385E-48,-4.40872847693047E-15));
#7165=DIRECTION('',(-1.,0.,1.83697019872103E-16));
#7166=DIRECTION('',(1.83697019872103E-16,0.,1.));
#7167=CARTESIAN_POINT('',(24.,2.22044604925031E-16,-12.));
#7168=CARTESIAN_POINT('',(24.,1.66131408424147E-15,-9.));
#7169=VECTOR('',#7170,1.);
#7170=DIRECTION('',(-2.368475785867E-15,6.12323399573676E-17,-1.));
#7171=CARTESIAN_POINT('',(24.,11.,-12.));
#7172=CARTESIAN_POINT('',(24.,-8.60575532968378E-32,-12.));
#7173=VECTOR('',#7174,1.);
#7174=DIRECTION('',(0.,1.,0.));
#7175=CARTESIAN_POINT('',(24.,11.,17.));
#7176=CARTESIAN_POINT('',(24.,11.,-12.));
#7177=VECTOR('',#7178,1.);
#7178=DIRECTION('',(3.675221047035E-16,0.,1.));
#7179=CARTESIAN_POINT('',(24.,6.81383571475809,17.));
#7180=CARTESIAN_POINT('',(24.,6.81383571475809,17.));
#7181=VECTOR('',#7182,1.);
#7182=DIRECTION('',(0.,1.,0.));
#7183=CARTESIAN_POINT('',(24.,5.,12.300000000033));
#7184=AXIS2_PLACEMENT_3D('',#7185,#7186,#7187);
#7185=CARTESIAN_POINT('',(24.,5.,15.000000000033));
#7186=DIRECTION('',(-1.,0.,1.83697019872103E-16));
#7187=DIRECTION('',(1.36071866569683E-16,0.67179100546596,0.740740740728518));
#7188=CARTESIAN_POINT('',(24.,3.18616428524191,17.));
#7189=AXIS2_PLACEMENT_3D('',#7190,#7191,#7192);
#7190=CARTESIAN_POINT('',(24.,5.,15.000000000033));
#7191=DIRECTION('',(-1.,0.,1.83697019872103E-16));
#7192=DIRECTION('',(-1.83697019872103E-16,0.,-1.));
#7193=CARTESIAN_POINT('',(24.,-6.66133814775094E-16,17.));
#7194=VECTOR('',#7195,1.);
#7195=DIRECTION('',(0.,1.,0.));
#7196=CARTESIAN_POINT('',(24.,8.,-6.40000000000001));
#7197=AXIS2_PLACEMENT_3D('',#7198,#7199,#7200);
#7198=CARTESIAN_POINT('',(24.,8.,-8.00000000000001));
#7199=DIRECTION('',(1.,0.,-1.83697019872103E-16));
#7200=DIRECTION('',(1.83697019872103E-16,0.,1.));
#7201=CARTESIAN_POINT('',(24.,8.,9.59999999999999));
#7202=AXIS2_PLACEMENT_3D('',#7203,#7204,#7205);
#7203=CARTESIAN_POINT('',(24.,8.,7.99999999999999));
#7204=DIRECTION('',(1.,0.,-1.83697019872103E-16));
#7205=DIRECTION('',(1.83697019872103E-16,0.,1.));
#7206=AXIS2_PLACEMENT_3D('',#7207,#7208,#7209);
#7207=CARTESIAN_POINT('',(23.,11.,17.));
#7208=DIRECTION('',(2.6295363507367E-32,1.,1.48029736616688E-16));
#7209=DIRECTION('',(-3.8924957342356E-48,-1.48029736616688E-16,1.));
#7210=CARTESIAN_POINT('',(-8.,11.,-12.));
#7211=CARTESIAN_POINT('',(-8.00000000000001,11.,-12.));
#7212=VECTOR('',#7213,1.);
#7213=DIRECTION('',(1.,-5.55111512312578E-17,-2.22044604925031E-16));
#7214=CARTESIAN_POINT('',(-14.,11.,-6.));
#7215=AXIS2_PLACEMENT_3D('',#7216,#7217,#7218);
#7216=CARTESIAN_POINT('',(-8.,11.,-5.99999999999999));
#7217=DIRECTION('',(2.6295363507367E-32,1.,1.48029736616688E-16));
#7218=DIRECTION('',(-2.96059473233375E-16,1.48029736616688E-16,-1.));
#7219=CARTESIAN_POINT('',(-14.,11.,6.));
#7220=CARTESIAN_POINT('',(-14.,11.,-6.));
#7221=VECTOR('',#7222,1.);
#7222=DIRECTION('',(2.96059473233375E-16,0.,1.));
#7223=CARTESIAN_POINT('',(-8.,11.,12.));
#7224=AXIS2_PLACEMENT_3D('',#7225,#7226,#7227);
#7225=CARTESIAN_POINT('',(-8.,11.,6.00000000000001));
#7226=DIRECTION('',(2.6295363507367E-32,1.,1.48029736616688E-16));
#7227=DIRECTION('',(-1.,1.57772181044202E-31,-8.88178419700125E-16));
#7228=CARTESIAN_POINT('',(3.25403330758517,11.,12.));
#7229=CARTESIAN_POINT('',(-8.,11.,12.));
#7230=VECTOR('',#7231,1.);
#7231=DIRECTION('',(1.,0.,-1.57841796878546E-16));
#7232=CARTESIAN_POINT('',(10.7965056402417,11.,17.3333333333333));
#7233=AXIS2_PLACEMENT_3D('',#7234,#7235,#7236);
#7234=CARTESIAN_POINT('',(3.25403330758517,11.,20.));
#7235=DIRECTION('',(-3.08148791101958E-32,-1.,-1.48029736616688E-16));
#7236=DIRECTION('',(4.44089209850063E-16,1.48029736616688E-16,-1.));
#7237=AXIS2_PLACEMENT_3D('',#7238,#7239,#7240);
#7238=CARTESIAN_POINT('',(11.7393146818237,11.,17.));
#7239=DIRECTION('',(2.6295363507367E-32,1.,1.48029736616688E-16));
#7240=DIRECTION('',(-0.942809041582065,-4.93432455388951E-17,0.333333333333329));
#7241=CARTESIAN_POINT('',(0.645448267181571,11.,-10.8500000000077));
#7242=CARTESIAN_POINT('',(2.2908965343807,11.,-8.00000000002133));
#7243=CARTESIAN_POINT('',(0.645448267181571,11.,-10.8500000000077));
#7244=VECTOR('',#7245,1.);
#7245=DIRECTION('',(0.500000000003769,0.,0.866025403782263));
#7246=CARTESIAN_POINT('',(0.645448267192512,11.,-5.14999999998179));
#7247=CARTESIAN_POINT('',(2.2908965343807,11.,-8.00000000002133));
#7248=VECTOR('',#7249,1.);
#7249=DIRECTION('',(-0.499999999994287,-5.39778999681183E-16,0.866025403787737));
#7250=CARTESIAN_POINT('',(-2.64544826719249,11.,-5.14999999998763));
#7251=CARTESIAN_POINT('',(0.645448267192512,11.,-5.14999999998179));
#7252=VECTOR('',#7253,1.);
#7253=DIRECTION('',(-1.,0.,-1.77425357196768E-12));
#7254=CARTESIAN_POINT('',(-4.29089653437552,11.,-8.00000000000346));
#7255=CARTESIAN_POINT('',(-2.64544826719249,11.,-5.14999999998763));
#7256=VECTOR('',#7257,1.);
#7257=DIRECTION('',(-0.499999999996231,0.,-0.866025403786615));
#7258=CARTESIAN_POINT('',(-2.64544826719131,11.,-10.8500000000077));
#7259=CARTESIAN_POINT('',(-4.29089653437552,11.,-8.00000000000346));
#7260=VECTOR('',#7261,1.);
#7261=DIRECTION('',(0.499999999998017,0.,-0.866025403785583));
#7262=CARTESIAN_POINT('',(-2.64544826719131,11.,-10.8500000000077));
#7263=VECTOR('',#7264,1.);
#7264=DIRECTION('',(1.,0.,0.));
#7265=CARTESIAN_POINT('',(2.2908965343807,11.,8.00000000002133));
#7266=CARTESIAN_POINT('',(0.645448267181571,11.,10.8500000000077));
#7267=CARTESIAN_POINT('',(0.645448267181571,11.,10.8500000000077));
#7268=VECTOR('',#7269,1.);
#7269=DIRECTION('',(0.500000000003769,5.39778999687829E-16,-0.866025403782263));
#7270=CARTESIAN_POINT('',(-2.64544826719131,11.,10.8500000000077));
#7271=CARTESIAN_POINT('',(-2.64544826719131,11.,10.8500000000077));
#7272=VECTOR('',#7273,1.);
#7273=DIRECTION('',(1.,0.,0.));
#7274=CARTESIAN_POINT('',(-4.29089653437552,11.,8.00000000000346));
#7275=CARTESIAN_POINT('',(-4.29089653437552,11.,8.00000000000346));
#7276=VECTOR('',#7277,1.);
#7277=DIRECTION('',(0.499999999998017,-5.39778999686516E-16,0.866025403785584));
#7278=CARTESIAN_POINT('',(-2.64544826719249,11.,5.14999999998763));
#7279=CARTESIAN_POINT('',(-2.64544826719249,11.,5.14999999998763));
#7280=VECTOR('',#7281,1.);
#7281=DIRECTION('',(-0.49999999999623,0.,0.866025403786615));
#7282=CARTESIAN_POINT('',(0.645448267192512,11.,5.14999999998179));
#7283=CARTESIAN_POINT('',(0.645448267192512,11.,5.14999999998179));
#7284=VECTOR('',#7285,1.);
#7285=DIRECTION('',(-1.,0.,1.77425357196768E-12));
#7286=CARTESIAN_POINT('',(2.2908965343807,11.,8.00000000002133));
#7287=VECTOR('',#7288,1.);
#7288=DIRECTION('',(-0.499999999994288,0.,-0.866025403787737));
#7289=CARTESIAN_POINT('',(19.,11.,3.03478768495527));
#7290=CARTESIAN_POINT('',(22.,11.,3.03478768495527));
#7291=CARTESIAN_POINT('',(22.,11.,3.03478768495527));
#7292=VECTOR('',#7293,1.);
#7293=DIRECTION('',(-1.,0.,0.));
#7294=CARTESIAN_POINT('',(22.,11.,9.50111069989302));
#7295=CARTESIAN_POINT('',(22.,11.,9.50111069989302));
#7296=VECTOR('',#7297,1.);
#7297=DIRECTION('',(0.,2.74708955197059E-16,-1.));
#7298=CARTESIAN_POINT('',(19.,11.,9.50111069989302));
#7299=CARTESIAN_POINT('',(19.,11.,9.50111069989302));
#7300=VECTOR('',#7301,1.);
#7301=DIRECTION('',(1.,-5.9211894646675E-16,5.9211894646675E-16));
#7302=CARTESIAN_POINT('',(19.,11.,9.50111069989302));
#7303=VECTOR('',#7304,1.);
#7304=DIRECTION('',(0.,2.74708955197059E-16,-1.));
#7305=CARTESIAN_POINT('',(19.,11.,-9.50111069989303));
#7306=CARTESIAN_POINT('',(22.,11.,-9.50111069989303));
#7307=CARTESIAN_POINT('',(22.,11.,-9.50111069989303));
#7308=VECTOR('',#7309,1.);
#7309=DIRECTION('',(-1.,0.,0.));
#7310=CARTESIAN_POINT('',(22.,11.,-3.03478768495528));
#7311=CARTESIAN_POINT('',(22.,11.,-3.03478768495528));
#7312=VECTOR('',#7313,1.);
#7313=DIRECTION('',(0.,2.7470895519706E-16,-1.));
#7314=CARTESIAN_POINT('',(19.,11.,-3.03478768495528));
#7315=CARTESIAN_POINT('',(19.,11.,-3.03478768495528));
#7316=VECTOR('',#7317,1.);
#7317=DIRECTION('',(1.,0.,-1.48029736616688E-16));
#7318=CARTESIAN_POINT('',(19.,11.,-3.03478768495528));
#7319=VECTOR('',#7320,1.);
#7320=DIRECTION('',(0.,2.7470895519706E-16,-1.));
#7321=CARTESIAN_POINT('',(17.1,5.,8.66025403784439));
#7322=CARTESIAN_POINT('',(17.1,5.,8.66025403784438));
#7323=CARTESIAN_POINT('',(17.0999992509579,4.95775354600765,8.70787339777981));
#7324=CARTESIAN_POINT('',(17.0974554245133,4.87208824770732,8.80129735354006));
#7325=CARTESIAN_POINT('',(17.0852635033297,4.73983411971599,8.93586666566328));
#7326=CARTESIAN_POINT('',(17.0635306915892,4.60152630584952,9.06673120825896));
#7327=CARTESIAN_POINT('',(17.0294617336245,4.45228292294131,9.1971062470924));
#7328=CARTESIAN_POINT('',(16.978491817361,4.28827591965547,9.32778294313334));
#7329=CARTESIAN_POINT('',(16.9067499139615,4.11260544321605,9.45357303637199));
#7330=CARTESIAN_POINT('',(16.813649804092,3.93475832912515,9.56638445514379));
#7331=CARTESIAN_POINT('',(16.7042485163107,3.76783640941544,9.65935873230113));
#7332=CARTESIAN_POINT('',(16.5881170574532,3.62216265153265,9.73078659831705));
#7333=CARTESIAN_POINT('',(16.4674107352038,3.49459929437195,9.78627900096016));
#7334=CARTESIAN_POINT('',(16.339570753854,3.37959810197048,9.83077308637685));
#7335=CARTESIAN_POINT('',(16.1919456620874,3.26748316042567,9.86912341957359));
#7336=CARTESIAN_POINT('',(16.0198148663421,3.16007478160687,9.90113115810094));
#7337=CARTESIAN_POINT('',(15.816245676139,3.06025092998831,9.92673861339703));
#7338=CARTESIAN_POINT('',(15.5873183066554,2.97857838435988,9.94467198013796));
#7339=CARTESIAN_POINT('',(15.3407334922855,2.92263537551624,9.95542531202685));
#7340=CARTESIAN_POINT('',(15.0875124275692,2.89665947345256,9.9600017985092));
#7341=CARTESIAN_POINT('',(14.832457025983,2.90152660519439,9.95916413078194));
#7342=CARTESIAN_POINT('',(14.580711099957,2.9370699460413,9.95276845952251));
#7343=CARTESIAN_POINT('',(14.3382092435409,3.00183409903754,9.93983857709446));
#7344=CARTESIAN_POINT('',(14.1171491022776,3.08994405761945,9.91954316094238));
#7345=CARTESIAN_POINT('',(13.9277398140738,3.19072891357254,9.89241084397419));
#7346=CARTESIAN_POINT('',(13.776378795123,3.29066962375069,9.86142147929959));
#7347=CARTESIAN_POINT('',(13.6549730203338,3.38527340994164,9.82840028186509));
#7348=CARTESIAN_POINT('',(13.5548010388839,3.47456980513002,9.79402162289124));
#7349=CARTESIAN_POINT('',(13.4633080529393,3.56680159132846,9.75518098027937));
#7350=CARTESIAN_POINT('',(13.3745110843494,3.66798817910783,9.7086761147464));
#7351=CARTESIAN_POINT('',(13.2820713966378,3.78857195921352,9.64787957210319));
#7352=CARTESIAN_POINT('',(13.1869643308678,3.93484607784881,9.565930577252));
#7353=CARTESIAN_POINT('',(13.0983812743829,4.10192839154467,9.46064025430603));
#7354=CARTESIAN_POINT('',(13.0263250410388,4.27497132648545,9.33779573761147));
#7355=CARTESIAN_POINT('',(12.9707125632455,4.44982017888832,9.19959856796648));
#7356=CARTESIAN_POINT('',(12.9316773114892,4.62233916246843,9.04862210084384));
#7357=CARTESIAN_POINT('',(12.9081523690466,4.79205897574174,8.88473197546109));
#7358=CARTESIAN_POINT('',(12.8991660657826,4.94336030269166,8.72509856113783));
#7359=CARTESIAN_POINT('',(12.900325680151,5.08764608290712,8.56108874376382));
#7360=CARTESIAN_POINT('',(12.9108355696177,5.23037219325383,8.38695951507178));
#7361=CARTESIAN_POINT('',(12.9332464165551,5.38300995170169,8.18583854276814));
#7362=CARTESIAN_POINT('',(12.9666293950669,5.53206695568705,7.97346553201373));
#7363=CARTESIAN_POINT('',(13.0134929327676,5.68768302117122,7.73453675149795));
#7364=CARTESIAN_POINT('',(13.0791746833183,5.85641904876015,7.45374607978767));
#7365=CARTESIAN_POINT('',(13.1722554293156,6.04184776631435,7.11431320544913));
#7366=CARTESIAN_POINT('',(13.2897989768696,6.22536515903342,6.74116412952732));
#7367=CARTESIAN_POINT('',(13.4230778711502,6.39198082404654,6.36499055453264));
#7368=CARTESIAN_POINT('',(13.5623827604328,6.53478755802691,6.00973401882187));
#7369=CARTESIAN_POINT('',(13.7018742879538,6.65384642290763,5.68602761717144));
#7370=CARTESIAN_POINT('',(13.8382018857133,6.75176946244421,5.39771252145301));
#7371=CARTESIAN_POINT('',(13.9684656768323,6.83112563033222,5.14712267817088));
#7372=CARTESIAN_POINT('',(14.0918184963633,6.89500759108722,4.9326329898434));
#7373=CARTESIAN_POINT('',(14.2049657779391,6.94484348372621,4.75627268209352));
#7374=CARTESIAN_POINT('',(14.3079528826476,6.98356471924459,4.61327692950876));
#7375=CARTESIAN_POINT('',(14.4027174917483,7.01404126091565,4.49677119953527));
#7376=CARTESIAN_POINT('',(14.497751737515,7.03985274382256,4.39512828483848));
#7377=CARTESIAN_POINT('',(14.5936938277948,7.06113015876949,4.30905285011732));
#7378=CARTESIAN_POINT('',(14.6914085824424,7.0779589619987,4.23942915776589));
#7379=CARTESIAN_POINT('',(14.7854106218957,7.08970211595767,4.19000366338684));
#7380=CARTESIAN_POINT('',(14.8759990389488,7.0969414092591,4.15918505830243));
#7381=CARTESIAN_POINT('',(14.9630815735387,7.10025904734667,4.14497256472543));
#7382=CARTESIAN_POINT('',(15.0507278603201,7.1000078365064,4.14605063769636));
#7383=CARTESIAN_POINT('',(15.1424977891873,7.09586676873619,4.16378041486725));
#7384=CARTESIAN_POINT('',(15.2391761508905,7.08713062853079,4.20089893304007));
#7385=CARTESIAN_POINT('',(15.3391703911135,7.07327049843598,4.25898448124546));
#7386=CARTESIAN_POINT('',(15.4406509316115,7.05412639982224,4.33765017921619));
#7387=CARTESIAN_POINT('',(15.5428917161333,7.02953968670052,4.43617040180869));
#7388=CARTESIAN_POINT('',(15.6470980703283,6.99883303554284,4.55552678527864));
#7389=CARTESIAN_POINT('',(15.7552536796092,6.96068019190062,4.69860138727916));
#7390=CARTESIAN_POINT('',(15.8675474214714,6.9138007908311,4.86708790653277));
#7391=CARTESIAN_POINT('',(15.9856536940924,6.85597799181114,5.06497405791792));
#7392=CARTESIAN_POINT('',(16.1079224513705,6.78597986796393,5.29146156624827));
#7393=CARTESIAN_POINT('',(16.2380122741492,6.69889957094686,5.55582829021937));
#7394=CARTESIAN_POINT('',(16.3718940438593,6.5933455015587,5.85371857176297));
#7395=CARTESIAN_POINT('',(16.5041367799927,6.46932897279096,6.17591696209853));
#7396=CARTESIAN_POINT('',(16.6247054919541,6.33454688871973,6.49719138061326));
#7397=CARTESIAN_POINT('',(16.7301414810656,6.19432026491377,6.80440137230372));
#7398=CARTESIAN_POINT('',(16.8243335133782,6.04514636841417,7.10569485070442));
#7399=CARTESIAN_POINT('',(16.9063583527458,5.88711602234298,7.39894665917192));
#7400=CARTESIAN_POINT('',(16.9735632103083,5.72441699606375,7.67540268240997));
#7401=CARTESIAN_POINT('',(17.0210044569962,5.57651699866311,7.90668901825523));
#7402=CARTESIAN_POINT('',(17.0541866228161,5.44227246801021,8.10240246880358));
#7403=CARTESIAN_POINT('',(17.0764467617814,5.32162102134869,8.26765013283599));
#7404=CARTESIAN_POINT('',(17.0910116112745,5.20446330873938,8.41847744580198));
#7405=CARTESIAN_POINT('',(17.0975772315442,5.1115990223995,8.53144507776221));
#7406=CARTESIAN_POINT('',(17.0997069389189,5.04447653839623,8.60975847041194));
#7407=CARTESIAN_POINT('',(17.1000002292909,5.01293215221539,8.64567717392118));
#7408=CARTESIAN_POINT('',(17.1,5.,8.66025403784438));
#7409=CARTESIAN_POINT('',(15.4500492214366,7.05120835077383,9.28833008439556));
#7410=CARTESIAN_POINT('',(15.4500492214366,7.05120835077383,9.28833008439556));
#7411=CARTESIAN_POINT('',(15.3911940166178,7.06412102270219,9.2978412280052));
#7412=CARTESIAN_POINT('',(15.2810809895392,7.08337468322768,9.31149033393218));
#7413=CARTESIAN_POINT('',(15.1301057840009,7.09744842263146,9.32114359028685));
#7414=CARTESIAN_POINT('',(15.0319115259891,7.10020825250838,9.32301736101006));
#7415=CARTESIAN_POINT('',(14.9336004189692,7.09968770085034,9.32266300357644));
#7416=CARTESIAN_POINT('',(14.8188205560037,7.09423585301181,9.31896387447999));
#7417=CARTESIAN_POINT('',(14.6577189365725,7.07413076089089,9.30503577229143));
#7418=CARTESIAN_POINT('',(14.4984105808286,7.04131069774249,9.28127665915325));
#7419=CARTESIAN_POINT('',(14.3484111404696,6.99827264793883,9.24809947211715));
#7420=CARTESIAN_POINT('',(14.2004451245362,6.9439860700621,9.20286619482237));
#7421=CARTESIAN_POINT('',(14.058160412891,6.87920454195783,9.14331632851548));
#7422=CARTESIAN_POINT('',(13.9259144764049,6.80639601951665,9.0673784629203));
#7423=CARTESIAN_POINT('',(13.8205542751759,6.73871114711349,8.98630491647233));
#7424=CARTESIAN_POINT('',(13.7358260737599,6.67768956037068,8.90257832742681));
#7425=CARTESIAN_POINT('',(13.6661484769223,6.62274058201855,8.81665778369996));
#7426=CARTESIAN_POINT('',(13.6043031198322,6.56971824551464,8.72016067870156));
#7427=CARTESIAN_POINT('',(13.5517365149513,6.5211739534694,8.61460859020202));
#7428=CARTESIAN_POINT('',(13.5093490647868,6.47948945236041,8.50284658142853));
#7429=CARTESIAN_POINT('',(13.4766762901901,6.44569296609366,8.38613851335231));
#7430=CARTESIAN_POINT('',(13.4530434227776,6.42027689754659,8.26420023833197));
#7431=CARTESIAN_POINT('',(13.4385209985893,6.40422420631698,8.13793617482879));
#7432=CARTESIAN_POINT('',(13.4348705218392,6.40013199577661,8.04893181308055));
#7433=CARTESIAN_POINT('',(13.4346542173858,6.39989021333113,7.96493590049901));
#7434=CARTESIAN_POINT('',(13.4372190541154,6.40276478484682,7.88466711848923));
#7435=CARTESIAN_POINT('',(13.4484334714376,6.41520453005223,7.77007394917376));
#7436=CARTESIAN_POINT('',(13.4683057996391,6.43677559051759,7.65173689714533));
#7437=CARTESIAN_POINT('',(13.4998752555386,6.46991951226999,7.52539455783451));
#7438=CARTESIAN_POINT('',(13.5498831444856,6.51972000208515,7.38605205980165));
#7439=CARTESIAN_POINT('',(13.6204278037634,6.58455110854023,7.24882550092481));
#7440=CARTESIAN_POINT('',(13.7075417938029,6.65649718534151,7.12791255153562));
#7441=CARTESIAN_POINT('',(13.8000512108822,6.72465334747132,7.03187855084916));
#7442=CARTESIAN_POINT('',(13.8978588443897,6.7888113127675,6.95311344041575));
#7443=CARTESIAN_POINT('',(14.0053366563149,6.85103403188639,6.88531378168749));
#7444=CARTESIAN_POINT('',(14.1273641598664,6.91188320873185,6.82604142026197));
#7445=CARTESIAN_POINT('',(14.2638362208514,6.96870329318378,6.77605104903471));
#7446=CARTESIAN_POINT('',(14.4118419535583,7.01807298603769,6.73632156363194));
#7447=CARTESIAN_POINT('',(14.5700152184392,7.05773012942237,6.70666964303021));
#7448=CARTESIAN_POINT('',(14.7352055205551,7.08554073564664,6.68699796139555));
#7449=CARTESIAN_POINT('',(14.8796829516445,7.09799372770435,6.67848881771903));
#7450=CARTESIAN_POINT('',(14.9937640544722,7.10057600823579,6.67673244447794));
#7451=CARTESIAN_POINT('',(15.107749393308,7.09850415094405,6.67814242577884));
#7452=CARTESIAN_POINT('',(15.2462868549673,7.08781335278487,6.68543005355409));
#7453=CARTESIAN_POINT('',(15.4136257941777,7.0611646007547,6.70418692965739));
#7454=CARTESIAN_POINT('',(15.5746140891904,7.02206092819456,6.73323481592371));
#7455=CARTESIAN_POINT('',(15.7254717574229,6.9727082425174,6.77269713998689));
#7456=CARTESIAN_POINT('',(15.8620552686112,6.91664968478201,6.82167806295133));
#7457=CARTESIAN_POINT('',(15.984774495613,6.85631467378866,6.87994010254906));
#7458=CARTESIAN_POINT('',(16.0929336195458,6.79449758192685,6.94655829894969));
#7459=CARTESIAN_POINT('',(16.1874636770588,6.73310588715875,7.02113236558059));
#7460=CARTESIAN_POINT('',(16.2688134857985,6.6742410235437,7.10232446092314));
#7461=CARTESIAN_POINT('',(16.3396902192221,6.61792241194016,7.19145416503539));
#7462=CARTESIAN_POINT('',(16.4006796858462,6.56524862128267,7.2887981235743));
#7463=CARTESIAN_POINT('',(16.4514102755368,6.51813021558035,7.39297991388942));
#7464=CARTESIAN_POINT('',(16.4917513564549,6.47834756070517,7.50104223002931));
#7465=CARTESIAN_POINT('',(16.5229112377449,6.44611323205619,7.61271938154878));
#7466=CARTESIAN_POINT('',(16.5456712813658,6.42167080676773,7.72856260413317));
#7467=CARTESIAN_POINT('',(16.5601229573171,6.40573330393908,7.84777107289483));
#7468=CARTESIAN_POINT('',(16.5648001879052,6.40049993907825,7.93883081723639));
#7469=CARTESIAN_POINT('',(16.5655106572565,6.39970587601477,8.01924296656314));
#7470=CARTESIAN_POINT('',(16.5634814999045,6.40197667268002,8.10053497278775));
#7471=CARTESIAN_POINT('',(16.5541527830961,6.41235797039814,8.21029041394044));
#7472=CARTESIAN_POINT('',(16.5360002635243,6.43214552942967,8.3258715208891));
#7473=CARTESIAN_POINT('',(16.5086518294611,6.46104930586626,8.44345255288247));
#7474=CARTESIAN_POINT('',(16.4664374139892,6.50378659487358,8.57339211371053));
#7475=CARTESIAN_POINT('',(16.4018393703693,6.56480479668678,8.71328651373068));
#7476=CARTESIAN_POINT('',(16.3169626369584,6.63716767219558,8.84211628449686));
#7477=CARTESIAN_POINT('',(16.2255132321116,6.70650425854116,8.94376471358071));
#7478=CARTESIAN_POINT('',(16.133906103351,6.76863130268974,9.02296117600515));
#7479=CARTESIAN_POINT('',(16.0385956606233,6.82641677214121,9.08861056000135));
#7480=CARTESIAN_POINT('',(15.933549046695,6.88241437656435,9.14582738364022));
#7481=CARTESIAN_POINT('',(15.8205681765895,6.93441669522855,9.194142788009));
#7482=CARTESIAN_POINT('',(15.7016882180637,6.98069839543224,9.23371598994907));
#7483=CARTESIAN_POINT('',(15.5780159389297,7.02029612343599,9.26525287617982));
#7484=CARTESIAN_POINT('',(15.493027541768,7.04177902413771,9.28138468376307));
#7485=CARTESIAN_POINT('',(15.4500492214366,7.05120835077383,9.28833008439556));
#7486=CARTESIAN_POINT('',(18.,5.00000000000227,11.7668384925725));
#7487=VECTOR('',#7488,1.);
#7488=DIRECTION('',(1.,0.,0.));
#7489=CARTESIAN_POINT('',(3.25403330758517,11.,12.));
#7490=VECTOR('',#7491,1.);
#7491=DIRECTION('',(0.,-1.,0.));
#7492=CARTESIAN_POINT('',(-8.,11.,12.));
#7493=VECTOR('',#7494,1.);
#7494=DIRECTION('',(0.,-1.,0.));
#7495=CARTESIAN_POINT('',(-14.,11.,6.));
#7496=VECTOR('',#7497,1.);
#7497=DIRECTION('',(0.,-1.,-8.07434927000114E-17));
#7498=CARTESIAN_POINT('',(-14.,4.99999999995715,3.49999999983799));
#7499=AXIS2_PLACEMENT_3D('',#7500,#7501,#7502);
#7500=CARTESIAN_POINT('',(-14.,8.54630159951108E-16,-0.249999999671282));
#7501=DIRECTION('',(-1.,0.,1.83697019872103E-16));
#7502=DIRECTION('',(1.83697019872103E-16,0.,1.));
#7503=CARTESIAN_POINT('',(1.32566906444859E-16,4.99999999995715,3.49999999983798));
#7504=CARTESIAN_POINT('',(-14.,4.99999999995715,3.49999999983799));
#7505=VECTOR('',#7506,1.);
#7506=DIRECTION('',(1.,0.,-1.90323947078598E-16));
#7507=AXIS2_PLACEMENT_3D('',#7508,#7509,#7510);
#7508=CARTESIAN_POINT('',(-4.59242549076417E-17,8.54630159951108E-16,-0.249999999671285));
#7509=DIRECTION('',(-1.,0.,1.83697019872103E-16));
#7510=DIRECTION('',(1.83697019872103E-16,3.60639089458861E-16,1.));
#7511=CARTESIAN_POINT('',(1.10218211923262E-15,5.,6.));
#7512=CARTESIAN_POINT('',(1.10218211923262E-15,5.,6.));
#7513=VECTOR('',#7514,1.);
#7514=DIRECTION('',(-7.88860905221012E-32,-1.,-1.77635683940025E-16));
#7515=CARTESIAN_POINT('',(9.,5.,6.));
#7516=CARTESIAN_POINT('',(1.10218211923262E-15,5.,6.));
#7517=VECTOR('',#7518,1.);
#7518=DIRECTION('',(1.,0.,-1.97372982155583E-16));
#7519=CARTESIAN_POINT('',(9.,5.20784379955919E-16,6.));
#7520=VECTOR('',#7521,1.);
#7521=DIRECTION('',(0.,1.,1.77635683940025E-16));
#7522=CARTESIAN_POINT('',(9.,5.29150262212917,6.));
#7523=CARTESIAN_POINT('',(8.65685424955689,4.51322211741925E-48,8.));
#7524=CARTESIAN_POINT('',(8.65685342954095,0.0601947537809869,8.00000011469906));
#7525=CARTESIAN_POINT('',(8.65733373625094,0.180154851632911,7.99864560065419));
#7526=CARTESIAN_POINT('',(8.65947124676894,0.359432232184683,7.99258810988439));
#7527=CARTESIAN_POINT('',(8.66298861547512,0.537612519507448,7.98257733623514));
#7528=CARTESIAN_POINT('',(8.66785310666956,0.715093518687663,7.9686377380332));
#7529=CARTESIAN_POINT('',(8.67405833291001,0.892828363208956,7.95069464189945));
#7530=CARTESIAN_POINT('',(8.68160984286143,1.07149948132818,7.92860749486079));
#7531=CARTESIAN_POINT('',(8.69051444994396,1.25158402684928,7.90219540078905));
#7532=CARTESIAN_POINT('',(8.70070842300987,1.43233077870889,7.87144952522414));
#7533=CARTESIAN_POINT('',(8.71252217720703,1.61974004900177,7.835116448499));
#7534=CARTESIAN_POINT('',(8.7264377484305,1.81960365880706,7.79130518891383));
#7535=CARTESIAN_POINT('',(8.74503901333637,2.06333427611483,7.73097689864391));
#7536=CARTESIAN_POINT('',(8.76843072791751,2.34193765072302,7.65178832428422));
#7537=CARTESIAN_POINT('',(8.7961712670801,2.64628038789287,7.55189060516296));
#7538=CARTESIAN_POINT('',(8.82170483157716,2.91145493707233,7.4529887776842));
#7539=CARTESIAN_POINT('',(8.84352734869264,3.13250704529365,7.36211525476536));
#7540=CARTESIAN_POINT('',(8.86059324389073,3.30393480951632,7.28658076522334));
#7541=CARTESIAN_POINT('',(8.87590557814942,3.45792045916467,7.21466615996004));
#7542=CARTESIAN_POINT('',(8.89035588226422,3.60442497903349,7.1426235069806));
#7543=CARTESIAN_POINT('',(8.90492804505364,3.7545462955936,7.06494516773895));
#7544=CARTESIAN_POINT('',(8.92130048502914,3.9277385482205,6.97050536898378));
#7545=CARTESIAN_POINT('',(8.93842091491137,4.11748412295118,6.86042455313571));
#7546=CARTESIAN_POINT('',(8.9550267189458,4.31662865538224,6.7367845422791));
#7547=CARTESIAN_POINT('',(8.96749610728127,4.48324523619257,6.62659793899224));
#7548=CARTESIAN_POINT('',(8.97630910405644,4.61591537618777,6.53444526657159));
#7549=CARTESIAN_POINT('',(8.9820759637419,4.71262147939757,6.46491579748358));
#7550=CARTESIAN_POINT('',(8.98654270989427,4.79629872616769,6.40301536868071));
#7551=CARTESIAN_POINT('',(8.99008937794995,4.87113863254793,6.34624685744968));
#7552=CARTESIAN_POINT('',(8.99301889121708,4.94221438784974,6.29103026207913));
#7553=CARTESIAN_POINT('',(8.99533798932067,5.00851664822341,6.23835098639033));
#7554=CARTESIAN_POINT('',(8.99713599687243,5.07110449643459,6.18756313903464));
#7555=CARTESIAN_POINT('',(8.99845748263658,5.1299534727115,6.13884760057566));
#7556=CARTESIAN_POINT('',(8.99936286445496,5.18611597058291,6.09146237871471));
#7557=CARTESIAN_POINT('',(8.99988489045935,5.23961199463132,6.04550011062574));
#7558=CARTESIAN_POINT('',(8.99999999416506,5.27444403347813,6.01504426455286));
#7559=CARTESIAN_POINT('',(9.,5.29150262213718,5.99999999999294));
#7560=CARTESIAN_POINT('',(9.,5.29150262212917,6.));
#7561=VECTOR('',#7562,1.);
#7562=DIRECTION('',(0.,-1.,0.));
#7563=CARTESIAN_POINT('',(23.,7.27159827853599E-16,-8.));
#7564=AXIS2_PLACEMENT_3D('',#7565,#7566,#7567);
#7565=CARTESIAN_POINT('',(23.,9.0264442348385E-48,-4.22503145705837E-15));
#7566=DIRECTION('',(-1.,0.,1.83697019872103E-16));
#7567=DIRECTION('',(1.83697019872103E-16,3.05311331771918E-16,1.));
#7568=CARTESIAN_POINT('',(9.,5.29150262212918,-6.));
#7569=AXIS2_PLACEMENT_3D('',#7570,#7571,#7572);
#7570=CARTESIAN_POINT('',(9.,9.0264442348385E-48,-1.65327317884893E-15));
#7571=DIRECTION('',(-1.,0.,1.83697019872103E-16));
#7572=DIRECTION('',(1.37772764904077E-16,0.661437827766147,0.75));
#7573=CARTESIAN_POINT('',(8.65685424949675,1.245263906012E-15,-8.));
#7574=CARTESIAN_POINT('',(9.,5.29150262212918,-6.));
#7575=CARTESIAN_POINT('',(9.00000000656362,5.27978010922358,-6.01033829791181));
#7576=CARTESIAN_POINT('',(8.99994635197847,5.25616659953335,-6.0310408202422));
#7577=CARTESIAN_POINT('',(8.99970597725825,5.22038333295319,-6.06204186735242));
#7578=CARTESIAN_POINT('',(8.99930384024007,5.18404111147471,-6.09315093383165));
#7579=CARTESIAN_POINT('',(8.99873850294754,5.14714982778584,-6.12434778607188));
#7580=CARTESIAN_POINT('',(8.99792125817981,5.10522307468497,-6.15936826901083));
#7581=CARTESIAN_POINT('',(8.9966691316467,5.05364976363622,-6.2018182420835));
#7582=CARTESIAN_POINT('',(8.99479129202827,4.99164005495713,-6.25188022762386));
#7583=CARTESIAN_POINT('',(8.9924403066845,4.92761733779202,-6.30243764876049));
#7584=CARTESIAN_POINT('',(8.99001459360228,4.87031127405327,-6.34676923956318));
#7585=CARTESIAN_POINT('',(8.98768022626336,4.8202730546001,-6.38483321553613));
#7586=CARTESIAN_POINT('',(8.98499181148393,4.76688467612633,-6.42483627365428));
#7587=CARTESIAN_POINT('',(8.9816263086309,4.70534686470752,-6.47009513102225));
#7588=CARTESIAN_POINT('',(8.97743883587486,4.63502174804228,-6.52067141371527));
#7589=CARTESIAN_POINT('',(8.97310744092103,4.56757066395746,-6.56806362734466));
#7590=CARTESIAN_POINT('',(8.96870794328601,4.50303347070995,-6.61244707631008));
#7591=CARTESIAN_POINT('',(8.96426290730274,4.44089138553265,-6.65435561563471));
#7592=CARTESIAN_POINT('',(8.95937521695902,4.37558163043266,-6.69749458007795));
#7593=CARTESIAN_POINT('',(8.95329829163023,4.29771642867354,-6.74781191611857));
#7594=CARTESIAN_POINT('',(8.94590360197874,4.20720095993439,-6.80472180519598));
#7595=CARTESIAN_POINT('',(8.93698955620252,4.10302654731774,-6.86806442895425));
#7596=CARTESIAN_POINT('',(8.92805744611149,4.00270957225043,-6.92694957166977));
#7597=CARTESIAN_POINT('',(8.91923320704574,3.9065022070397,-6.981601779979));
#7598=CARTESIAN_POINT('',(8.91053602685662,3.81378481267568,-7.03270694981907));
#7599=CARTESIAN_POINT('',(8.90120319205814,3.71619576575977,-7.08478522468405));
#7600=CARTESIAN_POINT('',(8.89068238323942,3.60790829218102,-7.14061395651267));
#7601=CARTESIAN_POINT('',(8.87855414260836,3.48467929831607,-7.20169458660846));
#7602=CARTESIAN_POINT('',(8.86227605516022,3.32077474258955,-7.27917286808312));
#7603=CARTESIAN_POINT('',(8.84228948760659,3.12020535190244,-7.3678385447105));
#7604=CARTESIAN_POINT('',(8.81924814193691,2.88626350256361,-7.46265713849046));
#7605=CARTESIAN_POINT('',(8.79843081214765,2.66893590223488,-7.54276096750852));
#7606=CARTESIAN_POINT('',(8.78063289606394,2.4759244244826,-7.60790112454953));
#7607=CARTESIAN_POINT('',(8.76636241330291,2.31508509264181,-7.65826491599785));
#7608=CARTESIAN_POINT('',(8.75345354434754,2.16328400142904,-7.70246597589511));
#7609=CARTESIAN_POINT('',(8.74155438516325,2.01662308604059,-7.74214870418867));
#7610=CARTESIAN_POINT('',(8.730331814464,1.87067029808939,-7.7786913491388));
#7611=CARTESIAN_POINT('',(8.7198824098137,1.72626877786362,-7.81199173785566));
#7612=CARTESIAN_POINT('',(8.71021353895349,1.58323573443626,-7.84221701661197));
#7613=CARTESIAN_POINT('',(8.70138547878545,1.44228810573777,-7.86934380731926));
#7614=CARTESIAN_POINT('',(8.693383530861,1.30314780873105,-7.89356148848836));
#7615=CARTESIAN_POINT('',(8.68623050981316,1.16631157800831,-7.91492318997991));
#7616=CARTESIAN_POINT('',(8.67987419861466,1.03090230565957,-7.93368622393062));
#7617=CARTESIAN_POINT('',(8.67432088839771,0.897137234107506,-7.9499144109656));
#7618=CARTESIAN_POINT('',(8.66955314080766,0.764754263641126,-7.96372762592892));
#7619=CARTESIAN_POINT('',(8.66558168796849,0.634482973511081,-7.97515145573664));
#7620=CARTESIAN_POINT('',(8.66237208095478,0.505883272939563,-7.98433025244393));
#7621=CARTESIAN_POINT('',(8.65990218262382,0.378807925767232,-7.99136148209354));
#7622=CARTESIAN_POINT('',(8.65814415719759,0.25238950533543,-7.99634919725241));
#7623=CARTESIAN_POINT('',(8.65708930792285,0.126247908152797,-7.99933558861008));
#7624=CARTESIAN_POINT('',(8.65685404745338,0.0421089212701966,-8.00000003649324));
#7625=CARTESIAN_POINT('',(8.65685424949675,4.89858719658941E-16,-8.));
#7626=CARTESIAN_POINT('',(9.4,1.86789585901801E-15,-8.));
#7627=CARTESIAN_POINT('',(8.65685424950112,1.86789585901801E-15,-8.));
#7628=VECTOR('',#7629,1.);
#7629=DIRECTION('',(1.,0.,0.));
#7630=CARTESIAN_POINT('',(9.4,7.,-3.87298334620742));
#7631=AXIS2_PLACEMENT_3D('',#7632,#7633,#7634);
#7632=CARTESIAN_POINT('',(9.4,0.,-1.55431223447522E-15));
#7633=DIRECTION('',(-1.,-2.56123670526302E-32,1.61486985400023E-16));
#7634=DIRECTION('',(-7.81795506354412E-17,0.875,-0.484122918275928));
#7635=CARTESIAN_POINT('',(17.6,7.,-3.87298334620742));
#7636=CARTESIAN_POINT('',(9.40000000009031,7.,-3.87298334620742));
#7637=VECTOR('',#7638,1.);
#7638=DIRECTION('',(1.,1.08314441428256E-16,-1.08314441428256E-16));
#7639=CARTESIAN_POINT('',(17.6,1.86789585901801E-15,-8.));
#7640=AXIS2_PLACEMENT_3D('',#7641,#7642,#7643);
#7641=CARTESIAN_POINT('',(17.6,0.,-3.21964677141295E-15));
#7642=DIRECTION('',(-1.,-5.12247341052605E-32,3.22973970800046E-16));
#7643=DIRECTION('',(-1.56359101270882E-16,0.875,-0.484122918275927));
#7644=CARTESIAN_POINT('',(17.6,1.86789585901801E-15,-8.));
#7645=VECTOR('',#7646,1.);
#7646=DIRECTION('',(1.,0.,0.));
#7647=CARTESIAN_POINT('',(19.1,4.,6.92820323027551));
#7648=CARTESIAN_POINT('',(19.1,4.,6.92820323027551));
#7649=CARTESIAN_POINT('',(19.0999909224491,3.92181040658169,6.97334092605447));
#7650=CARTESIAN_POINT('',(19.0930605665196,3.7636691669976,7.06113863347714));
#7651=CARTESIAN_POINT('',(19.0607051808846,3.52685132307493,7.18219665355634));
#7652=CARTESIAN_POINT('',(19.007566744949,3.29447305110862,7.29159160985688));
#7653=CARTESIAN_POINT('',(18.9321253288203,3.06009115635768,7.39309953356461));
#7654=CARTESIAN_POINT('',(18.8255717740018,2.80919251296872,7.49228862986771));
#7655=CARTESIAN_POINT('',(18.6814292681401,2.54576821497404,7.58591897341728));
#7656=CARTESIAN_POINT('',(18.5060319030482,2.29160265083127,7.66616213579055));
#7657=CARTESIAN_POINT('',(18.3243834215426,2.07534996506866,7.72696581508024));
#7658=CARTESIAN_POINT('',(18.158890028336,1.90617758333491,7.77006714390492));
#7659=CARTESIAN_POINT('',(18.0127851323106,1.77337143451237,7.80128478519788));
#7660=CARTESIAN_POINT('',(17.8787380507806,1.66299401915223,7.82547268424521));
#7661=CARTESIAN_POINT('',(17.7478039580843,1.5642648897157,7.84577572480292));
#7662=CARTESIAN_POINT('',(17.6100251583382,1.46899896307313,7.86416877026652));
#7663=CARTESIAN_POINT('',(17.4567382683303,1.37239074672212,7.88161010235241));
#7664=CARTESIAN_POINT('',(17.2846518783141,1.27450957204492,7.89803620476661));
#7665=CARTESIAN_POINT('',(17.0743579429734,1.16807097334069,7.91452634791574));
#7666=CARTESIAN_POINT('',(16.8038454673919,1.05014504838022,7.93110638720965));
#7667=CARTESIAN_POINT('',(16.4446870060538,0.92372123789276,7.94683050531044));
#7668=CARTESIAN_POINT('',(16.0008124462827,0.810725424014797,7.95901783529037));
#7669=CARTESIAN_POINT('',(15.4912482735313,0.73425536015041,7.96628007393153));
#7670=CARTESIAN_POINT('',(14.9629450107442,0.710934668421852,7.9683376055167));
#7671=CARTESIAN_POINT('',(14.4586113743272,0.741019901794453,7.96566099954172));
#7672=CARTESIAN_POINT('',(14.0279474356574,0.808139899716261,7.95920936957867));
#7673=CARTESIAN_POINT('',(13.6889593143839,0.889026890481649,7.95058426033214));
#7674=CARTESIAN_POINT('',(13.4240268110881,0.969746217422635,7.9411363751601));
#7675=CARTESIAN_POINT('',(13.1975514034244,1.05184624600218,7.93070380634806));
#7676=CARTESIAN_POINT('',(12.9880675345972,1.14002701298629,7.91853655221847));
#7677=CARTESIAN_POINT('',(12.801352588104,1.22985617356037,7.90507243451476));
#7678=CARTESIAN_POINT('',(12.6427718447033,1.31511109042475,7.89130370854417));
#7679=CARTESIAN_POINT('',(12.5000648741454,1.39903300515531,7.87687438027848));
#7680=CARTESIAN_POINT('',(12.3601607121144,1.48884817241515,7.86044103493151));
#7681=CARTESIAN_POINT('',(12.215359335377,1.59082861945511,7.84049011165999));
#7682=CARTESIAN_POINT('',(12.0620887704869,1.70978755921119,7.81551875345367));
#7683=CARTESIAN_POINT('',(11.8936991073866,1.85559737988052,7.78241745751185));
#7684=CARTESIAN_POINT('',(11.7044392963712,2.04271582269778,7.73584169083231));
#7685=CARTESIAN_POINT('',(11.5085935291465,2.27193836839851,7.67211344964708));
#7686=CARTESIAN_POINT('',(11.3261339474097,2.53347248226741,7.5900405366014));
#7687=CARTESIAN_POINT('',(11.1775338547107,2.80204535041044,7.49508121123602));
#7688=CARTESIAN_POINT('',(11.0665586397608,3.06242982260028,7.39229656466883));
#7689=CARTESIAN_POINT('',(10.9887069984293,3.30724576835144,7.2859131922485));
#7690=CARTESIAN_POINT('',(10.9366041862097,3.5422505081518,7.17459274627555));
#7691=CARTESIAN_POINT('',(10.9062507158061,3.7744744353523,7.05524662561892));
#7692=CARTESIAN_POINT('',(10.8965608188137,4.00826074008094,6.92517456932252));
#7693=CARTESIAN_POINT('',(10.9076962472698,4.24287219859475,6.7840857839569));
#7694=CARTESIAN_POINT('',(10.941540743111,4.4880949691187,6.62475753730516));
#7695=CARTESIAN_POINT('',(11.0020369984871,4.74366385647306,6.44461586684139));
#7696=CARTESIAN_POINT('',(11.0931536336762,5.00781919803635,6.24182171269986));
#7697=CARTESIAN_POINT('',(11.2168390139646,5.27541248958141,6.01766894671194));
#7698=CARTESIAN_POINT('',(11.3755515962663,5.54322213753234,5.77222225686391));
#7699=CARTESIAN_POINT('',(11.5722784914043,5.80883421819551,5.5051037424645));
#7700=CARTESIAN_POINT('',(11.8024671891285,6.06103109340746,5.22597411310248));
#7701=CARTESIAN_POINT('',(12.0574221609721,6.29064751029375,4.94656213314287));
#7702=CARTESIAN_POINT('',(12.3238011109205,6.49031356956777,4.68073694985022));
#7703=CARTESIAN_POINT('',(12.5924449527254,6.65930923530325,4.43615555065767));
#7704=CARTESIAN_POINT('',(12.8541194517403,6.79831825118102,4.21920639448966));
#7705=CARTESIAN_POINT('',(13.1031051336875,6.91053054935886,4.03207732623951));
#7706=CARTESIAN_POINT('',(13.3353972608129,6.99963557923125,3.87479015699823));
#7707=CARTESIAN_POINT('',(13.5544073167458,7.07113407171683,3.74235438217303));
#7708=CARTESIAN_POINT('',(13.7651253774528,7.12932286940423,3.63004684760565));
#7709=CARTESIAN_POINT('',(13.97519065558,7.17748178720111,3.53369433919042));
#7710=CARTESIAN_POINT('',(14.1855553768957,7.2161701345128,3.45383099147413));
#7711=CARTESIAN_POINT('',(14.3917494454264,7.2450786938482,3.39262201085551));
#7712=CARTESIAN_POINT('',(14.5873956734711,7.26451492169978,3.3507064071486));
#7713=CARTESIAN_POINT('',(14.7726865526696,7.27600687736452,3.32563273381358));
#7714=CARTESIAN_POINT('',(14.9523069275943,7.28081090877106,3.31508453498891));
#7715=CARTESIAN_POINT('',(15.1299720680556,7.2793626729143,3.31826869813901));
#7716=CARTESIAN_POINT('',(15.3070229854186,7.27180383707896,3.33482681449445));
#7717=CARTESIAN_POINT('',(15.4849817737874,7.25803679730071,3.3647339454969));
#7718=CARTESIAN_POINT('',(15.6709822197089,7.23699976441598,3.40983267375076));
#7719=CARTESIAN_POINT('',(15.8672321253762,7.20722016585821,3.47248083967419));
#7720=CARTESIAN_POINT('',(16.0759084184994,7.16670077396441,3.55555769645978));
#7721=CARTESIAN_POINT('',(16.2927461338302,7.11454495205003,3.65905812641527));
#7722=CARTESIAN_POINT('',(16.5167084767308,7.04939522007043,3.78334947569538));
#7723=CARTESIAN_POINT('',(16.747080308516,6.96970469669436,3.92859505599678));
#7724=CARTESIAN_POINT('',(16.9834849644312,6.87340126024953,4.09518409575324));
#7725=CARTESIAN_POINT('',(17.2280669024748,6.75677280222649,4.28543977040035));
#7726=CARTESIAN_POINT('',(17.4809277043043,6.61560903278795,4.50103367056773));
#7727=CARTESIAN_POINT('',(17.7413986383381,6.44439755236479,4.74375973659465));
#7728=CARTESIAN_POINT('',(17.9941839052102,6.24694607252684,5.0013976694896));
#7729=CARTESIAN_POINT('',(18.2306746261558,6.02642860799259,5.26517372813712));
#7730=CARTESIAN_POINT('',(18.4418949679321,5.79031440477279,5.52400368614435));
#7731=CARTESIAN_POINT('',(18.6262536089218,5.53965987392392,5.77530272555637));
#7732=CARTESIAN_POINT('',(18.7741946680192,5.29061649766248,6.00376123831807));
#7733=CARTESIAN_POINT('',(18.8834263012461,5.06006420498797,6.19849780226188));
#7734=CARTESIAN_POINT('',(18.9611175253486,4.85413075237989,6.3605529043343));
#7735=CARTESIAN_POINT('',(19.017041373434,4.66548716278849,6.50004122324956));
#7736=CARTESIAN_POINT('',(19.0571597696314,4.4842502469376,6.6262329367419));
#7737=CARTESIAN_POINT('',(19.0832065217937,4.31178967626526,6.7395395927931));
#7738=CARTESIAN_POINT('',(19.0970711113617,4.15210297489048,6.83890657910479));
#7739=CARTESIAN_POINT('',(19.1000057514624,4.04954029084271,6.89960435312191));
#7740=CARTESIAN_POINT('',(19.1,4.,6.92820323027551));
#7741=CARTESIAN_POINT('',(0.6,8.,8.));
#7742=AXIS2_PLACEMENT_3D('',#7743,#7744,#7745);
#7743=CARTESIAN_POINT('',(-1.,8.,8.));
#7744=DIRECTION('',(2.6295363507367E-32,1.,1.48029736616688E-16));
#7745=DIRECTION('',(1.,-2.6295363507367E-32,0.));
#7746=AXIS2_PLACEMENT_3D('',#7747,#7748,#7749);
#7747=CARTESIAN_POINT('',(23.,2.87853895863287E-15,-9.));
#7748=DIRECTION('',(-2.17540971751503E-32,-1.,-1.22464679914735E-16));
#7749=DIRECTION('',(1.,1.95786874576352E-31,-1.77635683940025E-15));
#7750=CARTESIAN_POINT('',(17.6,1.94755979902624E-15,-12.));
#7751=CARTESIAN_POINT('',(17.6,3.38346300966557E-15,-12.));
#7752=VECTOR('',#7753,1.);
#7753=DIRECTION('',(8.88178419700125E-16,-2.51556287035966E-16,1.));
#7754=CARTESIAN_POINT('',(17.6,1.94755979902624E-15,-12.));
#7755=VECTOR('',#7756,1.);
#7756=DIRECTION('',(1.,-5.07177030996418E-17,0.));
#7757=CARTESIAN_POINT('',(9.4,7.,-12.));
#7758=CARTESIAN_POINT('',(9.4,2.36344496444331E-15,-12.));
#7759=CARTESIAN_POINT('',(9.4,5.27939357901012E-17,-12.));
#7760=VECTOR('',#7761,1.);
#7761=DIRECTION('',(0.,1.,2.53765262771464E-16));
#7762=CARTESIAN_POINT('',(-8.,-5.00579926848993E-16,-12.));
#7763=CARTESIAN_POINT('',(-8.,3.24593299837707E-15,-12.));
#7764=VECTOR('',#7765,1.);
#7765=DIRECTION('',(1.,-5.07177030996418E-17,-2.041789470575E-16));
#7766=CARTESIAN_POINT('',(-8.00000000000001,-2.81792559931209E-15,-12.));
#7767=VECTOR('',#7768,1.);
#7768=DIRECTION('',(0.,1.,0.));
#7769=CARTESIAN_POINT('',(17.6,7.,-12.));
#7770=CARTESIAN_POINT('',(17.6,7.,-12.));
#7771=VECTOR('',#7772,1.);
#7772=DIRECTION('',(0.,-1.,-2.53765262771464E-16));
#7773=CARTESIAN_POINT('',(9.4,7.,-12.));
#7774=VECTOR('',#7775,1.);
#7775=DIRECTION('',(1.,3.24943324280534E-16,-2.16628882853689E-16));
#7776=CARTESIAN_POINT('',(22.,8.,9.59999999999999));
#7777=AXIS2_PLACEMENT_3D('',#7778,#7779,#7780);
#7778=CARTESIAN_POINT('',(22.,8.,7.99999999999999));
#7779=DIRECTION('',(1.,0.,-1.83697019872103E-16));
#7780=DIRECTION('',(1.83697019872103E-16,0.,1.));
#7781=CARTESIAN_POINT('',(22.,8.,-6.40000000000001));
#7782=AXIS2_PLACEMENT_3D('',#7783,#7784,#7785);
#7783=CARTESIAN_POINT('',(22.,8.,-8.00000000000001));
#7784=DIRECTION('',(1.,0.,-1.83697019872103E-16));
#7785=DIRECTION('',(1.83697019872103E-16,0.,1.));
#7786=CARTESIAN_POINT('',(-14.,7.84103448392832E-11,-6.));
#7787=CARTESIAN_POINT('',(-14.,-4.07349805875642E-15,-6.));
#7788=VECTOR('',#7789,1.);
#7789=DIRECTION('',(0.,1.,1.61486985400023E-16));
#7790=AXIS2_PLACEMENT_3D('',#7791,#7792,#7793);
#7791=CARTESIAN_POINT('',(-8.,2.51114491888866E-15,-6.));
#7792=DIRECTION('',(-2.17540971751503E-32,-1.,-1.22464679914735E-16));
#7793=DIRECTION('',(-1.,-1.45027314501002E-32,2.96059473233375E-16));
#7794=CARTESIAN_POINT('',(-14.,5.00000000000457,-3.50000000005356));
#7795=AXIS2_PLACEMENT_3D('',#7796,#7797,#7798);
#7796=CARTESIAN_POINT('',(-14.,2.0909686889017E-10,0.249999999671286));
#7797=DIRECTION('',(-1.,0.,1.83697019872103E-16));
#7798=DIRECTION('',(-1.10218211920792E-16,0.800000000010083,-0.599999999986557));
#7799=CARTESIAN_POINT('',(-14.,5.,3.49999999978086));
#7800=VECTOR('',#7801,1.);
#7801=DIRECTION('',(0.,-1.26882631388623E-16,-1.));
#7802=CARTESIAN_POINT('',(19.,8.,-11.2331615074619));
#7803=CARTESIAN_POINT('',(19.,8.,-11.2331615074619));
#7804=VECTOR('',#7805,1.);
#7805=DIRECTION('',(1.02558009940457E-15,0.866025403784439,0.5));
#7806=CARTESIAN_POINT('',(22.,8.,-11.2331615074619));
#7807=CARTESIAN_POINT('',(19.,8.,-11.2331615074619));
#7808=VECTOR('',#7809,1.);
#7809=DIRECTION('',(1.,0.,0.));
#7810=CARTESIAN_POINT('',(22.,8.,-11.2331615074619));
#7811=VECTOR('',#7812,1.);
#7812=DIRECTION('',(1.02558009940457E-15,0.866025403784439,0.5));
#7813=CARTESIAN_POINT('',(22.,5.2,-9.61658075373096));
#7814=CARTESIAN_POINT('',(22.,5.2,-9.61658075373096));
#7815=VECTOR('',#7816,1.);
#7816=DIRECTION('',(-1.09883582079061E-15,0.866025403784439,-0.5));
#7817=CARTESIAN_POINT('',(22.,5.2,-6.38341924626906));
#7818=CARTESIAN_POINT('',(22.,5.2,-6.38341924626906));
#7819=VECTOR('',#7820,1.);
#7820=DIRECTION('',(0.,0.,-1.));
#7821=CARTESIAN_POINT('',(22.,11.,-3.03478768495528));
#7822=VECTOR('',#7823,1.);
#7823=DIRECTION('',(0.,-0.866025403783537,-0.500000000001561));
#7824=CARTESIAN_POINT('',(19.,5.2,-6.38341924626905));
#7825=CARTESIAN_POINT('',(19.,5.2,-6.38341924626905));
#7826=VECTOR('',#7827,1.);
#7827=DIRECTION('',(1.,0.,0.));
#7828=CARTESIAN_POINT('',(19.,11.,-3.03478768495528));
#7829=VECTOR('',#7830,1.);
#7830=DIRECTION('',(0.,-0.866025403783537,-0.500000000001562));
#7831=CARTESIAN_POINT('',(19.,5.2,-9.61658075373096));
#7832=CARTESIAN_POINT('',(19.,5.2,-6.38341924626905));
#7833=VECTOR('',#7834,1.);
#7834=DIRECTION('',(0.,0.,-1.));
#7835=CARTESIAN_POINT('',(19.,5.2,-9.61658075373096));
#7836=VECTOR('',#7837,1.);
#7837=DIRECTION('',(-1.09883582079061E-15,0.866025403784439,-0.5));
#7838=CARTESIAN_POINT('',(19.,8.,-6.40000000000001));
#7839=AXIS2_PLACEMENT_3D('',#7840,#7841,#7842);
#7840=CARTESIAN_POINT('',(19.,8.,-8.00000000000001));
#7841=DIRECTION('',(1.,0.,-1.83697019872103E-16));
#7842=DIRECTION('',(1.83697019872103E-16,0.,1.));
#7843=CARTESIAN_POINT('',(19.,5.2,6.38341924626904));
#7844=CARTESIAN_POINT('',(19.,5.2,6.38341924626904));
#7845=VECTOR('',#7846,1.);
#7846=DIRECTION('',(0.,0.866025403783537,-0.500000000001562));
#7847=CARTESIAN_POINT('',(22.,5.2,6.38341924626904));
#7848=CARTESIAN_POINT('',(19.,5.2,6.38341924626904));
#7849=VECTOR('',#7850,1.);
#7850=DIRECTION('',(1.,0.,-5.9211894646675E-16));
#7851=CARTESIAN_POINT('',(22.,5.2,6.38341924626904));
#7852=VECTOR('',#7853,1.);
#7853=DIRECTION('',(0.,0.866025403783537,-0.500000000001562));
#7854=CARTESIAN_POINT('',(22.,5.2,9.61658075373095));
#7855=CARTESIAN_POINT('',(22.,5.2,9.61658075373095));
#7856=VECTOR('',#7857,1.);
#7857=DIRECTION('',(0.,0.,-1.));
#7858=CARTESIAN_POINT('',(22.,8.00000000000001,11.2331615074619));
#7859=CARTESIAN_POINT('',(22.,8.00000000000001,11.2331615074619));
#7860=VECTOR('',#7861,1.);
#7861=DIRECTION('',(-1.09883582079061E-15,-0.866025403784439,-0.5));
#7862=CARTESIAN_POINT('',(22.,11.,9.50111069989302));
#7863=VECTOR('',#7864,1.);
#7864=DIRECTION('',(1.02558009940457E-15,-0.866025403784438,0.5));
#7865=CARTESIAN_POINT('',(19.,8.00000000000001,11.2331615074619));
#7866=CARTESIAN_POINT('',(19.,8.,11.2331615074619));
#7867=VECTOR('',#7868,1.);
#7868=DIRECTION('',(1.,5.9211894646675E-16,-5.9211894646675E-16));
#7869=CARTESIAN_POINT('',(19.,11.,9.50111069989302));
#7870=VECTOR('',#7871,1.);
#7871=DIRECTION('',(1.02558009940457E-15,-0.866025403784438,0.5));
#7872=CARTESIAN_POINT('',(19.,5.2,9.61658075373095));
#7873=CARTESIAN_POINT('',(19.,8.00000000000001,11.2331615074619));
#7874=VECTOR('',#7875,1.);
#7875=DIRECTION('',(-1.09883582079061E-15,-0.866025403784439,-0.5));
#7876=CARTESIAN_POINT('',(19.,5.2,9.61658075373095));
#7877=VECTOR('',#7878,1.);
#7878=DIRECTION('',(0.,0.,-1.));
#7879=CARTESIAN_POINT('',(19.,8.,9.59999999999999));
#7880=AXIS2_PLACEMENT_3D('',#7881,#7882,#7883);
#7881=CARTESIAN_POINT('',(19.,8.,7.99999999999999));
#7882=DIRECTION('',(1.,0.,-1.83697019872103E-16));
#7883=DIRECTION('',(1.83697019872103E-16,0.,1.));
#7884=CARTESIAN_POINT('',(2.2908965343807,8.,8.00000000002133));
#7885=CARTESIAN_POINT('',(2.2908965343807,8.,8.00000000002133));
#7886=VECTOR('',#7887,1.);
#7887=DIRECTION('',(0.,1.,0.));
#7888=CARTESIAN_POINT('',(0.645448267181571,8.,10.8500000000077));
#7889=CARTESIAN_POINT('',(0.645448267181571,8.,10.8500000000077));
#7890=VECTOR('',#7891,1.);
#7891=DIRECTION('',(0.500000000003769,0.,-0.866025403782263));
#7892=CARTESIAN_POINT('',(0.645448267181571,8.,10.8500000000077));
#7893=VECTOR('',#7894,1.);
#7894=DIRECTION('',(0.,1.,0.));
#7895=CARTESIAN_POINT('',(-2.64544826719131,8.,10.8500000000077));
#7896=CARTESIAN_POINT('',(-2.64544826719131,8.,10.8500000000077));
#7897=VECTOR('',#7898,1.);
#7898=DIRECTION('',(1.,0.,0.));
#7899=CARTESIAN_POINT('',(-2.64544826719131,8.,10.8500000000077));
#7900=VECTOR('',#7901,1.);
#7901=DIRECTION('',(0.,1.,0.));
#7902=CARTESIAN_POINT('',(-4.29089653437552,8.,8.00000000000346));
#7903=CARTESIAN_POINT('',(-4.29089653437552,8.,8.00000000000346));
#7904=VECTOR('',#7905,1.);
#7905=DIRECTION('',(0.499999999998017,0.,0.866025403785584));
#7906=CARTESIAN_POINT('',(-4.29089653437552,8.,8.00000000000346));
#7907=VECTOR('',#7908,1.);
#7908=DIRECTION('',(0.,1.,0.));
#7909=CARTESIAN_POINT('',(-2.64544826719249,8.,5.14999999998763));
#7910=CARTESIAN_POINT('',(-2.64544826719249,8.,5.14999999998763));
#7911=VECTOR('',#7912,1.);
#7912=DIRECTION('',(-0.49999999999623,-5.39778999684973E-16,0.866025403786615));
#7913=CARTESIAN_POINT('',(-2.64544826719249,8.,5.14999999998763));
#7914=VECTOR('',#7915,1.);
#7915=DIRECTION('',(0.,1.,0.));
#7916=CARTESIAN_POINT('',(0.645448267192512,8.,5.14999999998179));
#7917=CARTESIAN_POINT('',(0.645448267192512,8.,5.14999999998179));
#7918=VECTOR('',#7919,1.);
#7919=DIRECTION('',(-1.,0.,1.77425357196768E-12));
#7920=CARTESIAN_POINT('',(0.645448267192512,8.,5.14999999998179));
#7921=VECTOR('',#7922,1.);
#7922=DIRECTION('',(7.40148683083438E-17,1.,5.9211894646675E-16));
#7923=CARTESIAN_POINT('',(2.2908965343807,8.,8.00000000002133));
#7924=VECTOR('',#7925,1.);
#7925=DIRECTION('',(-0.499999999994287,5.39778999681183E-16,-0.866025403787737));
#7926=CARTESIAN_POINT('',(0.645448267181571,8.,-10.8500000000077));
#7927=CARTESIAN_POINT('',(0.645448267181571,8.,-10.8500000000077));
#7928=VECTOR('',#7929,1.);
#7929=DIRECTION('',(0.,1.,0.));
#7930=CARTESIAN_POINT('',(2.2908965343807,8.,-8.00000000002133));
#7931=CARTESIAN_POINT('',(0.645448267181571,8.,-10.8500000000077));
#7932=VECTOR('',#7933,1.);
#7933=DIRECTION('',(0.500000000003769,0.,0.866025403782263));
#7934=CARTESIAN_POINT('',(2.2908965343807,8.,-8.00000000002133));
#7935=VECTOR('',#7936,1.);
#7936=DIRECTION('',(0.,1.,0.));
#7937=CARTESIAN_POINT('',(0.645448267192512,8.,-5.14999999998179));
#7938=CARTESIAN_POINT('',(2.2908965343807,8.,-8.00000000002133));
#7939=VECTOR('',#7940,1.);
#7940=DIRECTION('',(-0.499999999994287,5.39778999681183E-16,0.866025403787737));
#7941=CARTESIAN_POINT('',(0.645448267192512,8.,-5.14999999998179));
#7942=VECTOR('',#7943,1.);
#7943=DIRECTION('',(7.40148683083438E-17,1.,-5.9211894646675E-16));
#7944=CARTESIAN_POINT('',(-2.64544826719249,8.,-5.14999999998763));
#7945=CARTESIAN_POINT('',(0.645448267192512,8.,-5.14999999998179));
#7946=VECTOR('',#7947,1.);
#7947=DIRECTION('',(-1.,0.,-1.77425357196768E-12));
#7948=CARTESIAN_POINT('',(-2.64544826719249,8.,-5.14999999998763));
#7949=VECTOR('',#7950,1.);
#7950=DIRECTION('',(0.,1.,0.));
#7951=CARTESIAN_POINT('',(-4.29089653437552,8.,-8.00000000000346));
#7952=CARTESIAN_POINT('',(-2.64544826719249,8.,-5.14999999998763));
#7953=VECTOR('',#7954,1.);
#7954=DIRECTION('',(-0.49999999999623,-5.39778999684973E-16,-0.866025403786615));
#7955=CARTESIAN_POINT('',(-4.29089653437552,8.,-8.00000000000346));
#7956=VECTOR('',#7957,1.);
#7957=DIRECTION('',(0.,1.,0.));
#7958=CARTESIAN_POINT('',(-2.64544826719131,8.,-10.8500000000077));
#7959=CARTESIAN_POINT('',(-4.29089653437552,8.,-8.00000000000346));
#7960=VECTOR('',#7961,1.);
#7961=DIRECTION('',(0.499999999998017,0.,-0.866025403785584));
#7962=CARTESIAN_POINT('',(-2.64544826719131,8.,-10.8500000000077));
#7963=VECTOR('',#7964,1.);
#7964=DIRECTION('',(0.,1.,0.));
#7965=CARTESIAN_POINT('',(-2.64544826719131,8.,-10.8500000000077));
#7966=VECTOR('',#7967,1.);
#7967=DIRECTION('',(1.,0.,0.));
#7968=CARTESIAN_POINT('',(7.8000000000263,8.,9.6));
#7969=CARTESIAN_POINT('',(7.80000000002262,7.99999999999521,9.59999999998738));
#7970=CARTESIAN_POINT('',(7.79999932772894,7.95964889129448,9.60000038452329));
#7971=CARTESIAN_POINT('',(7.80276233254633,7.8624796451267,9.59631993876407));
#7972=CARTESIAN_POINT('',(7.81782168255159,7.70725799657942,9.57618119829955));
#7973=CARTESIAN_POINT('',(7.8485285438193,7.53533310973133,9.53456049480492));
#7974=CARTESIAN_POINT('',(7.89042198342185,7.37618812501012,9.47648479700485));
#7975=CARTESIAN_POINT('',(7.94003048125815,7.23077801946686,9.40568335795773));
#7976=CARTESIAN_POINT('',(7.99513900960844,7.09771251145143,9.32451912856518));
#7977=CARTESIAN_POINT('',(8.05901847945138,6.96831731420296,9.22671376506232));
#7978=CARTESIAN_POINT('',(8.1383170955385,6.83201350445144,9.09950031760095));
#7979=CARTESIAN_POINT('',(8.23676087299227,6.69144919521374,8.9314799594548));
#7980=CARTESIAN_POINT('',(8.35451491777125,6.5584950868406,8.71184376846452));
#7981=CARTESIAN_POINT('',(8.47299526422161,6.46105405623934,8.46433452527096));
#7982=CARTESIAN_POINT('',(8.57508287463847,6.40995887031095,8.22229167468088));
#7983=CARTESIAN_POINT('',(8.63364576679311,6.39981897987659,8.06580643711795));
#7984=CARTESIAN_POINT('',(8.68108748229245,6.40017378276979,7.93130168756446));
#7985=CARTESIAN_POINT('',(8.72115380242009,6.40789171320473,7.81102023766261));
#7986=CARTESIAN_POINT('',(8.77260897558041,6.43829106807532,7.63904459015221));
#7987=CARTESIAN_POINT('',(8.81546710483928,6.48394438199249,7.47958214998055));
#7988=CARTESIAN_POINT('',(8.85181960785344,6.54499693269381,7.32802081446921));
#7989=CARTESIAN_POINT('',(8.88074224591283,6.61602208951675,7.19265472565215));
#7990=CARTESIAN_POINT('',(8.90323725043162,6.69222234931705,7.0750625862553));
#7991=CARTESIAN_POINT('',(8.92175866110401,6.77508162666292,6.96770245342704));
#7992=CARTESIAN_POINT('',(8.93850417600916,6.8743553780326,6.85930444699339));
#7993=CARTESIAN_POINT('',(8.95396600044253,7.00189583144701,6.74491024188013));
#7994=CARTESIAN_POINT('',(8.96660682566924,7.15726934926774,6.6350534477914));
#7995=CARTESIAN_POINT('',(8.97577187743369,7.3336340953838,6.54078668529787));
#7996=CARTESIAN_POINT('',(8.98174026918221,7.52095659410568,6.46900161669831));
#7997=CARTESIAN_POINT('',(8.9852382205224,7.71624307550766,6.42108281784062));
#7998=CARTESIAN_POINT('',(8.98648615594426,7.87731216604394,6.40247562227492));
#7999=CARTESIAN_POINT('',(8.9867200641364,8.01127498335447,6.39897868262372));
#8000=CARTESIAN_POINT('',(8.98639250192447,8.14511036858676,6.40388785175224));
#8001=CARTESIAN_POINT('',(8.98480096008792,8.3166907222516,6.42737397399609));
#8002=CARTESIAN_POINT('',(8.98093765044599,8.51078590234808,6.47929935275991));
#8003=CARTESIAN_POINT('',(8.97448491448247,8.69676187593746,6.55503112543204));
#8004=CARTESIAN_POINT('',(8.96466100219114,8.87165352900188,6.65330053255875));
#8005=CARTESIAN_POINT('',(8.95054208139577,9.03267623028153,6.7724375066598));
#8006=CARTESIAN_POINT('',(8.93240421985895,9.16790868371339,6.90144365354033));
#8007=CARTESIAN_POINT('',(8.91226724359843,9.2707952082722,7.02444167876956));
#8008=CARTESIAN_POINT('',(8.89263622349458,9.34536892565546,7.1314198098763));
#8009=CARTESIAN_POINT('',(8.8708567062049,9.40993259165142,7.23995690170851));
#8010=CARTESIAN_POINT('',(8.84017066612869,9.47816172661797,7.3790330126865));
#8011=CARTESIAN_POINT('',(8.79637319009553,9.54122587511072,7.55432979760982));
#8012=CARTESIAN_POINT('',(8.74036974723432,9.58441436789868,7.74985990015341));
#8013=CARTESIAN_POINT('',(8.69208712823173,9.59854294536543,7.89903574618966));
#8014=CARTESIAN_POINT('',(8.64575594338385,9.60091048693466,8.03221011481499));
#8015=CARTESIAN_POINT('',(8.58650739957181,9.59317362648427,8.1928224121731));
#8016=CARTESIAN_POINT('',(8.4861606681735,9.5487292058355,8.43601423021257));
#8017=CARTESIAN_POINT('',(8.35527425835497,9.4439583848252,8.71162142318495));
#8018=CARTESIAN_POINT('',(8.22117649701065,9.29024960115006,8.95998102723266));
#8019=CARTESIAN_POINT('',(8.1013962158741,9.1110274758267,9.16068461771787));
#8020=CARTESIAN_POINT('',(8.00393522863181,8.92534113215065,9.31189728495395));
#8021=CARTESIAN_POINT('',(7.92894950051207,8.74237174304116,9.42190398991963));
#8022=CARTESIAN_POINT('',(7.87736570295103,8.57865777081236,9.4947031741335));
#8023=CARTESIAN_POINT('',(7.84258326022254,8.43216501034717,9.54260952312165));
#8024=CARTESIAN_POINT('',(7.81912253463065,8.29599630814656,9.57440815577852));
#8025=CARTESIAN_POINT('',(7.80371220729657,8.15256753488499,9.5950587573731));
#8026=CARTESIAN_POINT('',(7.80000087596451,8.05257408749779,9.59999949896956));
#8027=CARTESIAN_POINT('',(7.80000000002262,7.99999999999521,9.59999999998738));
#8028=CARTESIAN_POINT('',(-1.10218211923262E-15,5.,-6.));
#8029=CARTESIAN_POINT('',(-4.28626379708506E-16,5.00000000000457,-3.50000000005356));
#8030=CARTESIAN_POINT('',(-1.10218211923262E-15,5.,-6.));
#8031=VECTOR('',#8032,1.);
#8032=DIRECTION('',(1.83697019872103E-16,0.,1.));
#8033=CARTESIAN_POINT('',(9.,5.,-6.));
#8034=CARTESIAN_POINT('',(-1.10218211923262E-15,5.,-6.));
#8035=VECTOR('',#8036,1.);
#8036=DIRECTION('',(1.,0.,-1.97372982155583E-16));
#8037=CARTESIAN_POINT('',(9.,5.,6.));
#8038=VECTOR('',#8039,1.);
#8039=DIRECTION('',(-4.44089209850063E-16,7.40148683083438E-17,-1.));
#8040=CARTESIAN_POINT('',(6.42939569512104E-16,5.,3.49999999978085));
#8041=VECTOR('',#8042,1.);
#8042=DIRECTION('',(1.83697019872103E-16,-3.55271367848907E-16,1.));
#8043=CARTESIAN_POINT('',(-14.,5.00000000000457,-3.50000000005356));
#8044=VECTOR('',#8045,1.);
#8045=DIRECTION('',(1.,0.,-1.90323947078598E-16));
#8046=CARTESIAN_POINT('',(9.4,7.,-6.75100040032032));
#8047=CARTESIAN_POINT('',(9.4,7.,-9.24899959967969));
#8048=AXIS2_PLACEMENT_3D('',#8049,#8050,#8051);
#8049=CARTESIAN_POINT('',(9.4,8.,-8.00000000000001));
#8050=DIRECTION('',(1.,2.56123670526302E-32,-1.61486985400023E-16));
#8051=DIRECTION('',(1.26060737573817E-16,-0.625,0.7806247497998));
#8052=CARTESIAN_POINT('',(9.4,7.,-3.87298334620742));
#8053=VECTOR('',#8054,1.);
#8054=DIRECTION('',(-6.17215536253235E-16,0.,-1.));
#8055=CARTESIAN_POINT('',(9.4,2.82132707137177E-15,-8.));
#8056=VECTOR('',#8057,1.);
#8057=DIRECTION('',(0.,1.4053398457345E-16,-1.));
#8058=CARTESIAN_POINT('',(9.4,7.,-9.24899959967969));
#8059=VECTOR('',#8060,1.);
#8060=DIRECTION('',(0.,0.,-1.));
#8061=CARTESIAN_POINT('',(17.6,7.,-6.75100040032033));
#8062=CARTESIAN_POINT('',(9.4,7.,-6.75100040032033));
#8063=VECTOR('',#8064,1.);
#8064=DIRECTION('',(1.,1.08314441426844E-16,-1.08314441426844E-16));
#8065=CARTESIAN_POINT('',(17.6,7.,-3.87298334620742));
#8066=VECTOR('',#8067,1.);
#8067=DIRECTION('',(0.,0.,-1.));
#8068=CARTESIAN_POINT('',(17.6,7.,-9.24899959967968));
#8069=AXIS2_PLACEMENT_3D('',#8070,#8071,#8072);
#8070=CARTESIAN_POINT('',(17.6,8.,-8.00000000000001));
#8071=DIRECTION('',(1.,5.12247341052605E-32,-3.22973970800046E-16));
#8072=DIRECTION('',(2.52121475147633E-16,-0.625,0.7806247497998));
#8073=CARTESIAN_POINT('',(17.6,7.,-9.24899959967968));
#8074=VECTOR('',#8075,1.);
#8075=DIRECTION('',(-1.29142608572025E-15,3.22856521430062E-16,-1.));
#8076=CARTESIAN_POINT('',(9.,5.,-6.));
#8077=VECTOR('',#8078,1.);
#8078=DIRECTION('',(0.,1.,0.));
#8079=CARTESIAN_POINT('',(9.,6.97000464153272E-11,-6.));
#8080=CARTESIAN_POINT('',(9.,5.,-6.));
#8081=VECTOR('',#8082,1.);
#8082=DIRECTION('',(0.,-1.,-3.55271367887479E-16));
#8083=AXIS2_PLACEMENT_3D('',#8084,#8085,#8086);
#8084=CARTESIAN_POINT('',(3.,2.51114491888866E-15,-6.));
#8085=DIRECTION('',(-2.17540971751503E-32,-1.,-1.22464679914735E-16));
#8086=DIRECTION('',(0.942809041582063,4.08215599715785E-17,-0.333333333333334));
#8087=CARTESIAN_POINT('',(-1.27072579927453E-15,1.56823881878078E-10,-6.));
#8088=CARTESIAN_POINT('',(-1.10218211923262E-15,1.04550069622991E-10,-6.));
#8089=VECTOR('',#8090,1.);
#8090=DIRECTION('',(1.,0.,-1.97372982155583E-16));
#8091=CARTESIAN_POINT('',(-14.,1.04550134106754E-10,-6.));
#8092=VECTOR('',#8093,1.);
#8093=DIRECTION('',(1.,0.,-1.26882631385732E-16));
#8094=CARTESIAN_POINT('',(0.6,3.5527136788005E-15,-8.));
#8095=AXIS2_PLACEMENT_3D('',#8096,#8097,#8098);
#8096=CARTESIAN_POINT('',(-1.,2.75607427871813E-15,-8.));
#8097=DIRECTION('',(-2.17540971751503E-32,-1.,-1.22464679914735E-16));
#8098=DIRECTION('',(1.,-2.17540971751503E-32,0.));
#8099=CARTESIAN_POINT('',(9.4,7.,-9.24899959967968));
#8100=VECTOR('',#8101,1.);
#8101=DIRECTION('',(1.,2.16628882853689E-16,0.));
#8102=AXIS2_PLACEMENT_3D('',#8103,#8104,#8105);
#8103=CARTESIAN_POINT('',(4.59242549076416E-17,2.0909686889017E-10,0.249999999671284));
#8104=DIRECTION('',(-1.,0.,1.83697019872103E-16));
#8105=DIRECTION('',(-1.10218211920792E-16,0.800000000010083,-0.599999999986557));
#8106=CARTESIAN_POINT('',(19.,5.2,-9.61658075373096));
#8107=VECTOR('',#8108,1.);
#8108=DIRECTION('',(1.,0.,0.));
#8109=CARTESIAN_POINT('',(8.9866518188383,8.,-6.4));
#8110=CARTESIAN_POINT('',(8.98665181883831,7.99999999057837,-6.40000000000001));
#8111=CARTESIAN_POINT('',(8.98665191198951,8.04998376045311,-6.40000044586634));
#8112=CARTESIAN_POINT('',(8.98634321972593,8.14935583291054,-6.40465925708919));
#8113=CARTESIAN_POINT('',(8.98492324472017,8.29624547531876,-6.42536394438475));
#8114=CARTESIAN_POINT('',(8.98248821028587,8.43701275470979,-6.45863243274777));
#8115=CARTESIAN_POINT('',(8.97896724913363,8.56953687804572,-6.50273225115406));
#8116=CARTESIAN_POINT('',(8.97395748382483,8.70173809667685,-6.55961138511282));
#8117=CARTESIAN_POINT('',(8.96648649578198,8.84116492769785,-6.63536488096108));
#8118=CARTESIAN_POINT('',(8.95465931251852,8.99187555177899,-6.73949698080868));
#8119=CARTESIAN_POINT('',(8.93834786822487,9.12901505533328,-6.86132793167874));
#8120=CARTESIAN_POINT('',(8.91938598285143,9.23732476172576,-6.98234326582297));
#8121=CARTESIAN_POINT('',(8.90108456674268,9.31521094310987,-7.08641516831652));
#8122=CARTESIAN_POINT('',(8.88069754893943,9.38318057335042,-7.19232121720961));
#8123=CARTESIAN_POINT('',(8.85177816612297,9.45603369324644,-7.32879050013712));
#8124=CARTESIAN_POINT('',(8.81010080012097,9.52519277751615,-7.50211697135345));
#8125=CARTESIAN_POINT('',(8.75618824242811,9.5752333930883,-7.69708678572062));
#8126=CARTESIAN_POINT('',(8.70385186839159,9.59662248372182,-7.86403010822702));
#8127=CARTESIAN_POINT('',(8.65810447518063,9.60114262030246,-7.99749188458674));
#8128=CARTESIAN_POINT('',(8.60014329828204,9.5961020276461,-8.15689738196224));
#8129=CARTESIAN_POINT('',(8.50990033163576,9.5627375211299,-8.38168994737176));
#8130=CARTESIAN_POINT('',(8.38156114040904,9.46854474900018,-8.6591708245312));
#8131=CARTESIAN_POINT('',(8.24471125729702,9.32091433494483,-8.91861130640867));
#8132=CARTESIAN_POINT('',(8.12097852684296,9.14372820784775,-9.12909035912204));
#8133=CARTESIAN_POINT('',(8.02162725735916,8.96155294870152,-9.28497435681038));
#8134=CARTESIAN_POINT('',(7.94992956522026,8.79634584754903,-9.39142291116004));
#8135=CARTESIAN_POINT('',(7.8969617995006,8.64453536075217,-9.46724178184452));
#8136=CARTESIAN_POINT('',(7.85612099554212,8.49575767119739,-9.52411006892818));
#8137=CARTESIAN_POINT('',(7.82500250405138,8.3390868030087,-9.56650354580075));
#8138=CARTESIAN_POINT('',(7.80567798302458,8.18050138084977,-9.59243585105676));
#8139=CARTESIAN_POINT('',(7.80032059088741,8.06676031947177,-9.59957242446493));
#8140=CARTESIAN_POINT('',(7.79977994797621,7.96723671965215,-9.60029340689423));
#8141=CARTESIAN_POINT('',(7.80244429426681,7.87384198711583,-9.59674385389657));
#8142=CARTESIAN_POINT('',(7.81397324784491,7.74412015610572,-9.58132560955327));
#8143=CARTESIAN_POINT('',(7.83627346582801,7.59756196751679,-9.5512200463387));
#8144=CARTESIAN_POINT('',(7.87244695659706,7.4375410583208,-9.50161285318481));
#8145=CARTESIAN_POINT('',(7.9262735994055,7.26536800446323,-9.42573057070203));
#8146=CARTESIAN_POINT('',(7.99044736571581,7.10695156001274,-9.33174554085992));
#8147=CARTESIAN_POINT('',(8.06062219797423,6.96524028015533,-9.22422709196372));
#8148=CARTESIAN_POINT('',(8.14048926093489,6.82864852935296,-9.09590412369849));
#8149=CARTESIAN_POINT('',(8.23816706131746,6.68983521005938,-8.92888878306678));
#8150=CARTESIAN_POINT('',(8.35398712474503,6.55925463516818,-8.71270221559588));
#8151=CARTESIAN_POINT('',(8.47040640194485,6.46299979668773,-8.46988863584544));
#8152=CARTESIAN_POINT('',(8.57270498374619,6.41070915725127,-8.22833313279183));
#8153=CARTESIAN_POINT('',(8.63120946051978,6.40003385500507,-8.07250394087111));
#8154=CARTESIAN_POINT('',(8.67878634996779,6.39997061219177,-7.93799310837526));
#8155=CARTESIAN_POINT('',(8.71800334450453,6.4068010832227,-7.82090242828394));
#8156=CARTESIAN_POINT('',(8.76940617021613,6.43579506973113,-7.65024554047589));
#8157=CARTESIAN_POINT('',(8.81229052847462,6.47981780389037,-7.49196530987962));
#8158=CARTESIAN_POINT('',(8.84877467362892,6.53896903036769,-7.34134500752243));
#8159=CARTESIAN_POINT('',(8.87798746446929,6.60824428754092,-7.2061707788186));
#8160=CARTESIAN_POINT('',(8.9008458099438,6.68307417900672,-7.08813787943035));
#8161=CARTESIAN_POINT('',(8.91974076352851,6.76482279477014,-6.98000201382905));
#8162=CARTESIAN_POINT('',(8.93685824408435,6.86297301063461,-6.87065202368614));
#8163=CARTESIAN_POINT('',(8.95270324105659,6.98932676142752,-6.75501115324337));
#8164=CARTESIAN_POINT('',(8.96569969983459,7.1435606338832,-6.64361451703802));
#8165=CARTESIAN_POINT('',(8.97516129628502,7.31894353399104,-6.54758557596083));
#8166=CARTESIAN_POINT('',(8.98095557073027,7.49335502436008,-6.47872239402846));
#8167=CARTESIAN_POINT('',(8.98411222642514,7.64954824778287,-6.43667587159103));
#8168=CARTESIAN_POINT('',(8.98567558870827,7.77602972739238,-6.41443811550004));
#8169=CARTESIAN_POINT('',(8.98647659104752,7.88877434300287,-6.40263834699103));
#8170=CARTESIAN_POINT('',(8.98665174634441,7.96110067679982,-6.39999965300948));
#8171=CARTESIAN_POINT('',(8.98665181883831,7.99999999057837,-6.40000000000001));
#8172=CARTESIAN_POINT('',(19.,5.2,9.61658075373095));
#8173=VECTOR('',#8174,1.);
#8174=DIRECTION('',(1.,2.96059473233375E-16,0.));
#8175=CARTESIAN_POINT('',(0.6,8.,-8.));
#8176=AXIS2_PLACEMENT_3D('',#8177,#8178,#8179);
#8177=CARTESIAN_POINT('',(-1.,8.,-8.));
#8178=DIRECTION('',(-2.6295363507367E-32,-1.,1.48029736616688E-16));
#8179=DIRECTION('',(1.,-2.6295363507367E-32,0.));
#8180=CARTESIAN_POINT('',(-1.10218211923262E-15,2.09097628101063E-10,-6.));
#8181=VECTOR('',#8182,1.);
#8182=DIRECTION('',(7.88860905254001E-32,1.,1.77635683947454E-16));
#8183=AXIS2_PLACEMENT_3D('',#8184,#8185,#8186);
#8184=CARTESIAN_POINT('',(24.,5.,15.000000000033));
#8185=DIRECTION('',(-1.,0.,1.83697019872103E-16));
#8186=DIRECTION('',(1.36071866569683E-16,-0.67179100546596,0.740740740728518));
#8187=CARTESIAN_POINT('',(10.7965056402417,11.,17.3333333333333));
#8188=VECTOR('',#8189,1.);
#8189=DIRECTION('',(0.,-1.,0.));
#8190=CARTESIAN_POINT('',(23.,3.18616428524191,18.));
#8191=CARTESIAN_POINT('',(23.0191611085172,3.18616428369781,18.0000006765777));
#8192=CARTESIAN_POINT('',(23.0520742036855,3.18616428340583,17.9990534410647));
#8193=CARTESIAN_POINT('',(23.1095899037382,3.18616428603968,17.9945521720381));
#8194=CARTESIAN_POINT('',(23.1539760005502,3.18616428518849,17.9884830629745));
#8195=CARTESIAN_POINT('',(23.2131021523349,3.18616428527752,17.9775763873183));
#8196=CARTESIAN_POINT('',(23.2514420668387,3.18616428523161,17.9683789591554));
#8197=CARTESIAN_POINT('',(23.3104939307807,3.18616428524795,17.9510681986152));
#8198=CARTESIAN_POINT('',(23.3529886437582,3.1861642852348,17.9363319301404));
#8199=CARTESIAN_POINT('',(23.4139238026269,3.18616428524227,17.9109162457105));
#8200=CARTESIAN_POINT('',(23.4629701248925,3.18616428524343,17.8871286787037));
#8201=CARTESIAN_POINT('',(23.5220304156118,3.18616428523721,17.8537410034684));
#8202=CARTESIAN_POINT('',(23.5717843648541,3.1861642852446,17.8212435479944));
#8203=CARTESIAN_POINT('',(23.6263247614303,3.18616428523513,17.7804332339191));
#8204=CARTESIAN_POINT('',(23.6716573356977,3.18616428524215,17.7418028244605));
#8205=CARTESIAN_POINT('',(23.7207631682117,3.18616428523386,17.6941849713287));
#8206=CARTESIAN_POINT('',(23.7612684274234,3.18616428523867,17.6495174361588));
#8207=CARTESIAN_POINT('',(23.8042655862093,3.18616428523227,17.5954793424064));
#8208=CARTESIAN_POINT('',(23.838703352404,3.18616428523748,17.5458743134515));
#8209=CARTESIAN_POINT('',(23.8752208816221,3.18616428522884,17.4852988246003));
#8210=CARTESIAN_POINT('',(23.9024635375516,3.18616428524377,17.4323940794977));
#8211=CARTESIAN_POINT('',(23.9318285057368,3.18616428522237,17.3651267566228));
#8212=CARTESIAN_POINT('',(23.9510203780194,3.18616428525653,17.3114286801569));
#8213=CARTESIAN_POINT('',(23.9704361612981,3.18616428521626,17.2439111000525));
#8214=CARTESIAN_POINT('',(23.9819889767354,3.18616428527089,17.1924397725289));
#8215=CARTESIAN_POINT('',(23.9916937043154,3.18616428518819,17.1318540410463));
#8216=CARTESIAN_POINT('',(23.996759744379,3.18616428533724,17.0855332587252));
#8217=CARTESIAN_POINT('',(23.9994878830574,3.18616428502735,17.0392725802638));
#8218=CARTESIAN_POINT('',(24.0000002139817,3.18616428509789,17.0129819739927));
#8219=CARTESIAN_POINT('',(24.,3.18616428524191,17.0000000006058));
#8220=CARTESIAN_POINT('',(23.,6.81383571475809,18.));
#8221=CARTESIAN_POINT('',(23.0191611085241,6.81383571629041,18.0000006765786));
#8222=CARTESIAN_POINT('',(23.0520742036925,6.81383571658018,17.9990534410655));
#8223=CARTESIAN_POINT('',(23.109589903745,6.81383571396641,17.9945521720366));
#8224=CARTESIAN_POINT('',(23.1539760005504,6.8138357148111,17.9884830629745));
#8225=CARTESIAN_POINT('',(23.2131021523349,6.81383571472275,17.9775763873183));
#8226=CARTESIAN_POINT('',(23.2514420668387,6.81383571476832,17.9683789591554));
#8227=CARTESIAN_POINT('',(23.3104939307807,6.81383571475209,17.9510681986152));
#8228=CARTESIAN_POINT('',(23.3529886437582,6.81383571476516,17.9363319301404));
#8229=CARTESIAN_POINT('',(23.4139238026269,6.81383571475773,17.9109162457104));
#8230=CARTESIAN_POINT('',(23.4629701248925,6.81383571475658,17.8871286787037));
#8231=CARTESIAN_POINT('',(23.5220304156119,6.81383571476278,17.8537410034684));
#8232=CARTESIAN_POINT('',(23.5717843648542,6.81383571475541,17.8212435479944));
#8233=CARTESIAN_POINT('',(23.6263247614303,6.81383571476485,17.7804332339191));
#8234=CARTESIAN_POINT('',(23.6716573356977,6.81383571475785,17.7418028244605));
#8235=CARTESIAN_POINT('',(23.7207631682117,6.81383571476612,17.6941849713287));
#8236=CARTESIAN_POINT('',(23.7612684274235,6.81383571476132,17.6495174361588));
#8237=CARTESIAN_POINT('',(23.8042655862093,6.81383571476771,17.5954793424063));
#8238=CARTESIAN_POINT('',(23.8387033524041,6.81383571476252,17.5458743134514));
#8239=CARTESIAN_POINT('',(23.8752208816221,6.81383571477115,17.4852988246002));
#8240=CARTESIAN_POINT('',(23.9024635375516,6.81383571475624,17.4323940794977));
#8241=CARTESIAN_POINT('',(23.9318285057368,6.81383571477762,17.3651267566228));
#8242=CARTESIAN_POINT('',(23.9510203780194,6.81383571474348,17.3114286801568));
#8243=CARTESIAN_POINT('',(23.9704361612982,6.81383571478373,17.2439111000525));
#8244=CARTESIAN_POINT('',(23.9819889767353,6.81383571472911,17.1924397725289));
#8245=CARTESIAN_POINT('',(23.9916937043154,6.81383571481181,17.1318540410462));
#8246=CARTESIAN_POINT('',(23.9967597443789,6.81383571466277,17.0855332587252));
#8247=CARTESIAN_POINT('',(23.9994878830576,6.81383571497264,17.0392725802638));
#8248=CARTESIAN_POINT('',(24.0000002139818,6.81383571490211,17.0129819739927));
#8249=CARTESIAN_POINT('',(24.,6.81383571475809,17.0000000006058));
ENDSEC;
END-ISO-10303-21;
