ISO-10303-21;
HEADER;
FILE_DESCRIPTION(('STEP AP203'),
    '1');
FILE_NAME('шарнир в8',
    '',
    ('UNSPECIFIED'),
    ('UNSPECIFIED'),
    'C3D Converter',
    'C3D Toolkit',
    '');
FILE_SCHEMA(('CONFIG_CONTROL_DESIGN'));
ENDSEC;

DATA;
#1=PRODUCT_DEFINITION('','UNSPECIFIED',#28,#31);
#2=SHAPE_DEFINITION_REPRESENTATION(#26,#3);
#3=SHAPE_REPRESENTATION('NONE',(#4),#8);
#4=AXIS2_PLACEMENT_3D('',#5,#6,#7);
#5=CARTESIAN_POINT('',(0.,0.,0.));
#6=DIRECTION('',(0.,0.,1.));
#7=DIRECTION('',(1.,0.,0.));
#8=(GEOMETRIC_REPRESENTATION_CONTEXT(3)GLOBAL_UNCERTAINTY_ASSIGNED_CONTEXT((#10))
GLOBAL_UNIT_ASSIGNED_CONTEXT((#9,#11,#12))REPRESENTATION_CONTEXT('NONE','NONE'));
#9=(LENGTH_UNIT()NAMED_UNIT(*)SI_UNIT(.MILLI.,.METRE.));
#10=UNCERTAINTY_MEASURE_WITH_UNIT(LENGTH_MEASURE(1.E-5),#9,'NONE','NONE');
#11=(NAMED_UNIT(*)PLANE_ANGLE_UNIT()SI_UNIT($,.RADIAN.));
#12=(NAMED_UNIT(*)SI_UNIT($,.STERADIAN.)SOLID_ANGLE_UNIT());
#13=MANIFOLD_SOLID_BREP('',#14);
#14=CLOSED_SHELL('',(#53,#54,#55,#56,#57,#58,#59,#60,#61,#62,#63,#64,#65,#66,#67,
#68,#69,#70,#71,#72,#73,#74,#75,#76,#77,#78,#79,#80,#81,#82,#83,#84,#85,#86,#87,
#88,#89,#90,#91,#92,#93,#94,#95,#96,#97,#98,#99,#100,#101,#102,#103,#104,#105,#106,
#107,#108,#109,#110,#111,#112,#113,#114,#115,#116,#117,#118));
#15=COLOUR_RGB('',0.564705882352941,0.564705882352941,0.564705882352941);
#16=FILL_AREA_STYLE_COLOUR('',#15);
#17=FILL_AREA_STYLE($,(#16));
#18=SURFACE_STYLE_FILL_AREA(#17);
#19=SURFACE_SIDE_STYLE('',(#18));
#20=SURFACE_STYLE_USAGE(.BOTH.,#19);
#21=PRESENTATION_STYLE_ASSIGNMENT((#20));
#22=MECHANICAL_DESIGN_GEOMETRIC_PRESENTATION_REPRESENTATION('NONE',(#23),#8);
#23=STYLED_ITEM('',(#21),#13);
#24=ADVANCED_BREP_SHAPE_REPRESENTATION('NONE',(#13),#8);
#25=SHAPE_REPRESENTATION_RELATIONSHIP('','',#3,#24);
#26=PRODUCT_DEFINITION_SHAPE('NONE','NONE',#1);
#27=MECHANICAL_CONTEXT('NONE',#32,'mechanical');
#28=PRODUCT_DEFINITION_FORMATION_WITH_SPECIFIED_SOURCE('ANY','UNSPECIFIED',#29,.NOT_KNOWN.);
#29=PRODUCT('','\X2\044804300440043D04380440\X0\','NONE',(#27));
#30=PRODUCT_RELATED_PRODUCT_CATEGORY('detail','',(#29));
#31=DESIGN_CONTEXT('detailed design',#32,'design');
#32=APPLICATION_CONTEXT('configuration controlled 3d designs of mechanical parts and assemblies');
#33=APPLICATION_PROTOCOL_DEFINITION('international standard','config_control_design',
1994,#32);
#34=CC_DESIGN_DATE_AND_TIME_ASSIGNMENT(#35,#39,(#1));
#35=DATE_AND_TIME(#36,#37);
#36=CALENDAR_DATE(0,1,1);
#37=LOCAL_TIME(0,0,0.,#38);
#38=COORDINATED_UNIVERSAL_TIME_OFFSET(0,0,.AHEAD.);
#39=DATE_TIME_ROLE('creation_date');
#40=CC_DESIGN_APPROVAL(#41,(#1));
#41=APPROVAL(#42,'UNSPECIFIED');
#42=APPROVAL_STATUS('not_yet_approved');
#43=APPROVAL_DATE_TIME(#44,#41);
#44=DATE_AND_TIME(#45,#46);
#45=CALENDAR_DATE(0,1,1);
#46=LOCAL_TIME(0,0,0.,#47);
#47=COORDINATED_UNIVERSAL_TIME_OFFSET(0,0,.AHEAD.);
#48=PERSON('UNSPECIFIED','User','UNSPECIFIED',('UNSPECIFIED'),('UNSPECIFIED'),('UNSPECIFIED'));
#49=ORGANIZATION('UNSPECIFIED','UNSPECIFIED','UNSPECIFIED');
#50=PERSON_AND_ORGANIZATION(#48,#49);
#51=PERSON_AND_ORGANIZATION_ROLE('creator');
#52=CC_DESIGN_PERSON_AND_ORGANIZATION_ASSIGNMENT(#50,#51,(#28,#1));
#53=ADVANCED_FACE('',(#119,#121),#123,.T.);
#54=ADVANCED_FACE('',(#128,#130),#132,.T.);
#55=ADVANCED_FACE('',(#137,#139),#141,.F.);
#56=ADVANCED_FACE('',(#146,#148),#150,.F.);
#57=ADVANCED_FACE('',(#155,#157),#159,.F.);
#58=ADVANCED_FACE('',(#164,#166),#168,.T.);
#59=ADVANCED_FACE('',(#173,#175),#177,.F.);
#60=ADVANCED_FACE('',(#182,#184),#186,.T.);
#61=ADVANCED_FACE('',(#191),#193,.T.);
#62=ADVANCED_FACE('',(#198,#200,#202,#204,#206,#208,#210,#212),#214,.F.);
#63=ADVANCED_FACE('',(#219,#221,#223),#225,.T.);
#64=ADVANCED_FACE('',(#230),#232,.T.);
#65=ADVANCED_FACE('',(#237,#239),#241,.F.);
#66=ADVANCED_FACE('',(#246,#248),#250,.F.);
#67=ADVANCED_FACE('',(#255),#257,.T.);
#68=ADVANCED_FACE('',(#262),#264,.T.);
#69=ADVANCED_FACE('',(#269),#271,.T.);
#70=ADVANCED_FACE('',(#276),#278,.T.);
#71=ADVANCED_FACE('',(#283,#285),#287,.T.);
#72=ADVANCED_FACE('',(#292),#294,.F.);
#73=ADVANCED_FACE('',(#299),#301,.F.);
#74=ADVANCED_FACE('',(#306,#308),#310,.T.);
#75=ADVANCED_FACE('',(#315),#317,.F.);
#76=ADVANCED_FACE('',(#322),#324,.F.);
#77=ADVANCED_FACE('',(#329,#331,#333),#335,.F.);
#78=ADVANCED_FACE('',(#340,#342,#344),#346,.F.);
#79=ADVANCED_FACE('',(#351,#353,#355),#357,.F.);
#80=ADVANCED_FACE('',(#362,#364),#366,.F.);
#81=ADVANCED_FACE('',(#371,#373),#375,.T.);
#82=ADVANCED_FACE('',(#380),#382,.F.);
#83=ADVANCED_FACE('',(#387,#389),#391,.F.);
#84=ADVANCED_FACE('',(#396),#398,.F.);
#85=ADVANCED_FACE('',(#403),#405,.T.);
#86=ADVANCED_FACE('',(#410),#412,.F.);
#87=ADVANCED_FACE('',(#417),#419,.F.);
#88=ADVANCED_FACE('',(#424),#426,.F.);
#89=ADVANCED_FACE('',(#431,#433),#435,.F.);
#90=ADVANCED_FACE('',(#440),#442,.T.);
#91=ADVANCED_FACE('',(#447),#449,.T.);
#92=ADVANCED_FACE('',(#454),#456,.T.);
#93=ADVANCED_FACE('',(#461),#463,.F.);
#94=ADVANCED_FACE('',(#468),#470,.F.);
#95=ADVANCED_FACE('',(#475),#477,.F.);
#96=ADVANCED_FACE('',(#482),#484,.F.);
#97=ADVANCED_FACE('',(#489),#491,.F.);
#98=ADVANCED_FACE('',(#496),#498,.T.);
#99=ADVANCED_FACE('',(#503),#505,.F.);
#100=ADVANCED_FACE('',(#510),#512,.F.);
#101=ADVANCED_FACE('',(#517),#519,.F.);
#102=ADVANCED_FACE('',(#524),#526,.F.);
#103=ADVANCED_FACE('',(#531,#533),#535,.F.);
#104=ADVANCED_FACE('',(#540,#542),#544,.F.);
#105=ADVANCED_FACE('',(#549,#551),#553,.F.);
#106=ADVANCED_FACE('',(#558,#560),#562,.T.);
#107=ADVANCED_FACE('',(#567,#569),#571,.F.);
#108=ADVANCED_FACE('',(#576,#578,#580),#582,.T.);
#109=ADVANCED_FACE('',(#587,#589),#591,.F.);
#110=ADVANCED_FACE('',(#596),#598,.F.);
#111=ADVANCED_FACE('',(#603),#605,.F.);
#112=ADVANCED_FACE('',(#610,#612),#614,.F.);
#113=ADVANCED_FACE('',(#619,#621),#623,.T.);
#114=ADVANCED_FACE('',(#628,#630),#632,.T.);
#115=ADVANCED_FACE('',(#637,#639),#641,.F.);
#116=ADVANCED_FACE('',(#646,#648),#650,.F.);
#117=ADVANCED_FACE('',(#798,#800),#802,.T.);
#118=ADVANCED_FACE('',(#807,#809),#811,.T.);
#119=FACE_BOUND('',#120,.T.);
#120=EDGE_LOOP('',(#816,#817,#818,#819));
#121=FACE_BOUND('',#122,.T.);
#122=EDGE_LOOP('',(#820));
#123=PLANE('',#124);
#124=AXIS2_PLACEMENT_3D('',#125,#126,#127);
#125=CARTESIAN_POINT('',(20.,-40.,22.));
#126=DIRECTION('',(1.,0.,-7.105427357601E-17));
#127=DIRECTION('',(-7.105427357601E-17,0.,-1.));
#128=FACE_BOUND('',#129,.T.);
#129=EDGE_LOOP('',(#821,#822,#823,#824));
#130=FACE_BOUND('',#131,.T.);
#131=EDGE_LOOP('',(#825));
#132=CYLINDRICAL_SURFACE('',#133,10.);
#133=AXIS2_PLACEMENT_3D('',#134,#135,#136);
#134=CARTESIAN_POINT('',(10.,-80.,-18.));
#135=DIRECTION('',(0.,-1.,0.));
#136=DIRECTION('',(0.,0.,-1.));
#137=FACE_OUTER_BOUND('',#138,.T.);
#138=EDGE_LOOP('',(#826));
#139=FACE_OUTER_BOUND('',#140,.T.);
#140=EDGE_LOOP('',(#827));
#141=CYLINDRICAL_SURFACE('',#142,1.8);
#142=AXIS2_PLACEMENT_3D('',#143,#144,#145);
#143=CARTESIAN_POINT('',(5.,-36.,-18.));
#144=DIRECTION('',(0.71354534002078,2.44929359829471E-16,-0.70060905484773));
#145=DIRECTION('',(-0.70060905484773,-3.67394039744206E-16,-0.71354534002078));
#146=FACE_OUTER_BOUND('',#147,.T.);
#147=EDGE_LOOP('',(#828));
#148=FACE_OUTER_BOUND('',#149,.T.);
#149=EDGE_LOOP('',(#829));
#150=CYLINDRICAL_SURFACE('',#151,1.8);
#151=AXIS2_PLACEMENT_3D('',#152,#153,#154);
#152=CARTESIAN_POINT('',(9.89949493661541,-36.,-9.89949493660787));
#153=DIRECTION('',(0.965925826289178,2.44929359829471E-16,-0.258819045102112));
#154=DIRECTION('',(-0.258819045102112,-3.67394039744206E-16,-0.965925826289178));
#155=FACE_OUTER_BOUND('',#156,.T.);
#156=EDGE_LOOP('',(#830));
#157=FACE_OUTER_BOUND('',#158,.T.);
#158=EDGE_LOOP('',(#831));
#159=CYLINDRICAL_SURFACE('',#160,3.);
#160=AXIS2_PLACEMENT_3D('',#161,#162,#163);
#161=CARTESIAN_POINT('',(5.00000000000001,-36.,-18.));
#162=DIRECTION('',(0.71354534002078,2.44929359829471E-16,-0.70060905484773));
#163=DIRECTION('',(-0.70060905484773,-3.67394039744206E-16,-0.71354534002078));
#164=FACE_BOUND('',#165,.T.);
#165=EDGE_LOOP('',(#832));
#166=FACE_BOUND('',#167,.T.);
#167=EDGE_LOOP('',(#833));
#168=PLANE('',#169);
#169=AXIS2_PLACEMENT_3D('',#170,#171,#172);
#170=CARTESIAN_POINT('',(11.421908060187,9.50871779117625E-15,-24.3054814936296));
#171=DIRECTION('',(0.71354534002078,2.44929359829471E-16,-0.70060905484773));
#172=DIRECTION('',(-0.70060905484773,-3.67394039744206E-16,-0.71354534002078));
#173=FACE_OUTER_BOUND('',#174,.T.);
#174=EDGE_LOOP('',(#834));
#175=FACE_OUTER_BOUND('',#176,.T.);
#176=EDGE_LOOP('',(#835));
#177=CYLINDRICAL_SURFACE('',#178,3.);
#178=AXIS2_PLACEMENT_3D('',#179,#180,#181);
#179=CARTESIAN_POINT('',(9.89949493661541,-36.,-9.89949493660787));
#180=DIRECTION('',(0.965925826289178,2.44929359829471E-16,-0.258819045102112));
#181=DIRECTION('',(-0.258819045102112,-3.67394039744206E-16,-0.965925826289178));
#182=FACE_BOUND('',#183,.T.);
#183=EDGE_LOOP('',(#836));
#184=FACE_BOUND('',#185,.T.);
#185=EDGE_LOOP('',(#837));
#186=PLANE('',#187);
#187=AXIS2_PLACEMENT_3D('',#188,#189,#190);
#188=CARTESIAN_POINT('',(18.592827373218,2.40329043357525E-15,-12.2288663425269));
#189=DIRECTION('',(0.965925826289178,2.44929359829471E-16,-0.258819045102112));
#190=DIRECTION('',(-0.258819045102112,-3.67394039744206E-16,-0.965925826289178));
#191=FACE_BOUND('',#192,.T.);
#192=EDGE_LOOP('',(#838,#839,#840,#841,#842));
#193=CYLINDRICAL_SURFACE('',#194,10.);
#194=AXIS2_PLACEMENT_3D('',#195,#196,#197);
#195=CARTESIAN_POINT('',(10.,-80.,12.));
#196=DIRECTION('',(7.72329060608805E-17,-1.,-3.86164530304402E-17));
#197=DIRECTION('',(1.,7.72329060608805E-17,-3.5527136788005E-16));
#198=FACE_BOUND('',#199,.T.);
#199=EDGE_LOOP('',(#843,#844,#845,#846,#847,#848,#849,#850));
#200=FACE_BOUND('',#201,.T.);
#201=EDGE_LOOP('',(#851,#852,#853,#854));
#202=FACE_BOUND('',#203,.T.);
#203=EDGE_LOOP('',(#855,#856,#857,#858));
#204=FACE_BOUND('',#205,.T.);
#205=EDGE_LOOP('',(#859));
#206=FACE_BOUND('',#207,.T.);
#207=EDGE_LOOP('',(#860));
#208=FACE_BOUND('',#209,.T.);
#209=EDGE_LOOP('',(#861));
#210=FACE_BOUND('',#211,.T.);
#211=EDGE_LOOP('',(#862));
#212=FACE_BOUND('',#213,.T.);
#213=EDGE_LOOP('',(#863,#864,#865,#866));
#214=PLANE('',#215);
#215=AXIS2_PLACEMENT_3D('',#216,#217,#218);
#216=CARTESIAN_POINT('',(-1.46957615897682E-15,-40.,0.));
#217=DIRECTION('',(1.22464679914735E-16,1.,0.));
#218=DIRECTION('',(-6.12323399573677E-17,7.49879891330929E-33,-1.));
#219=FACE_BOUND('',#220,.T.);
#220=EDGE_LOOP('',(#867,#868,#869,#870,#871,#872,#873,#874));
#221=FACE_BOUND('',#222,.T.);
#222=EDGE_LOOP('',(#875,#876,#877,#878,#879,#880,#881,#882,#883,#884,#885));
#223=FACE_BOUND('',#224,.T.);
#224=EDGE_LOOP('',(#886,#887,#888,#889));
#225=PLANE('',#226);
#226=AXIS2_PLACEMENT_3D('',#227,#228,#229);
#227=CARTESIAN_POINT('',(0.,-28.,0.));
#228=DIRECTION('',(1.22464679914735E-16,1.,0.));
#229=DIRECTION('',(-6.12323399573677E-17,7.49879891330929E-33,-1.));
#230=FACE_BOUND('',#231,.T.);
#231=EDGE_LOOP('',(#890,#891,#892,#893));
#232=PLANE('',#233);
#233=AXIS2_PLACEMENT_3D('',#234,#235,#236);
#234=CARTESIAN_POINT('',(20.,-40.,-28.));
#235=DIRECTION('',(0.,0.,-1.));
#236=DIRECTION('',(-1.,0.,0.));
#237=FACE_BOUND('',#238,.T.);
#238=EDGE_LOOP('',(#894,#895,#896,#897,#898));
#239=FACE_BOUND('',#240,.T.);
#240=EDGE_LOOP('',(#899));
#241=PLANE('',#242);
#242=AXIS2_PLACEMENT_3D('',#243,#244,#245);
#243=CARTESIAN_POINT('',(9.28127204012467,8.77392971168784E-15,-22.2036543290864));
#244=DIRECTION('',(0.71354534002078,2.44929359829471E-16,-0.70060905484773));
#245=DIRECTION('',(-0.70060905484773,-3.67394039744206E-16,-0.71354534002078));
#246=FACE_BOUND('',#247,.T.);
#247=EDGE_LOOP('',(#900,#901,#902,#903,#904));
#248=FACE_BOUND('',#249,.T.);
#249=EDGE_LOOP('',(#905));
#250=PLANE('',#251);
#251=AXIS2_PLACEMENT_3D('',#252,#253,#254);
#252=CARTESIAN_POINT('',(15.6950498943505,1.66850235408684E-15,-11.4524092072206));
#253=DIRECTION('',(0.965925826289178,2.44929359829471E-16,-0.258819045102112));
#254=DIRECTION('',(-0.258819045102112,-3.67394039744206E-16,-0.965925826289178));
#255=FACE_BOUND('',#256,.T.);
#256=EDGE_LOOP('',(#906,#907,#908,#909,#910,#911));
#257=PLANE('',#258);
#258=AXIS2_PLACEMENT_3D('',#259,#260,#261);
#259=CARTESIAN_POINT('',(-14.,-40.,22.));
#260=DIRECTION('',(0.,0.,1.));
#261=DIRECTION('',(1.,0.,0.));
#262=FACE_BOUND('',#263,.T.);
#263=EDGE_LOOP('',(#912,#913,#914,#915));
#264=CYLINDRICAL_SURFACE('',#265,10.);
#265=AXIS2_PLACEMENT_3D('',#266,#267,#268);
#266=CARTESIAN_POINT('',(-4.00000000000001,-80.,12.));
#267=DIRECTION('',(-1.54465812121761E-16,-1.,0.));
#268=DIRECTION('',(0.,0.,1.));
#269=FACE_BOUND('',#270,.T.);
#270=EDGE_LOOP('',(#916,#917,#918,#919));
#271=PLANE('',#272);
#272=AXIS2_PLACEMENT_3D('',#273,#274,#275);
#273=CARTESIAN_POINT('',(-14.,-40.,-28.));
#274=DIRECTION('',(-1.,1.48029736616688E-16,7.105427357601E-17));
#275=DIRECTION('',(7.105427357601E-17,0.,1.));
#276=FACE_BOUND('',#277,.T.);
#277=EDGE_LOOP('',(#920,#921,#922,#923));
#278=CYLINDRICAL_SURFACE('',#279,10.);
#279=AXIS2_PLACEMENT_3D('',#280,#281,#282);
#280=CARTESIAN_POINT('',(-4.00000000000001,-80.,-18.));
#281=DIRECTION('',(-7.72329060608804E-17,-1.,0.));
#282=DIRECTION('',(-1.,7.72329060608804E-17,0.));
#283=FACE_BOUND('',#284,.T.);
#284=EDGE_LOOP('',(#924,#925,#926,#927,#928));
#285=FACE_BOUND('',#286,.T.);
#286=EDGE_LOOP('',(#929));
#287=PLANE('',#288);
#288=AXIS2_PLACEMENT_3D('',#289,#290,#291);
#289=CARTESIAN_POINT('',(12.7972724154829,9.33714274598428E-16,-10.6759520719142));
#290=DIRECTION('',(0.965925826289178,2.44929359829471E-16,-0.258819045102112));
#291=DIRECTION('',(-0.258819045102112,-3.67394039744206E-16,-0.965925826289178));
#292=FACE_BOUND('',#293,.T.);
#293=EDGE_LOOP('',(#930,#931,#932,#933));
#294=PLANE('',#295);
#295=AXIS2_PLACEMENT_3D('',#296,#297,#298);
#296=CARTESIAN_POINT('',(13.215674302494,-33.2,-9.11445497160347));
#297=DIRECTION('',(0.224143868041659,0.500000000000003,0.836516303737901));
#298=DIRECTION('',(0.129409522551057,-0.866025403784437,0.482962913144592));
#299=FACE_BOUND('',#300,.T.);
#300=EDGE_LOOP('',(#934,#935,#936,#937));
#301=PLANE('',#302);
#302=AXIS2_PLACEMENT_3D('',#303,#304,#305);
#303=CARTESIAN_POINT('',(13.6729657539824,-47.4602540378444,-7.40782004077901));
#304=DIRECTION('',(-0.224143868041659,-0.500000000000005,-0.8365163037379));
#305=DIRECTION('',(-0.129409522551058,0.866025403784436,-0.482962913144593));
#306=FACE_BOUND('',#307,.T.);
#307=EDGE_LOOP('',(#938,#939,#940,#941,#942));
#308=FACE_BOUND('',#309,.T.);
#309=EDGE_LOOP('',(#943));
#310=PLANE('',#311);
#311=AXIS2_PLACEMENT_3D('',#312,#313,#314);
#312=CARTESIAN_POINT('',(7.14063602006233,8.03914163219943E-15,-20.1018271645432));
#313=DIRECTION('',(0.71354534002078,2.44929359829471E-16,-0.70060905484773));
#314=DIRECTION('',(-0.70060905484773,-3.67394039744206E-16,-0.71354534002078));
#315=FACE_BOUND('',#316,.T.);
#316=EDGE_LOOP('',(#944,#945,#946,#947));
#317=PLANE('',#318);
#318=AXIS2_PLACEMENT_3D('',#319,#320,#321);
#319=CARTESIAN_POINT('',(8.27322713401881,-33.2,-18.9483235009512));
#320=DIRECTION('',(0.606745239619537,0.500000000000003,0.61794839121));
#321=DIRECTION('',(0.350304527423867,-0.866025403784437,0.356772670010392));
#322=FACE_BOUND('',#323,.T.);
#323=EDGE_LOOP('',(#948,#949,#950,#951));
#324=PLANE('',#325);
#325=AXIS2_PLACEMENT_3D('',#326,#327,#328);
#326=CARTESIAN_POINT('',(9.51109018034457,-47.4602540378444,-17.6876041280312));
#327=DIRECTION('',(-0.606745239619537,-0.500000000000005,-0.617948391209999));
#328=DIRECTION('',(-0.350304527423868,0.866025403784436,-0.356772670010393));
#329=FACE_OUTER_BOUND('',#330,.T.);
#330=EDGE_LOOP('',(#952));
#331=FACE_OUTER_BOUND('',#332,.T.);
#332=EDGE_LOOP('',(#953));
#333=FACE_BOUND('',#334,.T.);
#334=EDGE_LOOP('',(#954));
#335=CYLINDRICAL_SURFACE('',#336,2.15);
#336=AXIS2_PLACEMENT_3D('',#337,#338,#339);
#337=CARTESIAN_POINT('',(7.0000000000005,-40.,12.1243556529818));
#338=DIRECTION('',(1.22464679914735E-16,1.,0.));
#339=DIRECTION('',(-6.12323399573677E-17,7.49879891330929E-33,-1.));
#340=FACE_OUTER_BOUND('',#341,.T.);
#341=EDGE_LOOP('',(#955));
#342=FACE_OUTER_BOUND('',#343,.T.);
#343=EDGE_LOOP('',(#956));
#344=FACE_BOUND('',#345,.T.);
#345=EDGE_LOOP('',(#957));
#346=CYLINDRICAL_SURFACE('',#347,2.15);
#347=AXIS2_PLACEMENT_3D('',#348,#349,#350);
#348=CARTESIAN_POINT('',(9.89949493661548,-40.,-9.89949493660796));
#349=DIRECTION('',(1.22464679914735E-16,1.,0.));
#350=DIRECTION('',(-6.12323399573677E-17,7.49879891330929E-33,-1.));
#351=FACE_OUTER_BOUND('',#352,.T.);
#352=EDGE_LOOP('',(#958));
#353=FACE_BOUND('',#354,.T.);
#354=EDGE_LOOP('',(#959,#960,#961));
#355=FACE_OUTER_BOUND('',#356,.T.);
#356=EDGE_LOOP('',(#962));
#357=CYLINDRICAL_SURFACE('',#358,2.15);
#358=AXIS2_PLACEMENT_3D('',#359,#360,#361);
#359=CARTESIAN_POINT('',(5.,-40.,-18.));
#360=DIRECTION('',(1.22464679914735E-16,1.,0.));
#361=DIRECTION('',(-6.12323399573677E-17,7.49879891330929E-33,-1.));
#362=FACE_OUTER_BOUND('',#363,.T.);
#363=EDGE_LOOP('',(#963));
#364=FACE_OUTER_BOUND('',#365,.T.);
#365=EDGE_LOOP('',(#964));
#366=CONICAL_SURFACE('',#367,4.5,0.785398163397448);
#367=AXIS2_PLACEMENT_3D('',#368,#369,#370);
#368=CARTESIAN_POINT('',(-3.91886975727153E-15,-37.,0.));
#369=DIRECTION('',(-1.22464679914735E-16,-1.,0.));
#370=DIRECTION('',(-1.85449499923968E-15,2.27110136485364E-31,-1.));
#371=FACE_BOUND('',#372,.T.);
#372=EDGE_LOOP('',(#965,#966,#967,#968,#969));
#373=FACE_BOUND('',#374,.T.);
#374=EDGE_LOOP('',(#970));
#375=PLANE('',#376);
#376=AXIS2_PLACEMENT_3D('',#377,#378,#379);
#377=CARTESIAN_POINT('',(7.00000000000051,3.67394039744206E-16,15.1243556529818));
#378=DIRECTION('',(-1.22464679914735E-16,1.22464679914735E-16,1.));
#379=DIRECTION('',(1.,-1.83697019872103E-16,1.22464679914735E-16));
#380=FACE_BOUND('',#381,.T.);
#381=EDGE_LOOP('',(#971,#972,#973,#974));
#382=PLANE('',#383);
#383=AXIS2_PLACEMENT_3D('',#384,#385,#386);
#384=CARTESIAN_POINT('',(5.38341924626955,-33.2,15.1243556529818));
#385=DIRECTION('',(-0.866025403784437,0.500000000000003,-2.56395024851141E-16));
#386=DIRECTION('',(-0.500000000000003,-0.866025403784437,0.));
#387=FACE_BOUND('',#388,.T.);
#388=EDGE_LOOP('',(#975,#976,#977,#978,#979));
#389=FACE_BOUND('',#390,.T.);
#390=EDGE_LOOP('',(#980));
#391=PLANE('',#392);
#392=AXIS2_PLACEMENT_3D('',#393,#394,#395);
#393=CARTESIAN_POINT('',(7.00000000000051,7.34788079488412E-16,18.1243556529818));
#394=DIRECTION('',(-1.22464679914735E-16,1.22464679914735E-16,1.));
#395=DIRECTION('',(1.,-1.83697019872103E-16,1.22464679914735E-16));
#396=FACE_BOUND('',#397,.T.);
#397=EDGE_LOOP('',(#981,#982,#983,#984));
#398=PLANE('',#399);
#399=AXIS2_PLACEMENT_3D('',#400,#401,#402);
#400=CARTESIAN_POINT('',(3.61658075373139,-47.4602540378444,15.1243556529818));
#401=DIRECTION('',(0.866025403784436,-0.500000000000005,2.56395024851141E-16));
#402=DIRECTION('',(0.500000000000005,0.866025403784436,-1.3423525726627E-16));
#403=FACE_BOUND('',#404,.T.);
#404=EDGE_LOOP('',(#985,#986,#987,#988));
#405=CYLINDRICAL_SURFACE('',#406,4.);
#406=AXIS2_PLACEMENT_3D('',#407,#408,#409);
#407=CARTESIAN_POINT('',(-1.01031914074577,-48.,-20.4750886502073));
#408=DIRECTION('',(1.2335811384724E-16,1.,0.));
#409=DIRECTION('',(0.0492838605241835,-6.07956407737371E-18,0.998784812205228));
#410=FACE_BOUND('',#411,.T.);
#411=EDGE_LOOP('',(#989,#990,#991,#992));
#412=CYLINDRICAL_SURFACE('',#413,2.5);
#413=AXIS2_PLACEMENT_3D('',#414,#415,#416);
#414=CARTESIAN_POINT('',(5.00000000000001,-32.,-18.));
#415=DIRECTION('',(1.22464679914735E-16,1.,0.));
#416=DIRECTION('',(0.737265415552032,-9.02889731277839E-17,-0.675603217155521));
#417=FACE_BOUND('',#418,.T.);
#418=EDGE_LOOP('',(#993,#994,#995,#996));
#419=CYLINDRICAL_SURFACE('',#420,29.1428571429618);
#420=AXIS2_PLACEMENT_3D('',#421,#422,#423);
#421=CARTESIAN_POINT('',(-14.6428571429992,-32.,3.00609521045666E-15));
#422=DIRECTION('',(1.22464679914735E-16,1.,0.));
#423=DIRECTION('',(1.,-1.22464679914735E-16,1.01064309961486E-15));
#424=FACE_BOUND('',#425,.T.);
#425=EDGE_LOOP('',(#997,#998,#999,#1000,#1001));
#426=CYLINDRICAL_SURFACE('',#427,2.5);
#427=AXIS2_PLACEMENT_3D('',#428,#429,#430);
#428=CARTESIAN_POINT('',(11.9999999999627,-32.,1.91382591184457E-14));
#429=DIRECTION('',(1.22464679914735E-16,1.,0.));
#430=DIRECTION('',(-1.,1.22464679914735E-16,-6.66133814775094E-16));
#431=FACE_BOUND('',#432,.T.);
#432=EDGE_LOOP('',(#1002,#1003,#1004,#1005));
#433=FACE_OUTER_BOUND('',#434,.T.);
#434=EDGE_LOOP('',(#1006));
#435=TOROIDAL_SURFACE('',#436,11.,6.);
#436=AXIS2_PLACEMENT_3D('',#437,#438,#439);
#437=CARTESIAN_POINT('',(7.34788079488412E-16,-22.,0.));
#438=DIRECTION('',(1.22464679914735E-16,1.,0.));
#439=DIRECTION('',(-1.59204083889156E-16,1.94968771746042E-32,1.));
#440=FACE_BOUND('',#441,.T.);
#441=EDGE_LOOP('',(#1007,#1008,#1009,#1010,#1011));
#442=CYLINDRICAL_SURFACE('',#443,24.1428571429618);
#443=AXIS2_PLACEMENT_3D('',#444,#445,#446);
#444=CARTESIAN_POINT('',(-14.6428571429992,-32.,3.00609521045666E-15));
#445=DIRECTION('',(-1.22464679914735E-16,-1.,0.));
#446=DIRECTION('',(0.940597488814953,-1.15189970396327E-16,-0.339523731180905));
#447=FACE_BOUND('',#448,.T.);
#448=EDGE_LOOP('',(#1012,#1013,#1014,#1015));
#449=CYLINDRICAL_SURFACE('',#450,4.);
#450=AXIS2_PLACEMENT_3D('',#451,#452,#453);
#451=CARTESIAN_POINT('',(4.61219512190847,-48.,-5.91419108225672));
#452=DIRECTION('',(-1.48029736616688E-16,1.,-3.94745964311167E-16));
#453=DIRECTION('',(0.95592458052236,2.56029842126491E-17,-0.293612323231077));
#454=FACE_BOUND('',#455,.T.);
#455=EDGE_LOOP('',(#1016,#1017,#1018,#1019));
#456=CYLINDRICAL_SURFACE('',#457,11.5000000000001);
#457=AXIS2_PLACEMENT_3D('',#458,#459,#460);
#458=CARTESIAN_POINT('',(-4.89858719658941E-16,-32.,0.));
#459=DIRECTION('',(-1.22464679914735E-16,-1.,0.));
#460=DIRECTION('',(-0.642787609667604,7.87187788711009E-17,-0.766044443134867));
#461=FACE_BOUND('',#462,.T.);
#462=EDGE_LOOP('',(#1020,#1021,#1022,#1023));
#463=CYLINDRICAL_SURFACE('',#464,2.5);
#464=AXIS2_PLACEMENT_3D('',#465,#466,#467);
#465=CARTESIAN_POINT('',(-8.9990265353465,-32.,-10.7246222038882));
#466=DIRECTION('',(1.22464679914735E-16,1.,0.));
#467=DIRECTION('',(-0.642787609667603,7.87187788711009E-17,-0.766044443134867));
#468=FACE_BOUND('',#469,.T.);
#469=EDGE_LOOP('',(#1024,#1025,#1026,#1027));
#470=CYLINDRICAL_SURFACE('',#471,16.5000000000001);
#471=AXIS2_PLACEMENT_3D('',#472,#473,#474);
#472=CARTESIAN_POINT('',(-4.89858719658941E-16,-32.,0.));
#473=DIRECTION('',(1.22464679914735E-16,1.,0.));
#474=DIRECTION('',(0.19911308203983,-2.43843198588442E-17,-0.979976520412913));
#475=FACE_BOUND('',#476,.T.);
#476=EDGE_LOOP('',(#1028,#1029,#1030,#1031));
#477=CYLINDRICAL_SURFACE('',#478,2.5);
#478=AXIS2_PLACEMENT_3D('',#479,#480,#481);
#479=CARTESIAN_POINT('',(7.0000000000005,-32.,12.1243556529818));
#480=DIRECTION('',(1.22464679914735E-16,1.,0.));
#481=DIRECTION('',(0.500000000000037,-6.12323399573722E-17,0.866025403784417));
#482=FACE_BOUND('',#483,.T.);
#483=EDGE_LOOP('',(#1032,#1033,#1034,#1035));
#484=CYLINDRICAL_SURFACE('',#485,16.5);
#485=AXIS2_PLACEMENT_3D('',#486,#487,#488);
#486=CARTESIAN_POINT('',(-4.89858719658941E-16,-32.,0.));
#487=DIRECTION('',(1.22464679914735E-16,1.,0.));
#488=DIRECTION('',(-0.642787609684202,7.87187788731336E-17,0.766044443120939));
#489=FACE_BOUND('',#490,.T.);
#490=EDGE_LOOP('',(#1036,#1037,#1038,#1039));
#491=CYLINDRICAL_SURFACE('',#492,2.5);
#492=AXIS2_PLACEMENT_3D('',#493,#494,#495);
#493=CARTESIAN_POINT('',(-8.99902653557881,-32.,10.7246222036931));
#494=DIRECTION('',(1.22464679914735E-16,1.,0.));
#495=DIRECTION('',(0.642787609684202,-7.87187788731337E-17,-0.766044443120939));
#496=FACE_BOUND('',#497,.T.);
#497=EDGE_LOOP('',(#1040,#1041,#1042,#1043));
#498=CYLINDRICAL_SURFACE('',#499,11.5);
#499=AXIS2_PLACEMENT_3D('',#500,#501,#502);
#500=CARTESIAN_POINT('',(-4.89858719658941E-16,-32.,0.));
#501=DIRECTION('',(-1.22464679914735E-16,-1.,0.));
#502=DIRECTION('',(0.500000000000037,-6.12323399573722E-17,0.866025403784417));
#503=FACE_BOUND('',#504,.T.);
#504=EDGE_LOOP('',(#1044,#1045,#1046,#1047));
#505=PLANE('',#506);
#506=AXIS2_PLACEMENT_3D('',#507,#508,#509);
#507=CARTESIAN_POINT('',(6.00804490610586,-33.2,-21.2553308281352));
#508=DIRECTION('',(-1.75579254881511E-15,1.,-1.61341464760425E-15));
#509=DIRECTION('',(0.70060905484773,2.38136866145332E-15,0.71354534002078));
#510=FACE_BOUND('',#511,.T.);
#511=EDGE_LOOP('',(#1048,#1049,#1050,#1051));
#512=PLANE('',#513);
#513=AXIS2_PLACEMENT_3D('',#514,#515,#516);
#514=CARTESIAN_POINT('',(4.8754537921494,-36.,-22.4088344917272));
#515=DIRECTION('',(-0.60674523961954,0.499999999999995,-0.617948391210003));
#516=DIRECTION('',(0.350304527423862,0.866025403784441,0.356772670010387));
#517=FACE_BOUND('',#518,.T.);
#518=EDGE_LOOP('',(#1052,#1053,#1054,#1055));
#519=PLANE('',#520);
#520=AXIS2_PLACEMENT_3D('',#521,#522,#523);
#521=CARTESIAN_POINT('',(12.3788705284718,-33.2,-12.237449172225));
#522=DIRECTION('',(-7.34635360131324E-16,1.,-2.26852930049918E-15));
#523=DIRECTION('',(0.258819045102112,2.38136866145332E-15,0.965925826289178));
#524=FACE_BOUND('',#525,.T.);
#525=EDGE_LOOP('',(#1056,#1057,#1058,#1059));
#526=PLANE('',#527);
#527=AXIS2_PLACEMENT_3D('',#528,#529,#530);
#528=CARTESIAN_POINT('',(11.9604686414607,-36.,-13.7989462725357));
#529=DIRECTION('',(-0.22414386804166,0.499999999999995,-0.836516303737905));
#530=DIRECTION('',(0.129409522551055,0.866025403784441,0.482962913144585));
#531=FACE_OUTER_BOUND('',#532,.T.);
#532=EDGE_LOOP('',(#1060));
#533=FACE_OUTER_BOUND('',#534,.T.);
#534=EDGE_LOOP('',(#1061));
#535=CYLINDRICAL_SURFACE('',#536,3.);
#536=AXIS2_PLACEMENT_3D('',#537,#538,#539);
#537=CARTESIAN_POINT('',(7.00000000000049,-36.,12.1243556529818));
#538=DIRECTION('',(-1.33226762955019E-16,1.22464679914735E-16,1.));
#539=DIRECTION('',(1.,-1.83697019872103E-16,1.33226762955019E-16));
#540=FACE_OUTER_BOUND('',#541,.T.);
#541=EDGE_LOOP('',(#1062));
#542=FACE_OUTER_BOUND('',#543,.T.);
#543=EDGE_LOOP('',(#1063));
#544=CYLINDRICAL_SURFACE('',#545,1.8);
#545=AXIS2_PLACEMENT_3D('',#546,#547,#548);
#546=CARTESIAN_POINT('',(9.89949493661541,-36.,-9.89949493660787));
#547=DIRECTION('',(0.965925826289178,2.44929359829471E-16,-0.258819045102112));
#548=DIRECTION('',(-0.258819045102112,-3.67394039744206E-16,-0.965925826289178));
#549=FACE_OUTER_BOUND('',#550,.T.);
#550=EDGE_LOOP('',(#1064));
#551=FACE_BOUND('',#552,.T.);
#552=EDGE_LOOP('',(#1065,#1066,#1067));
#553=CYLINDRICAL_SURFACE('',#554,1.8);
#554=AXIS2_PLACEMENT_3D('',#555,#556,#557);
#555=CARTESIAN_POINT('',(5.,-36.,-18.));
#556=DIRECTION('',(0.71354534002078,2.44929359829471E-16,-0.70060905484773));
#557=DIRECTION('',(-0.70060905484773,-3.67394039744206E-16,-0.71354534002078));
#558=FACE_BOUND('',#559,.T.);
#559=EDGE_LOOP('',(#1068,#1069,#1070,#1071));
#560=FACE_BOUND('',#561,.T.);
#561=EDGE_LOOP('',(#1072));
#562=PLANE('',#563);
#563=AXIS2_PLACEMENT_3D('',#564,#565,#566);
#564=CARTESIAN_POINT('',(-4.89858719658941E-16,-32.,0.));
#565=DIRECTION('',(1.22464679914735E-16,1.,0.));
#566=DIRECTION('',(-6.12323399573677E-17,7.49879891330929E-33,-1.));
#567=FACE_OUTER_BOUND('',#568,.T.);
#568=EDGE_LOOP('',(#1073));
#569=FACE_OUTER_BOUND('',#570,.T.);
#570=EDGE_LOOP('',(#1074));
#571=CYLINDRICAL_SURFACE('',#572,1.8);
#572=AXIS2_PLACEMENT_3D('',#573,#574,#575);
#573=CARTESIAN_POINT('',(7.0000000000005,-36.,12.1243556529818));
#574=DIRECTION('',(-8.99362500805629E-17,1.22464679914735E-16,1.));
#575=DIRECTION('',(1.,-1.83697019872103E-16,8.9936250080563E-17));
#576=FACE_BOUND('',#577,.T.);
#577=EDGE_LOOP('',(#1075,#1076,#1077,#1078,#1079,#1080,#1081,#1082,#1083));
#578=FACE_BOUND('',#579,.T.);
#579=EDGE_LOOP('',(#1084));
#580=FACE_BOUND('',#581,.T.);
#581=EDGE_LOOP('',(#1085));
#582=PLANE('',#583);
#583=AXIS2_PLACEMENT_3D('',#584,#585,#586);
#584=CARTESIAN_POINT('',(-4.89858719658941E-16,-32.,0.));
#585=DIRECTION('',(1.22464679914735E-16,1.,0.));
#586=DIRECTION('',(-6.12323399573677E-17,7.49879891330929E-33,-1.));
#587=FACE_OUTER_BOUND('',#588,.T.);
#588=EDGE_LOOP('',(#1086));
#589=FACE_OUTER_BOUND('',#590,.T.);
#590=EDGE_LOOP('',(#1087));
#591=CYLINDRICAL_SURFACE('',#592,1.5);
#592=AXIS2_PLACEMENT_3D('',#593,#594,#595);
#593=CARTESIAN_POINT('',(0.,-5.,0.));
#594=DIRECTION('',(0.,1.,0.));
#595=DIRECTION('',(1.83697019872103E-16,0.,1.));
#596=FACE_BOUND('',#597,.T.);
#597=EDGE_LOOP('',(#1088,#1089,#1090,#1091));
#598=PLANE('',#599);
#599=AXIS2_PLACEMENT_3D('',#600,#601,#602);
#600=CARTESIAN_POINT('',(10.2331615074624,-36.,15.1243556529818));
#601=DIRECTION('',(0.866025403784441,0.499999999999996,5.12790049702285E-16));
#602=DIRECTION('',(-0.499999999999996,0.866025403784441,0.));
#603=FACE_BOUND('',#604,.T.);
#604=EDGE_LOOP('',(#1092,#1093,#1094,#1095));
#605=PLANE('',#606);
#606=AXIS2_PLACEMENT_3D('',#607,#608,#609);
#607=CARTESIAN_POINT('',(8.61658075373146,-33.2,15.1243556529818));
#608=DIRECTION('',(2.19767164158121E-15,1.,0.));
#609=DIRECTION('',(-1.,2.19767164158121E-15,0.));
#610=FACE_OUTER_BOUND('',#611,.T.);
#611=EDGE_LOOP('',(#1096));
#612=FACE_OUTER_BOUND('',#613,.T.);
#613=EDGE_LOOP('',(#1097));
#614=CYLINDRICAL_SURFACE('',#615,1.8);
#615=AXIS2_PLACEMENT_3D('',#616,#617,#618);
#616=CARTESIAN_POINT('',(7.0000000000005,-36.,12.1243556529818));
#617=DIRECTION('',(-8.99362500805629E-17,1.22464679914735E-16,1.));
#618=DIRECTION('',(1.,-1.83697019872103E-16,8.9936250080563E-17));
#619=FACE_OUTER_BOUND('',#620,.T.);
#620=EDGE_LOOP('',(#1098));
#621=FACE_OUTER_BOUND('',#622,.T.);
#622=EDGE_LOOP('',(#1099));
#623=CYLINDRICAL_SURFACE('',#624,5.);
#624=AXIS2_PLACEMENT_3D('',#625,#626,#627);
#625=CARTESIAN_POINT('',(0.,-28.,0.));
#626=DIRECTION('',(0.,1.,0.));
#627=DIRECTION('',(1.83697019872103E-16,0.,1.));
#628=FACE_BOUND('',#629,.T.);
#629=EDGE_LOOP('',(#1100));
#630=FACE_BOUND('',#631,.T.);
#631=EDGE_LOOP('',(#1101));
#632=PLANE('',#633);
#633=AXIS2_PLACEMENT_3D('',#634,#635,#636);
#634=CARTESIAN_POINT('',(7.00000000000051,1.10218211923262E-15,21.1243556529818));
#635=DIRECTION('',(-1.22464679914735E-16,1.22464679914735E-16,1.));
#636=DIRECTION('',(1.,-1.83697019872103E-16,1.22464679914735E-16));
#637=FACE_OUTER_BOUND('',#638,.T.);
#638=EDGE_LOOP('',(#1102));
#639=FACE_OUTER_BOUND('',#640,.T.);
#640=EDGE_LOOP('',(#1103));
#641=CONICAL_SURFACE('',#642,4.43845925388253,0.443734872074049);
#642=AXIS2_PLACEMENT_3D('',#643,#644,#645);
#643=CARTESIAN_POINT('',(0.,1.18165905423668,0.));
#644=DIRECTION('',(0.,1.,0.));
#645=DIRECTION('',(1.83697019872103E-16,0.,1.));
#646=FACE_OUTER_BOUND('',#647,.T.);
#647=EDGE_LOOP('',(#1104));
#648=FACE_OUTER_BOUND('',#649,.T.);
#649=EDGE_LOOP('',(#1105));
#650=(BOUNDED_SURFACE()B_SPLINE_SURFACE(3,2,(
(#651,#652,#653),
(#654,#655,#656),
(#657,#658,#659),
(#660,#661,#662),
(#663,#664,#665),
(#666,#667,#668),
(#669,#670,#671),
(#672,#673,#674),
(#675,#676,#677),
(#678,#679,#680),
(#681,#682,#683),
(#684,#685,#686),
(#687,#688,#689),
(#690,#691,#692),
(#693,#694,#695),
(#696,#697,#698),
(#699,#700,#701),
(#702,#703,#704),
(#705,#706,#707),
(#708,#709,#710),
(#711,#712,#713),
(#714,#715,#716),
(#717,#718,#719),
(#720,#721,#722),
(#723,#724,#725),
(#726,#727,#728),
(#729,#730,#731),
(#732,#733,#734),
(#735,#736,#737),
(#738,#739,#740),
(#741,#742,#743),
(#744,#745,#746),
(#747,#748,#749),
(#750,#751,#752),
(#753,#754,#755),
(#756,#757,#758),
(#759,#760,#761),
(#762,#763,#764),
(#765,#766,#767),
(#768,#769,#770),
(#771,#772,#773),
(#774,#775,#776),
(#777,#778,#779),
(#780,#781,#782),
(#783,#784,#785),
(#786,#787,#788),
(#789,#790,#791),
(#792,#793,#794),
(#795,#796,#797)),
.UNSPECIFIED.,.T.,.F.,.F.)B_SPLINE_SURFACE_WITH_KNOTS((4,1,1,1,1,1,1,1,1,1,1,1,1,
1,1,1,1,1,1,1,1,1,1,1,1,1,1,1,1,1,1,1,1,1,1,1,1,1,1,1,1,1,1,1,1,1,4),
(3,3),
(0.,0.0419572755880924,0.0629796041331825,0.0840324194688878,0.105100234213408,0.126164524592516,
0.147230033963679,0.168295410623855,0.189360771452401,0.210426149288057,0.231491519495241,
0.252556892446493,0.273622264513933,0.29468763684614,0.315753009103365,0.336818381380787,
0.357883753653037,0.378949125926535,0.400014498199752,0.421079870473019,0.442145242746278,
0.463210615019538,0.484275987292796,0.505341359566056,0.526406731839315,0.547472104112573,
0.568537476385834,0.589602848659093,0.610668220932352,0.631733593205613,0.652798965478918,
0.673864337751883,0.694929710026766,0.715995082292437,0.737060454598622,0.758125826736732,
0.779191199542268,0.800256569792067,0.821321949514786,0.842387295213834,0.863452759297789,
0.884517826007641,0.905584185045537,0.926644444797472,0.947677820164363,0.96756460374167,
1.),
(0.,1.),
.UNSPECIFIED.)GEOMETRIC_REPRESENTATION_ITEM()RATIONAL_B_SPLINE_SURFACE((
(1.,0.938559713043746,1.),
(1.,0.938559713043746,1.),
(1.,0.938559713043746,1.),
(1.,0.938559713043746,1.),
(1.,0.938559713043746,1.),
(1.,0.938559713043746,1.),
(1.,0.938559713043746,1.),
(1.,0.938559713043746,1.),
(1.,0.938559713043746,1.),
(1.,0.938559713043746,1.),
(1.,0.938559713043746,1.),
(1.,0.938559713043746,1.),
(1.,0.938559713043746,1.),
(1.,0.938559713043746,1.),
(1.,0.938559713043746,1.),
(1.,0.938559713043746,1.),
(1.,0.938559713043746,1.),
(1.,0.938559713043746,1.),
(1.,0.938559713043746,1.),
(1.,0.938559713043746,1.),
(1.,0.938559713043746,1.),
(1.,0.938559713043746,1.),
(1.,0.938559713043746,1.),
(1.,0.938559713043746,1.),
(1.,0.938559713043746,1.),
(1.,0.938559713043746,1.),
(1.,0.938559713043746,1.),
(1.,0.938559713043746,1.),
(1.,0.938559713043746,1.),
(1.,0.938559713043746,1.),
(1.,0.938559713043746,1.),
(1.,0.938559713043746,1.),
(1.,0.938559713043746,1.),
(1.,0.938559713043746,1.),
(1.,0.938559713043746,1.),
(1.,0.938559713043746,1.),
(1.,0.938559713043746,1.),
(1.,0.938559713043746,1.),
(1.,0.938559713043746,1.),
(1.,0.938559713043746,1.),
(1.,0.938559713043746,1.),
(1.,0.938559713043746,1.),
(1.,0.938559713043746,1.),
(1.,0.938559713043746,1.),
(1.,0.938559713043746,1.),
(1.,0.938559713043746,1.),
(1.,0.938559713043746,1.),
(1.,0.938559713043746,1.),
(1.,0.938559713043746,1.)))REPRESENTATION_ITEM('')SURFACE());
#651=CARTESIAN_POINT('',(1.24963961560303E-15,-9.64173137814348,6.80272122254936));
#652=CARTESIAN_POINT('',(9.18485099360514E-16,-10.913640897089,5.));
#653=CARTESIAN_POINT('',(9.18485099360514E-16,-13.8289821205348,5.));
#654=CARTESIAN_POINT('',(0.597821188462585,-9.64173137814347,6.80281783574201));
#655=CARTESIAN_POINT('',(0.439398564857364,-10.913640897089,5.00007101069519));
#656=CARTESIAN_POINT('',(0.439398564857364,-13.8289821205348,5.00007101069519));
#657=CARTESIAN_POINT('',(1.49500755486114,-9.64173137814348,6.6836158972575));
#658=CARTESIAN_POINT('',(1.09883053115976,-10.913640897089,4.91245758763636));
#659=CARTESIAN_POINT('',(1.09883053115976,-13.8289821205349,4.91245758763636));
#660=CARTESIAN_POINT('',(2.63026343534748,-9.64173137814348,6.29515565554083));
#661=CARTESIAN_POINT('',(1.93324358686697,-10.913640897089,4.62693931560352));
#662=CARTESIAN_POINT('',(1.93324358686697,-13.8289821205348,4.62693931560352));
#663=CARTESIAN_POINT('',(3.43740646742729,-9.64173137814348,5.89339987859459));
#664=CARTESIAN_POINT('',(2.52649370374984,-10.913640897089,4.33164882536961));
#665=CARTESIAN_POINT('',(2.52649370374984,-13.8289821205348,4.33164882536961));
#666=CARTESIAN_POINT('',(4.18498275819049,-9.64173137814348,5.38831839842619));
#667=CARTESIAN_POINT('',(3.07596226662816,-10.913640897089,3.96041394476465));
#668=CARTESIAN_POINT('',(3.07596226662816,-13.8289821205348,3.96041394476465));
#669=CARTESIAN_POINT('',(4.85949684470266,-9.64173137814348,4.7888746912352));
#670=CARTESIAN_POINT('',(3.57173011044066,-10.913640897089,3.51982282866542));
#671=CARTESIAN_POINT('',(3.57173011044066,-13.8289821205349,3.51982282866542));
#672=CARTESIAN_POINT('',(5.44898112994005,-9.64173137814348,4.10568484353655));
#673=CARTESIAN_POINT('',(4.00500105154831,-10.913640897089,3.01767830050657));
#674=CARTESIAN_POINT('',(4.00500105154831,-13.8289821205348,3.01767830050657));
#675=CARTESIAN_POINT('',(5.94315593753191,-9.64173137814348,3.3506625028069));
#676=CARTESIAN_POINT('',(4.36821952796757,-10.913640897089,2.46273689101081));
#677=CARTESIAN_POINT('',(4.36821952796757,-13.8289821205348,2.46273689101081));
#678=CARTESIAN_POINT('',(6.33336619825615,-9.64173137814348,2.5370286296155));
#679=CARTESIAN_POINT('',(4.6550240639456,-10.913640897089,1.86471600600497));
#680=CARTESIAN_POINT('',(4.6550240639456,-13.8289821205348,1.86471600600497));
#681=CARTESIAN_POINT('',(6.61278697612257,-9.64173137814348,1.67901465429356));
#682=CARTESIAN_POINT('',(4.86039833162851,-10.913640897089,1.23407574657626));
#683=CARTESIAN_POINT('',(4.86039833162851,-13.8289821205348,1.23407574657626));
#684=CARTESIAN_POINT('',(6.77653041154386,-9.64173137814348,0.791629532683273));
#685=CARTESIAN_POINT('',(4.98074975429047,-10.913640897089,0.58184769505122));
#686=CARTESIAN_POINT('',(4.98074975429047,-13.8289821205348,0.58184769505122));
#687=CARTESIAN_POINT('',(6.82173209964858,-9.64173137814347,-0.109603470077477));
#688=CARTESIAN_POINT('',(5.01397299439244,-10.913640897089,-0.0805585489187538));
#689=CARTESIAN_POINT('',(5.01397299439244,-13.8289821205348,-0.0805585489187536));
#690=CARTESIAN_POINT('',(6.74760133507229,-9.64173137814348,-1.00891921128681));
#691=CARTESIAN_POINT('',(4.95948688350306,-10.913640897089,-0.74155560567622));
#692=CARTESIAN_POINT('',(4.95948688350305,-13.8289821205348,-0.74155560567622));
#693=CARTESIAN_POINT('',(6.55543488847986,-9.64173137814348,-1.89058593492307));
#694=CARTESIAN_POINT('',(4.81824454804218,-10.913640897089,-1.38958063477321));
#695=CARTESIAN_POINT('',(4.81824454804218,-13.8289821205348,-1.38958063477321));
#696=CARTESIAN_POINT('',(6.24859432211809,-9.64173137814348,-2.73918067153596));
#697=CARTESIAN_POINT('',(4.5927167362125,-10.913640897089,-2.01329775388725));
#698=CARTESIAN_POINT('',(4.5927167362125,-13.8289821205348,-2.01329775388725));
#699=CARTESIAN_POINT('',(5.83244719434796,-9.64173137814347,-3.5398589631591));
#700=CARTESIAN_POINT('',(4.28684860333157,-10.913640897089,-2.60179628662815));
#701=CARTESIAN_POINT('',(4.28684860333157,-13.8289821205348,-2.60179628662815));
#702=CARTESIAN_POINT('',(5.31427315983758,-9.64173137814348,-4.27861455806608));
#703=CARTESIAN_POINT('',(3.90599069547497,-10.913640897089,-3.14478163817996));
#704=CARTESIAN_POINT('',(3.90599069547497,-13.8289821205348,-3.14478163817996));
#705=CARTESIAN_POINT('',(4.70313662894288,-9.64173137814348,-4.94252441606242));
#706=CARTESIAN_POINT('',(3.45680535412294,-10.913640897089,-3.63275537418699));
#707=CARTESIAN_POINT('',(3.45680535412294,-13.8289821205348,-3.63275537418699));
#708=CARTESIAN_POINT('',(4.00972820329533,-9.64173137814347,-5.51997477254855));
#709=CARTESIAN_POINT('',(2.94715017131972,-10.913640897089,-4.05718137783684));
#710=CARTESIAN_POINT('',(2.94715017131972,-13.8289821205348,-4.05718137783684));
#711=CARTESIAN_POINT('',(3.24617766554238,-9.64173137814348,-6.00086429754988));
#712=CARTESIAN_POINT('',(2.38594053713541,-10.913640897089,-4.41063517174456));
#713=CARTESIAN_POINT('',(2.38594053713541,-13.8289821205348,-4.41063517174456));
#714=CARTESIAN_POINT('',(2.4258417931739,-9.64173137814348,-6.37678079820576));
#715=CARTESIAN_POINT('',(1.78299368283153,-10.913640897089,-4.68693379427948));
#716=CARTESIAN_POINT('',(1.78299368283153,-13.8289821205348,-4.68693379427947));
#717=CARTESIAN_POINT('',(1.56307070864489,-9.64173137814347,-6.64114837310922));
#718=CARTESIAN_POINT('',(1.14885694820456,-10.913640897089,-4.88124395800274));
#719=CARTESIAN_POINT('',(1.14885694820456,-13.8289821205348,-4.88124395800273));
#720=CARTESIAN_POINT('',(0.672956852905456,-9.64173137814348,-6.78934244444942));
#721=CARTESIAN_POINT('',(0.494623277134133,-10.913640897089,-4.9901665982904));
#722=CARTESIAN_POINT('',(0.494623277134133,-13.8289821205348,-4.9901665982904));
#723=CARTESIAN_POINT('',(-0.228929026429377,-9.64173137814347,-6.81877065567782));
#724=CARTESIAN_POINT('',(-0.168262831108332,-10.913640897089,-5.01179633311685));
#725=CARTESIAN_POINT('',(-0.168262831108332,-13.8289821205348,-5.01179633311685));
#726=CARTESIAN_POINT('',(-1.12681025392188,-9.64173137814348,-6.72891821956036));
#727=CARTESIAN_POINT('',(-0.82820552030471,-10.913640897089,-4.94575479387251));
#728=CARTESIAN_POINT('',(-0.82820552030471,-13.8289821205348,-4.94575479387251));
#729=CARTESIAN_POINT('',(-2.00498020744569,-9.64173137814348,-6.52135692334241));
#730=CARTESIAN_POINT('',(-1.47366042341973,-10.913640897089,-4.79319724415995));
#731=CARTESIAN_POINT('',(-1.47366042341973,-13.8289821205348,-4.79319724415995));
#732=CARTESIAN_POINT('',(-2.84807707387857,-9.64173137814348,-6.1997176334993));
#733=CARTESIAN_POINT('',(-2.09333660803112,-10.913640897089,-4.55679237078593));
#734=CARTESIAN_POINT('',(-2.09333660803112,-13.8289821205348,-4.55679237078593));
#735=CARTESIAN_POINT('',(-3.6413525730566,-9.64173137814348,-5.7696267810465));
#736=CARTESIAN_POINT('',(-2.67639408843214,-10.913640897089,-4.24067560046529));
#737=CARTESIAN_POINT('',(-2.67639408843214,-13.8289821205348,-4.24067560046528));
#738=CARTESIAN_POINT('',(-4.37092994920609,-9.64173137814348,-5.23860793847069));
#739=CARTESIAN_POINT('',(-3.21263344933019,-10.913640897089,-3.85037675886671));
#740=CARTESIAN_POINT('',(-3.21263344933019,-13.8289821205348,-3.85037675886671));
#741=CARTESIAN_POINT('',(-5.02404671681359,-9.64173137814348,-4.61595020999468));
#742=CARTESIAN_POINT('',(-3.69267426405781,-10.913640897089,-3.39272333745937));
#743=CARTESIAN_POINT('',(-3.69267426405781,-13.8289821205348,-3.39272333745937));
#744=CARTESIAN_POINT('',(-5.58927791457902,-9.64173137814347,-3.91254573742864));
#745=CARTESIAN_POINT('',(-4.10811918622501,-10.913640897089,-2.87572106031591));
#746=CARTESIAN_POINT('',(-4.10811918622501,-13.8289821205348,-2.87572106031591));
#747=CARTESIAN_POINT('',(-6.05673596210612,-9.64173137814348,-3.14069916407513));
#748=CARTESIAN_POINT('',(-4.4517008443838,-10.913640897089,-2.3084138400854));
#749=CARTESIAN_POINT('',(-4.4517008443838,-13.8289821205348,-2.3084138400854));
#750=CARTESIAN_POINT('',(-6.41824362309272,-9.64173137814348,-2.3139123899637));
#751=CARTESIAN_POINT('',(-4.71740896997058,-10.913640897089,-1.70072557309393));
#752=CARTESIAN_POINT('',(-4.71740896997058,-13.8289821205348,-1.70072557309393));
#753=CARTESIAN_POINT('',(-6.66747704994472,-9.64173137814347,-1.44664838252615));
#754=CARTESIAN_POINT('',(-4.90059553509532,-10.913640897089,-1.06328654019429));
#755=CARTESIAN_POINT('',(-4.90059553509532,-13.8289821205348,-1.06328654019429));
#756=CARTESIAN_POINT('',(-6.80007640569682,-9.64173137814348,-0.554078179698125));
#757=CARTESIAN_POINT('',(-4.9980560596517,-10.913640897089,-0.407247454049337));
#758=CARTESIAN_POINT('',(-4.9980560596517,-13.8289821205348,-0.407247454049337));
#759=CARTESIAN_POINT('',(-6.81372213294453,-9.64173137814348,0.34818451164603));
#760=CARTESIAN_POINT('',(-5.00808566898104,-10.913640897089,0.255915611014518));
#761=CARTESIAN_POINT('',(-5.00808566898104,-13.8289821205348,0.255915611014518));
#762=CARTESIAN_POINT('',(-6.70817552802168,-9.64173137814348,1.24435638756009));
#763=CARTESIAN_POINT('',(-4.93050891589215,-10.913640897089,0.914601926825515));
#764=CARTESIAN_POINT('',(-4.93050891589215,-13.8289821205348,0.914601926825514));
#765=CARTESIAN_POINT('',(-6.48528289525754,-9.64173137814348,2.11876086314066));
#766=CARTESIAN_POINT('',(-4.7666828340403,-10.913640897089,1.55728920370681));
#767=CARTESIAN_POINT('',(-4.7666828340403,-13.8289821205349,1.55728920370681));
#768=CARTESIAN_POINT('',(-6.14894342902436,-9.64173137814348,2.95610152086329));
#769=CARTESIAN_POINT('',(-4.51947333123258,-10.913640897089,2.17273457499958));
#770=CARTESIAN_POINT('',(-4.51947333123258,-13.8289821205348,2.17273457499958));
#771=CARTESIAN_POINT('',(-5.70504002345934,-9.64173137814347,3.74173234972402));
#772=CARTESIAN_POINT('',(-4.19320433457461,-10.913640897089,2.75017322282816));
#773=CARTESIAN_POINT('',(-4.19320433457461,-13.8289821205348,2.75017322282816));
#774=CARTESIAN_POINT('',(-5.16134084533334,-9.64173137814348,4.4619053629236));
#775=CARTESIAN_POINT('',(-3.79358544653039,-10.913640897089,3.27950037709429));
#776=CARTESIAN_POINT('',(-3.79358544653039,-13.8289821205348,3.27950037709429));
#777=CARTESIAN_POINT('',(-4.52734513057888,-9.64173137814347,5.10403736640205));
#778=CARTESIAN_POINT('',(-3.32759860537267,-10.913640897089,3.75146739034623));
#779=CARTESIAN_POINT('',(-3.32759860537268,-13.8289821205348,3.75146739034624));
#780=CARTESIAN_POINT('',(-3.81420882287362,-9.64173137814348,5.65683625118976));
#781=CARTESIAN_POINT('',(-2.80344342954291,-10.913640897089,4.15777456265497));
#782=CARTESIAN_POINT('',(-2.80344342954291,-13.8289821205348,4.15777456265496));
#783=CARTESIAN_POINT('',(-3.03475438171575,-9.64173137814347,6.11046987772361));
#784=CARTESIAN_POINT('',(-2.23054442658644,-10.913640897089,4.49119527158402));
#785=CARTESIAN_POINT('',(-2.23054442658644,-13.8289821205348,4.49119527158402));
#786=CARTESIAN_POINT('',(-2.21784208346041,-9.64173137814348,6.45088061623314));
#787=CARTESIAN_POINT('',(-1.6301138992061,-10.913640897089,4.74139715945586));
#788=CARTESIAN_POINT('',(-1.6301138992061,-13.8289821205348,4.74139715945586));
#789=CARTESIAN_POINT('',(-1.20756550443357,-9.64173137814347,6.72644431602762));
#790=CARTESIAN_POINT('',(-0.887560628260629,-10.913640897089,4.94393647481179));
#791=CARTESIAN_POINT('',(-0.887560628260629,-13.8289821205348,4.94393647481179));
#792=CARTESIAN_POINT('',(-0.462150291400534,-9.64173137814348,6.80264653497389));
#793=CARTESIAN_POINT('',(-0.339680457482675,-10.913640897089,4.9999451046331));
#794=CARTESIAN_POINT('',(-0.339680457482675,-13.8289821205348,4.9999451046331));
#795=CARTESIAN_POINT('',(1.24963961560303E-15,-9.64173137814348,6.80272122254936));
#796=CARTESIAN_POINT('',(9.18485099360514E-16,-10.913640897089,5.));
#797=CARTESIAN_POINT('',(9.18485099360514E-16,-13.8289821205348,5.));
#798=FACE_OUTER_BOUND('',#799,.T.);
#799=EDGE_LOOP('',(#1106));
#800=FACE_OUTER_BOUND('',#801,.T.);
#801=EDGE_LOOP('',(#1107));
#802=TOROIDAL_SURFACE('',#803,8.28007303496519,1.);
#803=AXIS2_PLACEMENT_3D('',#804,#805,#806);
#804=CARTESIAN_POINT('',(0.,6.93400249031123,0.));
#805=DIRECTION('',(0.,1.,0.));
#806=DIRECTION('',(1.83697019872103E-16,0.,1.));
#807=FACE_OUTER_BOUND('',#808,.T.);
#808=EDGE_LOOP('',(#1108));
#809=FACE_OUTER_BOUND('',#810,.T.);
#810=EDGE_LOOP('',(#1109));
#811=SPHERICAL_SURFACE('',#812,11.8);
#812=AXIS2_PLACEMENT_3D('',#813,#814,#815);
#813=CARTESIAN_POINT('',(0.,0.,0.));
#814=DIRECTION('',(0.,1.,0.));
#815=DIRECTION('',(1.83697019872103E-16,0.,1.));
#816=ORIENTED_EDGE('',*,*,#1110,.F.);
#817=ORIENTED_EDGE('',*,*,#1111,.T.);
#818=ORIENTED_EDGE('',*,*,#1112,.T.);
#819=ORIENTED_EDGE('',*,*,#1113,.F.);
#820=ORIENTED_EDGE('',*,*,#1114,.T.);
#821=ORIENTED_EDGE('',*,*,#1112,.F.);
#822=ORIENTED_EDGE('',*,*,#1115,.T.);
#823=ORIENTED_EDGE('',*,*,#1116,.T.);
#824=ORIENTED_EDGE('',*,*,#1117,.T.);
#825=ORIENTED_EDGE('',*,*,#1118,.T.);
#826=ORIENTED_EDGE('',*,*,#1119,.T.);
#827=ORIENTED_EDGE('',*,*,#1120,.T.);
#828=ORIENTED_EDGE('',*,*,#1121,.T.);
#829=ORIENTED_EDGE('',*,*,#1122,.T.);
#830=ORIENTED_EDGE('',*,*,#1118,.F.);
#831=ORIENTED_EDGE('',*,*,#1123,.T.);
#832=ORIENTED_EDGE('',*,*,#1123,.F.);
#833=ORIENTED_EDGE('',*,*,#1119,.F.);
#834=ORIENTED_EDGE('',*,*,#1114,.F.);
#835=ORIENTED_EDGE('',*,*,#1124,.T.);
#836=ORIENTED_EDGE('',*,*,#1124,.F.);
#837=ORIENTED_EDGE('',*,*,#1121,.F.);
#838=ORIENTED_EDGE('',*,*,#1125,.F.);
#839=ORIENTED_EDGE('',*,*,#1126,.F.);
#840=ORIENTED_EDGE('',*,*,#1127,.T.);
#841=ORIENTED_EDGE('',*,*,#1110,.T.);
#842=ORIENTED_EDGE('',*,*,#1128,.T.);
#843=ORIENTED_EDGE('',*,*,#1129,.F.);
#844=ORIENTED_EDGE('',*,*,#1130,.F.);
#845=ORIENTED_EDGE('',*,*,#1131,.F.);
#846=ORIENTED_EDGE('',*,*,#1132,.F.);
#847=ORIENTED_EDGE('',*,*,#1115,.F.);
#848=ORIENTED_EDGE('',*,*,#1111,.F.);
#849=ORIENTED_EDGE('',*,*,#1127,.F.);
#850=ORIENTED_EDGE('',*,*,#1133,.F.);
#851=ORIENTED_EDGE('',*,*,#1134,.T.);
#852=ORIENTED_EDGE('',*,*,#1135,.T.);
#853=ORIENTED_EDGE('',*,*,#1136,.T.);
#854=ORIENTED_EDGE('',*,*,#1137,.T.);
#855=ORIENTED_EDGE('',*,*,#1138,.T.);
#856=ORIENTED_EDGE('',*,*,#1139,.T.);
#857=ORIENTED_EDGE('',*,*,#1140,.T.);
#858=ORIENTED_EDGE('',*,*,#1141,.T.);
#859=ORIENTED_EDGE('',*,*,#1142,.T.);
#860=ORIENTED_EDGE('',*,*,#1143,.T.);
#861=ORIENTED_EDGE('',*,*,#1144,.T.);
#862=ORIENTED_EDGE('',*,*,#1145,.T.);
#863=ORIENTED_EDGE('',*,*,#1146,.T.);
#864=ORIENTED_EDGE('',*,*,#1147,.T.);
#865=ORIENTED_EDGE('',*,*,#1148,.T.);
#866=ORIENTED_EDGE('',*,*,#1149,.T.);
#867=ORIENTED_EDGE('',*,*,#1150,.F.);
#868=ORIENTED_EDGE('',*,*,#1151,.T.);
#869=ORIENTED_EDGE('',*,*,#1128,.F.);
#870=ORIENTED_EDGE('',*,*,#1113,.T.);
#871=ORIENTED_EDGE('',*,*,#1117,.F.);
#872=ORIENTED_EDGE('',*,*,#1152,.T.);
#873=ORIENTED_EDGE('',*,*,#1153,.F.);
#874=ORIENTED_EDGE('',*,*,#1154,.T.);
#875=ORIENTED_EDGE('',*,*,#1155,.F.);
#876=ORIENTED_EDGE('',*,*,#1156,.T.);
#877=ORIENTED_EDGE('',*,*,#1157,.T.);
#878=ORIENTED_EDGE('',*,*,#1158,.T.);
#879=ORIENTED_EDGE('',*,*,#1159,.T.);
#880=ORIENTED_EDGE('',*,*,#1160,.T.);
#881=ORIENTED_EDGE('',*,*,#1161,.T.);
#882=ORIENTED_EDGE('',*,*,#1162,.F.);
#883=ORIENTED_EDGE('',*,*,#1163,.T.);
#884=ORIENTED_EDGE('',*,*,#1164,.T.);
#885=ORIENTED_EDGE('',*,*,#1165,.T.);
#886=ORIENTED_EDGE('',*,*,#1166,.T.);
#887=ORIENTED_EDGE('',*,*,#1167,.T.);
#888=ORIENTED_EDGE('',*,*,#1168,.T.);
#889=ORIENTED_EDGE('',*,*,#1169,.T.);
#890=ORIENTED_EDGE('',*,*,#1116,.F.);
#891=ORIENTED_EDGE('',*,*,#1132,.T.);
#892=ORIENTED_EDGE('',*,*,#1170,.T.);
#893=ORIENTED_EDGE('',*,*,#1152,.F.);
#894=ORIENTED_EDGE('',*,*,#1140,.F.);
#895=ORIENTED_EDGE('',*,*,#1171,.F.);
#896=ORIENTED_EDGE('',*,*,#1172,.F.);
#897=ORIENTED_EDGE('',*,*,#1173,.F.);
#898=ORIENTED_EDGE('',*,*,#1174,.F.);
#899=ORIENTED_EDGE('',*,*,#1120,.F.);
#900=ORIENTED_EDGE('',*,*,#1136,.F.);
#901=ORIENTED_EDGE('',*,*,#1175,.F.);
#902=ORIENTED_EDGE('',*,*,#1176,.F.);
#903=ORIENTED_EDGE('',*,*,#1177,.F.);
#904=ORIENTED_EDGE('',*,*,#1178,.F.);
#905=ORIENTED_EDGE('',*,*,#1122,.F.);
#906=ORIENTED_EDGE('',*,*,#1179,.T.);
#907=ORIENTED_EDGE('',*,*,#1125,.T.);
#908=ORIENTED_EDGE('',*,*,#1151,.F.);
#909=ORIENTED_EDGE('',*,*,#1180,.F.);
#910=ORIENTED_EDGE('',*,*,#1133,.T.);
#911=ORIENTED_EDGE('',*,*,#1126,.T.);
#912=ORIENTED_EDGE('',*,*,#1181,.F.);
#913=ORIENTED_EDGE('',*,*,#1129,.T.);
#914=ORIENTED_EDGE('',*,*,#1180,.T.);
#915=ORIENTED_EDGE('',*,*,#1150,.T.);
#916=ORIENTED_EDGE('',*,*,#1181,.T.);
#917=ORIENTED_EDGE('',*,*,#1154,.F.);
#918=ORIENTED_EDGE('',*,*,#1182,.F.);
#919=ORIENTED_EDGE('',*,*,#1130,.T.);
#920=ORIENTED_EDGE('',*,*,#1170,.F.);
#921=ORIENTED_EDGE('',*,*,#1131,.T.);
#922=ORIENTED_EDGE('',*,*,#1182,.T.);
#923=ORIENTED_EDGE('',*,*,#1153,.T.);
#924=ORIENTED_EDGE('',*,*,#1134,.F.);
#925=ORIENTED_EDGE('',*,*,#1183,.T.);
#926=ORIENTED_EDGE('',*,*,#1184,.T.);
#927=ORIENTED_EDGE('',*,*,#1185,.T.);
#928=ORIENTED_EDGE('',*,*,#1186,.T.);
#929=ORIENTED_EDGE('',*,*,#1187,.F.);
#930=ORIENTED_EDGE('',*,*,#1135,.F.);
#931=ORIENTED_EDGE('',*,*,#1186,.F.);
#932=ORIENTED_EDGE('',*,*,#1188,.T.);
#933=ORIENTED_EDGE('',*,*,#1175,.T.);
#934=ORIENTED_EDGE('',*,*,#1137,.F.);
#935=ORIENTED_EDGE('',*,*,#1178,.T.);
#936=ORIENTED_EDGE('',*,*,#1189,.F.);
#937=ORIENTED_EDGE('',*,*,#1183,.F.);
#938=ORIENTED_EDGE('',*,*,#1138,.F.);
#939=ORIENTED_EDGE('',*,*,#1190,.T.);
#940=ORIENTED_EDGE('',*,*,#1191,.T.);
#941=ORIENTED_EDGE('',*,*,#1192,.T.);
#942=ORIENTED_EDGE('',*,*,#1193,.T.);
#943=ORIENTED_EDGE('',*,*,#1194,.F.);
#944=ORIENTED_EDGE('',*,*,#1139,.F.);
#945=ORIENTED_EDGE('',*,*,#1193,.F.);
#946=ORIENTED_EDGE('',*,*,#1195,.T.);
#947=ORIENTED_EDGE('',*,*,#1171,.T.);
#948=ORIENTED_EDGE('',*,*,#1141,.F.);
#949=ORIENTED_EDGE('',*,*,#1174,.T.);
#950=ORIENTED_EDGE('',*,*,#1196,.F.);
#951=ORIENTED_EDGE('',*,*,#1190,.F.);
#952=ORIENTED_EDGE('',*,*,#1197,.F.);
#953=ORIENTED_EDGE('',*,*,#1142,.F.);
#954=ORIENTED_EDGE('',*,*,#1198,.T.);
#955=ORIENTED_EDGE('',*,*,#1199,.F.);
#956=ORIENTED_EDGE('',*,*,#1143,.F.);
#957=ORIENTED_EDGE('',*,*,#1200,.T.);
#958=ORIENTED_EDGE('',*,*,#1201,.F.);
#959=ORIENTED_EDGE('',*,*,#1202,.T.);
#960=ORIENTED_EDGE('',*,*,#1203,.T.);
#961=ORIENTED_EDGE('',*,*,#1204,.T.);
#962=ORIENTED_EDGE('',*,*,#1144,.F.);
#963=ORIENTED_EDGE('',*,*,#1205,.T.);
#964=ORIENTED_EDGE('',*,*,#1145,.F.);
#965=ORIENTED_EDGE('',*,*,#1146,.F.);
#966=ORIENTED_EDGE('',*,*,#1206,.T.);
#967=ORIENTED_EDGE('',*,*,#1207,.T.);
#968=ORIENTED_EDGE('',*,*,#1208,.T.);
#969=ORIENTED_EDGE('',*,*,#1209,.T.);
#970=ORIENTED_EDGE('',*,*,#1210,.F.);
#971=ORIENTED_EDGE('',*,*,#1147,.F.);
#972=ORIENTED_EDGE('',*,*,#1209,.F.);
#973=ORIENTED_EDGE('',*,*,#1211,.T.);
#974=ORIENTED_EDGE('',*,*,#1212,.T.);
#975=ORIENTED_EDGE('',*,*,#1148,.F.);
#976=ORIENTED_EDGE('',*,*,#1212,.F.);
#977=ORIENTED_EDGE('',*,*,#1213,.F.);
#978=ORIENTED_EDGE('',*,*,#1214,.F.);
#979=ORIENTED_EDGE('',*,*,#1215,.F.);
#980=ORIENTED_EDGE('',*,*,#1216,.F.);
#981=ORIENTED_EDGE('',*,*,#1149,.F.);
#982=ORIENTED_EDGE('',*,*,#1215,.T.);
#983=ORIENTED_EDGE('',*,*,#1217,.F.);
#984=ORIENTED_EDGE('',*,*,#1206,.F.);
#985=ORIENTED_EDGE('',*,*,#1218,.T.);
#986=ORIENTED_EDGE('',*,*,#1155,.T.);
#987=ORIENTED_EDGE('',*,*,#1219,.F.);
#988=ORIENTED_EDGE('',*,*,#1220,.T.);
#989=ORIENTED_EDGE('',*,*,#1218,.F.);
#990=ORIENTED_EDGE('',*,*,#1221,.F.);
#991=ORIENTED_EDGE('',*,*,#1222,.T.);
#992=ORIENTED_EDGE('',*,*,#1156,.F.);
#993=ORIENTED_EDGE('',*,*,#1157,.F.);
#994=ORIENTED_EDGE('',*,*,#1222,.F.);
#995=ORIENTED_EDGE('',*,*,#1223,.F.);
#996=ORIENTED_EDGE('',*,*,#1224,.T.);
#997=ORIENTED_EDGE('',*,*,#1158,.F.);
#998=ORIENTED_EDGE('',*,*,#1224,.F.);
#999=ORIENTED_EDGE('',*,*,#1225,.F.);
#1000=ORIENTED_EDGE('',*,*,#1226,.T.);
#1001=ORIENTED_EDGE('',*,*,#1227,.F.);
#1002=ORIENTED_EDGE('',*,*,#1227,.T.);
#1003=ORIENTED_EDGE('',*,*,#1228,.T.);
#1004=ORIENTED_EDGE('',*,*,#1160,.F.);
#1005=ORIENTED_EDGE('',*,*,#1159,.F.);
#1006=ORIENTED_EDGE('',*,*,#1229,.T.);
#1007=ORIENTED_EDGE('',*,*,#1230,.T.);
#1008=ORIENTED_EDGE('',*,*,#1161,.F.);
#1009=ORIENTED_EDGE('',*,*,#1228,.F.);
#1010=ORIENTED_EDGE('',*,*,#1226,.F.);
#1011=ORIENTED_EDGE('',*,*,#1231,.F.);
#1012=ORIENTED_EDGE('',*,*,#1232,.T.);
#1013=ORIENTED_EDGE('',*,*,#1162,.T.);
#1014=ORIENTED_EDGE('',*,*,#1230,.F.);
#1015=ORIENTED_EDGE('',*,*,#1233,.T.);
#1016=ORIENTED_EDGE('',*,*,#1232,.F.);
#1017=ORIENTED_EDGE('',*,*,#1234,.F.);
#1018=ORIENTED_EDGE('',*,*,#1235,.T.);
#1019=ORIENTED_EDGE('',*,*,#1163,.F.);
#1020=ORIENTED_EDGE('',*,*,#1164,.F.);
#1021=ORIENTED_EDGE('',*,*,#1235,.F.);
#1022=ORIENTED_EDGE('',*,*,#1236,.F.);
#1023=ORIENTED_EDGE('',*,*,#1237,.T.);
#1024=ORIENTED_EDGE('',*,*,#1219,.T.);
#1025=ORIENTED_EDGE('',*,*,#1165,.F.);
#1026=ORIENTED_EDGE('',*,*,#1237,.F.);
#1027=ORIENTED_EDGE('',*,*,#1238,.F.);
#1028=ORIENTED_EDGE('',*,*,#1166,.F.);
#1029=ORIENTED_EDGE('',*,*,#1239,.F.);
#1030=ORIENTED_EDGE('',*,*,#1240,.F.);
#1031=ORIENTED_EDGE('',*,*,#1241,.T.);
#1032=ORIENTED_EDGE('',*,*,#1167,.F.);
#1033=ORIENTED_EDGE('',*,*,#1241,.F.);
#1034=ORIENTED_EDGE('',*,*,#1242,.F.);
#1035=ORIENTED_EDGE('',*,*,#1243,.T.);
#1036=ORIENTED_EDGE('',*,*,#1168,.F.);
#1037=ORIENTED_EDGE('',*,*,#1243,.F.);
#1038=ORIENTED_EDGE('',*,*,#1244,.F.);
#1039=ORIENTED_EDGE('',*,*,#1245,.T.);
#1040=ORIENTED_EDGE('',*,*,#1169,.F.);
#1041=ORIENTED_EDGE('',*,*,#1245,.F.);
#1042=ORIENTED_EDGE('',*,*,#1246,.F.);
#1043=ORIENTED_EDGE('',*,*,#1239,.T.);
#1044=ORIENTED_EDGE('',*,*,#1247,.T.);
#1045=ORIENTED_EDGE('',*,*,#1172,.T.);
#1046=ORIENTED_EDGE('',*,*,#1195,.F.);
#1047=ORIENTED_EDGE('',*,*,#1192,.F.);
#1048=ORIENTED_EDGE('',*,*,#1196,.T.);
#1049=ORIENTED_EDGE('',*,*,#1173,.T.);
#1050=ORIENTED_EDGE('',*,*,#1247,.F.);
#1051=ORIENTED_EDGE('',*,*,#1191,.F.);
#1052=ORIENTED_EDGE('',*,*,#1248,.T.);
#1053=ORIENTED_EDGE('',*,*,#1176,.T.);
#1054=ORIENTED_EDGE('',*,*,#1188,.F.);
#1055=ORIENTED_EDGE('',*,*,#1185,.F.);
#1056=ORIENTED_EDGE('',*,*,#1189,.T.);
#1057=ORIENTED_EDGE('',*,*,#1177,.T.);
#1058=ORIENTED_EDGE('',*,*,#1248,.F.);
#1059=ORIENTED_EDGE('',*,*,#1184,.F.);
#1060=ORIENTED_EDGE('',*,*,#1179,.F.);
#1061=ORIENTED_EDGE('',*,*,#1249,.T.);
#1062=ORIENTED_EDGE('',*,*,#1187,.T.);
#1063=ORIENTED_EDGE('',*,*,#1200,.F.);
#1064=ORIENTED_EDGE('',*,*,#1194,.T.);
#1065=ORIENTED_EDGE('',*,*,#1204,.F.);
#1066=ORIENTED_EDGE('',*,*,#1203,.F.);
#1067=ORIENTED_EDGE('',*,*,#1202,.F.);
#1068=ORIENTED_EDGE('',*,*,#1240,.T.);
#1069=ORIENTED_EDGE('',*,*,#1246,.T.);
#1070=ORIENTED_EDGE('',*,*,#1244,.T.);
#1071=ORIENTED_EDGE('',*,*,#1242,.T.);
#1072=ORIENTED_EDGE('',*,*,#1197,.T.);
#1073=ORIENTED_EDGE('',*,*,#1210,.T.);
#1074=ORIENTED_EDGE('',*,*,#1198,.F.);
#1075=ORIENTED_EDGE('',*,*,#1220,.F.);
#1076=ORIENTED_EDGE('',*,*,#1238,.T.);
#1077=ORIENTED_EDGE('',*,*,#1236,.T.);
#1078=ORIENTED_EDGE('',*,*,#1234,.T.);
#1079=ORIENTED_EDGE('',*,*,#1233,.F.);
#1080=ORIENTED_EDGE('',*,*,#1231,.T.);
#1081=ORIENTED_EDGE('',*,*,#1225,.T.);
#1082=ORIENTED_EDGE('',*,*,#1223,.T.);
#1083=ORIENTED_EDGE('',*,*,#1221,.T.);
#1084=ORIENTED_EDGE('',*,*,#1199,.T.);
#1085=ORIENTED_EDGE('',*,*,#1201,.T.);
#1086=ORIENTED_EDGE('',*,*,#1250,.T.);
#1087=ORIENTED_EDGE('',*,*,#1205,.F.);
#1088=ORIENTED_EDGE('',*,*,#1217,.T.);
#1089=ORIENTED_EDGE('',*,*,#1214,.T.);
#1090=ORIENTED_EDGE('',*,*,#1251,.F.);
#1091=ORIENTED_EDGE('',*,*,#1207,.F.);
#1092=ORIENTED_EDGE('',*,*,#1251,.T.);
#1093=ORIENTED_EDGE('',*,*,#1213,.T.);
#1094=ORIENTED_EDGE('',*,*,#1211,.F.);
#1095=ORIENTED_EDGE('',*,*,#1208,.F.);
#1096=ORIENTED_EDGE('',*,*,#1252,.T.);
#1097=ORIENTED_EDGE('',*,*,#1216,.T.);
#1098=ORIENTED_EDGE('',*,*,#1253,.F.);
#1099=ORIENTED_EDGE('',*,*,#1229,.F.);
#1100=ORIENTED_EDGE('',*,*,#1249,.F.);
#1101=ORIENTED_EDGE('',*,*,#1252,.F.);
#1102=ORIENTED_EDGE('',*,*,#1254,.T.);
#1103=ORIENTED_EDGE('',*,*,#1250,.F.);
#1104=ORIENTED_EDGE('',*,*,#1255,.F.);
#1105=ORIENTED_EDGE('',*,*,#1253,.T.);
#1106=ORIENTED_EDGE('',*,*,#1256,.T.);
#1107=ORIENTED_EDGE('',*,*,#1254,.F.);
#1108=ORIENTED_EDGE('',*,*,#1256,.F.);
#1109=ORIENTED_EDGE('',*,*,#1255,.T.);
#1110=EDGE_CURVE('',#1257,#1258,#1259,.T.);
#1111=EDGE_CURVE('',#1257,#1260,#1261,.T.);
#1112=EDGE_CURVE('',#1260,#1262,#1263,.T.);
#1113=EDGE_CURVE('',#1258,#1262,#1264,.T.);
#1114=EDGE_CURVE('',#1265,#1265,#1266,.F.);
#1115=EDGE_CURVE('',#1260,#1267,#1268,.F.);
#1116=EDGE_CURVE('',#1267,#1269,#1270,.T.);
#1117=EDGE_CURVE('',#1269,#1262,#1271,.F.);
#1118=EDGE_CURVE('',#1272,#1272,#1273,.F.);
#1119=EDGE_CURVE('',#1274,#1274,#1275,.T.);
#1120=EDGE_CURVE('',#1276,#1276,#1277,.F.);
#1121=EDGE_CURVE('',#1278,#1278,#1279,.T.);
#1122=EDGE_CURVE('',#1280,#1280,#1281,.F.);
#1123=EDGE_CURVE('',#1282,#1282,#1283,.F.);
#1124=EDGE_CURVE('',#1284,#1284,#1285,.F.);
#1125=EDGE_CURVE('',#1286,#1287,#1288,.T.);
#1126=EDGE_CURVE('',#1289,#1286,#1290,.T.);
#1127=EDGE_CURVE('',#1289,#1257,#1291,.F.);
#1128=EDGE_CURVE('',#1258,#1287,#1292,.F.);
#1129=EDGE_CURVE('',#1293,#1294,#1295,.F.);
#1130=EDGE_CURVE('',#1296,#1293,#1297,.T.);
#1131=EDGE_CURVE('',#1298,#1296,#1299,.F.);
#1132=EDGE_CURVE('',#1267,#1298,#1300,.T.);
#1133=EDGE_CURVE('',#1294,#1289,#1301,.T.);
#1134=EDGE_CURVE('',#1302,#1303,#1304,.F.);
#1135=EDGE_CURVE('',#1303,#1305,#1306,.T.);
#1136=EDGE_CURVE('',#1305,#1307,#1308,.T.);
#1137=EDGE_CURVE('',#1307,#1302,#1309,.T.);
#1138=EDGE_CURVE('',#1310,#1311,#1312,.F.);
#1139=EDGE_CURVE('',#1311,#1313,#1314,.T.);
#1140=EDGE_CURVE('',#1313,#1315,#1316,.T.);
#1141=EDGE_CURVE('',#1315,#1310,#1317,.T.);
#1142=EDGE_CURVE('',#1318,#1318,#1319,.T.);
#1143=EDGE_CURVE('',#1320,#1320,#1321,.T.);
#1144=EDGE_CURVE('',#1322,#1322,#1323,.T.);
#1145=EDGE_CURVE('',#1324,#1324,#1325,.T.);
#1146=EDGE_CURVE('',#1326,#1327,#1328,.F.);
#1147=EDGE_CURVE('',#1327,#1329,#1330,.T.);
#1148=EDGE_CURVE('',#1329,#1331,#1332,.T.);
#1149=EDGE_CURVE('',#1331,#1326,#1333,.T.);
#1150=EDGE_CURVE('',#1334,#1335,#1336,.F.);
#1151=EDGE_CURVE('',#1334,#1287,#1337,.T.);
#1152=EDGE_CURVE('',#1269,#1338,#1339,.T.);
#1153=EDGE_CURVE('',#1340,#1338,#1341,.F.);
#1154=EDGE_CURVE('',#1340,#1335,#1342,.T.);
#1155=EDGE_CURVE('',#1343,#1344,#1345,.F.);
#1156=EDGE_CURVE('',#1343,#1346,#1347,.F.);
#1157=EDGE_CURVE('',#1346,#1348,#1349,.F.);
#1158=EDGE_CURVE('',#1348,#1350,#1351,.F.);
#1159=EDGE_CURVE('',#1350,#1352,#1353,.F.);
#1160=EDGE_CURVE('',#1352,#1354,#1355,.F.);
#1161=EDGE_CURVE('',#1354,#1356,#1357,.F.);
#1162=EDGE_CURVE('',#1358,#1356,#1359,.F.);
#1163=EDGE_CURVE('',#1358,#1360,#1361,.F.);
#1164=EDGE_CURVE('',#1360,#1362,#1363,.F.);
#1165=EDGE_CURVE('',#1362,#1344,#1364,.F.);
#1166=EDGE_CURVE('',#1365,#1366,#1367,.F.);
#1167=EDGE_CURVE('',#1366,#1368,#1369,.F.);
#1168=EDGE_CURVE('',#1368,#1370,#1371,.F.);
#1169=EDGE_CURVE('',#1370,#1365,#1372,.F.);
#1170=EDGE_CURVE('',#1298,#1338,#1373,.T.);
#1171=EDGE_CURVE('',#1374,#1313,#1375,.T.);
#1172=EDGE_CURVE('',#1376,#1374,#1377,.T.);
#1173=EDGE_CURVE('',#1378,#1376,#1379,.T.);
#1174=EDGE_CURVE('',#1315,#1378,#1380,.T.);
#1175=EDGE_CURVE('',#1381,#1305,#1382,.T.);
#1176=EDGE_CURVE('',#1383,#1381,#1384,.T.);
#1177=EDGE_CURVE('',#1385,#1383,#1386,.T.);
#1178=EDGE_CURVE('',#1307,#1385,#1387,.T.);
#1179=EDGE_CURVE('',#1286,#1286,#1388,.F.);
#1180=EDGE_CURVE('',#1294,#1334,#1389,.T.);
#1181=EDGE_CURVE('',#1293,#1335,#1390,.T.);
#1182=EDGE_CURVE('',#1296,#1340,#1391,.T.);
#1183=EDGE_CURVE('',#1302,#1392,#1393,.T.);
#1184=EDGE_CURVE('',#1392,#1394,#1395,.T.);
#1185=EDGE_CURVE('',#1394,#1396,#1397,.T.);
#1186=EDGE_CURVE('',#1396,#1303,#1398,.T.);
#1187=EDGE_CURVE('',#1399,#1399,#1400,.T.);
#1188=EDGE_CURVE('',#1396,#1381,#1401,.T.);
#1189=EDGE_CURVE('',#1392,#1385,#1402,.T.);
#1190=EDGE_CURVE('',#1310,#1403,#1404,.T.);
#1191=EDGE_CURVE('',#1403,#1405,#1406,.T.);
#1192=EDGE_CURVE('',#1405,#1407,#1408,.T.);
#1193=EDGE_CURVE('',#1407,#1311,#1409,.T.);
#1194=EDGE_CURVE('',#1410,#1410,#1411,.T.);
#1195=EDGE_CURVE('',#1407,#1374,#1412,.T.);
#1196=EDGE_CURVE('',#1403,#1378,#1413,.T.);
#1197=EDGE_CURVE('',#1414,#1414,#1415,.F.);
#1198=EDGE_CURVE('',#1416,#1416,#1417,.T.);
#1199=EDGE_CURVE('',#1418,#1418,#1419,.F.);
#1200=EDGE_CURVE('',#1420,#1420,#1421,.T.);
#1201=EDGE_CURVE('',#1422,#1422,#1423,.F.);
#1202=EDGE_CURVE('',#1424,#1425,#1426,.T.);
#1203=EDGE_CURVE('',#1425,#1427,#1428,.T.);
#1204=EDGE_CURVE('',#1427,#1424,#1429,.T.);
#1205=EDGE_CURVE('',#1430,#1430,#1431,.T.);
#1206=EDGE_CURVE('',#1326,#1432,#1433,.T.);
#1207=EDGE_CURVE('',#1432,#1434,#1435,.T.);
#1208=EDGE_CURVE('',#1434,#1436,#1437,.T.);
#1209=EDGE_CURVE('',#1436,#1327,#1438,.T.);
#1210=EDGE_CURVE('',#1439,#1439,#1440,.T.);
#1211=EDGE_CURVE('',#1436,#1441,#1442,.T.);
#1212=EDGE_CURVE('',#1441,#1329,#1443,.T.);
#1213=EDGE_CURVE('',#1444,#1441,#1445,.T.);
#1214=EDGE_CURVE('',#1446,#1444,#1447,.T.);
#1215=EDGE_CURVE('',#1331,#1446,#1448,.T.);
#1216=EDGE_CURVE('',#1449,#1449,#1450,.F.);
#1217=EDGE_CURVE('',#1432,#1446,#1451,.T.);
#1218=EDGE_CURVE('',#1452,#1343,#1453,.T.);
#1219=EDGE_CURVE('',#1454,#1344,#1455,.T.);
#1220=EDGE_CURVE('',#1454,#1452,#1456,.F.);
#1221=EDGE_CURVE('',#1457,#1452,#1458,.T.);
#1222=EDGE_CURVE('',#1457,#1346,#1459,.T.);
#1223=EDGE_CURVE('',#1460,#1457,#1461,.T.);
#1224=EDGE_CURVE('',#1460,#1348,#1462,.T.);
#1225=EDGE_CURVE('',#1463,#1460,#1464,.T.);
#1226=EDGE_CURVE('',#1463,#1465,#1466,.T.);
#1227=EDGE_CURVE('',#1350,#1465,#1467,.F.);
#1228=EDGE_CURVE('',#1465,#1354,#1468,.T.);
#1229=EDGE_CURVE('',#1469,#1469,#1470,.F.);
#1230=EDGE_CURVE('',#1471,#1356,#1472,.T.);
#1231=EDGE_CURVE('',#1471,#1463,#1473,.T.);
#1232=EDGE_CURVE('',#1474,#1358,#1475,.T.);
#1233=EDGE_CURVE('',#1471,#1474,#1476,.F.);
#1234=EDGE_CURVE('',#1477,#1474,#1478,.T.);
#1235=EDGE_CURVE('',#1477,#1360,#1479,.T.);
#1236=EDGE_CURVE('',#1480,#1477,#1481,.T.);
#1237=EDGE_CURVE('',#1480,#1362,#1482,.T.);
#1238=EDGE_CURVE('',#1454,#1480,#1483,.T.);
#1239=EDGE_CURVE('',#1484,#1365,#1485,.T.);
#1240=EDGE_CURVE('',#1486,#1484,#1487,.T.);
#1241=EDGE_CURVE('',#1486,#1366,#1488,.T.);
#1242=EDGE_CURVE('',#1489,#1486,#1490,.T.);
#1243=EDGE_CURVE('',#1489,#1368,#1491,.T.);
#1244=EDGE_CURVE('',#1492,#1489,#1493,.T.);
#1245=EDGE_CURVE('',#1492,#1370,#1494,.T.);
#1246=EDGE_CURVE('',#1484,#1492,#1495,.T.);
#1247=EDGE_CURVE('',#1405,#1376,#1496,.T.);
#1248=EDGE_CURVE('',#1394,#1383,#1497,.T.);
#1249=EDGE_CURVE('',#1498,#1498,#1499,.F.);
#1250=EDGE_CURVE('',#1500,#1500,#1501,.T.);
#1251=EDGE_CURVE('',#1434,#1444,#1502,.T.);
#1252=EDGE_CURVE('',#1503,#1503,#1504,.T.);
#1253=EDGE_CURVE('',#1505,#1505,#1506,.T.);
#1254=EDGE_CURVE('',#1507,#1507,#1508,.T.);
#1255=EDGE_CURVE('',#1509,#1509,#1510,.T.);
#1256=EDGE_CURVE('',#1511,#1511,#1512,.T.);
#1257=VERTEX_POINT('',#1513);
#1258=VERTEX_POINT('',#1514);
#1259=LINE('',#1515,#1516);
#1260=VERTEX_POINT('',#1518);
#1261=LINE('',#1519,#1520);
#1262=VERTEX_POINT('',#1522);
#1263=LINE('',#1523,#1524);
#1264=LINE('',#1526,#1527);
#1265=VERTEX_POINT('',#1529);
#1266=(BOUNDED_CURVE()B_SPLINE_CURVE(3,
(#1530,#1531,#1532,#1533,#1534,#1535,#1536),
.UNSPECIFIED.,.T.,.F.)B_SPLINE_CURVE_WITH_KNOTS((4,3,4),
(0.,0.5,1.),
.UNSPECIFIED.)CURVE()GEOMETRIC_REPRESENTATION_ITEM()RATIONAL_B_SPLINE_CURVE((1.,
0.333333333333333,0.333333333333333,1.,0.333333333333333,0.333333333333333,1.))
REPRESENTATION_ITEM(''));
#1267=VERTEX_POINT('',#1537);
#1268=CIRCLE('',#1538,10.);
#1269=VERTEX_POINT('',#1542);
#1270=LINE('',#1543,#1544);
#1271=CIRCLE('',#1546,9.99999999999999);
#1272=VERTEX_POINT('',#1550);
#1273=(BOUNDED_CURVE()B_SPLINE_CURVE(3,
(#1551,#1552,#1553,#1554,#1555,#1556,#1557,#1558,#1559,#1560,#1561,#1562,#1563,#1564,
#1565,#1566,#1567,#1568,#1569,#1570,#1571,#1572,#1573,#1574,#1575,#1576,#1577,#1578,
#1579,#1580,#1581,#1582,#1583,#1584,#1585,#1586,#1587,#1588,#1589,#1590,#1591,#1592,
#1593,#1594,#1595,#1596,#1597,#1598,#1599,#1600,#1601,#1602,#1603,#1604,#1605,#1606,
#1607,#1608,#1609,#1610,#1611,#1612,#1613,#1614,#1615,#1616,#1617,#1618,#1619,#1620,
#1621,#1622,#1623,#1624,#1625),
.UNSPECIFIED.,.T.,.F.)B_SPLINE_CURVE_WITH_KNOTS((4,1,1,1,1,1,1,1,1,1,1,1,1,1,1,1,
1,1,1,1,1,1,1,1,1,1,1,1,1,1,1,1,1,1,1,1,1,1,1,1,1,1,1,1,1,1,1,1,1,1,1,1,1,1,1,1,
1,1,1,1,1,1,1,1,1,1,1,1,1,1,1,1,4),
(0.,0.0109397030639591,0.0222828063248369,0.0340335711633568,0.046575413386955,0.0595046291966777,
0.0735195912456681,0.0882411118159369,0.103619970439641,0.118956434705082,0.134851270341721,
0.151348114755928,0.168746345195466,0.186445875238161,0.204457834886355,0.222480195830398,
0.240433464781732,0.25738089493552,0.258301294309788,0.275477475202151,0.292041709980382,
0.307986481286032,0.323919867462561,0.338780964063212,0.35257652840614,0.364758648040782,
0.376377866631488,0.390087104400311,0.406438352696055,0.425414811798678,0.442030455461902,
0.45628414725763,0.468252575524213,0.480294625464977,0.49310187545987,0.499997718870701,
0.506613633593575,0.520616234023193,0.534397063545619,0.547892263017791,0.56132894598833,
0.574016623587724,0.586002544161478,0.599888644850892,0.616368793703969,0.631732908098793,
0.643380404914513,0.653981293325173,0.668294881480229,0.684325614728391,0.699421578827041,
0.713161446648805,0.727546828852483,0.74261929161065,0.742814094389737,0.758322897415565,
0.774419749631427,0.790867957014242,0.8080970107952,0.825759305532241,0.84344645738252,
0.860725650055151,0.877333982940411,0.893676072848614,0.909310425830352,0.924497688337037,
0.939044539360263,0.953388989866548,0.966160441098532,0.977555315706929,0.986307087486373,
0.993788041583022,1.),
.UNSPECIFIED.)CURVE()GEOMETRIC_REPRESENTATION_ITEM()RATIONAL_B_SPLINE_CURVE((1.,
1.,1.,1.,1.,1.,1.,1.,1.,1.,1.,1.,1.,1.,1.,1.,1.,1.,1.,1.,1.,1.,1.,1.,1.,1.,1.,1.,
1.,1.,1.,1.,1.,1.,1.,1.,1.,1.,1.,1.,1.,1.,1.,1.,1.,1.,1.,1.,1.,1.,1.,1.,1.,1.,1.,
1.,1.,1.,1.,1.,1.,1.,1.,1.,1.,1.,1.,1.,1.,1.,1.,1.,1.,1.,1.))REPRESENTATION_ITEM(
''));
#1274=VERTEX_POINT('',#1626);
#1275=CIRCLE('',#1627,1.8);
#1276=VERTEX_POINT('',#1631);
#1277=CIRCLE('',#1632,1.8);
#1278=VERTEX_POINT('',#1636);
#1279=CIRCLE('',#1637,1.8);
#1280=VERTEX_POINT('',#1641);
#1281=CIRCLE('',#1642,1.8);
#1282=VERTEX_POINT('',#1646);
#1283=CIRCLE('',#1647,3.);
#1284=VERTEX_POINT('',#1651);
#1285=CIRCLE('',#1652,3.);
#1286=VERTEX_POINT('',#1656);
#1287=VERTEX_POINT('',#1657);
#1288=LINE('',#1658,#1659);
#1289=VERTEX_POINT('',#1661);
#1290=LINE('',#1662,#1663);
#1291=CIRCLE('',#1665,9.99999999999999);
#1292=CIRCLE('',#1669,10.);
#1293=VERTEX_POINT('',#1673);
#1294=VERTEX_POINT('',#1674);
#1295=CIRCLE('',#1675,10.);
#1296=VERTEX_POINT('',#1679);
#1297=LINE('',#1680,#1681);
#1298=VERTEX_POINT('',#1683);
#1299=CIRCLE('',#1684,10.);
#1300=LINE('',#1688,#1689);
#1301=LINE('',#1691,#1692);
#1302=VERTEX_POINT('',#1694);
#1303=VERTEX_POINT('',#1695);
#1304=LINE('',#1696,#1697);
#1305=VERTEX_POINT('',#1699);
#1306=LINE('',#1700,#1701);
#1307=VERTEX_POINT('',#1703);
#1308=LINE('',#1704,#1705);
#1309=LINE('',#1707,#1708);
#1310=VERTEX_POINT('',#1710);
#1311=VERTEX_POINT('',#1711);
#1312=LINE('',#1712,#1713);
#1313=VERTEX_POINT('',#1715);
#1314=LINE('',#1716,#1717);
#1315=VERTEX_POINT('',#1719);
#1316=LINE('',#1720,#1721);
#1317=LINE('',#1723,#1724);
#1318=VERTEX_POINT('',#1726);
#1319=CIRCLE('',#1727,2.15);
#1320=VERTEX_POINT('',#1731);
#1321=CIRCLE('',#1732,2.15);
#1322=VERTEX_POINT('',#1736);
#1323=CIRCLE('',#1737,2.15);
#1324=VERTEX_POINT('',#1741);
#1325=CIRCLE('',#1742,7.5);
#1326=VERTEX_POINT('',#1746);
#1327=VERTEX_POINT('',#1747);
#1328=LINE('',#1748,#1749);
#1329=VERTEX_POINT('',#1751);
#1330=LINE('',#1752,#1753);
#1331=VERTEX_POINT('',#1755);
#1332=LINE('',#1756,#1757);
#1333=LINE('',#1759,#1760);
#1334=VERTEX_POINT('',#1762);
#1335=VERTEX_POINT('',#1763);
#1336=CIRCLE('',#1764,10.);
#1337=LINE('',#1768,#1769);
#1338=VERTEX_POINT('',#1771);
#1339=LINE('',#1772,#1773);
#1340=VERTEX_POINT('',#1775);
#1341=CIRCLE('',#1776,10.);
#1342=LINE('',#1780,#1781);
#1343=VERTEX_POINT('',#1783);
#1344=VERTEX_POINT('',#1784);
#1345=CIRCLE('',#1785,4.);
#1346=VERTEX_POINT('',#1789);
#1347=CIRCLE('',#1790,2.5);
#1348=VERTEX_POINT('',#1794);
#1349=CIRCLE('',#1795,29.1428571429618);
#1350=VERTEX_POINT('',#1799);
#1351=CIRCLE('',#1800,2.5);
#1352=VERTEX_POINT('',#1804);
#1353=CIRCLE('',#1805,11.);
#1354=VERTEX_POINT('',#1809);
#1355=CIRCLE('',#1810,11.);
#1356=VERTEX_POINT('',#1814);
#1357=CIRCLE('',#1815,24.1428571429618);
#1358=VERTEX_POINT('',#1819);
#1359=CIRCLE('',#1820,4.);
#1360=VERTEX_POINT('',#1824);
#1361=CIRCLE('',#1825,11.5000000000001);
#1362=VERTEX_POINT('',#1829);
#1363=CIRCLE('',#1830,2.5);
#1364=CIRCLE('',#1834,16.5000000000001);
#1365=VERTEX_POINT('',#1838);
#1366=VERTEX_POINT('',#1839);
#1367=CIRCLE('',#1840,2.5);
#1368=VERTEX_POINT('',#1844);
#1369=CIRCLE('',#1845,16.5);
#1370=VERTEX_POINT('',#1849);
#1371=CIRCLE('',#1850,2.5);
#1372=CIRCLE('',#1854,11.5);
#1373=LINE('',#1858,#1859);
#1374=VERTEX_POINT('',#1861);
#1375=LINE('',#1862,#1863);
#1376=VERTEX_POINT('',#1865);
#1377=LINE('',#1866,#1867);
#1378=VERTEX_POINT('',#1869);
#1379=LINE('',#1870,#1871);
#1380=LINE('',#1873,#1874);
#1381=VERTEX_POINT('',#1876);
#1382=LINE('',#1877,#1878);
#1383=VERTEX_POINT('',#1880);
#1384=LINE('',#1881,#1882);
#1385=VERTEX_POINT('',#1884);
#1386=LINE('',#1885,#1886);
#1387=LINE('',#1888,#1889);
#1388=CIRCLE('',#1891,3.);
#1389=LINE('',#1895,#1896);
#1390=LINE('',#1898,#1899);
#1391=LINE('',#1901,#1902);
#1392=VERTEX_POINT('',#1904);
#1393=LINE('',#1905,#1906);
#1394=VERTEX_POINT('',#1908);
#1395=LINE('',#1909,#1910);
#1396=VERTEX_POINT('',#1912);
#1397=LINE('',#1913,#1914);
#1398=LINE('',#1916,#1917);
#1399=VERTEX_POINT('',#1919);
#1400=CIRCLE('',#1920,1.8);
#1401=LINE('',#1924,#1925);
#1402=LINE('',#1927,#1928);
#1403=VERTEX_POINT('',#1930);
#1404=LINE('',#1931,#1932);
#1405=VERTEX_POINT('',#1934);
#1406=LINE('',#1935,#1936);
#1407=VERTEX_POINT('',#1938);
#1408=LINE('',#1939,#1940);
#1409=LINE('',#1942,#1943);
#1410=VERTEX_POINT('',#1945);
#1411=CIRCLE('',#1946,1.8);
#1412=LINE('',#1950,#1951);
#1413=LINE('',#1953,#1954);
#1414=VERTEX_POINT('',#1956);
#1415=CIRCLE('',#1957,2.15);
#1416=VERTEX_POINT('',#1961);
#1417=B_SPLINE_CURVE_WITH_KNOTS('',3,
(#1962,#1963,#1964,#1965,#1966,#1967,#1968,#1969,#1970,#1971,#1972,#1973,#1974,#1975,
#1976,#1977,#1978,#1979,#1980,#1981,#1982,#1983,#1984,#1985,#1986,#1987,#1988,#1989,
#1990,#1991,#1992,#1993,#1994,#1995,#1996,#1997,#1998,#1999,#2000,#2001,#2002,#2003,
#2004,#2005,#2006,#2007,#2008,#2009,#2010,#2011,#2012,#2013,#2014,#2015,#2016,#2017,
#2018,#2019,#2020,#2021,#2022,#2023,#2024,#2025,#2026,#2027,#2028,#2029,#2030,#2031,
#2032,#2033,#2034,#2035,#2036,#2037,#2038,#2039,#2040,#2041,#2042,#2043,#2044,#2045,
#2046),
.UNSPECIFIED.,.T.,.F.,
(4,1,1,1,1,1,1,1,1,1,1,1,1,1,1,1,1,1,1,1,1,1,1,1,1,1,1,1,1,1,1,1,1,1,1,1,1,1,1,1,
1,1,1,1,1,1,1,1,1,1,1,1,1,1,1,1,1,1,1,1,1,1,1,1,1,1,1,1,1,1,1,1,1,1,1,1,1,1,1,1,
1,1,4),
(0.,0.00841933412639216,0.0167313152995814,0.0249395001406459,0.0360568764590427,
0.0481612570867763,0.0612569918449028,0.0737849233408803,0.0877582794860381,0.103600003975422,
0.119869873277634,0.13650948349179,0.153081429065375,0.168768893072447,0.183627602130219,
0.197571272625972,0.211420486265191,0.225249592448171,0.239144866119912,0.250004182043954,
0.252615142665761,0.265589868595151,0.278086034911975,0.290615350313664,0.303165902314367,
0.315710065138752,0.328887090837897,0.342709439177786,0.357824735100783,0.373593715346531,
0.389913566643637,0.406129150224646,0.421509321019401,0.43615654684066,0.449045304206063,
0.460900932496129,0.47087206127217,0.479988768475888,0.488401097650395,0.496975873542035,
0.499999368648379,0.50544819594042,0.513648299526759,0.521935569222239,0.530562114467487,
0.539866751782793,0.549507167173811,0.560317592179303,0.571972045922627,0.585396842354141,
0.599755132806402,0.620135963937571,0.640262627637205,0.66013411803557,0.673837610737737,
0.686710274882807,0.698309096302499,0.709459834294477,0.719685041561348,0.729437122593392,
0.738727262228523,0.748031754059774,0.750001980866939,0.757367137211916,0.766726025417934,
0.776115974923803,0.785515085364141,0.795441957872743,0.805882908383189,0.821408979760105,
0.83821728443248,0.856309154024676,0.871587653104845,0.887349442175455,0.90313850966506,
0.918478675958555,0.932761173147195,0.946427438696687,0.958514816705035,0.969623264281331,
0.979761693140455,0.989883954807311,1.),
.UNSPECIFIED.);
#1418=VERTEX_POINT('',#2047);
#1419=CIRCLE('',#2048,2.15);
#1420=VERTEX_POINT('',#2052);
#1421=B_SPLINE_CURVE_WITH_KNOTS('',3,
(#2053,#2054,#2055,#2056,#2057,#2058,#2059,#2060,#2061,#2062,#2063,#2064,#2065,#2066,
#2067,#2068,#2069,#2070,#2071,#2072,#2073,#2074,#2075,#2076,#2077,#2078,#2079,#2080,
#2081,#2082,#2083,#2084,#2085,#2086,#2087,#2088,#2089,#2090,#2091,#2092,#2093,#2094,
#2095,#2096,#2097,#2098,#2099,#2100,#2101,#2102,#2103,#2104,#2105,#2106,#2107,#2108,
#2109,#2110,#2111,#2112,#2113,#2114,#2115,#2116,#2117,#2118,#2119,#2120,#2121,#2122,
#2123,#2124,#2125,#2126,#2127,#2128,#2129,#2130,#2131,#2132,#2133,#2134,#2135,#2136),
.UNSPECIFIED.,.T.,.F.,
(4,1,1,1,1,1,1,1,1,1,1,1,1,1,1,1,1,1,1,1,1,1,1,1,1,1,1,1,1,1,1,1,1,1,1,1,1,1,1,1,
1,1,1,1,1,1,1,1,1,1,1,1,1,1,1,1,1,1,1,1,1,1,1,1,1,1,1,1,1,1,1,1,1,1,1,1,1,1,1,1,
1,4),
(0.,0.00723575386263369,0.0166946163544937,0.026276762399649,0.0359787347661827,
0.044204703495171,0.0530736451850368,0.063276205406852,0.0741770144689051,0.0869053500515938,
0.100768246822478,0.116631054863077,0.133359152907328,0.150909131290409,0.168407878673563,
0.184591508048303,0.199494414591587,0.215764775678149,0.231105868655567,0.245521886568398,
0.25001016301424,0.256391336031916,0.267300542004468,0.278759458395488,0.290756578210773,
0.297272074679684,0.303270174213858,0.315768018828706,0.329053115940586,0.343147225051226,
0.358842542061608,0.375340299294314,0.39234438229435,0.409064613197111,0.424913951276522,
0.440177641812698,0.456787594732542,0.471803754175385,0.485221822641523,0.494742755291636,
0.500005355027272,0.503866229477484,0.512606049514971,0.521343218311952,0.533097075985349,
0.545469641402986,0.558457053178338,0.570370955502061,0.583610666291364,0.598428011415328,
0.613499590931031,0.629377406390062,0.64580086916992,0.662095804563466,0.677704175438428,
0.692689891143542,0.702735416867392,0.707728002646536,0.721913643684332,0.735191699908504,
0.747576107702525,0.750000649246278,0.759987093720965,0.772494086875516,0.785059491613552,
0.798131271376214,0.811662509416424,0.82604937528548,0.840841413213043,0.856930830347167,
0.873920791588137,0.891430269437712,0.908560959290533,0.92463824907827,0.940038453689316,
0.953196349705773,0.96477560811969,0.973999364923764,0.982438012015071,0.989196094499988,
0.995047290680772,1.),
.UNSPECIFIED.);
#1422=VERTEX_POINT('',#2137);
#1423=CIRCLE('',#2138,2.15);
#1424=VERTEX_POINT('',#2142);
#1425=VERTEX_POINT('',#2143);
#1426=B_SPLINE_CURVE_WITH_KNOTS('',3,
(#2144,#2145,#2146,#2147,#2148,#2149,#2150,#2151,#2152,#2153,#2154,#2155,#2156,#2157,
#2158,#2159,#2160,#2161,#2162,#2163,#2164,#2165,#2166,#2167,#2168,#2169,#2170,#2171,
#2172,#2173,#2174,#2175,#2176,#2177,#2178,#2179,#2180,#2181,#2182,#2183,#2184,#2185,
#2186,#2187,#2188,#2189,#2190,#2191,#2192,#2193,#2194,#2195,#2196,#2197,#2198,#2199,
#2200,#2201,#2202,#2203,#2204,#2205,#2206,#2207,#2208,#2209,#2210,#2211,#2212,#2213,
#2214,#2215,#2216,#2217,#2218,#2219,#2220,#2221,#2222,#2223,#2224,#2225,#2226,#2227,
#2228,#2229,#2230,#2231,#2232,#2233,#2234,#2235,#2236,#2237,#2238,#2239,#2240,#2241,
#2242,#2243,#2244,#2245,#2246,#2247,#2248,#2249,#2250,#2251,#2252,#2253,#2254,#2255,
#2256,#2257,#2258,#2259,#2260,#2261,#2262,#2263,#2264,#2265,#2266,#2267,#2268,#2269,
#2270,#2271,#2272,#2273,#2274,#2275,#2276,#2277,#2278,#2279,#2280,#2281,#2282,#2283,
#2284,#2285,#2286,#2287,#2288,#2289,#2290,#2291,#2292,#2293,#2294,#2295,#2296,#2297,
#2298,#2299,#2300,#2301,#2302,#2303,#2304,#2305),
.UNSPECIFIED.,.F.,.F.,
(4,1,1,1,1,1,1,1,1,1,1,1,1,1,1,1,1,1,1,1,1,1,1,1,1,1,1,1,1,1,1,1,1,1,1,1,1,1,1,1,
1,1,1,1,1,1,1,1,1,1,1,1,1,1,1,1,1,1,1,1,1,1,1,1,1,1,1,1,1,1,1,1,1,1,1,1,1,1,1,1,
1,1,1,1,1,1,1,1,1,1,1,1,1,1,1,1,1,1,1,1,1,1,1,1,1,1,1,1,1,1,1,1,1,1,1,1,1,1,1,1,
1,1,1,1,1,1,1,1,1,1,1,1,1,1,1,1,1,1,1,1,1,1,1,1,1,1,1,1,1,1,1,1,1,1,1,1,1,1,1,4),
(0.,0.00562661105468846,0.0112111162515503,0.0167642132070974,0.0223049829720166,
0.0278464757852664,0.0333805891054897,0.0389071695835442,0.044427056040255,0.0499481211689054,
0.0554509245311641,0.0609366875925663,0.0663863701750471,0.0718190032730778,0.0771967080681051,
0.0825378789275152,0.0895691910094952,0.0965230318869729,0.103403507755786,0.108446913723418,
0.113453282627962,0.118368607014949,0.123229796856165,0.12960072217484,0.136355967119739,
0.143498884982182,0.151310672751579,0.16080708049952,0.169620135596989,0.175913683794486,
0.179805256761722,0.183669392695336,0.187476018227976,0.191254218120922,0.195011185707622,
0.19714954233877,0.198772550846089,0.202963703108006,0.207579622549526,0.214314292731761,
0.221071370624259,0.227848314378747,0.232987591265858,0.238164558372985,0.24609804438535,
0.256866428263344,0.267776433119639,0.276115526815333,0.28280982432002,0.290578178364996,
0.298542984961841,0.305652729610638,0.315241924112153,0.328399180531457,0.341823047774201,
0.352147264690358,0.361612207037847,0.373470870193067,0.385330000876288,0.388385004795809,
0.394743736073663,0.401116532305184,0.4068392445632,0.411889654656393,0.4169138676317,
0.421822766514924,0.42664272558314,0.431304694904474,0.435901445676724,0.441720994405395,
0.447382856891365,0.45288416762481,0.457205437164389,0.461787545759303,0.468081370054687,
0.474206648732692,0.48015291438027,0.484061954648662,0.487556107854327,0.490598473416563,
0.493605906844442,0.497527045157292,0.499996329948321,0.502373136731792,0.507488748302403,
0.511958681599509,0.517072300768564,0.522201904459111,0.527352615172417,0.53094933027463,
0.534265211928318,0.537326681302941,0.540419249045837,0.543592749714243,0.546819135344564,
0.551239690431801,0.555768326017374,0.560398525389198,0.565304135064887,0.572651996403084,
0.583701901803584,0.594816229105996,0.60486481941111,0.611613893670249,0.614389925764075,
0.623639616449444,0.632611948466357,0.641848204034438,0.653479360129393,0.665114785922266,
0.674410845653728,0.683544088758959,0.694822310571956,0.705388775485422,0.713025344441491,
0.717769532487336,0.722472088755455,0.727069076329926,0.731603585969093,0.73751444338772,
0.743783674647414,0.750413914064531,0.757715982283006,0.766662513374236,0.775453596893545,
0.782339939875006,0.789088363860718,0.797479509478427,0.802859187174821,0.805863556811781,
0.812560094427992,0.819273552237808,0.826002826947533,0.832745632698826,0.837410453797394,
0.841669864677374,0.846847445980837,0.854321692250706,0.864182241519106,0.87331535313397,
0.880747151694393,0.887436054556122,0.895203943713607,0.903097552759801,0.910060883210658,
0.919052141616892,0.930997091971595,0.942893784365747,0.951752281535225,0.957086400917235,
0.961900537627387,0.966187482364821,0.970466416794068,0.974723171742975,0.978965561144447,
0.983187070559971,0.987402473233088,0.991605691728282,0.995799654179763,1.),
.UNSPECIFIED.);
#1427=VERTEX_POINT('',#2306);
#1428=B_SPLINE_CURVE_WITH_KNOTS('',3,
(#2307,#2308,#2309,#2310,#2311,#2312,#2313,#2314,#2315,#2316,#2317,#2318,#2319,#2320,
#2321,#2322,#2323,#2324,#2325,#2326,#2327,#2328,#2329,#2330,#2331,#2332,#2333,#2334,
#2335,#2336,#2337,#2338,#2339,#2340,#2341),
.UNSPECIFIED.,.F.,.F.,
(4,1,1,1,1,1,1,1,1,1,1,1,1,1,1,1,1,1,1,1,1,1,1,1,1,1,1,1,1,1,1,1,4),
(0.,0.0452807958906917,0.0814760274631998,0.108535542346728,0.13555706341587,0.162494439791949,
0.189389199110163,0.216233035362568,0.243071808214503,0.269846248319163,0.296548891935898,
0.323122550866198,0.349648938812522,0.390522282793115,0.450985617440769,0.530500260227781,
0.597658854390893,0.64723487808543,0.676808975827976,0.703411441157704,0.726953570613491,
0.750401057418236,0.77358330897893,0.796656521477464,0.819560062536644,0.84242935162706,
0.865211439034701,0.887884312196096,0.91045357737914,0.933003394486182,0.955444863380076,
0.977785530070968,1.),
.UNSPECIFIED.);
#1429=B_SPLINE_CURVE_WITH_KNOTS('',3,
(#2342,#2343,#2344,#2345,#2346,#2347,#2348,#2349,#2350,#2351,#2352,#2353,#2354,#2355,
#2356,#2357,#2358,#2359,#2360,#2361,#2362,#2363,#2364,#2365,#2366,#2367,#2368,#2369,
#2370,#2371,#2372),
.UNSPECIFIED.,.F.,.F.,
(4,1,1,1,1,1,1,1,1,1,1,1,1,1,1,1,1,1,1,1,1,1,1,1,1,1,1,1,4),
(0.,0.0272499297397397,0.0546030841101857,0.0820097639994346,0.109388651408403,0.136737902090452,
0.164013240561948,0.191179596391879,0.218211189083118,0.245141372215241,0.271868127351036,
0.298427477236038,0.32474737249398,0.35098577222725,0.379887814464439,0.411581247127077,
0.457354023313452,0.514263175618806,0.581728720523885,0.648032919787491,0.702328789877897,
0.74519726751138,0.781719792351927,0.822745481935343,0.86296629776078,0.89771427531159,
0.92947520058743,0.963593021447392,1.),
.UNSPECIFIED.);
#1430=VERTEX_POINT('',#2373);
#1431=CIRCLE('',#2374,1.5);
#1432=VERTEX_POINT('',#2378);
#1433=LINE('',#2379,#2380);
#1434=VERTEX_POINT('',#2382);
#1435=LINE('',#2383,#2384);
#1436=VERTEX_POINT('',#2386);
#1437=LINE('',#2387,#2388);
#1438=LINE('',#2390,#2391);
#1439=VERTEX_POINT('',#2393);
#1440=CIRCLE('',#2394,1.8);
#1441=VERTEX_POINT('',#2398);
#1442=LINE('',#2399,#2400);
#1443=LINE('',#2402,#2403);
#1444=VERTEX_POINT('',#2405);
#1445=LINE('',#2406,#2407);
#1446=VERTEX_POINT('',#2409);
#1447=LINE('',#2410,#2411);
#1448=LINE('',#2413,#2414);
#1449=VERTEX_POINT('',#2416);
#1450=CIRCLE('',#2417,1.8);
#1451=LINE('',#2421,#2422);
#1452=VERTEX_POINT('',#2424);
#1453=LINE('',#2425,#2426);
#1454=VERTEX_POINT('',#2428);
#1455=LINE('',#2429,#2430);
#1456=CIRCLE('',#2432,4.);
#1457=VERTEX_POINT('',#2436);
#1458=CIRCLE('',#2437,2.5);
#1459=LINE('',#2441,#2442);
#1460=VERTEX_POINT('',#2444);
#1461=CIRCLE('',#2445,29.1428571429618);
#1462=LINE('',#2449,#2450);
#1463=VERTEX_POINT('',#2452);
#1464=CIRCLE('',#2453,2.5);
#1465=VERTEX_POINT('',#2457);
#1466=LINE('',#2458,#2459);
#1467=B_SPLINE_CURVE_WITH_KNOTS('',3,
(#2461,#2462,#2463,#2464,#2465,#2466,#2467,#2468,#2469,#2470,#2471,#2472,#2473,#2474,
#2475,#2476,#2477,#2478,#2479,#2480,#2481,#2482,#2483,#2484,#2485,#2486,#2487,#2488,
#2489,#2490,#2491,#2492,#2493,#2494,#2495,#2496,#2497,#2498,#2499,#2500,#2501,#2502,
#2503,#2504),
.UNSPECIFIED.,.F.,.F.,
(4,1,1,1,1,1,1,1,1,1,1,1,1,1,1,1,1,1,1,1,1,1,1,1,1,1,1,1,1,1,1,1,1,1,1,1,1,1,1,1,
1,4),
(0.,0.0191892801232316,0.0385401105688827,0.0580501847388567,0.0778818369566913,
0.0978635609173693,0.118356621444612,0.139237903612609,0.160702803610961,0.182365339342824,
0.204550393789549,0.227045439964887,0.250073672711273,0.273340675982244,0.297010589617391,
0.320857834790879,0.344861919571464,0.368873170334061,0.392777907747439,0.416544012208395,
0.447650376530773,0.478205459768176,0.508296726308397,0.530206555791878,0.551930151766925,
0.573477350408367,0.595039396377404,0.624284662679247,0.655991314730694,0.690111824484193,
0.727709271861755,0.764356031844873,0.799982569484593,0.824021966503958,0.846202136043429,
0.874301973201185,0.90849523195767,0.940833838607676,0.963591507436791,0.977084057059247,
0.989221046676554,1.),
.UNSPECIFIED.);
#1468=B_SPLINE_CURVE_WITH_KNOTS('',3,
(#2505,#2506,#2507,#2508,#2509,#2510,#2511,#2512,#2513,#2514,#2515,#2516,#2517,#2518,
#2519,#2520,#2521,#2522,#2523,#2524,#2525,#2526,#2527,#2528,#2529,#2530,#2531,#2532,
#2533,#2534,#2535,#2536),
.UNSPECIFIED.,.F.,.F.,
(4,1,1,1,1,1,1,1,1,1,1,1,1,1,1,1,1,1,1,1,1,1,1,1,1,1,1,1,1,4),
(0.,0.0145482830517484,0.0268982082770816,0.0376449571371284,0.0489865608520382,
0.0670461527174915,0.0866553465340451,0.107810777779195,0.125348869644734,0.143851224398048,
0.163799924519492,0.184230588511514,0.213888346318198,0.24484570638243,0.277125215745471,
0.302900815493257,0.329605394604857,0.367534483696488,0.407499580458932,0.44947708280392,
0.496407521217661,0.559342619790927,0.639195987101535,0.709580285641286,0.767651172175381,
0.812983973893115,0.858751928113626,0.905400248283858,0.952486386722454,1.),
.UNSPECIFIED.);
#1469=VERTEX_POINT('',#2537);
#1470=CIRCLE('',#2538,5.);
#1471=VERTEX_POINT('',#2542);
#1472=LINE('',#2543,#2544);
#1473=CIRCLE('',#2546,24.1428571429618);
#1474=VERTEX_POINT('',#2550);
#1475=LINE('',#2551,#2552);
#1476=CIRCLE('',#2554,4.);
#1477=VERTEX_POINT('',#2558);
#1478=CIRCLE('',#2559,11.5000000000001);
#1479=LINE('',#2563,#2564);
#1480=VERTEX_POINT('',#2566);
#1481=CIRCLE('',#2567,2.5);
#1482=LINE('',#2571,#2572);
#1483=CIRCLE('',#2574,16.5000000000001);
#1484=VERTEX_POINT('',#2578);
#1485=LINE('',#2579,#2580);
#1486=VERTEX_POINT('',#2582);
#1487=CIRCLE('',#2583,2.5);
#1488=LINE('',#2587,#2588);
#1489=VERTEX_POINT('',#2590);
#1490=CIRCLE('',#2591,16.5);
#1491=LINE('',#2595,#2596);
#1492=VERTEX_POINT('',#2598);
#1493=CIRCLE('',#2599,2.5);
#1494=LINE('',#2603,#2604);
#1495=CIRCLE('',#2606,11.5);
#1496=LINE('',#2610,#2611);
#1497=LINE('',#2613,#2614);
#1498=VERTEX_POINT('',#2616);
#1499=CIRCLE('',#2617,3.);
#1500=VERTEX_POINT('',#2621);
#1501=CIRCLE('',#2622,1.5);
#1502=LINE('',#2626,#2627);
#1503=VERTEX_POINT('',#2629);
#1504=CIRCLE('',#2630,1.8);
#1505=VERTEX_POINT('',#2634);
#1506=CIRCLE('',#2635,5.);
#1507=VERTEX_POINT('',#2639);
#1508=CIRCLE('',#2640,7.37691850776507);
#1509=VERTEX_POINT('',#2644);
#1510=CIRCLE('',#2645,6.80272122254936);
#1511=VERTEX_POINT('',#2649);
#1512=CIRCLE('',#2650,9.04674646412863);
#1513=CARTESIAN_POINT('',(20.,-40.,12.));
#1514=CARTESIAN_POINT('',(20.,-28.,12.));
#1515=CARTESIAN_POINT('',(20.,-40.,12.));
#1516=VECTOR('',#1517,1.);
#1517=DIRECTION('',(0.,1.,0.));
#1518=CARTESIAN_POINT('',(20.,-40.,-18.));
#1519=CARTESIAN_POINT('',(20.,-40.,12.));
#1520=VECTOR('',#1521,1.);
#1521=DIRECTION('',(-1.1842378929335E-16,0.,-1.));
#1522=CARTESIAN_POINT('',(20.,-28.,-18.));
#1523=CARTESIAN_POINT('',(20.,-40.,-18.));
#1524=VECTOR('',#1525,1.);
#1525=DIRECTION('',(0.,1.,0.));
#1526=CARTESIAN_POINT('',(20.,-28.,12.));
#1527=VECTOR('',#1528,1.);
#1528=DIRECTION('',(0.,0.,-1.));
#1529=CARTESIAN_POINT('',(20.,-36.,-15.7117456527136));
#1530=CARTESIAN_POINT('',(20.,-36.,-15.7117456527136));
#1531=CARTESIAN_POINT('',(20.,-30.,-15.7117456527136));
#1532=CARTESIAN_POINT('',(20.,-30.,-9.50008857025376));
#1533=CARTESIAN_POINT('',(20.,-36.,-9.50008857025377));
#1534=CARTESIAN_POINT('',(20.,-42.,-9.50008857025377));
#1535=CARTESIAN_POINT('',(20.,-42.,-15.7117456527136));
#1536=CARTESIAN_POINT('',(20.,-36.,-15.7117456527136));
#1537=CARTESIAN_POINT('',(10.,-40.,-28.));
#1538=AXIS2_PLACEMENT_3D('',#1539,#1540,#1541);
#1539=CARTESIAN_POINT('',(10.,-40.,-18.));
#1540=DIRECTION('',(-1.22464679914735E-16,-1.,0.));
#1541=DIRECTION('',(-1.77635683940025E-16,2.17540971751503E-32,-1.));
#1542=CARTESIAN_POINT('',(10.,-28.,-28.));
#1543=CARTESIAN_POINT('',(10.,-40.,-28.));
#1544=VECTOR('',#1545,1.);
#1545=DIRECTION('',(0.,1.,0.));
#1546=AXIS2_PLACEMENT_3D('',#1547,#1548,#1549);
#1547=CARTESIAN_POINT('',(10.,-28.,-18.));
#1548=DIRECTION('',(1.22464679914735E-16,1.,0.));
#1549=DIRECTION('',(1.,-1.22464679914735E-16,3.5527136788005E-16));
#1550=CARTESIAN_POINT('',(10.8645233712493,-36.,-27.9625598788948));
#1551=CARTESIAN_POINT('',(10.8645233712493,-35.999999999992,-27.9625598788948));
#1552=CARTESIAN_POINT('',(10.8645246737622,-35.9281370080983,-27.9625600255089));
#1553=CARTESIAN_POINT('',(10.8714360196167,-35.7816989953335,-27.9619634158973));
#1554=CARTESIAN_POINT('',(10.9032572000278,-35.5600196390385,-27.9591527148191));
#1555=CARTESIAN_POINT('',(10.9586830449901,-35.3323842051133,-27.9540159098499));
#1556=CARTESIAN_POINT('',(11.0393341688697,-35.1013477502888,-27.9459908204566));
#1557=CARTESIAN_POINT('',(11.1478825844474,-34.865773867077,-27.9341514475745));
#1558=CARTESIAN_POINT('',(11.2853823215494,-34.6292078472867,-27.9174454929732));
#1559=CARTESIAN_POINT('',(11.4533556013315,-34.3938830185093,-27.8943957192003));
#1560=CARTESIAN_POINT('',(11.6472378031631,-34.1684695536412,-27.8641346781073));
#1561=CARTESIAN_POINT('',(11.864501502702,-33.9558358099716,-27.8255451640332));
#1562=CARTESIAN_POINT('',(12.1032348773636,-33.7578677624463,-27.7774355137784));
#1563=CARTESIAN_POINT('',(12.3668812138224,-33.5734014914883,-27.7172375056857));
#1564=CARTESIAN_POINT('',(12.6530797440718,-33.4068907040662,-27.6432852436375));
#1565=CARTESIAN_POINT('',(12.9585597811783,-33.2628594037731,-27.5541921778956));
#1566=CARTESIAN_POINT('',(13.2757315113178,-33.1467420245538,-27.4503080773603));
#1567=CARTESIAN_POINT('',(13.5995937352282,-33.0617335251115,-27.3318481015804));
#1568=CARTESIAN_POINT('',(13.9187223584299,-33.0112113464362,-27.2023273427157));
#1569=CARTESIAN_POINT('',(14.1336788953538,-32.9997045885991,-27.1063608224668));
#1570=CARTESIAN_POINT('',(14.3422321567391,-33.0003154145362,-27.0087998208335));
#1571=CARTESIAN_POINT('',(14.5466980221245,-33.0128268191358,-26.9086540700237));
#1572=CARTESIAN_POINT('',(14.8318877772424,-33.0636215930574,-26.7570400065863));
#1573=CARTESIAN_POINT('',(15.0994125052115,-33.1444887400009,-26.6038361935208));
#1574=CARTESIAN_POINT('',(15.3449990704329,-33.252150803018,-26.4532186134514));
#1575=CARTESIAN_POINT('',(15.5654509532441,-33.3816519429472,-26.3094007119992));
#1576=CARTESIAN_POINT('',(15.7539846899781,-33.5223108155416,-26.1796472941765));
#1577=CARTESIAN_POINT('',(15.9153270096491,-33.6693409188146,-26.0635014708027));
#1578=CARTESIAN_POINT('',(16.064389295091,-33.8311788572186,-25.9520000106309));
#1579=CARTESIAN_POINT('',(16.2152678756157,-34.0277888021601,-25.8347600994938));
#1580=CARTESIAN_POINT('',(16.3712898962029,-34.2804521305468,-25.7084583869981));
#1581=CARTESIAN_POINT('',(16.5088440902948,-34.5712369040082,-25.5923630649863));
#1582=CARTESIAN_POINT('',(16.6133635823498,-34.8684983870778,-25.5011749915));
#1583=CARTESIAN_POINT('',(16.6824323400596,-35.1346292099719,-25.4395460545004));
#1584=CARTESIAN_POINT('',(16.7282835288075,-35.3785283680256,-25.3980395919509));
#1585=CARTESIAN_POINT('',(16.7583943967641,-35.6172226062721,-25.370510179971));
#1586=CARTESIAN_POINT('',(16.7718213536058,-35.8252319990179,-25.3581550127006));
#1587=CARTESIAN_POINT('',(16.7747065988242,-35.9981625946119,-25.3554980512305));
#1588=CARTESIAN_POINT('',(16.7718126718833,-36.178932592803,-25.3581628283957));
#1589=CARTESIAN_POINT('',(16.7569217548953,-36.4042576894713,-25.3718675009306));
#1590=CARTESIAN_POINT('',(16.7208397820816,-36.671322744202,-25.4048297014013));
#1591=CARTESIAN_POINT('',(16.6676589171739,-36.9293467524529,-25.4528223866562));
#1592=CARTESIAN_POINT('',(16.5990762466024,-37.1732781408755,-25.5136945331947));
#1593=CARTESIAN_POINT('',(16.5175190246022,-37.3994215196685,-25.5846082449591));
#1594=CARTESIAN_POINT('',(16.4202619455901,-37.6185381483138,-25.6672327126061));
#1595=CARTESIAN_POINT('',(16.2967060766212,-37.8463922028031,-25.769339853765));
#1596=CARTESIAN_POINT('',(16.1425726051792,-38.0738793985383,-25.8920682186555));
#1597=CARTESIAN_POINT('',(15.9761501920206,-38.2692167958551,-26.0187060778298));
#1598=CARTESIAN_POINT('',(15.8184673411088,-38.4212143616227,-26.1336365209259));
#1599=CARTESIAN_POINT('',(15.6547721558979,-38.5546214999493,-26.2485249619467));
#1600=CARTESIAN_POINT('',(15.4591805524546,-38.6852537247591,-26.3798184575888));
#1601=CARTESIAN_POINT('',(15.2272210445446,-38.8037430580778,-26.5266550332457));
#1602=CARTESIAN_POINT('',(14.9852902749319,-38.8931501044194,-26.6701864193446));
#1603=CARTESIAN_POINT('',(14.7427288780155,-38.9544370750069,-26.8051926749004));
#1604=CARTESIAN_POINT('',(14.4929754618957,-38.9915854562767,-26.9353861561521));
#1605=CARTESIAN_POINT('',(14.31764029375,-39.0000556053323,-27.0204166818367));
#1606=CARTESIAN_POINT('',(14.1343948334507,-38.9999420672899,-27.1058933504905));
#1607=CARTESIAN_POINT('',(13.9437152197677,-38.9903702602933,-27.1912615945629));
#1608=CARTESIAN_POINT('',(13.6539446079145,-38.948227025186,-27.3103169734773));
#1609=CARTESIAN_POINT('',(13.3548715423895,-38.8764243016321,-27.4222687318824));
#1610=CARTESIAN_POINT('',(13.0501197289345,-38.7737756239003,-27.5253121531832));
#1611=CARTESIAN_POINT('',(12.7449713698386,-38.6399176752366,-27.6176014576164));
#1612=CARTESIAN_POINT('',(12.4494174308876,-38.4781970272191,-27.6968992830673));
#1613=CARTESIAN_POINT('',(12.1722928643715,-38.293993883654,-27.7624718324406));
#1614=CARTESIAN_POINT('',(11.9170947314777,-38.0911980922959,-27.81555731632));
#1615=CARTESIAN_POINT('',(11.6868998580705,-37.873581009108,-27.8575159620454));
#1616=CARTESIAN_POINT('',(11.482365790613,-37.6427975272622,-27.8901418558876));
#1617=CARTESIAN_POINT('',(11.306233702763,-37.4030939484943,-27.9147665195865));
#1618=CARTESIAN_POINT('',(11.1579823148376,-37.1547053359215,-27.933029314355));
#1619=CARTESIAN_POINT('',(11.0419874079356,-36.9066232591094,-27.9457322396854));
#1620=CARTESIAN_POINT('',(10.958711520062,-36.6675970193351,-27.9540111497992));
#1621=CARTESIAN_POINT('',(10.9075232891591,-36.4571783965324,-27.9587576333592));
#1622=CARTESIAN_POINT('',(10.8795396655268,-36.2776755476589,-27.9612508354539));
#1623=CARTESIAN_POINT('',(10.8669317105736,-36.130733581574,-27.9623513278305));
#1624=CARTESIAN_POINT('',(10.8645226316354,-36.0408064016607,-27.962559795642));
#1625=CARTESIAN_POINT('',(10.8645233712493,-35.999999999992,-27.9625598788948));
#1626=CARTESIAN_POINT('',(10.1608117614611,-36.,-25.589863105667));
#1627=AXIS2_PLACEMENT_3D('',#1628,#1629,#1630);
#1628=CARTESIAN_POINT('',(11.421908060187,-36.,-24.3054814936296));
#1629=DIRECTION('',(0.71354534002078,2.44929359829471E-16,-0.70060905484773));
#1630=DIRECTION('',(-0.70060905484773,-3.67394039744206E-16,-0.71354534002078));
#1631=CARTESIAN_POINT('',(8.02017574139878,-36.,-23.4880359411238));
#1632=AXIS2_PLACEMENT_3D('',#1633,#1634,#1635);
#1633=CARTESIAN_POINT('',(9.28127204012469,-36.,-22.2036543290864));
#1634=DIRECTION('',(0.71354534002078,2.44929359829471E-16,-0.70060905484773));
#1635=DIRECTION('',(-0.70060905484773,-3.67394039744206E-16,-0.71354534002078));
#1636=CARTESIAN_POINT('',(18.1269530920342,-36.,-13.9675328298474));
#1637=AXIS2_PLACEMENT_3D('',#1638,#1639,#1640);
#1638=CARTESIAN_POINT('',(18.592827373218,-36.,-12.2288663425269));
#1639=DIRECTION('',(0.965925826289178,2.44929359829471E-16,-0.258819045102112));
#1640=DIRECTION('',(-0.258819045102112,-3.67394039744206E-16,-0.965925826289178));
#1641=CARTESIAN_POINT('',(15.2291756131667,-36.,-13.1910756945411));
#1642=AXIS2_PLACEMENT_3D('',#1643,#1644,#1645);
#1643=CARTESIAN_POINT('',(15.6950498943505,-36.,-11.4524092072205));
#1644=DIRECTION('',(0.965925826289178,2.44929359829471E-16,-0.258819045102112));
#1645=DIRECTION('',(-0.258819045102112,-3.67394039744206E-16,-0.965925826289178));
#1646=CARTESIAN_POINT('',(9.32008089564384,-36.,-26.4461175136919));
#1647=AXIS2_PLACEMENT_3D('',#1648,#1649,#1650);
#1648=CARTESIAN_POINT('',(11.421908060187,-36.,-24.3054814936296));
#1649=DIRECTION('',(0.71354534002078,2.44929359829471E-16,-0.70060905484773));
#1650=DIRECTION('',(-0.70060905484773,-3.67394039744206E-16,-0.71354534002078));
#1651=CARTESIAN_POINT('',(17.8163702379117,-36.,-15.1266438213944));
#1652=AXIS2_PLACEMENT_3D('',#1653,#1654,#1655);
#1653=CARTESIAN_POINT('',(18.592827373218,-36.,-12.2288663425269));
#1654=DIRECTION('',(0.965925826289178,2.44929359829471E-16,-0.258819045102112));
#1655=DIRECTION('',(-0.258819045102112,-3.67394039744206E-16,-0.965925826289178));
#1656=CARTESIAN_POINT('',(10.0000000000003,-36.,22.));
#1657=CARTESIAN_POINT('',(10.,-28.,22.));
#1658=CARTESIAN_POINT('',(10.,-36.,22.));
#1659=VECTOR('',#1660,1.);
#1660=DIRECTION('',(0.,1.,0.));
#1661=CARTESIAN_POINT('',(10.,-40.,22.));
#1662=CARTESIAN_POINT('',(10.,-40.,22.));
#1663=VECTOR('',#1664,1.);
#1664=DIRECTION('',(0.,1.,0.));
#1665=AXIS2_PLACEMENT_3D('',#1666,#1667,#1668);
#1666=CARTESIAN_POINT('',(10.,-40.,12.));
#1667=DIRECTION('',(-1.22464679914735E-16,-1.,5.47382212626882E-48));
#1668=DIRECTION('',(1.,-1.22464679914735E-16,-3.55271367880051E-16));
#1669=AXIS2_PLACEMENT_3D('',#1670,#1671,#1672);
#1670=CARTESIAN_POINT('',(10.,-28.,12.));
#1671=DIRECTION('',(1.22464679914735E-16,1.,0.));
#1672=DIRECTION('',(-1.06581410364015E-15,1.30524583050901E-31,1.));
#1673=CARTESIAN_POINT('',(-14.,-40.,12.));
#1674=CARTESIAN_POINT('',(-4.,-40.,22.));
#1675=AXIS2_PLACEMENT_3D('',#1676,#1677,#1678);
#1676=CARTESIAN_POINT('',(-4.,-40.,12.));
#1677=DIRECTION('',(-1.22464679914735E-16,-1.,0.));
#1678=DIRECTION('',(1.77635683940025E-16,-2.17540971751503E-32,1.));
#1679=CARTESIAN_POINT('',(-14.,-40.,-18.));
#1680=CARTESIAN_POINT('',(-14.,-40.,-18.));
#1681=VECTOR('',#1682,1.);
#1682=DIRECTION('',(1.1842378929335E-16,0.,1.));
#1683=CARTESIAN_POINT('',(-4.,-40.,-28.));
#1684=AXIS2_PLACEMENT_3D('',#1685,#1686,#1687);
#1685=CARTESIAN_POINT('',(-4.,-40.,-18.));
#1686=DIRECTION('',(-1.22464679914735E-16,-1.,0.));
#1687=DIRECTION('',(-1.,1.22464679914735E-16,0.));
#1688=CARTESIAN_POINT('',(10.,-40.,-28.));
#1689=VECTOR('',#1690,1.);
#1690=DIRECTION('',(-1.,0.,0.));
#1691=CARTESIAN_POINT('',(-4.,-40.,22.));
#1692=VECTOR('',#1693,1.);
#1693=DIRECTION('',(1.,0.,0.));
#1694=CARTESIAN_POINT('',(12.5581856229052,-40.,-11.5682361292346));
#1695=CARTESIAN_POINT('',(14.2317931709496,-40.,-5.32224772799161));
#1696=CARTESIAN_POINT('',(14.2317931709496,-40.,-5.32224772799161));
#1697=VECTOR('',#1698,1.);
#1698=DIRECTION('',(-0.258819045102112,0.,-0.965925826289178));
#1699=CARTESIAN_POINT('',(17.1295706498171,-40.,-6.09870486329795));
#1700=CARTESIAN_POINT('',(14.2317931709496,-40.,-5.32224772799161));
#1701=VECTOR('',#1702,1.);
#1702=DIRECTION('',(0.965925826289178,0.,-0.258819045102112));
#1703=CARTESIAN_POINT('',(15.4559631017727,-40.,-12.344693264541));
#1704=CARTESIAN_POINT('',(17.1295706498171,-40.,-6.09870486329795));
#1705=VECTOR('',#1706,1.);
#1706=DIRECTION('',(-0.258819045102113,0.,-0.965925826289178));
#1707=CARTESIAN_POINT('',(15.4559631017727,-40.,-12.344693264541));
#1708=VECTOR('',#1709,1.);
#1709=DIRECTION('',(-0.965925826289178,0.,0.258819045102112));
#1710=CARTESIAN_POINT('',(6.49344109780152,-40.,-20.7609721151672));
#1711=CARTESIAN_POINT('',(11.0238055536274,-40.,-16.1469574607992));
#1712=CARTESIAN_POINT('',(11.0238055536274,-40.,-16.1469574607992));
#1713=VECTOR('',#1714,1.);
#1714=DIRECTION('',(-0.70060905484773,0.,-0.71354534002078));
#1715=CARTESIAN_POINT('',(13.1644415736898,-40.,-18.2487846253424));
#1716=CARTESIAN_POINT('',(11.0238055536274,-40.,-16.1469574607992));
#1717=VECTOR('',#1718,1.);
#1718=DIRECTION('',(0.713545340020781,0.,-0.70060905484773));
#1719=CARTESIAN_POINT('',(8.63407711786386,-40.,-22.8627992797104));
#1720=CARTESIAN_POINT('',(13.1644415736898,-40.,-18.2487846253424));
#1721=VECTOR('',#1722,1.);
#1722=DIRECTION('',(-0.70060905484773,0.,-0.71354534002078));
#1723=CARTESIAN_POINT('',(8.63407711786386,-40.,-22.8627992797104));
#1724=VECTOR('',#1725,1.);
#1725=DIRECTION('',(-0.713545340020781,0.,0.700609054847729));
#1726=CARTESIAN_POINT('',(7.0000000000005,-40.,9.97435565298181));
#1727=AXIS2_PLACEMENT_3D('',#1728,#1729,#1730);
#1728=CARTESIAN_POINT('',(7.0000000000005,-40.,12.1243556529818));
#1729=DIRECTION('',(1.22464679914735E-16,1.,0.));
#1730=DIRECTION('',(-6.12323399573677E-17,7.49879891330929E-33,-1.));
#1731=CARTESIAN_POINT('',(9.89949493661548,-40.,-12.049494936608));
#1732=AXIS2_PLACEMENT_3D('',#1733,#1734,#1735);
#1733=CARTESIAN_POINT('',(9.89949493661548,-40.,-9.89949493660796));
#1734=DIRECTION('',(1.22464679914735E-16,1.,0.));
#1735=DIRECTION('',(-6.12323399573677E-17,7.49879891330929E-33,-1.));
#1736=CARTESIAN_POINT('',(5.,-40.,-20.15));
#1737=AXIS2_PLACEMENT_3D('',#1738,#1739,#1740);
#1738=CARTESIAN_POINT('',(5.,-40.,-18.));
#1739=DIRECTION('',(1.22464679914735E-16,1.,0.));
#1740=DIRECTION('',(-6.12323399573677E-17,7.49879891330929E-33,-1.));
#1741=CARTESIAN_POINT('',(8.35553734842934E-15,-40.,7.5));
#1742=AXIS2_PLACEMENT_3D('',#1743,#1744,#1745);
#1743=CARTESIAN_POINT('',(-4.28626379701574E-15,-40.,2.18952885050753E-47));
#1744=DIRECTION('',(1.22464679914735E-16,1.,0.));
#1745=DIRECTION('',(1.71512449944288E-15,-2.10042172838193E-31,1.));
#1746=CARTESIAN_POINT('',(7.92376043070388,-40.,15.1243556529818));
#1747=CARTESIAN_POINT('',(1.45743741578007,-40.,15.1243556529818));
#1748=CARTESIAN_POINT('',(1.45743741578007,-40.,15.1243556529818));
#1749=VECTOR('',#1750,1.);
#1750=DIRECTION('',(1.,0.,0.));
#1751=CARTESIAN_POINT('',(1.45743741578007,-40.,18.1243556529818));
#1752=CARTESIAN_POINT('',(1.45743741578007,-40.,15.1243556529818));
#1753=VECTOR('',#1754,1.);
#1754=DIRECTION('',(-4.44089209850062E-16,0.,1.));
#1755=CARTESIAN_POINT('',(7.92376043070388,-40.,18.1243556529818));
#1756=CARTESIAN_POINT('',(1.45743741578007,-40.,18.1243556529818));
#1757=VECTOR('',#1758,1.);
#1758=DIRECTION('',(1.,0.,0.));
#1759=CARTESIAN_POINT('',(7.92376043070388,-40.,18.1243556529818));
#1760=VECTOR('',#1761,1.);
#1761=DIRECTION('',(0.,0.,-1.));
#1762=CARTESIAN_POINT('',(-4.,-28.,22.));
#1763=CARTESIAN_POINT('',(-14.,-28.,12.));
#1764=AXIS2_PLACEMENT_3D('',#1765,#1766,#1767);
#1765=CARTESIAN_POINT('',(-4.,-28.,12.));
#1766=DIRECTION('',(1.22464679914735E-16,1.,0.));
#1767=DIRECTION('',(-1.,1.22464679914735E-16,5.32907051820075E-16));
#1768=CARTESIAN_POINT('',(-4.,-28.,22.));
#1769=VECTOR('',#1770,1.);
#1770=DIRECTION('',(1.,0.,0.));
#1771=CARTESIAN_POINT('',(-4.,-28.,-28.));
#1772=CARTESIAN_POINT('',(10.,-28.,-28.));
#1773=VECTOR('',#1774,1.);
#1774=DIRECTION('',(-1.,0.,0.));
#1775=CARTESIAN_POINT('',(-14.,-28.,-18.));
#1776=AXIS2_PLACEMENT_3D('',#1777,#1778,#1779);
#1777=CARTESIAN_POINT('',(-4.,-28.,-18.));
#1778=DIRECTION('',(1.22464679914735E-16,1.,0.));
#1779=DIRECTION('',(-8.88178419700125E-17,1.08770485875751E-32,-1.));
#1780=CARTESIAN_POINT('',(-14.,-28.,-18.));
#1781=VECTOR('',#1782,1.);
#1782=DIRECTION('',(1.1842378929335E-16,0.,1.));
#1783=CARTESIAN_POINT('',(2.68833879202087,-28.,-18.9519571731566));
#1784=CARTESIAN_POINT('',(-0.813183698649033,-28.,-16.4799494013863));
#1785=AXIS2_PLACEMENT_3D('',#1786,#1787,#1788);
#1786=CARTESIAN_POINT('',(-1.01031914074577,-28.,-20.4750886502073));
#1787=DIRECTION('',(1.22464679914735E-16,1.,0.));
#1788=DIRECTION('',(0.0492838605241833,-6.03553220405656E-18,0.998784812205228));
#1789=CARTESIAN_POINT('',(6.8431635388801,-28.,-19.6890080428888));
#1790=AXIS2_PLACEMENT_3D('',#1791,#1792,#1793);
#1791=CARTESIAN_POINT('',(5.00000000000001,-28.,-18.));
#1792=DIRECTION('',(1.22464679914735E-16,1.,0.));
#1793=DIRECTION('',(0.737265415552032,-9.02889731277839E-17,-0.675603217155521));
#1794=CARTESIAN_POINT('',(14.4999999999627,-28.,2.67844390201115E-14));
#1795=AXIS2_PLACEMENT_3D('',#1796,#1797,#1798);
#1796=CARTESIAN_POINT('',(-14.6428571429992,-28.,3.00609521045666E-15));
#1797=DIRECTION('',(1.22464679914735E-16,1.,0.));
#1798=DIRECTION('',(1.,-1.22464679914735E-16,1.01064309961486E-15));
#1799=CARTESIAN_POINT('',(10.7812499999962,-28.,2.18280746690627));
#1800=AXIS2_PLACEMENT_3D('',#1801,#1802,#1803);
#1801=CARTESIAN_POINT('',(11.9999999999627,-28.,1.91382591184457E-14));
#1802=DIRECTION('',(1.22464679914735E-16,1.,0.));
#1803=DIRECTION('',(-0.487499999986595,5.97015314567919E-17,0.8731229867625));
#1804=CARTESIAN_POINT('',(-2.73912667409291E-15,-28.,11.));
#1805=AXIS2_PLACEMENT_3D('',#1806,#1807,#1808);
#1806=CARTESIAN_POINT('',(0.,-28.,0.));
#1807=DIRECTION('',(1.22464679914735E-16,1.,0.));
#1808=DIRECTION('',(-6.12323399573677E-17,7.49879891330929E-33,1.));
#1809=CARTESIAN_POINT('',(8.44999999994867,-28.,-7.04254925441543));
#1810=AXIS2_PLACEMENT_3D('',#1811,#1812,#1813);
#1811=CARTESIAN_POINT('',(0.,-28.,0.));
#1812=DIRECTION('',(1.22464679914735E-16,1.,0.));
#1813=DIRECTION('',(0.768181818177152,-9.40751404793844E-17,-0.640231750401403));
#1814=CARTESIAN_POINT('',(8.4358934439979,-28.,-7.08864037518104));
#1815=AXIS2_PLACEMENT_3D('',#1816,#1817,#1818);
#1816=CARTESIAN_POINT('',(-14.6428571429992,-28.,3.00609521045666E-15));
#1817=DIRECTION('',(-1.22464679914735E-16,-1.,0.));
#1818=DIRECTION('',(0.95592458052236,-1.17066997776298E-16,-0.293612323231077));
#1819=CARTESIAN_POINT('',(7.07203252025962,-28.,-9.06842632612695));
#1820=AXIS2_PLACEMENT_3D('',#1821,#1822,#1823);
#1821=CARTESIAN_POINT('',(4.61219512190847,-28.,-5.91419108225672));
#1822=DIRECTION('',(1.22464679914735E-16,1.,0.));
#1823=DIRECTION('',(0.955924580522359,-1.17066997776298E-16,-0.293612323231079));
#1824=CARTESIAN_POINT('',(-7.39205751117749,-28.,-8.80951109605103));
#1825=AXIS2_PLACEMENT_3D('',#1826,#1827,#1828);
#1826=CARTESIAN_POINT('',(0.,-28.,0.));
#1827=DIRECTION('',(-1.22464679914735E-16,-1.,0.));
#1828=DIRECTION('',(-0.642787609667604,7.87187788711009E-17,-0.766044443134867));
#1829=CARTESIAN_POINT('',(-10.6059955595155,-28.,-12.6397333117254));
#1830=AXIS2_PLACEMENT_3D('',#1831,#1832,#1833);
#1831=CARTESIAN_POINT('',(-8.9990265353465,-28.,-10.7246222038882));
#1832=DIRECTION('',(1.22464679914735E-16,1.,0.));
#1833=DIRECTION('',(-0.642787609667603,7.87187788711008E-17,-0.766044443134867));
#1834=AXIS2_PLACEMENT_3D('',#1835,#1836,#1837);
#1835=CARTESIAN_POINT('',(0.,-28.,0.));
#1836=DIRECTION('',(1.22464679914735E-16,1.,0.));
#1837=DIRECTION('',(-0.0492838605241836,6.0355322040566E-18,-0.998784812205228));
#1838=CARTESIAN_POINT('',(5.75000000000041,-28.,9.95929214352077));
#1839=CARTESIAN_POINT('',(8.25000000000059,-28.,14.2894191624429));
#1840=AXIS2_PLACEMENT_3D('',#1841,#1842,#1843);
#1841=CARTESIAN_POINT('',(7.0000000000005,-28.,12.1243556529818));
#1842=DIRECTION('',(1.22464679914735E-16,1.,1.84889274661175E-32));
#1843=DIRECTION('',(0.500000000000037,-6.12323399573723E-17,0.866025403784417));
#1844=CARTESIAN_POINT('',(-10.6059955597893,-28.,12.6397333114955));
#1845=AXIS2_PLACEMENT_3D('',#1846,#1847,#1848);
#1846=CARTESIAN_POINT('',(0.,-28.,0.));
#1847=DIRECTION('',(1.22464679914735E-16,1.,0.));
#1848=DIRECTION('',(-0.642787609684202,7.87187788731336E-17,0.766044443120939));
#1849=CARTESIAN_POINT('',(-7.39205751136831,-28.,8.80951109589077));
#1850=AXIS2_PLACEMENT_3D('',#1851,#1852,#1853);
#1851=CARTESIAN_POINT('',(-8.99902653557881,-28.,10.7246222036931));
#1852=DIRECTION('',(1.22464679914735E-16,1.,0.));
#1853=DIRECTION('',(0.642787609684202,-7.87187788731337E-17,-0.766044443120939));
#1854=AXIS2_PLACEMENT_3D('',#1855,#1856,#1857);
#1855=CARTESIAN_POINT('',(0.,-28.,0.));
#1856=DIRECTION('',(-1.22464679914735E-16,-1.,-6.16297582203915E-33));
#1857=DIRECTION('',(0.500000000000037,-6.12323399573722E-17,0.866025403784417));
#1858=CARTESIAN_POINT('',(-4.,-40.,-28.));
#1859=VECTOR('',#1860,1.);
#1860=DIRECTION('',(7.40148683083438E-17,1.,0.));
#1861=CARTESIAN_POINT('',(10.4138631540812,-33.2,-21.0501506654944));
#1862=CARTESIAN_POINT('',(10.4138631540811,-33.2,-21.0501506654944));
#1863=VECTOR('',#1864,1.);
#1864=DIRECTION('',(0.350304527423867,-0.866025403784437,0.356772670010392));
#1865=CARTESIAN_POINT('',(8.1486809261682,-33.2,-23.3571579926784));
#1866=CARTESIAN_POINT('',(8.1486809261682,-33.2,-23.3571579926784));
#1867=VECTOR('',#1868,1.);
#1868=DIRECTION('',(0.70060905484773,2.19767164158122E-15,0.71354534002078));
#1869=CARTESIAN_POINT('',(7.01608981221174,-36.,-24.5106616562704));
#1870=CARTESIAN_POINT('',(7.01608981221174,-36.,-24.5106616562704));
#1871=VECTOR('',#1872,1.);
#1872=DIRECTION('',(0.350304527423861,0.866025403784441,0.356772670010387));
#1873=CARTESIAN_POINT('',(8.63407711786386,-40.,-22.8627992797104));
#1874=VECTOR('',#1875,1.);
#1875=DIRECTION('',(-0.350304527423868,0.866025403784436,-0.356772670010393));
#1876=CARTESIAN_POINT('',(16.1134517813616,-33.2,-9.89091210690981));
#1877=CARTESIAN_POINT('',(16.1134517813616,-33.2,-9.89091210690981));
#1878=VECTOR('',#1879,1.);
#1879=DIRECTION('',(0.129409522551058,-0.866025403784437,0.482962913144592));
#1880=CARTESIAN_POINT('',(15.2766480073394,-33.2,-13.0139063075313));
#1881=CARTESIAN_POINT('',(15.2766480073394,-33.2,-13.0139063075313));
#1882=VECTOR('',#1883,1.);
#1883=DIRECTION('',(0.258819045102113,2.19767164158122E-15,0.965925826289178));
#1884=CARTESIAN_POINT('',(14.8582461203283,-36.,-14.575403407842));
#1885=CARTESIAN_POINT('',(14.8582461203283,-36.,-14.575403407842));
#1886=VECTOR('',#1887,1.);
#1887=DIRECTION('',(0.129409522551055,0.866025403784441,0.482962913144585));
#1888=CARTESIAN_POINT('',(15.4559631017727,-40.,-12.344693264541));
#1889=VECTOR('',#1890,1.);
#1890=DIRECTION('',(-0.129409522551058,0.866025403784436,-0.482962913144594));
#1891=AXIS2_PLACEMENT_3D('',#1892,#1893,#1894);
#1892=CARTESIAN_POINT('',(7.00000000000049,-36.,22.));
#1893=DIRECTION('',(0.,0.,1.));
#1894=DIRECTION('',(1.,-1.83697019872103E-16,0.));
#1895=CARTESIAN_POINT('',(-4.,-40.,22.));
#1896=VECTOR('',#1897,1.);
#1897=DIRECTION('',(3.70074341541719E-17,1.,0.));
#1898=CARTESIAN_POINT('',(-14.,-40.,12.));
#1899=VECTOR('',#1900,1.);
#1900=DIRECTION('',(1.48029736616688E-16,1.,0.));
#1901=CARTESIAN_POINT('',(-14.,-40.,-18.));
#1902=VECTOR('',#1903,1.);
#1903=DIRECTION('',(0.,1.,0.));
#1904=CARTESIAN_POINT('',(11.9604686414607,-36.,-13.7989462725357));
#1905=CARTESIAN_POINT('',(12.5581856229052,-40.,-11.5682361292346));
#1906=VECTOR('',#1907,1.);
#1907=DIRECTION('',(-0.129409522551057,0.866025403784436,-0.482962913144594));
#1908=CARTESIAN_POINT('',(12.3788705284718,-33.2,-12.237449172225));
#1909=CARTESIAN_POINT('',(11.9604686414607,-36.,-13.7989462725357));
#1910=VECTOR('',#1911,1.);
#1911=DIRECTION('',(0.129409522551055,0.866025403784441,0.482962913144585));
#1912=CARTESIAN_POINT('',(13.215674302494,-33.2,-9.11445497160347));
#1913=CARTESIAN_POINT('',(12.3788705284718,-33.2,-12.237449172225));
#1914=VECTOR('',#1915,1.);
#1915=DIRECTION('',(0.258819045102113,2.19767164158122E-15,0.965925826289178));
#1916=CARTESIAN_POINT('',(13.215674302494,-33.2,-9.11445497160347));
#1917=VECTOR('',#1918,1.);
#1918=DIRECTION('',(0.129409522551057,-0.866025403784437,0.482962913144592));
#1919=CARTESIAN_POINT('',(12.3313981342991,-36.,-12.4146185592347));
#1920=AXIS2_PLACEMENT_3D('',#1921,#1922,#1923);
#1921=CARTESIAN_POINT('',(12.7972724154829,-36.,-10.6759520719142));
#1922=DIRECTION('',(0.965925826289178,2.44929359829471E-16,-0.258819045102112));
#1923=DIRECTION('',(-0.258819045102112,-3.67394039744206E-16,-0.965925826289178));
#1924=CARTESIAN_POINT('',(13.215674302494,-33.2,-9.11445497160347));
#1925=VECTOR('',#1926,1.);
#1926=DIRECTION('',(0.965925826289178,0.,-0.258819045102112));
#1927=CARTESIAN_POINT('',(11.9604686414607,-36.,-13.7989462725357));
#1928=VECTOR('',#1929,1.);
#1929=DIRECTION('',(0.965925826289178,0.,-0.258819045102112));
#1930=CARTESIAN_POINT('',(4.8754537921494,-36.,-22.4088344917272));
#1931=CARTESIAN_POINT('',(6.49344109780152,-40.,-20.7609721151672));
#1932=VECTOR('',#1933,1.);
#1933=DIRECTION('',(-0.350304527423868,0.866025403784436,-0.356772670010392));
#1934=CARTESIAN_POINT('',(6.00804490610586,-33.2,-21.2553308281352));
#1935=CARTESIAN_POINT('',(4.8754537921494,-36.,-22.4088344917272));
#1936=VECTOR('',#1937,1.);
#1937=DIRECTION('',(0.350304527423861,0.866025403784441,0.356772670010387));
#1938=CARTESIAN_POINT('',(8.27322713401881,-33.2,-18.9483235009512));
#1939=CARTESIAN_POINT('',(6.00804490610586,-33.2,-21.2553308281352));
#1940=VECTOR('',#1941,1.);
#1941=DIRECTION('',(0.70060905484773,2.19767164158122E-15,0.71354534002078));
#1942=CARTESIAN_POINT('',(8.27322713401881,-33.2,-18.9483235009512));
#1943=VECTOR('',#1944,1.);
#1944=DIRECTION('',(0.350304527423867,-0.866025403784437,0.356772670010392));
#1945=CARTESIAN_POINT('',(5.87953972133643,-36.,-21.3862087765806));
#1946=AXIS2_PLACEMENT_3D('',#1947,#1948,#1949);
#1947=CARTESIAN_POINT('',(7.14063602006235,-36.,-20.1018271645432));
#1948=DIRECTION('',(0.71354534002078,2.44929359829471E-16,-0.70060905484773));
#1949=DIRECTION('',(-0.70060905484773,-3.67394039744206E-16,-0.71354534002078));
#1950=CARTESIAN_POINT('',(8.27322713401881,-33.2,-18.9483235009512));
#1951=VECTOR('',#1952,1.);
#1952=DIRECTION('',(0.71354534002078,0.,-0.700609054847729));
#1953=CARTESIAN_POINT('',(4.8754537921494,-36.,-22.4088344917272));
#1954=VECTOR('',#1955,1.);
#1955=DIRECTION('',(0.713545340020781,-2.368475785867E-15,-0.700609054847729));
#1956=CARTESIAN_POINT('',(7.0000000000005,-32.,9.97435565298181));
#1957=AXIS2_PLACEMENT_3D('',#1958,#1959,#1960);
#1958=CARTESIAN_POINT('',(7.0000000000005,-32.,12.1243556529818));
#1959=DIRECTION('',(1.22464679914735E-16,1.,0.));
#1960=DIRECTION('',(-6.12323399573677E-17,7.49879891330929E-33,-1.));
#1961=CARTESIAN_POINT('',(8.8000000000005,-36.,13.3001532546235));
#1962=CARTESIAN_POINT('',(8.79999999999793,-36.0000000002116,13.3001532546218));
#1963=CARTESIAN_POINT('',(8.80000027696345,-35.9660488961426,13.3001522654013));
#1964=CARTESIAN_POINT('',(8.79808624871922,-35.8985738519037,13.3030911715829));
#1965=CARTESIAN_POINT('',(8.78964844498992,-35.7989908328922,13.3159039456188));
#1966=CARTESIAN_POINT('',(8.77447004142362,-35.6907976993909,13.3384874376894));
#1967=CARTESIAN_POINT('',(8.74992088967393,-35.5713744703183,13.3738560656647));
#1968=CARTESIAN_POINT('',(8.71238149754248,-35.4392943625112,13.4251207382639));
#1969=CARTESIAN_POINT('',(8.66396269515776,-35.3087780760103,13.4867651499651));
#1970=CARTESIAN_POINT('',(8.6037965759766,-35.178631767452,13.5573589722526));
#1971=CARTESIAN_POINT('',(8.52965891398115,-35.0468048448506,13.6367653400834));
#1972=CARTESIAN_POINT('',(8.43725064043688,-34.9118680716492,13.7253591404706));
#1973=CARTESIAN_POINT('',(8.3263071015594,-34.7788471620181,13.8187695159758));
#1974=CARTESIAN_POINT('',(8.20004997007895,-34.6544013631082,13.9107169875156));
#1975=CARTESIAN_POINT('',(8.06156932460823,-34.5427510683209,13.9964294490399));
#1976=CARTESIAN_POINT('',(7.91561234210693,-34.4471154363246,14.0719297691335));
#1977=CARTESIAN_POINT('',(7.76680611540857,-34.3687199961452,14.1350831195168));
#1978=CARTESIAN_POINT('',(7.61506759698694,-34.3057618816125,14.1865427419345));
#1979=CARTESIAN_POINT('',(7.45929177242942,-34.2570091913458,14.2268157206579));
#1980=CARTESIAN_POINT('',(7.29765750840616,-34.2221854123157,14.2557992948091));
#1981=CARTESIAN_POINT('',(7.14364964184895,-34.2036494602359,14.2712993430205));
#1982=CARTESIAN_POINT('',(7.03327446953888,-34.1996155292458,14.2746775381316));
#1983=CARTESIAN_POINT('',(6.92659447762509,-34.2005515672237,14.2738939235029));
#1984=CARTESIAN_POINT('',(6.81346221099862,-34.2074896240124,14.2680837787507));
#1985=CARTESIAN_POINT('',(6.66265827573292,-34.229780136761,14.2494675603119));
#1986=CARTESIAN_POINT('',(6.51754584359334,-34.2637508795853,14.2212338950422));
#1987=CARTESIAN_POINT('',(6.3774349805276,-34.3089856468654,14.1839077683374));
#1988=CARTESIAN_POINT('',(6.24131072025358,-34.365487628309,14.1377358142866));
#1989=CARTESIAN_POINT('',(6.10814834429904,-34.4340178698172,14.0824489204575));
#1990=CARTESIAN_POINT('',(5.97543510963536,-34.5171618980996,14.0165141320511));
#1991=CARTESIAN_POINT('',(5.84516131399247,-34.615894052738,13.9400238363801));
#1992=CARTESIAN_POINT('',(5.71988763752079,-34.7306736623735,13.8539260408276));
#1993=CARTESIAN_POINT('',(5.60467573516219,-34.8584793119403,13.7621903195384));
#1994=CARTESIAN_POINT('',(5.50351603056041,-34.9950340378479,13.669898802974));
#1995=CARTESIAN_POINT('',(5.41825128358686,-35.1358651153483,13.5820595781906));
#1996=CARTESIAN_POINT('',(5.35024350667516,-35.2748582239572,13.5041123854897));
#1997=CARTESIAN_POINT('',(5.29771578733891,-35.4096024270146,13.4383316810818));
#1998=CARTESIAN_POINT('',(5.25974094211375,-35.5345022201073,13.3872759727984));
#1999=CARTESIAN_POINT('',(5.23309578791171,-35.6504500536828,13.3495148661484));
#2000=CARTESIAN_POINT('',(5.2154627566667,-35.7570070629849,13.3235757625041));
#2001=CARTESIAN_POINT('',(5.20444377112833,-35.8605008388323,13.3069553164829));
#2002=CARTESIAN_POINT('',(5.20047520358063,-35.9410192887435,13.3008804587556));
#2003=CARTESIAN_POINT('',(5.1997766269489,-36.0097840423782,13.2998112877833));
#2004=CARTESIAN_POINT('',(5.20100920936184,-36.077026432883,13.3016992152057));
#2005=CARTESIAN_POINT('',(5.20666578683565,-36.1649668912085,13.3103309360905));
#2006=CARTESIAN_POINT('',(5.21854065072847,-36.2640883913473,13.3281521183438));
#2007=CARTESIAN_POINT('',(5.23637986940554,-36.3650643312934,13.3542298043644));
#2008=CARTESIAN_POINT('',(5.26080888798926,-36.4680821146902,13.3886616362949));
#2009=CARTESIAN_POINT('',(5.29310001307571,-36.5751944688236,13.4320929871788));
#2010=CARTESIAN_POINT('',(5.33441174751503,-36.6862046081257,13.4845542966429));
#2011=CARTESIAN_POINT('',(5.38802262332771,-36.8047696996522,13.5480086391924));
#2012=CARTESIAN_POINT('',(5.45568103513609,-36.9286677034005,13.621550763423));
#2013=CARTESIAN_POINT('',(5.54971514435451,-37.0715198393162,13.7138306026063));
#2014=CARTESIAN_POINT('',(5.67290148032252,-37.2224637084501,13.8193219482415));
#2015=CARTESIAN_POINT('',(5.82899915115241,-37.3727580997111,13.9310641557806));
#2016=CARTESIAN_POINT('',(5.98591387862998,-37.4910910170068,14.0229177705339));
#2017=CARTESIAN_POINT('',(6.13437577820235,-37.5805730398202,14.0941531943047));
#2018=CARTESIAN_POINT('',(6.26442966367812,-37.6448521017721,14.1461558586904));
#2019=CARTESIAN_POINT('',(6.39209077239464,-37.6959704862117,14.1879937839467));
#2020=CARTESIAN_POINT('',(6.51515226288094,-37.7350057148913,14.220215254849));
#2021=CARTESIAN_POINT('',(6.63500249391221,-37.7639511058141,14.2442531645806));
#2022=CARTESIAN_POINT('',(6.75036894444914,-37.7838348827701,14.2608347167098));
#2023=CARTESIAN_POINT('',(6.86375776162614,-37.7960086348656,14.2710136732884));
#2024=CARTESIAN_POINT('',(6.94659933572107,-37.7996991271788,14.2741037732815));
#2025=CARTESIAN_POINT('',(7.02175088544067,-37.8001965680072,14.2745202216799));
#2026=CARTESIAN_POINT('',(7.0971302614849,-37.7983309343435,14.2729580979292));
#2027=CARTESIAN_POINT('',(7.20202823126969,-37.789818753637,14.2658354885621));
#2028=CARTESIAN_POINT('',(7.31377030051003,-37.7736332180325,14.2523209718185));
#2029=CARTESIAN_POINT('',(7.42557541036348,-37.7502223296085,14.2328394587181));
#2030=CARTESIAN_POINT('',(7.53858616425877,-37.718924316179,14.2069182595798));
#2031=CARTESIAN_POINT('',(7.67049960830482,-37.6727555481446,14.1689320305251));
#2032=CARTESIAN_POINT('',(7.82014896533395,-37.6058142632667,14.1144174276219));
#2033=CARTESIAN_POINT('',(7.98399908698179,-37.5113924163922,14.038886807128));
#2034=CARTESIAN_POINT('',(8.13267698385288,-37.4028766996943,13.954308239338));
#2035=CARTESIAN_POINT('',(8.26456305647055,-37.28458218719,13.8652149388379));
#2036=CARTESIAN_POINT('',(8.37802488669026,-37.1620934943516,13.7766858572524));
#2037=CARTESIAN_POINT('',(8.4792293093757,-37.0300592883236,13.6864207125992));
#2038=CARTESIAN_POINT('',(8.56530491324046,-36.8934218214617,13.5997151779315));
#2039=CARTESIAN_POINT('',(8.63630117167978,-36.7551143429565,13.5201409506448));
#2040=CARTESIAN_POINT('',(8.69197981454566,-36.619683717609,13.4516780314331));
#2041=CARTESIAN_POINT('',(8.73411042801211,-36.4885191233674,13.3957954713042));
#2042=CARTESIAN_POINT('',(8.76419865502091,-36.3642834484335,13.3534704038159));
#2043=CARTESIAN_POINT('',(8.78485795351888,-36.2431195827166,13.3231293721347));
#2044=CARTESIAN_POINT('',(8.79721640440867,-36.1223960863247,13.3044310052542));
#2045=CARTESIAN_POINT('',(8.79999966721678,-36.0407931197088,13.3001544431956));
#2046=CARTESIAN_POINT('',(8.79999999999793,-36.0000000002116,13.3001532546218));
#2047=CARTESIAN_POINT('',(9.89949493661548,-32.,-12.049494936608));
#2048=AXIS2_PLACEMENT_3D('',#2049,#2050,#2051);
#2049=CARTESIAN_POINT('',(9.89949493661548,-32.,-9.89949493660796));
#2050=DIRECTION('',(1.22464679914735E-16,1.,0.));
#2051=DIRECTION('',(-6.12323399573677E-17,7.49879891330929E-33,-1.));
#2052=CARTESIAN_POINT('',(10.5693539253376,-36.,-11.9424802364163));
#2053=CARTESIAN_POINT('',(10.5693539253374,-36.0000000002671,-11.9424802364158));
#2054=CARTESIAN_POINT('',(10.5693544351215,-35.9708160811563,-11.9424801887745));
#2055=CARTESIAN_POINT('',(10.5722081585937,-35.9034701445036,-11.9415466961925));
#2056=CARTESIAN_POINT('',(10.5868596206733,-35.7984326135914,-11.9366983728504));
#2057=CARTESIAN_POINT('',(10.6144244816706,-35.6860948066523,-11.9272467503916));
#2058=CARTESIAN_POINT('',(10.6503730232693,-35.5818574893158,-11.9142580201396));
#2059=CARTESIAN_POINT('',(10.6925060043257,-35.4836108750849,-11.8980804412732));
#2060=CARTESIAN_POINT('',(10.7411193768568,-35.3868605565069,-11.8782049895131));
#2061=CARTESIAN_POINT('',(10.800147689992,-35.284570762674,-11.8521917108745));
#2062=CARTESIAN_POINT('',(10.8721603968348,-35.1739553006747,-11.8175530340571));
#2063=CARTESIAN_POINT('',(10.9569702663578,-35.0570674448093,-11.7724559878134));
#2064=CARTESIAN_POINT('',(11.0573051882487,-34.9318050996273,-11.7125909963181));
#2065=CARTESIAN_POINT('',(11.1702294443717,-34.803303009139,-11.6358824628415));
#2066=CARTESIAN_POINT('',(11.293399614048,-34.6750399692189,-11.5391904968771));
#2067=CARTESIAN_POINT('',(11.419377232694,-34.554860851709,-11.4236505117416));
#2068=CARTESIAN_POINT('',(11.5403147437454,-34.4496555317497,-11.2926968429345));
#2069=CARTESIAN_POINT('',(11.6488265901429,-34.3643431782163,-11.1534121121869));
#2070=CARTESIAN_POINT('',(11.7468981869521,-34.2958021899838,-11.0041613199957));
#2071=CARTESIAN_POINT('',(11.8332911832305,-34.2446725435009,-10.8453084376973));
#2072=CARTESIAN_POINT('',(11.9064698137356,-34.2120133346489,-10.677462699177));
#2073=CARTESIAN_POINT('',(11.9508824757326,-34.2011500575197,-10.5468549360367));
#2074=CARTESIAN_POINT('',(11.9785254081857,-34.1996116795366,-10.4486657179842));
#2075=CARTESIAN_POINT('',(11.9997426696967,-34.2014965460135,-10.3633847068259));
#2076=CARTESIAN_POINT('',(12.0221912017173,-34.2107158785387,-10.2497943417254));
#2077=CARTESIAN_POINT('',(12.0403069943183,-34.2319271139888,-10.1137746816211));
#2078=CARTESIAN_POINT('',(12.0482493834855,-34.2593160433134,-9.99620468579947));
#2079=CARTESIAN_POINT('',(12.0498985068432,-34.2871030563378,-9.90134575701039));
#2080=CARTESIAN_POINT('',(12.0483492694992,-34.3190225866437,-9.80566636006063));
#2081=CARTESIAN_POINT('',(12.0405248437715,-34.365993804556,-9.68657628328805));
#2082=CARTESIAN_POINT('',(12.0213489144926,-34.4351887828072,-9.54248082920502));
#2083=CARTESIAN_POINT('',(11.991140491863,-34.5204523708785,-9.39407457628174));
#2084=CARTESIAN_POINT('',(11.9491105543717,-34.6232017626259,-9.24374787563639));
#2085=CARTESIAN_POINT('',(11.8955226682138,-34.7437706068844,-9.0954051796555));
#2086=CARTESIAN_POINT('',(11.833609861864,-34.8780002715883,-8.9566246086454));
#2087=CARTESIAN_POINT('',(11.7678865942252,-35.0209320915595,-8.8329746132798));
#2088=CARTESIAN_POINT('',(11.7028215496321,-35.1685122887816,-8.7269064952333));
#2089=CARTESIAN_POINT('',(11.6392612429239,-35.3254259513567,-8.63482153009542));
#2090=CARTESIAN_POINT('',(11.582025441232,-35.4896373492516,-8.5601065925831));
#2091=CARTESIAN_POINT('',(11.5371854349989,-35.6575837590392,-8.50613819493718));
#2092=CARTESIAN_POINT('',(11.5116714459629,-35.8061322511997,-8.47697568965014));
#2093=CARTESIAN_POINT('',(11.5023897931342,-35.9191696363771,-8.46658412615987));
#2094=CARTESIAN_POINT('',(11.5007665731807,-35.9943465508802,-8.46477221261889));
#2095=CARTESIAN_POINT('',(11.5019062462056,-36.0663826931802,-8.4660448732563));
#2096=CARTESIAN_POINT('',(11.5077026167215,-36.1521360308158,-8.47252313800236));
#2097=CARTESIAN_POINT('',(11.5234800108409,-36.2677035658079,-8.4904260969342));
#2098=CARTESIAN_POINT('',(11.5501799609329,-36.3940112465714,-8.52157619968296));
#2099=CARTESIAN_POINT('',(11.5892283127852,-36.5304810355666,-8.56948173591889));
#2100=CARTESIAN_POINT('',(11.6346904099394,-36.6608601965102,-8.62915018963242));
#2101=CARTESIAN_POINT('',(11.6847818416632,-36.7877969220079,-8.7003446692186));
#2102=CARTESIAN_POINT('',(11.738925290837,-36.9141789686339,-8.78459334828314));
#2103=CARTESIAN_POINT('',(11.7971349311828,-37.0429700714587,-8.88620257006873));
#2104=CARTESIAN_POINT('',(11.8563608916864,-37.1711461407242,-9.00528757511828));
#2105=CARTESIAN_POINT('',(11.9128270646511,-37.2945060807381,-9.13998974598424));
#2106=CARTESIAN_POINT('',(11.9634387695808,-37.4105009894145,-9.28992076422743));
#2107=CARTESIAN_POINT('',(12.0042186138763,-37.5140432119609,-9.45005878079079));
#2108=CARTESIAN_POINT('',(12.0328147940257,-37.6020800503624,-9.6152700443445));
#2109=CARTESIAN_POINT('',(12.0468954030558,-37.6665856896623,-9.76543960982538));
#2110=CARTESIAN_POINT('',(12.0500130251323,-37.7062948350906,-9.87987753433563));
#2111=CARTESIAN_POINT('',(12.0485063189961,-37.7399335739697,-9.9928239784832));
#2112=CARTESIAN_POINT('',(12.0402301472069,-37.7699616884696,-10.1201206666378));
#2113=CARTESIAN_POINT('',(12.0178140279144,-37.7929402476731,-10.2779412700826));
#2114=CARTESIAN_POINT('',(11.9938372406053,-37.7995131904894,-10.3886906052317));
#2115=CARTESIAN_POINT('',(11.9686047298095,-37.800328407835,-10.4854964827567));
#2116=CARTESIAN_POINT('',(11.9398553468647,-37.7969500220781,-10.5818598289296));
#2117=CARTESIAN_POINT('',(11.8911438917739,-37.7815724082833,-10.7139610715389));
#2118=CARTESIAN_POINT('',(11.8290297900229,-37.7524015957139,-10.8518714126175));
#2119=CARTESIAN_POINT('',(11.7567978824592,-37.7101032890132,-10.9861305879774));
#2120=CARTESIAN_POINT('',(11.6735541383548,-37.6535200487251,-11.1174400001852));
#2121=CARTESIAN_POINT('',(11.5800123787969,-37.5822870760085,-11.243626876933));
#2122=CARTESIAN_POINT('',(11.4753340415435,-37.4947196552147,-11.3650530617411));
#2123=CARTESIAN_POINT('',(11.3603485859236,-37.3899787220971,-11.479815561583));
#2124=CARTESIAN_POINT('',(11.2364573032676,-37.2671499444133,-11.5858517656039));
#2125=CARTESIAN_POINT('',(11.1098858343031,-37.1299137980014,-11.6786010758392));
#2126=CARTESIAN_POINT('',(10.9882173074425,-36.9841253684048,-11.7551072129247));
#2127=CARTESIAN_POINT('',(10.8768996420977,-36.8344000593243,-11.8156771627094));
#2128=CARTESIAN_POINT('',(10.7822101973238,-36.6877438990608,-11.8606790453139));
#2129=CARTESIAN_POINT('',(10.7065903622152,-36.5482352302098,-11.8926597956598));
#2130=CARTESIAN_POINT('',(10.652172167694,-36.4241166145458,-11.91362651974));
#2131=CARTESIAN_POINT('',(10.6144945546743,-36.3131584976208,-11.9272038422218));
#2132=CARTESIAN_POINT('',(10.5908296049543,-36.2177813128067,-11.9353420108445));
#2133=CARTESIAN_POINT('',(10.5770979937797,-36.1340813340406,-11.9399323700469));
#2134=CARTESIAN_POINT('',(10.5706163763049,-36.0635458926456,-11.9420668900444));
#2135=CARTESIAN_POINT('',(10.5693535764018,-36.0199757306327,-11.9424802690252));
#2136=CARTESIAN_POINT('',(10.5693539253374,-36.0000000002671,-11.9424802364158));
#2137=CARTESIAN_POINT('',(5.,-32.,-20.15));
#2138=AXIS2_PLACEMENT_3D('',#2139,#2140,#2141);
#2139=CARTESIAN_POINT('',(5.,-32.,-18.));
#2140=DIRECTION('',(1.22464679914735E-16,1.,0.));
#2141=DIRECTION('',(-6.12323399573677E-17,7.49879891330929E-33,-1.));
#2142=CARTESIAN_POINT('',(5.,-35.0584755898786,-20.15));
#2143=CARTESIAN_POINT('',(5.,-36.9415244101214,-20.15));
#2144=CARTESIAN_POINT('',(5.00000000188976,-35.0584755881272,-20.1499999999606));
#2145=CARTESIAN_POINT('',(5.01229012143195,-35.0444459497706,-20.150000176621));
#2146=CARTESIAN_POINT('',(5.03710294963965,-35.0167355020328,-20.1497898862509));
#2147=CARTESIAN_POINT('',(5.07511574476398,-34.9760373388078,-20.1488014291876));
#2148=CARTESIAN_POINT('',(5.11377575127824,-34.9362873052957,-20.1471056640387));
#2149=CARTESIAN_POINT('',(5.15311972978285,-34.8973875781989,-20.1446636221129));
#2150=CARTESIAN_POINT('',(5.19315003111844,-34.8592930630694,-20.1414342646948));
#2151=CARTESIAN_POINT('',(5.23382620828206,-34.8220084843699,-20.1373795878233));
#2152=CARTESIAN_POINT('',(5.27507937690344,-34.785566856505,-20.1324670223842));
#2153=CARTESIAN_POINT('',(5.31688168287654,-34.74996729871,-20.1266614050562));
#2154=CARTESIAN_POINT('',(5.35915879869497,-34.7152523757515,-20.1199350420216));
#2155=CARTESIAN_POINT('',(5.40184431155482,-34.6814568040769,-20.1122630766206));
#2156=CARTESIAN_POINT('',(5.44480161628284,-34.6486673401557,-20.1036391788657));
#2157=CARTESIAN_POINT('',(5.4879938263007,-34.616889877056,-20.094043929864));
#2158=CARTESIAN_POINT('',(5.53128212028387,-34.5862051886032,-20.0834841934127));
#2159=CARTESIAN_POINT('',(5.57462703628979,-34.5566184498518,-20.0719500555423));
#2160=CARTESIAN_POINT('',(5.62260594262622,-34.5251020298272,-20.0581027038151));
#2161=CARTESIAN_POINT('',(5.67524098167329,-34.4920736461033,-20.0415107179432));
#2162=CARTESIAN_POINT('',(5.73247993279429,-34.4580485515858,-20.0216829846541));
#2163=CARTESIAN_POINT('',(5.78453108686585,-34.4288092933781,-20.0019889909064));
#2164=CARTESIAN_POINT('',(5.83134377245114,-34.4038388064472,-19.9829396237887));
#2165=CARTESIAN_POINT('',(5.87277963178223,-34.3827318896964,-19.9650531603693));
#2166=CARTESIAN_POINT('',(5.91372840577971,-34.3628533423878,-19.9463482486925));
#2167=CARTESIAN_POINT('',(5.95843533747622,-34.3422172262545,-19.9247879034577));
#2168=CARTESIAN_POINT('',(6.00816048955564,-34.3206473684266,-19.8993087722325));
#2169=CARTESIAN_POINT('',(6.06399902726571,-34.2982802974029,-19.8686500790751));
#2170=CARTESIAN_POINT('',(6.12343357702747,-34.2766211829777,-19.8336056850614));
#2171=CARTESIAN_POINT('',(6.18973237721649,-34.2551267630038,-19.7914758047569));
#2172=CARTESIAN_POINT('',(6.25951949893173,-34.2358901112718,-19.7432137708163));
#2173=CARTESIAN_POINT('',(6.32393005294507,-34.2216328554935,-19.6945748816045));
#2174=CARTESIAN_POINT('',(6.37263458939663,-34.2131632602232,-19.655065510531));
#2175=CARTESIAN_POINT('',(6.40806922955479,-34.2081885285516,-19.6249113561056));
#2176=CARTESIAN_POINT('',(6.43684001214986,-34.2049090109788,-19.5995241847329));
#2177=CARTESIAN_POINT('',(6.46492122904678,-34.2024649485448,-19.5738433975149));
#2178=CARTESIAN_POINT('',(6.49231795112997,-34.2008346243979,-19.5478885596114));
#2179=CARTESIAN_POINT('',(6.51530926858925,-34.2001165026386,-19.5253308360652));
#2180=CARTESIAN_POINT('',(6.53293927304051,-34.1999679269348,-19.5075528494535));
#2181=CARTESIAN_POINT('',(6.55142223456427,-34.200087204828,-19.4885860790447));
#2182=CARTESIAN_POINT('',(6.57532267755656,-34.2008040575736,-19.4633877134621));
#2183=CARTESIAN_POINT('',(6.61013452304821,-34.2031349357839,-19.4251484057477));
#2184=CARTESIAN_POINT('',(6.64943892784987,-34.2077389561036,-19.3796205694511));
#2185=CARTESIAN_POINT('',(6.6916751407728,-34.2153787743,-19.3274914718127));
#2186=CARTESIAN_POINT('',(6.7288855409449,-34.2246776892509,-19.278518650589));
#2187=CARTESIAN_POINT('',(6.76153260408309,-34.2349742262412,-19.2330267541608));
#2188=CARTESIAN_POINT('',(6.79505715841318,-34.2475866296413,-19.1839138546217));
#2189=CARTESIAN_POINT('',(6.83667611913561,-34.2667264746005,-19.118866006791));
#2190=CARTESIAN_POINT('',(6.8842461382073,-34.2949585798999,-19.0371356458294));
#2191=CARTESIAN_POINT('',(6.92766489783273,-34.3285438056211,-18.9535735452817));
#2192=CARTESIAN_POINT('',(6.96156527998012,-34.3611578259171,-18.8811089789451));
#2193=CARTESIAN_POINT('',(6.98891048587594,-34.3921624605513,-18.8174162517912));
#2194=CARTESIAN_POINT('',(7.01352352951859,-34.4247762100807,-18.7548922430096));
#2195=CARTESIAN_POINT('',(7.03611578497224,-34.4602130338002,-18.6915100345166));
#2196=CARTESIAN_POINT('',(7.05802975656756,-34.5006650760182,-18.6235034219499));
#2197=CARTESIAN_POINT('',(7.08133269126269,-34.552448078232,-18.5418979182413));
#2198=CARTESIAN_POINT('',(7.10447094712293,-34.6195605971469,-18.4445480842296));
#2199=CARTESIAN_POINT('',(7.12240733827735,-34.6928344466898,-18.3475727584509));
#2200=CARTESIAN_POINT('',(7.13436087192406,-34.7624319986982,-18.2625073897962));
#2201=CARTESIAN_POINT('',(7.1426524892036,-34.8315467296064,-18.1834258554985));
#2202=CARTESIAN_POINT('',(7.14808869819546,-34.907082561121,-18.1029886130427));
#2203=CARTESIAN_POINT('',(7.14983930471637,-34.9707127473834,-18.0406162415941));
#2204=CARTESIAN_POINT('',(7.15006852443206,-35.0226109212558,-17.9924812260063));
#2205=CARTESIAN_POINT('',(7.14971434578544,-35.0617539684781,-17.957449692102));
#2206=CARTESIAN_POINT('',(7.14853804206647,-35.1085157693046,-17.9176631671367));
#2207=CARTESIAN_POINT('',(7.14683465154088,-35.1528626099566,-17.8817991125396));
#2208=CARTESIAN_POINT('',(7.14481279421282,-35.1944754696415,-17.8497191219171));
#2209=CARTESIAN_POINT('',(7.14253372646065,-35.2346292092156,-17.8201967096853));
#2210=CARTESIAN_POINT('',(7.13998084178248,-35.2748287741277,-17.7920738103163));
#2211=CARTESIAN_POINT('',(7.13723731475089,-35.3146760942019,-17.7656100665036));
#2212=CARTESIAN_POINT('',(7.13435320534066,-35.354267342735,-17.7407083130411));
#2213=CARTESIAN_POINT('',(7.1310993660981,-35.3973108420151,-17.7151403587398));
#2214=CARTESIAN_POINT('',(7.12748641404396,-35.4439915995637,-17.6892814288552));
#2215=CARTESIAN_POINT('',(7.12358823992206,-35.4942331082528,-17.6637348052931));
#2216=CARTESIAN_POINT('',(7.12003772748208,-35.5409081867129,-17.6421270067132));
#2217=CARTESIAN_POINT('',(7.11680573888064,-35.5850149881761,-17.623531845677));
#2218=CARTESIAN_POINT('',(7.11351707437499,-35.6321722506675,-17.6054547054205));
#2219=CARTESIAN_POINT('',(7.11008088009842,-35.685735471149,-17.5874803176155));
#2220=CARTESIAN_POINT('',(7.10679693505753,-35.7445131899491,-17.5710705828124));
#2221=CARTESIAN_POINT('',(7.10440018177102,-35.796388800569,-17.5595118602543));
#2222=CARTESIAN_POINT('',(7.10277293701907,-35.8401374440877,-17.5518290115849));
#2223=CARTESIAN_POINT('',(7.10173999562618,-35.8745709331894,-17.5470161286123));
#2224=CARTESIAN_POINT('',(7.10100229666886,-35.9061597743114,-17.5436097727185));
#2225=CARTESIAN_POINT('',(7.10043894333496,-35.9392534347733,-17.541025152061));
#2226=CARTESIAN_POINT('',(7.10013827403392,-35.9705116107753,-17.5396530307948));
#2227=CARTESIAN_POINT('',(7.10005997375775,-35.9996925861575,-17.5392960656118));
#2228=CARTESIAN_POINT('',(7.10014558710296,-36.0328461655546,-17.5396864351421));
#2229=CARTESIAN_POINT('',(7.10057196936829,-36.0726155260753,-17.5416315896011));
#2230=CARTESIAN_POINT('',(7.10158977293796,-36.121308864137,-17.546313993661));
#2231=CARTESIAN_POINT('',(7.10307796393712,-36.1697824395915,-17.5532476151649));
#2232=CARTESIAN_POINT('',(7.10511529333967,-36.2200868026847,-17.5629297147037));
#2233=CARTESIAN_POINT('',(7.10733352497764,-36.264944770727,-17.5737491540188));
#2234=CARTESIAN_POINT('',(7.10950031880501,-36.3035319493254,-17.5846182134573));
#2235=CARTESIAN_POINT('',(7.11142644419316,-36.33515489846,-17.5945220595792));
#2236=CARTESIAN_POINT('',(7.11335561443285,-36.3649241830465,-17.604697071924));
#2237=CARTESIAN_POINT('',(7.1153355851508,-36.393996456531,-17.6154246687136));
#2238=CARTESIAN_POINT('',(7.11741659680609,-36.4233151942578,-17.6270426131474));
#2239=CARTESIAN_POINT('',(7.11984570131444,-36.4564140077083,-17.6410650554444));
#2240=CARTESIAN_POINT('',(7.12262837984078,-36.4932105442015,-17.6578400872533));
#2241=CARTESIAN_POINT('',(7.12574931792576,-36.5336503960837,-17.6777631601827));
#2242=CARTESIAN_POINT('',(7.12895332106541,-36.5749153388774,-17.6996093606624));
#2243=CARTESIAN_POINT('',(7.13270605480065,-36.6236892926383,-17.7272557202792));
#2244=CARTESIAN_POINT('',(7.13761549728167,-36.6896720568408,-17.7677681326079));
#2245=CARTESIAN_POINT('',(7.14303762942305,-36.7707054628723,-17.823092631491));
#2246=CARTESIAN_POINT('',(7.14742123074703,-36.8559007424059,-17.8880095120114));
#2247=CARTESIAN_POINT('',(7.14959985068967,-36.9271662226924,-17.9475682464858));
#2248=CARTESIAN_POINT('',(7.15006611736556,-36.975742802169,-17.9909777256682));
#2249=CARTESIAN_POINT('',(7.1498822021766,-37.0215776066112,-18.0334441631284));
#2250=CARTESIAN_POINT('',(7.148754764381,-37.071768308024,-18.0820728885148));
#2251=CARTESIAN_POINT('',(7.14526269870186,-37.135275436598,-18.1477011644756));
#2252=CARTESIAN_POINT('',(7.13908637028462,-37.2019569894099,-18.2210384529094));
#2253=CARTESIAN_POINT('',(7.12915144458896,-37.2716242364713,-18.3032116712252));
#2254=CARTESIAN_POINT('',(7.11529251012876,-37.3380031755718,-18.3878169990338));
#2255=CARTESIAN_POINT('',(7.0990011655411,-37.3962852005771,-18.4675524584643));
#2256=CARTESIAN_POINT('',(7.07969739664615,-37.451122596073,-18.547553334413));
#2257=CARTESIAN_POINT('',(7.0556843872415,-37.5049630181282,-18.6321601463298));
#2258=CARTESIAN_POINT('',(7.02863928276262,-37.552593997626,-18.7136549311504));
#2259=CARTESIAN_POINT('',(7.00475484584828,-37.5871468242066,-18.7775019372686));
#2260=CARTESIAN_POINT('',(6.98550460480163,-37.611524127434,-18.825156361053));
#2261=CARTESIAN_POINT('',(6.96874671514777,-37.6306919812866,-18.8643725997274));
#2262=CARTESIAN_POINT('',(6.95132331129229,-37.6487031442759,-18.9030113350699));
#2263=CARTESIAN_POINT('',(6.93138978890661,-37.6673320228137,-18.9450000905016));
#2264=CARTESIAN_POINT('',(6.90797091767021,-37.6867858042731,-18.9915851705668));
#2265=CARTESIAN_POINT('',(6.87993349797887,-37.7069860842048,-19.0438405786047));
#2266=CARTESIAN_POINT('',(6.84791063149496,-37.7266771734044,-19.0996445140684));
#2267=CARTESIAN_POINT('',(6.80931521261532,-37.7464357547491,-19.1623048439979));
#2268=CARTESIAN_POINT('',(6.76413040281802,-37.7646977709927,-19.2299845262149));
#2269=CARTESIAN_POINT('',(6.71658809324983,-37.7789103725146,-19.2953131863699));
#2270=CARTESIAN_POINT('',(6.67087910051849,-37.7887411577915,-19.3535843915374));
#2271=CARTESIAN_POINT('',(6.62400772043229,-37.7956866301356,-19.4096109529884));
#2272=CARTESIAN_POINT('',(6.57839332914851,-37.7993152973702,-19.460402961854));
#2273=CARTESIAN_POINT('',(6.53975353255105,-37.8001493687746,-19.5007529363406));
#2274=CARTESIAN_POINT('',(6.50431900493984,-37.7997306664134,-19.5363414002042));
#2275=CARTESIAN_POINT('',(6.46490048964828,-37.7978037081118,-19.5741851741846));
#2276=CARTESIAN_POINT('',(6.41521170801341,-37.792955887806,-19.6190020574689));
#2277=CARTESIAN_POINT('',(6.36420374129772,-37.7856263552219,-19.6622077166801));
#2278=CARTESIAN_POINT('',(6.31741264319361,-37.7768505777361,-19.6994084272011));
#2279=CARTESIAN_POINT('',(6.27637819453567,-37.7676997835014,-19.7303174117294));
#2280=CARTESIAN_POINT('',(6.23905250480188,-37.7583756502636,-19.7572591882265));
#2281=CARTESIAN_POINT('',(6.193843121443,-37.7458371189551,-19.7884384012041));
#2282=CARTESIAN_POINT('',(6.1329696257378,-37.7267777161011,-19.8278987199157));
#2283=CARTESIAN_POINT('',(6.060552749267,-37.7006964155516,-19.8709423717412));
#2284=CARTESIAN_POINT('',(5.98768191826425,-37.6708602869281,-19.9102295566301));
#2285=CARTESIAN_POINT('',(5.92331168786072,-37.6418344257311,-19.9420097340133));
#2286=CARTESIAN_POINT('',(5.86265729786595,-37.6123878512045,-19.9697110932818));
#2287=CARTESIAN_POINT('',(5.80078593989778,-37.5801953864625,-19.9957138093953));
#2288=CARTESIAN_POINT('',(5.73838686970507,-37.5454042097596,-20.0195802247409));
#2289=CARTESIAN_POINT('',(5.67295908161777,-37.5066285043206,-20.0423572254794));
#2290=CARTESIAN_POINT('',(5.59697934300666,-37.4587314886018,-20.0660976861165));
#2291=CARTESIAN_POINT('',(5.50869876205021,-37.3986648440295,-20.0897198646293));
#2292=CARTESIAN_POINT('',(5.4224772719652,-37.3349652161908,-20.1086259318623));
#2293=CARTESIAN_POINT('',(5.35506651233063,-37.2815864774966,-20.120721832047));
#2294=CARTESIAN_POINT('',(5.30672132980108,-37.2414653764442,-20.1281273098403));
#2295=CARTESIAN_POINT('',(5.27044643928416,-37.2103358475778,-20.133014928675));
#2296=CARTESIAN_POINT('',(5.23721141943631,-37.1809419118876,-20.1369535649633));
#2297=CARTESIAN_POINT('',(5.20572836319411,-37.1522905949238,-20.1402112634914));
#2298=CARTESIAN_POINT('',(5.17474015364379,-37.1232672613124,-20.142961146684));
#2299=CARTESIAN_POINT('',(5.14429416371964,-37.0939131293692,-20.1452235600019));
#2300=CARTESIAN_POINT('',(5.11436834936822,-37.064201965778,-20.1470244007032));
#2301=CARTESIAN_POINT('',(5.08497526053368,-37.0341375891228,-20.1483860484353));
#2302=CARTESIAN_POINT('',(5.05610654809327,-37.0036989960662,-20.1493312379186));
#2303=CARTESIAN_POINT('',(5.02775346516377,-36.9728611656021,-20.1498820197727));
#2304=CARTESIAN_POINT('',(5.0091970476229,-36.9520233498689,-20.1500000548053));
#2305=CARTESIAN_POINT('',(5.,-36.9415244096697,-20.15));
#2306=CARTESIAN_POINT('',(4.57788860072514,-36.,-20.108156058408));
#2307=CARTESIAN_POINT('',(5.00000000014107,-36.9415244099978,-20.1499999998563));
#2308=CARTESIAN_POINT('',(4.98952657936648,-36.9295680284832,-20.150000130146));
#2309=CARTESIAN_POINT('',(4.9708672547197,-36.9078633219203,-20.1498621862021));
#2310=CARTESIAN_POINT('',(4.9464956562359,-36.8784970356702,-20.1493689158099));
#2311=CARTESIAN_POINT('',(4.92655719160658,-36.8537810872991,-20.1487698092148));
#2312=CARTESIAN_POINT('',(4.90893075785595,-36.8313782519657,-20.1480941141374));
#2313=CARTESIAN_POINT('',(4.89161864266466,-36.8088017441465,-20.1472893903519));
#2314=CARTESIAN_POINT('',(4.87463422913082,-36.7860577160699,-20.1463639155483));
#2315=CARTESIAN_POINT('',(4.85797206432908,-36.7631259251319,-20.1453249557297));
#2316=CARTESIAN_POINT('',(4.84164841992627,-36.7400140736121,-20.1441810193362));
#2317=CARTESIAN_POINT('',(4.82567792651408,-36.7167276018889,-20.142940831846));
#2318=CARTESIAN_POINT('',(4.81009493499643,-36.6933022379257,-20.1416151806523));
#2319=CARTESIAN_POINT('',(4.79490532536642,-36.6697331623784,-20.1402130026597));
#2320=CARTESIAN_POINT('',(4.77743883812773,-36.6417223397221,-20.1384772160987));
#2321=CARTESIAN_POINT('',(4.75442628496944,-36.6031606461254,-20.1359870032515));
#2322=CARTESIAN_POINT('',(4.72357300986593,-36.5476438580057,-20.1322520015509));
#2323=CARTESIAN_POINT('',(4.69117276344468,-36.4824847522276,-20.127788175707));
#2324=CARTESIAN_POINT('',(4.66379579205257,-36.4192361386384,-20.1235927316166));
#2325=CARTESIAN_POINT('',(4.64555318660904,-36.3711709124634,-20.1205978217303));
#2326=CARTESIAN_POINT('',(4.6335134301655,-36.3360018955641,-20.1185412060261));
#2327=CARTESIAN_POINT('',(4.6250786626369,-36.3092743791576,-20.1170626194621));
#2328=CARTESIAN_POINT('',(4.61784082813886,-36.2844334776072,-20.1157669323031));
#2329=CARTESIAN_POINT('',(4.61144532191503,-36.2606069831993,-20.1146011779896));
#2330=CARTESIAN_POINT('',(4.60560590897518,-36.2368113138978,-20.113519322055));
#2331=CARTESIAN_POINT('',(4.60033074641392,-36.2130846880934,-20.1125276554933));
#2332=CARTESIAN_POINT('',(4.59560504524878,-36.189360021526,-20.1116276993278));
#2333=CARTESIAN_POINT('',(4.591431544633,-36.1656412768438,-20.1108237869467));
#2334=CARTESIAN_POINT('',(4.58781054754046,-36.1419144362626,-20.1101193575773));
#2335=CARTESIAN_POINT('',(4.58474789302143,-36.118210630928,-20.1095185117631));
#2336=CARTESIAN_POINT('',(4.58224158146714,-36.09451364863,-20.1090233768802));
#2337=CARTESIAN_POINT('',(4.58029331229311,-36.0708302953846,-20.1086363482944));
#2338=CARTESIAN_POINT('',(4.5789037700765,-36.0471671407601,-20.1083591618032));
#2339=CARTESIAN_POINT('',(4.57807313493656,-36.0235694491338,-20.108193036317));
#2340=CARTESIAN_POINT('',(4.57788852818684,-36.0078459106426,-20.1081560084202));
#2341=CARTESIAN_POINT('',(4.57788860072514,-36.,-20.108156058408));
#2342=CARTESIAN_POINT('',(4.57788860072514,-36.,-20.108156058408));
#2343=CARTESIAN_POINT('',(4.57788846100305,-35.9903511824193,-20.1081559508606));
#2344=CARTESIAN_POINT('',(4.57816744859695,-35.9710441272476,-20.10821195704));
#2345=CARTESIAN_POINT('',(4.5794171302966,-35.9421378455546,-20.1084617448672));
#2346=CARTESIAN_POINT('',(4.58149384892651,-35.9132878208643,-20.1088752257863));
#2347=CARTESIAN_POINT('',(4.58438418770211,-35.8845510925851,-20.109447133186));
#2348=CARTESIAN_POINT('',(4.58806833336695,-35.8559817162629,-20.1101701389429));
#2349=CARTESIAN_POINT('',(4.59252318748902,-35.8276165032259,-20.1110354538672));
#2350=CARTESIAN_POINT('',(4.59771953831996,-35.7994996354036,-20.1120324500833));
#2351=CARTESIAN_POINT('',(4.60362936519746,-35.7716467706449,-20.1131502078782));
#2352=CARTESIAN_POINT('',(4.6102180559401,-35.7440958495273,-20.1143761530255));
#2353=CARTESIAN_POINT('',(4.61745131772704,-35.71686824132,-20.1156975336145));
#2354=CARTESIAN_POINT('',(4.62528231741005,-35.690019651572,-20.1170992675248));
#2355=CARTESIAN_POINT('',(4.6336879752807,-35.6635167212081,-20.1185705873559));
#2356=CARTESIAN_POINT('',(4.64295741899206,-35.6364254567248,-20.1201539789809));
#2357=CARTESIAN_POINT('',(4.65350011219018,-35.6077791135938,-20.1219053066905));
#2358=CARTESIAN_POINT('',(4.66726624410332,-35.5730173382252,-20.1241164290077));
#2359=CARTESIAN_POINT('',(4.68596404443173,-35.5296570105317,-20.1269814217043));
#2360=CARTESIAN_POINT('',(4.71167364956931,-35.47571664317,-20.1306477355771));
#2361=CARTESIAN_POINT('',(4.74303268858731,-35.4165339881441,-20.1346818863771));
#2362=CARTESIAN_POINT('',(4.77639200262385,-35.3595080281267,-20.1384275374014));
#2363=CARTESIAN_POINT('',(4.80710438849586,-35.3109870952809,-20.1413914364879));
#2364=CARTESIAN_POINT('',(4.83327089798972,-35.271975039684,-20.1435695662353));
#2365=CARTESIAN_POINT('',(4.85756868615525,-35.2373186133488,-20.1453211260979));
#2366=CARTESIAN_POINT('',(4.88199461628604,-35.2038796782837,-20.1468102651762));
#2367=CARTESIAN_POINT('',(4.90669998757925,-35.1714079989218,-20.1480204868278));
#2368=CARTESIAN_POINT('',(4.92994944949192,-35.1419243495284,-20.1488959570728));
#2369=CARTESIAN_POINT('',(4.9522800239321,-35.1144573659166,-20.1495083022505));
#2370=CARTESIAN_POINT('',(4.97537233909603,-35.0868716467722,-20.1499038961953));
#2371=CARTESIAN_POINT('',(4.99156952392231,-35.0680997147977,-20.1500000605635));
#2372=CARTESIAN_POINT('',(5.00000000014107,-35.0584755900022,-20.1499999998563));
#2373=CARTESIAN_POINT('',(-2.09612540123966E-15,-34.,1.5));
#2374=AXIS2_PLACEMENT_3D('',#2375,#2376,#2377);
#2375=CARTESIAN_POINT('',(0.,-34.,0.));
#2376=DIRECTION('',(0.,1.,0.));
#2377=DIRECTION('',(1.83697019872103E-16,0.,1.));
#2378=CARTESIAN_POINT('',(10.2331615074624,-36.,15.1243556529818));
#2379=CARTESIAN_POINT('',(7.92376043070388,-40.,15.1243556529818));
#2380=VECTOR('',#2381,1.);
#2381=DIRECTION('',(0.500000000000005,0.866025403784436,-3.84592537276713E-16));
#2382=CARTESIAN_POINT('',(8.61658075373146,-33.2,15.1243556529818));
#2383=CARTESIAN_POINT('',(10.2331615074624,-36.,15.1243556529818));
#2384=VECTOR('',#2385,1.);
#2385=DIRECTION('',(-0.499999999999996,0.866025403784441,0.));
#2386=CARTESIAN_POINT('',(5.38341924626955,-33.2,15.1243556529818));
#2387=CARTESIAN_POINT('',(8.61658075373146,-33.2,15.1243556529818));
#2388=VECTOR('',#2389,1.);
#2389=DIRECTION('',(-1.,2.19767164158122E-15,0.));
#2390=CARTESIAN_POINT('',(5.38341924626955,-33.2,15.1243556529818));
#2391=VECTOR('',#2392,1.);
#2392=DIRECTION('',(-0.500000000000003,-0.866025403784437,2.26230904280419E-16));
#2393=CARTESIAN_POINT('',(8.8000000000005,-36.,15.1243556529818));
#2394=AXIS2_PLACEMENT_3D('',#2395,#2396,#2397);
#2395=CARTESIAN_POINT('',(7.0000000000005,-36.,15.1243556529818));
#2396=DIRECTION('',(-1.22464679914735E-16,1.22464679914735E-16,1.));
#2397=DIRECTION('',(1.,-1.83697019872103E-16,1.22464679914735E-16));
#2398=CARTESIAN_POINT('',(5.38341924626955,-33.2,18.1243556529818));
#2399=CARTESIAN_POINT('',(5.38341924626956,-33.2,15.1243556529818));
#2400=VECTOR('',#2401,1.);
#2401=DIRECTION('',(-5.9211894646675E-16,0.,1.));
#2402=CARTESIAN_POINT('',(5.38341924626955,-33.2,18.1243556529818));
#2403=VECTOR('',#2404,1.);
#2404=DIRECTION('',(-0.500000000000003,-0.866025403784437,4.52461808560837E-16));
#2405=CARTESIAN_POINT('',(8.61658075373146,-33.2,18.1243556529818));
#2406=CARTESIAN_POINT('',(8.61658075373146,-33.2,18.1243556529818));
#2407=VECTOR('',#2408,1.);
#2408=DIRECTION('',(-1.,2.19767164158121E-15,0.));
#2409=CARTESIAN_POINT('',(10.2331615074624,-36.,18.1243556529818));
#2410=CARTESIAN_POINT('',(10.2331615074624,-36.,18.1243556529818));
#2411=VECTOR('',#2412,1.);
#2412=DIRECTION('',(-0.499999999999996,0.866025403784441,0.));
#2413=CARTESIAN_POINT('',(7.92376043070388,-40.,18.1243556529818));
#2414=VECTOR('',#2415,1.);
#2415=DIRECTION('',(0.500000000000005,0.866025403784436,0.));
#2416=CARTESIAN_POINT('',(8.8000000000005,-36.,18.1243556529818));
#2417=AXIS2_PLACEMENT_3D('',#2418,#2419,#2420);
#2418=CARTESIAN_POINT('',(7.0000000000005,-36.,18.1243556529818));
#2419=DIRECTION('',(-1.22464679914735E-16,1.22464679914735E-16,1.));
#2420=DIRECTION('',(1.,-1.83697019872103E-16,1.22464679914735E-16));
#2421=CARTESIAN_POINT('',(10.2331615074624,-36.,15.1243556529818));
#2422=VECTOR('',#2423,1.);
#2423=DIRECTION('',(-5.9211894646675E-16,0.,1.));
#2424=CARTESIAN_POINT('',(2.68833879202087,-32.,-18.9519571731566));
#2425=CARTESIAN_POINT('',(2.68833879202087,-32.,-18.9519571731566));
#2426=VECTOR('',#2427,1.);
#2427=DIRECTION('',(1.11022302462516E-16,1.,0.));
#2428=CARTESIAN_POINT('',(-0.813183698649035,-32.,-16.4799494013863));
#2429=CARTESIAN_POINT('',(-0.813183698649033,-32.,-16.4799494013863));
#2430=VECTOR('',#2431,1.);
#2431=DIRECTION('',(1.11022302462516E-16,1.,0.));
#2432=AXIS2_PLACEMENT_3D('',#2433,#2434,#2435);
#2433=CARTESIAN_POINT('',(-1.01031914074577,-32.,-20.4750886502073));
#2434=DIRECTION('',(-1.22464679914735E-16,-1.,-6.16297582203916E-33));
#2435=DIRECTION('',(0.924664483191659,-1.13238739962591E-16,0.380782869262658));
#2436=CARTESIAN_POINT('',(6.84316353888009,-32.,-19.6890080428888));
#2437=AXIS2_PLACEMENT_3D('',#2438,#2439,#2440);
#2438=CARTESIAN_POINT('',(5.00000000000001,-32.,-18.));
#2439=DIRECTION('',(1.22464679914735E-16,1.,0.));
#2440=DIRECTION('',(0.737265415552032,-9.02889731277839E-17,-0.675603217155521));
#2441=CARTESIAN_POINT('',(6.8431635388801,-32.,-19.6890080428888));
#2442=VECTOR('',#2443,1.);
#2443=DIRECTION('',(0.,1.,0.));
#2444=CARTESIAN_POINT('',(14.4999999999627,-32.,2.70619947762678E-14));
#2445=AXIS2_PLACEMENT_3D('',#2446,#2447,#2448);
#2446=CARTESIAN_POINT('',(-14.6428571429992,-32.,3.00609521045666E-15));
#2447=DIRECTION('',(1.22464679914735E-16,1.,0.));
#2448=DIRECTION('',(1.,-1.22464679914735E-16,1.01064309961486E-15));
#2449=CARTESIAN_POINT('',(14.4999999999627,-32.,2.11097553551703E-14));
#2450=VECTOR('',#2451,1.);
#2451=DIRECTION('',(0.,1.,0.));
#2452=CARTESIAN_POINT('',(9.49999999996269,-32.,2.24394158842432E-14));
#2453=AXIS2_PLACEMENT_3D('',#2454,#2455,#2456);
#2454=CARTESIAN_POINT('',(11.9999999999627,-32.,1.91382591184457E-14));
#2455=DIRECTION('',(1.22464679914735E-16,1.,0.));
#2456=DIRECTION('',(-1.,1.22464679914735E-16,-6.66133814775094E-16));
#2457=CARTESIAN_POINT('',(9.49999999996269,-27.8094750193015,2.2229918561934E-14));
#2458=CARTESIAN_POINT('',(9.49999999996269,-32.,2.698691254236E-14));
#2459=VECTOR('',#2460,1.);
#2460=DIRECTION('',(0.,1.,0.));
#2461=CARTESIAN_POINT('',(9.5000000002642,-27.8094750193793,1.29476709244575E-14));
#2462=CARTESIAN_POINT('',(9.49999997123887,-27.8094749210898,0.0170455284982043));
#2463=CARTESIAN_POINT('',(9.5003501509537,-27.8095892918616,0.0512733621119308));
#2464=CARTESIAN_POINT('',(9.50193530731461,-27.8101058128979,0.10278732064962));
#2465=CARTESIAN_POINT('',(9.5046145858426,-27.8109770466609,0.154808430096049));
#2466=CARTESIAN_POINT('',(9.5084219575857,-27.8122109597429,0.207302366237324));
#2467=CARTESIAN_POINT('',(9.51342050735522,-27.813823580815,0.260554410051544));
#2468=CARTESIAN_POINT('',(9.51966951269427,-27.8158279595167,0.314594395197522));
#2469=CARTESIAN_POINT('',(9.52728361987619,-27.8182526989306,0.369770273574221));
#2470=CARTESIAN_POINT('',(9.53630040318751,-27.8210993248244,0.425769157997197));
#2471=CARTESIAN_POINT('',(9.54680574181049,-27.8243820974487,0.48266899852705));
#2472=CARTESIAN_POINT('',(9.55881722501245,-27.8280913021092,0.540185804513438));
#2473=CARTESIAN_POINT('',(9.57246138430431,-27.8322477252885,0.598560141386518));
#2474=CARTESIAN_POINT('',(9.58774768294192,-27.8368329365452,0.657493231555763));
#2475=CARTESIAN_POINT('',(9.60475638981061,-27.8418466244335,0.717008162547423));
#2476=CARTESIAN_POINT('',(9.62345054582933,-27.8472510254759,0.776747281033001));
#2477=CARTESIAN_POINT('',(9.64384570835176,-27.8530214124215,0.836587176308678));
#2478=CARTESIAN_POINT('',(9.66584707895394,-27.8591006739454,0.896146892282128));
#2479=CARTESIAN_POINT('',(9.68936481894405,-27.8654335589093,0.955147867618326));
#2480=CARTESIAN_POINT('',(9.71428011823328,-27.8719586708808,1.01331751901181));
#2481=CARTESIAN_POINT('',(9.74325743970041,-27.8793244404264,1.07651376148204));
#2482=CARTESIAN_POINT('',(9.77665109243071,-27.8875066904419,1.14408872082371));
#2483=CARTESIAN_POINT('',(9.81485886900623,-27.8964516145379,1.21544416543428));
#2484=CARTESIAN_POINT('',(9.85127613086377,-27.9045697967243,1.27850558122133));
#2485=CARTESIAN_POINT('',(9.88533313035505,-27.9118206428443,1.33390214656164));
#2486=CARTESIAN_POINT('',(9.91656785263921,-27.918203691532,1.38217335896316));
#2487=CARTESIAN_POINT('',(9.94873061816968,-27.9244979257931,1.42946799634749));
#2488=CARTESIAN_POINT('',(9.98582534224994,-27.931431196754,1.48142476401443));
#2489=CARTESIAN_POINT('',(10.0297193767652,-27.9391749422962,1.53953446431347));
#2490=CARTESIAN_POINT('',(10.0824485477817,-27.9477970113656,1.60484635788153));
#2491=CARTESIAN_POINT('',(10.1422823670466,-27.956730282622,1.67388740873516));
#2492=CARTESIAN_POINT('',(10.2077206440083,-27.9654690717349,1.74383682458414));
#2493=CARTESIAN_POINT('',(10.2768588704868,-27.9735528441658,1.81214023548075));
#2494=CARTESIAN_POINT('',(10.3397664879326,-27.9798777430615,1.86969108772231));
#2495=CARTESIAN_POINT('',(10.3947772639477,-27.98465438484,1.91690325089207));
#2496=CARTESIAN_POINT('',(10.4457892004035,-27.9885421550911,1.95855173746382));
#2497=CARTESIAN_POINT('',(10.5050430007211,-27.9923736092084,2.00434502030268));
#2498=CARTESIAN_POINT('',(10.5731166801009,-27.9957979593995,2.05344016249856));
#2499=CARTESIAN_POINT('',(10.6389572756013,-27.9980953499241,2.0974680353191));
#2500=CARTESIAN_POINT('',(10.6905037770198,-27.9992346723397,2.12979154039982));
#2501=CARTESIAN_POINT('',(10.7273003196661,-27.9997387790956,2.15188836209929));
#2502=CARTESIAN_POINT('',(10.7552114997028,-27.9999559164847,2.16813556467572));
#2503=CARTESIAN_POINT('',(10.7729021986864,-28.000000006816,2.17814655681904));
#2504=CARTESIAN_POINT('',(10.7812499999969,-28.,2.18280746690665));
#2505=CARTESIAN_POINT('',(9.49999999996269,-27.8094750193015,-1.8391543322197E-9));
#2506=CARTESIAN_POINT('',(9.50000000006633,-27.8094749997841,-0.0346774041656445));
#2507=CARTESIAN_POINT('',(9.49986186373061,-27.8095300100638,-0.098790334413121));
#2508=CARTESIAN_POINT('',(9.49931116058589,-27.8097490760117,-0.188512540288888));
#2509=CARTESIAN_POINT('',(9.49852668113218,-27.8100608852936,-0.270586461103503));
#2510=CARTESIAN_POINT('',(9.49729924417013,-27.8105482148771,-0.366260789211103));
#2511=CARTESIAN_POINT('',(9.49529250888462,-27.8113435261085,-0.48304186252237));
#2512=CARTESIAN_POINT('',(9.49210242714058,-27.812603614822,-0.623183769153528));
#2513=CARTESIAN_POINT('',(9.4881026155522,-27.8141761681052,-0.762053949089005));
#2514=CARTESIAN_POINT('',(9.48339862299956,-27.8160150852214,-0.898257139225147));
#2515=CARTESIAN_POINT('',(9.4780827324855,-27.8180806623885,-1.03155641931687));
#2516=CARTESIAN_POINT('',(9.47169448056519,-27.8205445645934,-1.17170537951066));
#2517=CARTESIAN_POINT('',(9.46309973411151,-27.8238299586672,-1.33835593655369));
#2518=CARTESIAN_POINT('',(9.45172464128524,-27.8281251892255,-1.5311186591617));
#2519=CARTESIAN_POINT('',(9.4367052237225,-27.8336968769096,-1.75192829940626));
#2520=CARTESIAN_POINT('',(9.42033458878274,-27.8396413508075,-1.96335435220873));
#2521=CARTESIAN_POINT('',(9.40301791236215,-27.8457877851809,-2.16452453591842));
#2522=CARTESIAN_POINT('',(9.38288212505855,-27.852775929218,-2.3789407936078));
#2523=CARTESIAN_POINT('',(9.35721620745865,-27.8614191194725,-2.62675665236653));
#2524=CARTESIAN_POINT('',(9.32453442229174,-27.8719743850071,-2.91037119221699));
#2525=CARTESIAN_POINT('',(9.28570741959596,-27.8839024190331,-3.21480999676989));
#2526=CARTESIAN_POINT('',(9.2352487385308,-27.8984765992128,-3.57285684397985));
#2527=CARTESIAN_POINT('',(9.16494279143229,-27.9170860132946,-4.01911970422723));
#2528=CARTESIAN_POINT('',(9.0753690961893,-27.9377489608498,-4.51878516405425));
#2529=CARTESIAN_POINT('',(8.97700211192844,-27.9565497213897,-5.00501828283916));
#2530=CARTESIAN_POINT('',(8.88723175364088,-27.970507131099,-5.40908436401918));
#2531=CARTESIAN_POINT('',(8.80486897388273,-27.9808702424418,-5.75473837211087));
#2532=CARTESIAN_POINT('',(8.72450485792347,-27.9888544528202,-6.0729158235711));
#2533=CARTESIAN_POINT('',(8.63870273089224,-27.9950323711859,-6.39405516438241));
#2534=CARTESIAN_POINT('',(8.54730453763363,-27.9990368836919,-6.71804156517583));
#2535=CARTESIAN_POINT('',(8.4830429100091,-28.0000001252883,-6.93420007607493));
#2536=CARTESIAN_POINT('',(8.44999999994825,-28.,-7.0425492544168));
#2537=CARTESIAN_POINT('',(-1.83697019872103E-16,-22.,5.));
#2538=AXIS2_PLACEMENT_3D('',#2539,#2540,#2541);
#2539=CARTESIAN_POINT('',(0.,-22.,0.));
#2540=DIRECTION('',(0.,1.,0.));
#2541=DIRECTION('',(1.83697019872103E-16,0.,1.));
#2542=CARTESIAN_POINT('',(8.43589344399791,-32.,-7.08864037518103));
#2543=CARTESIAN_POINT('',(8.43589344399791,-32.,-7.08864037518104));
#2544=VECTOR('',#2545,1.);
#2545=DIRECTION('',(0.,1.,0.));
#2546=AXIS2_PLACEMENT_3D('',#2547,#2548,#2549);
#2547=CARTESIAN_POINT('',(-14.6428571429992,-32.,3.00609521045666E-15));
#2548=DIRECTION('',(-1.22464679914735E-16,-1.,-6.16297582203915E-33));
#2549=DIRECTION('',(0.95592458052236,-1.17066997776298E-16,-0.293612323231078));
#2550=CARTESIAN_POINT('',(7.07203252025962,-32.,-9.06842632612695));
#2551=CARTESIAN_POINT('',(7.07203252025962,-32.,-9.06842632612695));
#2552=VECTOR('',#2553,1.);
#2553=DIRECTION('',(2.22044604925031E-16,1.,0.));
#2554=AXIS2_PLACEMENT_3D('',#2555,#2556,#2557);
#2555=CARTESIAN_POINT('',(4.61219512190847,-32.,-5.91419108225672));
#2556=DIRECTION('',(-1.22464679914735E-16,-1.,0.));
#2557=DIRECTION('',(0.614959349587787,-7.53107999078422E-17,-0.788558810967556));
#2558=CARTESIAN_POINT('',(-7.39205751117749,-32.,-8.80951109605103));
#2559=AXIS2_PLACEMENT_3D('',#2560,#2561,#2562);
#2560=CARTESIAN_POINT('',(-4.89858719658941E-16,-32.,0.));
#2561=DIRECTION('',(-1.22464679914735E-16,-1.,7.70371977754895E-34));
#2562=DIRECTION('',(-0.642787609667604,7.87187788711009E-17,-0.766044443134867));
#2563=CARTESIAN_POINT('',(-7.3920575111775,-32.,-8.80951109605103));
#2564=VECTOR('',#2565,1.);
#2565=DIRECTION('',(2.22044604925031E-16,1.,0.));
#2566=CARTESIAN_POINT('',(-10.6059955595155,-32.,-12.6397333117254));
#2567=AXIS2_PLACEMENT_3D('',#2568,#2569,#2570);
#2568=CARTESIAN_POINT('',(-8.9990265353465,-32.,-10.7246222038882));
#2569=DIRECTION('',(1.22464679914735E-16,1.,0.));
#2570=DIRECTION('',(-0.642787609667603,7.87187788711008E-17,-0.766044443134867));
#2571=CARTESIAN_POINT('',(-10.6059955595155,-32.,-12.6397333117254));
#2572=VECTOR('',#2573,1.);
#2573=DIRECTION('',(0.,1.,0.));
#2574=AXIS2_PLACEMENT_3D('',#2575,#2576,#2577);
#2575=CARTESIAN_POINT('',(-4.89858719658941E-16,-32.,0.));
#2576=DIRECTION('',(1.22464679914735E-16,1.,0.));
#2577=DIRECTION('',(-0.0492838605241838,6.03553220405663E-18,-0.998784812205228));
#2578=CARTESIAN_POINT('',(5.75000000000041,-32.,9.95929214352077));
#2579=CARTESIAN_POINT('',(5.75000000000041,-32.,9.95929214352077));
#2580=VECTOR('',#2581,1.);
#2581=DIRECTION('',(0.,1.,0.));
#2582=CARTESIAN_POINT('',(8.25000000000059,-32.,14.2894191624429));
#2583=AXIS2_PLACEMENT_3D('',#2584,#2585,#2586);
#2584=CARTESIAN_POINT('',(7.0000000000005,-32.,12.1243556529818));
#2585=DIRECTION('',(1.22464679914735E-16,1.,0.));
#2586=DIRECTION('',(0.500000000000037,-6.12323399573722E-17,0.866025403784417));
#2587=CARTESIAN_POINT('',(8.25000000000059,-32.,14.2894191624429));
#2588=VECTOR('',#2589,1.);
#2589=DIRECTION('',(0.,1.,0.));
#2590=CARTESIAN_POINT('',(-10.6059955597893,-32.,12.6397333114955));
#2591=AXIS2_PLACEMENT_3D('',#2592,#2593,#2594);
#2592=CARTESIAN_POINT('',(-4.89858719658941E-16,-32.,0.));
#2593=DIRECTION('',(1.22464679914735E-16,1.,0.));
#2594=DIRECTION('',(-0.642787609684202,7.87187788731336E-17,0.766044443120939));
#2595=CARTESIAN_POINT('',(-10.6059955597893,-32.,12.6397333114955));
#2596=VECTOR('',#2597,1.);
#2597=DIRECTION('',(0.,1.,0.));
#2598=CARTESIAN_POINT('',(-7.3920575113683,-32.,8.80951109589077));
#2599=AXIS2_PLACEMENT_3D('',#2600,#2601,#2602);
#2600=CARTESIAN_POINT('',(-8.99902653557881,-32.,10.7246222036931));
#2601=DIRECTION('',(1.22464679914735E-16,1.,0.));
#2602=DIRECTION('',(0.642787609684202,-7.87187788731337E-17,-0.766044443120939));
#2603=CARTESIAN_POINT('',(-7.39205751136831,-32.,8.80951109589077));
#2604=VECTOR('',#2605,1.);
#2605=DIRECTION('',(2.22044604925031E-16,1.,0.));
#2606=AXIS2_PLACEMENT_3D('',#2607,#2608,#2609);
#2607=CARTESIAN_POINT('',(-4.89858719658941E-16,-32.,0.));
#2608=DIRECTION('',(-1.22464679914735E-16,-1.,3.08148791101958E-33));
#2609=DIRECTION('',(0.500000000000037,-6.12323399573722E-17,0.866025403784417));
#2610=CARTESIAN_POINT('',(6.00804490610586,-33.2,-21.2553308281352));
#2611=VECTOR('',#2612,1.);
#2612=DIRECTION('',(0.71354534002078,0.,-0.700609054847729));
#2613=CARTESIAN_POINT('',(12.3788705284718,-33.2,-12.237449172225));
#2614=VECTOR('',#2615,1.);
#2615=DIRECTION('',(0.965925826289178,0.,-0.258819045102112));
#2616=CARTESIAN_POINT('',(10.0000000000005,-36.,21.1243556529818));
#2617=AXIS2_PLACEMENT_3D('',#2618,#2619,#2620);
#2618=CARTESIAN_POINT('',(7.00000000000049,-36.,21.1243556529818));
#2619=DIRECTION('',(-1.22464679914735E-16,1.22464679914735E-16,1.));
#2620=DIRECTION('',(1.,-1.83697019872103E-16,1.22464679914735E-16));
#2621=CARTESIAN_POINT('',(2.75545529808154E-16,-5.,1.5));
#2622=AXIS2_PLACEMENT_3D('',#2623,#2624,#2625);
#2623=CARTESIAN_POINT('',(0.,-5.,0.));
#2624=DIRECTION('',(0.,1.,0.));
#2625=DIRECTION('',(1.83697019872103E-16,0.,1.));
#2626=CARTESIAN_POINT('',(8.61658075373146,-33.2,15.1243556529818));
#2627=VECTOR('',#2628,1.);
#2628=DIRECTION('',(-5.9211894646675E-16,0.,1.));
#2629=CARTESIAN_POINT('',(8.8000000000005,-36.,21.1243556529818));
#2630=AXIS2_PLACEMENT_3D('',#2631,#2632,#2633);
#2631=CARTESIAN_POINT('',(7.0000000000005,-36.,21.1243556529818));
#2632=DIRECTION('',(-1.22464679914735E-16,1.22464679914735E-16,1.));
#2633=DIRECTION('',(1.,-1.83697019872103E-16,1.22464679914735E-16));
#2634=CARTESIAN_POINT('',(3.06161699786838E-16,-13.8289821205348,5.));
#2635=AXIS2_PLACEMENT_3D('',#2636,#2637,#2638);
#2636=CARTESIAN_POINT('',(0.,-13.8289821205348,0.));
#2637=DIRECTION('',(0.,1.,0.));
#2638=DIRECTION('',(1.83697019872103E-16,0.,1.));
#2639=CARTESIAN_POINT('',(4.51705981905268E-16,7.36331810847335,7.37691850776507));
#2640=AXIS2_PLACEMENT_3D('',#2641,#2642,#2643);
#2641=CARTESIAN_POINT('',(0.,7.36331810847335,0.));
#2642=DIRECTION('',(0.,1.,0.));
#2643=DIRECTION('',(1.83697019872103E-16,0.,1.));
#2644=CARTESIAN_POINT('',(4.16546538534342E-16,-9.64173137814348,6.80272122254936));
#2645=AXIS2_PLACEMENT_3D('',#2646,#2647,#2648);
#2646=CARTESIAN_POINT('',(0.,-9.64173137814348,0.));
#2647=DIRECTION('',(0.,1.,0.));
#2648=DIRECTION('',(1.83697019872103E-16,0.,1.));
#2649=CARTESIAN_POINT('',(5.53953454999638E-16,7.57603975793264,9.04674646412863));
#2650=AXIS2_PLACEMENT_3D('',#2651,#2652,#2653);
#2651=CARTESIAN_POINT('',(0.,7.57603975793264,0.));
#2652=DIRECTION('',(0.,1.,0.));
#2653=DIRECTION('',(1.83697019872103E-16,0.,1.));
ENDSEC;
END-ISO-10303-21;
