ISO-10303-21;
HEADER;
/* Generated by software containing ST-Developer
 * from STEP Tools, Inc. (www.steptools.com) 
 */

FILE_DESCRIPTION(
/* description */ (''),
/* implementation_level */ '2;1');

FILE_NAME(
/* name */ 'bunny ears 9 v11.step',
/* time_stamp */ '2026-07-12T23:40:20+03:00',
/* author */ (''),
/* organization */ (''),
/* preprocessor_version */ 'ST-DEVELOPER v20.1',
/* originating_system */ 'Autodesk Translation Framework v15.8.0.0',
/* authorisation */ '');

FILE_SCHEMA (('AUTOMOTIVE_DESIGN { 1 0 10303 214 3 1 1 }'));
ENDSEC;

DATA;
#10=MECHANICAL_DESIGN_GEOMETRIC_PRESENTATION_REPRESENTATION('',(#13,#14),
#10427);
#11=SHAPE_REPRESENTATION_RELATIONSHIP('SRR','None',#10434,#12);
#12=ADVANCED_BREP_SHAPE_REPRESENTATION('',(#15,#16),#10426);
#13=STYLED_ITEM('',(#10444),#15);
#14=STYLED_ITEM('',(#10443),#16);
#15=MANIFOLD_SOLID_BREP('ear',#2424);
#16=MANIFOLD_SOLID_BREP('infill modif',#2425);
#17=SPHERICAL_SURFACE('',#2596,12.);
#18=(
BOUNDED_CURVE()
B_SPLINE_CURVE(2,(#7864,#7865,#7866),.UNSPECIFIED.,.F.,.F.)
B_SPLINE_CURVE_WITH_KNOTS((3,3),(1.58169307504404,1.72440487033971),
 .UNSPECIFIED.)
CURVE()
GEOMETRIC_REPRESENTATION_ITEM()
RATIONAL_B_SPLINE_CURVE((1.00972002942711,1.00667445927364,1.00300017204798))
REPRESENTATION_ITEM('')
);
#19=(
BOUNDED_CURVE()
B_SPLINE_CURVE(2,(#7883,#7884,#7885),.UNSPECIFIED.,.F.,.F.)
B_SPLINE_CURVE_WITH_KNOTS((3,3),(0.865307199124257,0.910638287119268),
 .UNSPECIFIED.)
CURVE()
GEOMETRIC_REPRESENTATION_ITEM()
RATIONAL_B_SPLINE_CURVE((1.02445367440572,1.02448876390412,1.02446041856969))
REPRESENTATION_ITEM('')
);
#20=(
BOUNDED_CURVE()
B_SPLINE_CURVE(2,(#7939,#7940,#7941),.UNSPECIFIED.,.F.,.F.)
B_SPLINE_CURVE_WITH_KNOTS((3,3),(0.0563600546363469,0.19907184993041),
 .UNSPECIFIED.)
CURVE()
GEOMETRIC_REPRESENTATION_ITEM()
RATIONAL_B_SPLINE_CURVE((1.00300017204799,1.00667445927362,1.00972002942707))
REPRESENTATION_ITEM('')
);
#21=(
BOUNDED_CURVE()
B_SPLINE_CURVE(2,(#8039,#8040,#8041),.UNSPECIFIED.,.F.,.F.)
B_SPLINE_CURVE_WITH_KNOTS((3,3),(0.870126637866611,0.915457725865432),
 .UNSPECIFIED.)
CURVE()
GEOMETRIC_REPRESENTATION_ITEM()
RATIONAL_B_SPLINE_CURVE((1.02446041856977,1.02448876390419,1.02445367440577))
REPRESENTATION_ITEM('')
);
#22=CONICAL_SURFACE('',#2591,19.,0.661043168850687);
#23=CONICAL_SURFACE('',#2608,19.,0.661043168850687);
#24=CONICAL_SURFACE('',#2622,15.,0.523598775598299);
#25=CONICAL_SURFACE('',#2623,15.,0.523598775598299);
#26=B_SPLINE_SURFACE_WITH_KNOTS('',3,3,((#3684,#3685,#3686,#3687,#3688,
#3689,#3690,#3691,#3692,#3693,#3694,#3695,#3696,#3697,#3698),(#3699,#3700,
#3701,#3702,#3703,#3704,#3705,#3706,#3707,#3708,#3709,#3710,#3711,#3712,
#3713),(#3714,#3715,#3716,#3717,#3718,#3719,#3720,#3721,#3722,#3723,#3724,
#3725,#3726,#3727,#3728),(#3729,#3730,#3731,#3732,#3733,#3734,#3735,#3736,
#3737,#3738,#3739,#3740,#3741,#3742,#3743),(#3744,#3745,#3746,#3747,#3748,
#3749,#3750,#3751,#3752,#3753,#3754,#3755,#3756,#3757,#3758),(#3759,#3760,
#3761,#3762,#3763,#3764,#3765,#3766,#3767,#3768,#3769,#3770,#3771,#3772,
#3773),(#3774,#3775,#3776,#3777,#3778,#3779,#3780,#3781,#3782,#3783,#3784,
#3785,#3786,#3787,#3788),(#3789,#3790,#3791,#3792,#3793,#3794,#3795,#3796,
#3797,#3798,#3799,#3800,#3801,#3802,#3803),(#3804,#3805,#3806,#3807,#3808,
#3809,#3810,#3811,#3812,#3813,#3814,#3815,#3816,#3817,#3818),(#3819,#3820,
#3821,#3822,#3823,#3824,#3825,#3826,#3827,#3828,#3829,#3830,#3831,#3832,
#3833),(#3834,#3835,#3836,#3837,#3838,#3839,#3840,#3841,#3842,#3843,#3844,
#3845,#3846,#3847,#3848),(#3849,#3850,#3851,#3852,#3853,#3854,#3855,#3856,
#3857,#3858,#3859,#3860,#3861,#3862,#3863)),.UNSPECIFIED.,.F.,.F.,.F.,(4,
3,1,1,1,1,1,4),(4,3,1,1,1,1,1,3,4),(-0.221854373926222,-2.08496310271629E-6,
0.318922943837085,0.63784588767417,0.689543712968221,0.715392625615247,
0.728317081938759,0.741241538262272),(-5.14459104272802,0.,0.125,0.25,0.5,
0.75,0.875,1.,7.34681405417298),.UNSPECIFIED.);
#27=B_SPLINE_SURFACE_WITH_KNOTS('',3,3,((#3917,#3918,#3919,#3920,#3921,
#3922,#3923,#3924,#3925,#3926,#3927,#3928,#3929,#3930,#3931),(#3932,#3933,
#3934,#3935,#3936,#3937,#3938,#3939,#3940,#3941,#3942,#3943,#3944,#3945,
#3946),(#3947,#3948,#3949,#3950,#3951,#3952,#3953,#3954,#3955,#3956,#3957,
#3958,#3959,#3960,#3961),(#3962,#3963,#3964,#3965,#3966,#3967,#3968,#3969,
#3970,#3971,#3972,#3973,#3974,#3975,#3976),(#3977,#3978,#3979,#3980,#3981,
#3982,#3983,#3984,#3985,#3986,#3987,#3988,#3989,#3990,#3991),(#3992,#3993,
#3994,#3995,#3996,#3997,#3998,#3999,#4000,#4001,#4002,#4003,#4004,#4005,
#4006),(#4007,#4008,#4009,#4010,#4011,#4012,#4013,#4014,#4015,#4016,#4017,
#4018,#4019,#4020,#4021),(#4022,#4023,#4024,#4025,#4026,#4027,#4028,#4029,
#4030,#4031,#4032,#4033,#4034,#4035,#4036),(#4037,#4038,#4039,#4040,#4041,
#4042,#4043,#4044,#4045,#4046,#4047,#4048,#4049,#4050,#4051),(#4052,#4053,
#4054,#4055,#4056,#4057,#4058,#4059,#4060,#4061,#4062,#4063,#4064,#4065,
#4066),(#4067,#4068,#4069,#4070,#4071,#4072,#4073,#4074,#4075,#4076,#4077,
#4078,#4079,#4080,#4081)),.UNSPECIFIED.,.F.,.F.,.F.,(4,3,1,1,1,1,4),(4,
3,1,1,1,1,1,3,4),(-0.136494124053145,0.,0.318374517421529,0.370892939264827,
0.397152150186476,0.4102817556473,0.423411361108124),(-5.29252989529704,
0.,0.125,0.25,0.5,0.75,0.875,1.,4.20669770086005),.UNSPECIFIED.);
#28=B_SPLINE_SURFACE_WITH_KNOTS('',3,3,((#4115,#4116,#4117,#4118,#4119,
#4120,#4121,#4122,#4123,#4124),(#4125,#4126,#4127,#4128,#4129,#4130,#4131,
#4132,#4133,#4134),(#4135,#4136,#4137,#4138,#4139,#4140,#4141,#4142,#4143,
#4144),(#4145,#4146,#4147,#4148,#4149,#4150,#4151,#4152,#4153,#4154),(#4155,
#4156,#4157,#4158,#4159,#4160,#4161,#4162,#4163,#4164),(#4165,#4166,#4167,
#4168,#4169,#4170,#4171,#4172,#4173,#4174),(#4175,#4176,#4177,#4178,#4179,
#4180,#4181,#4182,#4183,#4184),(#4185,#4186,#4187,#4188,#4189,#4190,#4191,
#4192,#4193,#4194),(#4195,#4196,#4197,#4198,#4199,#4200,#4201,#4202,#4203,
#4204),(#4205,#4206,#4207,#4208,#4209,#4210,#4211,#4212,#4213,#4214),(#4215,
#4216,#4217,#4218,#4219,#4220,#4221,#4222,#4223,#4224),(#4225,#4226,#4227,
#4228,#4229,#4230,#4231,#4232,#4233,#4234),(#4235,#4236,#4237,#4238,#4239,
#4240,#4241,#4242,#4243,#4244),(#4245,#4246,#4247,#4248,#4249,#4250,#4251,
#4252,#4253,#4254),(#4255,#4256,#4257,#4258,#4259,#4260,#4261,#4262,#4263,
#4264),(#4265,#4266,#4267,#4268,#4269,#4270,#4271,#4272,#4273,#4274),(#4275,
#4276,#4277,#4278,#4279,#4280,#4281,#4282,#4283,#4284),(#4285,#4286,#4287,
#4288,#4289,#4290,#4291,#4292,#4293,#4294),(#4295,#4296,#4297,#4298,#4299,
#4300,#4301,#4302,#4303,#4304)),.UNSPECIFIED.,.F.,.F.,.F.,(4,2,2,1,1,1,
1,1,1,1,2,2,4),(4,2,2,1,1,4),(0.,0.00755821448549963,0.0151164289709993,
0.0302328579419985,0.0604657158839971,0.304877959815119,0.812918440563835,
1.32095892131256,1.56537502222075,1.58362193658594,1.59274539376854,1.59730712235984,
1.60186885095114),(0.,0.0131296054608244,0.0262592109216488,0.0525184218432975,
0.105036843686595,0.423411361108124),.UNSPECIFIED.);
#29=B_SPLINE_SURFACE_WITH_KNOTS('',3,3,((#4408,#4409,#4410,#4411,#4412,
#4413,#4414,#4415,#4416,#4417,#4418,#4419,#4420,#4421,#4422,#4423,#4424,
#4425,#4426,#4427,#4428,#4429,#4430,#4431,#4432,#4433,#4434,#4435,#4436,
#4437,#4438,#4439,#4440,#4441,#4442,#4443,#4444),(#4445,#4446,#4447,#4448,
#4449,#4450,#4451,#4452,#4453,#4454,#4455,#4456,#4457,#4458,#4459,#4460,
#4461,#4462,#4463,#4464,#4465,#4466,#4467,#4468,#4469,#4470,#4471,#4472,
#4473,#4474,#4475,#4476,#4477,#4478,#4479,#4480,#4481),(#4482,#4483,#4484,
#4485,#4486,#4487,#4488,#4489,#4490,#4491,#4492,#4493,#4494,#4495,#4496,
#4497,#4498,#4499,#4500,#4501,#4502,#4503,#4504,#4505,#4506,#4507,#4508,
#4509,#4510,#4511,#4512,#4513,#4514,#4515,#4516,#4517,#4518),(#4519,#4520,
#4521,#4522,#4523,#4524,#4525,#4526,#4527,#4528,#4529,#4530,#4531,#4532,
#4533,#4534,#4535,#4536,#4537,#4538,#4539,#4540,#4541,#4542,#4543,#4544,
#4545,#4546,#4547,#4548,#4549,#4550,#4551,#4552,#4553,#4554,#4555),(#4556,
#4557,#4558,#4559,#4560,#4561,#4562,#4563,#4564,#4565,#4566,#4567,#4568,
#4569,#4570,#4571,#4572,#4573,#4574,#4575,#4576,#4577,#4578,#4579,#4580,
#4581,#4582,#4583,#4584,#4585,#4586,#4587,#4588,#4589,#4590,#4591,#4592),
(#4593,#4594,#4595,#4596,#4597,#4598,#4599,#4600,#4601,#4602,#4603,#4604,
#4605,#4606,#4607,#4608,#4609,#4610,#4611,#4612,#4613,#4614,#4615,#4616,
#4617,#4618,#4619,#4620,#4621,#4622,#4623,#4624,#4625,#4626,#4627,#4628,
#4629),(#4630,#4631,#4632,#4633,#4634,#4635,#4636,#4637,#4638,#4639,#4640,
#4641,#4642,#4643,#4644,#4645,#4646,#4647,#4648,#4649,#4650,#4651,#4652,
#4653,#4654,#4655,#4656,#4657,#4658,#4659,#4660,#4661,#4662,#4663,#4664,
#4665,#4666)),.UNSPECIFIED.,.F.,.T.,.F.,(4,1,1,1,4),(4,1,1,1,1,1,1,1,1,
1,1,2,1,1,1,1,1,1,1,1,1,1,1,1,1,1,2,1,1,1,1,1,4),(0.,0.285714285714286,
0.571428571428571,0.785714285714286,1.),(1.80030802600704,1.83982109549765,
1.87933416498827,1.91884723447888,1.9583603039695,2.03738644295072,2.07689951244134,
2.11641258193195,2.19543872091318,2.2744648598944,2.39300406836625,2.59056941581931,
2.71533047961859,2.77771101151823,2.84009154341787,2.87128180936769,2.8868769423426,
2.90247207531751,2.96485260721715,2.99604287316697,3.02723313911679,3.03503070560424,
3.0428282720917,3.05842340506661,3.08961367101643,3.15199420291607,3.21437473481571,
3.35205543379544,3.48973613277518,3.62741683175492,3.76509753073466,3.83393788022452,
3.90277822971439),.UNSPECIFIED.);
#30=B_SPLINE_SURFACE_WITH_KNOTS('',3,3,((#4809,#4810,#4811,#4812,#4813,
#4814,#4815,#4816,#4817,#4818),(#4819,#4820,#4821,#4822,#4823,#4824,#4825,
#4826,#4827,#4828),(#4829,#4830,#4831,#4832,#4833,#4834,#4835,#4836,#4837,
#4838),(#4839,#4840,#4841,#4842,#4843,#4844,#4845,#4846,#4847,#4848),(#4849,
#4850,#4851,#4852,#4853,#4854,#4855,#4856,#4857,#4858),(#4859,#4860,#4861,
#4862,#4863,#4864,#4865,#4866,#4867,#4868),(#4869,#4870,#4871,#4872,#4873,
#4874,#4875,#4876,#4877,#4878),(#4879,#4880,#4881,#4882,#4883,#4884,#4885,
#4886,#4887,#4888),(#4889,#4890,#4891,#4892,#4893,#4894,#4895,#4896,#4897,
#4898),(#4899,#4900,#4901,#4902,#4903,#4904,#4905,#4906,#4907,#4908),(#4909,
#4910,#4911,#4912,#4913,#4914,#4915,#4916,#4917,#4918),(#4919,#4920,#4921,
#4922,#4923,#4924,#4925,#4926,#4927,#4928),(#4929,#4930,#4931,#4932,#4933,
#4934,#4935,#4936,#4937,#4938),(#4939,#4940,#4941,#4942,#4943,#4944,#4945,
#4946,#4947,#4948),(#4949,#4950,#4951,#4952,#4953,#4954,#4955,#4956,#4957,
#4958)),.UNSPECIFIED.,.T.,.F.,.F.,(4,1,1,1,1,1,1,1,1,1,1,1,4),(4,1,1,1,
1,1,1,4),(0.,0.0714285714285714,0.142857142857143,0.285714285714286,0.357142857142857,
0.428571428571429,0.5,0.571428571428571,0.595238095238095,0.714285714285714,
0.857142857142857,0.928571428571429,1.),(0.0540399895478797,0.132586086257296,
0.18495015073024,0.237314215203184,0.3158603119126,0.368224376385545,0.394406408622017,
0.420588440858489),.UNSPECIFIED.);
#31=B_SPLINE_SURFACE_WITH_KNOTS('',3,3,((#4994,#4995,#4996,#4997,#4998,
#4999,#5000,#5001,#5002,#5003,#5004,#5005,#5006,#5007),(#5008,#5009,#5010,
#5011,#5012,#5013,#5014,#5015,#5016,#5017,#5018,#5019,#5020,#5021),(#5022,
#5023,#5024,#5025,#5026,#5027,#5028,#5029,#5030,#5031,#5032,#5033,#5034,
#5035),(#5036,#5037,#5038,#5039,#5040,#5041,#5042,#5043,#5044,#5045,#5046,
#5047,#5048,#5049),(#5050,#5051,#5052,#5053,#5054,#5055,#5056,#5057,#5058,
#5059,#5060,#5061,#5062,#5063),(#5064,#5065,#5066,#5067,#5068,#5069,#5070,
#5071,#5072,#5073,#5074,#5075,#5076,#5077),(#5078,#5079,#5080,#5081,#5082,
#5083,#5084,#5085,#5086,#5087,#5088,#5089,#5090,#5091),(#5092,#5093,#5094,
#5095,#5096,#5097,#5098,#5099,#5100,#5101,#5102,#5103,#5104,#5105),(#5106,
#5107,#5108,#5109,#5110,#5111,#5112,#5113,#5114,#5115,#5116,#5117,#5118,
#5119),(#5120,#5121,#5122,#5123,#5124,#5125,#5126,#5127,#5128,#5129,#5130,
#5131,#5132,#5133),(#5134,#5135,#5136,#5137,#5138,#5139,#5140,#5141,#5142,
#5143,#5144,#5145,#5146,#5147),(#5148,#5149,#5150,#5151,#5152,#5153,#5154,
#5155,#5156,#5157,#5158,#5159,#5160,#5161),(#5162,#5163,#5164,#5165,#5166,
#5167,#5168,#5169,#5170,#5171,#5172,#5173,#5174,#5175),(#5176,#5177,#5178,
#5179,#5180,#5181,#5182,#5183,#5184,#5185,#5186,#5187,#5188,#5189),(#5190,
#5191,#5192,#5193,#5194,#5195,#5196,#5197,#5198,#5199,#5200,#5201,#5202,
#5203),(#5204,#5205,#5206,#5207,#5208,#5209,#5210,#5211,#5212,#5213,#5214,
#5215,#5216,#5217),(#5218,#5219,#5220,#5221,#5222,#5223,#5224,#5225,#5226,
#5227,#5228,#5229,#5230,#5231),(#5232,#5233,#5234,#5235,#5236,#5237,#5238,
#5239,#5240,#5241,#5242,#5243,#5244,#5245),(#5246,#5247,#5248,#5249,#5250,
#5251,#5252,#5253,#5254,#5255,#5256,#5257,#5258,#5259),(#5260,#5261,#5262,
#5263,#5264,#5265,#5266,#5267,#5268,#5269,#5270,#5271,#5272,#5273),(#5274,
#5275,#5276,#5277,#5278,#5279,#5280,#5281,#5282,#5283,#5284,#5285,#5286,
#5287)),.UNSPECIFIED.,.F.,.F.,.F.,(4,2,2,1,1,1,1,1,1,1,1,1,2,2,4),(4,2,
2,1,1,1,3,4),(0.,0.0078848677663782,0.0157697355327564,0.0315394710655128,
0.0630789421310256,0.123741575000492,0.609482467030868,1.11752294777959,
1.6255634285283,2.11109172472446,2.17255298400716,2.19116061876244,2.20046443614008,
2.2051163448289,2.20976825351772),(0.,0.0129244563235128,0.0258489126470255,
0.051697825294051,0.103395650588102,0.422318594425187,0.741241538262272,
1.04479316972697),.UNSPECIFIED.);
#32=B_SPLINE_SURFACE_WITH_KNOTS('',3,3,((#5544,#5545,#5546,#5547,#5548,
#5549,#5550,#5551,#5552,#5553,#5554,#5555,#5556,#5557,#5558,#5559,#5560,
#5561,#5562,#5563,#5564,#5565,#5566,#5567,#5568,#5569,#5570,#5571,#5572),
(#5573,#5574,#5575,#5576,#5577,#5578,#5579,#5580,#5581,#5582,#5583,#5584,
#5585,#5586,#5587,#5588,#5589,#5590,#5591,#5592,#5593,#5594,#5595,#5596,
#5597,#5598,#5599,#5600,#5601),(#5602,#5603,#5604,#5605,#5606,#5607,#5608,
#5609,#5610,#5611,#5612,#5613,#5614,#5615,#5616,#5617,#5618,#5619,#5620,
#5621,#5622,#5623,#5624,#5625,#5626,#5627,#5628,#5629,#5630),(#5631,#5632,
#5633,#5634,#5635,#5636,#5637,#5638,#5639,#5640,#5641,#5642,#5643,#5644,
#5645,#5646,#5647,#5648,#5649,#5650,#5651,#5652,#5653,#5654,#5655,#5656,
#5657,#5658,#5659),(#5660,#5661,#5662,#5663,#5664,#5665,#5666,#5667,#5668,
#5669,#5670,#5671,#5672,#5673,#5674,#5675,#5676,#5677,#5678,#5679,#5680,
#5681,#5682,#5683,#5684,#5685,#5686,#5687,#5688),(#5689,#5690,#5691,#5692,
#5693,#5694,#5695,#5696,#5697,#5698,#5699,#5700,#5701,#5702,#5703,#5704,
#5705,#5706,#5707,#5708,#5709,#5710,#5711,#5712,#5713,#5714,#5715,#5716,
#5717),(#5718,#5719,#5720,#5721,#5722,#5723,#5724,#5725,#5726,#5727,#5728,
#5729,#5730,#5731,#5732,#5733,#5734,#5735,#5736,#5737,#5738,#5739,#5740,
#5741,#5742,#5743,#5744,#5745,#5746)),.UNSPECIFIED.,.F.,.T.,.F.,(4,1,1,
1,4),(4,1,1,1,2,1,1,1,1,1,1,1,1,1,1,2,1,1,1,1,1,1,1,1,4),(0.,0.285714285714286,
0.571428571428571,0.785714285714286,1.),(0.127945592978497,0.2183704768475,
0.308795360716503,0.399220244585507,0.580070012323513,0.659177417749876,
0.738284823176238,0.817392228602601,0.856945931315782,0.896499634028963,
0.936053336742145,0.975607039455326,1.05471444488169,1.13382185030805,1.21292925573441,
1.37114406658714,1.51028205494412,1.59376484795831,1.64942004330111,1.7050752386439,
1.7607304339867,1.81638562932949,1.84421322700089,1.87204082467229,1.92769602001508),
 .UNSPECIFIED.);
#33=B_SPLINE_SURFACE_WITH_KNOTS('',3,3,((#5830,#5831,#5832,#5833,#5834,
#5835,#5836,#5837,#5838,#5839,#5840),(#5841,#5842,#5843,#5844,#5845,#5846,
#5847,#5848,#5849,#5850,#5851),(#5852,#5853,#5854,#5855,#5856,#5857,#5858,
#5859,#5860,#5861,#5862),(#5863,#5864,#5865,#5866,#5867,#5868,#5869,#5870,
#5871,#5872,#5873),(#5874,#5875,#5876,#5877,#5878,#5879,#5880,#5881,#5882,
#5883,#5884),(#5885,#5886,#5887,#5888,#5889,#5890,#5891,#5892,#5893,#5894,
#5895),(#5896,#5897,#5898,#5899,#5900,#5901,#5902,#5903,#5904,#5905,#5906),
(#5907,#5908,#5909,#5910,#5911,#5912,#5913,#5914,#5915,#5916,#5917),(#5918,
#5919,#5920,#5921,#5922,#5923,#5924,#5925,#5926,#5927,#5928),(#5929,#5930,
#5931,#5932,#5933,#5934,#5935,#5936,#5937,#5938,#5939),(#5940,#5941,#5942,
#5943,#5944,#5945,#5946,#5947,#5948,#5949,#5950),(#5951,#5952,#5953,#5954,
#5955,#5956,#5957,#5958,#5959,#5960,#5961),(#5962,#5963,#5964,#5965,#5966,
#5967,#5968,#5969,#5970,#5971,#5972),(#5973,#5974,#5975,#5976,#5977,#5978,
#5979,#5980,#5981,#5982,#5983),(#5984,#5985,#5986,#5987,#5988,#5989,#5990,
#5991,#5992,#5993,#5994)),.UNSPECIFIED.,.T.,.F.,.F.,(4,1,1,1,1,1,1,1,1,
1,1,1,4),(4,1,1,1,1,1,1,1,4),(0.,0.0714285714285714,0.142857142857143,0.285714285714286,
0.357142857142857,0.428571428571429,0.5,0.571428571428571,0.595238095238095,
0.714285714285714,0.857142857142857,0.928571428571429,1.),(0.0836022564256538,
0.132878660295241,0.157516862230035,0.182155064164829,0.25606966996921,
0.354622477708385,0.379260679643179,0.403898881577972,0.428537083512766),
 .UNSPECIFIED.);
#34=B_SPLINE_SURFACE_WITH_KNOTS('',3,3,((#6027,#6028,#6029,#6030,#6031,
#6032,#6033,#6034,#6035,#6036,#6037,#6038,#6039,#6040,#6041,#6042,#6043),
(#6044,#6045,#6046,#6047,#6048,#6049,#6050,#6051,#6052,#6053,#6054,#6055,
#6056,#6057,#6058,#6059,#6060),(#6061,#6062,#6063,#6064,#6065,#6066,#6067,
#6068,#6069,#6070,#6071,#6072,#6073,#6074,#6075,#6076,#6077),(#6078,#6079,
#6080,#6081,#6082,#6083,#6084,#6085,#6086,#6087,#6088,#6089,#6090,#6091,
#6092,#6093,#6094),(#6095,#6096,#6097,#6098,#6099,#6100,#6101,#6102,#6103,
#6104,#6105,#6106,#6107,#6108,#6109,#6110,#6111),(#6112,#6113,#6114,#6115,
#6116,#6117,#6118,#6119,#6120,#6121,#6122,#6123,#6124,#6125,#6126,#6127,
#6128),(#6129,#6130,#6131,#6132,#6133,#6134,#6135,#6136,#6137,#6138,#6139,
#6140,#6141,#6142,#6143,#6144,#6145)),.UNSPECIFIED.,.F.,.F.,.F.,(4,1,1,
1,4),(4,1,1,1,2,1,1,1,1,2,1,1,4),(0.,0.285714285714286,0.571428571428571,
0.785714285714286,1.),(0.,0.168553988068742,0.337107976137485,0.67421595227497,
0.842769940343712,0.988795406885993,1.13482087342827,1.28084633997055,1.42687180651283,
1.57289727305511,1.91676878663461,2.08870454342436,2.43257605700386),
 .UNSPECIFIED.);
#35=B_SPLINE_SURFACE_WITH_KNOTS('',3,3,((#6148,#6149,#6150,#6151,#6152,
#6153,#6154),(#6155,#6156,#6157,#6158,#6159,#6160,#6161),(#6162,#6163,#6164,
#6165,#6166,#6167,#6168),(#6169,#6170,#6171,#6172,#6173,#6174,#6175)),
 .UNSPECIFIED.,.F.,.F.,.F.,(4,4),(4,1,1,1,4),(0.,1.),(3.02648806846451E-14,
0.224718070956158,0.449436141912286,0.56179517739035,0.786513248346478),
 .UNSPECIFIED.);
#36=B_SPLINE_SURFACE_WITH_KNOTS('',3,3,((#6183,#6184,#6185,#6186,#6187,
#6188,#6189,#6190,#6191,#6192),(#6193,#6194,#6195,#6196,#6197,#6198,#6199,
#6200,#6201,#6202),(#6203,#6204,#6205,#6206,#6207,#6208,#6209,#6210,#6211,
#6212),(#6213,#6214,#6215,#6216,#6217,#6218,#6219,#6220,#6221,#6222),(#6223,
#6224,#6225,#6226,#6227,#6228,#6229,#6230,#6231,#6232)),.UNSPECIFIED.,.F.,
 .F.,.F.,(4,1,4),(4,1,1,1,1,2,4),(0.,0.571428571428571,1.),(0.,0.130598433553618,
0.261196867107236,0.391795300660855,0.522393734214473,0.652992167768091,
0.808493521571262),.UNSPECIFIED.);
#37=B_SPLINE_SURFACE_WITH_KNOTS('',3,3,((#6264,#6265,#6266,#6267,#6268,
#6269,#6270,#6271,#6272,#6273,#6274,#6275,#6276,#6277,#6278,#6279,#6280),
(#6281,#6282,#6283,#6284,#6285,#6286,#6287,#6288,#6289,#6290,#6291,#6292,
#6293,#6294,#6295,#6296,#6297),(#6298,#6299,#6300,#6301,#6302,#6303,#6304,
#6305,#6306,#6307,#6308,#6309,#6310,#6311,#6312,#6313,#6314),(#6315,#6316,
#6317,#6318,#6319,#6320,#6321,#6322,#6323,#6324,#6325,#6326,#6327,#6328,
#6329,#6330,#6331),(#6332,#6333,#6334,#6335,#6336,#6337,#6338,#6339,#6340,
#6341,#6342,#6343,#6344,#6345,#6346,#6347,#6348),(#6349,#6350,#6351,#6352,
#6353,#6354,#6355,#6356,#6357,#6358,#6359,#6360,#6361,#6362,#6363,#6364,
#6365),(#6366,#6367,#6368,#6369,#6370,#6371,#6372,#6373,#6374,#6375,#6376,
#6377,#6378,#6379,#6380,#6381,#6382),(#6383,#6384,#6385,#6386,#6387,#6388,
#6389,#6390,#6391,#6392,#6393,#6394,#6395,#6396,#6397,#6398,#6399)),
 .UNSPECIFIED.,.F.,.F.,.F.,(4,1,1,1,1,4),(4,1,1,2,2,1,1,1,2,1,1,4),(0.,
0.142857142857143,0.285714285714286,0.571428571428571,0.785714285714286,
1.),(1.60225599166565E-14,0.214155801957395,0.428311603914774,0.856623207829532,
1.03659175936933,1.17569536167758,1.31479896398583,1.41912666571701,1.59300616860232,
2.01522807192092,2.22633902358022,2.43744997523951),.UNSPECIFIED.);
#38=B_SPLINE_SURFACE_WITH_KNOTS('',3,3,((#6400,#6401,#6402,#6403,#6404,
#6405,#6406,#6407,#6408,#6409,#6410,#6411,#6412,#6413,#6414,#6415),(#6416,
#6417,#6418,#6419,#6420,#6421,#6422,#6423,#6424,#6425,#6426,#6427,#6428,
#6429,#6430,#6431),(#6432,#6433,#6434,#6435,#6436,#6437,#6438,#6439,#6440,
#6441,#6442,#6443,#6444,#6445,#6446,#6447),(#6448,#6449,#6450,#6451,#6452,
#6453,#6454,#6455,#6456,#6457,#6458,#6459,#6460,#6461,#6462,#6463),(#6464,
#6465,#6466,#6467,#6468,#6469,#6470,#6471,#6472,#6473,#6474,#6475,#6476,
#6477,#6478,#6479),(#6480,#6481,#6482,#6483,#6484,#6485,#6486,#6487,#6488,
#6489,#6490,#6491,#6492,#6493,#6494,#6495),(#6496,#6497,#6498,#6499,#6500,
#6501,#6502,#6503,#6504,#6505,#6506,#6507,#6508,#6509,#6510,#6511),(#6512,
#6513,#6514,#6515,#6516,#6517,#6518,#6519,#6520,#6521,#6522,#6523,#6524,
#6525,#6526,#6527),(#6528,#6529,#6530,#6531,#6532,#6533,#6534,#6535,#6536,
#6537,#6538,#6539,#6540,#6541,#6542,#6543),(#6544,#6545,#6546,#6547,#6548,
#6549,#6550,#6551,#6552,#6553,#6554,#6555,#6556,#6557,#6558,#6559),(#6560,
#6561,#6562,#6563,#6564,#6565,#6566,#6567,#6568,#6569,#6570,#6571,#6572,
#6573,#6574,#6575),(#6576,#6577,#6578,#6579,#6580,#6581,#6582,#6583,#6584,
#6585,#6586,#6587,#6588,#6589,#6590,#6591),(#6592,#6593,#6594,#6595,#6596,
#6597,#6598,#6599,#6600,#6601,#6602,#6603,#6604,#6605,#6606,#6607),(#6608,
#6609,#6610,#6611,#6612,#6613,#6614,#6615,#6616,#6617,#6618,#6619,#6620,
#6621,#6622,#6623),(#6624,#6625,#6626,#6627,#6628,#6629,#6630,#6631,#6632,
#6633,#6634,#6635,#6636,#6637,#6638,#6639),(#6640,#6641,#6642,#6643,#6644,
#6645,#6646,#6647,#6648,#6649,#6650,#6651,#6652,#6653,#6654,#6655),(#6656,
#6657,#6658,#6659,#6660,#6661,#6662,#6663,#6664,#6665,#6666,#6667,#6668,
#6669,#6670,#6671),(#6672,#6673,#6674,#6675,#6676,#6677,#6678,#6679,#6680,
#6681,#6682,#6683,#6684,#6685,#6686,#6687),(#6688,#6689,#6690,#6691,#6692,
#6693,#6694,#6695,#6696,#6697,#6698,#6699,#6700,#6701,#6702,#6703)),
 .UNSPECIFIED.,.F.,.F.,.F.,(4,2,2,1,1,1,1,1,1,1,2,2,4),(4,2,2,1,1,1,1,1,
1,1,1,4),(0.,0.00456172859129873,0.00912345718259746,0.0182469143651949,
0.0364938287303901,0.28090992963858,0.788950410387302,1.29699089113602,
1.54140313506714,1.57163599300914,1.58675242198014,1.59431063646564,1.60186885095114),
(0.,0.0643265671614349,0.12865313432287,0.25730626864574,0.514612537291479,
1.01461253729148,1.51461253729148,2.51461253729149,3.51461253729149,4.51461253729149,
5.51461253729149,6.51461253729149),.UNSPECIFIED.);
#39=B_SPLINE_SURFACE_WITH_KNOTS('',3,3,((#6775,#6776,#6777,#6778,#6779),
(#6780,#6781,#6782,#6783,#6784),(#6785,#6786,#6787,#6788,#6789),(#6790,
#6791,#6792,#6793,#6794),(#6795,#6796,#6797,#6798,#6799)),.UNSPECIFIED.,
 .F.,.F.,.F.,(4,1,4),(4,1,4),(0.,0.571428571428571,1.),(2.25416572168671,
2.55109665802085,2.77379486027145),.UNSPECIFIED.);
#40=B_SPLINE_SURFACE_WITH_KNOTS('',3,3,((#6836,#6837,#6838,#6839,#6840,
#6841,#6842,#6843,#6844,#6845,#6846,#6847,#6848,#6849,#6850,#6851,#6852,
#6853,#6854,#6855,#6856,#6857),(#6858,#6859,#6860,#6861,#6862,#6863,#6864,
#6865,#6866,#6867,#6868,#6869,#6870,#6871,#6872,#6873,#6874,#6875,#6876,
#6877,#6878,#6879),(#6880,#6881,#6882,#6883,#6884,#6885,#6886,#6887,#6888,
#6889,#6890,#6891,#6892,#6893,#6894,#6895,#6896,#6897,#6898,#6899,#6900,
#6901),(#6902,#6903,#6904,#6905,#6906,#6907,#6908,#6909,#6910,#6911,#6912,
#6913,#6914,#6915,#6916,#6917,#6918,#6919,#6920,#6921,#6922,#6923),(#6924,
#6925,#6926,#6927,#6928,#6929,#6930,#6931,#6932,#6933,#6934,#6935,#6936,
#6937,#6938,#6939,#6940,#6941,#6942,#6943,#6944,#6945),(#6946,#6947,#6948,
#6949,#6950,#6951,#6952,#6953,#6954,#6955,#6956,#6957,#6958,#6959,#6960,
#6961,#6962,#6963,#6964,#6965,#6966,#6967),(#6968,#6969,#6970,#6971,#6972,
#6973,#6974,#6975,#6976,#6977,#6978,#6979,#6980,#6981,#6982,#6983,#6984,
#6985,#6986,#6987,#6988,#6989),(#6990,#6991,#6992,#6993,#6994,#6995,#6996,
#6997,#6998,#6999,#7000,#7001,#7002,#7003,#7004,#7005,#7006,#7007,#7008,
#7009,#7010,#7011),(#7012,#7013,#7014,#7015,#7016,#7017,#7018,#7019,#7020,
#7021,#7022,#7023,#7024,#7025,#7026,#7027,#7028,#7029,#7030,#7031,#7032,
#7033),(#7034,#7035,#7036,#7037,#7038,#7039,#7040,#7041,#7042,#7043,#7044,
#7045,#7046,#7047,#7048,#7049,#7050,#7051,#7052,#7053,#7054,#7055),(#7056,
#7057,#7058,#7059,#7060,#7061,#7062,#7063,#7064,#7065,#7066,#7067,#7068,
#7069,#7070,#7071,#7072,#7073,#7074,#7075,#7076,#7077)),.UNSPECIFIED.,.T.,
 .F.,.F.,(4,1,1,1,1,1,1,1,4),(4,2,2,2,2,2,2,2,2,2,4),(-3.14159265358979,
-2.69279370307697,-2.24399475256414,-1.34639685153848,-0.448798950512828,
0.448798950512828,1.34639685153848,2.24399475256414,3.14159265358979),(-5.57826916332954,
-5.20729423302748,-4.97438388670761,-4.94217192130632,-4.34208763692666,
-4.20024838992023,-3.7033298703694,-3.49624790953784,-3.34287658602078,
-3.25217360821954,-2.89449580388399),.UNSPECIFIED.);
#41=B_SPLINE_SURFACE_WITH_KNOTS('',3,3,((#7503,#7504,#7505,#7506),(#7507,
#7508,#7509,#7510),(#7511,#7512,#7513,#7514),(#7515,#7516,#7517,#7518),
(#7519,#7520,#7521,#7522)),.UNSPECIFIED.,.F.,.F.,.F.,(4,1,4),(4,4),(0.,
0.571428571428571,1.),(0.136384587533333,1.11122568056862),
 .UNSPECIFIED.);
#42=B_SPLINE_SURFACE_WITH_KNOTS('',3,3,((#7545,#7546,#7547,#7548,#7549,
#7550),(#7551,#7552,#7553,#7554,#7555,#7556),(#7557,#7558,#7559,#7560,#7561,
#7562),(#7563,#7564,#7565,#7566,#7567,#7568),(#7569,#7570,#7571,#7572,#7573,
#7574)),.UNSPECIFIED.,.F.,.F.,.F.,(4,1,4),(4,2,4),(0.,0.571428571428571,
1.),(1.63296144403991,2.23555916621184,2.27383692335874),.UNSPECIFIED.);
#43=B_SPLINE_SURFACE_WITH_KNOTS('',3,3,((#7606,#7607,#7608,#7609),(#7610,
#7611,#7612,#7613),(#7614,#7615,#7616,#7617),(#7618,#7619,#7620,#7621),
(#7622,#7623,#7624,#7625)),.UNSPECIFIED.,.F.,.F.,.F.,(4,1,4),(4,4),(0.,
0.571428571428571,1.),(34.122402348711,35.2997524343615),.UNSPECIFIED.);
#44=B_SPLINE_SURFACE_WITH_KNOTS('',3,3,((#8042,#8043,#8044,#8045,#8046),
(#8047,#8048,#8049,#8050,#8051),(#8052,#8053,#8054,#8055,#8056),(#8057,
#8058,#8059,#8060,#8061),(#8062,#8063,#8064,#8065,#8066),(#8067,#8068,#8069,
#8070,#8071),(#8072,#8073,#8074,#8075,#8076)),.UNSPECIFIED.,.F.,.F.,.F.,
(4,1,1,1,4),(4,1,4),(0.,0.285714285714286,0.571428571428571,0.785714285714286,
1.),(0.,0.503344657525996,0.880853150670492),.UNSPECIFIED.);
#45=B_SPLINE_SURFACE_WITH_KNOTS('',3,3,((#8083,#8084,#8085,#8086,#8087,
#8088,#8089),(#8090,#8091,#8092,#8093,#8094,#8095,#8096),(#8097,#8098,#8099,
#8100,#8101,#8102,#8103),(#8104,#8105,#8106,#8107,#8108,#8109,#8110),(#8111,
#8112,#8113,#8114,#8115,#8116,#8117)),.UNSPECIFIED.,.F.,.F.,.F.,(4,1,4),
(4,1,1,1,4),(0.,0.571428571428571,1.),(0.76928626846341,1.7966420728252,
2.48154594239972,2.82399787718698,3.16644981197424),.UNSPECIFIED.);
#46=B_SPLINE_SURFACE_WITH_KNOTS('',3,3,((#8133,#8134,#8135,#8136,#8137),
(#8138,#8139,#8140,#8141,#8142),(#8143,#8144,#8145,#8146,#8147),(#8148,
#8149,#8150,#8151,#8152),(#8153,#8154,#8155,#8156,#8157),(#8158,#8159,#8160,
#8161,#8162)),.UNSPECIFIED.,.F.,.F.,.F.,(4,1,1,4),(4,1,4),(0.,0.285714285714286,
0.571428571428571,1.),(0.,0.0988160260489977,0.197632052097995),
 .UNSPECIFIED.);
#47=B_SPLINE_SURFACE_WITH_KNOTS('',3,3,((#8182,#8183,#8184,#8185,#8186),
(#8187,#8188,#8189,#8190,#8191),(#8192,#8193,#8194,#8195,#8196),(#8197,
#8198,#8199,#8200,#8201),(#8202,#8203,#8204,#8205,#8206),(#8207,#8208,#8209,
#8210,#8211)),.UNSPECIFIED.,.F.,.F.,.F.,(4,1,1,4),(4,1,4),(0.,0.285714285714286,
0.571428571428571,1.),(0.,0.0988160260489978,0.197632052097996),
 .UNSPECIFIED.);
#48=B_SPLINE_SURFACE_WITH_KNOTS('',3,3,((#8222,#8223,#8224,#8225,#8226),
(#8227,#8228,#8229,#8230,#8231),(#8232,#8233,#8234,#8235,#8236),(#8237,
#8238,#8239,#8240,#8241),(#8242,#8243,#8244,#8245,#8246),(#8247,#8248,#8249,
#8250,#8251),(#8252,#8253,#8254,#8255,#8256)),.UNSPECIFIED.,.F.,.F.,.F.,
(4,1,1,1,4),(4,1,4),(0.,0.285714285714286,0.571428571428571,0.785714285714286,
1.),(1.91585414468942,2.29336062899134,2.79670260806057),.UNSPECIFIED.);
#49=B_SPLINE_SURFACE_WITH_KNOTS('',3,3,((#8278,#8279,#8280,#8281,#8282,
#8283,#8284,#8285,#8286,#8287,#8288,#8289,#8290,#8291,#8292,#8293,#8294,
#8295,#8296,#8297,#8298,#8299,#8300,#8301,#8302,#8303,#8304,#8305),(#8306,
#8307,#8308,#8309,#8310,#8311,#8312,#8313,#8314,#8315,#8316,#8317,#8318,
#8319,#8320,#8321,#8322,#8323,#8324,#8325,#8326,#8327,#8328,#8329,#8330,
#8331,#8332,#8333),(#8334,#8335,#8336,#8337,#8338,#8339,#8340,#8341,#8342,
#8343,#8344,#8345,#8346,#8347,#8348,#8349,#8350,#8351,#8352,#8353,#8354,
#8355,#8356,#8357,#8358,#8359,#8360,#8361),(#8362,#8363,#8364,#8365,#8366,
#8367,#8368,#8369,#8370,#8371,#8372,#8373,#8374,#8375,#8376,#8377,#8378,
#8379,#8380,#8381,#8382,#8383,#8384,#8385,#8386,#8387,#8388,#8389),(#8390,
#8391,#8392,#8393,#8394,#8395,#8396,#8397,#8398,#8399,#8400,#8401,#8402,
#8403,#8404,#8405,#8406,#8407,#8408,#8409,#8410,#8411,#8412,#8413,#8414,
#8415,#8416,#8417)),.UNSPECIFIED.,.F.,.F.,.F.,(4,1,4),(4,2,2,1,1,2,1,1,
1,2,1,1,1,2,1,1,2,2,4),(0.,0.5,1.),(0.,0.15598027778308,0.289469348006473,
0.800800226164225,1.0564656652431,1.31213110432198,1.70058787811222,2.08904465190245,
2.47750142569269,2.86595819948293,3.63612503212359,4.02120844844392,4.21375015660408,
4.40629186476425,4.58501584615088,4.76373982753752,5.12118779031078,5.29134815464654,
5.53627311923124),.UNSPECIFIED.);
#50=B_SPLINE_SURFACE_WITH_KNOTS('',3,3,((#8429,#8430,#8431,#8432,#8433),
(#8434,#8435,#8436,#8437,#8438),(#8439,#8440,#8441,#8442,#8443),(#8444,
#8445,#8446,#8447,#8448),(#8449,#8450,#8451,#8452,#8453)),.UNSPECIFIED.,
 .F.,.F.,.F.,(4,1,4),(4,1,4),(0.,0.5,1.),(-0.651222639219387,-0.636213419765051,
-0.616201127159271),.UNSPECIFIED.);
#51=B_SPLINE_SURFACE_WITH_KNOTS('',3,3,((#8460,#8461,#8462,#8463,#8464),
(#8465,#8466,#8467,#8468,#8469),(#8470,#8471,#8472,#8473,#8474),(#8475,
#8476,#8477,#8478,#8479),(#8480,#8481,#8482,#8483,#8484)),.UNSPECIFIED.,
 .F.,.F.,.F.,(4,1,4),(4,1,4),(0.,0.5,1.),(-0.616201127159172,-0.563489366415484,
-0.510777605671795),.UNSPECIFIED.);
#52=B_SPLINE_SURFACE_WITH_KNOTS('',3,3,((#8502,#8503,#8504,#8505,#8506,
#8507,#8508,#8509,#8510,#8511,#8512,#8513,#8514,#8515,#8516),(#8517,#8518,
#8519,#8520,#8521,#8522,#8523,#8524,#8525,#8526,#8527,#8528,#8529,#8530,
#8531),(#8532,#8533,#8534,#8535,#8536,#8537,#8538,#8539,#8540,#8541,#8542,
#8543,#8544,#8545,#8546),(#8547,#8548,#8549,#8550,#8551,#8552,#8553,#8554,
#8555,#8556,#8557,#8558,#8559,#8560,#8561),(#8562,#8563,#8564,#8565,#8566,
#8567,#8568,#8569,#8570,#8571,#8572,#8573,#8574,#8575,#8576),(#8577,#8578,
#8579,#8580,#8581,#8582,#8583,#8584,#8585,#8586,#8587,#8588,#8589,#8590,
#8591),(#8592,#8593,#8594,#8595,#8596,#8597,#8598,#8599,#8600,#8601,#8602,
#8603,#8604,#8605,#8606),(#8607,#8608,#8609,#8610,#8611,#8612,#8613,#8614,
#8615,#8616,#8617,#8618,#8619,#8620,#8621),(#8622,#8623,#8624,#8625,#8626,
#8627,#8628,#8629,#8630,#8631,#8632,#8633,#8634,#8635,#8636),(#8637,#8638,
#8639,#8640,#8641,#8642,#8643,#8644,#8645,#8646,#8647,#8648,#8649,#8650,
#8651),(#8652,#8653,#8654,#8655,#8656,#8657,#8658,#8659,#8660,#8661,#8662,
#8663,#8664,#8665,#8666)),.UNSPECIFIED.,.F.,.F.,.F.,(4,3,1,1,1,1,4),(4,
3,1,1,1,1,1,3,4),(-0.136494124053145,0.,0.318374517421529,0.370892939264827,
0.397152150186476,0.4102817556473,0.423411361108124),(-5.29252989529704,
0.,0.125,0.25,0.5,0.75,0.875,1.,4.20669770086005),.UNSPECIFIED.);
#53=B_SPLINE_SURFACE_WITH_KNOTS('',3,3,((#8686,#8687,#8688,#8689,#8690),
(#8691,#8692,#8693,#8694,#8695),(#8696,#8697,#8698,#8699,#8700),(#8701,
#8702,#8703,#8704,#8705),(#8706,#8707,#8708,#8709,#8710)),.UNSPECIFIED.,
 .F.,.F.,.F.,(4,1,4),(4,1,4),(0.,0.571428571428571,1.),(0.,0.0645232247703393,
0.150554191130792),.UNSPECIFIED.);
#54=B_SPLINE_SURFACE_WITH_KNOTS('',3,3,((#8716,#8717,#8718,#8719,#8720,
#8721),(#8722,#8723,#8724,#8725,#8726,#8727),(#8728,#8729,#8730,#8731,#8732,
#8733),(#8734,#8735,#8736,#8737,#8738,#8739),(#8740,#8741,#8742,#8743,#8744,
#8745)),.UNSPECIFIED.,.F.,.F.,.F.,(4,1,4),(4,1,1,4),(0.,0.571428571428571,
1.),(0.,0.0645237860659202,0.1075396434432,0.150555500820481),
 .UNSPECIFIED.);
#55=B_SPLINE_SURFACE_WITH_KNOTS('',3,3,((#8746,#8747,#8748,#8749,#8750,
#8751,#8752),(#8753,#8754,#8755,#8756,#8757,#8758,#8759),(#8760,#8761,#8762,
#8763,#8764,#8765,#8766),(#8767,#8768,#8769,#8770,#8771,#8772,#8773),(#8774,
#8775,#8776,#8777,#8778,#8779,#8780)),.UNSPECIFIED.,.F.,.F.,.F.,(4,1,4),
(4,1,1,1,4),(0.,0.571428571428571,1.),(3.85137415839445,4.19382609317542,
4.87872996273736,5.56363383229931,6.24853770186125),.UNSPECIFIED.);
#56=B_SPLINE_SURFACE_WITH_KNOTS('',3,3,((#8782,#8783,#8784,#8785,#8786,
#8787,#8788,#8789,#8790,#8791,#8792,#8793,#8794,#8795,#8796,#8797,#8798,
#8799,#8800,#8801,#8802,#8803,#8804,#8805,#8806,#8807),(#8808,#8809,#8810,
#8811,#8812,#8813,#8814,#8815,#8816,#8817,#8818,#8819,#8820,#8821,#8822,
#8823,#8824,#8825,#8826,#8827,#8828,#8829,#8830,#8831,#8832,#8833),(#8834,
#8835,#8836,#8837,#8838,#8839,#8840,#8841,#8842,#8843,#8844,#8845,#8846,
#8847,#8848,#8849,#8850,#8851,#8852,#8853,#8854,#8855,#8856,#8857,#8858,
#8859),(#8860,#8861,#8862,#8863,#8864,#8865,#8866,#8867,#8868,#8869,#8870,
#8871,#8872,#8873,#8874,#8875,#8876,#8877,#8878,#8879,#8880,#8881,#8882,
#8883,#8884,#8885),(#8886,#8887,#8888,#8889,#8890,#8891,#8892,#8893,#8894,
#8895,#8896,#8897,#8898,#8899,#8900,#8901,#8902,#8903,#8904,#8905,#8906,
#8907,#8908,#8909,#8910,#8911),(#8912,#8913,#8914,#8915,#8916,#8917,#8918,
#8919,#8920,#8921,#8922,#8923,#8924,#8925,#8926,#8927,#8928,#8929,#8930,
#8931,#8932,#8933,#8934,#8935,#8936,#8937),(#8938,#8939,#8940,#8941,#8942,
#8943,#8944,#8945,#8946,#8947,#8948,#8949,#8950,#8951,#8952,#8953,#8954,
#8955,#8956,#8957,#8958,#8959,#8960,#8961,#8962,#8963),(#8964,#8965,#8966,
#8967,#8968,#8969,#8970,#8971,#8972,#8973,#8974,#8975,#8976,#8977,#8978,
#8979,#8980,#8981,#8982,#8983,#8984,#8985,#8986,#8987,#8988,#8989),(#8990,
#8991,#8992,#8993,#8994,#8995,#8996,#8997,#8998,#8999,#9000,#9001,#9002,
#9003,#9004,#9005,#9006,#9007,#9008,#9009,#9010,#9011,#9012,#9013,#9014,
#9015),(#9016,#9017,#9018,#9019,#9020,#9021,#9022,#9023,#9024,#9025,#9026,
#9027,#9028,#9029,#9030,#9031,#9032,#9033,#9034,#9035,#9036,#9037,#9038,
#9039,#9040,#9041),(#9042,#9043,#9044,#9045,#9046,#9047,#9048,#9049,#9050,
#9051,#9052,#9053,#9054,#9055,#9056,#9057,#9058,#9059,#9060,#9061,#9062,
#9063,#9064,#9065,#9066,#9067),(#9068,#9069,#9070,#9071,#9072,#9073,#9074,
#9075,#9076,#9077,#9078,#9079,#9080,#9081,#9082,#9083,#9084,#9085,#9086,
#9087,#9088,#9089,#9090,#9091,#9092,#9093),(#9094,#9095,#9096,#9097,#9098,
#9099,#9100,#9101,#9102,#9103,#9104,#9105,#9106,#9107,#9108,#9109,#9110,
#9111,#9112,#9113,#9114,#9115,#9116,#9117,#9118,#9119),(#9120,#9121,#9122,
#9123,#9124,#9125,#9126,#9127,#9128,#9129,#9130,#9131,#9132,#9133,#9134,
#9135,#9136,#9137,#9138,#9139,#9140,#9141,#9142,#9143,#9144,#9145),(#9146,
#9147,#9148,#9149,#9150,#9151,#9152,#9153,#9154,#9155,#9156,#9157,#9158,
#9159,#9160,#9161,#9162,#9163,#9164,#9165,#9166,#9167,#9168,#9169,#9170,
#9171),(#9172,#9173,#9174,#9175,#9176,#9177,#9178,#9179,#9180,#9181,#9182,
#9183,#9184,#9185,#9186,#9187,#9188,#9189,#9190,#9191,#9192,#9193,#9194,
#9195,#9196,#9197),(#9198,#9199,#9200,#9201,#9202,#9203,#9204,#9205,#9206,
#9207,#9208,#9209,#9210,#9211,#9212,#9213,#9214,#9215,#9216,#9217,#9218,
#9219,#9220,#9221,#9222,#9223),(#9224,#9225,#9226,#9227,#9228,#9229,#9230,
#9231,#9232,#9233,#9234,#9235,#9236,#9237,#9238,#9239,#9240,#9241,#9242,
#9243,#9244,#9245,#9246,#9247,#9248,#9249),(#9250,#9251,#9252,#9253,#9254,
#9255,#9256,#9257,#9258,#9259,#9260,#9261,#9262,#9263,#9264,#9265,#9266,
#9267,#9268,#9269,#9270,#9271,#9272,#9273,#9274,#9275),(#9276,#9277,#9278,
#9279,#9280,#9281,#9282,#9283,#9284,#9285,#9286,#9287,#9288,#9289,#9290,
#9291,#9292,#9293,#9294,#9295,#9296,#9297,#9298,#9299,#9300,#9301),(#9302,
#9303,#9304,#9305,#9306,#9307,#9308,#9309,#9310,#9311,#9312,#9313,#9314,
#9315,#9316,#9317,#9318,#9319,#9320,#9321,#9322,#9323,#9324,#9325,#9326,
#9327),(#9328,#9329,#9330,#9331,#9332,#9333,#9334,#9335,#9336,#9337,#9338,
#9339,#9340,#9341,#9342,#9343,#9344,#9345,#9346,#9347,#9348,#9349,#9350,
#9351,#9352,#9353),(#9354,#9355,#9356,#9357,#9358,#9359,#9360,#9361,#9362,
#9363,#9364,#9365,#9366,#9367,#9368,#9369,#9370,#9371,#9372,#9373,#9374,
#9375,#9376,#9377,#9378,#9379),(#9380,#9381,#9382,#9383,#9384,#9385,#9386,
#9387,#9388,#9389,#9390,#9391,#9392,#9393,#9394,#9395,#9396,#9397,#9398,
#9399,#9400,#9401,#9402,#9403,#9404,#9405),(#9406,#9407,#9408,#9409,#9410,
#9411,#9412,#9413,#9414,#9415,#9416,#9417,#9418,#9419,#9420,#9421,#9422,
#9423,#9424,#9425,#9426,#9427,#9428,#9429,#9430,#9431),(#9432,#9433,#9434,
#9435,#9436,#9437,#9438,#9439,#9440,#9441,#9442,#9443,#9444,#9445,#9446,
#9447,#9448,#9449,#9450,#9451,#9452,#9453,#9454,#9455,#9456,#9457)),
 .UNSPECIFIED.,.F.,.F.,.F.,(4,2,2,2,2,2,2,2,2,2,2,2,4),(4,2,2,2,2,2,2,2,
2,2,2,2,4),(-1.50943024894101,-1.32374340660715,-1.1380565642733,-0.952369721939439,
-0.766682879605583,-0.39530919493787,-0.0239355102701573,0.347438174397555,
0.718811859065268,1.09018554373298,1.39724850685191,1.44976958761759,1.46155922840069),
(-1.46182566425544,-1.27981629953244,-1.09780693480944,-0.733788205363438,
-0.369769475917439,-0.00575074647143992,0.0474932994292442,0.358267982974559,
0.381760921105921,0.722286712420558,1.08630544186656,1.26831480658956,1.45032417131256),
 .UNSPECIFIED.);
#57=B_SPLINE_SURFACE_WITH_KNOTS('',3,3,((#9458,#9459,#9460,#9461,#9462,
#9463,#9464,#9465,#9466),(#9467,#9468,#9469,#9470,#9471,#9472,#9473,#9474,
#9475),(#9476,#9477,#9478,#9479,#9480,#9481,#9482,#9483,#9484),(#9485,#9486,
#9487,#9488,#9489,#9490,#9491,#9492,#9493),(#9494,#9495,#9496,#9497,#9498,
#9499,#9500,#9501,#9502),(#9503,#9504,#9505,#9506,#9507,#9508,#9509,#9510,
#9511),(#9512,#9513,#9514,#9515,#9516,#9517,#9518,#9519,#9520),(#9521,#9522,
#9523,#9524,#9525,#9526,#9527,#9528,#9529),(#9530,#9531,#9532,#9533,#9534,
#9535,#9536,#9537,#9538)),.UNSPECIFIED.,.F.,.F.,.F.,(4,1,1,1,1,1,4),(4,
1,1,1,1,1,4),(0.,0.00706785995728458,0.0141357199145692,0.0282714398291384,
0.0424071597437076,0.0494750197009922,0.0565428796582768),(0.,0.125,0.25,
0.5,0.75,0.875,1.),.UNSPECIFIED.);
#58=B_SPLINE_SURFACE_WITH_KNOTS('',3,3,((#9567,#9568,#9569,#9570,#9571,
#9572,#9573,#9574,#9575,#9576,#9577,#9578,#9579,#9580,#9581,#9582),(#9583,
#9584,#9585,#9586,#9587,#9588,#9589,#9590,#9591,#9592,#9593,#9594,#9595,
#9596,#9597,#9598),(#9599,#9600,#9601,#9602,#9603,#9604,#9605,#9606,#9607,
#9608,#9609,#9610,#9611,#9612,#9613,#9614),(#9615,#9616,#9617,#9618,#9619,
#9620,#9621,#9622,#9623,#9624,#9625,#9626,#9627,#9628,#9629,#9630),(#9631,
#9632,#9633,#9634,#9635,#9636,#9637,#9638,#9639,#9640,#9641,#9642,#9643,
#9644,#9645,#9646),(#9647,#9648,#9649,#9650,#9651,#9652,#9653,#9654,#9655,
#9656,#9657,#9658,#9659,#9660,#9661,#9662),(#9663,#9664,#9665,#9666,#9667,
#9668,#9669,#9670,#9671,#9672,#9673,#9674,#9675,#9676,#9677,#9678),(#9679,
#9680,#9681,#9682,#9683,#9684,#9685,#9686,#9687,#9688,#9689,#9690,#9691,
#9692,#9693,#9694),(#9695,#9696,#9697,#9698,#9699,#9700,#9701,#9702,#9703,
#9704,#9705,#9706,#9707,#9708,#9709,#9710),(#9711,#9712,#9713,#9714,#9715,
#9716,#9717,#9718,#9719,#9720,#9721,#9722,#9723,#9724,#9725,#9726),(#9727,
#9728,#9729,#9730,#9731,#9732,#9733,#9734,#9735,#9736,#9737,#9738,#9739,
#9740,#9741,#9742),(#9743,#9744,#9745,#9746,#9747,#9748,#9749,#9750,#9751,
#9752,#9753,#9754,#9755,#9756,#9757,#9758),(#9759,#9760,#9761,#9762,#9763,
#9764,#9765,#9766,#9767,#9768,#9769,#9770,#9771,#9772,#9773,#9774)),
 .UNSPECIFIED.,.F.,.F.,.F.,(4,2,2,1,2,2,4),(4,2,2,1,1,1,1,1,1,1,1,4),(0.,
0.00706785995728462,0.0141357199145692,0.0282714398291384,0.0424071597437076,
0.0494750197009922,0.0565428796582767),(0.,0.0643265671614349,0.12865313432287,
0.25730626864574,0.514612537291479,1.01461253729148,1.51461253729148,2.51461253729149,
3.51461253729149,4.51461253729149,5.51461253729149,6.51461253729149),
 .UNSPECIFIED.);
#59=B_SPLINE_SURFACE_WITH_KNOTS('',3,3,((#10062,#10063,#10064,#10065,#10066,
#10067,#10068,#10069,#10070,#10071,#10072,#10073,#10074,#10075,#10076,#10077),
(#10078,#10079,#10080,#10081,#10082,#10083,#10084,#10085,#10086,#10087,
#10088,#10089,#10090,#10091,#10092,#10093),(#10094,#10095,#10096,#10097,
#10098,#10099,#10100,#10101,#10102,#10103,#10104,#10105,#10106,#10107,#10108,
#10109),(#10110,#10111,#10112,#10113,#10114,#10115,#10116,#10117,#10118,
#10119,#10120,#10121,#10122,#10123,#10124,#10125),(#10126,#10127,#10128,
#10129,#10130,#10131,#10132,#10133,#10134,#10135,#10136,#10137,#10138,#10139,
#10140,#10141),(#10142,#10143,#10144,#10145,#10146,#10147,#10148,#10149,
#10150,#10151,#10152,#10153,#10154,#10155,#10156,#10157),(#10158,#10159,
#10160,#10161,#10162,#10163,#10164,#10165,#10166,#10167,#10168,#10169,#10170,
#10171,#10172,#10173),(#10174,#10175,#10176,#10177,#10178,#10179,#10180,
#10181,#10182,#10183,#10184,#10185,#10186,#10187,#10188,#10189),(#10190,
#10191,#10192,#10193,#10194,#10195,#10196,#10197,#10198,#10199,#10200,#10201,
#10202,#10203,#10204,#10205),(#10206,#10207,#10208,#10209,#10210,#10211,
#10212,#10213,#10214,#10215,#10216,#10217,#10218,#10219,#10220,#10221),
(#10222,#10223,#10224,#10225,#10226,#10227,#10228,#10229,#10230,#10231,
#10232,#10233,#10234,#10235,#10236,#10237),(#10238,#10239,#10240,#10241,
#10242,#10243,#10244,#10245,#10246,#10247,#10248,#10249,#10250,#10251,#10252,
#10253),(#10254,#10255,#10256,#10257,#10258,#10259,#10260,#10261,#10262,
#10263,#10264,#10265,#10266,#10267,#10268,#10269),(#10270,#10271,#10272,
#10273,#10274,#10275,#10276,#10277,#10278,#10279,#10280,#10281,#10282,#10283,
#10284,#10285),(#10286,#10287,#10288,#10289,#10290,#10291,#10292,#10293,
#10294,#10295,#10296,#10297,#10298,#10299,#10300,#10301),(#10302,#10303,
#10304,#10305,#10306,#10307,#10308,#10309,#10310,#10311,#10312,#10313,#10314,
#10315,#10316,#10317),(#10318,#10319,#10320,#10321,#10322,#10323,#10324,
#10325,#10326,#10327,#10328,#10329,#10330,#10331,#10332,#10333),(#10334,
#10335,#10336,#10337,#10338,#10339,#10340,#10341,#10342,#10343,#10344,#10345,
#10346,#10347,#10348,#10349),(#10350,#10351,#10352,#10353,#10354,#10355,
#10356,#10357,#10358,#10359,#10360,#10361,#10362,#10363,#10364,#10365),
(#10366,#10367,#10368,#10369,#10370,#10371,#10372,#10373,#10374,#10375,
#10376,#10377,#10378,#10379,#10380,#10381),(#10382,#10383,#10384,#10385,
#10386,#10387,#10388,#10389,#10390,#10391,#10392,#10393,#10394,#10395,#10396,
#10397)),.UNSPECIFIED.,.F.,.F.,.F.,(4,2,2,1,1,1,1,1,1,1,1,1,2,2,4),(4,2,
2,1,1,1,1,1,1,1,1,4),(0.,0.00465190868881924,0.0093038173776385,0.0186076347552772,
0.0372152695105543,0.0986765287932532,0.584204824989413,1.09224530573813,
1.60028578648685,2.08602667851722,2.14668931138669,2.1782287824522,2.19399851798496,
2.20188338575134,2.20976825351772),(0.,0.0643265671614348,0.12865313432287,
0.25730626864574,0.51461253729148,1.01461253729148,1.51461253729149,2.51461253729149,
3.51461253729149,4.51461253729149,5.51461253729149,6.51461253729149),
 .UNSPECIFIED.);
#60=(
BOUNDED_SURFACE()
B_SPLINE_SURFACE(1,2,((#3524,#3525,#3526,#3527,#3528,#3529,#3530,#3531,
#3532),(#3533,#3534,#3535,#3536,#3537,#3538,#3539,#3540,#3541)),
 .UNSPECIFIED.,.F.,.T.,.F.)
B_SPLINE_SURFACE_WITH_KNOTS((2,2),(3,2,2,2,3),(0.480481331298554,3.51389683115573),
(-3.14159265358979,-1.5707963267949,0.,1.5707963267949,3.14159265358979),
 .UNSPECIFIED.)
GEOMETRIC_REPRESENTATION_ITEM()
RATIONAL_B_SPLINE_SURFACE(((1.,0.707106781186548,1.,0.707106781186548,1.,
0.707106781186548,1.,0.707106781186548,1.),(1.,0.707106781186548,1.,0.707106781186548,
1.,0.707106781186548,1.,0.707106781186548,1.)))
REPRESENTATION_ITEM('')
SURFACE()
);
#61=(
BOUNDED_SURFACE()
B_SPLINE_SURFACE(3,3,((#9791,#9792,#9793,#9794,#9795,#9796,#9797,#9798,
#9799,#9800,#9801,#9802,#9803,#9804,#9805,#9806,#9807),(#9808,#9809,#9810,
#9811,#9812,#9813,#9814,#9815,#9816,#9817,#9818,#9819,#9820,#9821,#9822,
#9823,#9824),(#9825,#9826,#9827,#9828,#9829,#9830,#9831,#9832,#9833,#9834,
#9835,#9836,#9837,#9838,#9839,#9840,#9841),(#9842,#9843,#9844,#9845,#9846,
#9847,#9848,#9849,#9850,#9851,#9852,#9853,#9854,#9855,#9856,#9857,#9858),
(#9859,#9860,#9861,#9862,#9863,#9864,#9865,#9866,#9867,#9868,#9869,#9870,
#9871,#9872,#9873,#9874,#9875),(#9876,#9877,#9878,#9879,#9880,#9881,#9882,
#9883,#9884,#9885,#9886,#9887,#9888,#9889,#9890,#9891,#9892),(#9893,#9894,
#9895,#9896,#9897,#9898,#9899,#9900,#9901,#9902,#9903,#9904,#9905,#9906,
#9907,#9908,#9909),(#9910,#9911,#9912,#9913,#9914,#9915,#9916,#9917,#9918,
#9919,#9920,#9921,#9922,#9923,#9924,#9925,#9926),(#9927,#9928,#9929,#9930,
#9931,#9932,#9933,#9934,#9935,#9936,#9937,#9938,#9939,#9940,#9941,#9942,
#9943),(#9944,#9945,#9946,#9947,#9948,#9949,#9950,#9951,#9952,#9953,#9954,
#9955,#9956,#9957,#9958,#9959,#9960),(#9961,#9962,#9963,#9964,#9965,#9966,
#9967,#9968,#9969,#9970,#9971,#9972,#9973,#9974,#9975,#9976,#9977),(#9978,
#9979,#9980,#9981,#9982,#9983,#9984,#9985,#9986,#9987,#9988,#9989,#9990,
#9991,#9992,#9993,#9994),(#9995,#9996,#9997,#9998,#9999,#10000,#10001,#10002,
#10003,#10004,#10005,#10006,#10007,#10008,#10009,#10010,#10011),(#10012,
#10013,#10014,#10015,#10016,#10017,#10018,#10019,#10020,#10021,#10022,#10023,
#10024,#10025,#10026,#10027,#10028),(#10029,#10030,#10031,#10032,#10033,
#10034,#10035,#10036,#10037,#10038,#10039,#10040,#10041,#10042,#10043,#10044,
#10045)),.UNSPECIFIED.,.F.,.F.,.F.)
B_SPLINE_SURFACE_WITH_KNOTS((4,2,2,1,3,3,4),(4,3,2,1,1,1,1,1,1,1,1,4),(0.,
0.0070678599572846,0.0141357199145692,0.0282714398291384,0.0424071597437076,
0.0494750197009921,0.0565428796582768),(0.,0.0643265671614351,0.12865313432287,
0.25730626864574,0.51461253729148,1.01461253729148,1.51461253729149,2.51461253729149,
3.51461253729149,4.51461253729149,5.51461253729149,6.51461253729149),
 .UNSPECIFIED.)
GEOMETRIC_REPRESENTATION_ITEM()
RATIONAL_B_SPLINE_SURFACE(((1.,1.,1.,1.,1.,0.999999999999999,1.,1.,1.,0.999999999999999,
1.,1.,1.,1.,1.,1.,1.),(0.999999999999998,1.,1.,1.,1.,0.999999999999999,
1.,1.,1.,0.999999999999999,1.,1.,1.,1.,1.,1.,1.),(1.,1.,1.,1.,1.,1.,1.,
1.,1.,0.999999999999999,1.,1.,1.,1.,1.,1.,1.),(1.,1.,1.,1.,1.,1.,1.,1.,
1.,0.999999999999999,1.,1.,1.,1.,1.,1.,1.),(1.,1.,1.,1.,1.,1.,1.,1.,1.,
1.,0.999999999999999,1.,1.,1.,1.,1.,1.),(1.,1.,1.,1.,1.,1.,1.,1.,1.,0.999999999999999,
1.,1.,1.,1.,1.,1.,1.),(1.,1.,1.,1.,1.,1.,1.,1.,1.,1.,1.,1.,1.,1.,1.,1.,
1.),(1.,1.,1.,1.,1.,1.,1.,1.,1.,1.,1.,1.,1.,1.,1.,1.,1.),(1.,1.,1.,1.00000000008323,
1.00000000006206,1.,1.,1.,1.,1.,1.,1.,1.,1.,1.,1.,1.),(1.,1.,1.,1.,1.00000000009309,
1.,1.,1.,1.,1.,1.,1.,1.,1.,1.,1.,1.),(1.,1.,1.,1.,1.,1.00000000009309,1.,
1.,1.,1.,1.,1.,1.,1.,1.,1.,1.),(1.,1.,1.,1.,1.,1.,1.,1.,1.,1.,1.,1.,1.,
1.,1.,1.,1.),(1.,1.,1.,1.,1.,1.,1.,1.,1.,1.,1.,1.,1.,1.,1.,1.,1.),(1.,1.,
1.,1.,1.,0.999999999999999,1.,1.,1.,1.,1.,1.,1.,1.,1.,1.,1.),(1.,1.,1.,
1.,1.,1.,1.,1.,1.,1.,1.,1.,1.,1.,1.,1.,1.)))
REPRESENTATION_ITEM('')
SURFACE()
);
#62=TOROIDAL_SURFACE('',#2507,11.,4.);
#63=TOROIDAL_SURFACE('',#2567,9.9999999999987,2.);
#64=TOROIDAL_SURFACE('',#2573,7.99999999999985,3.);
#65=TOROIDAL_SURFACE('',#2578,12.6885775404495,3.);
#66=TOROIDAL_SURFACE('',#2583,8.,3.);
#67=TOROIDAL_SURFACE('',#2587,12.6885775404495,3.);
#68=TOROIDAL_SURFACE('',#2601,10.,5.);
#69=TOROIDAL_SURFACE('',#2605,6.99999999999985,2.);
#70=TOROIDAL_SURFACE('',#2610,10.0436647773372,4.);
#71=TOROIDAL_SURFACE('',#2615,10.0436647773372,4.);
#72=TOROIDAL_SURFACE('',#2617,10.,5.);
#73=FACE_BOUND('',#418,.T.);
#74=FACE_BOUND('',#435,.T.);
#75=FACE_BOUND('',#436,.T.);
#76=FACE_BOUND('',#437,.T.);
#77=FACE_BOUND('',#445,.T.);
#78=FACE_BOUND('',#446,.T.);
#79=FACE_BOUND('',#447,.T.);
#80=FACE_BOUND('',#448,.T.);
#81=FACE_BOUND('',#449,.T.);
#82=FACE_BOUND('',#450,.T.);
#83=FACE_BOUND('',#451,.T.);
#84=FACE_BOUND('',#452,.T.);
#85=FACE_BOUND('',#453,.T.);
#86=FACE_BOUND('',#454,.T.);
#87=FACE_BOUND('',#455,.T.);
#88=FACE_BOUND('',#456,.T.);
#89=FACE_BOUND('',#459,.T.);
#90=FACE_BOUND('',#460,.T.);
#91=FACE_BOUND('',#461,.T.);
#92=FACE_BOUND('',#462,.T.);
#93=FACE_BOUND('',#463,.T.);
#94=FACE_BOUND('',#535,.T.);
#95=FACE_BOUND('',#536,.T.);
#96=FACE_BOUND('',#537,.T.);
#97=FACE_BOUND('',#538,.T.);
#98=FACE_BOUND('',#539,.T.);
#99=LINE('',#3241,#153);
#100=LINE('',#3247,#154);
#101=LINE('',#3256,#155);
#102=LINE('',#3262,#156);
#103=LINE('',#3337,#157);
#104=LINE('',#3343,#158);
#105=LINE('',#3357,#159);
#106=LINE('',#3369,#160);
#107=LINE('',#3393,#161);
#108=LINE('',#3396,#162);
#109=LINE('',#3414,#163);
#110=LINE('',#3417,#164);
#111=LINE('',#3442,#165);
#112=LINE('',#3446,#166);
#113=LINE('',#3454,#167);
#114=LINE('',#3458,#168);
#115=LINE('',#3479,#169);
#116=LINE('',#3480,#170);
#117=LINE('',#3519,#171);
#118=LINE('',#3520,#172);
#119=LINE('',#4960,#173);
#120=LINE('',#5996,#174);
#121=LINE('',#7459,#175);
#122=LINE('',#7646,#176);
#123=LINE('',#7648,#177);
#124=LINE('',#7652,#178);
#125=LINE('',#7658,#179);
#126=LINE('',#7665,#180);
#127=LINE('',#7672,#181);
#128=LINE('',#7680,#182);
#129=LINE('',#7686,#183);
#130=LINE('',#7693,#184);
#131=LINE('',#7700,#185);
#132=LINE('',#7766,#186);
#133=LINE('',#7784,#187);
#134=LINE('',#7792,#188);
#135=LINE('',#7803,#189);
#136=LINE('',#7813,#190);
#137=LINE('',#7888,#191);
#138=LINE('',#7897,#192);
#139=LINE('',#8024,#193);
#140=LINE('',#8027,#194);
#141=LINE('',#10401,#195);
#142=LINE('',#10403,#196);
#143=LINE('',#10405,#197);
#144=LINE('',#10406,#198);
#145=LINE('',#10409,#199);
#146=LINE('',#10411,#200);
#147=LINE('',#10412,#201);
#148=LINE('',#10415,#202);
#149=LINE('',#10416,#203);
#150=LINE('',#10419,#204);
#151=LINE('',#10420,#205);
#152=LINE('',#10422,#206);
#153=VECTOR('',#2682,10.);
#154=VECTOR('',#2683,10.);
#155=VECTOR('',#2686,10.);
#156=VECTOR('',#2687,10.);
#157=VECTOR('',#2710,10.);
#158=VECTOR('',#2711,10.);
#159=VECTOR('',#2714,10.);
#160=VECTOR('',#2717,10.);
#161=VECTOR('',#2724,10.);
#162=VECTOR('',#2727,10.);
#163=VECTOR('',#2748,10.);
#164=VECTOR('',#2751,10.);
#165=VECTOR('',#2762,10.);
#166=VECTOR('',#2765,10.);
#167=VECTOR('',#2772,10.);
#168=VECTOR('',#2777,10.);
#169=VECTOR('',#2784,10.);
#170=VECTOR('',#2785,10.);
#171=VECTOR('',#2800,10.);
#172=VECTOR('',#2801,10.);
#173=VECTOR('',#2810,33.);
#174=VECTOR('',#2813,32.5729949498047);
#175=VECTOR('',#2830,10.);
#176=VECTOR('',#2833,10.);
#177=VECTOR('',#2836,10.);
#178=VECTOR('',#2841,10.);
#179=VECTOR('',#2842,10.);
#180=VECTOR('',#2845,10.);
#181=VECTOR('',#2848,10.);
#182=VECTOR('',#2853,10.);
#183=VECTOR('',#2854,10.);
#184=VECTOR('',#2857,10.);
#185=VECTOR('',#2860,10.);
#186=VECTOR('',#2897,10.);
#187=VECTOR('',#2908,10.);
#188=VECTOR('',#2913,10.);
#189=VECTOR('',#2922,2.);
#190=VECTOR('',#2937,2.);
#191=VECTOR('',#2980,10.);
#192=VECTOR('',#2983,10.);
#193=VECTOR('',#2992,10.);
#194=VECTOR('',#2995,10.);
#195=VECTOR('',#3046,10.);
#196=VECTOR('',#3047,10.);
#197=VECTOR('',#3048,10.);
#198=VECTOR('',#3049,10.);
#199=VECTOR('',#3052,10.);
#200=VECTOR('',#3053,10.);
#201=VECTOR('',#3054,10.);
#202=VECTOR('',#3057,10.);
#203=VECTOR('',#3058,10.);
#204=VECTOR('',#3061,10.);
#205=VECTOR('',#3062,10.);
#206=VECTOR('',#3065,10.);
#207=PLANE('',#2445);
#208=PLANE('',#2446);
#209=PLANE('',#2450);
#210=PLANE('',#2454);
#211=PLANE('',#2458);
#212=PLANE('',#2462);
#213=PLANE('',#2463);
#214=PLANE('',#2464);
#215=PLANE('',#2465);
#216=PLANE('',#2466);
#217=PLANE('',#2470);
#218=PLANE('',#2474);
#219=PLANE('',#2475);
#220=PLANE('',#2476);
#221=PLANE('',#2477);
#222=PLANE('',#2478);
#223=PLANE('',#2482);
#224=PLANE('',#2492);
#225=PLANE('',#2504);
#226=PLANE('',#2512);
#227=PLANE('',#2515);
#228=PLANE('',#2516);
#229=PLANE('',#2526);
#230=PLANE('',#2527);
#231=PLANE('',#2528);
#232=PLANE('',#2529);
#233=PLANE('',#2530);
#234=PLANE('',#2531);
#235=PLANE('',#2532);
#236=PLANE('',#2533);
#237=PLANE('',#2534);
#238=PLANE('',#2535);
#239=PLANE('',#2536);
#240=PLANE('',#2537);
#241=PLANE('',#2538);
#242=PLANE('',#2543);
#243=PLANE('',#2546);
#244=PLANE('',#2551);
#245=PLANE('',#2554);
#246=PLANE('',#2559);
#247=PLANE('',#2562);
#248=PLANE('',#2563);
#249=PLANE('',#2571);
#250=PLANE('',#2593);
#251=PLANE('',#2595);
#252=PLANE('',#2598);
#253=PLANE('',#2599);
#254=PLANE('',#2624);
#255=PLANE('',#2625);
#256=PLANE('',#2626);
#257=PLANE('',#2627);
#258=PLANE('',#2628);
#259=PLANE('',#2629);
#260=FACE_OUTER_BOUND('',#390,.T.);
#261=FACE_OUTER_BOUND('',#391,.T.);
#262=FACE_OUTER_BOUND('',#392,.T.);
#263=FACE_OUTER_BOUND('',#393,.T.);
#264=FACE_OUTER_BOUND('',#394,.T.);
#265=FACE_OUTER_BOUND('',#395,.T.);
#266=FACE_OUTER_BOUND('',#396,.T.);
#267=FACE_OUTER_BOUND('',#397,.T.);
#268=FACE_OUTER_BOUND('',#398,.T.);
#269=FACE_OUTER_BOUND('',#399,.T.);
#270=FACE_OUTER_BOUND('',#400,.T.);
#271=FACE_OUTER_BOUND('',#401,.T.);
#272=FACE_OUTER_BOUND('',#402,.T.);
#273=FACE_OUTER_BOUND('',#403,.T.);
#274=FACE_OUTER_BOUND('',#404,.T.);
#275=FACE_OUTER_BOUND('',#405,.T.);
#276=FACE_OUTER_BOUND('',#406,.T.);
#277=FACE_OUTER_BOUND('',#407,.T.);
#278=FACE_OUTER_BOUND('',#408,.T.);
#279=FACE_OUTER_BOUND('',#409,.T.);
#280=FACE_OUTER_BOUND('',#410,.T.);
#281=FACE_OUTER_BOUND('',#411,.T.);
#282=FACE_OUTER_BOUND('',#412,.T.);
#283=FACE_OUTER_BOUND('',#413,.T.);
#284=FACE_OUTER_BOUND('',#414,.T.);
#285=FACE_OUTER_BOUND('',#415,.T.);
#286=FACE_OUTER_BOUND('',#416,.T.);
#287=FACE_OUTER_BOUND('',#417,.T.);
#288=FACE_OUTER_BOUND('',#419,.T.);
#289=FACE_OUTER_BOUND('',#420,.T.);
#290=FACE_OUTER_BOUND('',#421,.T.);
#291=FACE_OUTER_BOUND('',#422,.T.);
#292=FACE_OUTER_BOUND('',#423,.T.);
#293=FACE_OUTER_BOUND('',#424,.T.);
#294=FACE_OUTER_BOUND('',#425,.T.);
#295=FACE_OUTER_BOUND('',#426,.T.);
#296=FACE_OUTER_BOUND('',#427,.T.);
#297=FACE_OUTER_BOUND('',#428,.T.);
#298=FACE_OUTER_BOUND('',#429,.T.);
#299=FACE_OUTER_BOUND('',#430,.T.);
#300=FACE_OUTER_BOUND('',#431,.T.);
#301=FACE_OUTER_BOUND('',#432,.T.);
#302=FACE_OUTER_BOUND('',#433,.T.);
#303=FACE_OUTER_BOUND('',#434,.T.);
#304=FACE_OUTER_BOUND('',#438,.T.);
#305=FACE_OUTER_BOUND('',#439,.T.);
#306=FACE_OUTER_BOUND('',#440,.T.);
#307=FACE_OUTER_BOUND('',#441,.T.);
#308=FACE_OUTER_BOUND('',#442,.T.);
#309=FACE_OUTER_BOUND('',#443,.T.);
#310=FACE_OUTER_BOUND('',#444,.T.);
#311=FACE_OUTER_BOUND('',#457,.T.);
#312=FACE_OUTER_BOUND('',#458,.T.);
#313=FACE_OUTER_BOUND('',#464,.T.);
#314=FACE_OUTER_BOUND('',#465,.T.);
#315=FACE_OUTER_BOUND('',#466,.T.);
#316=FACE_OUTER_BOUND('',#467,.T.);
#317=FACE_OUTER_BOUND('',#468,.T.);
#318=FACE_OUTER_BOUND('',#469,.T.);
#319=FACE_OUTER_BOUND('',#470,.T.);
#320=FACE_OUTER_BOUND('',#471,.T.);
#321=FACE_OUTER_BOUND('',#472,.T.);
#322=FACE_OUTER_BOUND('',#473,.T.);
#323=FACE_OUTER_BOUND('',#474,.T.);
#324=FACE_OUTER_BOUND('',#475,.T.);
#325=FACE_OUTER_BOUND('',#476,.T.);
#326=FACE_OUTER_BOUND('',#477,.T.);
#327=FACE_OUTER_BOUND('',#478,.T.);
#328=FACE_OUTER_BOUND('',#479,.T.);
#329=FACE_OUTER_BOUND('',#480,.T.);
#330=FACE_OUTER_BOUND('',#481,.T.);
#331=FACE_OUTER_BOUND('',#482,.T.);
#332=FACE_OUTER_BOUND('',#483,.T.);
#333=FACE_OUTER_BOUND('',#484,.T.);
#334=FACE_OUTER_BOUND('',#485,.T.);
#335=FACE_OUTER_BOUND('',#486,.T.);
#336=FACE_OUTER_BOUND('',#487,.T.);
#337=FACE_OUTER_BOUND('',#488,.T.);
#338=FACE_OUTER_BOUND('',#489,.T.);
#339=FACE_OUTER_BOUND('',#490,.T.);
#340=FACE_OUTER_BOUND('',#491,.T.);
#341=FACE_OUTER_BOUND('',#492,.T.);
#342=FACE_OUTER_BOUND('',#493,.T.);
#343=FACE_OUTER_BOUND('',#494,.T.);
#344=FACE_OUTER_BOUND('',#495,.T.);
#345=FACE_OUTER_BOUND('',#496,.T.);
#346=FACE_OUTER_BOUND('',#497,.T.);
#347=FACE_OUTER_BOUND('',#498,.T.);
#348=FACE_OUTER_BOUND('',#499,.T.);
#349=FACE_OUTER_BOUND('',#500,.T.);
#350=FACE_OUTER_BOUND('',#501,.T.);
#351=FACE_OUTER_BOUND('',#502,.T.);
#352=FACE_OUTER_BOUND('',#503,.T.);
#353=FACE_OUTER_BOUND('',#504,.T.);
#354=FACE_OUTER_BOUND('',#505,.T.);
#355=FACE_OUTER_BOUND('',#506,.T.);
#356=FACE_OUTER_BOUND('',#507,.T.);
#357=FACE_OUTER_BOUND('',#508,.T.);
#358=FACE_OUTER_BOUND('',#509,.T.);
#359=FACE_OUTER_BOUND('',#510,.T.);
#360=FACE_OUTER_BOUND('',#511,.T.);
#361=FACE_OUTER_BOUND('',#512,.T.);
#362=FACE_OUTER_BOUND('',#513,.T.);
#363=FACE_OUTER_BOUND('',#514,.T.);
#364=FACE_OUTER_BOUND('',#515,.T.);
#365=FACE_OUTER_BOUND('',#516,.T.);
#366=FACE_OUTER_BOUND('',#517,.T.);
#367=FACE_OUTER_BOUND('',#518,.T.);
#368=FACE_OUTER_BOUND('',#519,.T.);
#369=FACE_OUTER_BOUND('',#520,.T.);
#370=FACE_OUTER_BOUND('',#521,.T.);
#371=FACE_OUTER_BOUND('',#522,.T.);
#372=FACE_OUTER_BOUND('',#523,.T.);
#373=FACE_OUTER_BOUND('',#524,.T.);
#374=FACE_OUTER_BOUND('',#525,.T.);
#375=FACE_OUTER_BOUND('',#526,.T.);
#376=FACE_OUTER_BOUND('',#527,.T.);
#377=FACE_OUTER_BOUND('',#528,.T.);
#378=FACE_OUTER_BOUND('',#529,.T.);
#379=FACE_OUTER_BOUND('',#530,.T.);
#380=FACE_OUTER_BOUND('',#531,.T.);
#381=FACE_OUTER_BOUND('',#532,.T.);
#382=FACE_OUTER_BOUND('',#533,.T.);
#383=FACE_OUTER_BOUND('',#534,.T.);
#384=FACE_OUTER_BOUND('',#540,.T.);
#385=FACE_OUTER_BOUND('',#541,.T.);
#386=FACE_OUTER_BOUND('',#542,.T.);
#387=FACE_OUTER_BOUND('',#543,.T.);
#388=FACE_OUTER_BOUND('',#544,.T.);
#389=FACE_OUTER_BOUND('',#545,.T.);
#390=EDGE_LOOP('',(#1503,#1504,#1505,#1506));
#391=EDGE_LOOP('',(#1507,#1508,#1509,#1510));
#392=EDGE_LOOP('',(#1511,#1512,#1513,#1514));
#393=EDGE_LOOP('',(#1515,#1516,#1517,#1518));
#394=EDGE_LOOP('',(#1519,#1520,#1521,#1522));
#395=EDGE_LOOP('',(#1523,#1524,#1525,#1526));
#396=EDGE_LOOP('',(#1527,#1528,#1529,#1530));
#397=EDGE_LOOP('',(#1531,#1532,#1533,#1534));
#398=EDGE_LOOP('',(#1535,#1536,#1537,#1538));
#399=EDGE_LOOP('',(#1539,#1540,#1541,#1542));
#400=EDGE_LOOP('',(#1543,#1544,#1545,#1546));
#401=EDGE_LOOP('',(#1547,#1548,#1549,#1550));
#402=EDGE_LOOP('',(#1551,#1552,#1553,#1554));
#403=EDGE_LOOP('',(#1555,#1556,#1557,#1558));
#404=EDGE_LOOP('',(#1559,#1560,#1561,#1562));
#405=EDGE_LOOP('',(#1563,#1564,#1565,#1566));
#406=EDGE_LOOP('',(#1567,#1568,#1569,#1570));
#407=EDGE_LOOP('',(#1571,#1572,#1573,#1574));
#408=EDGE_LOOP('',(#1575,#1576,#1577,#1578));
#409=EDGE_LOOP('',(#1579,#1580,#1581,#1582));
#410=EDGE_LOOP('',(#1583,#1584,#1585,#1586));
#411=EDGE_LOOP('',(#1587,#1588,#1589,#1590));
#412=EDGE_LOOP('',(#1591,#1592,#1593,#1594));
#413=EDGE_LOOP('',(#1595,#1596,#1597,#1598));
#414=EDGE_LOOP('',(#1599,#1600,#1601,#1602,#1603));
#415=EDGE_LOOP('',(#1604,#1605,#1606,#1607,#1608,#1609,#1610,#1611));
#416=EDGE_LOOP('',(#1612,#1613,#1614,#1615));
#417=EDGE_LOOP('',(#1616,#1617,#1618,#1619,#1620,#1621,#1622,#1623,#1624,
#1625,#1626,#1627));
#418=EDGE_LOOP('',(#1628,#1629,#1630,#1631,#1632,#1633));
#419=EDGE_LOOP('',(#1634,#1635,#1636,#1637,#1638));
#420=EDGE_LOOP('',(#1639,#1640,#1641));
#421=EDGE_LOOP('',(#1642,#1643,#1644,#1645,#1646));
#422=EDGE_LOOP('',(#1647,#1648,#1649,#1650,#1651,#1652,#1653,#1654,#1655,
#1656,#1657,#1658,#1659,#1660,#1661,#1662));
#423=EDGE_LOOP('',(#1663,#1664,#1665));
#424=EDGE_LOOP('',(#1666,#1667,#1668,#1669,#1670));
#425=EDGE_LOOP('',(#1671,#1672,#1673,#1674));
#426=EDGE_LOOP('',(#1675,#1676,#1677));
#427=EDGE_LOOP('',(#1678,#1679,#1680));
#428=EDGE_LOOP('',(#1681,#1682,#1683,#1684,#1685,#1686,#1687,#1688,#1689,
#1690));
#429=EDGE_LOOP('',(#1691,#1692,#1693,#1694,#1695,#1696,#1697,#1698));
#430=EDGE_LOOP('',(#1699,#1700,#1701,#1702,#1703));
#431=EDGE_LOOP('',(#1704,#1705,#1706,#1707,#1708,#1709,#1710,#1711,#1712,
#1713,#1714,#1715,#1716,#1717));
#432=EDGE_LOOP('',(#1718,#1719,#1720,#1721,#1722));
#433=EDGE_LOOP('',(#1723,#1724,#1725,#1726,#1727,#1728,#1729));
#434=EDGE_LOOP('',(#1730,#1731,#1732,#1733,#1734,#1735,#1736,#1737,#1738,
#1739,#1740,#1741,#1742,#1743,#1744,#1745,#1746,#1747));
#435=EDGE_LOOP('',(#1748));
#436=EDGE_LOOP('',(#1749,#1750));
#437=EDGE_LOOP('',(#1751));
#438=EDGE_LOOP('',(#1752,#1753,#1754,#1755,#1756));
#439=EDGE_LOOP('',(#1757,#1758,#1759,#1760,#1761,#1762,#1763));
#440=EDGE_LOOP('',(#1764,#1765,#1766,#1767,#1768));
#441=EDGE_LOOP('',(#1769,#1770,#1771,#1772));
#442=EDGE_LOOP('',(#1773,#1774,#1775,#1776,#1777,#1778,#1779));
#443=EDGE_LOOP('',(#1780,#1781,#1782,#1783,#1784));
#444=EDGE_LOOP('',(#1785,#1786,#1787,#1788,#1789,#1790,#1791,#1792,#1793,
#1794,#1795,#1796,#1797,#1798,#1799));
#445=EDGE_LOOP('',(#1800,#1801,#1802,#1803));
#446=EDGE_LOOP('',(#1804,#1805,#1806,#1807));
#447=EDGE_LOOP('',(#1808,#1809,#1810,#1811));
#448=EDGE_LOOP('',(#1812,#1813,#1814,#1815));
#449=EDGE_LOOP('',(#1816,#1817,#1818,#1819));
#450=EDGE_LOOP('',(#1820,#1821,#1822,#1823));
#451=EDGE_LOOP('',(#1824,#1825,#1826,#1827));
#452=EDGE_LOOP('',(#1828,#1829,#1830,#1831));
#453=EDGE_LOOP('',(#1832,#1833,#1834,#1835));
#454=EDGE_LOOP('',(#1836,#1837,#1838,#1839));
#455=EDGE_LOOP('',(#1840,#1841,#1842,#1843));
#456=EDGE_LOOP('',(#1844,#1845,#1846,#1847));
#457=EDGE_LOOP('',(#1848,#1849,#1850,#1851,#1852));
#458=EDGE_LOOP('',(#1853,#1854,#1855,#1856,#1857,#1858,#1859,#1860));
#459=EDGE_LOOP('',(#1861,#1862,#1863,#1864,#1865,#1866,#1867,#1868,#1869));
#460=EDGE_LOOP('',(#1870,#1871,#1872,#1873));
#461=EDGE_LOOP('',(#1874,#1875,#1876,#1877));
#462=EDGE_LOOP('',(#1878,#1879,#1880,#1881));
#463=EDGE_LOOP('',(#1882,#1883,#1884,#1885));
#464=EDGE_LOOP('',(#1886,#1887,#1888));
#465=EDGE_LOOP('',(#1889,#1890,#1891,#1892,#1893,#1894));
#466=EDGE_LOOP('',(#1895,#1896,#1897,#1898,#1899,#1900,#1901,#1902,#1903));
#467=EDGE_LOOP('',(#1904,#1905,#1906,#1907,#1908,#1909,#1910,#1911));
#468=EDGE_LOOP('',(#1912,#1913,#1914));
#469=EDGE_LOOP('',(#1915,#1916,#1917));
#470=EDGE_LOOP('',(#1918,#1919,#1920,#1921,#1922));
#471=EDGE_LOOP('',(#1923,#1924,#1925,#1926));
#472=EDGE_LOOP('',(#1927,#1928,#1929,#1930));
#473=EDGE_LOOP('',(#1931,#1932,#1933,#1934));
#474=EDGE_LOOP('',(#1935,#1936,#1937,#1938));
#475=EDGE_LOOP('',(#1939,#1940,#1941,#1942));
#476=EDGE_LOOP('',(#1943,#1944,#1945,#1946));
#477=EDGE_LOOP('',(#1947,#1948,#1949,#1950));
#478=EDGE_LOOP('',(#1951,#1952,#1953,#1954));
#479=EDGE_LOOP('',(#1955,#1956,#1957,#1958));
#480=EDGE_LOOP('',(#1959,#1960,#1961,#1962));
#481=EDGE_LOOP('',(#1963,#1964,#1965,#1966));
#482=EDGE_LOOP('',(#1967,#1968,#1969,#1970));
#483=EDGE_LOOP('',(#1971,#1972,#1973,#1974));
#484=EDGE_LOOP('',(#1975,#1976,#1977,#1978));
#485=EDGE_LOOP('',(#1979,#1980,#1981,#1982));
#486=EDGE_LOOP('',(#1983,#1984,#1985,#1986));
#487=EDGE_LOOP('',(#1987,#1988,#1989,#1990,#1991));
#488=EDGE_LOOP('',(#1992,#1993,#1994,#1995));
#489=EDGE_LOOP('',(#1996,#1997,#1998,#1999,#2000));
#490=EDGE_LOOP('',(#2001,#2002,#2003,#2004));
#491=EDGE_LOOP('',(#2005,#2006,#2007));
#492=EDGE_LOOP('',(#2008,#2009,#2010,#2011,#2012,#2013,#2014,#2015,#2016));
#493=EDGE_LOOP('',(#2017,#2018,#2019,#2020,#2021));
#494=EDGE_LOOP('',(#2022,#2023,#2024,#2025,#2026,#2027));
#495=EDGE_LOOP('',(#2028,#2029,#2030,#2031,#2032));
#496=EDGE_LOOP('',(#2033,#2034,#2035,#2036,#2037,#2038));
#497=EDGE_LOOP('',(#2039,#2040,#2041,#2042));
#498=EDGE_LOOP('',(#2043,#2044,#2045,#2046,#2047,#2048));
#499=EDGE_LOOP('',(#2049,#2050,#2051,#2052));
#500=EDGE_LOOP('',(#2053,#2054,#2055,#2056,#2057,#2058));
#501=EDGE_LOOP('',(#2059,#2060,#2061,#2062,#2063,#2064));
#502=EDGE_LOOP('',(#2065,#2066,#2067,#2068));
#503=EDGE_LOOP('',(#2069,#2070,#2071,#2072,#2073,#2074,#2075,#2076,#2077,
#2078,#2079,#2080,#2081));
#504=EDGE_LOOP('',(#2082,#2083,#2084,#2085));
#505=EDGE_LOOP('',(#2086,#2087,#2088,#2089,#2090,#2091,#2092,#2093,#2094,
#2095,#2096,#2097));
#506=EDGE_LOOP('',(#2098,#2099,#2100,#2101));
#507=EDGE_LOOP('',(#2102,#2103,#2104,#2105));
#508=EDGE_LOOP('',(#2106,#2107,#2108,#2109));
#509=EDGE_LOOP('',(#2110,#2111,#2112,#2113,#2114));
#510=EDGE_LOOP('',(#2115,#2116,#2117));
#511=EDGE_LOOP('',(#2118,#2119,#2120,#2121));
#512=EDGE_LOOP('',(#2122,#2123,#2124,#2125));
#513=EDGE_LOOP('',(#2126,#2127,#2128,#2129));
#514=EDGE_LOOP('',(#2130,#2131,#2132,#2133));
#515=EDGE_LOOP('',(#2134,#2135,#2136,#2137,#2138,#2139));
#516=EDGE_LOOP('',(#2140,#2141,#2142,#2143));
#517=EDGE_LOOP('',(#2144,#2145,#2146,#2147,#2148));
#518=EDGE_LOOP('',(#2149,#2150,#2151,#2152));
#519=EDGE_LOOP('',(#2153,#2154,#2155));
#520=EDGE_LOOP('',(#2156,#2157,#2158,#2159,#2160,#2161,#2162,#2163));
#521=EDGE_LOOP('',(#2164,#2165,#2166,#2167,#2168,#2169,#2170,#2171));
#522=EDGE_LOOP('',(#2172,#2173,#2174,#2175));
#523=EDGE_LOOP('',(#2176,#2177,#2178,#2179,#2180,#2181));
#524=EDGE_LOOP('',(#2182,#2183,#2184,#2185,#2186,#2187,#2188,#2189,#2190,
#2191));
#525=EDGE_LOOP('',(#2192,#2193,#2194));
#526=EDGE_LOOP('',(#2195,#2196,#2197,#2198));
#527=EDGE_LOOP('',(#2199,#2200,#2201,#2202));
#528=EDGE_LOOP('',(#2203,#2204,#2205,#2206,#2207));
#529=EDGE_LOOP('',(#2208,#2209));
#530=EDGE_LOOP('',(#2210,#2211));
#531=EDGE_LOOP('',(#2212,#2213,#2214,#2215));
#532=EDGE_LOOP('',(#2216,#2217,#2218));
#533=EDGE_LOOP('',(#2219,#2220,#2221));
#534=EDGE_LOOP('',(#2222,#2223,#2224));
#535=EDGE_LOOP('',(#2225,#2226,#2227,#2228));
#536=EDGE_LOOP('',(#2229,#2230,#2231,#2232));
#537=EDGE_LOOP('',(#2233,#2234,#2235,#2236));
#538=EDGE_LOOP('',(#2237,#2238,#2239,#2240));
#539=EDGE_LOOP('',(#2241,#2242,#2243,#2244));
#540=EDGE_LOOP('',(#2245,#2246,#2247,#2248));
#541=EDGE_LOOP('',(#2249,#2250,#2251,#2252));
#542=EDGE_LOOP('',(#2253,#2254,#2255,#2256));
#543=EDGE_LOOP('',(#2257,#2258,#2259,#2260));
#544=EDGE_LOOP('',(#2261,#2262,#2263,#2264));
#545=EDGE_LOOP('',(#2265,#2266,#2267,#2268));
#546=CIRCLE('',#2440,7.40000000000001);
#547=CIRCLE('',#2441,7.40000000000001);
#548=CIRCLE('',#2443,6.00000000000001);
#549=CIRCLE('',#2444,6.00000000000001);
#550=CIRCLE('',#2448,7.);
#551=CIRCLE('',#2449,7.);
#552=CIRCLE('',#2451,6.00000000000001);
#553=CIRCLE('',#2453,6.00000000000001);
#554=CIRCLE('',#2456,6.20000000000001);
#555=CIRCLE('',#2457,6.20000000000001);
#556=CIRCLE('',#2459,5.20000000000001);
#557=CIRCLE('',#2461,5.20000000000001);
#558=CIRCLE('',#2468,7.00000000000158);
#559=CIRCLE('',#2469,7.00000000000158);
#560=CIRCLE('',#2471,6.00000000000151);
#561=CIRCLE('',#2473,6.00000000000151);
#562=CIRCLE('',#2480,4.);
#563=CIRCLE('',#2481,4.);
#564=CIRCLE('',#2483,18.);
#565=CIRCLE('',#2484,4.);
#566=CIRCLE('',#2485,14.8729833462074);
#567=CIRCLE('',#2486,2.);
#568=CIRCLE('',#2487,16.);
#569=CIRCLE('',#2488,2.);
#570=CIRCLE('',#2489,14.8729833462074);
#571=CIRCLE('',#2491,18.);
#572=CIRCLE('',#2493,11.);
#573=CIRCLE('',#2494,10.0436647773372);
#574=CIRCLE('',#2495,6.99999999999985);
#575=CIRCLE('',#2496,10.0436647773372);
#576=CIRCLE('',#2497,11.);
#577=CIRCLE('',#2498,4.);
#578=CIRCLE('',#2499,2.);
#579=CIRCLE('',#2500,16.);
#580=CIRCLE('',#2501,2.);
#581=CIRCLE('',#2502,11.);
#582=CIRCLE('',#2505,4.);
#583=CIRCLE('',#2508,4.);
#584=CIRCLE('',#2509,15.);
#585=CIRCLE('',#2510,4.);
#586=CIRCLE('',#2511,4.);
#587=CIRCLE('',#2517,1.);
#588=CIRCLE('',#2518,0.999999999999999);
#589=CIRCLE('',#2519,1.);
#590=CIRCLE('',#2520,0.999999999999999);
#591=CIRCLE('',#2521,1.);
#592=CIRCLE('',#2522,0.999999999999999);
#593=CIRCLE('',#2523,2.);
#594=CIRCLE('',#2524,2.);
#595=CIRCLE('',#2525,2.);
#596=CIRCLE('',#2539,4.6783724797815);
#597=CIRCLE('',#2540,4.6783724797815);
#598=CIRCLE('',#2542,4.6783724797815);
#599=CIRCLE('',#2544,4.6783724797815);
#600=CIRCLE('',#2547,4.6783724797815);
#601=CIRCLE('',#2548,4.6783724797815);
#602=CIRCLE('',#2550,4.6783724797815);
#603=CIRCLE('',#2552,4.6783724797815);
#604=CIRCLE('',#2555,4.95649619133958);
#605=CIRCLE('',#2556,4.95649619133958);
#606=CIRCLE('',#2558,4.95649619133958);
#607=CIRCLE('',#2560,4.95649619133958);
#608=CIRCLE('',#2565,2.);
#609=CIRCLE('',#2566,2.);
#610=CIRCLE('',#2568,2.);
#611=CIRCLE('',#2569,2.);
#612=CIRCLE('',#2570,7.9999999999987);
#613=CIRCLE('',#2574,3.);
#614=CIRCLE('',#2575,4.99999999999985);
#615=CIRCLE('',#2576,2.99999999999939);
#616=CIRCLE('',#2577,6.39999999999988);
#617=CIRCLE('',#2579,12.6885775404495);
#618=CIRCLE('',#2580,3.);
#619=CIRCLE('',#2581,10.1508620323596);
#620=CIRCLE('',#2582,12.6885775404495);
#621=CIRCLE('',#2584,3.);
#622=CIRCLE('',#2585,6.4);
#623=CIRCLE('',#2586,5.);
#624=CIRCLE('',#2588,12.6885775404495);
#625=CIRCLE('',#2589,10.1508620323596);
#626=CIRCLE('',#2590,12.6885775404495);
#627=CIRCLE('',#2592,13.2010736468425);
#628=CIRCLE('',#2597,12.);
#629=CIRCLE('',#2600,2.);
#630=CIRCLE('',#2602,15.);
#631=CIRCLE('',#2603,2.);
#632=CIRCLE('',#2604,2.);
#633=CIRCLE('',#2606,2.);
#634=CIRCLE('',#2607,4.99999999999985);
#635=CIRCLE('',#2609,13.2010736468425);
#636=CIRCLE('',#2611,4.);
#637=CIRCLE('',#2612,1.);
#638=CIRCLE('',#2613,0.999999999999999);
#639=CIRCLE('',#2616,4.);
#640=CIRCLE('',#2618,15.);
#641=CIRCLE('',#2619,14.3301270189222);
#642=CIRCLE('',#2620,14.3301270189222);
#643=B_SPLINE_CURVE_WITH_KNOTS('',3,(#3072,#3073,#3074,#3075),
 .UNSPECIFIED.,.F.,.F.,(4,4),(-0.322660087492736,-0.133408410583246),
 .UNSPECIFIED.);
#644=B_SPLINE_CURVE_WITH_KNOTS('',3,(#3079,#3080,#3081,#3082),
 .UNSPECIFIED.,.F.,.F.,(4,4),(-0.336330700259777,-0.136964193473972),
 .UNSPECIFIED.);
#645=B_SPLINE_CURVE_WITH_KNOTS('',3,(#3087,#3088,#3089,#3090),
 .UNSPECIFIED.,.F.,.F.,(4,4),(-0.293674553696115,-0.0985528370818524),
 .UNSPECIFIED.);
#646=B_SPLINE_CURVE_WITH_KNOTS('',3,(#3094,#3095,#3096,#3097),
 .UNSPECIFIED.,.F.,.F.,(4,4),(-0.303209548423364,-0.100982569888329),
 .UNSPECIFIED.);
#647=B_SPLINE_CURVE_WITH_KNOTS('',3,(#3100,#3101,#3102,#3103),
 .UNSPECIFIED.,.F.,.F.,(4,4),(-0.377529252640117,-0.275757176583101),
 .UNSPECIFIED.);
#648=B_SPLINE_CURVE_WITH_KNOTS('',3,(#3104,#3105,#3106,#3107),
 .UNSPECIFIED.,.F.,.F.,(4,4),(-0.968182594022825,-0.909830270513137),
 .UNSPECIFIED.);
#649=B_SPLINE_CURVE_WITH_KNOTS('',3,(#3109,#3110,#3111,#3112),
 .UNSPECIFIED.,.F.,.F.,(4,4),(-1.32983767110571,-1.19206202804121),
 .UNSPECIFIED.);
#650=B_SPLINE_CURVE_WITH_KNOTS('',3,(#3113,#3114,#3115,#3116),
 .UNSPECIFIED.,.F.,.F.,(4,4),(-0.203931779217954,-0.0595156585057618),
 .UNSPECIFIED.);
#651=B_SPLINE_CURVE_WITH_KNOTS('',3,(#3120,#3121,#3122,#3123),
 .UNSPECIFIED.,.F.,.F.,(4,4),(-0.206507296919793,0.),.UNSPECIFIED.);
#652=B_SPLINE_CURVE_WITH_KNOTS('',3,(#3127,#3128,#3129,#3130),
 .UNSPECIFIED.,.F.,.F.,(4,4),(-0.200149865499369,0.),.UNSPECIFIED.);
#653=B_SPLINE_CURVE_WITH_KNOTS('',3,(#3134,#3135,#3136,#3137,#3138,#3139,
#3140,#3141,#3142,#3143),.UNSPECIFIED.,.F.,.F.,(4,2,2,2,4),(-1.96604458777158,
-1.85007070254433,-1.6670730807201,-1.55878219600379,-1.52588438649952),
 .UNSPECIFIED.);
#654=B_SPLINE_CURVE_WITH_KNOTS('',3,(#3145,#3146,#3147,#3148),
 .UNSPECIFIED.,.F.,.F.,(4,4),(-0.161904013831168,-0.0531947250908932),
 .UNSPECIFIED.);
#655=B_SPLINE_CURVE_WITH_KNOTS('',3,(#3152,#3153,#3154,#3155),
 .UNSPECIFIED.,.F.,.F.,(4,4),(-0.202598471521958,0.),.UNSPECIFIED.);
#656=B_SPLINE_CURVE_WITH_KNOTS('',3,(#3157,#3158,#3159,#3160),
 .UNSPECIFIED.,.F.,.F.,(4,4),(-0.200106760704192,0.),.UNSPECIFIED.);
#657=B_SPLINE_CURVE_WITH_KNOTS('',3,(#3163,#3164,#3165,#3166),
 .UNSPECIFIED.,.F.,.F.,(4,4),(-8.45629428302199,-8.40139884874077),
 .UNSPECIFIED.);
#658=B_SPLINE_CURVE_WITH_KNOTS('',3,(#3167,#3168,#3169,#3170,#3171,#3172,
#3173,#3174,#3175,#3176),.UNSPECIFIED.,.F.,.F.,(4,2,2,2,4),(-7.58699848115524,
-7.55938374895563,-7.49907875148725,-7.39295433764336,-7.37637477666902),
 .UNSPECIFIED.);
#659=B_SPLINE_CURVE_WITH_KNOTS('',3,(#3180,#3181,#3182,#3183),
 .UNSPECIFIED.,.F.,.F.,(4,4),(-0.20406377981345,0.),.UNSPECIFIED.);
#660=B_SPLINE_CURVE_WITH_KNOTS('',3,(#3187,#3188,#3189,#3190),
 .UNSPECIFIED.,.F.,.F.,(4,4),(-0.200521836692046,0.),.UNSPECIFIED.);
#661=B_SPLINE_CURVE_WITH_KNOTS('',3,(#3194,#3195,#3196,#3197,#3198,#3199,
#3200,#3201),.UNSPECIFIED.,.F.,.F.,(4,2,2,4),(-1.84929930730993,-1.84259880020887,
-1.70184761342035,-1.56692356500695),.UNSPECIFIED.);
#662=B_SPLINE_CURVE_WITH_KNOTS('',3,(#3203,#3204,#3205,#3206),
 .UNSPECIFIED.,.F.,.F.,(4,4),(-0.181334392611333,-0.0565830168465986),
 .UNSPECIFIED.);
#663=B_SPLINE_CURVE_WITH_KNOTS('',3,(#3210,#3211,#3212,#3213),
 .UNSPECIFIED.,.F.,.F.,(4,4),(-0.202459339188483,0.),.UNSPECIFIED.);
#664=B_SPLINE_CURVE_WITH_KNOTS('',3,(#3215,#3216,#3217,#3218),
 .UNSPECIFIED.,.F.,.F.,(4,4),(-0.200573467828895,0.),.UNSPECIFIED.);
#665=B_SPLINE_CURVE_WITH_KNOTS('',3,(#3221,#3222,#3223,#3224),
 .UNSPECIFIED.,.F.,.F.,(4,4),(-34.277710636796,-32.6447421550737),
 .UNSPECIFIED.);
#666=B_SPLINE_CURVE_WITH_KNOTS('',3,(#3225,#3226,#3227,#3228,#3229,#3230,
#3231,#3232),.UNSPECIFIED.,.F.,.F.,(4,2,2,4),(-20.7583568854045,-20.1391665310187,
-19.2361768916792,-19.0177111062603),.UNSPECIFIED.);
#667=B_SPLINE_CURVE_WITH_KNOTS('',3,(#3236,#3237,#3238,#3239),
 .UNSPECIFIED.,.F.,.F.,(4,4),(-0.449552347262117,-0.0500866857972959),
 .UNSPECIFIED.);
#668=B_SPLINE_CURVE_WITH_KNOTS('',3,(#3243,#3244,#3245,#3246),
 .UNSPECIFIED.,.F.,.F.,(4,4),(-0.448835576209339,-0.050233506419033),
 .UNSPECIFIED.);
#669=B_SPLINE_CURVE_WITH_KNOTS('',3,(#3251,#3252,#3253,#3254),
 .UNSPECIFIED.,.F.,.F.,(4,4),(-0.448513642310267,-0.0500098268760302),
 .UNSPECIFIED.);
#670=B_SPLINE_CURVE_WITH_KNOTS('',3,(#3258,#3259,#3260,#3261),
 .UNSPECIFIED.,.F.,.F.,(4,4),(-0.448066006811683,-0.0504144868265016),
 .UNSPECIFIED.);
#671=B_SPLINE_CURVE_WITH_KNOTS('',3,(#3264,#3265,#3266,#3267),
 .UNSPECIFIED.,.F.,.F.,(4,4),(-14.6536252310353,-14.2107680888367),
 .UNSPECIFIED.);
#672=B_SPLINE_CURVE_WITH_KNOTS('',3,(#3268,#3269,#3270,#3271),
 .UNSPECIFIED.,.F.,.F.,(4,4),(-18.3677767402761,-17.8009633790074),
 .UNSPECIFIED.);
#673=B_SPLINE_CURVE_WITH_KNOTS('',3,(#3273,#3274,#3275,#3276),
 .UNSPECIFIED.,.F.,.F.,(4,4),(-0.203102447003703,-0.0718883992320578),
 .UNSPECIFIED.);
#674=B_SPLINE_CURVE_WITH_KNOTS('',3,(#3277,#3278,#3279,#3280),
 .UNSPECIFIED.,.F.,.F.,(4,4),(-0.260129248094139,-0.0645953803171149),
 .UNSPECIFIED.);
#675=B_SPLINE_CURVE_WITH_KNOTS('',3,(#3284,#3285,#3286,#3287),
 .UNSPECIFIED.,.F.,.F.,(4,4),(-0.205192394772868,0.),.UNSPECIFIED.);
#676=B_SPLINE_CURVE_WITH_KNOTS('',3,(#3291,#3292,#3293,#3294),
 .UNSPECIFIED.,.F.,.F.,(4,4),(-0.200450433715464,0.),.UNSPECIFIED.);
#677=B_SPLINE_CURVE_WITH_KNOTS('',3,(#3298,#3299,#3300,#3301),
 .UNSPECIFIED.,.F.,.F.,(4,4),(-1.38918065218602,-1.07950189727615),
 .UNSPECIFIED.);
#678=B_SPLINE_CURVE_WITH_KNOTS('',3,(#3303,#3304,#3305,#3306),
 .UNSPECIFIED.,.F.,.F.,(4,4),(-0.199443932455492,-0.0641207565453431),
 .UNSPECIFIED.);
#679=B_SPLINE_CURVE_WITH_KNOTS('',3,(#3310,#3311,#3312,#3313),
 .UNSPECIFIED.,.F.,.F.,(4,4),(-0.204947192216063,0.),.UNSPECIFIED.);
#680=B_SPLINE_CURVE_WITH_KNOTS('',3,(#3315,#3316,#3317,#3318),
 .UNSPECIFIED.,.F.,.F.,(4,4),(-0.20073349396887,0.),.UNSPECIFIED.);
#681=B_SPLINE_CURVE_WITH_KNOTS('',3,(#3321,#3322,#3323,#3324),
 .UNSPECIFIED.,.F.,.F.,(4,4),(-3.82206727568273,-3.66029594412628),
 .UNSPECIFIED.);
#682=B_SPLINE_CURVE_WITH_KNOTS('',3,(#3325,#3326,#3327,#3328),
 .UNSPECIFIED.,.F.,.F.,(4,4),(-2.68807172312704,-2.50043837585673),
 .UNSPECIFIED.);
#683=B_SPLINE_CURVE_WITH_KNOTS('',3,(#3332,#3333,#3334,#3335),
 .UNSPECIFIED.,.F.,.F.,(4,4),(-0.444152398234263,-0.0498936576858848),
 .UNSPECIFIED.);
#684=B_SPLINE_CURVE_WITH_KNOTS('',3,(#3339,#3340,#3341,#3342),
 .UNSPECIFIED.,.F.,.F.,(4,4),(-0.447397272439063,-0.0499896901054499),
 .UNSPECIFIED.);
#685=B_SPLINE_CURVE_WITH_KNOTS('',3,(#3346,#3347,#3348,#3349),
 .UNSPECIFIED.,.F.,.F.,(4,4),(-0.862455471829126,-0.722005179373313),
 .UNSPECIFIED.);
#686=B_SPLINE_CURVE_WITH_KNOTS('',3,(#3351,#3352,#3353,#3354,#3355,#3356),
 .UNSPECIFIED.,.F.,.F.,(4,2,4),(-0.262208205507265,-0.239405202830023,-0.139210305877347),
 .UNSPECIFIED.);
#687=B_SPLINE_CURVE_WITH_KNOTS('',3,(#3360,#3361,#3362,#3363),
 .UNSPECIFIED.,.F.,.F.,(4,4),(-0.4368888979172,-0.0496432981264645),
 .UNSPECIFIED.);
#688=B_SPLINE_CURVE_WITH_KNOTS('',3,(#3365,#3366,#3367,#3368),
 .UNSPECIFIED.,.F.,.F.,(4,4),(-0.439409772040283,-0.0499762426757136),
 .UNSPECIFIED.);
#689=B_SPLINE_CURVE_WITH_KNOTS('',3,(#3371,#3372,#3373,#3374),
 .UNSPECIFIED.,.F.,.F.,(4,4),(-2.13701468358172,-2.01971541299539),
 .UNSPECIFIED.);
#690=B_SPLINE_CURVE_WITH_KNOTS('',3,(#3375,#3376,#3377,#3378),
 .UNSPECIFIED.,.F.,.F.,(4,4),(-1.3093491532321,-1.1797960204274),
 .UNSPECIFIED.);
#691=B_SPLINE_CURVE_WITH_KNOTS('',3,(#3384,#3385,#3386,#3387,#3388,#3389,
#3390,#3391),.UNSPECIFIED.,.F.,.F.,(4,2,2,4),(-0.375300518831257,-0.3034000418974,
-0.14601458764148,-0.102037754333458),.UNSPECIFIED.);
#692=B_SPLINE_CURVE_WITH_KNOTS('',3,(#3421,#3422,#3423,#3424,#3425),
 .UNSPECIFIED.,.F.,.F.,(4,1,4),(0.,0.0645232247703393,0.150554191130792),
 .UNSPECIFIED.);
#693=B_SPLINE_CURVE_WITH_KNOTS('',3,(#3433,#3434,#3435,#3436,#3437,#3438),
 .UNSPECIFIED.,.F.,.F.,(4,1,1,4),(0.,0.0645237860659202,0.1075396434432,
0.150555500820481),.UNSPECIFIED.);
#694=B_SPLINE_CURVE_WITH_KNOTS('',3,(#3459,#3460,#3461,#3462,#3463,#3464,
#3465,#3466),.UNSPECIFIED.,.F.,.F.,(4,2,2,4),(-1.7579385040044,-1.67625430257153,
-1.52620132816374,-1.4763887537738),.UNSPECIFIED.);
#695=B_SPLINE_CURVE_WITH_KNOTS('',3,(#3471,#3472,#3473,#3474,#3475,#3476,
#3477,#3478),.UNSPECIFIED.,.F.,.F.,(4,2,2,4),(-3.62886748598409,-3.58121924057116,
-3.40116537809349,-3.28097852004827),.UNSPECIFIED.);
#696=B_SPLINE_CURVE_WITH_KNOTS('',3,(#3482,#3483,#3484,#3485,#3486,#3487,
#3488,#3489,#3490,#3491),.UNSPECIFIED.,.F.,.F.,(4,2,2,2,4),(0.331452357212923,
0.370514306053376,0.445201684769327,0.52070783687349,0.596213988977652),
 .UNSPECIFIED.);
#697=B_SPLINE_CURVE_WITH_KNOTS('',3,(#3493,#3494,#3495,#3496,#3497,#3498,
#3499,#3500,#3501,#3502),.UNSPECIFIED.,.F.,.F.,(4,2,2,2,4),(1.79589748515044,
1.8714036372546,1.94690978935877,2.02159716807472,2.06065911691517),
 .UNSPECIFIED.);
#698=B_SPLINE_CURVE_WITH_KNOTS('',3,(#3503,#3504,#3505,#3506,#3507,#3508,
#3509,#3510),.UNSPECIFIED.,.F.,.F.,(4,2,2,4),(-2.48729512285954,-2.47741504900795,
-2.33655425436855,-2.2006417668985),.UNSPECIFIED.);
#699=B_SPLINE_CURVE_WITH_KNOTS('',3,(#3544,#3545,#3546,#3547,#3548,#3549,
#3550,#3551,#3552,#3553,#3554,#3555,#3556,#3557,#3558,#3559,#3560,#3561,
#3562,#3563,#3564,#3565,#3566,#3567,#3568,#3569),.UNSPECIFIED.,.F.,.F.,
(4,2,2,2,2,2,2,2,2,2,2,2,4),(-0.643011513170928,-0.637493622383053,-0.633133550016695,
-0.6298489378703,-0.626588067345176,-0.623342497062765,-0.617831570318074,
-0.603027257494202,-0.559586492917081,-0.494191317953963,-0.436546568455976,
-0.366193937802003,-0.307324281592257),.UNSPECIFIED.);
#700=B_SPLINE_CURVE_WITH_KNOTS('',3,(#3571,#3572,#3573,#3574,#3575,#3576,
#3577,#3578,#3579,#3580,#3581,#3582,#3583,#3584,#3585,#3586,#3587,#3588,
#3589,#3590,#3591,#3592,#3593,#3594,#3595,#3596,#3597,#3598,#3599,#3600,
#3601,#3602),.UNSPECIFIED.,.F.,.F.,(4,2,2,2,2,2,2,2,2,2,2,2,2,2,2,4),(-0.570817632942248,
-0.49981682136069,-0.431024434971004,-0.370135813290144,-0.318048328656946,
-0.286149157727082,-0.271112135747278,-0.264163543843537,-0.258911796584468,
-0.253285867739561,-0.244482493694216,-0.21977105481633,-0.157341281256826,
-0.0945282508275142,-0.023635179416409,0.),.UNSPECIFIED.);
#701=B_SPLINE_CURVE_WITH_KNOTS('',3,(#3603,#3604,#3605,#3606,#3607,#3608,
#3609,#3610,#3611,#3612,#3613,#3614,#3615,#3616,#3617,#3618,#3619,#3620,
#3621,#3622,#3623,#3624,#3625,#3626),.UNSPECIFIED.,.F.,.F.,(4,2,2,2,2,2,
2,2,2,2,2,4),(-0.307324281592257,-0.299565411409478,-0.231426531120399,
-0.162948801279745,-0.0987953212741349,-0.0508318807864428,-0.0236319464632114,
-0.017099194956615,-0.013349896082772,-0.0104358231812353,-0.00662567731730423,
0.),.UNSPECIFIED.);
#702=B_SPLINE_CURVE_WITH_KNOTS('',1,(#3628,#3629),.UNSPECIFIED.,.F.,.F.,
(2,2),(0.935102935026571,3.20736901439609),.UNSPECIFIED.);
#703=B_SPLINE_CURVE_WITH_KNOTS('',3,(#3631,#3632,#3633,#3634,#3635,#3636),
 .UNSPECIFIED.,.F.,.F.,(4,2,4),(-0.23071835990919,-0.165273916786567,-0.141959030368235),
 .UNSPECIFIED.);
#704=B_SPLINE_CURVE_WITH_KNOTS('',3,(#3638,#3639,#3640,#3641,#3642,#3643,
#3644,#3645,#3646,#3647),.UNSPECIFIED.,.F.,.F.,(4,2,2,2,4),(-0.755391586669386,
-0.6811590426065,-0.608767710148431,-0.541382490791507,-0.492352151307317),
 .UNSPECIFIED.);
#705=B_SPLINE_CURVE_WITH_KNOTS('',3,(#3649,#3650,#3651,#3652,#3653,#3654,
#3655,#3656,#3657,#3658,#3659,#3660,#3661,#3662,#3663,#3664),
 .UNSPECIFIED.,.F.,.F.,(4,2,2,2,2,2,2,4),(-0.434112556532578,-0.374596326938686,
-0.330040389111292,-0.266820904305911,-0.200829201095148,-0.131946462547123,
-0.0626157491075899,0.),.UNSPECIFIED.);
#706=B_SPLINE_CURVE_WITH_KNOTS('',3,(#3666,#3667,#3668,#3669,#3670,#3671,
#3672,#3673,#3674,#3675),.UNSPECIFIED.,.F.,.F.,(4,2,2,2,4),(-0.2666536333316,
-0.243988512881458,-0.159596076376445,-0.0702907251610096,0.),
 .UNSPECIFIED.);
#707=B_SPLINE_CURVE_WITH_KNOTS('',3,(#3676,#3677,#3678,#3679,#3680,#3681,
#3682,#3683),.UNSPECIFIED.,.F.,.F.,(4,2,2,4),(-0.141959030368235,-0.109754605807235,
-0.0574108839630295,0.),.UNSPECIFIED.);
#708=B_SPLINE_CURVE_WITH_KNOTS('',3,(#3865,#3866,#3867,#3868,#3869,#3870,
#3871,#3872,#3873),.UNSPECIFIED.,.F.,.F.,(4,2,2,1,4),(0.000518886117975866,
0.0129244563235128,0.0258489126470255,0.051697825294051,0.0586984969653831),
 .UNSPECIFIED.);
#709=B_SPLINE_CURVE_WITH_KNOTS('',3,(#3875,#3876,#3877,#3878),
 .UNSPECIFIED.,.F.,.F.,(4,4),(0.,0.000518886117975866),.UNSPECIFIED.);
#710=B_SPLINE_CURVE_WITH_KNOTS('',3,(#3880,#3881,#3882,#3883,#3884,#3885,
#3886,#3887,#3888),.UNSPECIFIED.,.F.,.F.,(4,1,1,1,1,1,4),(0.,0.125,0.25,
0.5,0.75,0.875,1.),.UNSPECIFIED.);
#711=B_SPLINE_CURVE_WITH_KNOTS('',3,(#3890,#3891,#3892,#3893,#3894,#3895,
#3896,#3897,#3898),.UNSPECIFIED.,.F.,.F.,(4,1,2,2,4),(-0.103395650588102,
-0.051697825294051,-0.0258489126470255,-0.0129244563235128,0.),
 .UNSPECIFIED.);
#712=B_SPLINE_CURVE_WITH_KNOTS('',3,(#3900,#3901,#3902,#3903,#3904),
 .UNSPECIFIED.,.F.,.F.,(4,1,4),(-0.576398646129255,-0.422318594425187,-0.103395650588102),
 .UNSPECIFIED.);
#713=B_SPLINE_CURVE_WITH_KNOTS('',3,(#3906,#3907,#3908,#3909,#3910,#3911),
 .UNSPECIFIED.,.F.,.F.,(4,2,4),(-0.300088682843562,-0.147824758542134,0.),
 .UNSPECIFIED.);
#714=B_SPLINE_CURVE_WITH_KNOTS('',3,(#3912,#3913,#3914,#3915,#3916),
 .UNSPECIFIED.,.F.,.F.,(4,1,4),(0.141447787684641,0.422318594425187,0.559462622681175),
 .UNSPECIFIED.);
#715=B_SPLINE_CURVE_WITH_KNOTS('',3,(#4083,#4084,#4085,#4086),
 .UNSPECIFIED.,.F.,.F.,(4,4),(0.0525184218432975,0.0670023357094771),
 .UNSPECIFIED.);
#716=B_SPLINE_CURVE_WITH_KNOTS('',3,(#4088,#4089,#4090,#4091,#4092,#4093,
#4094,#4095),.UNSPECIFIED.,.F.,.F.,(4,2,2,4),(0.,0.0131296054608244,0.0262592109216488,
0.0525184218432975),.UNSPECIFIED.);
#717=B_SPLINE_CURVE_WITH_KNOTS('',3,(#4097,#4098,#4099,#4100,#4101,#4102,
#4103,#4104,#4105),.UNSPECIFIED.,.F.,.F.,(4,1,1,1,1,1,4),(0.,0.125,0.25,
0.5,0.75,0.875,1.),.UNSPECIFIED.);
#718=B_SPLINE_CURVE_WITH_KNOTS('',3,(#4106,#4107,#4108,#4109,#4110,#4111,
#4112,#4113,#4114),.UNSPECIFIED.,.F.,.F.,(4,1,2,2,4),(-0.0713756117435084,
-0.0525184218432975,-0.0262592109216488,-0.0131296054608244,0.),
 .UNSPECIFIED.);
#719=B_SPLINE_CURVE_WITH_KNOTS('',3,(#4306,#4307,#4308,#4309,#4310,#4311,
#4312,#4313,#4314,#4315,#4316),.UNSPECIFIED.,.F.,.F.,(4,2,2,1,1,1,4),(0.,
0.00755821448549963,0.0151164289709993,0.0302328579419985,0.0604657158839971,
0.304877959815119,0.561189909648858),.UNSPECIFIED.);
#720=B_SPLINE_CURVE_WITH_KNOTS('',3,(#4318,#4319,#4320,#4321,#4322,#4323,
#4324,#4325,#4326,#4327,#4328,#4329,#4330,#4331,#4332,#4333,#4334),
 .UNSPECIFIED.,.F.,.F.,(4,1,1,2,1,1,1,1,2,1,1,1,4),(-2.43257605700386,-2.08870454342436,
-1.91676878663461,-1.57289727305511,-1.42687180651283,-1.28084633997055,
-1.13482087342827,-0.988795406885993,-0.842769940343712,-0.67421595227497,
-0.337107976137485,-0.168553988068742,0.),.UNSPECIFIED.);
#721=B_SPLINE_CURVE_WITH_KNOTS('',3,(#4336,#4337,#4338,#4339),
 .UNSPECIFIED.,.F.,.F.,(4,4),(0.706462647219613,0.790458676564743),
 .UNSPECIFIED.);
#722=B_SPLINE_CURVE_WITH_KNOTS('',3,(#4341,#4342,#4343,#4344,#4345,#4346,
#4347,#4348,#4349,#4350,#4351,#4352,#4353,#4354,#4355,#4356,#4357),
 .UNSPECIFIED.,.F.,.F.,(4,1,1,2,1,1,1,2,2,1,1,4),(-2.43744997523951,-2.22633902358022,
-2.01522807192092,-1.59300616860232,-1.41912666571701,-1.31479896398583,
-1.17569536167758,-1.03659175936933,-0.856623207829532,-0.428311603914774,
-0.214155801957395,-1.60225599166565E-14),.UNSPECIFIED.);
#723=B_SPLINE_CURVE_WITH_KNOTS('',3,(#4358,#4359,#4360,#4361,#4362,#4363,
#4364,#4365,#4366,#4367,#4368),.UNSPECIFIED.,.F.,.F.,(4,1,1,1,2,2,4),(0.922856211311992,
1.32095892131256,1.56537502222075,1.58362193658594,1.59274539376854,1.59730712235984,
1.60186885095114),.UNSPECIFIED.);
#724=B_SPLINE_CURVE_WITH_KNOTS('',3,(#4370,#4371,#4372,#4373),
 .UNSPECIFIED.,.F.,.F.,(4,4),(0.1172952504689,0.250127498165664),
 .UNSPECIFIED.);
#725=B_SPLINE_CURVE_WITH_KNOTS('',3,(#4375,#4376,#4377,#4378,#4379,#4380,
#4381,#4382,#4383,#4384,#4385,#4386,#4387,#4388,#4389,#4390,#4391,#4392,
#4393,#4394,#4395,#4396,#4397,#4398,#4399,#4400,#4401,#4402),
 .UNSPECIFIED.,.F.,.F.,(4,2,2,1,1,2,1,1,1,2,1,1,1,2,1,1,2,2,4),(-5.53627311923124,
-5.29134815464654,-5.12118779031078,-4.76373982753752,-4.58501584615088,
-4.40629186476425,-4.21375015660408,-4.02120844844392,-3.63612503212359,
-2.86595819948293,-2.47750142569269,-2.08904465190245,-1.70058787811222,
-1.31213110432198,-1.0564656652431,-0.800800226164225,-0.289469348006473,
-0.15598027778308,0.),.UNSPECIFIED.);
#726=B_SPLINE_CURVE_WITH_KNOTS('',3,(#4403,#4404,#4405,#4406,#4407),
 .UNSPECIFIED.,.F.,.F.,(4,1,4),(-0.253609155325539,-0.105036843686595,-0.101846867522658),
 .UNSPECIFIED.);
#727=B_SPLINE_CURVE_WITH_KNOTS('',3,(#4671,#4672,#4673,#4674,#4675,#4676,
#4677,#4678,#4679,#4680,#4681,#4682,#4683,#4684,#4685,#4686,#4687,#4688,
#4689,#4690,#4691,#4692,#4693,#4694,#4695,#4696,#4697,#4698,#4699,#4700,
#4701,#4702,#4703,#4704,#4705,#4706,#4707,#4708,#4709,#4710,#4711,#4712,
#4713,#4714,#4715,#4716,#4717,#4718,#4719,#4720,#4721,#4722,#4723,#4724,
#4725,#4726,#4727,#4728,#4729,#4730,#4731,#4732,#4733,#4734,#4735,#4736,
#4737,#4738,#4739,#4740,#4741,#4742,#4743,#4744,#4745,#4746,#4747,#4748,
#4749,#4750,#4751,#4752,#4753,#4754,#4755,#4756,#4757,#4758,#4759,#4760,
#4761,#4762,#4763,#4764,#4765,#4766,#4767),.UNSPECIFIED.,.F.,.F.,(4,3,3,
3,3,3,3,3,3,3,3,3,3,3,3,3,3,3,3,3,3,3,3,3,3,3,3,3,3,3,3,3,4),(1.80030802600704,
1.83982109549784,1.87933416498863,1.91884723447943,1.95836030397022,2.03738644295181,
2.07689951244261,2.1164125819334,2.19543872091499,2.27446485989658,2.39300406836897,
2.59056941582295,2.7153304796228,2.77771101152273,2.84009154342265,2.87128180937262,
2.8868769423476,2.90247207532258,2.9648526072225,2.99604287317247,3.02723313912243,
3.03503070560992,3.04282827209741,3.05842340507239,3.08961367102236,3.15199420292228,
3.21437473482221,3.35205543380258,3.48973613278295,3.62741683176332,3.76509753074369,
3.83393788023387,3.8713961105399),.UNSPECIFIED.);
#728=B_SPLINE_CURVE_WITH_KNOTS('',3,(#4768,#4769,#4770,#4771),
 .UNSPECIFIED.,.F.,.F.,(4,4),(3.8713961105399,3.90277822971439),
 .UNSPECIFIED.);
#729=B_SPLINE_CURVE_WITH_KNOTS('',3,(#4772,#4773,#4774,#4775,#4776,#4777,
#4778,#4779,#4780,#4781,#4782,#4783,#4784,#4785,#4786,#4787,#4788,#4789,
#4790,#4791,#4792,#4793,#4794,#4795,#4796,#4797,#4798,#4799,#4800,#4801,
#4802,#4803,#4804,#4805,#4806,#4807,#4808),.UNSPECIFIED.,.T.,.F.,(4,1,1,
1,1,1,2,1,1,1,1,1,1,1,1,1,1,1,1,1,1,2,1,1,1,1,1,1,1,1,1,1,4),(-3.90277822971439,
-3.83393788022452,-3.76509753073466,-3.62741683175492,-3.48973613277518,
-3.35205543379544,-3.21437473481571,-3.15199420291607,-3.08961367101643,
-3.05842340506661,-3.0428282720917,-3.03503070560424,-3.02723313911679,
-2.99604287316697,-2.96485260721715,-2.90247207531751,-2.8868769423426,
-2.87128180936769,-2.84009154341787,-2.77771101151823,-2.71533047961859,
-2.59056941581931,-2.39300406836625,-2.2744648598944,-2.19543872091318,
-2.11641258193195,-2.07689951244134,-2.03738644295072,-1.9583603039695,
-1.91884723447888,-1.87933416498827,-1.83982109549765,-1.80030802600704),
 .UNSPECIFIED.);
#730=B_SPLINE_CURVE_WITH_KNOTS('',3,(#4962,#4963,#4964,#4965,#4966,#4967,
#4968,#4969,#4970,#4971,#4972),.UNSPECIFIED.,.F.,.F.,(4,1,1,2,2,1,4),(1.60225599166565E-14,
0.214155801957395,0.428311603914774,0.856623207829532,1.03659175936933,
1.17569536167758,1.29704142984671),.UNSPECIFIED.);
#731=B_SPLINE_CURVE_WITH_KNOTS('',3,(#4974,#4975,#4976,#4977,#4978,#4979,
#4980,#4981,#4982,#4983),.UNSPECIFIED.,.F.,.F.,(4,1,1,1,1,2,4),(0.,0.130598433553618,
0.261196867107236,0.391795300660855,0.522393734214473,0.652992167768091,
0.808493521571262),.UNSPECIFIED.);
#732=B_SPLINE_CURVE_WITH_KNOTS('',3,(#4984,#4985,#4986,#4987,#4988,#4989,
#4990,#4991,#4992,#4993),.UNSPECIFIED.,.F.,.F.,(4,1,1,2,1,1,4),(1.29704142984671,
1.31479896398583,1.41912666571701,1.59300616860232,2.01522807192092,2.22633902358022,
2.43744997523951),.UNSPECIFIED.);
#733=B_SPLINE_CURVE_WITH_KNOTS('',3,(#5289,#5290,#5291,#5292,#5293,#5294,
#5295,#5296),.UNSPECIFIED.,.F.,.F.,(4,2,2,4),(-0.712715717763973,-0.583184682868165,
-0.503158314321949,-0.413160214092141),.UNSPECIFIED.);
#734=B_SPLINE_CURVE_WITH_KNOTS('',3,(#5298,#5299,#5300,#5301,#5302,#5303,
#5304,#5305,#5306,#5307,#5308,#5309,#5310,#5311,#5312,#5313,#5314,#5315),
 .UNSPECIFIED.,.F.,.F.,(4,2,2,2,2,2,2,2,4),(-3.931834010373,-3.91279166815507,
-3.89757840084464,-3.8864409086991,-3.87608925600987,-3.85897126613606,
-3.8101280233464,-3.73217526030625,-3.66567751545339),.UNSPECIFIED.);
#735=B_SPLINE_CURVE_WITH_KNOTS('',3,(#5317,#5318,#5319,#5320,#5321,#5322,
#5323,#5324,#5325,#5326,#5327,#5328,#5329,#5330,#5331,#5332,#5333,#5334),
 .UNSPECIFIED.,.F.,.F.,(4,2,2,2,2,2,2,2,4),(-3.43107858712263,-3.40252569582675,
-3.37938109224208,-3.3591135792729,-3.33273822493522,-3.24338916806213,
-3.17005919591277,-3.09909011082795,-3.08470515004445),.UNSPECIFIED.);
#736=B_SPLINE_CURVE_WITH_KNOTS('',3,(#5336,#5337,#5338,#5339,#5340,#5341,
#5342,#5343,#5344,#5345,#5346,#5347,#5348,#5349,#5350,#5351,#5352,#5353,
#5354,#5355,#5356,#5357,#5358,#5359,#5360,#5361,#5362,#5363,#5364,#5365,
#5366,#5367),.UNSPECIFIED.,.F.,.F.,(4,2,2,2,2,2,2,2,2,2,2,2,2,2,2,4),(-2.39101612931127,
-2.29737184787207,-2.05379040106809,-1.88059551399129,-1.81440800985899,
-1.78023763148549,-1.74974129934835,-1.707552573579,-1.57259982384517,-1.56273431395535,
-1.54873102030564,-1.52877246226487,-1.50089824764503,-1.41377663539238,
-1.15568509151429,-1.03075712999939),.UNSPECIFIED.);
#737=B_SPLINE_CURVE_WITH_KNOTS('',3,(#5369,#5370,#5371,#5372,#5373,#5374,
#5375,#5376,#5377,#5378,#5379,#5380,#5381,#5382,#5383,#5384),
 .UNSPECIFIED.,.F.,.F.,(4,2,2,2,2,2,2,4),(-2.58257511272178,-2.48085667568044,
-2.38093655826366,-2.27574012464268,-2.20164175426185,-2.1395117347324,
-2.01871261794204,-1.95400438920423),.UNSPECIFIED.);
#738=B_SPLINE_CURVE_WITH_KNOTS('',3,(#5386,#5387,#5388,#5389,#5390,#5391),
 .UNSPECIFIED.,.F.,.F.,(4,2,4),(-0.279357645205304,-0.144914119639802,-2.05391259555654E-15),
 .UNSPECIFIED.);
#739=B_SPLINE_CURVE_WITH_KNOTS('',3,(#5393,#5394,#5395,#5396),
 .UNSPECIFIED.,.F.,.F.,(4,4),(-0.424204902044897,-0.313170331036676),
 .UNSPECIFIED.);
#740=B_SPLINE_CURVE_WITH_KNOTS('',3,(#5398,#5399,#5400,#5401,#5402,#5403,
#5404,#5405,#5406,#5407,#5408,#5409,#5410,#5411,#5412,#5413,#5414,#5415,
#5416,#5417,#5418,#5419,#5420,#5421),.UNSPECIFIED.,.F.,.F.,(4,2,2,2,2,2,
2,2,2,2,2,4),(-0.831420463974948,-0.741662341687634,-0.655666422198277,
-0.592638864547497,-0.552132692730673,-0.480396110334168,-0.410210779972161,
-0.361775072487396,-0.334335126013528,-0.309588989640448,-0.276429693949007,
-0.192623989765577),.UNSPECIFIED.);
#741=B_SPLINE_CURVE_WITH_KNOTS('',3,(#5423,#5424,#5425,#5426,#5427,#5428,
#5429,#5430,#5431,#5432),.UNSPECIFIED.,.F.,.F.,(4,2,2,2,4),(-0.788734546534677,
-0.502981497881596,-0.385969628241819,-0.265176599717291,-0.229402613022276),
 .UNSPECIFIED.);
#742=B_SPLINE_CURVE_WITH_KNOTS('',3,(#5433,#5434,#5435,#5436,#5437,#5438),
 .UNSPECIFIED.,.F.,.F.,(4,2,4),(-0.291408865952505,-0.15065988956072,0.),
 .UNSPECIFIED.);
#743=B_SPLINE_CURVE_WITH_KNOTS('',3,(#5439,#5440,#5441,#5442,#5443,#5444,
#5445,#5446,#5447,#5448,#5449,#5450,#5451,#5452,#5453,#5454,#5455,#5456,
#5457,#5458,#5459),.UNSPECIFIED.,.F.,.F.,(4,2,2,1,1,1,1,1,1,1,1,1,2,2,4),
(0.,0.0078848677663782,0.0157697355327564,0.0315394710655128,0.0630789421310256,
0.123741575000492,0.609482467030868,1.11752294777959,1.6255634285283,2.11109172472446,
2.17255298400716,2.19116061876244,2.20046443614008,2.2051163448289,2.20976825351772),
 .UNSPECIFIED.);
#744=B_SPLINE_CURVE_WITH_KNOTS('',3,(#5461,#5462,#5463,#5464,#5465,#5466,
#5467,#5468,#5469,#5470,#5471,#5472,#5473,#5474,#5475,#5476,#5477,#5478,
#5479,#5480,#5481,#5482,#5483,#5484,#5485,#5486,#5487,#5488,#5489),
 .UNSPECIFIED.,.T.,.F.,(4,1,1,1,1,1,1,1,1,2,1,1,1,1,1,1,1,1,1,1,2,1,1,1,
4),(-1.92769602001508,-1.87204082467229,-1.84421322700089,-1.81638562932949,
-1.7607304339867,-1.7050752386439,-1.64942004330111,-1.59376484795831,-1.51028205494412,
-1.37114406658714,-1.21292925573441,-1.13382185030805,-1.05471444488169,
-0.975607039455326,-0.936053336742145,-0.896499634028963,-0.856945931315782,
-0.817392228602601,-0.738284823176238,-0.659177417749876,-0.580070012323513,
-0.399220244585507,-0.308795360716503,-0.2183704768475,-0.127945592978497),
 .UNSPECIFIED.);
#745=B_SPLINE_CURVE_WITH_KNOTS('',3,(#5492,#5493,#5494,#5495,#5496,#5497,
#5498,#5499,#5500,#5501,#5502,#5503,#5504,#5505,#5506,#5507,#5508,#5509,
#5510,#5511,#5512,#5513,#5514,#5515,#5516,#5517),.UNSPECIFIED.,.F.,.F.,
(4,2,2,2,2,2,2,2,2,2,2,2,4),(-2.09987524088624,-2.00221001906504,-1.94677791234156,
-1.9239633046594,-1.9132077482679,-1.90489655873902,-1.895753637961,-1.88079726439919,
-1.83243190041447,-1.76630446974712,-1.67228338543942,-1.34866100653547,
-1.20457371560609),.UNSPECIFIED.);
#746=B_SPLINE_CURVE_WITH_KNOTS('',3,(#5518,#5519,#5520,#5521,#5522,#5523,
#5524,#5525,#5526,#5527,#5528,#5529,#5530,#5531,#5532,#5533,#5534,#5535,
#5536,#5537,#5538,#5539,#5540,#5541,#5542,#5543),.UNSPECIFIED.,.F.,.F.,
(4,2,2,2,2,2,2,2,2,2,2,2,4),(-1.20457371560609,-1.11119553969404,-0.967386225595759,
-0.88061531607201,-0.810538424919464,-0.768326842942897,-0.731360306204007,
-0.686536032256317,-0.613318088970498,-0.497161406845727,-0.344744188595915,
-0.137297629859166,0.),.UNSPECIFIED.);
#747=B_SPLINE_CURVE_WITH_KNOTS('',3,(#5750,#5751,#5752,#5753,#5754,#5755,
#5756),.UNSPECIFIED.,.F.,.F.,(4,3,4),(0.127945592978497,0.143279102862577,
0.157017171266908),.UNSPECIFIED.);
#748=B_SPLINE_CURVE_WITH_KNOTS('',3,(#5757,#5758,#5759,#5760,#5761,#5762,
#5763,#5764,#5765,#5766,#5767,#5768,#5769,#5770,#5771,#5772,#5773,#5774,
#5775,#5776,#5777,#5778,#5779,#5780,#5781,#5782,#5783,#5784,#5785,#5786,
#5787,#5788,#5789,#5790,#5791,#5792,#5793,#5794,#5795,#5796,#5797,#5798,
#5799,#5800,#5801,#5802,#5803,#5804,#5805,#5806,#5807,#5808,#5809,#5810,
#5811,#5812,#5813,#5814,#5815,#5816,#5817,#5818,#5819,#5820,#5821,#5822,
#5823,#5824,#5825,#5826,#5827,#5828,#5829),.UNSPECIFIED.,.F.,.F.,(4,3,3,
3,3,3,3,3,3,3,3,3,3,3,3,3,3,3,3,3,3,3,3,3,4),(0.157017171266908,0.218370476846364,
0.308795360715427,0.399220244584491,0.580070012322618,0.659177417749033,
0.738284823175448,0.817392228601863,0.85694593131507,0.896499634028278,
0.936053336741486,0.975607039454693,1.05471444488111,1.13382185030752,1.21292925573394,
1.37114406658677,1.51028205494385,1.59376484795809,1.64942004330092,1.70507523864375,
1.76073043398659,1.81638562932942,1.84421322700083,1.87204082467225,1.92769602001508),
 .UNSPECIFIED.);
#749=B_SPLINE_CURVE_WITH_KNOTS('',3,(#5998,#5999,#6000,#6001,#6002,#6003,
#6004,#6005,#6006,#6007,#6008),.UNSPECIFIED.,.F.,.F.,(4,1,1,1,2,1,1,4),
(0.,0.168553988068742,0.337107976137485,0.67421595227497,0.842769940343712,
0.988795406885993,1.13482087342827,1.1439735470438),.UNSPECIFIED.);
#750=B_SPLINE_CURVE_WITH_KNOTS('',3,(#6010,#6011,#6012,#6013,#6014,#6015,
#6016),.UNSPECIFIED.,.F.,.F.,(4,1,1,1,4),(3.02648806846451E-14,0.224718070956158,
0.449436141912286,0.56179517739035,0.786513248346478),.UNSPECIFIED.);
#751=B_SPLINE_CURVE_WITH_KNOTS('',3,(#6017,#6018,#6019,#6020,#6021,#6022,
#6023,#6024,#6025,#6026),.UNSPECIFIED.,.F.,.F.,(4,1,1,2,1,1,4),(1.1440273571392,
1.28084633997055,1.42687180651283,1.57289727305511,1.91676878663461,2.08870454342436,
2.43257605700386),.UNSPECIFIED.);
#752=B_SPLINE_CURVE_WITH_KNOTS('',3,(#6176,#6177,#6178,#6179,#6180,#6181,
#6182),.UNSPECIFIED.,.F.,.F.,(4,1,1,1,4),(-0.786513248346478,-0.56179517739035,
-0.449436141912286,-0.224718070956158,-3.02648806846451E-14),
 .UNSPECIFIED.);
#753=B_SPLINE_CURVE_WITH_KNOTS('',3,(#6235,#6236,#6237,#6238,#6239,#6240),
 .UNSPECIFIED.,.F.,.F.,(4,2,4),(0.000644264385261047,0.000848488125263219,
0.00160323860740148),.UNSPECIFIED.);
#754=B_SPLINE_CURVE_WITH_KNOTS('',3,(#6241,#6242,#6243,#6244,#6245,#6246,
#6247,#6248),.UNSPECIFIED.,.F.,.F.,(4,1,1,1,1,4),(-0.606370018220889,-0.522393734214473,
-0.391795300660855,-0.261196867107236,-0.130598433553618,0.),
 .UNSPECIFIED.);
#755=B_SPLINE_CURVE_WITH_KNOTS('',3,(#6252,#6253,#6254,#6255,#6256,#6257),
 .UNSPECIFIED.,.F.,.F.,(4,2,4),(-0.808493521571262,-0.652992167768091,-0.608793150371667),
 .UNSPECIFIED.);
#756=B_SPLINE_CURVE_WITH_KNOTS('',3,(#6258,#6259,#6260,#6261,#6262,#6263),
 .UNSPECIFIED.,.F.,.F.,(4,2,4),(-0.000415123551545567,0.,0.00110899770064304),
 .UNSPECIFIED.);
#757=B_SPLINE_CURVE_WITH_KNOTS('',3,(#6705,#6706,#6707,#6708,#6709,#6710,
#6711,#6712,#6713,#6714,#6715,#6716,#6717,#6718,#6719,#6720),
 .UNSPECIFIED.,.F.,.F.,(4,2,2,1,1,1,1,1,1,1,1,4),(0.,0.0643265671614349,
0.12865313432287,0.25730626864574,0.514612537291479,1.01461253729148,1.51461253729148,
2.51461253729149,3.51461253729149,4.51461253729149,5.51461253729149,6.51461253729149),
 .UNSPECIFIED.);
#758=B_SPLINE_CURVE_WITH_KNOTS('',3,(#6721,#6722,#6723,#6724,#6725,#6726,
#6727,#6728,#6729,#6730,#6731,#6732,#6733,#6734,#6735,#6736),
 .UNSPECIFIED.,.F.,.F.,(4,1,1,1,1,1,1,1,1,2,2,4),(-6.51461253729149,-5.51461253729149,
-4.51461253729149,-3.51461253729149,-2.51461253729149,-1.51461253729148,
-1.01461253729148,-0.514612537291479,-0.25730626864574,-0.12865313432287,
-0.0643265671614349,0.),.UNSPECIFIED.);
#759=B_SPLINE_CURVE_WITH_KNOTS('',3,(#6738,#6739,#6740,#6741),
 .UNSPECIFIED.,.F.,.F.,(4,4),(-1.1060730653372,-0.137201440236911),
 .UNSPECIFIED.);
#760=B_SPLINE_CURVE_WITH_KNOTS('',3,(#6743,#6744,#6745,#6746),
 .UNSPECIFIED.,.F.,.F.,(4,4),(-1.55704405191411,-1.42388889425457),
 .UNSPECIFIED.);
#761=B_SPLINE_CURVE_WITH_KNOTS('',3,(#6748,#6749,#6750,#6751),
 .UNSPECIFIED.,.F.,.F.,(4,4),(-0.454242183536665,-0.448556871010524),
 .UNSPECIFIED.);
#762=B_SPLINE_CURVE_WITH_KNOTS('',3,(#6753,#6754,#6755,#6756,#6757,#6758),
 .UNSPECIFIED.,.F.,.F.,(4,2,4),(-0.484185710401666,-0.183879967462188,-0.0887921368025985),
 .UNSPECIFIED.);
#763=B_SPLINE_CURVE_WITH_KNOTS('',3,(#6760,#6761,#6762,#6763),
 .UNSPECIFIED.,.F.,.F.,(4,4),(-0.451532860156557,-0.411172994661544),
 .UNSPECIFIED.);
#764=B_SPLINE_CURVE_WITH_KNOTS('',3,(#6765,#6766,#6767,#6768),
 .UNSPECIFIED.,.F.,.F.,(4,4),(-35.2997524343615,-34.3290467113244),
 .UNSPECIFIED.);
#765=B_SPLINE_CURVE_WITH_KNOTS('',3,(#6769,#6770,#6771,#6772,#6773,#6774),
 .UNSPECIFIED.,.F.,.F.,(4,2,4),(-2.27225622837125,-2.23555916621184,-1.63296144403991),
 .UNSPECIFIED.);
#766=B_SPLINE_CURVE_WITH_KNOTS('',3,(#6801,#6802,#6803,#6804,#6805,#6806,
#6807,#6808,#6809,#6810,#6811,#6812),.UNSPECIFIED.,.F.,.F.,(4,2,2,2,2,4),
(0.,0.0632041011060589,0.135253233249166,0.222869485031342,0.277485548266832,
0.280745716437008),.UNSPECIFIED.);
#767=B_SPLINE_CURVE_WITH_KNOTS('',3,(#6814,#6815,#6816,#6817,#6818),
 .UNSPECIFIED.,.F.,.F.,(4,1,4),(2.2545242100023,2.55109665802085,2.77358374429834),
 .UNSPECIFIED.);
#768=B_SPLINE_CURVE_WITH_KNOTS('',3,(#6820,#6821,#6822,#6823,#6824,#6825,
#6826,#6827,#6828,#6829,#6830,#6831),.UNSPECIFIED.,.F.,.F.,(4,2,2,2,2,4),
(0.,0.0585762801976083,0.114632765381149,0.177037239628274,0.253661417093576,
0.306374256818689),.UNSPECIFIED.);
#769=B_SPLINE_CURVE_WITH_KNOTS('',3,(#6832,#6833,#6834,#6835),
 .UNSPECIFIED.,.F.,.F.,(4,4),(-2.76888866367461,-2.75477559822921),
 .UNSPECIFIED.);
#770=B_SPLINE_CURVE_WITH_KNOTS('',3,(#7080,#7081,#7082,#7083),
 .UNSPECIFIED.,.F.,.F.,(4,4),(-0.646357600289744,-0.0782586905998157),
 .UNSPECIFIED.);
#771=B_SPLINE_CURVE_WITH_KNOTS('',3,(#7085,#7086,#7087,#7088,#7089,#7090,
#7091,#7092,#7093,#7094),.UNSPECIFIED.,.F.,.F.,(4,2,2,2,4),(-0.260802652585724,
-0.203249257494841,-0.14661440863254,-0.0729819125632646,0.),
 .UNSPECIFIED.);
#772=B_SPLINE_CURVE_WITH_KNOTS('',3,(#7096,#7097,#7098,#7099),
 .UNSPECIFIED.,.F.,.F.,(4,4),(-0.568101028931171,0.),.UNSPECIFIED.);
#773=B_SPLINE_CURVE_WITH_KNOTS('',3,(#7103,#7104,#7105,#7106,#7107,#7108,
#7109,#7110,#7111,#7112,#7113,#7114,#7115,#7116,#7117,#7118,#7119,#7120,
#7121,#7122,#7123,#7124),.UNSPECIFIED.,.F.,.F.,(4,2,2,2,2,2,2,2,2,2,4),
(-5.57826916332954,-5.20729423302748,-4.97438388670761,-4.94217192130632,
-4.34208763692666,-4.20024838992023,-3.7033298703694,-3.49624790953784,
-3.34287658602078,-3.25217360821954,-2.89449580388399),.UNSPECIFIED.);
#774=B_SPLINE_CURVE_WITH_KNOTS('',3,(#7128,#7129,#7130,#7131,#7132,#7133,
#7134),.UNSPECIFIED.,.F.,.F.,(4,3,4),(-0.580536531530306,-0.426622972418767,
-0.396031643033739),.UNSPECIFIED.);
#775=B_SPLINE_CURVE_WITH_KNOTS('',3,(#7136,#7137,#7138,#7139),
 .UNSPECIFIED.,.F.,.F.,(4,4),(-0.646291918472413,-0.448624555641356),
 .UNSPECIFIED.);
#776=B_SPLINE_CURVE_WITH_KNOTS('',3,(#7141,#7142,#7143,#7144),
 .UNSPECIFIED.,.F.,.F.,(4,4),(-0.814101490503406,-0.0499079554887223),
 .UNSPECIFIED.);
#777=B_SPLINE_CURVE_WITH_KNOTS('',3,(#7146,#7147,#7148,#7149,#7150,#7151,
#7152,#7153,#7154,#7155),.UNSPECIFIED.,.F.,.F.,(4,3,3,4),(-0.332924314796183,
-0.312499531853399,-0.289862635029275,-0.288153806037305),.UNSPECIFIED.);
#778=B_SPLINE_CURVE_WITH_KNOTS('',3,(#7157,#7158,#7159,#7160,#7161,#7162,
#7163,#7164),.UNSPECIFIED.,.F.,.F.,(4,2,2,4),(-0.165545121705148,-0.118751627406267,
-0.0720434528367479,0.),.UNSPECIFIED.);
#779=B_SPLINE_CURVE_WITH_KNOTS('',3,(#7166,#7167,#7168,#7169,#7170,#7171,
#7172,#7173,#7174,#7175),.UNSPECIFIED.,.F.,.F.,(4,3,3,4),(-0.108882832573406,
-0.0869346483712291,-0.0781511194806085,-0.0747526309148582),
 .UNSPECIFIED.);
#780=B_SPLINE_CURVE_WITH_KNOTS('',3,(#7177,#7178,#7179,#7180),
 .UNSPECIFIED.,.F.,.F.,(4,4),(-0.812903566831644,-0.455125719358019),
 .UNSPECIFIED.);
#781=B_SPLINE_CURVE_WITH_KNOTS('',3,(#7181,#7182,#7183,#7184),
 .UNSPECIFIED.,.F.,.F.,(4,4),(-0.395534973167584,0.),.UNSPECIFIED.);
#782=B_SPLINE_CURVE_WITH_KNOTS('',3,(#7187,#7188,#7189,#7190),
 .UNSPECIFIED.,.F.,.F.,(4,4),(-0.861990134604728,-0.201208412530525),
 .UNSPECIFIED.);
#783=B_SPLINE_CURVE_WITH_KNOTS('',3,(#7192,#7193,#7194,#7195,#7196,#7197,
#7198,#7199,#7200,#7201,#7202,#7203),.UNSPECIFIED.,.F.,.F.,(4,2,2,2,2,4),
(-0.272472099036096,-0.231484926421016,-0.193011335201342,-0.131004861786755,
-0.0686474307470938,0.),.UNSPECIFIED.);
#784=B_SPLINE_CURVE_WITH_KNOTS('',3,(#7205,#7206,#7207,#7208),
 .UNSPECIFIED.,.F.,.F.,(4,4),(-0.835174286124979,-0.174394483234937),
 .UNSPECIFIED.);
#785=B_SPLINE_CURVE_WITH_KNOTS('',3,(#7209,#7210,#7211,#7212,#7213,#7214,
#7215,#7216,#7217,#7218,#7219,#7220),.UNSPECIFIED.,.F.,.F.,(4,2,2,2,2,4),
(-0.271999722649002,-0.21388593453001,-0.15985585300332,-0.0982748380643028,
-0.0337846995909144,0.),.UNSPECIFIED.);
#786=B_SPLINE_CURVE_WITH_KNOTS('',3,(#7223,#7224,#7225,#7226),
 .UNSPECIFIED.,.F.,.F.,(4,4),(-0.906504567539254,-0.162172051647592),
 .UNSPECIFIED.);
#787=B_SPLINE_CURVE_WITH_KNOTS('',3,(#7228,#7229,#7230,#7231,#7232,#7233,
#7234,#7235,#7236,#7237),.UNSPECIFIED.,.F.,.F.,(4,2,2,2,4),(-0.266863992614531,
-0.20028539510315,-0.136714727556034,-0.0698180095246213,0.),
 .UNSPECIFIED.);
#788=B_SPLINE_CURVE_WITH_KNOTS('',3,(#7239,#7240,#7241,#7242),
 .UNSPECIFIED.,.F.,.F.,(4,4),(-0.87497567209952,-0.130642516344657),
 .UNSPECIFIED.);
#789=B_SPLINE_CURVE_WITH_KNOTS('',3,(#7243,#7244,#7245,#7246,#7247,#7248,
#7249,#7250,#7251,#7252,#7253,#7254),.UNSPECIFIED.,.F.,.F.,(4,2,2,2,2,4),
(-0.266244412808726,-0.217297801841257,-0.170427828665132,-0.103537734909604,
-0.0359820034834976,0.),.UNSPECIFIED.);
#790=B_SPLINE_CURVE_WITH_KNOTS('',3,(#7257,#7258,#7259,#7260),
 .UNSPECIFIED.,.F.,.F.,(4,4),(-0.58670009694466,-0.0501749092077012),
 .UNSPECIFIED.);
#791=B_SPLINE_CURVE_WITH_KNOTS('',3,(#7262,#7263,#7264,#7265,#7266,#7267,
#7268,#7269,#7270,#7271,#7272,#7273,#7274,#7275,#7276,#7277,#7278,#7279,
#7280,#7281,#7282,#7283,#7284,#7285,#7286,#7287,#7288,#7289,#7290,#7291,
#7292,#7293,#7294,#7295,#7296,#7297,#7298,#7299,#7300,#7301,#7302,#7303,
#7304),.UNSPECIFIED.,.F.,.F.,(4,3,3,3,3,3,3,3,3,3,3,3,3,3,4),(-0.332900497955322,
-0.312515312426892,-0.289869279910172,-0.267620131482837,-0.24883500289372,
-0.234386711620915,-0.212256992049755,-0.189731867431224,-0.167092765305545,
-0.15625812467676,-0.133597648993601,-0.110999009459278,-0.0889769500617246,
-0.0781292636906061,-0.0747408996501435),.UNSPECIFIED.);
#792=B_SPLINE_CURVE_WITH_KNOTS('',3,(#7306,#7307,#7308,#7309),
 .UNSPECIFIED.,.F.,.F.,(4,4),(-0.575492203739997,-0.0500965980898275),
 .UNSPECIFIED.);
#793=B_SPLINE_CURVE_WITH_KNOTS('',3,(#7310,#7311,#7312,#7313,#7314,#7315,
#7316,#7317,#7318,#7319,#7320,#7321,#7322,#7323,#7324,#7325,#7326,#7327,
#7328,#7329,#7330,#7331,#7332,#7333,#7334,#7335,#7336,#7337,#7338,#7339,
#7340,#7341,#7342,#7343,#7344,#7345,#7346,#7347,#7348,#7349,#7350,#7351,
#7352,#7353,#7354,#7355),.UNSPECIFIED.,.F.,.F.,(4,3,3,3,3,3,3,3,3,3,3,3,
3,3,3,4),(-0.332900560405192,-0.312515271030149,-0.290221853342215,-0.267605590007908,
-0.245029430718662,-0.234386715932368,-0.211722663042525,-0.189209670494934,
-0.167335094773514,-0.158808714514317,-0.1562581768503,-0.134266631593336,
-0.111831575852653,-0.0891848610689086,-0.0781293210804165,-0.0747409303881348),
 .UNSPECIFIED.);
#794=B_SPLINE_CURVE_WITH_KNOTS('',3,(#7358,#7359,#7360,#7361),
 .UNSPECIFIED.,.F.,.F.,(4,4),(-0.445963524106171,-0.050010288427209),
 .UNSPECIFIED.);
#795=B_SPLINE_CURVE_WITH_KNOTS('',3,(#7363,#7364,#7365,#7366,#7367,#7368,
#7369,#7370,#7371,#7372,#7373,#7374,#7375,#7376,#7377,#7378,#7379,#7380,
#7381,#7382,#7383,#7384,#7385,#7386,#7387,#7388,#7389,#7390,#7391,#7392,
#7393,#7394,#7395,#7396,#7397,#7398,#7399,#7400,#7401,#7402,#7403,#7404,
#7405),.UNSPECIFIED.,.F.,.F.,(4,3,3,3,3,3,3,3,3,3,3,3,3,3,4),(-0.332927732901948,
-0.312497269545352,-0.289851010877502,-0.267604174143861,-0.248856278134882,
-0.23438857990544,-0.212258678736791,-0.189733311068729,-0.167093789670737,
-0.156280842617803,-0.133620623339295,-0.111020128490426,-0.088993915121704,
-0.0781542757667493,-0.074754309256462),.UNSPECIFIED.);
#796=B_SPLINE_CURVE_WITH_KNOTS('',3,(#7407,#7408,#7409,#7410),
 .UNSPECIFIED.,.F.,.F.,(4,4),(-0.445956321645879,-0.0500079139914225),
 .UNSPECIFIED.);
#797=B_SPLINE_CURVE_WITH_KNOTS('',3,(#7411,#7412,#7413,#7414,#7415,#7416,
#7417,#7418,#7419,#7420,#7421,#7422,#7423,#7424,#7425,#7426,#7427,#7428,
#7429,#7430,#7431,#7432,#7433,#7434,#7435,#7436,#7437,#7438,#7439,#7440,
#7441,#7442,#7443,#7444,#7445,#7446,#7447,#7448,#7449,#7450,#7451,#7452,
#7453,#7454,#7455,#7456),.UNSPECIFIED.,.F.,.F.,(4,3,3,3,3,3,3,3,3,3,3,3,
3,3,3,4),(-0.332924266623599,-0.312499564128481,-0.290203365474625,-0.267585752004799,
-0.245010847250332,-0.234388340400754,-0.211724024417074,-0.189210712575121,
-0.167335627486462,-0.158825641468001,-0.156277949986723,-0.134289202562613,
-0.111855846778564,-0.0892080884738226,-0.0781510917281885,-0.0747526026638072),
 .UNSPECIFIED.);
#798=B_SPLINE_CURVE_WITH_KNOTS('',3,(#7460,#7461,#7462,#7463,#7464,#7465,
#7466,#7467,#7468,#7469,#7470,#7471,#7472,#7473,#7474,#7475,#7476,#7477,
#7478,#7479,#7480,#7481,#7482,#7483,#7484,#7485,#7486,#7487,#7488,#7489,
#7490,#7491,#7492,#7493,#7494,#7495,#7496,#7497,#7498,#7499,#7500,#7501,
#7502),.UNSPECIFIED.,.F.,.F.,(4,3,3,3,3,3,3,3,3,3,3,3,3,3,4),(0.,0.0222104755298961,
0.0447039299759077,0.0670981726282389,0.078107637017775,0.10060887208177,
0.118922483931772,0.141479406785138,0.156238847495888,0.178667230260992,
0.201224429254239,0.216798574937653,0.239366271027384,0.261518007996382,
0.277363371037889),.UNSPECIFIED.);
#799=B_SPLINE_CURVE_WITH_KNOTS('',3,(#7524,#7525,#7526,#7527,#7528,#7529,
#7530,#7531,#7532,#7533,#7534,#7535),.UNSPECIFIED.,.F.,.F.,(4,2,2,2,2,4),
(-0.000125576735230639,0.,0.110406831607164,0.213786387266251,0.286340215112677,
0.344734389760663),.UNSPECIFIED.);
#800=B_SPLINE_CURVE_WITH_KNOTS('',3,(#7537,#7538,#7539,#7540),
 .UNSPECIFIED.,.F.,.F.,(4,4),(0.335223161245685,0.336121274584456),
 .UNSPECIFIED.);
#801=B_SPLINE_CURVE_WITH_KNOTS('',3,(#7541,#7542,#7543,#7544),
 .UNSPECIFIED.,.F.,.F.,(4,4),(0.336123903838981,1.11122568056862),
 .UNSPECIFIED.);
#802=B_SPLINE_CURVE_WITH_KNOTS('',3,(#7576,#7577,#7578,#7579,#7580,#7581,
#7582,#7583,#7584,#7585,#7586,#7587),.UNSPECIFIED.,.F.,.F.,(4,2,2,2,2,4),
(-0.352584672834429,-0.351729777189763,-0.218257594024637,-0.124162231445621,
-0.0565953211246082,0.),.UNSPECIFIED.);
#803=B_SPLINE_CURVE_WITH_KNOTS('',3,(#7589,#7590,#7591,#7592),
 .UNSPECIFIED.,.F.,.F.,(4,4),(-0.0058837328023728,0.),.UNSPECIFIED.);
#804=B_SPLINE_CURVE_WITH_KNOTS('',3,(#7593,#7594,#7595,#7596),
 .UNSPECIFIED.,.F.,.F.,(4,4),(1.83264536306181,1.86138735978916),
 .UNSPECIFIED.);
#805=B_SPLINE_CURVE_WITH_KNOTS('',3,(#7598,#7599,#7600,#7601),
 .UNSPECIFIED.,.F.,.F.,(4,4),(2.0338409345089,2.07236238481977),
 .UNSPECIFIED.);
#806=B_SPLINE_CURVE_WITH_KNOTS('',3,(#7602,#7603,#7604,#7605),
 .UNSPECIFIED.,.F.,.F.,(4,4),(-0.304352545301449,-0.285289045514009),
 .UNSPECIFIED.);
#807=B_SPLINE_CURVE_WITH_KNOTS('',3,(#7626,#7627,#7628,#7629,#7630,#7631,
#7632,#7633,#7634,#7635),.UNSPECIFIED.,.F.,.F.,(4,3,3,4),(0.232184149934871,
0.254696866929032,0.276905193523904,0.29039792197984),.UNSPECIFIED.);
#808=B_SPLINE_CURVE_WITH_KNOTS('',3,(#7637,#7638,#7639,#7640),
 .UNSPECIFIED.,.F.,.F.,(4,4),(34.7357656344072,35.0993659825641),
 .UNSPECIFIED.);
#809=B_SPLINE_CURVE_WITH_KNOTS('',3,(#7641,#7642,#7643,#7644),
 .UNSPECIFIED.,.F.,.F.,(4,4),(-35.099456456271,-35.0993700102756),
 .UNSPECIFIED.);
#810=B_SPLINE_CURVE_WITH_KNOTS('',3,(#7654,#7655,#7656,#7657),
 .UNSPECIFIED.,.F.,.F.,(4,4),(-0.446061516605697,-0.0500135738564034),
 .UNSPECIFIED.);
#811=B_SPLINE_CURVE_WITH_KNOTS('',3,(#7661,#7662,#7663,#7664),
 .UNSPECIFIED.,.F.,.F.,(4,4),(-0.29271631616764,-0.0507065242864504),
 .UNSPECIFIED.);
#812=B_SPLINE_CURVE_WITH_KNOTS('',3,(#7668,#7669,#7670,#7671),
 .UNSPECIFIED.,.F.,.F.,(4,4),(-0.445983406187131,-0.0500082569963274),
 .UNSPECIFIED.);
#813=B_SPLINE_CURVE_WITH_KNOTS('',3,(#7674,#7675,#7676,#7677),
 .UNSPECIFIED.,.F.,.F.,(4,4),(-0.29254351168164,-0.0501403191080512),
 .UNSPECIFIED.);
#814=B_SPLINE_CURVE_WITH_KNOTS('',3,(#7682,#7683,#7684,#7685),
 .UNSPECIFIED.,.F.,.F.,(4,4),(-0.567610144049943,-0.049945659124819),
 .UNSPECIFIED.);
#815=B_SPLINE_CURVE_WITH_KNOTS('',3,(#7689,#7690,#7691,#7692),
 .UNSPECIFIED.,.F.,.F.,(4,4),(-0.290608535726048,-0.0505063617930194),
 .UNSPECIFIED.);
#816=B_SPLINE_CURVE_WITH_KNOTS('',3,(#7696,#7697,#7698,#7699),
 .UNSPECIFIED.,.F.,.F.,(4,4),(-0.574051540823289,-0.0500143623824657),
 .UNSPECIFIED.);
#817=B_SPLINE_CURVE_WITH_KNOTS('',3,(#7702,#7703,#7704,#7705),
 .UNSPECIFIED.,.F.,.F.,(4,4),(-0.293076331004032,-0.0501327474188863),
 .UNSPECIFIED.);
#818=B_SPLINE_CURVE_WITH_KNOTS('',3,(#7710,#7711,#7712,#7713),
 .UNSPECIFIED.,.F.,.F.,(4,4),(-0.965137960141699,-0.0903988820167497),
 .UNSPECIFIED.);
#819=B_SPLINE_CURVE_WITH_KNOTS('',3,(#7717,#7718,#7719,#7720),
 .UNSPECIFIED.,.F.,.F.,(4,4),(-0.240597195973959,0.),.UNSPECIFIED.);
#820=B_SPLINE_CURVE_WITH_KNOTS('',3,(#7724,#7725,#7726,#7727),
 .UNSPECIFIED.,.F.,.F.,(4,4),(-0.959522747167228,-0.0626025024295697),
 .UNSPECIFIED.);
#821=B_SPLINE_CURVE_WITH_KNOTS('',3,(#7730,#7731,#7732,#7733),
 .UNSPECIFIED.,.F.,.F.,(4,4),(-0.214502379193484,0.),.UNSPECIFIED.);
#822=B_SPLINE_CURVE_WITH_KNOTS('',3,(#7738,#7739,#7740,#7741),
 .UNSPECIFIED.,.F.,.F.,(4,4),(-0.944758972908692,-0.108323390441528),
 .UNSPECIFIED.);
#823=B_SPLINE_CURVE_WITH_KNOTS('',3,(#7745,#7746,#7747,#7748),
 .UNSPECIFIED.,.F.,.F.,(4,4),(-0.241340001994297,0.),.UNSPECIFIED.);
#824=B_SPLINE_CURVE_WITH_KNOTS('',3,(#7752,#7753,#7754,#7755),
 .UNSPECIFIED.,.F.,.F.,(4,4),(-0.942440630208567,-0.0791558927134922),
 .UNSPECIFIED.);
#825=B_SPLINE_CURVE_WITH_KNOTS('',3,(#7758,#7759,#7760,#7761,#7762,#7763),
 .UNSPECIFIED.,.F.,.F.,(4,2,4),(-0.242488344323115,-0.0844512400624665,
0.),.UNSPECIFIED.);
#826=B_SPLINE_CURVE_WITH_KNOTS('',3,(#7770,#7771,#7772,#7773),
 .UNSPECIFIED.,.F.,.F.,(4,4),(-1.0399643034604,-0.067857495384156),
 .UNSPECIFIED.);
#827=B_SPLINE_CURVE_WITH_KNOTS('',3,(#7777,#7778,#7779,#7780),
 .UNSPECIFIED.,.F.,.F.,(4,4),(-0.365091470444768,0.),.UNSPECIFIED.);
#828=B_SPLINE_CURVE_WITH_KNOTS('',3,(#7786,#7787,#7788,#7789),
 .UNSPECIFIED.,.F.,.F.,(4,4),(-1.03665803160342,-0.0501430894980446),
 .UNSPECIFIED.);
#829=B_SPLINE_CURVE_WITH_KNOTS('',3,(#7793,#7794,#7795,#7796),
 .UNSPECIFIED.,.F.,.F.,(4,4),(-0.268610953520939,0.),.UNSPECIFIED.);
#830=B_SPLINE_CURVE_WITH_KNOTS('',3,(#7826,#7827,#7828,#7829,#7830,#7831,
#7832,#7833,#7834,#7835),.UNSPECIFIED.,.F.,.F.,(4,2,2,2,4),(2.57235263516902,
2.70686049347126,3.05967999092737,3.26284152183031,3.28800726679954),
 .UNSPECIFIED.);
#831=B_SPLINE_CURVE_WITH_KNOTS('',3,(#7851,#7852,#7853,#7854,#7855,#7856,
#7857,#7858),.UNSPECIFIED.,.F.,.F.,(4,2,2,4),(0.181440427840988,0.362776649131927,
0.737211645283747,0.955341292675238),.UNSPECIFIED.);
#832=B_SPLINE_CURVE_WITH_KNOTS('',3,(#7868,#7869,#7870,#7871,#7872,#7873,
#7874),.UNSPECIFIED.,.F.,.F.,(4,1,1,1,4),(0.850671671337427,1.7966420728252,
2.48154594239972,2.82399787718698,3.07452620911957),.UNSPECIFIED.);
#833=B_SPLINE_CURVE_WITH_KNOTS('',3,(#7878,#7879,#7880,#7881,#7882),
 .UNSPECIFIED.,.F.,.F.,(4,1,4),(-0.880853150670492,-0.503344657525996,0.),
 .UNSPECIFIED.);
#834=B_SPLINE_CURVE_WITH_KNOTS('',3,(#7889,#7890,#7891,#7892,#7893,#7894),
 .UNSPECIFIED.,.F.,.F.,(4,2,4),(-0.357195111691825,-0.174435443643634,-0.00595244788911584),
 .UNSPECIFIED.);
#835=B_SPLINE_CURVE_WITH_KNOTS('',3,(#7899,#7900,#7901,#7902),
 .UNSPECIFIED.,.F.,.F.,(4,4),(-0.34401102791977,-0.338044708036158),
 .UNSPECIFIED.);
#836=B_SPLINE_CURVE_WITH_KNOTS('',3,(#7904,#7905,#7906,#7907),
 .UNSPECIFIED.,.F.,.F.,(4,4),(1.45436616249717,1.51345573277783),
 .UNSPECIFIED.);
#837=B_SPLINE_CURVE_WITH_KNOTS('',3,(#7909,#7910,#7911,#7912,#7913,#7914),
 .UNSPECIFIED.,.F.,.F.,(4,2,4),(-0.281079109344892,-0.164776458676139,-0.00039813024515245),
 .UNSPECIFIED.);
#838=B_SPLINE_CURVE_WITH_KNOTS('',3,(#7915,#7916,#7917,#7918),
 .UNSPECIFIED.,.F.,.F.,(4,4),(2.95211828623432,3.01896757831312),
 .UNSPECIFIED.);
#839=B_SPLINE_CURVE_WITH_KNOTS('',3,(#7920,#7921,#7922,#7923,#7924,#7925,
#7926,#7927),.UNSPECIFIED.,.F.,.F.,(4,2,2,4),(-1.60163269609972,-1.4944097137255,
-1.38202983446258,-1.37893985431866),.UNSPECIFIED.);
#840=B_SPLINE_CURVE_WITH_KNOTS('',3,(#7929,#7930,#7931,#7932),
 .UNSPECIFIED.,.F.,.F.,(4,4),(0.00594456087365199,0.0650341311543148),
 .UNSPECIFIED.);
#841=B_SPLINE_CURVE_WITH_KNOTS('',3,(#7933,#7934,#7935,#7936),
 .UNSPECIFIED.,.F.,.F.,(4,4),(-0.00595974399634288,0.),.UNSPECIFIED.);
#842=B_SPLINE_CURVE_WITH_KNOTS('',3,(#7942,#7943,#7944,#7945,#7946,#7947),
 .UNSPECIFIED.,.F.,.F.,(4,2,4),(-0.352412720737258,-0.183280695085097,0.),
 .UNSPECIFIED.);
#843=B_SPLINE_CURVE_WITH_KNOTS('',3,(#7952,#7953,#7954,#7955,#7956,#7957,
#7958,#7959,#7960,#7961,#7962,#7963,#7964),.UNSPECIFIED.,.F.,.F.,(4,2,2,
1,1,2,1,4),(0.,0.15598027778308,0.289469348006473,0.800800226164225,1.0564656652431,
1.31213110432198,1.70058787811222,1.70480660288928),.UNSPECIFIED.);
#844=B_SPLINE_CURVE_WITH_KNOTS('',3,(#7966,#7967,#7968,#7969,#7970),
 .UNSPECIFIED.,.F.,.F.,(4,1,4),(0.616201127159271,0.636213419765051,0.651222639219387),
 .UNSPECIFIED.);
#845=B_SPLINE_CURVE_WITH_KNOTS('',3,(#7972,#7973,#7974,#7975,#7976),
 .UNSPECIFIED.,.F.,.F.,(4,1,4),(0.510777605671795,0.563489366415484,0.616201127159172),
 .UNSPECIFIED.);
#846=B_SPLINE_CURVE_WITH_KNOTS('',3,(#7978,#7979,#7980,#7981,#7982,#7983),
 .UNSPECIFIED.,.F.,.F.,(4,2,4),(-0.259364057422332,-0.128300487552667,-0.0808470480273853),
 .UNSPECIFIED.);
#847=B_SPLINE_CURVE_WITH_KNOTS('',3,(#7985,#7986,#7987,#7988,#7989,#7990),
 .UNSPECIFIED.,.F.,.F.,(4,2,4),(0.190174807591948,0.284268613667908,0.291031396148209),
 .UNSPECIFIED.);
#848=B_SPLINE_CURVE_WITH_KNOTS('',3,(#7991,#7992,#7993,#7994,#7995,#7996,
#7997,#7998,#7999,#8000,#8001,#8002,#8003,#8004,#8005,#8006,#8007,#8008,
#8009),.UNSPECIFIED.,.F.,.F.,(4,1,1,2,1,1,1,2,1,1,2,2,4),(1.70480660288928,
2.08904465190245,2.47750142569269,2.86595819948293,3.63612503212359,4.02120844844392,
4.21375015660408,4.40629186476425,4.58501584615088,4.76373982753752,5.12118779031078,
5.29134815464654,5.44426887276528),.UNSPECIFIED.);
#849=B_SPLINE_CURVE_WITH_KNOTS('',3,(#8012,#8013,#8014,#8015,#8016,#8017,
#8018,#8019,#8020,#8021,#8022,#8023),.UNSPECIFIED.,.F.,.F.,(4,2,2,2,2,4),
(-0.683789132629812,-0.682975889248027,-0.67175843676421,-0.62354668457627,
-0.158347191137906,0.),.UNSPECIFIED.);
#850=B_SPLINE_CURVE_WITH_KNOTS('',3,(#8029,#8030,#8031,#8032,#8033,#8034,
#8035,#8036,#8037,#8038),.UNSPECIFIED.,.F.,.F.,(4,2,2,2,4),(-0.892671528516387,
-0.699644727535264,-0.478091002904788,0.,0.00107482719371746),
 .UNSPECIFIED.);
#851=B_SPLINE_CURVE_WITH_KNOTS('',3,(#8079,#8080,#8081,#8082),
 .UNSPECIFIED.,.F.,.F.,(4,4),(0.,0.102404672536818),.UNSPECIFIED.);
#852=B_SPLINE_CURVE_WITH_KNOTS('',3,(#8118,#8119,#8120,#8121,#8122,#8123,
#8124),.UNSPECIFIED.,.F.,.F.,(4,1,1,1,4),(-3.16644981197424,-2.82399787718698,
-2.48154594239972,-1.7966420728252,-0.76928626846341),.UNSPECIFIED.);
#853=B_SPLINE_CURVE_WITH_KNOTS('',3,(#8125,#8126,#8127,#8128,#8129,#8130),
 .UNSPECIFIED.,.F.,.F.,(4,1,1,4),(-0.150555500820481,-0.1075396434432,-0.0645237860659202,
0.),.UNSPECIFIED.);
#854=B_SPLINE_CURVE_WITH_KNOTS('',3,(#8166,#8167,#8168,#8169,#8170),
 .UNSPECIFIED.,.F.,.F.,(4,1,4),(-0.197632052097995,-0.0988160260489977,
0.),.UNSPECIFIED.);
#855=B_SPLINE_CURVE_WITH_KNOTS('',3,(#8173,#8174,#8175,#8176,#8177),
 .UNSPECIFIED.,.F.,.F.,(4,1,4),(0.,0.0988160260489977,0.197632052097995),
 .UNSPECIFIED.);
#856=B_SPLINE_CURVE_WITH_KNOTS('',3,(#8212,#8213,#8214,#8215,#8216),
 .UNSPECIFIED.,.F.,.F.,(4,1,4),(-0.197632052097996,-0.0988160260489978,
0.),.UNSPECIFIED.);
#857=B_SPLINE_CURVE_WITH_KNOTS('',3,(#8217,#8218,#8219,#8220,#8221),
 .UNSPECIFIED.,.F.,.F.,(4,1,4),(0.,0.0988160260489978,0.197632052097996),
 .UNSPECIFIED.);
#858=B_SPLINE_CURVE_WITH_KNOTS('',3,(#8257,#8258,#8259,#8260),
 .UNSPECIFIED.,.F.,.F.,(4,4),(2.69429818215458,2.79670260806057),
 .UNSPECIFIED.);
#859=B_SPLINE_CURVE_WITH_KNOTS('',3,(#8261,#8262,#8263,#8264,#8265),
 .UNSPECIFIED.,.F.,.F.,(4,1,4),(-2.79670260806057,-2.29336062899134,-1.91585414468942),
 .UNSPECIFIED.);
#860=B_SPLINE_CURVE_WITH_KNOTS('',3,(#8269,#8270,#8271,#8272,#8273,#8274,
#8275),.UNSPECIFIED.,.F.,.F.,(4,1,1,1,4),(3.94318358518013,4.19382609317542,
4.87872996273736,5.56363383229931,6.16711670544751),.UNSPECIFIED.);
#861=B_SPLINE_CURVE_WITH_KNOTS('',3,(#8418,#8419,#8420,#8421,#8422,#8423,
#8424,#8425,#8426,#8427),.UNSPECIFIED.,.F.,.F.,(4,2,2,2,4),(0.,0.0207401170373962,
0.0472800247048843,0.0887319168183314,0.138595613617777),.UNSPECIFIED.);
#862=B_SPLINE_CURVE_WITH_KNOTS('',3,(#8455,#8456,#8457,#8458),
 .UNSPECIFIED.,.F.,.F.,(4,4),(0.250127498165664,0.250798748889676),
 .UNSPECIFIED.);
#863=B_SPLINE_CURVE_WITH_KNOTS('',3,(#8485,#8486,#8487,#8488,#8489,#8490,
#8491,#8492,#8493,#8494,#8495,#8496,#8497,#8498,#8499,#8500),
 .UNSPECIFIED.,.F.,.F.,(4,2,2,2,2,2,2,4),(-0.000143678077972145,0.,0.00111909099804485,
0.00562666561139559,0.0114983685710673,0.0235488545732835,0.0403463098181351,
0.0573674724149631),.UNSPECIFIED.);
#864=B_SPLINE_CURVE_WITH_KNOTS('',3,(#8674,#8675,#8676,#8677,#8678,#8679,
#8680),.UNSPECIFIED.,.F.,.F.,(4,1,1,1,4),(-6.24853770186125,-5.56363383229931,
-4.87872996273736,-4.19382609317542,-3.85137415839445),.UNSPECIFIED.);
#865=B_SPLINE_CURVE_WITH_KNOTS('',3,(#8681,#8682,#8683,#8684),
 .UNSPECIFIED.,.F.,.F.,(4,4),(-2.2568908939024,-1.8943320317841),
 .UNSPECIFIED.);
#866=B_SPLINE_CURVE_WITH_KNOTS('',3,(#8711,#8712,#8713,#8714,#8715),
 .UNSPECIFIED.,.F.,.F.,(4,1,4),(-0.150554191130792,-0.0645232247703393,
0.),.UNSPECIFIED.);
#867=B_SPLINE_CURVE_WITH_KNOTS('',3,(#9539,#9540,#9541,#9542,#9543,#9544,
#9545,#9546,#9547,#9548,#9549,#9550,#9551,#9552,#9553),.UNSPECIFIED.,.F.,
 .F.,(4,2,2,1,3,3,4),(0.,0.00706785995728459,0.0141357199145692,0.0282714398291383,
0.0424071597437075,0.0494750197009921,0.0565428796582768),.UNSPECIFIED.);
#868=B_SPLINE_CURVE_WITH_KNOTS('',3,(#9554,#9555,#9556,#9557,#9558,#9559,
#9560,#9561,#9562,#9563,#9564,#9565,#9566),.UNSPECIFIED.,.F.,.F.,(4,2,2,
1,2,2,4),(0.,0.00706785995728462,0.0141357199145692,0.0282714398291384,
0.0424071597437076,0.0494750197009922,0.0565428796582767),.UNSPECIFIED.);
#869=B_SPLINE_CURVE_WITH_KNOTS('',3,(#9775,#9776,#9777,#9778,#9779,#9780,
#9781,#9782,#9783,#9784,#9785,#9786,#9787,#9788,#9789,#9790),
 .UNSPECIFIED.,.F.,.F.,(4,1,1,1,1,1,1,1,1,2,2,4),(-6.51461253729149,-5.51461253729149,
-4.51461253729149,-3.51461253729149,-2.51461253729149,-1.51461253729149,
-1.01461253729148,-0.51461253729148,-0.25730626864574,-0.12865313432287,
-0.0643265671614348,0.),.UNSPECIFIED.);
#870=B_SPLINE_CURVE_WITH_KNOTS('',3,(#10046,#10047,#10048,#10049,#10050,
#10051,#10052,#10053,#10054,#10055,#10056,#10057,#10058,#10059,#10060,#10061),
 .UNSPECIFIED.,.F.,.F.,(4,2,2,1,1,1,1,1,1,1,1,4),(0.,0.0643265671614348,
0.12865313432287,0.25730626864574,0.51461253729148,1.01461253729148,1.51461253729149,
2.51461253729149,3.51461253729149,4.51461253729149,5.51461253729149,6.51461253729149),
 .UNSPECIFIED.);
#871=VERTEX_POINT('',#3070);
#872=VERTEX_POINT('',#3071);
#873=VERTEX_POINT('',#3076);
#874=VERTEX_POINT('',#3078);
#875=VERTEX_POINT('',#3085);
#876=VERTEX_POINT('',#3086);
#877=VERTEX_POINT('',#3091);
#878=VERTEX_POINT('',#3093);
#879=VERTEX_POINT('',#3118);
#880=VERTEX_POINT('',#3119);
#881=VERTEX_POINT('',#3124);
#882=VERTEX_POINT('',#3126);
#883=VERTEX_POINT('',#3133);
#884=VERTEX_POINT('',#3144);
#885=VERTEX_POINT('',#3151);
#886=VERTEX_POINT('',#3156);
#887=VERTEX_POINT('',#3178);
#888=VERTEX_POINT('',#3179);
#889=VERTEX_POINT('',#3184);
#890=VERTEX_POINT('',#3186);
#891=VERTEX_POINT('',#3193);
#892=VERTEX_POINT('',#3202);
#893=VERTEX_POINT('',#3209);
#894=VERTEX_POINT('',#3214);
#895=VERTEX_POINT('',#3234);
#896=VERTEX_POINT('',#3235);
#897=VERTEX_POINT('',#3240);
#898=VERTEX_POINT('',#3242);
#899=VERTEX_POINT('',#3249);
#900=VERTEX_POINT('',#3250);
#901=VERTEX_POINT('',#3255);
#902=VERTEX_POINT('',#3257);
#903=VERTEX_POINT('',#3282);
#904=VERTEX_POINT('',#3283);
#905=VERTEX_POINT('',#3288);
#906=VERTEX_POINT('',#3290);
#907=VERTEX_POINT('',#3297);
#908=VERTEX_POINT('',#3302);
#909=VERTEX_POINT('',#3309);
#910=VERTEX_POINT('',#3314);
#911=VERTEX_POINT('',#3330);
#912=VERTEX_POINT('',#3331);
#913=VERTEX_POINT('',#3336);
#914=VERTEX_POINT('',#3338);
#915=VERTEX_POINT('',#3345);
#916=VERTEX_POINT('',#3350);
#917=VERTEX_POINT('',#3359);
#918=VERTEX_POINT('',#3364);
#919=VERTEX_POINT('',#3380);
#920=VERTEX_POINT('',#3381);
#921=VERTEX_POINT('',#3383);
#922=VERTEX_POINT('',#3392);
#923=VERTEX_POINT('',#3394);
#924=VERTEX_POINT('',#3398);
#925=VERTEX_POINT('',#3400);
#926=VERTEX_POINT('',#3402);
#927=VERTEX_POINT('',#3404);
#928=VERTEX_POINT('',#3406);
#929=VERTEX_POINT('',#3408);
#930=VERTEX_POINT('',#3412);
#931=VERTEX_POINT('',#3416);
#932=VERTEX_POINT('',#3418);
#933=VERTEX_POINT('',#3420);
#934=VERTEX_POINT('',#3426);
#935=VERTEX_POINT('',#3428);
#936=VERTEX_POINT('',#3430);
#937=VERTEX_POINT('',#3432);
#938=VERTEX_POINT('',#3439);
#939=VERTEX_POINT('',#3441);
#940=VERTEX_POINT('',#3444);
#941=VERTEX_POINT('',#3445);
#942=VERTEX_POINT('',#3447);
#943=VERTEX_POINT('',#3449);
#944=VERTEX_POINT('',#3451);
#945=VERTEX_POINT('',#3453);
#946=VERTEX_POINT('',#3457);
#947=VERTEX_POINT('',#3470);
#948=VERTEX_POINT('',#3492);
#949=VERTEX_POINT('',#3511);
#950=VERTEX_POINT('',#3513);
#951=VERTEX_POINT('',#3542);
#952=VERTEX_POINT('',#3543);
#953=VERTEX_POINT('',#3570);
#954=VERTEX_POINT('',#3627);
#955=VERTEX_POINT('',#3630);
#956=VERTEX_POINT('',#3637);
#957=VERTEX_POINT('',#3648);
#958=VERTEX_POINT('',#3665);
#959=VERTEX_POINT('',#3864);
#960=VERTEX_POINT('',#3874);
#961=VERTEX_POINT('',#3879);
#962=VERTEX_POINT('',#3889);
#963=VERTEX_POINT('',#3899);
#964=VERTEX_POINT('',#3905);
#965=VERTEX_POINT('',#4082);
#966=VERTEX_POINT('',#4087);
#967=VERTEX_POINT('',#4096);
#968=VERTEX_POINT('',#4305);
#969=VERTEX_POINT('',#4317);
#970=VERTEX_POINT('',#4335);
#971=VERTEX_POINT('',#4340);
#972=VERTEX_POINT('',#4369);
#973=VERTEX_POINT('',#4374);
#974=VERTEX_POINT('',#4667);
#975=VERTEX_POINT('',#4668);
#976=VERTEX_POINT('',#4670);
#977=VERTEX_POINT('',#4959);
#978=VERTEX_POINT('',#4961);
#979=VERTEX_POINT('',#4973);
#980=VERTEX_POINT('',#5288);
#981=VERTEX_POINT('',#5297);
#982=VERTEX_POINT('',#5316);
#983=VERTEX_POINT('',#5335);
#984=VERTEX_POINT('',#5368);
#985=VERTEX_POINT('',#5385);
#986=VERTEX_POINT('',#5392);
#987=VERTEX_POINT('',#5397);
#988=VERTEX_POINT('',#5422);
#989=VERTEX_POINT('',#5460);
#990=VERTEX_POINT('',#5490);
#991=VERTEX_POINT('',#5491);
#992=VERTEX_POINT('',#5747);
#993=VERTEX_POINT('',#5749);
#994=VERTEX_POINT('',#5995);
#995=VERTEX_POINT('',#5997);
#996=VERTEX_POINT('',#6009);
#997=VERTEX_POINT('',#6233);
#998=VERTEX_POINT('',#6234);
#999=VERTEX_POINT('',#6251);
#1000=VERTEX_POINT('',#6704);
#1001=VERTEX_POINT('',#6737);
#1002=VERTEX_POINT('',#6742);
#1003=VERTEX_POINT('',#6747);
#1004=VERTEX_POINT('',#6752);
#1005=VERTEX_POINT('',#6759);
#1006=VERTEX_POINT('',#6764);
#1007=VERTEX_POINT('',#6800);
#1008=VERTEX_POINT('',#6813);
#1009=VERTEX_POINT('',#6819);
#1010=VERTEX_POINT('',#7078);
#1011=VERTEX_POINT('',#7079);
#1012=VERTEX_POINT('',#7084);
#1013=VERTEX_POINT('',#7095);
#1014=VERTEX_POINT('',#7100);
#1015=VERTEX_POINT('',#7102);
#1016=VERTEX_POINT('',#7127);
#1017=VERTEX_POINT('',#7135);
#1018=VERTEX_POINT('',#7140);
#1019=VERTEX_POINT('',#7145);
#1020=VERTEX_POINT('',#7156);
#1021=VERTEX_POINT('',#7165);
#1022=VERTEX_POINT('',#7176);
#1023=VERTEX_POINT('',#7185);
#1024=VERTEX_POINT('',#7186);
#1025=VERTEX_POINT('',#7191);
#1026=VERTEX_POINT('',#7204);
#1027=VERTEX_POINT('',#7221);
#1028=VERTEX_POINT('',#7222);
#1029=VERTEX_POINT('',#7227);
#1030=VERTEX_POINT('',#7238);
#1031=VERTEX_POINT('',#7255);
#1032=VERTEX_POINT('',#7256);
#1033=VERTEX_POINT('',#7261);
#1034=VERTEX_POINT('',#7305);
#1035=VERTEX_POINT('',#7356);
#1036=VERTEX_POINT('',#7357);
#1037=VERTEX_POINT('',#7362);
#1038=VERTEX_POINT('',#7406);
#1039=VERTEX_POINT('',#7458);
#1040=VERTEX_POINT('',#7523);
#1041=VERTEX_POINT('',#7536);
#1042=VERTEX_POINT('',#7575);
#1043=VERTEX_POINT('',#7588);
#1044=VERTEX_POINT('',#7597);
#1045=VERTEX_POINT('',#7636);
#1046=VERTEX_POINT('',#7651);
#1047=VERTEX_POINT('',#7653);
#1048=VERTEX_POINT('',#7660);
#1049=VERTEX_POINT('',#7667);
#1050=VERTEX_POINT('',#7679);
#1051=VERTEX_POINT('',#7681);
#1052=VERTEX_POINT('',#7688);
#1053=VERTEX_POINT('',#7695);
#1054=VERTEX_POINT('',#7707);
#1055=VERTEX_POINT('',#7709);
#1056=VERTEX_POINT('',#7716);
#1057=VERTEX_POINT('',#7723);
#1058=VERTEX_POINT('',#7735);
#1059=VERTEX_POINT('',#7737);
#1060=VERTEX_POINT('',#7744);
#1061=VERTEX_POINT('',#7751);
#1062=VERTEX_POINT('',#7765);
#1063=VERTEX_POINT('',#7767);
#1064=VERTEX_POINT('',#7769);
#1065=VERTEX_POINT('',#7776);
#1066=VERTEX_POINT('',#7783);
#1067=VERTEX_POINT('',#7785);
#1068=VERTEX_POINT('',#7800);
#1069=VERTEX_POINT('',#7801);
#1070=VERTEX_POINT('',#7806);
#1071=VERTEX_POINT('',#7807);
#1072=VERTEX_POINT('',#7815);
#1073=VERTEX_POINT('',#7816);
#1074=VERTEX_POINT('',#7818);
#1075=VERTEX_POINT('',#7820);
#1076=VERTEX_POINT('',#7824);
#1077=VERTEX_POINT('',#7825);
#1078=VERTEX_POINT('',#7836);
#1079=VERTEX_POINT('',#7838);
#1080=VERTEX_POINT('',#7843);
#1081=VERTEX_POINT('',#7844);
#1082=VERTEX_POINT('',#7849);
#1083=VERTEX_POINT('',#7850);
#1084=VERTEX_POINT('',#7863);
#1085=VERTEX_POINT('',#7867);
#1086=VERTEX_POINT('',#7875);
#1087=VERTEX_POINT('',#7877);
#1088=VERTEX_POINT('',#7887);
#1089=VERTEX_POINT('',#7896);
#1090=VERTEX_POINT('',#7898);
#1091=VERTEX_POINT('',#7903);
#1092=VERTEX_POINT('',#7908);
#1093=VERTEX_POINT('',#7919);
#1094=VERTEX_POINT('',#7928);
#1095=VERTEX_POINT('',#7938);
#1096=VERTEX_POINT('',#7949);
#1097=VERTEX_POINT('',#7951);
#1098=VERTEX_POINT('',#7965);
#1099=VERTEX_POINT('',#7971);
#1100=VERTEX_POINT('',#7977);
#1101=VERTEX_POINT('',#7984);
#1102=VERTEX_POINT('',#8011);
#1103=VERTEX_POINT('',#8026);
#1104=VERTEX_POINT('',#8028);
#1105=VERTEX_POINT('',#8077);
#1106=VERTEX_POINT('',#8163);
#1107=VERTEX_POINT('',#8165);
#1108=VERTEX_POINT('',#8171);
#1109=VERTEX_POINT('',#8179);
#1110=VERTEX_POINT('',#8267);
#1111=VERTEX_POINT('',#8454);
#1112=VERTEX_POINT('',#10399);
#1113=VERTEX_POINT('',#10400);
#1114=VERTEX_POINT('',#10402);
#1115=VERTEX_POINT('',#10404);
#1116=VERTEX_POINT('',#10408);
#1117=VERTEX_POINT('',#10410);
#1118=VERTEX_POINT('',#10414);
#1119=VERTEX_POINT('',#10418);
#1120=EDGE_CURVE('',#871,#872,#643,.T.);
#1121=EDGE_CURVE('',#873,#871,#546,.T.);
#1122=EDGE_CURVE('',#874,#873,#644,.T.);
#1123=EDGE_CURVE('',#872,#874,#547,.T.);
#1124=EDGE_CURVE('',#875,#876,#645,.T.);
#1125=EDGE_CURVE('',#877,#875,#548,.T.);
#1126=EDGE_CURVE('',#878,#877,#646,.T.);
#1127=EDGE_CURVE('',#878,#876,#549,.T.);
#1128=EDGE_CURVE('',#876,#871,#647,.T.);
#1129=EDGE_CURVE('',#873,#878,#648,.T.);
#1130=EDGE_CURVE('',#872,#875,#649,.T.);
#1131=EDGE_CURVE('',#877,#874,#650,.T.);
#1132=EDGE_CURVE('',#879,#880,#651,.T.);
#1133=EDGE_CURVE('',#881,#879,#550,.T.);
#1134=EDGE_CURVE('',#882,#881,#652,.T.);
#1135=EDGE_CURVE('',#880,#882,#551,.T.);
#1136=EDGE_CURVE('',#880,#883,#653,.T.);
#1137=EDGE_CURVE('',#884,#882,#654,.T.);
#1138=EDGE_CURVE('',#884,#883,#552,.T.);
#1139=EDGE_CURVE('',#883,#885,#655,.T.);
#1140=EDGE_CURVE('',#886,#884,#656,.T.);
#1141=EDGE_CURVE('',#886,#885,#553,.T.);
#1142=EDGE_CURVE('',#881,#886,#657,.T.);
#1143=EDGE_CURVE('',#885,#879,#658,.T.);
#1144=EDGE_CURVE('',#887,#888,#659,.T.);
#1145=EDGE_CURVE('',#889,#887,#554,.T.);
#1146=EDGE_CURVE('',#890,#889,#660,.T.);
#1147=EDGE_CURVE('',#888,#890,#555,.T.);
#1148=EDGE_CURVE('',#888,#891,#661,.T.);
#1149=EDGE_CURVE('',#892,#890,#662,.T.);
#1150=EDGE_CURVE('',#892,#891,#556,.T.);
#1151=EDGE_CURVE('',#891,#893,#663,.T.);
#1152=EDGE_CURVE('',#894,#892,#664,.T.);
#1153=EDGE_CURVE('',#894,#893,#557,.T.);
#1154=EDGE_CURVE('',#889,#894,#665,.T.);
#1155=EDGE_CURVE('',#893,#887,#666,.T.);
#1156=EDGE_CURVE('',#895,#896,#667,.T.);
#1157=EDGE_CURVE('',#897,#895,#99,.T.);
#1158=EDGE_CURVE('',#898,#897,#668,.T.);
#1159=EDGE_CURVE('',#896,#898,#100,.T.);
#1160=EDGE_CURVE('',#899,#900,#669,.T.);
#1161=EDGE_CURVE('',#901,#899,#101,.T.);
#1162=EDGE_CURVE('',#902,#901,#670,.T.);
#1163=EDGE_CURVE('',#900,#902,#102,.T.);
#1164=EDGE_CURVE('',#900,#895,#671,.T.);
#1165=EDGE_CURVE('',#897,#902,#672,.T.);
#1166=EDGE_CURVE('',#896,#899,#673,.T.);
#1167=EDGE_CURVE('',#901,#898,#674,.T.);
#1168=EDGE_CURVE('',#903,#904,#675,.T.);
#1169=EDGE_CURVE('',#905,#903,#558,.T.);
#1170=EDGE_CURVE('',#906,#905,#676,.T.);
#1171=EDGE_CURVE('',#904,#906,#559,.T.);
#1172=EDGE_CURVE('',#904,#907,#677,.T.);
#1173=EDGE_CURVE('',#908,#906,#678,.T.);
#1174=EDGE_CURVE('',#908,#907,#560,.T.);
#1175=EDGE_CURVE('',#907,#909,#679,.T.);
#1176=EDGE_CURVE('',#910,#908,#680,.T.);
#1177=EDGE_CURVE('',#910,#909,#561,.T.);
#1178=EDGE_CURVE('',#905,#910,#681,.T.);
#1179=EDGE_CURVE('',#909,#903,#682,.T.);
#1180=EDGE_CURVE('',#911,#912,#683,.T.);
#1181=EDGE_CURVE('',#911,#913,#103,.T.);
#1182=EDGE_CURVE('',#914,#913,#684,.T.);
#1183=EDGE_CURVE('',#912,#914,#104,.T.);
#1184=EDGE_CURVE('',#912,#915,#685,.T.);
#1185=EDGE_CURVE('',#916,#914,#686,.T.);
#1186=EDGE_CURVE('',#916,#915,#105,.T.);
#1187=EDGE_CURVE('',#915,#917,#687,.T.);
#1188=EDGE_CURVE('',#918,#916,#688,.T.);
#1189=EDGE_CURVE('',#918,#917,#106,.T.);
#1190=EDGE_CURVE('',#913,#918,#689,.T.);
#1191=EDGE_CURVE('',#917,#911,#690,.T.);
#1192=EDGE_CURVE('',#919,#920,#562,.T.);
#1193=EDGE_CURVE('',#921,#920,#691,.T.);
#1194=EDGE_CURVE('',#921,#922,#107,.T.);
#1195=EDGE_CURVE('',#922,#923,#563,.T.);
#1196=EDGE_CURVE('',#923,#919,#108,.T.);
#1197=EDGE_CURVE('',#919,#924,#564,.T.);
#1198=EDGE_CURVE('',#925,#924,#565,.T.);
#1199=EDGE_CURVE('',#926,#925,#566,.T.);
#1200=EDGE_CURVE('',#927,#926,#567,.T.);
#1201=EDGE_CURVE('',#927,#928,#568,.T.);
#1202=EDGE_CURVE('',#928,#929,#569,.F.);
#1203=EDGE_CURVE('',#920,#929,#570,.T.);
#1204=EDGE_CURVE('',#923,#930,#571,.T.);
#1205=EDGE_CURVE('',#924,#930,#109,.T.);
#1206=EDGE_CURVE('',#931,#922,#110,.T.);
#1207=EDGE_CURVE('',#932,#931,#572,.T.);
#1208=EDGE_CURVE('',#933,#932,#692,.T.);
#1209=EDGE_CURVE('',#934,#933,#573,.T.);
#1210=EDGE_CURVE('',#935,#934,#574,.T.);
#1211=EDGE_CURVE('',#936,#935,#575,.T.);
#1212=EDGE_CURVE('',#937,#936,#693,.T.);
#1213=EDGE_CURVE('',#938,#937,#576,.T.);
#1214=EDGE_CURVE('',#938,#939,#111,.T.);
#1215=EDGE_CURVE('',#930,#939,#577,.T.);
#1216=EDGE_CURVE('',#940,#941,#112,.T.);
#1217=EDGE_CURVE('',#942,#941,#578,.T.);
#1218=EDGE_CURVE('',#942,#943,#579,.T.);
#1219=EDGE_CURVE('',#944,#943,#580,.T.);
#1220=EDGE_CURVE('',#945,#944,#113,.T.);
#1221=EDGE_CURVE('',#940,#945,#581,.T.);
#1222=EDGE_CURVE('',#939,#946,#114,.T.);
#1223=EDGE_CURVE('',#946,#925,#694,.F.);
#1224=EDGE_CURVE('',#946,#938,#582,.T.);
#1225=EDGE_CURVE('',#929,#947,#695,.T.);
#1226=EDGE_CURVE('',#928,#942,#115,.T.);
#1227=EDGE_CURVE('',#941,#947,#116,.T.);
#1228=EDGE_CURVE('',#947,#940,#696,.T.);
#1229=EDGE_CURVE('',#945,#948,#697,.T.);
#1230=EDGE_CURVE('',#948,#926,#698,.T.);
#1231=EDGE_CURVE('',#937,#949,#583,.T.);
#1232=EDGE_CURVE('',#949,#950,#584,.T.);
#1233=EDGE_CURVE('',#932,#950,#585,.T.);
#1234=EDGE_CURVE('',#931,#921,#586,.T.);
#1235=EDGE_CURVE('',#948,#944,#117,.T.);
#1236=EDGE_CURVE('',#943,#927,#118,.T.);
#1237=EDGE_CURVE('',#951,#952,#699,.T.);
#1238=EDGE_CURVE('',#953,#951,#700,.T.);
#1239=EDGE_CURVE('',#952,#953,#701,.T.);
#1240=EDGE_CURVE('',#952,#954,#702,.T.);
#1241=EDGE_CURVE('',#955,#954,#703,.T.);
#1242=EDGE_CURVE('',#956,#955,#704,.T.);
#1243=EDGE_CURVE('',#957,#956,#705,.T.);
#1244=EDGE_CURVE('',#958,#957,#706,.T.);
#1245=EDGE_CURVE('',#954,#958,#707,.T.);
#1246=EDGE_CURVE('',#959,#951,#708,.T.);
#1247=EDGE_CURVE('',#960,#959,#709,.T.);
#1248=EDGE_CURVE('',#961,#960,#710,.T.);
#1249=EDGE_CURVE('',#962,#961,#711,.T.);
#1250=EDGE_CURVE('',#963,#962,#712,.T.);
#1251=EDGE_CURVE('',#963,#964,#713,.T.);
#1252=EDGE_CURVE('',#953,#964,#714,.T.);
#1253=EDGE_CURVE('',#965,#957,#715,.T.);
#1254=EDGE_CURVE('',#966,#965,#716,.T.);
#1255=EDGE_CURVE('',#966,#967,#717,.T.);
#1256=EDGE_CURVE('',#958,#967,#718,.T.);
#1257=EDGE_CURVE('',#967,#968,#719,.T.);
#1258=EDGE_CURVE('',#969,#968,#720,.T.);
#1259=EDGE_CURVE('',#969,#970,#721,.T.);
#1260=EDGE_CURVE('',#971,#970,#722,.T.);
#1261=EDGE_CURVE('',#971,#966,#723,.T.);
#1262=EDGE_CURVE('',#956,#972,#724,.T.);
#1263=EDGE_CURVE('',#973,#972,#725,.T.);
#1264=EDGE_CURVE('',#973,#955,#726,.T.);
#1265=EDGE_CURVE('',#974,#975,#587,.T.);
#1266=EDGE_CURVE('',#975,#976,#727,.T.);
#1267=EDGE_CURVE('',#976,#975,#728,.T.);
#1268=EDGE_CURVE('',#974,#974,#729,.T.);
#1269=EDGE_CURVE('',#976,#977,#119,.T.);
#1270=EDGE_CURVE('',#978,#977,#730,.T.);
#1271=EDGE_CURVE('',#979,#978,#731,.T.);
#1272=EDGE_CURVE('',#977,#979,#732,.T.);
#1273=EDGE_CURVE('',#964,#980,#733,.T.);
#1274=EDGE_CURVE('',#980,#981,#734,.T.);
#1275=EDGE_CURVE('',#981,#982,#735,.T.);
#1276=EDGE_CURVE('',#982,#983,#736,.T.);
#1277=EDGE_CURVE('',#984,#983,#737,.F.);
#1278=EDGE_CURVE('',#984,#985,#738,.T.);
#1279=EDGE_CURVE('',#985,#986,#739,.T.);
#1280=EDGE_CURVE('',#986,#987,#740,.T.);
#1281=EDGE_CURVE('',#987,#988,#741,.T.);
#1282=EDGE_CURVE('',#988,#963,#742,.T.);
#1283=EDGE_CURVE('',#961,#960,#743,.T.);
#1284=EDGE_CURVE('',#989,#989,#744,.T.);
#1285=EDGE_CURVE('',#990,#991,#745,.T.);
#1286=EDGE_CURVE('',#991,#990,#746,.T.);
#1287=EDGE_CURVE('',#989,#992,#588,.T.);
#1288=EDGE_CURVE('',#992,#993,#747,.T.);
#1289=EDGE_CURVE('',#993,#992,#748,.T.);
#1290=EDGE_CURVE('',#993,#994,#120,.T.);
#1291=EDGE_CURVE('',#995,#994,#749,.T.);
#1292=EDGE_CURVE('',#996,#995,#750,.T.);
#1293=EDGE_CURVE('',#994,#996,#751,.T.);
#1294=EDGE_CURVE('',#996,#969,#589,.T.);
#1295=EDGE_CURVE('',#968,#995,#590,.T.);
#1296=EDGE_CURVE('',#968,#969,#752,.T.);
#1297=EDGE_CURVE('',#997,#998,#753,.T.);
#1298=EDGE_CURVE('',#998,#971,#754,.T.);
#1299=EDGE_CURVE('',#971,#979,#591,.T.);
#1300=EDGE_CURVE('',#978,#970,#592,.T.);
#1301=EDGE_CURVE('',#970,#999,#755,.T.);
#1302=EDGE_CURVE('',#999,#997,#756,.T.);
#1303=EDGE_CURVE('',#967,#1000,#757,.T.);
#1304=EDGE_CURVE('',#1000,#966,#758,.T.);
#1305=EDGE_CURVE('',#1001,#998,#759,.T.);
#1306=EDGE_CURVE('',#1002,#1001,#760,.T.);
#1307=EDGE_CURVE('',#1003,#1002,#761,.T.);
#1308=EDGE_CURVE('',#1004,#1003,#762,.T.);
#1309=EDGE_CURVE('',#1005,#1004,#763,.T.);
#1310=EDGE_CURVE('',#1006,#1005,#764,.T.);
#1311=EDGE_CURVE('',#999,#1006,#765,.T.);
#1312=EDGE_CURVE('',#1007,#1003,#766,.T.);
#1313=EDGE_CURVE('',#1007,#1008,#767,.T.);
#1314=EDGE_CURVE('',#1008,#1009,#768,.F.);
#1315=EDGE_CURVE('',#1009,#1004,#769,.T.);
#1316=EDGE_CURVE('',#1010,#1011,#770,.T.);
#1317=EDGE_CURVE('',#1011,#1012,#771,.T.);
#1318=EDGE_CURVE('',#1012,#1013,#772,.T.);
#1319=EDGE_CURVE('',#1013,#1014,#593,.T.);
#1320=EDGE_CURVE('',#1015,#1014,#773,.T.);
#1321=EDGE_CURVE('',#1015,#1015,#594,.T.);
#1322=EDGE_CURVE('',#1014,#1010,#595,.T.);
#1323=EDGE_CURVE('',#1008,#1016,#774,.T.);
#1324=EDGE_CURVE('',#1017,#1007,#775,.T.);
#1325=EDGE_CURVE('',#1017,#1018,#776,.T.);
#1326=EDGE_CURVE('',#1018,#1019,#777,.T.);
#1327=EDGE_CURVE('',#1020,#1019,#778,.T.);
#1328=EDGE_CURVE('',#1020,#1021,#779,.T.);
#1329=EDGE_CURVE('',#1021,#1022,#780,.T.);
#1330=EDGE_CURVE('',#1016,#1022,#781,.T.);
#1331=EDGE_CURVE('',#1023,#1024,#782,.T.);
#1332=EDGE_CURVE('',#1024,#1025,#783,.T.);
#1333=EDGE_CURVE('',#1025,#1026,#784,.T.);
#1334=EDGE_CURVE('',#1026,#1023,#785,.T.);
#1335=EDGE_CURVE('',#1027,#1028,#786,.T.);
#1336=EDGE_CURVE('',#1028,#1029,#787,.T.);
#1337=EDGE_CURVE('',#1029,#1030,#788,.T.);
#1338=EDGE_CURVE('',#1030,#1027,#789,.T.);
#1339=EDGE_CURVE('',#1031,#1032,#790,.T.);
#1340=EDGE_CURVE('',#1032,#1033,#791,.T.);
#1341=EDGE_CURVE('',#1033,#1034,#792,.T.);
#1342=EDGE_CURVE('',#1034,#1031,#793,.T.);
#1343=EDGE_CURVE('',#1035,#1036,#794,.T.);
#1344=EDGE_CURVE('',#1036,#1037,#795,.T.);
#1345=EDGE_CURVE('',#1037,#1038,#796,.T.);
#1346=EDGE_CURVE('',#1038,#1035,#797,.T.);
#1347=EDGE_CURVE('',#1002,#1039,#121,.T.);
#1348=EDGE_CURVE('',#1039,#1001,#798,.F.);
#1349=EDGE_CURVE('',#997,#1040,#799,.T.);
#1350=EDGE_CURVE('',#1040,#1041,#800,.T.);
#1351=EDGE_CURVE('',#1041,#1039,#801,.T.);
#1352=EDGE_CURVE('',#1006,#1042,#802,.T.);
#1353=EDGE_CURVE('',#1042,#1043,#803,.T.);
#1354=EDGE_CURVE('',#1043,#1020,#804,.T.);
#1355=EDGE_CURVE('',#1019,#1044,#805,.T.);
#1356=EDGE_CURVE('',#1044,#1040,#806,.T.);
#1357=EDGE_CURVE('',#1005,#1009,#807,.F.);
#1358=EDGE_CURVE('',#1022,#1045,#808,.T.);
#1359=EDGE_CURVE('',#1042,#1045,#809,.T.);
#1360=EDGE_CURVE('',#1043,#1021,#122,.T.);
#1361=EDGE_CURVE('',#1018,#1044,#123,.T.);
#1362=EDGE_CURVE('',#1046,#1037,#124,.T.);
#1363=EDGE_CURVE('',#1047,#1046,#810,.T.);
#1364=EDGE_CURVE('',#1038,#1047,#125,.T.);
#1365=EDGE_CURVE('',#1048,#1047,#811,.T.);
#1366=EDGE_CURVE('',#1048,#1035,#126,.T.);
#1367=EDGE_CURVE('',#1049,#1048,#812,.T.);
#1368=EDGE_CURVE('',#1036,#1049,#127,.T.);
#1369=EDGE_CURVE('',#1046,#1049,#813,.T.);
#1370=EDGE_CURVE('',#1050,#1033,#128,.T.);
#1371=EDGE_CURVE('',#1051,#1050,#814,.T.);
#1372=EDGE_CURVE('',#1034,#1051,#129,.T.);
#1373=EDGE_CURVE('',#1052,#1051,#815,.T.);
#1374=EDGE_CURVE('',#1052,#1031,#130,.T.);
#1375=EDGE_CURVE('',#1053,#1052,#816,.T.);
#1376=EDGE_CURVE('',#1032,#1053,#131,.T.);
#1377=EDGE_CURVE('',#1050,#1053,#817,.T.);
#1378=EDGE_CURVE('',#1054,#1029,#596,.T.);
#1379=EDGE_CURVE('',#1055,#1054,#818,.T.);
#1380=EDGE_CURVE('',#1030,#1055,#597,.T.);
#1381=EDGE_CURVE('',#1056,#1055,#819,.T.);
#1382=EDGE_CURVE('',#1056,#1027,#598,.T.);
#1383=EDGE_CURVE('',#1057,#1056,#820,.T.);
#1384=EDGE_CURVE('',#1028,#1057,#599,.T.);
#1385=EDGE_CURVE('',#1054,#1057,#821,.T.);
#1386=EDGE_CURVE('',#1058,#1025,#600,.T.);
#1387=EDGE_CURVE('',#1059,#1058,#822,.T.);
#1388=EDGE_CURVE('',#1026,#1059,#601,.T.);
#1389=EDGE_CURVE('',#1060,#1059,#823,.T.);
#1390=EDGE_CURVE('',#1060,#1023,#602,.T.);
#1391=EDGE_CURVE('',#1061,#1060,#824,.T.);
#1392=EDGE_CURVE('',#1024,#1061,#603,.T.);
#1393=EDGE_CURVE('',#1058,#1061,#825,.T.);
#1394=EDGE_CURVE('',#1062,#1010,#132,.T.);
#1395=EDGE_CURVE('',#1063,#1062,#604,.T.);
#1396=EDGE_CURVE('',#1064,#1063,#826,.T.);
#1397=EDGE_CURVE('',#1011,#1064,#605,.T.);
#1398=EDGE_CURVE('',#1065,#1064,#827,.T.);
#1399=EDGE_CURVE('',#1065,#1012,#606,.T.);
#1400=EDGE_CURVE('',#1013,#1066,#133,.T.);
#1401=EDGE_CURVE('',#1067,#1065,#828,.T.);
#1402=EDGE_CURVE('',#1066,#1067,#607,.T.);
#1403=EDGE_CURVE('',#1066,#1062,#134,.T.);
#1404=EDGE_CURVE('',#1063,#1067,#829,.T.);
#1405=EDGE_CURVE('',#1068,#1069,#608,.T.);
#1406=EDGE_CURVE('',#1068,#1015,#135,.T.);
#1407=EDGE_CURVE('',#1069,#1068,#609,.T.);
#1408=EDGE_CURVE('',#1070,#1071,#610,.T.);
#1409=EDGE_CURVE('',#1071,#1070,#611,.T.);
#1410=EDGE_CURVE('',#1071,#1069,#612,.T.);
#1411=EDGE_CURVE('',#1070,#991,#136,.T.);
#1412=EDGE_CURVE('',#1072,#1073,#613,.T.);
#1413=EDGE_CURVE('',#1073,#1074,#614,.T.);
#1414=EDGE_CURVE('',#1074,#1075,#615,.T.);
#1415=EDGE_CURVE('',#1075,#1072,#616,.T.);
#1416=EDGE_CURVE('',#1076,#1077,#830,.T.);
#1417=EDGE_CURVE('',#1077,#1078,#617,.T.);
#1418=EDGE_CURVE('',#1078,#1079,#618,.T.);
#1419=EDGE_CURVE('',#1079,#1075,#619,.T.);
#1420=EDGE_CURVE('',#1074,#1076,#620,.T.);
#1421=EDGE_CURVE('',#1080,#1081,#621,.T.);
#1422=EDGE_CURVE('',#1081,#1079,#622,.T.);
#1423=EDGE_CURVE('',#1078,#1080,#623,.T.);
#1424=EDGE_CURVE('',#1082,#1083,#831,.T.);
#1425=EDGE_CURVE('',#1083,#1073,#624,.T.);
#1426=EDGE_CURVE('',#1072,#1081,#625,.T.);
#1427=EDGE_CURVE('',#1080,#1082,#626,.T.);
#1428=EDGE_CURVE('',#1082,#1084,#18,.T.);
#1429=EDGE_CURVE('',#1085,#1084,#832,.T.);
#1430=EDGE_CURVE('',#1086,#1085,#627,.T.);
#1431=EDGE_CURVE('',#1087,#1086,#833,.T.);
#1432=EDGE_CURVE('',#1087,#1083,#19,.T.);
#1433=EDGE_CURVE('',#1080,#1088,#137,.T.);
#1434=EDGE_CURVE('',#1084,#1088,#834,.T.);
#1435=EDGE_CURVE('',#1078,#1089,#138,.T.);
#1436=EDGE_CURVE('',#1090,#1089,#835,.T.);
#1437=EDGE_CURVE('',#1091,#1090,#836,.T.);
#1438=EDGE_CURVE('',#1092,#1091,#837,.T.);
#1439=EDGE_CURVE('',#980,#1092,#838,.T.);
#1440=EDGE_CURVE('',#1093,#988,#839,.T.);
#1441=EDGE_CURVE('',#1094,#1093,#840,.T.);
#1442=EDGE_CURVE('',#1088,#1094,#841,.T.);
#1443=EDGE_CURVE('',#1095,#1077,#20,.T.);
#1444=EDGE_CURVE('',#1089,#1095,#842,.T.);
#1445=EDGE_CURVE('',#1072,#1096,#628,.T.);
#1446=EDGE_CURVE('',#1097,#1096,#843,.T.);
#1447=EDGE_CURVE('',#1098,#1097,#844,.T.);
#1448=EDGE_CURVE('',#1099,#1098,#845,.T.);
#1449=EDGE_CURVE('',#1100,#1099,#846,.T.);
#1450=EDGE_CURVE('',#1101,#1100,#847,.T.);
#1451=EDGE_CURVE('',#1096,#1101,#848,.T.);
#1452=EDGE_CURVE('',#1102,#1087,#849,.T.);
#1453=EDGE_CURVE('',#1102,#1073,#139,.T.);
#1454=EDGE_CURVE('',#1103,#1074,#140,.T.);
#1455=EDGE_CURVE('',#1104,#1103,#850,.T.);
#1456=EDGE_CURVE('',#1076,#1104,#21,.T.);
#1457=EDGE_CURVE('',#1105,#1086,#629,.T.);
#1458=EDGE_CURVE('',#1105,#1102,#851,.T.);
#1459=EDGE_CURVE('',#1094,#949,#852,.T.);
#1460=EDGE_CURVE('',#1085,#949,#853,.T.);
#1461=EDGE_CURVE('',#987,#1093,#630,.T.);
#1462=EDGE_CURVE('',#1106,#934,#631,.T.);
#1463=EDGE_CURVE('',#934,#1107,#854,.T.);
#1464=EDGE_CURVE('',#1107,#1108,#632,.T.);
#1465=EDGE_CURVE('',#1108,#1106,#855,.T.);
#1466=EDGE_CURVE('',#1109,#935,#633,.T.);
#1467=EDGE_CURVE('',#1106,#1109,#634,.T.);
#1468=EDGE_CURVE('',#1086,#935,#856,.T.);
#1469=EDGE_CURVE('',#1109,#1105,#857,.T.);
#1470=EDGE_CURVE('',#1103,#1108,#858,.T.);
#1471=EDGE_CURVE('',#1107,#1104,#859,.T.);
#1472=EDGE_CURVE('',#1110,#1107,#635,.T.);
#1473=EDGE_CURVE('',#1095,#1110,#860,.T.);
#1474=EDGE_CURVE('',#1110,#933,#636,.T.);
#1475=EDGE_CURVE('',#1101,#973,#861,.F.);
#1476=EDGE_CURVE('',#972,#1097,#637,.T.);
#1477=EDGE_CURVE('',#972,#1111,#862,.T.);
#1478=EDGE_CURVE('',#1111,#1098,#638,.T.);
#1479=EDGE_CURVE('',#1111,#1099,#863,.T.);
#1480=EDGE_CURVE('',#936,#1085,#639,.T.);
#1481=EDGE_CURVE('',#1091,#984,#640,.T.);
#1482=EDGE_CURVE('',#983,#982,#641,.T.);
#1483=EDGE_CURVE('',#981,#1092,#642,.T.);
#1484=EDGE_CURVE('',#950,#1090,#864,.T.);
#1485=EDGE_CURVE('',#985,#986,#865,.T.);
#1486=EDGE_CURVE('',#950,#1110,#866,.T.);
#1487=EDGE_CURVE('',#961,#966,#867,.T.);
#1488=EDGE_CURVE('',#967,#960,#868,.T.);
#1489=EDGE_CURVE('',#1000,#960,#869,.T.);
#1490=EDGE_CURVE('',#961,#1000,#870,.T.);
#1491=EDGE_CURVE('',#1112,#1113,#141,.T.);
#1492=EDGE_CURVE('',#1113,#1114,#142,.T.);
#1493=EDGE_CURVE('',#1114,#1115,#143,.T.);
#1494=EDGE_CURVE('',#1115,#1112,#144,.T.);
#1495=EDGE_CURVE('',#1116,#1113,#145,.T.);
#1496=EDGE_CURVE('',#1117,#1116,#146,.T.);
#1497=EDGE_CURVE('',#1114,#1117,#147,.T.);
#1498=EDGE_CURVE('',#1118,#1117,#148,.T.);
#1499=EDGE_CURVE('',#1115,#1118,#149,.T.);
#1500=EDGE_CURVE('',#1119,#1118,#150,.T.);
#1501=EDGE_CURVE('',#1112,#1119,#151,.T.);
#1502=EDGE_CURVE('',#1116,#1119,#152,.T.);
#1503=ORIENTED_EDGE('',*,*,#1120,.F.);
#1504=ORIENTED_EDGE('',*,*,#1121,.F.);
#1505=ORIENTED_EDGE('',*,*,#1122,.F.);
#1506=ORIENTED_EDGE('',*,*,#1123,.F.);
#1507=ORIENTED_EDGE('',*,*,#1124,.F.);
#1508=ORIENTED_EDGE('',*,*,#1125,.F.);
#1509=ORIENTED_EDGE('',*,*,#1126,.F.);
#1510=ORIENTED_EDGE('',*,*,#1127,.T.);
#1511=ORIENTED_EDGE('',*,*,#1121,.T.);
#1512=ORIENTED_EDGE('',*,*,#1128,.F.);
#1513=ORIENTED_EDGE('',*,*,#1127,.F.);
#1514=ORIENTED_EDGE('',*,*,#1129,.F.);
#1515=ORIENTED_EDGE('',*,*,#1130,.F.);
#1516=ORIENTED_EDGE('',*,*,#1123,.T.);
#1517=ORIENTED_EDGE('',*,*,#1131,.F.);
#1518=ORIENTED_EDGE('',*,*,#1125,.T.);
#1519=ORIENTED_EDGE('',*,*,#1132,.F.);
#1520=ORIENTED_EDGE('',*,*,#1133,.F.);
#1521=ORIENTED_EDGE('',*,*,#1134,.F.);
#1522=ORIENTED_EDGE('',*,*,#1135,.F.);
#1523=ORIENTED_EDGE('',*,*,#1136,.F.);
#1524=ORIENTED_EDGE('',*,*,#1135,.T.);
#1525=ORIENTED_EDGE('',*,*,#1137,.F.);
#1526=ORIENTED_EDGE('',*,*,#1138,.T.);
#1527=ORIENTED_EDGE('',*,*,#1139,.F.);
#1528=ORIENTED_EDGE('',*,*,#1138,.F.);
#1529=ORIENTED_EDGE('',*,*,#1140,.F.);
#1530=ORIENTED_EDGE('',*,*,#1141,.T.);
#1531=ORIENTED_EDGE('',*,*,#1142,.F.);
#1532=ORIENTED_EDGE('',*,*,#1133,.T.);
#1533=ORIENTED_EDGE('',*,*,#1143,.F.);
#1534=ORIENTED_EDGE('',*,*,#1141,.F.);
#1535=ORIENTED_EDGE('',*,*,#1144,.F.);
#1536=ORIENTED_EDGE('',*,*,#1145,.F.);
#1537=ORIENTED_EDGE('',*,*,#1146,.F.);
#1538=ORIENTED_EDGE('',*,*,#1147,.F.);
#1539=ORIENTED_EDGE('',*,*,#1148,.F.);
#1540=ORIENTED_EDGE('',*,*,#1147,.T.);
#1541=ORIENTED_EDGE('',*,*,#1149,.F.);
#1542=ORIENTED_EDGE('',*,*,#1150,.T.);
#1543=ORIENTED_EDGE('',*,*,#1151,.F.);
#1544=ORIENTED_EDGE('',*,*,#1150,.F.);
#1545=ORIENTED_EDGE('',*,*,#1152,.F.);
#1546=ORIENTED_EDGE('',*,*,#1153,.T.);
#1547=ORIENTED_EDGE('',*,*,#1154,.F.);
#1548=ORIENTED_EDGE('',*,*,#1145,.T.);
#1549=ORIENTED_EDGE('',*,*,#1155,.F.);
#1550=ORIENTED_EDGE('',*,*,#1153,.F.);
#1551=ORIENTED_EDGE('',*,*,#1156,.F.);
#1552=ORIENTED_EDGE('',*,*,#1157,.F.);
#1553=ORIENTED_EDGE('',*,*,#1158,.F.);
#1554=ORIENTED_EDGE('',*,*,#1159,.F.);
#1555=ORIENTED_EDGE('',*,*,#1160,.F.);
#1556=ORIENTED_EDGE('',*,*,#1161,.F.);
#1557=ORIENTED_EDGE('',*,*,#1162,.F.);
#1558=ORIENTED_EDGE('',*,*,#1163,.F.);
#1559=ORIENTED_EDGE('',*,*,#1157,.T.);
#1560=ORIENTED_EDGE('',*,*,#1164,.F.);
#1561=ORIENTED_EDGE('',*,*,#1163,.T.);
#1562=ORIENTED_EDGE('',*,*,#1165,.F.);
#1563=ORIENTED_EDGE('',*,*,#1166,.F.);
#1564=ORIENTED_EDGE('',*,*,#1159,.T.);
#1565=ORIENTED_EDGE('',*,*,#1167,.F.);
#1566=ORIENTED_EDGE('',*,*,#1161,.T.);
#1567=ORIENTED_EDGE('',*,*,#1168,.F.);
#1568=ORIENTED_EDGE('',*,*,#1169,.F.);
#1569=ORIENTED_EDGE('',*,*,#1170,.F.);
#1570=ORIENTED_EDGE('',*,*,#1171,.F.);
#1571=ORIENTED_EDGE('',*,*,#1172,.F.);
#1572=ORIENTED_EDGE('',*,*,#1171,.T.);
#1573=ORIENTED_EDGE('',*,*,#1173,.F.);
#1574=ORIENTED_EDGE('',*,*,#1174,.T.);
#1575=ORIENTED_EDGE('',*,*,#1175,.F.);
#1576=ORIENTED_EDGE('',*,*,#1174,.F.);
#1577=ORIENTED_EDGE('',*,*,#1176,.F.);
#1578=ORIENTED_EDGE('',*,*,#1177,.T.);
#1579=ORIENTED_EDGE('',*,*,#1178,.F.);
#1580=ORIENTED_EDGE('',*,*,#1169,.T.);
#1581=ORIENTED_EDGE('',*,*,#1179,.F.);
#1582=ORIENTED_EDGE('',*,*,#1177,.F.);
#1583=ORIENTED_EDGE('',*,*,#1180,.F.);
#1584=ORIENTED_EDGE('',*,*,#1181,.T.);
#1585=ORIENTED_EDGE('',*,*,#1182,.F.);
#1586=ORIENTED_EDGE('',*,*,#1183,.F.);
#1587=ORIENTED_EDGE('',*,*,#1184,.F.);
#1588=ORIENTED_EDGE('',*,*,#1183,.T.);
#1589=ORIENTED_EDGE('',*,*,#1185,.F.);
#1590=ORIENTED_EDGE('',*,*,#1186,.T.);
#1591=ORIENTED_EDGE('',*,*,#1187,.F.);
#1592=ORIENTED_EDGE('',*,*,#1186,.F.);
#1593=ORIENTED_EDGE('',*,*,#1188,.F.);
#1594=ORIENTED_EDGE('',*,*,#1189,.T.);
#1595=ORIENTED_EDGE('',*,*,#1190,.F.);
#1596=ORIENTED_EDGE('',*,*,#1181,.F.);
#1597=ORIENTED_EDGE('',*,*,#1191,.F.);
#1598=ORIENTED_EDGE('',*,*,#1189,.F.);
#1599=ORIENTED_EDGE('',*,*,#1192,.T.);
#1600=ORIENTED_EDGE('',*,*,#1193,.F.);
#1601=ORIENTED_EDGE('',*,*,#1194,.T.);
#1602=ORIENTED_EDGE('',*,*,#1195,.T.);
#1603=ORIENTED_EDGE('',*,*,#1196,.T.);
#1604=ORIENTED_EDGE('',*,*,#1192,.F.);
#1605=ORIENTED_EDGE('',*,*,#1197,.T.);
#1606=ORIENTED_EDGE('',*,*,#1198,.F.);
#1607=ORIENTED_EDGE('',*,*,#1199,.F.);
#1608=ORIENTED_EDGE('',*,*,#1200,.F.);
#1609=ORIENTED_EDGE('',*,*,#1201,.T.);
#1610=ORIENTED_EDGE('',*,*,#1202,.T.);
#1611=ORIENTED_EDGE('',*,*,#1203,.F.);
#1612=ORIENTED_EDGE('',*,*,#1196,.F.);
#1613=ORIENTED_EDGE('',*,*,#1204,.T.);
#1614=ORIENTED_EDGE('',*,*,#1205,.F.);
#1615=ORIENTED_EDGE('',*,*,#1197,.F.);
#1616=ORIENTED_EDGE('',*,*,#1195,.F.);
#1617=ORIENTED_EDGE('',*,*,#1206,.F.);
#1618=ORIENTED_EDGE('',*,*,#1207,.F.);
#1619=ORIENTED_EDGE('',*,*,#1208,.F.);
#1620=ORIENTED_EDGE('',*,*,#1209,.F.);
#1621=ORIENTED_EDGE('',*,*,#1210,.F.);
#1622=ORIENTED_EDGE('',*,*,#1211,.F.);
#1623=ORIENTED_EDGE('',*,*,#1212,.F.);
#1624=ORIENTED_EDGE('',*,*,#1213,.F.);
#1625=ORIENTED_EDGE('',*,*,#1214,.T.);
#1626=ORIENTED_EDGE('',*,*,#1215,.F.);
#1627=ORIENTED_EDGE('',*,*,#1204,.F.);
#1628=ORIENTED_EDGE('',*,*,#1216,.T.);
#1629=ORIENTED_EDGE('',*,*,#1217,.F.);
#1630=ORIENTED_EDGE('',*,*,#1218,.T.);
#1631=ORIENTED_EDGE('',*,*,#1219,.F.);
#1632=ORIENTED_EDGE('',*,*,#1220,.F.);
#1633=ORIENTED_EDGE('',*,*,#1221,.F.);
#1634=ORIENTED_EDGE('',*,*,#1198,.T.);
#1635=ORIENTED_EDGE('',*,*,#1205,.T.);
#1636=ORIENTED_EDGE('',*,*,#1215,.T.);
#1637=ORIENTED_EDGE('',*,*,#1222,.T.);
#1638=ORIENTED_EDGE('',*,*,#1223,.T.);
#1639=ORIENTED_EDGE('',*,*,#1222,.F.);
#1640=ORIENTED_EDGE('',*,*,#1214,.F.);
#1641=ORIENTED_EDGE('',*,*,#1224,.F.);
#1642=ORIENTED_EDGE('',*,*,#1225,.F.);
#1643=ORIENTED_EDGE('',*,*,#1202,.F.);
#1644=ORIENTED_EDGE('',*,*,#1226,.T.);
#1645=ORIENTED_EDGE('',*,*,#1217,.T.);
#1646=ORIENTED_EDGE('',*,*,#1227,.T.);
#1647=ORIENTED_EDGE('',*,*,#1203,.T.);
#1648=ORIENTED_EDGE('',*,*,#1225,.T.);
#1649=ORIENTED_EDGE('',*,*,#1228,.T.);
#1650=ORIENTED_EDGE('',*,*,#1221,.T.);
#1651=ORIENTED_EDGE('',*,*,#1229,.T.);
#1652=ORIENTED_EDGE('',*,*,#1230,.T.);
#1653=ORIENTED_EDGE('',*,*,#1199,.T.);
#1654=ORIENTED_EDGE('',*,*,#1223,.F.);
#1655=ORIENTED_EDGE('',*,*,#1224,.T.);
#1656=ORIENTED_EDGE('',*,*,#1213,.T.);
#1657=ORIENTED_EDGE('',*,*,#1231,.T.);
#1658=ORIENTED_EDGE('',*,*,#1232,.T.);
#1659=ORIENTED_EDGE('',*,*,#1233,.F.);
#1660=ORIENTED_EDGE('',*,*,#1207,.T.);
#1661=ORIENTED_EDGE('',*,*,#1234,.T.);
#1662=ORIENTED_EDGE('',*,*,#1193,.T.);
#1663=ORIENTED_EDGE('',*,*,#1227,.F.);
#1664=ORIENTED_EDGE('',*,*,#1216,.F.);
#1665=ORIENTED_EDGE('',*,*,#1228,.F.);
#1666=ORIENTED_EDGE('',*,*,#1230,.F.);
#1667=ORIENTED_EDGE('',*,*,#1235,.T.);
#1668=ORIENTED_EDGE('',*,*,#1219,.T.);
#1669=ORIENTED_EDGE('',*,*,#1236,.T.);
#1670=ORIENTED_EDGE('',*,*,#1200,.T.);
#1671=ORIENTED_EDGE('',*,*,#1226,.F.);
#1672=ORIENTED_EDGE('',*,*,#1201,.F.);
#1673=ORIENTED_EDGE('',*,*,#1236,.F.);
#1674=ORIENTED_EDGE('',*,*,#1218,.F.);
#1675=ORIENTED_EDGE('',*,*,#1194,.F.);
#1676=ORIENTED_EDGE('',*,*,#1234,.F.);
#1677=ORIENTED_EDGE('',*,*,#1206,.T.);
#1678=ORIENTED_EDGE('',*,*,#1235,.F.);
#1679=ORIENTED_EDGE('',*,*,#1229,.F.);
#1680=ORIENTED_EDGE('',*,*,#1220,.T.);
#1681=ORIENTED_EDGE('',*,*,#1237,.F.);
#1682=ORIENTED_EDGE('',*,*,#1238,.F.);
#1683=ORIENTED_EDGE('',*,*,#1239,.F.);
#1684=ORIENTED_EDGE('',*,*,#1240,.T.);
#1685=ORIENTED_EDGE('',*,*,#1241,.F.);
#1686=ORIENTED_EDGE('',*,*,#1242,.F.);
#1687=ORIENTED_EDGE('',*,*,#1243,.F.);
#1688=ORIENTED_EDGE('',*,*,#1244,.F.);
#1689=ORIENTED_EDGE('',*,*,#1245,.F.);
#1690=ORIENTED_EDGE('',*,*,#1240,.F.);
#1691=ORIENTED_EDGE('',*,*,#1238,.T.);
#1692=ORIENTED_EDGE('',*,*,#1246,.F.);
#1693=ORIENTED_EDGE('',*,*,#1247,.F.);
#1694=ORIENTED_EDGE('',*,*,#1248,.F.);
#1695=ORIENTED_EDGE('',*,*,#1249,.F.);
#1696=ORIENTED_EDGE('',*,*,#1250,.F.);
#1697=ORIENTED_EDGE('',*,*,#1251,.T.);
#1698=ORIENTED_EDGE('',*,*,#1252,.F.);
#1699=ORIENTED_EDGE('',*,*,#1244,.T.);
#1700=ORIENTED_EDGE('',*,*,#1253,.F.);
#1701=ORIENTED_EDGE('',*,*,#1254,.F.);
#1702=ORIENTED_EDGE('',*,*,#1255,.T.);
#1703=ORIENTED_EDGE('',*,*,#1256,.F.);
#1704=ORIENTED_EDGE('',*,*,#1241,.T.);
#1705=ORIENTED_EDGE('',*,*,#1245,.T.);
#1706=ORIENTED_EDGE('',*,*,#1256,.T.);
#1707=ORIENTED_EDGE('',*,*,#1257,.T.);
#1708=ORIENTED_EDGE('',*,*,#1258,.F.);
#1709=ORIENTED_EDGE('',*,*,#1259,.T.);
#1710=ORIENTED_EDGE('',*,*,#1260,.F.);
#1711=ORIENTED_EDGE('',*,*,#1261,.T.);
#1712=ORIENTED_EDGE('',*,*,#1254,.T.);
#1713=ORIENTED_EDGE('',*,*,#1253,.T.);
#1714=ORIENTED_EDGE('',*,*,#1243,.T.);
#1715=ORIENTED_EDGE('',*,*,#1262,.T.);
#1716=ORIENTED_EDGE('',*,*,#1263,.F.);
#1717=ORIENTED_EDGE('',*,*,#1264,.T.);
#1718=ORIENTED_EDGE('',*,*,#1265,.T.);
#1719=ORIENTED_EDGE('',*,*,#1266,.T.);
#1720=ORIENTED_EDGE('',*,*,#1267,.T.);
#1721=ORIENTED_EDGE('',*,*,#1265,.F.);
#1722=ORIENTED_EDGE('',*,*,#1268,.T.);
#1723=ORIENTED_EDGE('',*,*,#1266,.F.);
#1724=ORIENTED_EDGE('',*,*,#1267,.F.);
#1725=ORIENTED_EDGE('',*,*,#1269,.T.);
#1726=ORIENTED_EDGE('',*,*,#1270,.F.);
#1727=ORIENTED_EDGE('',*,*,#1271,.F.);
#1728=ORIENTED_EDGE('',*,*,#1272,.F.);
#1729=ORIENTED_EDGE('',*,*,#1269,.F.);
#1730=ORIENTED_EDGE('',*,*,#1237,.T.);
#1731=ORIENTED_EDGE('',*,*,#1239,.T.);
#1732=ORIENTED_EDGE('',*,*,#1252,.T.);
#1733=ORIENTED_EDGE('',*,*,#1273,.T.);
#1734=ORIENTED_EDGE('',*,*,#1274,.T.);
#1735=ORIENTED_EDGE('',*,*,#1275,.T.);
#1736=ORIENTED_EDGE('',*,*,#1276,.T.);
#1737=ORIENTED_EDGE('',*,*,#1277,.F.);
#1738=ORIENTED_EDGE('',*,*,#1278,.T.);
#1739=ORIENTED_EDGE('',*,*,#1279,.T.);
#1740=ORIENTED_EDGE('',*,*,#1280,.T.);
#1741=ORIENTED_EDGE('',*,*,#1281,.T.);
#1742=ORIENTED_EDGE('',*,*,#1282,.T.);
#1743=ORIENTED_EDGE('',*,*,#1250,.T.);
#1744=ORIENTED_EDGE('',*,*,#1249,.T.);
#1745=ORIENTED_EDGE('',*,*,#1283,.T.);
#1746=ORIENTED_EDGE('',*,*,#1247,.T.);
#1747=ORIENTED_EDGE('',*,*,#1246,.T.);
#1748=ORIENTED_EDGE('',*,*,#1284,.F.);
#1749=ORIENTED_EDGE('',*,*,#1285,.T.);
#1750=ORIENTED_EDGE('',*,*,#1286,.T.);
#1751=ORIENTED_EDGE('',*,*,#1268,.F.);
#1752=ORIENTED_EDGE('',*,*,#1287,.T.);
#1753=ORIENTED_EDGE('',*,*,#1288,.T.);
#1754=ORIENTED_EDGE('',*,*,#1289,.T.);
#1755=ORIENTED_EDGE('',*,*,#1287,.F.);
#1756=ORIENTED_EDGE('',*,*,#1284,.T.);
#1757=ORIENTED_EDGE('',*,*,#1288,.F.);
#1758=ORIENTED_EDGE('',*,*,#1289,.F.);
#1759=ORIENTED_EDGE('',*,*,#1290,.T.);
#1760=ORIENTED_EDGE('',*,*,#1291,.F.);
#1761=ORIENTED_EDGE('',*,*,#1292,.F.);
#1762=ORIENTED_EDGE('',*,*,#1293,.F.);
#1763=ORIENTED_EDGE('',*,*,#1290,.F.);
#1764=ORIENTED_EDGE('',*,*,#1294,.T.);
#1765=ORIENTED_EDGE('',*,*,#1258,.T.);
#1766=ORIENTED_EDGE('',*,*,#1295,.T.);
#1767=ORIENTED_EDGE('',*,*,#1291,.T.);
#1768=ORIENTED_EDGE('',*,*,#1293,.T.);
#1769=ORIENTED_EDGE('',*,*,#1295,.F.);
#1770=ORIENTED_EDGE('',*,*,#1296,.T.);
#1771=ORIENTED_EDGE('',*,*,#1294,.F.);
#1772=ORIENTED_EDGE('',*,*,#1292,.T.);
#1773=ORIENTED_EDGE('',*,*,#1297,.T.);
#1774=ORIENTED_EDGE('',*,*,#1298,.T.);
#1775=ORIENTED_EDGE('',*,*,#1299,.T.);
#1776=ORIENTED_EDGE('',*,*,#1271,.T.);
#1777=ORIENTED_EDGE('',*,*,#1300,.T.);
#1778=ORIENTED_EDGE('',*,*,#1301,.T.);
#1779=ORIENTED_EDGE('',*,*,#1302,.T.);
#1780=ORIENTED_EDGE('',*,*,#1299,.F.);
#1781=ORIENTED_EDGE('',*,*,#1260,.T.);
#1782=ORIENTED_EDGE('',*,*,#1300,.F.);
#1783=ORIENTED_EDGE('',*,*,#1270,.T.);
#1784=ORIENTED_EDGE('',*,*,#1272,.T.);
#1785=ORIENTED_EDGE('',*,*,#1296,.F.);
#1786=ORIENTED_EDGE('',*,*,#1257,.F.);
#1787=ORIENTED_EDGE('',*,*,#1303,.T.);
#1788=ORIENTED_EDGE('',*,*,#1304,.T.);
#1789=ORIENTED_EDGE('',*,*,#1261,.F.);
#1790=ORIENTED_EDGE('',*,*,#1298,.F.);
#1791=ORIENTED_EDGE('',*,*,#1305,.F.);
#1792=ORIENTED_EDGE('',*,*,#1306,.F.);
#1793=ORIENTED_EDGE('',*,*,#1307,.F.);
#1794=ORIENTED_EDGE('',*,*,#1308,.F.);
#1795=ORIENTED_EDGE('',*,*,#1309,.F.);
#1796=ORIENTED_EDGE('',*,*,#1310,.F.);
#1797=ORIENTED_EDGE('',*,*,#1311,.F.);
#1798=ORIENTED_EDGE('',*,*,#1301,.F.);
#1799=ORIENTED_EDGE('',*,*,#1259,.F.);
#1800=ORIENTED_EDGE('',*,*,#1132,.T.);
#1801=ORIENTED_EDGE('',*,*,#1136,.T.);
#1802=ORIENTED_EDGE('',*,*,#1139,.T.);
#1803=ORIENTED_EDGE('',*,*,#1143,.T.);
#1804=ORIENTED_EDGE('',*,*,#1140,.T.);
#1805=ORIENTED_EDGE('',*,*,#1137,.T.);
#1806=ORIENTED_EDGE('',*,*,#1134,.T.);
#1807=ORIENTED_EDGE('',*,*,#1142,.T.);
#1808=ORIENTED_EDGE('',*,*,#1188,.T.);
#1809=ORIENTED_EDGE('',*,*,#1185,.T.);
#1810=ORIENTED_EDGE('',*,*,#1182,.T.);
#1811=ORIENTED_EDGE('',*,*,#1190,.T.);
#1812=ORIENTED_EDGE('',*,*,#1180,.T.);
#1813=ORIENTED_EDGE('',*,*,#1184,.T.);
#1814=ORIENTED_EDGE('',*,*,#1187,.T.);
#1815=ORIENTED_EDGE('',*,*,#1191,.T.);
#1816=ORIENTED_EDGE('',*,*,#1176,.T.);
#1817=ORIENTED_EDGE('',*,*,#1173,.T.);
#1818=ORIENTED_EDGE('',*,*,#1170,.T.);
#1819=ORIENTED_EDGE('',*,*,#1178,.T.);
#1820=ORIENTED_EDGE('',*,*,#1168,.T.);
#1821=ORIENTED_EDGE('',*,*,#1172,.T.);
#1822=ORIENTED_EDGE('',*,*,#1175,.T.);
#1823=ORIENTED_EDGE('',*,*,#1179,.T.);
#1824=ORIENTED_EDGE('',*,*,#1162,.T.);
#1825=ORIENTED_EDGE('',*,*,#1167,.T.);
#1826=ORIENTED_EDGE('',*,*,#1158,.T.);
#1827=ORIENTED_EDGE('',*,*,#1165,.T.);
#1828=ORIENTED_EDGE('',*,*,#1164,.T.);
#1829=ORIENTED_EDGE('',*,*,#1156,.T.);
#1830=ORIENTED_EDGE('',*,*,#1166,.T.);
#1831=ORIENTED_EDGE('',*,*,#1160,.T.);
#1832=ORIENTED_EDGE('',*,*,#1152,.T.);
#1833=ORIENTED_EDGE('',*,*,#1149,.T.);
#1834=ORIENTED_EDGE('',*,*,#1146,.T.);
#1835=ORIENTED_EDGE('',*,*,#1154,.T.);
#1836=ORIENTED_EDGE('',*,*,#1144,.T.);
#1837=ORIENTED_EDGE('',*,*,#1148,.T.);
#1838=ORIENTED_EDGE('',*,*,#1151,.T.);
#1839=ORIENTED_EDGE('',*,*,#1155,.T.);
#1840=ORIENTED_EDGE('',*,*,#1126,.T.);
#1841=ORIENTED_EDGE('',*,*,#1131,.T.);
#1842=ORIENTED_EDGE('',*,*,#1122,.T.);
#1843=ORIENTED_EDGE('',*,*,#1129,.T.);
#1844=ORIENTED_EDGE('',*,*,#1128,.T.);
#1845=ORIENTED_EDGE('',*,*,#1120,.T.);
#1846=ORIENTED_EDGE('',*,*,#1130,.T.);
#1847=ORIENTED_EDGE('',*,*,#1124,.T.);
#1848=ORIENTED_EDGE('',*,*,#1308,.T.);
#1849=ORIENTED_EDGE('',*,*,#1312,.F.);
#1850=ORIENTED_EDGE('',*,*,#1313,.T.);
#1851=ORIENTED_EDGE('',*,*,#1314,.T.);
#1852=ORIENTED_EDGE('',*,*,#1315,.T.);
#1853=ORIENTED_EDGE('',*,*,#1316,.T.);
#1854=ORIENTED_EDGE('',*,*,#1317,.T.);
#1855=ORIENTED_EDGE('',*,*,#1318,.T.);
#1856=ORIENTED_EDGE('',*,*,#1319,.T.);
#1857=ORIENTED_EDGE('',*,*,#1320,.F.);
#1858=ORIENTED_EDGE('',*,*,#1321,.F.);
#1859=ORIENTED_EDGE('',*,*,#1320,.T.);
#1860=ORIENTED_EDGE('',*,*,#1322,.T.);
#1861=ORIENTED_EDGE('',*,*,#1323,.F.);
#1862=ORIENTED_EDGE('',*,*,#1313,.F.);
#1863=ORIENTED_EDGE('',*,*,#1324,.F.);
#1864=ORIENTED_EDGE('',*,*,#1325,.T.);
#1865=ORIENTED_EDGE('',*,*,#1326,.T.);
#1866=ORIENTED_EDGE('',*,*,#1327,.F.);
#1867=ORIENTED_EDGE('',*,*,#1328,.T.);
#1868=ORIENTED_EDGE('',*,*,#1329,.T.);
#1869=ORIENTED_EDGE('',*,*,#1330,.F.);
#1870=ORIENTED_EDGE('',*,*,#1331,.T.);
#1871=ORIENTED_EDGE('',*,*,#1332,.T.);
#1872=ORIENTED_EDGE('',*,*,#1333,.T.);
#1873=ORIENTED_EDGE('',*,*,#1334,.T.);
#1874=ORIENTED_EDGE('',*,*,#1335,.T.);
#1875=ORIENTED_EDGE('',*,*,#1336,.T.);
#1876=ORIENTED_EDGE('',*,*,#1337,.T.);
#1877=ORIENTED_EDGE('',*,*,#1338,.T.);
#1878=ORIENTED_EDGE('',*,*,#1339,.T.);
#1879=ORIENTED_EDGE('',*,*,#1340,.T.);
#1880=ORIENTED_EDGE('',*,*,#1341,.T.);
#1881=ORIENTED_EDGE('',*,*,#1342,.T.);
#1882=ORIENTED_EDGE('',*,*,#1343,.T.);
#1883=ORIENTED_EDGE('',*,*,#1344,.T.);
#1884=ORIENTED_EDGE('',*,*,#1345,.T.);
#1885=ORIENTED_EDGE('',*,*,#1346,.T.);
#1886=ORIENTED_EDGE('',*,*,#1347,.F.);
#1887=ORIENTED_EDGE('',*,*,#1306,.T.);
#1888=ORIENTED_EDGE('',*,*,#1348,.F.);
#1889=ORIENTED_EDGE('',*,*,#1297,.F.);
#1890=ORIENTED_EDGE('',*,*,#1349,.T.);
#1891=ORIENTED_EDGE('',*,*,#1350,.T.);
#1892=ORIENTED_EDGE('',*,*,#1351,.T.);
#1893=ORIENTED_EDGE('',*,*,#1348,.T.);
#1894=ORIENTED_EDGE('',*,*,#1305,.T.);
#1895=ORIENTED_EDGE('',*,*,#1302,.F.);
#1896=ORIENTED_EDGE('',*,*,#1311,.T.);
#1897=ORIENTED_EDGE('',*,*,#1352,.T.);
#1898=ORIENTED_EDGE('',*,*,#1353,.T.);
#1899=ORIENTED_EDGE('',*,*,#1354,.T.);
#1900=ORIENTED_EDGE('',*,*,#1327,.T.);
#1901=ORIENTED_EDGE('',*,*,#1355,.T.);
#1902=ORIENTED_EDGE('',*,*,#1356,.T.);
#1903=ORIENTED_EDGE('',*,*,#1349,.F.);
#1904=ORIENTED_EDGE('',*,*,#1310,.T.);
#1905=ORIENTED_EDGE('',*,*,#1357,.T.);
#1906=ORIENTED_EDGE('',*,*,#1314,.F.);
#1907=ORIENTED_EDGE('',*,*,#1323,.T.);
#1908=ORIENTED_EDGE('',*,*,#1330,.T.);
#1909=ORIENTED_EDGE('',*,*,#1358,.T.);
#1910=ORIENTED_EDGE('',*,*,#1359,.F.);
#1911=ORIENTED_EDGE('',*,*,#1352,.F.);
#1912=ORIENTED_EDGE('',*,*,#1354,.F.);
#1913=ORIENTED_EDGE('',*,*,#1360,.T.);
#1914=ORIENTED_EDGE('',*,*,#1328,.F.);
#1915=ORIENTED_EDGE('',*,*,#1355,.F.);
#1916=ORIENTED_EDGE('',*,*,#1326,.F.);
#1917=ORIENTED_EDGE('',*,*,#1361,.T.);
#1918=ORIENTED_EDGE('',*,*,#1358,.F.);
#1919=ORIENTED_EDGE('',*,*,#1329,.F.);
#1920=ORIENTED_EDGE('',*,*,#1360,.F.);
#1921=ORIENTED_EDGE('',*,*,#1353,.F.);
#1922=ORIENTED_EDGE('',*,*,#1359,.T.);
#1923=ORIENTED_EDGE('',*,*,#1345,.F.);
#1924=ORIENTED_EDGE('',*,*,#1362,.F.);
#1925=ORIENTED_EDGE('',*,*,#1363,.F.);
#1926=ORIENTED_EDGE('',*,*,#1364,.F.);
#1927=ORIENTED_EDGE('',*,*,#1346,.F.);
#1928=ORIENTED_EDGE('',*,*,#1364,.T.);
#1929=ORIENTED_EDGE('',*,*,#1365,.F.);
#1930=ORIENTED_EDGE('',*,*,#1366,.T.);
#1931=ORIENTED_EDGE('',*,*,#1343,.F.);
#1932=ORIENTED_EDGE('',*,*,#1366,.F.);
#1933=ORIENTED_EDGE('',*,*,#1367,.F.);
#1934=ORIENTED_EDGE('',*,*,#1368,.F.);
#1935=ORIENTED_EDGE('',*,*,#1344,.F.);
#1936=ORIENTED_EDGE('',*,*,#1368,.T.);
#1937=ORIENTED_EDGE('',*,*,#1369,.F.);
#1938=ORIENTED_EDGE('',*,*,#1362,.T.);
#1939=ORIENTED_EDGE('',*,*,#1341,.F.);
#1940=ORIENTED_EDGE('',*,*,#1370,.F.);
#1941=ORIENTED_EDGE('',*,*,#1371,.F.);
#1942=ORIENTED_EDGE('',*,*,#1372,.F.);
#1943=ORIENTED_EDGE('',*,*,#1342,.F.);
#1944=ORIENTED_EDGE('',*,*,#1372,.T.);
#1945=ORIENTED_EDGE('',*,*,#1373,.F.);
#1946=ORIENTED_EDGE('',*,*,#1374,.T.);
#1947=ORIENTED_EDGE('',*,*,#1339,.F.);
#1948=ORIENTED_EDGE('',*,*,#1374,.F.);
#1949=ORIENTED_EDGE('',*,*,#1375,.F.);
#1950=ORIENTED_EDGE('',*,*,#1376,.F.);
#1951=ORIENTED_EDGE('',*,*,#1340,.F.);
#1952=ORIENTED_EDGE('',*,*,#1376,.T.);
#1953=ORIENTED_EDGE('',*,*,#1377,.F.);
#1954=ORIENTED_EDGE('',*,*,#1370,.T.);
#1955=ORIENTED_EDGE('',*,*,#1337,.F.);
#1956=ORIENTED_EDGE('',*,*,#1378,.F.);
#1957=ORIENTED_EDGE('',*,*,#1379,.F.);
#1958=ORIENTED_EDGE('',*,*,#1380,.F.);
#1959=ORIENTED_EDGE('',*,*,#1338,.F.);
#1960=ORIENTED_EDGE('',*,*,#1380,.T.);
#1961=ORIENTED_EDGE('',*,*,#1381,.F.);
#1962=ORIENTED_EDGE('',*,*,#1382,.T.);
#1963=ORIENTED_EDGE('',*,*,#1335,.F.);
#1964=ORIENTED_EDGE('',*,*,#1382,.F.);
#1965=ORIENTED_EDGE('',*,*,#1383,.F.);
#1966=ORIENTED_EDGE('',*,*,#1384,.F.);
#1967=ORIENTED_EDGE('',*,*,#1336,.F.);
#1968=ORIENTED_EDGE('',*,*,#1384,.T.);
#1969=ORIENTED_EDGE('',*,*,#1385,.F.);
#1970=ORIENTED_EDGE('',*,*,#1378,.T.);
#1971=ORIENTED_EDGE('',*,*,#1333,.F.);
#1972=ORIENTED_EDGE('',*,*,#1386,.F.);
#1973=ORIENTED_EDGE('',*,*,#1387,.F.);
#1974=ORIENTED_EDGE('',*,*,#1388,.F.);
#1975=ORIENTED_EDGE('',*,*,#1334,.F.);
#1976=ORIENTED_EDGE('',*,*,#1388,.T.);
#1977=ORIENTED_EDGE('',*,*,#1389,.F.);
#1978=ORIENTED_EDGE('',*,*,#1390,.T.);
#1979=ORIENTED_EDGE('',*,*,#1331,.F.);
#1980=ORIENTED_EDGE('',*,*,#1390,.F.);
#1981=ORIENTED_EDGE('',*,*,#1391,.F.);
#1982=ORIENTED_EDGE('',*,*,#1392,.F.);
#1983=ORIENTED_EDGE('',*,*,#1332,.F.);
#1984=ORIENTED_EDGE('',*,*,#1392,.T.);
#1985=ORIENTED_EDGE('',*,*,#1393,.F.);
#1986=ORIENTED_EDGE('',*,*,#1386,.T.);
#1987=ORIENTED_EDGE('',*,*,#1394,.F.);
#1988=ORIENTED_EDGE('',*,*,#1395,.F.);
#1989=ORIENTED_EDGE('',*,*,#1396,.F.);
#1990=ORIENTED_EDGE('',*,*,#1397,.F.);
#1991=ORIENTED_EDGE('',*,*,#1316,.F.);
#1992=ORIENTED_EDGE('',*,*,#1317,.F.);
#1993=ORIENTED_EDGE('',*,*,#1397,.T.);
#1994=ORIENTED_EDGE('',*,*,#1398,.F.);
#1995=ORIENTED_EDGE('',*,*,#1399,.T.);
#1996=ORIENTED_EDGE('',*,*,#1400,.F.);
#1997=ORIENTED_EDGE('',*,*,#1318,.F.);
#1998=ORIENTED_EDGE('',*,*,#1399,.F.);
#1999=ORIENTED_EDGE('',*,*,#1401,.F.);
#2000=ORIENTED_EDGE('',*,*,#1402,.F.);
#2001=ORIENTED_EDGE('',*,*,#1403,.F.);
#2002=ORIENTED_EDGE('',*,*,#1402,.T.);
#2003=ORIENTED_EDGE('',*,*,#1404,.F.);
#2004=ORIENTED_EDGE('',*,*,#1395,.T.);
#2005=ORIENTED_EDGE('',*,*,#1315,.F.);
#2006=ORIENTED_EDGE('',*,*,#1357,.F.);
#2007=ORIENTED_EDGE('',*,*,#1309,.T.);
#2008=ORIENTED_EDGE('',*,*,#1351,.F.);
#2009=ORIENTED_EDGE('',*,*,#1350,.F.);
#2010=ORIENTED_EDGE('',*,*,#1356,.F.);
#2011=ORIENTED_EDGE('',*,*,#1361,.F.);
#2012=ORIENTED_EDGE('',*,*,#1325,.F.);
#2013=ORIENTED_EDGE('',*,*,#1324,.T.);
#2014=ORIENTED_EDGE('',*,*,#1312,.T.);
#2015=ORIENTED_EDGE('',*,*,#1307,.T.);
#2016=ORIENTED_EDGE('',*,*,#1347,.T.);
#2017=ORIENTED_EDGE('',*,*,#1405,.F.);
#2018=ORIENTED_EDGE('',*,*,#1406,.T.);
#2019=ORIENTED_EDGE('',*,*,#1321,.T.);
#2020=ORIENTED_EDGE('',*,*,#1406,.F.);
#2021=ORIENTED_EDGE('',*,*,#1407,.F.);
#2022=ORIENTED_EDGE('',*,*,#1408,.F.);
#2023=ORIENTED_EDGE('',*,*,#1409,.F.);
#2024=ORIENTED_EDGE('',*,*,#1410,.T.);
#2025=ORIENTED_EDGE('',*,*,#1407,.T.);
#2026=ORIENTED_EDGE('',*,*,#1405,.T.);
#2027=ORIENTED_EDGE('',*,*,#1410,.F.);
#2028=ORIENTED_EDGE('',*,*,#1394,.T.);
#2029=ORIENTED_EDGE('',*,*,#1322,.F.);
#2030=ORIENTED_EDGE('',*,*,#1319,.F.);
#2031=ORIENTED_EDGE('',*,*,#1400,.T.);
#2032=ORIENTED_EDGE('',*,*,#1403,.T.);
#2033=ORIENTED_EDGE('',*,*,#1408,.T.);
#2034=ORIENTED_EDGE('',*,*,#1409,.T.);
#2035=ORIENTED_EDGE('',*,*,#1411,.T.);
#2036=ORIENTED_EDGE('',*,*,#1285,.F.);
#2037=ORIENTED_EDGE('',*,*,#1286,.F.);
#2038=ORIENTED_EDGE('',*,*,#1411,.F.);
#2039=ORIENTED_EDGE('',*,*,#1412,.T.);
#2040=ORIENTED_EDGE('',*,*,#1413,.T.);
#2041=ORIENTED_EDGE('',*,*,#1414,.T.);
#2042=ORIENTED_EDGE('',*,*,#1415,.T.);
#2043=ORIENTED_EDGE('',*,*,#1416,.T.);
#2044=ORIENTED_EDGE('',*,*,#1417,.T.);
#2045=ORIENTED_EDGE('',*,*,#1418,.T.);
#2046=ORIENTED_EDGE('',*,*,#1419,.T.);
#2047=ORIENTED_EDGE('',*,*,#1414,.F.);
#2048=ORIENTED_EDGE('',*,*,#1420,.T.);
#2049=ORIENTED_EDGE('',*,*,#1421,.T.);
#2050=ORIENTED_EDGE('',*,*,#1422,.T.);
#2051=ORIENTED_EDGE('',*,*,#1418,.F.);
#2052=ORIENTED_EDGE('',*,*,#1423,.T.);
#2053=ORIENTED_EDGE('',*,*,#1424,.T.);
#2054=ORIENTED_EDGE('',*,*,#1425,.T.);
#2055=ORIENTED_EDGE('',*,*,#1412,.F.);
#2056=ORIENTED_EDGE('',*,*,#1426,.T.);
#2057=ORIENTED_EDGE('',*,*,#1421,.F.);
#2058=ORIENTED_EDGE('',*,*,#1427,.T.);
#2059=ORIENTED_EDGE('',*,*,#1424,.F.);
#2060=ORIENTED_EDGE('',*,*,#1428,.T.);
#2061=ORIENTED_EDGE('',*,*,#1429,.F.);
#2062=ORIENTED_EDGE('',*,*,#1430,.F.);
#2063=ORIENTED_EDGE('',*,*,#1431,.F.);
#2064=ORIENTED_EDGE('',*,*,#1432,.T.);
#2065=ORIENTED_EDGE('',*,*,#1427,.F.);
#2066=ORIENTED_EDGE('',*,*,#1433,.T.);
#2067=ORIENTED_EDGE('',*,*,#1434,.F.);
#2068=ORIENTED_EDGE('',*,*,#1428,.F.);
#2069=ORIENTED_EDGE('',*,*,#1423,.F.);
#2070=ORIENTED_EDGE('',*,*,#1435,.T.);
#2071=ORIENTED_EDGE('',*,*,#1436,.F.);
#2072=ORIENTED_EDGE('',*,*,#1437,.F.);
#2073=ORIENTED_EDGE('',*,*,#1438,.F.);
#2074=ORIENTED_EDGE('',*,*,#1439,.F.);
#2075=ORIENTED_EDGE('',*,*,#1273,.F.);
#2076=ORIENTED_EDGE('',*,*,#1251,.F.);
#2077=ORIENTED_EDGE('',*,*,#1282,.F.);
#2078=ORIENTED_EDGE('',*,*,#1440,.F.);
#2079=ORIENTED_EDGE('',*,*,#1441,.F.);
#2080=ORIENTED_EDGE('',*,*,#1442,.F.);
#2081=ORIENTED_EDGE('',*,*,#1433,.F.);
#2082=ORIENTED_EDGE('',*,*,#1417,.F.);
#2083=ORIENTED_EDGE('',*,*,#1443,.F.);
#2084=ORIENTED_EDGE('',*,*,#1444,.F.);
#2085=ORIENTED_EDGE('',*,*,#1435,.F.);
#2086=ORIENTED_EDGE('',*,*,#1415,.F.);
#2087=ORIENTED_EDGE('',*,*,#1419,.F.);
#2088=ORIENTED_EDGE('',*,*,#1422,.F.);
#2089=ORIENTED_EDGE('',*,*,#1426,.F.);
#2090=ORIENTED_EDGE('',*,*,#1445,.T.);
#2091=ORIENTED_EDGE('',*,*,#1446,.F.);
#2092=ORIENTED_EDGE('',*,*,#1447,.F.);
#2093=ORIENTED_EDGE('',*,*,#1448,.F.);
#2094=ORIENTED_EDGE('',*,*,#1449,.F.);
#2095=ORIENTED_EDGE('',*,*,#1450,.F.);
#2096=ORIENTED_EDGE('',*,*,#1451,.F.);
#2097=ORIENTED_EDGE('',*,*,#1445,.F.);
#2098=ORIENTED_EDGE('',*,*,#1425,.F.);
#2099=ORIENTED_EDGE('',*,*,#1432,.F.);
#2100=ORIENTED_EDGE('',*,*,#1452,.F.);
#2101=ORIENTED_EDGE('',*,*,#1453,.T.);
#2102=ORIENTED_EDGE('',*,*,#1420,.F.);
#2103=ORIENTED_EDGE('',*,*,#1454,.F.);
#2104=ORIENTED_EDGE('',*,*,#1455,.F.);
#2105=ORIENTED_EDGE('',*,*,#1456,.F.);
#2106=ORIENTED_EDGE('',*,*,#1452,.T.);
#2107=ORIENTED_EDGE('',*,*,#1431,.T.);
#2108=ORIENTED_EDGE('',*,*,#1457,.F.);
#2109=ORIENTED_EDGE('',*,*,#1458,.T.);
#2110=ORIENTED_EDGE('',*,*,#1434,.T.);
#2111=ORIENTED_EDGE('',*,*,#1442,.T.);
#2112=ORIENTED_EDGE('',*,*,#1459,.T.);
#2113=ORIENTED_EDGE('',*,*,#1460,.F.);
#2114=ORIENTED_EDGE('',*,*,#1429,.T.);
#2115=ORIENTED_EDGE('',*,*,#1440,.T.);
#2116=ORIENTED_EDGE('',*,*,#1281,.F.);
#2117=ORIENTED_EDGE('',*,*,#1461,.T.);
#2118=ORIENTED_EDGE('',*,*,#1462,.T.);
#2119=ORIENTED_EDGE('',*,*,#1463,.T.);
#2120=ORIENTED_EDGE('',*,*,#1464,.T.);
#2121=ORIENTED_EDGE('',*,*,#1465,.T.);
#2122=ORIENTED_EDGE('',*,*,#1466,.T.);
#2123=ORIENTED_EDGE('',*,*,#1210,.T.);
#2124=ORIENTED_EDGE('',*,*,#1462,.F.);
#2125=ORIENTED_EDGE('',*,*,#1467,.T.);
#2126=ORIENTED_EDGE('',*,*,#1457,.T.);
#2127=ORIENTED_EDGE('',*,*,#1468,.T.);
#2128=ORIENTED_EDGE('',*,*,#1466,.F.);
#2129=ORIENTED_EDGE('',*,*,#1469,.T.);
#2130=ORIENTED_EDGE('',*,*,#1455,.T.);
#2131=ORIENTED_EDGE('',*,*,#1470,.T.);
#2132=ORIENTED_EDGE('',*,*,#1464,.F.);
#2133=ORIENTED_EDGE('',*,*,#1471,.T.);
#2134=ORIENTED_EDGE('',*,*,#1416,.F.);
#2135=ORIENTED_EDGE('',*,*,#1456,.T.);
#2136=ORIENTED_EDGE('',*,*,#1471,.F.);
#2137=ORIENTED_EDGE('',*,*,#1472,.F.);
#2138=ORIENTED_EDGE('',*,*,#1473,.F.);
#2139=ORIENTED_EDGE('',*,*,#1443,.T.);
#2140=ORIENTED_EDGE('',*,*,#1463,.F.);
#2141=ORIENTED_EDGE('',*,*,#1209,.T.);
#2142=ORIENTED_EDGE('',*,*,#1474,.F.);
#2143=ORIENTED_EDGE('',*,*,#1472,.T.);
#2144=ORIENTED_EDGE('',*,*,#1475,.T.);
#2145=ORIENTED_EDGE('',*,*,#1263,.T.);
#2146=ORIENTED_EDGE('',*,*,#1476,.T.);
#2147=ORIENTED_EDGE('',*,*,#1446,.T.);
#2148=ORIENTED_EDGE('',*,*,#1451,.T.);
#2149=ORIENTED_EDGE('',*,*,#1476,.F.);
#2150=ORIENTED_EDGE('',*,*,#1477,.T.);
#2151=ORIENTED_EDGE('',*,*,#1478,.T.);
#2152=ORIENTED_EDGE('',*,*,#1447,.T.);
#2153=ORIENTED_EDGE('',*,*,#1479,.T.);
#2154=ORIENTED_EDGE('',*,*,#1448,.T.);
#2155=ORIENTED_EDGE('',*,*,#1478,.F.);
#2156=ORIENTED_EDGE('',*,*,#1413,.F.);
#2157=ORIENTED_EDGE('',*,*,#1453,.F.);
#2158=ORIENTED_EDGE('',*,*,#1458,.F.);
#2159=ORIENTED_EDGE('',*,*,#1469,.F.);
#2160=ORIENTED_EDGE('',*,*,#1467,.F.);
#2161=ORIENTED_EDGE('',*,*,#1465,.F.);
#2162=ORIENTED_EDGE('',*,*,#1470,.F.);
#2163=ORIENTED_EDGE('',*,*,#1454,.T.);
#2164=ORIENTED_EDGE('',*,*,#1242,.T.);
#2165=ORIENTED_EDGE('',*,*,#1264,.F.);
#2166=ORIENTED_EDGE('',*,*,#1475,.F.);
#2167=ORIENTED_EDGE('',*,*,#1450,.T.);
#2168=ORIENTED_EDGE('',*,*,#1449,.T.);
#2169=ORIENTED_EDGE('',*,*,#1479,.F.);
#2170=ORIENTED_EDGE('',*,*,#1477,.F.);
#2171=ORIENTED_EDGE('',*,*,#1262,.F.);
#2172=ORIENTED_EDGE('',*,*,#1468,.F.);
#2173=ORIENTED_EDGE('',*,*,#1430,.T.);
#2174=ORIENTED_EDGE('',*,*,#1480,.F.);
#2175=ORIENTED_EDGE('',*,*,#1211,.T.);
#2176=ORIENTED_EDGE('',*,*,#1438,.T.);
#2177=ORIENTED_EDGE('',*,*,#1481,.T.);
#2178=ORIENTED_EDGE('',*,*,#1277,.T.);
#2179=ORIENTED_EDGE('',*,*,#1482,.T.);
#2180=ORIENTED_EDGE('',*,*,#1275,.F.);
#2181=ORIENTED_EDGE('',*,*,#1483,.T.);
#2182=ORIENTED_EDGE('',*,*,#1437,.T.);
#2183=ORIENTED_EDGE('',*,*,#1484,.F.);
#2184=ORIENTED_EDGE('',*,*,#1232,.F.);
#2185=ORIENTED_EDGE('',*,*,#1459,.F.);
#2186=ORIENTED_EDGE('',*,*,#1441,.T.);
#2187=ORIENTED_EDGE('',*,*,#1461,.F.);
#2188=ORIENTED_EDGE('',*,*,#1280,.F.);
#2189=ORIENTED_EDGE('',*,*,#1485,.F.);
#2190=ORIENTED_EDGE('',*,*,#1278,.F.);
#2191=ORIENTED_EDGE('',*,*,#1481,.F.);
#2192=ORIENTED_EDGE('',*,*,#1439,.T.);
#2193=ORIENTED_EDGE('',*,*,#1483,.F.);
#2194=ORIENTED_EDGE('',*,*,#1274,.F.);
#2195=ORIENTED_EDGE('',*,*,#1233,.T.);
#2196=ORIENTED_EDGE('',*,*,#1486,.T.);
#2197=ORIENTED_EDGE('',*,*,#1474,.T.);
#2198=ORIENTED_EDGE('',*,*,#1208,.T.);
#2199=ORIENTED_EDGE('',*,*,#1480,.T.);
#2200=ORIENTED_EDGE('',*,*,#1460,.T.);
#2201=ORIENTED_EDGE('',*,*,#1231,.F.);
#2202=ORIENTED_EDGE('',*,*,#1212,.T.);
#2203=ORIENTED_EDGE('',*,*,#1444,.T.);
#2204=ORIENTED_EDGE('',*,*,#1473,.T.);
#2205=ORIENTED_EDGE('',*,*,#1486,.F.);
#2206=ORIENTED_EDGE('',*,*,#1484,.T.);
#2207=ORIENTED_EDGE('',*,*,#1436,.T.);
#2208=ORIENTED_EDGE('',*,*,#1482,.F.);
#2209=ORIENTED_EDGE('',*,*,#1276,.F.);
#2210=ORIENTED_EDGE('',*,*,#1485,.T.);
#2211=ORIENTED_EDGE('',*,*,#1279,.F.);
#2212=ORIENTED_EDGE('',*,*,#1487,.F.);
#2213=ORIENTED_EDGE('',*,*,#1248,.T.);
#2214=ORIENTED_EDGE('',*,*,#1488,.F.);
#2215=ORIENTED_EDGE('',*,*,#1255,.F.);
#2216=ORIENTED_EDGE('',*,*,#1488,.T.);
#2217=ORIENTED_EDGE('',*,*,#1489,.F.);
#2218=ORIENTED_EDGE('',*,*,#1303,.F.);
#2219=ORIENTED_EDGE('',*,*,#1487,.T.);
#2220=ORIENTED_EDGE('',*,*,#1304,.F.);
#2221=ORIENTED_EDGE('',*,*,#1490,.F.);
#2222=ORIENTED_EDGE('',*,*,#1283,.F.);
#2223=ORIENTED_EDGE('',*,*,#1490,.T.);
#2224=ORIENTED_EDGE('',*,*,#1489,.T.);
#2225=ORIENTED_EDGE('',*,*,#1401,.T.);
#2226=ORIENTED_EDGE('',*,*,#1398,.T.);
#2227=ORIENTED_EDGE('',*,*,#1396,.T.);
#2228=ORIENTED_EDGE('',*,*,#1404,.T.);
#2229=ORIENTED_EDGE('',*,*,#1391,.T.);
#2230=ORIENTED_EDGE('',*,*,#1389,.T.);
#2231=ORIENTED_EDGE('',*,*,#1387,.T.);
#2232=ORIENTED_EDGE('',*,*,#1393,.T.);
#2233=ORIENTED_EDGE('',*,*,#1383,.T.);
#2234=ORIENTED_EDGE('',*,*,#1381,.T.);
#2235=ORIENTED_EDGE('',*,*,#1379,.T.);
#2236=ORIENTED_EDGE('',*,*,#1385,.T.);
#2237=ORIENTED_EDGE('',*,*,#1375,.T.);
#2238=ORIENTED_EDGE('',*,*,#1373,.T.);
#2239=ORIENTED_EDGE('',*,*,#1371,.T.);
#2240=ORIENTED_EDGE('',*,*,#1377,.T.);
#2241=ORIENTED_EDGE('',*,*,#1367,.T.);
#2242=ORIENTED_EDGE('',*,*,#1365,.T.);
#2243=ORIENTED_EDGE('',*,*,#1363,.T.);
#2244=ORIENTED_EDGE('',*,*,#1369,.T.);
#2245=ORIENTED_EDGE('',*,*,#1491,.T.);
#2246=ORIENTED_EDGE('',*,*,#1492,.T.);
#2247=ORIENTED_EDGE('',*,*,#1493,.T.);
#2248=ORIENTED_EDGE('',*,*,#1494,.T.);
#2249=ORIENTED_EDGE('',*,*,#1495,.F.);
#2250=ORIENTED_EDGE('',*,*,#1496,.F.);
#2251=ORIENTED_EDGE('',*,*,#1497,.F.);
#2252=ORIENTED_EDGE('',*,*,#1492,.F.);
#2253=ORIENTED_EDGE('',*,*,#1497,.T.);
#2254=ORIENTED_EDGE('',*,*,#1498,.F.);
#2255=ORIENTED_EDGE('',*,*,#1499,.F.);
#2256=ORIENTED_EDGE('',*,*,#1493,.F.);
#2257=ORIENTED_EDGE('',*,*,#1499,.T.);
#2258=ORIENTED_EDGE('',*,*,#1500,.F.);
#2259=ORIENTED_EDGE('',*,*,#1501,.F.);
#2260=ORIENTED_EDGE('',*,*,#1494,.F.);
#2261=ORIENTED_EDGE('',*,*,#1501,.T.);
#2262=ORIENTED_EDGE('',*,*,#1502,.F.);
#2263=ORIENTED_EDGE('',*,*,#1495,.T.);
#2264=ORIENTED_EDGE('',*,*,#1491,.F.);
#2265=ORIENTED_EDGE('',*,*,#1502,.T.);
#2266=ORIENTED_EDGE('',*,*,#1500,.T.);
#2267=ORIENTED_EDGE('',*,*,#1498,.T.);
#2268=ORIENTED_EDGE('',*,*,#1496,.T.);
#2269=CYLINDRICAL_SURFACE('',#2439,7.40000000000001);
#2270=CYLINDRICAL_SURFACE('',#2442,6.00000000000001);
#2271=CYLINDRICAL_SURFACE('',#2447,7.);
#2272=CYLINDRICAL_SURFACE('',#2452,6.00000000000001);
#2273=CYLINDRICAL_SURFACE('',#2455,6.20000000000001);
#2274=CYLINDRICAL_SURFACE('',#2460,5.20000000000001);
#2275=CYLINDRICAL_SURFACE('',#2467,7.00000000000158);
#2276=CYLINDRICAL_SURFACE('',#2472,6.00000000000151);
#2277=CYLINDRICAL_SURFACE('',#2479,4.);
#2278=CYLINDRICAL_SURFACE('',#2490,18.);
#2279=CYLINDRICAL_SURFACE('',#2503,4.);
#2280=CYLINDRICAL_SURFACE('',#2506,2.);
#2281=CYLINDRICAL_SURFACE('',#2513,2.);
#2282=CYLINDRICAL_SURFACE('',#2514,16.);
#2283=CYLINDRICAL_SURFACE('',#2541,4.6783724797815);
#2284=CYLINDRICAL_SURFACE('',#2545,4.6783724797815);
#2285=CYLINDRICAL_SURFACE('',#2549,4.6783724797815);
#2286=CYLINDRICAL_SURFACE('',#2553,4.6783724797815);
#2287=CYLINDRICAL_SURFACE('',#2557,4.95649619133958);
#2288=CYLINDRICAL_SURFACE('',#2561,4.95649619133958);
#2289=CYLINDRICAL_SURFACE('',#2564,2.);
#2290=CYLINDRICAL_SURFACE('',#2572,2.);
#2291=CYLINDRICAL_SURFACE('',#2594,5.);
#2292=CYLINDRICAL_SURFACE('',#2614,4.99999999999985);
#2293=CYLINDRICAL_SURFACE('',#2621,15.);
#2294=ADVANCED_FACE('',(#260),#2269,.T.);
#2295=ADVANCED_FACE('',(#261),#2270,.F.);
#2296=ADVANCED_FACE('',(#262),#207,.T.);
#2297=ADVANCED_FACE('',(#263),#208,.F.);
#2298=ADVANCED_FACE('',(#264),#2271,.T.);
#2299=ADVANCED_FACE('',(#265),#209,.F.);
#2300=ADVANCED_FACE('',(#266),#2272,.F.);
#2301=ADVANCED_FACE('',(#267),#210,.T.);
#2302=ADVANCED_FACE('',(#268),#2273,.T.);
#2303=ADVANCED_FACE('',(#269),#211,.F.);
#2304=ADVANCED_FACE('',(#270),#2274,.F.);
#2305=ADVANCED_FACE('',(#271),#212,.T.);
#2306=ADVANCED_FACE('',(#272),#213,.T.);
#2307=ADVANCED_FACE('',(#273),#214,.T.);
#2308=ADVANCED_FACE('',(#274),#215,.T.);
#2309=ADVANCED_FACE('',(#275),#216,.F.);
#2310=ADVANCED_FACE('',(#276),#2275,.T.);
#2311=ADVANCED_FACE('',(#277),#217,.F.);
#2312=ADVANCED_FACE('',(#278),#2276,.F.);
#2313=ADVANCED_FACE('',(#279),#218,.T.);
#2314=ADVANCED_FACE('',(#280),#219,.T.);
#2315=ADVANCED_FACE('',(#281),#220,.F.);
#2316=ADVANCED_FACE('',(#282),#221,.T.);
#2317=ADVANCED_FACE('',(#283),#222,.T.);
#2318=ADVANCED_FACE('',(#284),#2277,.T.);
#2319=ADVANCED_FACE('',(#285),#223,.T.);
#2320=ADVANCED_FACE('',(#286),#2278,.T.);
#2321=ADVANCED_FACE('',(#287,#73),#224,.F.);
#2322=ADVANCED_FACE('',(#288),#2279,.T.);
#2323=ADVANCED_FACE('',(#289),#225,.T.);
#2324=ADVANCED_FACE('',(#290),#2280,.F.);
#2325=ADVANCED_FACE('',(#291),#62,.T.);
#2326=ADVANCED_FACE('',(#292),#226,.T.);
#2327=ADVANCED_FACE('',(#293),#2281,.F.);
#2328=ADVANCED_FACE('',(#294),#2282,.F.);
#2329=ADVANCED_FACE('',(#295),#227,.T.);
#2330=ADVANCED_FACE('',(#296),#228,.T.);
#2331=ADVANCED_FACE('',(#297),#60,.T.);
#2332=ADVANCED_FACE('',(#298),#26,.T.);
#2333=ADVANCED_FACE('',(#299),#27,.T.);
#2334=ADVANCED_FACE('',(#300),#28,.T.);
#2335=ADVANCED_FACE('',(#301),#29,.F.);
#2336=ADVANCED_FACE('',(#302),#30,.T.);
#2337=ADVANCED_FACE('',(#303,#74,#75,#76),#31,.T.);
#2338=ADVANCED_FACE('',(#304),#32,.F.);
#2339=ADVANCED_FACE('',(#305),#33,.T.);
#2340=ADVANCED_FACE('',(#306),#34,.F.);
#2341=ADVANCED_FACE('',(#307),#35,.F.);
#2342=ADVANCED_FACE('',(#308),#36,.F.);
#2343=ADVANCED_FACE('',(#309),#37,.F.);
#2344=ADVANCED_FACE('',(#310,#77,#78,#79,#80,#81,#82,#83,#84,#85,#86,#87,
#88),#38,.T.);
#2345=ADVANCED_FACE('',(#311),#39,.F.);
#2346=ADVANCED_FACE('',(#312,#89,#90,#91,#92,#93),#40,.F.);
#2347=ADVANCED_FACE('',(#313),#229,.F.);
#2348=ADVANCED_FACE('',(#314),#41,.F.);
#2349=ADVANCED_FACE('',(#315),#42,.F.);
#2350=ADVANCED_FACE('',(#316),#43,.F.);
#2351=ADVANCED_FACE('',(#317),#230,.F.);
#2352=ADVANCED_FACE('',(#318),#231,.F.);
#2353=ADVANCED_FACE('',(#319),#232,.F.);
#2354=ADVANCED_FACE('',(#320),#233,.F.);
#2355=ADVANCED_FACE('',(#321),#234,.F.);
#2356=ADVANCED_FACE('',(#322),#235,.F.);
#2357=ADVANCED_FACE('',(#323),#236,.F.);
#2358=ADVANCED_FACE('',(#324),#237,.F.);
#2359=ADVANCED_FACE('',(#325),#238,.F.);
#2360=ADVANCED_FACE('',(#326),#239,.F.);
#2361=ADVANCED_FACE('',(#327),#240,.F.);
#2362=ADVANCED_FACE('',(#328),#241,.F.);
#2363=ADVANCED_FACE('',(#329),#2283,.F.);
#2364=ADVANCED_FACE('',(#330),#242,.T.);
#2365=ADVANCED_FACE('',(#331),#2284,.F.);
#2366=ADVANCED_FACE('',(#332),#243,.F.);
#2367=ADVANCED_FACE('',(#333),#2285,.F.);
#2368=ADVANCED_FACE('',(#334),#244,.T.);
#2369=ADVANCED_FACE('',(#335),#2286,.F.);
#2370=ADVANCED_FACE('',(#336),#245,.F.);
#2371=ADVANCED_FACE('',(#337),#2287,.F.);
#2372=ADVANCED_FACE('',(#338),#246,.T.);
#2373=ADVANCED_FACE('',(#339),#2288,.F.);
#2374=ADVANCED_FACE('',(#340),#247,.F.);
#2375=ADVANCED_FACE('',(#341),#248,.F.);
#2376=ADVANCED_FACE('',(#342),#2289,.F.);
#2377=ADVANCED_FACE('',(#343),#63,.F.);
#2378=ADVANCED_FACE('',(#344),#249,.T.);
#2379=ADVANCED_FACE('',(#345),#2290,.F.);
#2380=ADVANCED_FACE('',(#346),#64,.T.);
#2381=ADVANCED_FACE('',(#347),#65,.T.);
#2382=ADVANCED_FACE('',(#348),#66,.T.);
#2383=ADVANCED_FACE('',(#349),#67,.T.);
#2384=ADVANCED_FACE('',(#350),#22,.T.);
#2385=ADVANCED_FACE('',(#351),#250,.F.);
#2386=ADVANCED_FACE('',(#352),#2291,.F.);
#2387=ADVANCED_FACE('',(#353),#251,.F.);
#2388=ADVANCED_FACE('',(#354),#17,.F.);
#2389=ADVANCED_FACE('',(#355),#252,.F.);
#2390=ADVANCED_FACE('',(#356),#253,.F.);
#2391=ADVANCED_FACE('',(#357),#44,.F.);
#2392=ADVANCED_FACE('',(#358),#45,.F.);
#2393=ADVANCED_FACE('',(#359),#68,.T.);
#2394=ADVANCED_FACE('',(#360),#46,.F.);
#2395=ADVANCED_FACE('',(#361),#69,.T.);
#2396=ADVANCED_FACE('',(#362),#47,.F.);
#2397=ADVANCED_FACE('',(#363),#48,.F.);
#2398=ADVANCED_FACE('',(#364),#23,.T.);
#2399=ADVANCED_FACE('',(#365),#70,.T.);
#2400=ADVANCED_FACE('',(#366),#49,.F.);
#2401=ADVANCED_FACE('',(#367),#50,.F.);
#2402=ADVANCED_FACE('',(#368),#51,.F.);
#2403=ADVANCED_FACE('',(#369),#2292,.F.);
#2404=ADVANCED_FACE('',(#370),#52,.T.);
#2405=ADVANCED_FACE('',(#371),#71,.T.);
#2406=ADVANCED_FACE('',(#372),#72,.T.);
#2407=ADVANCED_FACE('',(#373),#2293,.T.);
#2408=ADVANCED_FACE('',(#374),#24,.T.);
#2409=ADVANCED_FACE('',(#375),#53,.F.);
#2410=ADVANCED_FACE('',(#376),#54,.F.);
#2411=ADVANCED_FACE('',(#377),#55,.F.);
#2412=ADVANCED_FACE('',(#378),#25,.T.);
#2413=ADVANCED_FACE('',(#379),#56,.F.);
#2414=ADVANCED_FACE('',(#380),#57,.T.);
#2415=ADVANCED_FACE('',(#381),#58,.T.);
#2416=ADVANCED_FACE('',(#382),#61,.T.);
#2417=ADVANCED_FACE('',(#383,#94,#95,#96,#97,#98),#59,.T.);
#2418=ADVANCED_FACE('',(#384),#254,.T.);
#2419=ADVANCED_FACE('',(#385),#255,.T.);
#2420=ADVANCED_FACE('',(#386),#256,.T.);
#2421=ADVANCED_FACE('',(#387),#257,.T.);
#2422=ADVANCED_FACE('',(#388),#258,.T.);
#2423=ADVANCED_FACE('',(#389),#259,.T.);
#2424=CLOSED_SHELL('',(#2294,#2295,#2296,#2297,#2298,#2299,#2300,#2301,
#2302,#2303,#2304,#2305,#2306,#2307,#2308,#2309,#2310,#2311,#2312,#2313,
#2314,#2315,#2316,#2317,#2318,#2319,#2320,#2321,#2322,#2323,#2324,#2325,
#2326,#2327,#2328,#2329,#2330,#2331,#2332,#2333,#2334,#2335,#2336,#2337,
#2338,#2339,#2340,#2341,#2342,#2343,#2344,#2345,#2346,#2347,#2348,#2349,
#2350,#2351,#2352,#2353,#2354,#2355,#2356,#2357,#2358,#2359,#2360,#2361,
#2362,#2363,#2364,#2365,#2366,#2367,#2368,#2369,#2370,#2371,#2372,#2373,
#2374,#2375,#2376,#2377,#2378,#2379,#2380,#2381,#2382,#2383,#2384,#2385,
#2386,#2387,#2388,#2389,#2390,#2391,#2392,#2393,#2394,#2395,#2396,#2397,
#2398,#2399,#2400,#2401,#2402,#2403,#2404,#2405,#2406,#2407,#2408,#2409,
#2410,#2411,#2412,#2413,#2414,#2415,#2416,#2417));
#2425=CLOSED_SHELL('',(#2418,#2419,#2420,#2421,#2422,#2423));
#2426=DERIVED_UNIT_ELEMENT(#2428,1.);
#2427=DERIVED_UNIT_ELEMENT(#10429,-3.);
#2428=(
MASS_UNIT()
NAMED_UNIT(*)
SI_UNIT(.KILO.,.GRAM.)
);
#2429=DERIVED_UNIT((#2426,#2427));
#2430=MEASURE_REPRESENTATION_ITEM('density measure',
POSITIVE_RATIO_MEASURE(7850.),#2429);
#2431=PROPERTY_DEFINITION_REPRESENTATION(#2436,#2433);
#2432=PROPERTY_DEFINITION_REPRESENTATION(#2437,#2434);
#2433=REPRESENTATION('material name',(#2435),#10426);
#2434=REPRESENTATION('density',(#2430),#10426);
#2435=DESCRIPTIVE_REPRESENTATION_ITEM('Steel','Steel');
#2436=PROPERTY_DEFINITION('material property','material name',#10436);
#2437=PROPERTY_DEFINITION('material property','density of part',#10436);
#2438=AXIS2_PLACEMENT_3D('',#3068,#2630,#2631);
#2439=AXIS2_PLACEMENT_3D('',#3069,#2632,#2633);
#2440=AXIS2_PLACEMENT_3D('',#3077,#2634,#2635);
#2441=AXIS2_PLACEMENT_3D('',#3083,#2636,#2637);
#2442=AXIS2_PLACEMENT_3D('',#3084,#2638,#2639);
#2443=AXIS2_PLACEMENT_3D('',#3092,#2640,#2641);
#2444=AXIS2_PLACEMENT_3D('',#3098,#2642,#2643);
#2445=AXIS2_PLACEMENT_3D('',#3099,#2644,#2645);
#2446=AXIS2_PLACEMENT_3D('',#3108,#2646,#2647);
#2447=AXIS2_PLACEMENT_3D('',#3117,#2648,#2649);
#2448=AXIS2_PLACEMENT_3D('',#3125,#2650,#2651);
#2449=AXIS2_PLACEMENT_3D('',#3131,#2652,#2653);
#2450=AXIS2_PLACEMENT_3D('',#3132,#2654,#2655);
#2451=AXIS2_PLACEMENT_3D('',#3149,#2656,#2657);
#2452=AXIS2_PLACEMENT_3D('',#3150,#2658,#2659);
#2453=AXIS2_PLACEMENT_3D('',#3161,#2660,#2661);
#2454=AXIS2_PLACEMENT_3D('',#3162,#2662,#2663);
#2455=AXIS2_PLACEMENT_3D('',#3177,#2664,#2665);
#2456=AXIS2_PLACEMENT_3D('',#3185,#2666,#2667);
#2457=AXIS2_PLACEMENT_3D('',#3191,#2668,#2669);
#2458=AXIS2_PLACEMENT_3D('',#3192,#2670,#2671);
#2459=AXIS2_PLACEMENT_3D('',#3207,#2672,#2673);
#2460=AXIS2_PLACEMENT_3D('',#3208,#2674,#2675);
#2461=AXIS2_PLACEMENT_3D('',#3219,#2676,#2677);
#2462=AXIS2_PLACEMENT_3D('',#3220,#2678,#2679);
#2463=AXIS2_PLACEMENT_3D('',#3233,#2680,#2681);
#2464=AXIS2_PLACEMENT_3D('',#3248,#2684,#2685);
#2465=AXIS2_PLACEMENT_3D('',#3263,#2688,#2689);
#2466=AXIS2_PLACEMENT_3D('',#3272,#2690,#2691);
#2467=AXIS2_PLACEMENT_3D('',#3281,#2692,#2693);
#2468=AXIS2_PLACEMENT_3D('',#3289,#2694,#2695);
#2469=AXIS2_PLACEMENT_3D('',#3295,#2696,#2697);
#2470=AXIS2_PLACEMENT_3D('',#3296,#2698,#2699);
#2471=AXIS2_PLACEMENT_3D('',#3307,#2700,#2701);
#2472=AXIS2_PLACEMENT_3D('',#3308,#2702,#2703);
#2473=AXIS2_PLACEMENT_3D('',#3319,#2704,#2705);
#2474=AXIS2_PLACEMENT_3D('',#3320,#2706,#2707);
#2475=AXIS2_PLACEMENT_3D('',#3329,#2708,#2709);
#2476=AXIS2_PLACEMENT_3D('',#3344,#2712,#2713);
#2477=AXIS2_PLACEMENT_3D('',#3358,#2715,#2716);
#2478=AXIS2_PLACEMENT_3D('',#3370,#2718,#2719);
#2479=AXIS2_PLACEMENT_3D('',#3379,#2720,#2721);
#2480=AXIS2_PLACEMENT_3D('',#3382,#2722,#2723);
#2481=AXIS2_PLACEMENT_3D('',#3395,#2725,#2726);
#2482=AXIS2_PLACEMENT_3D('',#3397,#2728,#2729);
#2483=AXIS2_PLACEMENT_3D('',#3399,#2730,#2731);
#2484=AXIS2_PLACEMENT_3D('',#3401,#2732,#2733);
#2485=AXIS2_PLACEMENT_3D('',#3403,#2734,#2735);
#2486=AXIS2_PLACEMENT_3D('',#3405,#2736,#2737);
#2487=AXIS2_PLACEMENT_3D('',#3407,#2738,#2739);
#2488=AXIS2_PLACEMENT_3D('',#3409,#2740,#2741);
#2489=AXIS2_PLACEMENT_3D('',#3410,#2742,#2743);
#2490=AXIS2_PLACEMENT_3D('',#3411,#2744,#2745);
#2491=AXIS2_PLACEMENT_3D('',#3413,#2746,#2747);
#2492=AXIS2_PLACEMENT_3D('',#3415,#2749,#2750);
#2493=AXIS2_PLACEMENT_3D('',#3419,#2752,#2753);
#2494=AXIS2_PLACEMENT_3D('',#3427,#2754,#2755);
#2495=AXIS2_PLACEMENT_3D('',#3429,#2756,#2757);
#2496=AXIS2_PLACEMENT_3D('',#3431,#2758,#2759);
#2497=AXIS2_PLACEMENT_3D('',#3440,#2760,#2761);
#2498=AXIS2_PLACEMENT_3D('',#3443,#2763,#2764);
#2499=AXIS2_PLACEMENT_3D('',#3448,#2766,#2767);
#2500=AXIS2_PLACEMENT_3D('',#3450,#2768,#2769);
#2501=AXIS2_PLACEMENT_3D('',#3452,#2770,#2771);
#2502=AXIS2_PLACEMENT_3D('',#3455,#2773,#2774);
#2503=AXIS2_PLACEMENT_3D('',#3456,#2775,#2776);
#2504=AXIS2_PLACEMENT_3D('',#3467,#2778,#2779);
#2505=AXIS2_PLACEMENT_3D('',#3468,#2780,#2781);
#2506=AXIS2_PLACEMENT_3D('',#3469,#2782,#2783);
#2507=AXIS2_PLACEMENT_3D('',#3481,#2786,#2787);
#2508=AXIS2_PLACEMENT_3D('',#3512,#2788,#2789);
#2509=AXIS2_PLACEMENT_3D('',#3514,#2790,#2791);
#2510=AXIS2_PLACEMENT_3D('',#3515,#2792,#2793);
#2511=AXIS2_PLACEMENT_3D('',#3516,#2794,#2795);
#2512=AXIS2_PLACEMENT_3D('',#3517,#2796,#2797);
#2513=AXIS2_PLACEMENT_3D('',#3518,#2798,#2799);
#2514=AXIS2_PLACEMENT_3D('',#3521,#2802,#2803);
#2515=AXIS2_PLACEMENT_3D('',#3522,#2804,#2805);
#2516=AXIS2_PLACEMENT_3D('',#3523,#2806,#2807);
#2517=AXIS2_PLACEMENT_3D('',#4669,#2808,#2809);
#2518=AXIS2_PLACEMENT_3D('',#5748,#2811,#2812);
#2519=AXIS2_PLACEMENT_3D('',#6146,#2814,#2815);
#2520=AXIS2_PLACEMENT_3D('',#6147,#2816,#2817);
#2521=AXIS2_PLACEMENT_3D('',#6249,#2818,#2819);
#2522=AXIS2_PLACEMENT_3D('',#6250,#2820,#2821);
#2523=AXIS2_PLACEMENT_3D('',#7101,#2822,#2823);
#2524=AXIS2_PLACEMENT_3D('',#7125,#2824,#2825);
#2525=AXIS2_PLACEMENT_3D('',#7126,#2826,#2827);
#2526=AXIS2_PLACEMENT_3D('',#7457,#2828,#2829);
#2527=AXIS2_PLACEMENT_3D('',#7645,#2831,#2832);
#2528=AXIS2_PLACEMENT_3D('',#7647,#2834,#2835);
#2529=AXIS2_PLACEMENT_3D('',#7649,#2837,#2838);
#2530=AXIS2_PLACEMENT_3D('',#7650,#2839,#2840);
#2531=AXIS2_PLACEMENT_3D('',#7659,#2843,#2844);
#2532=AXIS2_PLACEMENT_3D('',#7666,#2846,#2847);
#2533=AXIS2_PLACEMENT_3D('',#7673,#2849,#2850);
#2534=AXIS2_PLACEMENT_3D('',#7678,#2851,#2852);
#2535=AXIS2_PLACEMENT_3D('',#7687,#2855,#2856);
#2536=AXIS2_PLACEMENT_3D('',#7694,#2858,#2859);
#2537=AXIS2_PLACEMENT_3D('',#7701,#2861,#2862);
#2538=AXIS2_PLACEMENT_3D('',#7706,#2863,#2864);
#2539=AXIS2_PLACEMENT_3D('',#7708,#2865,#2866);
#2540=AXIS2_PLACEMENT_3D('',#7714,#2867,#2868);
#2541=AXIS2_PLACEMENT_3D('',#7715,#2869,#2870);
#2542=AXIS2_PLACEMENT_3D('',#7721,#2871,#2872);
#2543=AXIS2_PLACEMENT_3D('',#7722,#2873,#2874);
#2544=AXIS2_PLACEMENT_3D('',#7728,#2875,#2876);
#2545=AXIS2_PLACEMENT_3D('',#7729,#2877,#2878);
#2546=AXIS2_PLACEMENT_3D('',#7734,#2879,#2880);
#2547=AXIS2_PLACEMENT_3D('',#7736,#2881,#2882);
#2548=AXIS2_PLACEMENT_3D('',#7742,#2883,#2884);
#2549=AXIS2_PLACEMENT_3D('',#7743,#2885,#2886);
#2550=AXIS2_PLACEMENT_3D('',#7749,#2887,#2888);
#2551=AXIS2_PLACEMENT_3D('',#7750,#2889,#2890);
#2552=AXIS2_PLACEMENT_3D('',#7756,#2891,#2892);
#2553=AXIS2_PLACEMENT_3D('',#7757,#2893,#2894);
#2554=AXIS2_PLACEMENT_3D('',#7764,#2895,#2896);
#2555=AXIS2_PLACEMENT_3D('',#7768,#2898,#2899);
#2556=AXIS2_PLACEMENT_3D('',#7774,#2900,#2901);
#2557=AXIS2_PLACEMENT_3D('',#7775,#2902,#2903);
#2558=AXIS2_PLACEMENT_3D('',#7781,#2904,#2905);
#2559=AXIS2_PLACEMENT_3D('',#7782,#2906,#2907);
#2560=AXIS2_PLACEMENT_3D('',#7790,#2909,#2910);
#2561=AXIS2_PLACEMENT_3D('',#7791,#2911,#2912);
#2562=AXIS2_PLACEMENT_3D('',#7797,#2914,#2915);
#2563=AXIS2_PLACEMENT_3D('',#7798,#2916,#2917);
#2564=AXIS2_PLACEMENT_3D('',#7799,#2918,#2919);
#2565=AXIS2_PLACEMENT_3D('',#7802,#2920,#2921);
#2566=AXIS2_PLACEMENT_3D('',#7804,#2923,#2924);
#2567=AXIS2_PLACEMENT_3D('',#7805,#2925,#2926);
#2568=AXIS2_PLACEMENT_3D('',#7808,#2927,#2928);
#2569=AXIS2_PLACEMENT_3D('',#7809,#2929,#2930);
#2570=AXIS2_PLACEMENT_3D('',#7810,#2931,#2932);
#2571=AXIS2_PLACEMENT_3D('',#7811,#2933,#2934);
#2572=AXIS2_PLACEMENT_3D('',#7812,#2935,#2936);
#2573=AXIS2_PLACEMENT_3D('',#7814,#2938,#2939);
#2574=AXIS2_PLACEMENT_3D('',#7817,#2940,#2941);
#2575=AXIS2_PLACEMENT_3D('',#7819,#2942,#2943);
#2576=AXIS2_PLACEMENT_3D('',#7821,#2944,#2945);
#2577=AXIS2_PLACEMENT_3D('',#7822,#2946,#2947);
#2578=AXIS2_PLACEMENT_3D('',#7823,#2948,#2949);
#2579=AXIS2_PLACEMENT_3D('',#7837,#2950,#2951);
#2580=AXIS2_PLACEMENT_3D('',#7839,#2952,#2953);
#2581=AXIS2_PLACEMENT_3D('',#7840,#2954,#2955);
#2582=AXIS2_PLACEMENT_3D('',#7841,#2956,#2957);
#2583=AXIS2_PLACEMENT_3D('',#7842,#2958,#2959);
#2584=AXIS2_PLACEMENT_3D('',#7845,#2960,#2961);
#2585=AXIS2_PLACEMENT_3D('',#7846,#2962,#2963);
#2586=AXIS2_PLACEMENT_3D('',#7847,#2964,#2965);
#2587=AXIS2_PLACEMENT_3D('',#7848,#2966,#2967);
#2588=AXIS2_PLACEMENT_3D('',#7859,#2968,#2969);
#2589=AXIS2_PLACEMENT_3D('',#7860,#2970,#2971);
#2590=AXIS2_PLACEMENT_3D('',#7861,#2972,#2973);
#2591=AXIS2_PLACEMENT_3D('',#7862,#2974,#2975);
#2592=AXIS2_PLACEMENT_3D('',#7876,#2976,#2977);
#2593=AXIS2_PLACEMENT_3D('',#7886,#2978,#2979);
#2594=AXIS2_PLACEMENT_3D('',#7895,#2981,#2982);
#2595=AXIS2_PLACEMENT_3D('',#7937,#2984,#2985);
#2596=AXIS2_PLACEMENT_3D('',#7948,#2986,#2987);
#2597=AXIS2_PLACEMENT_3D('',#7950,#2988,#2989);
#2598=AXIS2_PLACEMENT_3D('',#8010,#2990,#2991);
#2599=AXIS2_PLACEMENT_3D('',#8025,#2993,#2994);
#2600=AXIS2_PLACEMENT_3D('',#8078,#2996,#2997);
#2601=AXIS2_PLACEMENT_3D('',#8131,#2998,#2999);
#2602=AXIS2_PLACEMENT_3D('',#8132,#3000,#3001);
#2603=AXIS2_PLACEMENT_3D('',#8164,#3002,#3003);
#2604=AXIS2_PLACEMENT_3D('',#8172,#3004,#3005);
#2605=AXIS2_PLACEMENT_3D('',#8178,#3006,#3007);
#2606=AXIS2_PLACEMENT_3D('',#8180,#3008,#3009);
#2607=AXIS2_PLACEMENT_3D('',#8181,#3010,#3011);
#2608=AXIS2_PLACEMENT_3D('',#8266,#3012,#3013);
#2609=AXIS2_PLACEMENT_3D('',#8268,#3014,#3015);
#2610=AXIS2_PLACEMENT_3D('',#8276,#3016,#3017);
#2611=AXIS2_PLACEMENT_3D('',#8277,#3018,#3019);
#2612=AXIS2_PLACEMENT_3D('',#8428,#3020,#3021);
#2613=AXIS2_PLACEMENT_3D('',#8459,#3022,#3023);
#2614=AXIS2_PLACEMENT_3D('',#8501,#3024,#3025);
#2615=AXIS2_PLACEMENT_3D('',#8667,#3026,#3027);
#2616=AXIS2_PLACEMENT_3D('',#8668,#3028,#3029);
#2617=AXIS2_PLACEMENT_3D('',#8669,#3030,#3031);
#2618=AXIS2_PLACEMENT_3D('',#8670,#3032,#3033);
#2619=AXIS2_PLACEMENT_3D('',#8671,#3034,#3035);
#2620=AXIS2_PLACEMENT_3D('',#8672,#3036,#3037);
#2621=AXIS2_PLACEMENT_3D('',#8673,#3038,#3039);
#2622=AXIS2_PLACEMENT_3D('',#8685,#3040,#3041);
#2623=AXIS2_PLACEMENT_3D('',#8781,#3042,#3043);
#2624=AXIS2_PLACEMENT_3D('',#10398,#3044,#3045);
#2625=AXIS2_PLACEMENT_3D('',#10407,#3050,#3051);
#2626=AXIS2_PLACEMENT_3D('',#10413,#3055,#3056);
#2627=AXIS2_PLACEMENT_3D('',#10417,#3059,#3060);
#2628=AXIS2_PLACEMENT_3D('',#10421,#3063,#3064);
#2629=AXIS2_PLACEMENT_3D('',#10423,#3066,#3067);
#2630=DIRECTION('axis',(0.,0.,1.));
#2631=DIRECTION('refdir',(1.,0.,0.));
#2632=DIRECTION('center_axis',(0.965925826291857,-0.258819045092112,5.28466159721574E-13));
#2633=DIRECTION('ref_axis',(0.0680523977122642,0.253975005851971,0.964813747605258));
#2634=DIRECTION('center_axis',(-0.96592582628906,0.258819045102553,-3.32890368031597E-13));
#2635=DIRECTION('ref_axis',(0.0680523977151916,0.253975005851186,0.964813747605258));
#2636=DIRECTION('center_axis',(0.96592582628906,-0.258819045102553,3.32890368031596E-13));
#2637=DIRECTION('ref_axis',(0.0680523977151916,0.253975005851186,0.964813747605258));
#2638=DIRECTION('center_axis',(0.965925826291857,-0.258819045092112,5.28466159721574E-13));
#2639=DIRECTION('ref_axis',(0.0870290930581255,0.324796997045487,0.941771122763761));
#2640=DIRECTION('center_axis',(-0.965925826289071,0.25881904510251,-2.32069153142735E-14));
#2641=DIRECTION('ref_axis',(0.0870290930620816,0.324796997044427,0.941771122763761));
#2642=DIRECTION('center_axis',(-0.965925826289071,0.25881904510251,-2.32069153142735E-14));
#2643=DIRECTION('ref_axis',(0.0870290930620816,0.324796997044427,0.941771122763761));
#2644=DIRECTION('center_axis',(-0.965925826291857,0.258819045092113,-5.28692743566189E-13));
#2645=DIRECTION('ref_axis',(-5.10677975182206E-13,1.36835751042433E-13,
1.));
#2646=DIRECTION('center_axis',(-0.965925826291857,0.258819045092113,-5.28692743566189E-13));
#2647=DIRECTION('ref_axis',(-5.10677975182206E-13,1.36835751042433E-13,
1.));
#2648=DIRECTION('center_axis',(0.,0.,-1.));
#2649=DIRECTION('ref_axis',(0.971913307805904,0.235339163994832,0.));
#2650=DIRECTION('center_axis',(0.,0.,1.));
#2651=DIRECTION('ref_axis',(0.971913307805904,0.235339163994832,0.));
#2652=DIRECTION('center_axis',(0.,0.,-1.));
#2653=DIRECTION('ref_axis',(0.971913307805904,0.235339163994832,0.));
#2654=DIRECTION('center_axis',(0.,0.,1.));
#2655=DIRECTION('ref_axis',(1.,0.,0.));
#2656=DIRECTION('center_axis',(0.,0.,1.));
#2657=DIRECTION('ref_axis',(0.95352474646175,0.301314715679561,0.));
#2658=DIRECTION('center_axis',(0.,0.,-1.));
#2659=DIRECTION('ref_axis',(0.95352474646175,0.301314715679561,0.));
#2660=DIRECTION('center_axis',(0.,0.,1.));
#2661=DIRECTION('ref_axis',(0.95352474646175,0.301314715679561,0.));
#2662=DIRECTION('center_axis',(0.,0.,1.));
#2663=DIRECTION('ref_axis',(1.,0.,0.));
#2664=DIRECTION('center_axis',(0.,0.,-1.));
#2665=DIRECTION('ref_axis',(0.96774193548387,0.251943537932476,0.));
#2666=DIRECTION('center_axis',(0.,0.,1.));
#2667=DIRECTION('ref_axis',(0.96774193548387,0.251943537932476,0.));
#2668=DIRECTION('center_axis',(0.,0.,-1.));
#2669=DIRECTION('ref_axis',(0.96774193548387,0.251943537932476,0.));
#2670=DIRECTION('center_axis',(0.,0.,1.));
#2671=DIRECTION('ref_axis',(1.,0.,0.));
#2672=DIRECTION('center_axis',(0.,0.,1.));
#2673=DIRECTION('ref_axis',(0.93982405006478,0.341658828248056,0.));
#2674=DIRECTION('center_axis',(0.,0.,-1.));
#2675=DIRECTION('ref_axis',(0.93982405006478,0.341658828248056,0.));
#2676=DIRECTION('center_axis',(0.,0.,1.));
#2677=DIRECTION('ref_axis',(0.93982405006478,0.341658828248056,0.));
#2678=DIRECTION('center_axis',(0.,0.,1.));
#2679=DIRECTION('ref_axis',(1.,0.,0.));
#2680=DIRECTION('center_axis',(0.984807753012208,0.173648177666932,0.));
#2681=DIRECTION('ref_axis',(0.173648177666932,-0.984807753012208,2.47845383976525E-15));
#2682=DIRECTION('',(-0.173648177666932,0.984807753012208,-2.47845383976525E-15));
#2683=DIRECTION('',(0.173648177666932,-0.984807753012208,2.47845383976525E-15));
#2684=DIRECTION('center_axis',(-0.984807753012207,-0.173648177666935,0.));
#2685=DIRECTION('ref_axis',(-0.173648177666935,0.984807753012207,0.));
#2686=DIRECTION('',(-0.173648177666935,0.984807753012207,0.));
#2687=DIRECTION('',(0.173648177666935,-0.984807753012207,0.));
#2688=DIRECTION('center_axis',(0.,0.,1.));
#2689=DIRECTION('ref_axis',(1.,0.,0.));
#2690=DIRECTION('center_axis',(0.,0.,1.));
#2691=DIRECTION('ref_axis',(1.,0.,0.));
#2692=DIRECTION('center_axis',(0.,0.,-1.));
#2693=DIRECTION('ref_axis',(-0.999679528758455,0.0253148134749998,0.));
#2694=DIRECTION('center_axis',(0.,0.,1.));
#2695=DIRECTION('ref_axis',(-0.999679528758455,0.0253148134749998,0.));
#2696=DIRECTION('center_axis',(0.,0.,-1.));
#2697=DIRECTION('ref_axis',(-0.999679528758455,0.0253148134749998,0.));
#2698=DIRECTION('center_axis',(0.,0.,1.));
#2699=DIRECTION('ref_axis',(1.,0.,0.));
#2700=DIRECTION('center_axis',(0.,0.,1.));
#2701=DIRECTION('ref_axis',(-0.994692686499975,-0.102890521543349,0.));
#2702=DIRECTION('center_axis',(0.,0.,-1.));
#2703=DIRECTION('ref_axis',(-0.994692686499975,-0.102890521543349,0.));
#2704=DIRECTION('center_axis',(0.,0.,1.));
#2705=DIRECTION('ref_axis',(-0.994692686499975,-0.102890521543349,0.));
#2706=DIRECTION('center_axis',(0.,0.,1.));
#2707=DIRECTION('ref_axis',(1.,0.,0.));
#2708=DIRECTION('center_axis',(-0.939692620785905,0.342020143325678,0.));
#2709=DIRECTION('ref_axis',(0.342020143325678,0.939692620785905,-4.23461380994406E-15));
#2710=DIRECTION('',(0.342020143325678,0.939692620785905,-4.23461380994406E-15));
#2711=DIRECTION('',(0.342020143325678,0.939692620785905,-4.23461380994406E-15));
#2712=DIRECTION('center_axis',(0.,0.,1.));
#2713=DIRECTION('ref_axis',(1.,0.,0.));
#2714=DIRECTION('',(-0.342020143325664,-0.93969262078591,4.64950543723037E-15));
#2715=DIRECTION('center_axis',(0.93969262078591,-0.342020143325664,0.));
#2716=DIRECTION('ref_axis',(-0.342020143325664,-0.93969262078591,4.64950543723037E-15));
#2717=DIRECTION('',(-0.342020143325664,-0.93969262078591,4.64950543723037E-15));
#2718=DIRECTION('center_axis',(0.,0.,1.));
#2719=DIRECTION('ref_axis',(1.,0.,0.));
#2720=DIRECTION('center_axis',(0.,0.,1.));
#2721=DIRECTION('ref_axis',(0.973175761770948,0.230062897272757,0.));
#2722=DIRECTION('center_axis',(0.,0.,-1.));
#2723=DIRECTION('ref_axis',(0.973175761770948,0.230062897272757,0.));
#2724=DIRECTION('',(0.,0.,-1.));
#2725=DIRECTION('center_axis',(0.,0.,1.));
#2726=DIRECTION('ref_axis',(0.973175761770948,0.230062897272757,0.));
#2727=DIRECTION('',(0.,0.,1.));
#2728=DIRECTION('center_axis',(0.,0.,1.));
#2729=DIRECTION('ref_axis',(1.,0.,0.));
#2730=DIRECTION('center_axis',(0.,0.,1.));
#2731=DIRECTION('ref_axis',(0.64278760968654,0.766044443118977,0.));
#2732=DIRECTION('center_axis',(0.,0.,-1.));
#2733=DIRECTION('ref_axis',(-0.973175761770948,0.230062897272757,0.));
#2734=DIRECTION('center_axis',(0.,0.,1.));
#2735=DIRECTION('ref_axis',(-1.,0.,0.));
#2736=DIRECTION('center_axis',(0.,0.,1.));
#2737=DIRECTION('ref_axis',(-0.973175761770948,0.230062897272757,0.));
#2738=DIRECTION('center_axis',(0.,0.,-1.));
#2739=DIRECTION('ref_axis',(0.541990505009216,0.840384609854235,0.));
#2740=DIRECTION('center_axis',(0.,0.,1.));
#2741=DIRECTION('ref_axis',(0.973175761770948,0.230062897272759,0.));
#2742=DIRECTION('center_axis',(0.,0.,1.));
#2743=DIRECTION('ref_axis',(-1.,0.,0.));
#2744=DIRECTION('center_axis',(0.,0.,1.));
#2745=DIRECTION('ref_axis',(0.64278760968654,0.766044443118977,0.));
#2746=DIRECTION('center_axis',(0.,0.,1.));
#2747=DIRECTION('ref_axis',(0.64278760968654,0.766044443118977,0.));
#2748=DIRECTION('',(0.,0.,-1.));
#2749=DIRECTION('center_axis',(0.,0.,1.));
#2750=DIRECTION('ref_axis',(1.,0.,0.));
#2751=DIRECTION('',(0.64278760968654,0.766044443118977,0.));
#2752=DIRECTION('center_axis',(0.,0.,1.));
#2753=DIRECTION('ref_axis',(6.12323399573677E-17,1.,0.));
#2754=DIRECTION('center_axis',(0.,0.,1.));
#2755=DIRECTION('ref_axis',(-1.11022302462516E-16,-1.,0.));
#2756=DIRECTION('center_axis',(0.,0.,-1.));
#2757=DIRECTION('ref_axis',(0.,1.,0.));
#2758=DIRECTION('center_axis',(0.,0.,1.));
#2759=DIRECTION('ref_axis',(-1.11022302462516E-16,-1.,0.));
#2760=DIRECTION('center_axis',(0.,0.,1.));
#2761=DIRECTION('ref_axis',(6.12323399573677E-17,1.,0.));
#2762=DIRECTION('',(-0.64278760968654,0.766044443118977,0.));
#2763=DIRECTION('center_axis',(0.,0.,1.));
#2764=DIRECTION('ref_axis',(-0.973175761770948,0.230062897272757,0.));
#2765=DIRECTION('',(0.642787609686539,0.766044443118978,0.));
#2766=DIRECTION('center_axis',(0.,0.,-1.));
#2767=DIRECTION('ref_axis',(0.973175761770948,0.230062897272759,0.));
#2768=DIRECTION('center_axis',(0.,0.,1.));
#2769=DIRECTION('ref_axis',(0.541990505009216,0.840384609854235,0.));
#2770=DIRECTION('center_axis',(0.,0.,-1.));
#2771=DIRECTION('ref_axis',(-0.973175761770948,0.230062897272757,0.));
#2772=DIRECTION('',(-0.64278760968654,0.766044443118977,0.));
#2773=DIRECTION('center_axis',(0.,0.,1.));
#2774=DIRECTION('ref_axis',(6.12323399573677E-17,1.,0.));
#2775=DIRECTION('center_axis',(0.,0.,1.));
#2776=DIRECTION('ref_axis',(-0.973175761770948,0.230062897272757,0.));
#2777=DIRECTION('',(0.,0.,1.));
#2778=DIRECTION('center_axis',(-0.766044443118977,-0.64278760968654,0.));
#2779=DIRECTION('ref_axis',(0.64278760968654,-0.766044443118977,0.));
#2780=DIRECTION('center_axis',(-0.766044443118977,-0.64278760968654,0.));
#2781=DIRECTION('ref_axis',(-0.64278760968654,0.766044443118977,0.));
#2782=DIRECTION('center_axis',(0.,0.,1.));
#2783=DIRECTION('ref_axis',(0.973175761770948,0.230062897272759,0.));
#2784=DIRECTION('',(0.,0.,-1.));
#2785=DIRECTION('',(0.,0.,1.));
#2786=DIRECTION('center_axis',(0.,0.,-1.));
#2787=DIRECTION('ref_axis',(-1.,0.,0.));
#2788=DIRECTION('center_axis',(0.614838628506219,0.788652940713843,0.));
#2789=DIRECTION('ref_axis',(0.,0.,-1.));
#2790=DIRECTION('center_axis',(0.,0.,-1.));
#2791=DIRECTION('ref_axis',(6.12323399573676E-17,1.,0.));
#2792=DIRECTION('center_axis',(0.614838628478288,-0.788652940735618,0.));
#2793=DIRECTION('ref_axis',(0.,0.,-1.));
#2794=DIRECTION('center_axis',(0.766044443118977,-0.64278760968654,0.));
#2795=DIRECTION('ref_axis',(0.64278760968654,0.766044443118977,0.));
#2796=DIRECTION('center_axis',(-0.766044443118978,0.642787609686539,0.));
#2797=DIRECTION('ref_axis',(-0.642787609686539,-0.766044443118978,0.));
#2798=DIRECTION('center_axis',(0.,0.,1.));
#2799=DIRECTION('ref_axis',(-0.973175761770948,0.230062897272757,0.));
#2800=DIRECTION('',(0.,0.,-1.));
#2801=DIRECTION('',(0.,0.,1.));
#2802=DIRECTION('center_axis',(0.,0.,1.));
#2803=DIRECTION('ref_axis',(0.541990505009216,0.840384609854235,0.));
#2804=DIRECTION('center_axis',(0.766044443118977,-0.64278760968654,0.));
#2805=DIRECTION('ref_axis',(0.64278760968654,0.766044443118977,0.));
#2806=DIRECTION('center_axis',(0.766044443118977,0.64278760968654,0.));
#2807=DIRECTION('ref_axis',(-0.64278760968654,0.766044443118977,0.));
#2808=DIRECTION('center_axis',(0.756396247362206,0.462247766151691,-0.462808512955568));
#2809=DIRECTION('ref_axis',(-0.515278950151461,0.856912653759389,0.0137225128110452));
#2810=DIRECTION('',(0.242424242424242,-0.606060606060606,0.757575757575758));
#2811=DIRECTION('center_axis',(0.691965130155273,-0.502390682870989,0.518447548372657));
#2812=DIRECTION('ref_axis',(0.53872044931647,0.837397865488657,0.0924396687753816));
#2813=DIRECTION('',(-0.184201667953655,-0.614005559845517,0.767506949806896));
#2814=DIRECTION('center_axis',(-0.651404499978667,0.0132618323045769,-0.758614725148061));
#2815=DIRECTION('ref_axis',(0.439014503041705,-0.808886672591705,-0.391112026179923));
#2816=DIRECTION('center_axis',(0.356439239310811,-0.278489302600384,-0.891849077488272));
#2817=DIRECTION('ref_axis',(-0.443064834213796,-0.89077329225935,0.10107667624403));
#2818=DIRECTION('center_axis',(0.326210774354226,0.216878453214313,0.920081663346566));
#2819=DIRECTION('ref_axis',(0.403500996339529,-0.912146022870751,0.0719484462242148));
#2820=DIRECTION('center_axis',(-0.628592840288095,-0.023629111598839,0.777375524584865));
#2821=DIRECTION('ref_axis',(-0.431967836247238,-0.82058005605216,-0.374235433994851));
#2822=DIRECTION('center_axis',(4.81297377067631E-17,-0.0724615183111368,
0.997371208910727));
#2823=DIRECTION('ref_axis',(-1.,-2.15923661401966E-16,3.25691989823465E-17));
#2824=DIRECTION('center_axis',(2.7138149139299E-18,-0.030434090961624,0.999536775765324));
#2825=DIRECTION('ref_axis',(-1.,-2.12893409241154E-16,-3.76714750206401E-18));
#2826=DIRECTION('center_axis',(4.81297377067631E-17,-0.0724615183111368,
0.997371208910727));
#2827=DIRECTION('ref_axis',(-1.,-2.15923661401966E-16,3.25691989823465E-17));
#2828=DIRECTION('center_axis',(0.,0.,1.));
#2829=DIRECTION('ref_axis',(0.,-1.,0.));
#2830=DIRECTION('',(0.,1.,0.));
#2831=DIRECTION('center_axis',(0.,0.,-1.));
#2832=DIRECTION('ref_axis',(0.,1.,0.));
#2833=DIRECTION('',(0.,1.,0.));
#2834=DIRECTION('center_axis',(0.,0.,-1.));
#2835=DIRECTION('ref_axis',(0.,1.,0.));
#2836=DIRECTION('',(0.,-1.,0.));
#2837=DIRECTION('center_axis',(1.,0.,0.));
#2838=DIRECTION('ref_axis',(0.,0.,-1.));
#2839=DIRECTION('center_axis',(1.,0.,0.));
#2840=DIRECTION('ref_axis',(0.,0.,-1.));
#2841=DIRECTION('',(0.,-1.,0.));
#2842=DIRECTION('',(0.,1.,0.));
#2843=DIRECTION('center_axis',(0.,0.,-1.));
#2844=DIRECTION('ref_axis',(0.,1.,0.));
#2845=DIRECTION('',(0.,-1.,0.));
#2846=DIRECTION('center_axis',(-1.,0.,0.));
#2847=DIRECTION('ref_axis',(0.,0.,1.));
#2848=DIRECTION('',(0.,1.,0.));
#2849=DIRECTION('center_axis',(0.,0.,1.));
#2850=DIRECTION('ref_axis',(0.,-1.,0.));
#2851=DIRECTION('center_axis',(1.,0.,0.));
#2852=DIRECTION('ref_axis',(0.,0.,-1.));
#2853=DIRECTION('',(0.,-1.,0.));
#2854=DIRECTION('',(0.,1.,-2.61027262445473E-15));
#2855=DIRECTION('center_axis',(0.,-2.61027262445473E-15,-1.));
#2856=DIRECTION('ref_axis',(0.,1.,-2.61027262445473E-15));
#2857=DIRECTION('',(0.,-1.,2.61027262445473E-15));
#2858=DIRECTION('center_axis',(-1.,0.,0.));
#2859=DIRECTION('ref_axis',(0.,0.,1.));
#2860=DIRECTION('',(0.,1.,0.));
#2861=DIRECTION('center_axis',(0.,0.,1.));
#2862=DIRECTION('ref_axis',(0.,-1.,0.));
#2863=DIRECTION('center_axis',(1.,0.,0.));
#2864=DIRECTION('ref_axis',(0.,1.,0.));
#2865=DIRECTION('center_axis',(1.,0.,0.));
#2866=DIRECTION('ref_axis',(0.,1.,0.));
#2867=DIRECTION('center_axis',(1.,0.,0.));
#2868=DIRECTION('ref_axis',(0.,1.,0.));
#2869=DIRECTION('center_axis',(1.,0.,0.));
#2870=DIRECTION('ref_axis',(0.,1.,0.));
#2871=DIRECTION('center_axis',(-1.,0.,0.));
#2872=DIRECTION('ref_axis',(0.,1.,0.));
#2873=DIRECTION('center_axis',(1.,0.,0.));
#2874=DIRECTION('ref_axis',(0.,1.,0.));
#2875=DIRECTION('center_axis',(-1.,0.,0.));
#2876=DIRECTION('ref_axis',(0.,1.,0.));
#2877=DIRECTION('center_axis',(1.,0.,0.));
#2878=DIRECTION('ref_axis',(0.,1.,0.));
#2879=DIRECTION('center_axis',(1.,0.,0.));
#2880=DIRECTION('ref_axis',(0.,1.,0.));
#2881=DIRECTION('center_axis',(1.,0.,0.));
#2882=DIRECTION('ref_axis',(0.,1.,0.));
#2883=DIRECTION('center_axis',(1.,0.,0.));
#2884=DIRECTION('ref_axis',(0.,1.,0.));
#2885=DIRECTION('center_axis',(1.,0.,0.));
#2886=DIRECTION('ref_axis',(0.,1.,0.));
#2887=DIRECTION('center_axis',(-1.,0.,0.));
#2888=DIRECTION('ref_axis',(0.,1.,0.));
#2889=DIRECTION('center_axis',(1.,0.,0.));
#2890=DIRECTION('ref_axis',(0.,1.,0.));
#2891=DIRECTION('center_axis',(-1.,0.,0.));
#2892=DIRECTION('ref_axis',(0.,1.,0.));
#2893=DIRECTION('center_axis',(1.,0.,0.));
#2894=DIRECTION('ref_axis',(0.,1.,0.));
#2895=DIRECTION('center_axis',(1.,0.,0.));
#2896=DIRECTION('ref_axis',(0.,1.,0.));
#2897=DIRECTION('',(0.,0.997371208910727,0.072461518311136));
#2898=DIRECTION('center_axis',(1.,0.,0.));
#2899=DIRECTION('ref_axis',(0.,1.,0.));
#2900=DIRECTION('center_axis',(1.,0.,0.));
#2901=DIRECTION('ref_axis',(0.,1.,0.));
#2902=DIRECTION('center_axis',(1.,0.,0.));
#2903=DIRECTION('ref_axis',(0.,1.,0.));
#2904=DIRECTION('center_axis',(-1.,0.,0.));
#2905=DIRECTION('ref_axis',(0.,1.,0.));
#2906=DIRECTION('center_axis',(1.,0.,0.));
#2907=DIRECTION('ref_axis',(0.,1.,0.));
#2908=DIRECTION('',(0.,-0.997371208910727,-0.072461518311136));
#2909=DIRECTION('center_axis',(-1.,0.,0.));
#2910=DIRECTION('ref_axis',(0.,1.,0.));
#2911=DIRECTION('center_axis',(1.,0.,0.));
#2912=DIRECTION('ref_axis',(0.,1.,0.));
#2913=DIRECTION('',(1.,0.,0.));
#2914=DIRECTION('center_axis',(0.,0.,1.));
#2915=DIRECTION('ref_axis',(0.,-1.,0.));
#2916=DIRECTION('center_axis',(-1.,0.,0.));
#2917=DIRECTION('ref_axis',(0.,0.,1.));
#2918=DIRECTION('center_axis',(-5.40374872437425E-16,-0.0304340909616274,
0.999536775765324));
#2919=DIRECTION('ref_axis',(-1.,-1.96364998730072E-16,-5.4660426301186E-16));
#2920=DIRECTION('center_axis',(2.71381491393E-18,-0.030434090961624,0.999536775765324));
#2921=DIRECTION('ref_axis',(-1.,-2.12893409241154E-16,-3.76714750206411E-18));
#2922=DIRECTION('',(-5.40374872437425E-16,-0.0304340909616274,0.999536775765324));
#2923=DIRECTION('center_axis',(2.71381491393E-18,-0.030434090961624,0.999536775765324));
#2924=DIRECTION('ref_axis',(-1.,-2.12893409241154E-16,-3.76714750206411E-18));
#2925=DIRECTION('center_axis',(-1.,-2.24544558377822E-16,-5.80854927122603E-18));
#2926=DIRECTION('ref_axis',(-9.25185853854397E-18,0.,1.));
#2927=DIRECTION('center_axis',(1.06304757351646E-16,-0.488487738821721,
0.872570758747302));
#2928=DIRECTION('ref_axis',(-1.,-2.17620113880573E-16,-1.23259516440783E-32));
#2929=DIRECTION('center_axis',(1.06304757351646E-16,-0.488487738821721,
0.872570758747302));
#2930=DIRECTION('ref_axis',(-1.,-2.17620113880573E-16,-1.23259516440783E-32));
#2931=DIRECTION('center_axis',(-1.,-2.24544558377822E-16,-5.80854927122603E-18));
#2932=DIRECTION('ref_axis',(-5.80854927122603E-18,-9.09473246734159E-33,
1.));
#2933=DIRECTION('center_axis',(-2.97561359595781E-17,0.072461518311136,
-0.997371208910727));
#2934=DIRECTION('ref_axis',(-1.,-2.14592282322521E-16,1.42438975957126E-17));
#2935=DIRECTION('center_axis',(-1.18106920578306E-16,0.488487738821721,
-0.872570758747302));
#2936=DIRECTION('ref_axis',(-1.,-2.23385325908369E-16,1.02982225215463E-17));
#2937=DIRECTION('',(-1.18106920578306E-16,0.488487738821721,-0.872570758747302));
#2938=DIRECTION('center_axis',(0.,9.49159881036913E-18,-1.));
#2939=DIRECTION('ref_axis',(-1.,0.,0.));
#2940=DIRECTION('center_axis',(-2.65546466694089E-16,1.,5.6222152498651E-17));
#2941=DIRECTION('ref_axis',(0.533333333333323,9.40661728055037E-17,0.845905169363308));
#2942=DIRECTION('center_axis',(0.,9.49159881036913E-18,-1.));
#2943=DIRECTION('ref_axis',(6.12323399573677E-17,1.,0.));
#2944=DIRECTION('center_axis',(4.51951560282964E-31,1.,-4.84178143721562E-17));
#2945=DIRECTION('ref_axis',(-1.,4.51951560282964E-31,0.));
#2946=DIRECTION('center_axis',(0.,-9.49159881036913E-18,1.));
#2947=DIRECTION('ref_axis',(6.12323399573677E-17,1.,0.));
#2948=DIRECTION('center_axis',(-1.,0.,-2.93452131281602E-14));
#2949=DIRECTION('ref_axis',(-2.93255663375765E-14,0.,1.));
#2950=DIRECTION('center_axis',(-1.,0.,-2.93452131281602E-14));
#2951=DIRECTION('ref_axis',(2.07501991982866E-14,-0.707106781186548,-0.707106781186547));
#2952=DIRECTION('center_axis',(3.03460960064209E-14,7.58314543092874E-16,
-1.));
#2953=DIRECTION('ref_axis',(-1.,0.,-3.03460960064209E-14));
#2954=DIRECTION('center_axis',(1.,0.,2.93452131281602E-14));
#2955=DIRECTION('ref_axis',(2.07618914720159E-14,-0.707106781186548,-0.707106781186547));
#2956=DIRECTION('center_axis',(-1.,0.,-2.93452131281602E-14));
#2957=DIRECTION('ref_axis',(2.07501991982866E-14,-0.707106781186548,-0.707106781186547));
#2958=DIRECTION('center_axis',(0.,-1.,0.));
#2959=DIRECTION('ref_axis',(9.22480909688983E-14,0.,1.));
#2960=DIRECTION('center_axis',(2.1538326677728E-13,6.99982655162757E-16,
1.));
#2961=DIRECTION('ref_axis',(1.,0.,-2.1538326677728E-13));
#2962=DIRECTION('center_axis',(0.,1.,0.));
#2963=DIRECTION('ref_axis',(9.27534125187058E-14,0.,1.));
#2964=DIRECTION('center_axis',(0.,-1.,0.));
#2965=DIRECTION('ref_axis',(9.27534125187058E-14,0.,1.));
#2966=DIRECTION('center_axis',(1.,0.,2.91938190793464E-14));
#2967=DIRECTION('ref_axis',(2.9212340212721E-14,0.,-1.));
#2968=DIRECTION('center_axis',(1.,0.,2.91938190793464E-14));
#2969=DIRECTION('ref_axis',(2.06431474397379E-14,-0.707106781186587,-0.707106781186508));
#2970=DIRECTION('center_axis',(-1.,0.,-2.91938190793464E-14));
#2971=DIRECTION('ref_axis',(2.06601174942119E-14,-0.707106781186587,-0.707106781186508));
#2972=DIRECTION('center_axis',(1.,0.,2.91938190793464E-14));
#2973=DIRECTION('ref_axis',(2.06431474397379E-14,-0.707106781186587,-0.707106781186508));
#2974=DIRECTION('center_axis',(0.,1.35257517401104E-16,1.));
#2975=DIRECTION('ref_axis',(0.,-1.,1.2280683396955E-16));
#2976=DIRECTION('center_axis',(0.,0.,-1.));
#2977=DIRECTION('ref_axis',(5.72118872610985E-18,-1.,0.));
#2978=DIRECTION('center_axis',(-1.,0.,-2.91938190793464E-14));
#2979=DIRECTION('ref_axis',(2.91938190793464E-14,0.,-1.));
#2980=DIRECTION('',(0.,-1.,0.));
#2981=DIRECTION('center_axis',(0.,-1.,0.));
#2982=DIRECTION('ref_axis',(4.14021300004431E-9,0.,1.));
#2983=DIRECTION('',(0.,-1.,0.));
#2984=DIRECTION('center_axis',(1.,0.,2.93452131281602E-14));
#2985=DIRECTION('ref_axis',(-2.93452131281602E-14,0.,1.));
#2986=DIRECTION('center_axis',(6.12323399573677E-17,0.,1.));
#2987=DIRECTION('ref_axis',(1.,0.,0.));
#2988=DIRECTION('center_axis',(-1.22464679914735E-16,1.,0.));
#2989=DIRECTION('ref_axis',(-1.,-1.22464679914735E-16,0.));
#2990=DIRECTION('center_axis',(-1.,0.,-2.91938190793464E-14));
#2991=DIRECTION('ref_axis',(2.91938190793464E-14,0.,-1.));
#2992=DIRECTION('',(0.,-9.49159881036913E-18,1.));
#2993=DIRECTION('center_axis',(1.,0.,2.93452131281602E-14));
#2994=DIRECTION('ref_axis',(-2.93452131281602E-14,0.,1.));
#2995=DIRECTION('',(0.,-9.49159881036913E-18,1.));
#2996=DIRECTION('center_axis',(0.0668601991552085,0.669086449878503,-0.740170950766042));
#2997=DIRECTION('ref_axis',(0.995044321031101,-0.0994323849847495,0.));
#2998=DIRECTION('center_axis',(0.,0.,1.));
#2999=DIRECTION('ref_axis',(1.,0.,0.));
#3000=DIRECTION('center_axis',(0.,0.,1.));
#3001=DIRECTION('ref_axis',(0.958188246040274,0.286138576829939,0.));
#3002=DIRECTION('center_axis',(0.343748556003399,-0.939061728666214,-3.21139774867003E-16));
#3003=DIRECTION('ref_axis',(-0.939061728666214,-0.343748556003399,0.));
#3004=DIRECTION('center_axis',(-0.066860199155209,0.669086449878507,-0.740170950766039));
#3005=DIRECTION('ref_axis',(0.473060439573371,-0.631894566828651,-0.613940613514923));
#3006=DIRECTION('center_axis',(0.,0.,1.));
#3007=DIRECTION('ref_axis',(1.,0.,0.));
#3008=DIRECTION('center_axis',(0.343748556003399,0.939061728666214,-2.00144201487762E-16));
#3009=DIRECTION('ref_axis',(0.939061728666214,-0.343748556003399,0.));
#3010=DIRECTION('center_axis',(0.,0.,1.));
#3011=DIRECTION('ref_axis',(0.,1.,0.));
#3012=DIRECTION('center_axis',(0.,1.35257517401104E-16,1.));
#3013=DIRECTION('ref_axis',(0.,-1.,1.2280683396955E-16));
#3014=DIRECTION('center_axis',(0.,0.,-1.));
#3015=DIRECTION('ref_axis',(5.72118872610985E-18,-1.,0.));
#3016=DIRECTION('center_axis',(0.,0.,-1.));
#3017=DIRECTION('ref_axis',(-1.,0.,0.));
#3018=DIRECTION('center_axis',(0.462715627998041,0.886506766813643,0.));
#3019=DIRECTION('ref_axis',(0.699766082103466,-0.365245606974933,-0.613940613514921));
#3020=DIRECTION('center_axis',(-0.997928767739935,0.0218029879979935,0.0605211056691272));
#3021=DIRECTION('ref_axis',(0.0440536910673114,0.917205511050273,0.395971366139465));
#3022=DIRECTION('center_axis',(-0.949681188439388,-0.242556690453199,-0.19817137089081));
#3023=DIRECTION('ref_axis',(-0.29976189698203,0.887295805103275,0.350498158859453));
#3024=DIRECTION('center_axis',(0.,9.49159881036913E-18,-1.));
#3025=DIRECTION('ref_axis',(0.,1.,0.));
#3026=DIRECTION('center_axis',(0.,0.,-1.));
#3027=DIRECTION('ref_axis',(-1.,0.,0.));
#3028=DIRECTION('center_axis',(-0.462715627998042,0.886506766813642,0.));
#3029=DIRECTION('ref_axis',(0.,0.,-1.));
#3030=DIRECTION('center_axis',(0.,0.,1.));
#3031=DIRECTION('ref_axis',(1.,0.,0.));
#3032=DIRECTION('center_axis',(0.,0.,1.));
#3033=DIRECTION('ref_axis',(0.958188246040274,0.286138576829939,0.));
#3034=DIRECTION('center_axis',(0.,0.,-1.));
#3035=DIRECTION('ref_axis',(0.958188246040274,0.286138576829939,0.));
#3036=DIRECTION('center_axis',(0.,0.,-1.));
#3037=DIRECTION('ref_axis',(0.958188246040274,0.286138576829939,0.));
#3038=DIRECTION('center_axis',(0.,0.,-1.));
#3039=DIRECTION('ref_axis',(6.12323399573676E-17,1.,0.));
#3040=DIRECTION('center_axis',(0.,0.,-1.));
#3041=DIRECTION('ref_axis',(1.,0.,0.));
#3042=DIRECTION('center_axis',(0.,0.,-1.));
#3043=DIRECTION('ref_axis',(1.,0.,0.));
#3044=DIRECTION('center_axis',(-1.,0.,0.));
#3045=DIRECTION('ref_axis',(0.,0.,1.));
#3046=DIRECTION('',(0.,0.,1.));
#3047=DIRECTION('',(0.,1.,0.));
#3048=DIRECTION('',(0.,0.,-1.));
#3049=DIRECTION('',(0.,-1.,0.));
#3050=DIRECTION('center_axis',(0.,0.,1.));
#3051=DIRECTION('ref_axis',(0.,-1.,0.));
#3052=DIRECTION('',(-1.,0.,0.));
#3053=DIRECTION('',(0.,-1.,0.));
#3054=DIRECTION('',(1.,0.,0.));
#3055=DIRECTION('center_axis',(0.,1.,0.));
#3056=DIRECTION('ref_axis',(0.,0.,1.));
#3057=DIRECTION('',(0.,0.,1.));
#3058=DIRECTION('',(1.,0.,0.));
#3059=DIRECTION('center_axis',(0.,0.,-1.));
#3060=DIRECTION('ref_axis',(0.,1.,0.));
#3061=DIRECTION('',(0.,1.,0.));
#3062=DIRECTION('',(1.,0.,0.));
#3063=DIRECTION('center_axis',(0.,-1.,0.));
#3064=DIRECTION('ref_axis',(0.,0.,-1.));
#3065=DIRECTION('',(0.,0.,-1.));
#3066=DIRECTION('center_axis',(1.,0.,0.));
#3067=DIRECTION('ref_axis',(0.,0.,-1.));
#3068=CARTESIAN_POINT('',(0.,0.,0.));
#3069=CARTESIAN_POINT('Origin',(-17.8835195045953,-12.6503571371109,15.231251303405));
#3070=CARTESIAN_POINT('',(-17.1424763087329,-9.88474627955811,8.40759747525314));
#3071=CARTESIAN_POINT('',(-15.1595432039041,-10.2117457946395,8.49380907109094));
#3072=CARTESIAN_POINT('Ctrl Pts',(-17.1424763087328,-9.88474627955757,8.40759747525336));
#3073=CARTESIAN_POINT('Ctrl Pts',(-16.4886850243159,-10.006181424721,8.4293812923406));
#3074=CARTESIAN_POINT('Ctrl Pts',(-15.8175241153194,-10.114695157075,8.45903370715052));
#3075=CARTESIAN_POINT('Ctrl Pts',(-15.1595432039041,-10.2117457946395,8.49380907109095));
#3076=CARTESIAN_POINT('',(-17.3799317615029,-10.7709420938122,22.3708730356839));
#3077=CARTESIAN_POINT('Origin',(-17.8835195045953,-12.6503571371109,15.231251303405));
#3078=CARTESIAN_POINT('',(-15.3655159140568,-10.9804464138839,22.2761825376038));
#3079=CARTESIAN_POINT('Ctrl Pts',(-15.3655159140568,-10.9804464138839,22.2761825376038));
#3080=CARTESIAN_POINT('Ctrl Pts',(-16.0381550419644,-10.9144490397067,22.3116543175933));
#3081=CARTESIAN_POINT('Ctrl Pts',(-16.7114396323098,-10.8448114874063,22.3431666388386));
#3082=CARTESIAN_POINT('Ctrl Pts',(-17.3799317615029,-10.7709420938125,22.370873035684));
#3083=CARTESIAN_POINT('Origin',(-15.9516678520116,-13.1679952272952,15.2312513034061));
#3084=CARTESIAN_POINT('Origin',(-17.8835195045953,-12.6503571371109,15.231251303405));
#3085=CARTESIAN_POINT('',(-15.1903582454194,-10.3267490952031,10.0017457723083));
#3086=CARTESIAN_POINT('',(-17.180207349323,-10.025560440054,9.88187803998759));
#3087=CARTESIAN_POINT('Ctrl Pts',(-15.1903582454194,-10.3267490952031,10.0017457723083));
#3088=CARTESIAN_POINT('Ctrl Pts',(-15.8513459185617,-10.2360098852793,9.95481899601966));
#3089=CARTESIAN_POINT('Ctrl Pts',(-16.522389915207,-10.136084073106,9.91413395518885));
#3090=CARTESIAN_POINT('Ctrl Pts',(-17.1802073493229,-10.0255604400538,9.88187803998772));
#3091=CARTESIAN_POINT('',(-15.3474986854496,-10.9132052013185,20.758538301286));
#3092=CARTESIAN_POINT('Origin',(-15.9516678520116,-13.1679952272952,15.2312513034061));
#3093=CARTESIAN_POINT('',(-17.3613449462228,-10.7015751548444,20.8818780399876));
#3094=CARTESIAN_POINT('Ctrl Pts',(-17.3613449462228,-10.7015751548444,20.8818780399876));
#3095=CARTESIAN_POINT('Ctrl Pts',(-16.692582665657,-10.7764896236279,20.8459141211178));
#3096=CARTESIAN_POINT('Ctrl Pts',(-16.019392967276,-10.8468059852846,20.8048940483826));
#3097=CARTESIAN_POINT('Ctrl Pts',(-15.3474986854496,-10.9132052013185,20.758538301286));
#3098=CARTESIAN_POINT('Origin',(-17.8835195045953,-12.6503571371109,15.231251303405));
#3099=CARTESIAN_POINT('Origin',(-16.6750941374399,-8.14045226966083,15.3892331055335));
#3100=CARTESIAN_POINT('Ctrl Pts',(-17.180207349323,-10.0255604400538,9.88187803998753));
#3101=CARTESIAN_POINT('Ctrl Pts',(-17.167937590973,-9.97976907849499,9.36049383807176));
#3102=CARTESIAN_POINT('Ctrl Pts',(-17.155396991922,-9.93296692567929,8.87009043949062));
#3103=CARTESIAN_POINT('Ctrl Pts',(-17.142476308735,-9.88474627955715,8.40759747525328));
#3104=CARTESIAN_POINT('Ctrl Pts',(-17.3799317615004,-10.7709420938119,22.3708730356654));
#3105=CARTESIAN_POINT('Ctrl Pts',(-17.3737894195105,-10.7480185614278,21.8691287173416));
#3106=CARTESIAN_POINT('Ctrl Pts',(-17.3675930104218,-10.7248932478844,21.3723769290014));
#3107=CARTESIAN_POINT('Ctrl Pts',(-17.3613449462227,-10.7015751548444,20.8818780399876));
#3108=CARTESIAN_POINT('Origin',(-14.7432424848562,-8.65809035984505,15.3892331055345));
#3109=CARTESIAN_POINT('Ctrl Pts',(-15.1595432039039,-10.2117457946395,8.49380907109095));
#3110=CARTESIAN_POINT('Ctrl Pts',(-15.1703556421293,-10.2520983634512,8.98728241968828));
#3111=CARTESIAN_POINT('Ctrl Pts',(-15.1806367356523,-10.2904679268371,9.49363628605054));
#3112=CARTESIAN_POINT('Ctrl Pts',(-15.1903582454164,-10.3267490952035,10.0017457723083));
#3113=CARTESIAN_POINT('Ctrl Pts',(-15.3474986854455,-10.9132052013189,20.758538301286));
#3114=CARTESIAN_POINT('Ctrl Pts',(-15.3537359044231,-10.9364828194411,21.2754043906167));
#3115=CARTESIAN_POINT('Ctrl Pts',(-15.3597504253788,-10.9589293172312,21.7828484138993));
#3116=CARTESIAN_POINT('Ctrl Pts',(-15.3655159140506,-10.9804464138845,22.2761825376039));
#3117=CARTESIAN_POINT('Origin',(-30.4076327249583,-13.1239512905383,60.));
#3118=CARTESIAN_POINT('',(-32.6948097740267,-6.50815042093724,60.));
#3119=CARTESIAN_POINT('',(-32.2227192787609,-6.36336989525843,58.));
#3120=CARTESIAN_POINT('Ctrl Pts',(-32.6948097740213,-6.50815042093538,60.));
#3121=CARTESIAN_POINT('Ctrl Pts',(-32.5307647655108,-6.45143771360429,59.3331350972779));
#3122=CARTESIAN_POINT('Ctrl Pts',(-32.3741163543952,-6.40401710889316,58.6702708352872));
#3123=CARTESIAN_POINT('Ctrl Pts',(-32.2227192787609,-6.36336989525844,58.));
#3124=CARTESIAN_POINT('',(-23.6042395703169,-11.4765771425745,60.));
#3125=CARTESIAN_POINT('Origin',(-30.4076327249583,-13.1239512905383,60.));
#3126=CARTESIAN_POINT('',(-23.6237870513985,-11.3978464625154,58.));
#3127=CARTESIAN_POINT('Ctrl Pts',(-23.6237870513985,-11.3978464625154,58.));
#3128=CARTESIAN_POINT('Ctrl Pts',(-23.6171430179969,-11.4239584903105,58.6665137216857));
#3129=CARTESIAN_POINT('Ctrl Pts',(-23.6106275963133,-11.4501956114638,59.3333861906452));
#3130=CARTESIAN_POINT('Ctrl Pts',(-23.6042395703169,-11.4765771425745,60.));
#3131=CARTESIAN_POINT('Origin',(-30.4076327249583,-13.1239512905383,58.));
#3132=CARTESIAN_POINT('Origin',(-28.6079874500998,-8.80502033646058,58.));
#3133=CARTESIAN_POINT('',(-33.3454340038653,-7.89238138795151,58.));
#3134=CARTESIAN_POINT('Ctrl Pts',(-32.2227192787609,-6.36336989525843,58.));
#3135=CARTESIAN_POINT('Ctrl Pts',(-32.3773926782703,-6.48575846127633,58.));
#3136=CARTESIAN_POINT('Ctrl Pts',(-32.5214799104305,-6.60919142409995,58.));
#3137=CARTESIAN_POINT('Ctrl Pts',(-32.8564607489312,-6.92927277958201,58.));
#3138=CARTESIAN_POINT('Ctrl Pts',(-33.0365787501487,-7.13664134472269,58.));
#3139=CARTESIAN_POINT('Ctrl Pts',(-33.2368874449954,-7.47874422341623,58.));
#3140=CARTESIAN_POINT('Ctrl Pts',(-33.2967243200559,-7.61614813165572,58.));
#3141=CARTESIAN_POINT('Ctrl Pts',(-33.3359283849812,-7.80442830533181,58.));
#3142=CARTESIAN_POINT('Ctrl Pts',(-33.3422000129289,-7.84837347165226,58.));
#3143=CARTESIAN_POINT('Ctrl Pts',(-33.3454340038653,-7.89238138795151,58.));
#3144=CARTESIAN_POINT('',(-24.7127093476266,-11.2350765656503,58.));
#3145=CARTESIAN_POINT('Ctrl Pts',(-24.7127093476266,-11.2350765656503,58.));
#3146=CARTESIAN_POINT('Ctrl Pts',(-24.3492489447684,-11.2916821310934,58.));
#3147=CARTESIAN_POINT('Ctrl Pts',(-23.9854395744094,-11.3459165243274,58.));
#3148=CARTESIAN_POINT('Ctrl Pts',(-23.6237870513985,-11.3978464625154,58.));
#3149=CARTESIAN_POINT('Origin',(-30.4076327249583,-13.1239512905383,58.));
#3150=CARTESIAN_POINT('Origin',(-30.4076327249583,-13.1239512905383,60.));
#3151=CARTESIAN_POINT('',(-33.6042395703169,-8.04638251442058,60.));
#3152=CARTESIAN_POINT('Ctrl Pts',(-33.3454340038653,-7.89238138795151,58.));
#3153=CARTESIAN_POINT('Ctrl Pts',(-33.4364725821277,-7.94350433128006,58.6672783745009));
#3154=CARTESIAN_POINT('Ctrl Pts',(-33.5223383883482,-7.99482124750963,59.3316424147689));
#3155=CARTESIAN_POINT('Ctrl Pts',(-33.6042395703169,-8.04638251442058,60.));
#3156=CARTESIAN_POINT('',(-24.6864842461878,-11.316062996461,60.));
#3157=CARTESIAN_POINT('Ctrl Pts',(-24.6864842461878,-11.316062996461,60.));
#3158=CARTESIAN_POINT('Ctrl Pts',(-24.6950551094025,-11.2889400922397,59.3334140119372));
#3159=CARTESIAN_POINT('Ctrl Pts',(-24.7037968229539,-11.2619476674977,58.6664214686633));
#3160=CARTESIAN_POINT('Ctrl Pts',(-24.7127093476266,-11.2350765656503,58.));
#3161=CARTESIAN_POINT('Origin',(-30.4076327249583,-13.1239512905383,60.));
#3162=CARTESIAN_POINT('Origin',(-28.6079874500998,-8.80502033646058,60.));
#3163=CARTESIAN_POINT('Ctrl Pts',(-23.6042395703169,-11.4765771425745,60.));
#3164=CARTESIAN_POINT('Ctrl Pts',(-23.9637971982611,-11.4252962795258,60.));
#3165=CARTESIAN_POINT('Ctrl Pts',(-24.3247727933887,-11.3718963259717,60.));
#3166=CARTESIAN_POINT('Ctrl Pts',(-24.6864842461878,-11.316062996461,60.));
#3167=CARTESIAN_POINT('Ctrl Pts',(-33.6042395703169,-8.04638251442058,60.));
#3168=CARTESIAN_POINT('Ctrl Pts',(-33.6117353298826,-7.97403434966338,60.));
#3169=CARTESIAN_POINT('Ctrl Pts',(-33.6108005930925,-7.90106475820002,59.9999999999999));
#3170=CARTESIAN_POINT('Ctrl Pts',(-33.5816386565174,-7.66666782827241,59.9999999999999));
#3171=CARTESIAN_POINT('Ctrl Pts',(-33.5236903314275,-7.5133901415718,59.9999999999976));
#3172=CARTESIAN_POINT('Ctrl Pts',(-33.3098616470689,-7.12115545885992,59.9999999999976));
#3173=CARTESIAN_POINT('Ctrl Pts',(-33.0948310268295,-6.87190149385082,60.0000000002283));
#3174=CARTESIAN_POINT('Ctrl Pts',(-32.7831554900862,-6.58557873928669,60.0000000002283));
#3175=CARTESIAN_POINT('Ctrl Pts',(-32.7396477118745,-6.54687578874362,60.));
#3176=CARTESIAN_POINT('Ctrl Pts',(-32.6948097740259,-6.50815042093938,60.));
#3177=CARTESIAN_POINT('Origin',(-35.5042765361908,-13.5386686908709,90.));
#3178=CARTESIAN_POINT('',(-38.2149052439304,-7.96260448672312,90.));
#3179=CARTESIAN_POINT('',(-37.8554274745789,-7.80176279440397,88.));
#3180=CARTESIAN_POINT('Ctrl Pts',(-38.2149052439304,-7.96260448672309,90.));
#3181=CARTESIAN_POINT('Ctrl Pts',(-38.0962468962915,-7.90492245298977,89.3328439300273));
#3182=CARTESIAN_POINT('Ctrl Pts',(-37.9763481686282,-7.85131961273345,88.6675413753922));
#3183=CARTESIAN_POINT('Ctrl Pts',(-37.8554274745789,-7.80176279440397,88.));
#3184=CARTESIAN_POINT('',(-29.5042765361908,-11.9766187556895,90.));
#3185=CARTESIAN_POINT('Origin',(-35.5042765361908,-13.5386686908709,90.));
#3186=CARTESIAN_POINT('',(-29.5409508520257,-11.8419816883342,88.));
#3187=CARTESIAN_POINT('Ctrl Pts',(-29.5409508520257,-11.8419816883342,88.));
#3188=CARTESIAN_POINT('Ctrl Pts',(-29.5283006361927,-11.8864432518836,88.6668182101708));
#3189=CARTESIAN_POINT('Ctrl Pts',(-29.5160727279534,-11.9313083280384,89.3332357543005));
#3190=CARTESIAN_POINT('Ctrl Pts',(-29.5042765361908,-11.9766187556895,90.));
#3191=CARTESIAN_POINT('Origin',(-35.5042765361908,-13.5386686908709,88.));
#3192=CARTESIAN_POINT('Origin',(-33.8601874858847,-9.66246794772009,88.));
#3193=CARTESIAN_POINT('',(-37.599269653119,-8.77936161525329,88.));
#3194=CARTESIAN_POINT('Ctrl Pts',(-37.8554274745789,-7.80176279440397,88.));
#3195=CARTESIAN_POINT('Ctrl Pts',(-37.8564562637053,-7.80994501861268,88.));
#3196=CARTESIAN_POINT('Ctrl Pts',(-37.8574135483938,-7.81814128889643,88.));
#3197=CARTESIAN_POINT('Ctrl Pts',(-37.876878918002,-7.99881276908482,88.));
#3198=CARTESIAN_POINT('Ctrl Pts',(-37.8623832833618,-8.16826883872585,88.));
#3199=CARTESIAN_POINT('Ctrl Pts',(-37.7676270905369,-8.49451497662816,88.));
#3200=CARTESIAN_POINT('Ctrl Pts',(-37.6926880909575,-8.64261022532699,88.));
#3201=CARTESIAN_POINT('Ctrl Pts',(-37.599269653119,-8.77936161525329,88.));
#3202=CARTESIAN_POINT('',(-30.67216342371,-11.6175536843729,88.));
#3203=CARTESIAN_POINT('Ctrl Pts',(-30.67216342371,-11.6175536843729,88.));
#3204=CARTESIAN_POINT('Ctrl Pts',(-30.311607018171,-11.6929254899733,88.));
#3205=CARTESIAN_POINT('Ctrl Pts',(-29.9347377021838,-11.7677492616099,88.));
#3206=CARTESIAN_POINT('Ctrl Pts',(-29.5409508520257,-11.8419816883342,88.));
#3207=CARTESIAN_POINT('Origin',(-35.5042765361908,-13.5386686908709,88.));
#3208=CARTESIAN_POINT('Origin',(-35.5042765361908,-13.5386686908709,90.));
#3209=CARTESIAN_POINT('',(-37.8790208704298,-8.9125915895895,90.));
#3210=CARTESIAN_POINT('Ctrl Pts',(-37.599269653119,-8.77936161525329,88.));
#3211=CARTESIAN_POINT('Ctrl Pts',(-37.6941616675915,-8.82113200619736,88.6668291615332));
#3212=CARTESIAN_POINT('Ctrl Pts',(-37.787439990372,-8.86557958108201,89.3330330906393));
#3213=CARTESIAN_POINT('Ctrl Pts',(-37.8790208704298,-8.91259158958949,90.));
#3214=CARTESIAN_POINT('',(-30.6171914758539,-11.762042783981,90.));
#3215=CARTESIAN_POINT('Ctrl Pts',(-30.6171914758539,-11.762042783981,90.));
#3216=CARTESIAN_POINT('Ctrl Pts',(-30.6348084609343,-11.7135825514352,89.3333742297863));
#3217=CARTESIAN_POINT('Ctrl Pts',(-30.6531350784241,-11.6654150130564,88.6665913738584));
#3218=CARTESIAN_POINT('Ctrl Pts',(-30.67216342371,-11.6175536843729,88.));
#3219=CARTESIAN_POINT('Origin',(-35.5042765361908,-13.5386686908709,90.));
#3220=CARTESIAN_POINT('Origin',(-33.8601874858847,-9.66246794772009,90.));
#3221=CARTESIAN_POINT('Ctrl Pts',(-29.5042765361908,-11.9766187556895,90.));
#3222=CARTESIAN_POINT('Ctrl Pts',(-29.8679461195948,-11.9098236081758,90.));
#3223=CARTESIAN_POINT('Ctrl Pts',(-30.2406561168455,-11.8383274944952,90.));
#3224=CARTESIAN_POINT('Ctrl Pts',(-30.6171914758539,-11.762042783981,90.));
#3225=CARTESIAN_POINT('Ctrl Pts',(-37.8790208704298,-8.91259158958949,90.));
#3226=CARTESIAN_POINT('Ctrl Pts',(-37.9539161539387,-8.81489680998145,90.));
#3227=CARTESIAN_POINT('Ctrl Pts',(-38.0202054607656,-8.71084493509218,90.));
#3228=CARTESIAN_POINT('Ctrl Pts',(-38.1516469666129,-8.43945310390105,90.));
#3229=CARTESIAN_POINT('Ctrl Pts',(-38.1999296885906,-8.27000749939982,90.));
#3230=CARTESIAN_POINT('Ctrl Pts',(-38.2152644893425,-8.04835418782573,90.));
#3231=CARTESIAN_POINT('Ctrl Pts',(-38.2160984355786,-8.00537158418295,90.));
#3232=CARTESIAN_POINT('Ctrl Pts',(-38.2149052439303,-7.96260448672312,90.));
#3233=CARTESIAN_POINT('Origin',(-40.2519750482447,-5.41887341163526,120.));
#3234=CARTESIAN_POINT('',(-40.2519750482447,-5.41887341163526,120.));
#3235=CARTESIAN_POINT('',(-40.2129013367988,-5.64047144098353,116.));
#3236=CARTESIAN_POINT('Ctrl Pts',(-40.2519750482447,-5.41887341163526,120.));
#3237=CARTESIAN_POINT('Ctrl Pts',(-40.2406464562519,-5.4831210494461,118.664162658118));
#3238=CARTESIAN_POINT('Ctrl Pts',(-40.2276910550013,-5.55659478102424,117.329828745561));
#3239=CARTESIAN_POINT('Ctrl Pts',(-40.2129013367988,-5.64047144098353,116.));
#3240=CARTESIAN_POINT('',(-39.0074042472922,-12.4771851683042,120.));
#3241=CARTESIAN_POINT('',(-39.0074042472922,-12.4771851683042,120.));
#3242=CARTESIAN_POINT('',(-39.0934387789862,-11.9892590928488,116.));
#3243=CARTESIAN_POINT('Ctrl Pts',(-39.0934387789862,-11.9892590928488,116.));
#3244=CARTESIAN_POINT('Ctrl Pts',(-39.0639007981257,-12.1567773066914,117.32805408068));
#3245=CARTESIAN_POINT('Ctrl Pts',(-39.0349655125845,-12.3208774655261,118.674622164076));
#3246=CARTESIAN_POINT('Ctrl Pts',(-39.0074042472922,-12.4771851683042,120.));
#3247=CARTESIAN_POINT('',(-39.0074042472922,-12.4771851683042,116.));
#3248=CARTESIAN_POINT('Origin',(-40.5115556540746,-12.008997317468,120.));
#3249=CARTESIAN_POINT('',(-41.4736714467476,-6.55256751411455,116.));
#3250=CARTESIAN_POINT('',(-41.5277388323224,-6.24593613327011,120.));
#3251=CARTESIAN_POINT('Ctrl Pts',(-41.4736714467476,-6.55256751411455,116.));
#3252=CARTESIAN_POINT('Ctrl Pts',(-41.4944697580202,-6.43461442951526,117.32310005967));
#3253=CARTESIAN_POINT('Ctrl Pts',(-41.5123680990048,-6.33310789368833,118.669668880932));
#3254=CARTESIAN_POINT('Ctrl Pts',(-41.5277388323223,-6.24593613327011,120.));
#3255=CARTESIAN_POINT('',(-40.614702032966,-11.4240251341014,116.));
#3256=CARTESIAN_POINT('',(-41.5277388323224,-6.24593613327011,116.));
#3257=CARTESIAN_POINT('',(-40.5115556540746,-12.008997317468,120.));
#3258=CARTESIAN_POINT('Ctrl Pts',(-40.5115556540746,-12.008997317468,120.));
#3259=CARTESIAN_POINT('Ctrl Pts',(-40.5438029701028,-11.8261137003456,118.67915426354));
#3260=CARTESIAN_POINT('Ctrl Pts',(-40.5785971868156,-11.6287858916744,117.319988665917));
#3261=CARTESIAN_POINT('Ctrl Pts',(-40.614702032966,-11.4240251341014,116.));
#3262=CARTESIAN_POINT('',(-41.5277388323224,-6.24593613327011,120.));
#3263=CARTESIAN_POINT('Origin',(-40.2675715398073,-8.94786498746602,120.));
#3264=CARTESIAN_POINT('Ctrl Pts',(-41.5277388323224,-6.24593613327011,120.));
#3265=CARTESIAN_POINT('Ctrl Pts',(-41.1468119402163,-5.97638774786236,120.));
#3266=CARTESIAN_POINT('Ctrl Pts',(-40.7268888252509,-5.70432304490388,120.));
#3267=CARTESIAN_POINT('Ctrl Pts',(-40.2519750482447,-5.41887341163526,120.));
#3268=CARTESIAN_POINT('Ctrl Pts',(-39.0074042472922,-12.4771851683042,120.));
#3269=CARTESIAN_POINT('Ctrl Pts',(-39.4762031044285,-12.3481700711425,120.));
#3270=CARTESIAN_POINT('Ctrl Pts',(-39.9942085679081,-12.1924976272998,120.));
#3271=CARTESIAN_POINT('Ctrl Pts',(-40.5115556540746,-12.008997317468,120.));
#3272=CARTESIAN_POINT('Origin',(-40.2675715398073,-8.94786498746602,116.));
#3273=CARTESIAN_POINT('Ctrl Pts',(-40.2129013367988,-5.64047144098352,116.));
#3274=CARTESIAN_POINT('Ctrl Pts',(-40.6759235004431,-5.94247885540749,116.));
#3275=CARTESIAN_POINT('Ctrl Pts',(-41.1006937089306,-6.2469792621442,116.));
#3276=CARTESIAN_POINT('Ctrl Pts',(-41.4736714467476,-6.55256751411455,116.));
#3277=CARTESIAN_POINT('Ctrl Pts',(-40.614702032966,-11.4240251341014,116.));
#3278=CARTESIAN_POINT('Ctrl Pts',(-40.1758655285229,-11.6158540477259,116.));
#3279=CARTESIAN_POINT('Ctrl Pts',(-39.6708090750816,-11.80449095083,116.));
#3280=CARTESIAN_POINT('Ctrl Pts',(-39.0934387789862,-11.9892590928488,116.));
#3281=CARTESIAN_POINT('Origin',(24.9977567013108,-0.323223692030167,35.));
#3282=CARTESIAN_POINT('',(25.7166527317982,-7.28621073046213,35.));
#3283=CARTESIAN_POINT('',(25.2563505410485,-7.31844557743679,33.));
#3284=CARTESIAN_POINT('Ctrl Pts',(25.7166527317982,-7.28621073046213,35.));
#3285=CARTESIAN_POINT('Ctrl Pts',(25.5687752651469,-7.3014783911927,34.3322506679996));
#3286=CARTESIAN_POINT('Ctrl Pts',(25.4153060030236,-7.31256943741825,33.6652217321267));
#3287=CARTESIAN_POINT('Ctrl Pts',(25.2563505410485,-7.31844557743679,33.));
#3288=CARTESIAN_POINT('',(18.,-0.146019997705129,35.));
#3289=CARTESIAN_POINT('Origin',(24.9977567013108,-0.323223692030167,35.));
#3290=CARTESIAN_POINT('',(17.9977775578455,-0.306135945746444,33.));
#3291=CARTESIAN_POINT('Ctrl Pts',(17.9977775578455,-0.306135945746449,33.));
#3292=CARTESIAN_POINT('Ctrl Pts',(17.9979170207512,-0.249005097975664,33.6657047199082));
#3293=CARTESIAN_POINT('Ctrl Pts',(17.9987410520936,-0.195735728417733,34.3336852188508));
#3294=CARTESIAN_POINT('Ctrl Pts',(18.,-0.146019997705131,35.));
#3295=CARTESIAN_POINT('Origin',(24.9977567013108,-0.323223692030167,33.));
#3296=CARTESIAN_POINT('Origin',(21.8583269968896,-3.72951094305347,33.));
#3297=CARTESIAN_POINT('',(24.4918982807812,-6.30186126746468,33.));
#3298=CARTESIAN_POINT('Ctrl Pts',(25.2563505410485,-7.31844557743679,33.));
#3299=CARTESIAN_POINT('Ctrl Pts',(25.0757464168156,-7.0406782084181,33.));
#3300=CARTESIAN_POINT('Ctrl Pts',(24.8334684364395,-6.70776443684556,33.));
#3301=CARTESIAN_POINT('Ctrl Pts',(24.4918982807812,-6.30186126746468,33.));
#3302=CARTESIAN_POINT('',(19.055675944426,-1.15489446744438,33.));
#3303=CARTESIAN_POINT('Ctrl Pts',(19.055675944426,-1.15489446744438,33.));
#3304=CARTESIAN_POINT('Ctrl Pts',(18.7063460513832,-0.867354032598338,33.));
#3305=CARTESIAN_POINT('Ctrl Pts',(18.3536520863,-0.584264182971498,33.));
#3306=CARTESIAN_POINT('Ctrl Pts',(17.9977775578455,-0.306135945746444,33.));
#3307=CARTESIAN_POINT('Origin',(24.9977567013108,-0.323223692030167,33.));
#3308=CARTESIAN_POINT('Origin',(24.9977567013108,-0.323223692030167,35.));
#3309=CARTESIAN_POINT('',(24.9481487780716,-6.32301860968944,35.));
#3310=CARTESIAN_POINT('Ctrl Pts',(24.4918982807812,-6.30186126746468,33.));
#3311=CARTESIAN_POINT('Ctrl Pts',(24.6505165223032,-6.31528211328634,33.6641940279715));
#3312=CARTESIAN_POINT('Ctrl Pts',(24.8027215143522,-6.32181617783394,34.3325021559879));
#3313=CARTESIAN_POINT('Ctrl Pts',(24.9481487780716,-6.32301860968944,35.));
#3314=CARTESIAN_POINT('',(19.0296005823094,-0.940566821290419,35.));
#3315=CARTESIAN_POINT('Ctrl Pts',(19.0296005823094,-0.940566821290419,35.));
#3316=CARTESIAN_POINT('Ctrl Pts',(19.0364117573629,-1.00641376142246,34.3341432068744));
#3317=CARTESIAN_POINT('Ctrl Pts',(19.0448745702518,-1.07772133653043,33.664558525449));
#3318=CARTESIAN_POINT('Ctrl Pts',(19.055675944426,-1.15489446744438,33.));
#3319=CARTESIAN_POINT('Origin',(24.9977567013108,-0.323223692030167,35.));
#3320=CARTESIAN_POINT('Origin',(21.8583269968896,-3.72951094305347,35.));
#3321=CARTESIAN_POINT('Ctrl Pts',(18.,-0.146019997705131,35.));
#3322=CARTESIAN_POINT('Ctrl Pts',(18.3482165910264,-0.408280780764611,35.));
#3323=CARTESIAN_POINT('Ctrl Pts',(18.6894923844688,-0.67179765616277,35.));
#3324=CARTESIAN_POINT('Ctrl Pts',(19.0296005823094,-0.94056682129042,35.));
#3325=CARTESIAN_POINT('Ctrl Pts',(24.9481487780719,-6.32301860968978,35.));
#3326=CARTESIAN_POINT('Ctrl Pts',(25.2292416340179,-6.64172860979037,35.));
#3327=CARTESIAN_POINT('Ctrl Pts',(25.4897727169113,-6.96330650426793,35.));
#3328=CARTESIAN_POINT('Ctrl Pts',(25.7166527317982,-7.28621073046213,35.));
#3329=CARTESIAN_POINT('Origin',(34.0200078546991,-11.9278176964441,85.));
#3330=CARTESIAN_POINT('',(34.0200078546991,-11.9278176964441,85.));
#3331=CARTESIAN_POINT('',(34.079286260105,-11.7649516161304,81.));
#3332=CARTESIAN_POINT('Ctrl Pts',(34.0200078546991,-11.9278176964441,85.));
#3333=CARTESIAN_POINT('Ctrl Pts',(34.0363151638364,-11.8830137328175,83.674471325756));
#3334=CARTESIAN_POINT('Ctrl Pts',(34.0562043341344,-11.8283686865319,82.3213379334065));
#3335=CARTESIAN_POINT('Ctrl Pts',(34.079286260105,-11.7649516161304,81.));
#3336=CARTESIAN_POINT('',(35.4547309441637,-7.9859484049702,85.));
#3337=CARTESIAN_POINT('',(34.0200078546991,-11.9278176964441,85.));
#3338=CARTESIAN_POINT('',(35.3545210739688,-8.26127276053721,81.));
#3339=CARTESIAN_POINT('Ctrl Pts',(35.3545210739688,-8.26127276053721,81.));
#3340=CARTESIAN_POINT('Ctrl Pts',(35.3921267647044,-8.15795197439804,82.3253262444592));
#3341=CARTESIAN_POINT('Ctrl Pts',(35.4253683100922,-8.06662157905737,83.6723746281951));
#3342=CARTESIAN_POINT('Ctrl Pts',(35.4547309441637,-7.98594840497021,85.));
#3343=CARTESIAN_POINT('',(34.0200078546991,-11.9278176964441,81.));
#3344=CARTESIAN_POINT('Origin',(35.155657105666,-9.95688472524049,81.));
#3345=CARTESIAN_POINT('',(35.2548581363133,-11.4588988314652,81.));
#3346=CARTESIAN_POINT('Ctrl Pts',(34.079286260105,-11.7649516161304,81.));
#3347=CARTESIAN_POINT('Ctrl Pts',(34.4770558167798,-11.6837654225561,81.));
#3348=CARTESIAN_POINT('Ctrl Pts',(34.8840652126907,-11.5832974978018,81.));
#3349=CARTESIAN_POINT('Ctrl Pts',(35.2548581363133,-11.4588988314652,81.));
#3350=CARTESIAN_POINT('',(36.1580390489558,-8.97742966829745,81.));
#3351=CARTESIAN_POINT('Ctrl Pts',(36.1580390489558,-8.97742966829745,81.));
#3352=CARTESIAN_POINT('Ctrl Pts',(36.1152748155015,-8.93201249893021,81.));
#3353=CARTESIAN_POINT('Ctrl Pts',(36.0712797411895,-8.8871510315277,81.0000000000004));
#3354=CARTESIAN_POINT('Ctrl Pts',(35.8291730166686,-8.64867897735087,81.0000000000004));
#3355=CARTESIAN_POINT('Ctrl Pts',(35.6015637893686,-8.45395222511969,81.));
#3356=CARTESIAN_POINT('Ctrl Pts',(35.3545210739688,-8.26127276053721,81.));
#3357=CARTESIAN_POINT('',(36.2913280645888,-8.61122110758434,81.));
#3358=CARTESIAN_POINT('Origin',(36.2913280645888,-8.61122110758434,85.));
#3359=CARTESIAN_POINT('',(35.157466952246,-11.7264789105439,85.));
#3360=CARTESIAN_POINT('Ctrl Pts',(35.2548581363133,-11.4588988314652,81.));
#3361=CARTESIAN_POINT('Ctrl Pts',(35.215910233682,-11.5659073144798,82.3045105795586));
#3362=CARTESIAN_POINT('Ctrl Pts',(35.1835044759876,-11.6549414020056,83.6895065567089));
#3363=CARTESIAN_POINT('Ctrl Pts',(35.157466952246,-11.7264789105439,85.));
#3364=CARTESIAN_POINT('',(36.2913280645888,-8.61122110758434,85.));
#3365=CARTESIAN_POINT('Ctrl Pts',(36.2913280645888,-8.61122110758436,85.));
#3366=CARTESIAN_POINT('Ctrl Pts',(36.2542635808275,-8.71305493978232,83.6851814370393));
#3367=CARTESIAN_POINT('Ctrl Pts',(36.2100209845421,-8.8346104740544,82.3082591066843));
#3368=CARTESIAN_POINT('Ctrl Pts',(36.1580390489558,-8.97742966829745,81.));
#3369=CARTESIAN_POINT('',(36.2913280645888,-8.61122110758434,85.));
#3370=CARTESIAN_POINT('Origin',(35.155657105666,-9.95688472524049,85.));
#3371=CARTESIAN_POINT('Ctrl Pts',(35.4547309441637,-7.98594840497022,85.));
#3372=CARTESIAN_POINT('Ctrl Pts',(35.7616797191263,-8.1973444536584,85.));
#3373=CARTESIAN_POINT('Ctrl Pts',(36.0428454097499,-8.40617021703261,85.));
#3374=CARTESIAN_POINT('Ctrl Pts',(36.2913280645777,-8.61122110757518,85.));
#3375=CARTESIAN_POINT('Ctrl Pts',(35.157466952246,-11.7264789105439,85.));
#3376=CARTESIAN_POINT('Ctrl Pts',(34.8069270781541,-11.8031622328731,85.));
#3377=CARTESIAN_POINT('Ctrl Pts',(34.4255885936593,-11.8698390979164,85.));
#3378=CARTESIAN_POINT('Ctrl Pts',(34.0200078546991,-11.9278176964441,85.));
#3379=CARTESIAN_POINT('Origin',(5.55972296964633,12.8487151303462,-36.));
#3380=CARTESIAN_POINT('',(7.14821524668813,16.5197765961594,-33.));
#3381=CARTESIAN_POINT('',(9.34892629403747,11.5673337794506,-33.));
#3382=CARTESIAN_POINT('Origin',(5.55972296964633,12.8487151303462,-33.));
#3383=CARTESIAN_POINT('',(8.62390074212224,10.2775646916,-35.1876281197737));
#3384=CARTESIAN_POINT('Ctrl Pts',(8.62390074212224,10.2775646916,-35.1876281197737));
#3385=CARTESIAN_POINT('Ctrl Pts',(8.74361382905477,10.4202331930324,-35.0464469668139));
#3386=CARTESIAN_POINT('Ctrl Pts',(8.84560643869509,10.5620332664881,-34.8887032520516));
#3387=CARTESIAN_POINT('Ctrl Pts',(9.12180471819785,10.9951015820471,-34.3378754094761));
#3388=CARTESIAN_POINT('Ctrl Pts',(9.23432921191014,11.2567613268698,-33.8963297532139));
#3389=CARTESIAN_POINT('Ctrl Pts',(9.32125097047805,11.4871720122884,-33.2775146410226));
#3390=CARTESIAN_POINT('Ctrl Pts',(9.33660102177429,11.5308864231651,-33.139791808948));
#3391=CARTESIAN_POINT('Ctrl Pts',(9.34892629403748,11.5673337794506,-32.9999999999998));
#3392=CARTESIAN_POINT('',(8.62390074212224,10.2775646916,-36.));
#3393=CARTESIAN_POINT('',(8.62390074212224,10.2775646916,-36.));
#3394=CARTESIAN_POINT('',(7.14821524668813,16.5197765961594,-36.));
#3395=CARTESIAN_POINT('Origin',(5.55972296964633,12.8487151303462,-36.));
#3396=CARTESIAN_POINT('',(7.14821524668814,16.5197765961594,-36.));
#3397=CARTESIAN_POINT('Origin',(0.,12.4471999940354,-33.));
#3398=CARTESIAN_POINT('',(-7.14821524668813,16.5197765961594,-33.));
#3399=CARTESIAN_POINT('Origin',(0.,0.,-33.));
#3400=CARTESIAN_POINT('',(-9.34892629403747,11.5673337794506,-33.));
#3401=CARTESIAN_POINT('Origin',(-5.55972296964633,12.8487151303462,-33.));
#3402=CARTESIAN_POINT('',(-7.55932222484326,12.8086799131508,-33.));
#3403=CARTESIAN_POINT('Origin',(0.,0.,-33.));
#3404=CARTESIAN_POINT('',(-6.35396910816722,14.6842458632528,-33.));
#3405=CARTESIAN_POINT('Origin',(-5.55972296964632,12.8487151303462,-33.));
#3406=CARTESIAN_POINT('',(6.35396910816721,14.6842458632528,-33.));
#3407=CARTESIAN_POINT('Origin',(0.,0.,-33.));
#3408=CARTESIAN_POINT('',(7.55932222484325,12.8086799131509,-33.));
#3409=CARTESIAN_POINT('Origin',(5.55972296964631,12.8487151303462,-33.));
#3410=CARTESIAN_POINT('Origin',(0.,0.,-33.));
#3411=CARTESIAN_POINT('Origin',(0.,0.,-36.));
#3412=CARTESIAN_POINT('',(-7.14821524668813,16.5197765961594,-36.));
#3413=CARTESIAN_POINT('Origin',(0.,0.,-36.));
#3414=CARTESIAN_POINT('',(-7.14821524668813,16.5197765961594,-36.));
#3415=CARTESIAN_POINT('Origin',(0.,0.,-36.));
#3416=CARTESIAN_POINT('',(7.07066370655194,8.42648887430875,-36.));
#3417=CARTESIAN_POINT('',(0.,0.,-36.));
#3418=CARTESIAN_POINT('',(8.67518234809179,6.76322491326118,-36.));
#3419=CARTESIAN_POINT('Origin',(0.,0.,-36.));
#3420=CARTESIAN_POINT('',(8.90377678871723,5.35263934515262,-36.));
#3421=CARTESIAN_POINT('Ctrl Pts',(8.90377678871723,5.35263934515262,-36.));
#3422=CARTESIAN_POINT('Ctrl Pts',(9.00329647028412,5.54330692973777,-36.));
#3423=CARTESIAN_POINT('Ctrl Pts',(9.06414407932575,6.0616915058547,-36.));
#3424=CARTESIAN_POINT('Ctrl Pts',(8.85149955263753,6.53706299787952,-36.));
#3425=CARTESIAN_POINT('Ctrl Pts',(8.67518234809179,6.76322491326118,-36.));
#3426=CARTESIAN_POINT('',(6.57343210066336,2.40623989202374,-36.));
#3427=CARTESIAN_POINT('Origin',(0.,10.,-36.));
#3428=CARTESIAN_POINT('',(-6.57343210066336,2.40623989202374,-36.));
#3429=CARTESIAN_POINT('Origin',(0.,-5.82922498522506E-16,-36.));
#3430=CARTESIAN_POINT('',(-8.90377678871723,5.35263934515262,-36.));
#3431=CARTESIAN_POINT('Origin',(0.,10.,-36.));
#3432=CARTESIAN_POINT('',(-8.67518234785227,6.76322491356841,-36.));
#3433=CARTESIAN_POINT('Ctrl Pts',(-8.67518234809168,6.76322491326131,-36.));
#3434=CARTESIAN_POINT('Ctrl Pts',(-8.80742140185502,6.59360200116705,-36.));
#3435=CARTESIAN_POINT('Ctrl Pts',(-8.97497257689941,6.26871721580152,-36.));
#3436=CARTESIAN_POINT('Ctrl Pts',(-9.03830072646552,5.76461007159121,-36.));
#3437=CARTESIAN_POINT('Ctrl Pts',(-8.97012382025124,5.47975217397012,-36.));
#3438=CARTESIAN_POINT('Ctrl Pts',(-8.90377678871723,5.35263934515262,-36.));
#3439=CARTESIAN_POINT('',(-7.07066370655194,8.42648887430875,-36.));
#3440=CARTESIAN_POINT('Origin',(0.,0.,-36.));
#3441=CARTESIAN_POINT('',(-8.62390074212224,10.2775646916,-36.));
#3442=CARTESIAN_POINT('',(0.,0.,-36.));
#3443=CARTESIAN_POINT('Origin',(-5.55972296964633,12.8487151303462,-36.));
#3444=CARTESIAN_POINT('',(5.4207221716353,9.57161277622228,-36.));
#3445=CARTESIAN_POINT('',(7.09181185588427,11.5631399109731,-36.));
#3446=CARTESIAN_POINT('',(4.10834949741833,8.00758792690174,-36.));
#3447=CARTESIAN_POINT('',(6.35396910816721,14.6842458632528,-36.));
#3448=CARTESIAN_POINT('Origin',(5.55972296964631,12.8487151303462,-36.));
#3449=CARTESIAN_POINT('',(-6.35396910816722,14.6842458632528,-36.));
#3450=CARTESIAN_POINT('Origin',(0.,0.,-36.));
#3451=CARTESIAN_POINT('',(-7.09181185588427,11.5631399109731,-36.));
#3452=CARTESIAN_POINT('Origin',(-5.55972296964632,12.8487151303462,-36.));
#3453=CARTESIAN_POINT('',(-5.4207221716353,9.57161277622227,-36.));
#3454=CARTESIAN_POINT('',(-4.10834949741834,8.00758792690174,-36.));
#3455=CARTESIAN_POINT('Origin',(0.,0.,-36.));
#3456=CARTESIAN_POINT('Origin',(-5.55972296964633,12.8487151303462,-36.));
#3457=CARTESIAN_POINT('',(-8.62390074212224,10.2775646916,-35.1876281197737));
#3458=CARTESIAN_POINT('',(-8.62390074212224,10.2775646916,-36.));
#3459=CARTESIAN_POINT('Ctrl Pts',(-9.34892629403747,11.5673337794506,-33.));
#3460=CARTESIAN_POINT('Ctrl Pts',(-9.32581134418276,11.498980010472,-33.2621670811755));
#3461=CARTESIAN_POINT('Ctrl Pts',(-9.29264896255692,11.4068917619377,-33.510069554383));
#3462=CARTESIAN_POINT('Ctrl Pts',(-9.16454529226452,11.1019697123604,-34.1658862145356));
#3463=CARTESIAN_POINT('Ctrl Pts',(-9.03814050842432,10.8440983691165,-34.5517726547356));
#3464=CARTESIAN_POINT('Ctrl Pts',(-8.7767512375227,10.4688581228763,-34.9904654656822));
#3465=CARTESIAN_POINT('Ctrl Pts',(-8.70431763982843,10.3734018183467,-35.0927901147859));
#3466=CARTESIAN_POINT('Ctrl Pts',(-8.62390074212224,10.2775646916,-35.1876281197737));
#3467=CARTESIAN_POINT('Origin',(-11.5701769743577,13.7887999761416,-36.));
#3468=CARTESIAN_POINT('Origin',(-7.07066370655194,8.42648887430875,-32.));
#3469=CARTESIAN_POINT('Origin',(5.55972296964631,12.8487151303462,-36.));
#3470=CARTESIAN_POINT('',(7.09181185362807,11.5631399082843,-35.0696122382357));
#3471=CARTESIAN_POINT('Ctrl Pts',(7.55932222484324,12.8086799131509,-33.));
#3472=CARTESIAN_POINT('Ctrl Pts',(7.55858746641675,12.7719816633274,-33.1238508212143));
#3473=CARTESIAN_POINT('Ctrl Pts',(7.55670926830564,12.7309977334188,-33.2395372681973));
#3474=CARTESIAN_POINT('Ctrl Pts',(7.54042229290308,12.5282471742856,-33.7502239452339));
#3475=CARTESIAN_POINT('Ctrl Pts',(7.5038321862095,12.3063026220561,-34.1299653565161));
#3476=CARTESIAN_POINT('Ctrl Pts',(7.32451826288807,11.8904001338799,-34.7002462045989));
#3477=CARTESIAN_POINT('Ctrl Pts',(7.22474087224348,11.7215585429855,-34.8987185892707));
#3478=CARTESIAN_POINT('Ctrl Pts',(7.09181185271255,11.5631399071932,-35.0696122365121));
#3479=CARTESIAN_POINT('',(6.35396910816721,14.6842458632528,-36.));
#3480=CARTESIAN_POINT('',(7.09181185588427,11.5631399109731,-36.));
#3481=CARTESIAN_POINT('Origin',(0.,0.,-32.));
#3482=CARTESIAN_POINT('Ctrl Pts',(7.09181185271255,11.5631399071932,-35.0696122365121));
#3483=CARTESIAN_POINT('Ctrl Pts',(7.0230231237903,11.4811606923701,-35.1580470783171));
#3484=CARTESIAN_POINT('Ctrl Pts',(6.94966105406468,11.3937311822145,-35.2428879186168));
#3485=CARTESIAN_POINT('Ctrl Pts',(6.7282025358681,11.1298071975431,-35.4714462981194));
#3486=CARTESIAN_POINT('Ctrl Pts',(6.57251011384724,10.9442601942601,-35.5974315276564));
#3487=CARTESIAN_POINT('Ctrl Pts',(6.27490728552231,10.5895909544376,-35.7879251122939));
#3488=CARTESIAN_POINT('Ctrl Pts',(6.10543168469049,10.3876177982892,-35.8694935438479));
#3489=CARTESIAN_POINT('Ctrl Pts',(5.75922846904064,9.97502887227086,-35.975520263492));
#3490=CARTESIAN_POINT('Ctrl Pts',(5.58250356839417,9.76441633702458,-36.));
#3491=CARTESIAN_POINT('Ctrl Pts',(5.4207221716353,9.57161277622228,-36.));
#3492=CARTESIAN_POINT('',(-7.09181185362808,11.5631399082843,-35.0696122382357));
#3493=CARTESIAN_POINT('Ctrl Pts',(-5.4207221716353,9.57161277622227,-36.));
#3494=CARTESIAN_POINT('Ctrl Pts',(-5.58250356839418,9.76441633702457,-36.));
#3495=CARTESIAN_POINT('Ctrl Pts',(-5.75922846904064,9.97502887227086,-35.975520263492));
#3496=CARTESIAN_POINT('Ctrl Pts',(-6.1054316846905,10.3876177982892,-35.8694935438479));
#3497=CARTESIAN_POINT('Ctrl Pts',(-6.27490728552231,10.5895909544376,-35.7879251122939));
#3498=CARTESIAN_POINT('Ctrl Pts',(-6.57251011384724,10.94426019426,-35.5974315276565));
#3499=CARTESIAN_POINT('Ctrl Pts',(-6.7282025358681,11.1298071975431,-35.4714462981194));
#3500=CARTESIAN_POINT('Ctrl Pts',(-6.94966105406468,11.3937311822145,-35.2428879186168));
#3501=CARTESIAN_POINT('Ctrl Pts',(-7.0230231237903,11.4811606923701,-35.1580470783171));
#3502=CARTESIAN_POINT('Ctrl Pts',(-7.09181185271256,11.5631399071932,-35.0696122365121));
#3503=CARTESIAN_POINT('Ctrl Pts',(-7.09181185271256,11.5631399071932,-35.0696122365121));
#3504=CARTESIAN_POINT('Ctrl Pts',(-7.10477068669106,11.5785836440655,-35.0529523498267));
#3505=CARTESIAN_POINT('Ctrl Pts',(-7.11747217416386,11.5941949566821,-35.0359548328454));
#3506=CARTESIAN_POINT('Ctrl Pts',(-7.30728246869145,11.8347907690941,-34.771339611776));
#3507=CARTESIAN_POINT('Ctrl Pts',(-7.41804700939121,12.0749416760367,-34.472833092575));
#3508=CARTESIAN_POINT('Ctrl Pts',(-7.54237879319902,12.5058248143628,-33.7807588263984));
#3509=CARTESIAN_POINT('Ctrl Pts',(-7.55692204097002,12.6888003116032,-33.4045748004321));
#3510=CARTESIAN_POINT('Ctrl Pts',(-7.55932222484325,12.8086799131509,-33.));
#3511=CARTESIAN_POINT('',(-11.8297941107076,9.22257942759328,-32.0000000002046));
#3512=CARTESIAN_POINT('Origin',(-8.67518234785227,6.76322491356841,-32.));
#3513=CARTESIAN_POINT('',(11.8297941110343,9.22257942717433,-32.));
#3514=CARTESIAN_POINT('Origin',(0.,0.,-32.));
#3515=CARTESIAN_POINT('Origin',(8.67518234809179,6.76322491326118,-32.));
#3516=CARTESIAN_POINT('Origin',(7.07066370655194,8.42648887430875,-32.));
#3517=CARTESIAN_POINT('Origin',(8.67184808014746,13.4461537576678,-36.));
#3518=CARTESIAN_POINT('Origin',(-5.55972296964632,12.8487151303462,-36.));
#3519=CARTESIAN_POINT('',(-7.09181185588427,11.5631399109731,-36.));
#3520=CARTESIAN_POINT('',(-6.35396910816722,14.6842458632528,-36.));
#3521=CARTESIAN_POINT('Origin',(0.,0.,-36.));
#3522=CARTESIAN_POINT('Origin',(5.78508848717886,6.8943999880708,-36.));
#3523=CARTESIAN_POINT('Origin',(-4.10834949741834,8.00758792690174,-36.));
#3524=CARTESIAN_POINT('Ctrl Pts',(2.,-15.2127487123735,-4.44892409866144));
#3525=CARTESIAN_POINT('Ctrl Pts',(2.,-14.2731513969372,-5.79120597785607));
#3526=CARTESIAN_POINT('Ctrl Pts',(0.,-14.2731513969372,-5.79120597785607));
#3527=CARTESIAN_POINT('Ctrl Pts',(-2.,-14.2731513969372,-5.79120597785607));
#3528=CARTESIAN_POINT('Ctrl Pts',(-2.,-15.2127487123735,-4.44892409866144));
#3529=CARTESIAN_POINT('Ctrl Pts',(-2.,-16.1523460278097,-3.10664221946681));
#3530=CARTESIAN_POINT('Ctrl Pts',(0.,-16.1523460278097,-3.1066422194668));
#3531=CARTESIAN_POINT('Ctrl Pts',(2.,-16.1523460278097,-3.10664221946681));
#3532=CARTESIAN_POINT('Ctrl Pts',(2.,-15.2127487123735,-4.44892409866144));
#3533=CARTESIAN_POINT('Ctrl Pts',(2.,-10.242607101013,-0.969824970709127));
#3534=CARTESIAN_POINT('Ctrl Pts',(2.,-9.3030097855768,-2.31210684990376));
#3535=CARTESIAN_POINT('Ctrl Pts',(9.09530140668126E-17,-9.3030097855768,
-2.31210684990376));
#3536=CARTESIAN_POINT('Ctrl Pts',(-2.,-9.3030097855768,-2.31210684990376));
#3537=CARTESIAN_POINT('Ctrl Pts',(-2.,-10.242607101013,-0.96982497070913));
#3538=CARTESIAN_POINT('Ctrl Pts',(-2.,-11.1822044164493,0.372456908485501));
#3539=CARTESIAN_POINT('Ctrl Pts',(-9.09530140668126E-17,-11.1822044164493,
0.372456908485503));
#3540=CARTESIAN_POINT('Ctrl Pts',(2.,-11.1822044164493,0.372456908485504));
#3541=CARTESIAN_POINT('Ctrl Pts',(2.,-10.242607101013,-0.969824970709127));
#3542=CARTESIAN_POINT('',(-0.343690949769369,-14.7929571252176,-2.18482215272224));
#3543=CARTESIAN_POINT('',(2.00000000000001,-14.4678676533104,-3.92750735731727));
#3544=CARTESIAN_POINT('Ctrl Pts',(-0.343690949769369,-14.7929571252176,
-2.18482215272224));
#3545=CARTESIAN_POINT('Ctrl Pts',(-0.325627593119203,-14.7925875577621,
-2.18141247515817));
#3546=CARTESIAN_POINT('Ctrl Pts',(-0.307520764354792,-14.792201124972,-2.17823937175261));
#3547=CARTESIAN_POINT('Ctrl Pts',(-0.275036899796115,-14.7914789676953,
-2.1729838689365));
#3548=CARTESIAN_POINT('Ctrl Pts',(-0.260675367091587,-14.7911496355143,
-2.17081246111133));
#3549=CARTESIAN_POINT('Ctrl Pts',(-0.235457800961516,-14.7905535088631,
-2.16726590195088));
#3550=CARTESIAN_POINT('Ctrl Pts',(-0.224611274700863,-14.7902913345738,
-2.1658265131006));
#3551=CARTESIAN_POINT('Ctrl Pts',(-0.202975553485893,-14.7897567427091,
-2.16312661495936));
#3552=CARTESIAN_POINT('Ctrl Pts',(-0.192186844447304,-14.7894844210855,
-2.161864929539));
#3553=CARTESIAN_POINT('Ctrl Pts',(-0.170641851725579,-14.7889289801579,
-2.15951402209666));
#3554=CARTESIAN_POINT('Ctrl Pts',(-0.159885979816579,-14.788645925902,-2.15842405425757));
#3555=CARTESIAN_POINT('Ctrl Pts',(-0.130845901043566,-14.7878659228135,
-2.15570674561517));
#3556=CARTESIAN_POINT('Ctrl Pts',(-0.112548352077189,-14.7873576156942,
-2.15423545694894));
#3557=CARTESIAN_POINT('Ctrl Pts',(-0.0450367391554195,-14.7854182597803,
-2.14969341155396));
#3558=CARTESIAN_POINT('Ctrl Pts',(0.0042589049359526,-14.7838775046335,
-2.14811081667539));
#3559=CARTESIAN_POINT('Ctrl Pts',(0.198222036913834,-14.7772765994025,-2.14868628725941));
#3560=CARTESIAN_POINT('Ctrl Pts',(0.342478452885933,-14.7712003691894,-2.16400111787008));
#3561=CARTESIAN_POINT('Ctrl Pts',(0.696697102388337,-14.7522048834879,-2.239024290159));
#3562=CARTESIAN_POINT('Ctrl Pts',(0.901664107132162,-14.7373939052589,-2.3169729541474));
#3563=CARTESIAN_POINT('Ctrl Pts',(1.25493703769095,-14.7010966850501,-2.52102765416757));
#3564=CARTESIAN_POINT('Ctrl Pts',(1.40603688972695,-14.680689778373,-2.63975700312237));
#3565=CARTESIAN_POINT('Ctrl Pts',(1.69443378715969,-14.6279951194858,-2.94865947062553));
#3566=CARTESIAN_POINT('Ctrl Pts',(1.81875210213961,-14.5945342887169,-3.14607435777497));
#3567=CARTESIAN_POINT('Ctrl Pts',(1.96575978267055,-14.5286490088331,-3.54431459132341));
#3568=CARTESIAN_POINT('Ctrl Pts',(2.,-14.4977503079663,-3.73476169051734));
#3569=CARTESIAN_POINT('Ctrl Pts',(2.,-14.4678676533104,-3.92750735731726));
#3570=CARTESIAN_POINT('',(-0.0337812935837151,-14.2732854372125,-5.79101449174861));
#3571=CARTESIAN_POINT('Ctrl Pts',(-0.0337812935836573,-14.2732854372125,
-5.79101449174861));
#3572=CARTESIAN_POINT('Ctrl Pts',(-0.270321089068187,-14.2732907920291,
-5.78702235994167));
#3573=CARTESIAN_POINT('Ctrl Pts',(-0.505365976189992,-14.2795440436247,
-5.74546183944856));
#3574=CARTESIAN_POINT('Ctrl Pts',(-0.943359098474549,-14.3001167393755,
-5.58873883250648));
#3575=CARTESIAN_POINT('Ctrl Pts',(-1.14455950199854,-14.3140306097749,-5.47678745697748));
#3576=CARTESIAN_POINT('Ctrl Pts',(-1.47806819916781,-14.3442722252176,-5.20438166891145));
#3577=CARTESIAN_POINT('Ctrl Pts',(-1.61319811671631,-14.3598962598358,-5.05293274553245));
#3578=CARTESIAN_POINT('Ctrl Pts',(-1.81330621483954,-14.39039876463,-4.73625161593165));
#3579=CARTESIAN_POINT('Ctrl Pts',(-1.88434480830008,-14.404873330591,-4.57812854995719));
#3580=CARTESIAN_POINT('Ctrl Pts',(-1.96068714864173,-14.4292119742397,-4.31060435301806));
#3581=CARTESIAN_POINT('Ctrl Pts',(-1.98063204762595,-14.4386746033414,-4.2066325630364));
#3582=CARTESIAN_POINT('Ctrl Pts',(-1.99615122200304,-14.4530511242609,-4.05200229946248));
#3583=CARTESIAN_POINT('Ctrl Pts',(-1.99902740485109,-14.4577096604102,-4.00228674726843));
#3584=CARTESIAN_POINT('Ctrl Pts',(-2.00014572337689,-14.4645882192059,-3.92951469047417));
#3585=CARTESIAN_POINT('Ctrl Pts',(-2.00004819047421,-14.4667712904681,-3.90651159147983));
#3586=CARTESIAN_POINT('Ctrl Pts',(-1.99908417492328,-14.4706198316679,-3.86613842275143));
#3587=CARTESIAN_POINT('Ctrl Pts',(-1.99841134879726,-14.4722812691855,-3.8487671720898));
#3588=CARTESIAN_POINT('Ctrl Pts',(-1.99648368849061,-14.4757324325134,-3.8128142343112));
#3589=CARTESIAN_POINT('Ctrl Pts',(-1.99519094269732,-14.4775226115469,-3.79423710980098));
#3590=CARTESIAN_POINT('Ctrl Pts',(-1.99111744713783,-14.4821277238162,-3.74665349970782));
#3591=CARTESIAN_POINT('Ctrl Pts',(-1.98790935870529,-14.4849495547672,-3.7176906493888));
#3592=CARTESIAN_POINT('Ctrl Pts',(-1.97295293676095,-14.4957425570301,-3.6077870218592));
#3593=CARTESIAN_POINT('Ctrl Pts',(-1.95626665771391,-14.5037874392083,-3.52763499334075));
#3594=CARTESIAN_POINT('Ctrl Pts',(-1.87787109407557,-14.5326363476291,-3.25019630401966));
#3595=CARTESIAN_POINT('Ctrl Pts',(-1.78689987081194,-14.5539107843859,-3.06293389980371));
#3596=CARTESIAN_POINT('Ctrl Pts',(-1.54277097991506,-14.6009207115023,-2.72885304556826));
#3597=CARTESIAN_POINT('Ctrl Pts',(-1.39168505869502,-14.6263841184668,-2.58553164167163));
#3598=CARTESIAN_POINT('Ctrl Pts',(-1.02254741474506,-14.6868304272432,-2.34431847816264));
#3599=CARTESIAN_POINT('Ctrl Pts',(-0.804645679754995,-14.7217502856977,
-2.25862567353483));
#3600=CARTESIAN_POINT('Ctrl Pts',(-0.498726736401793,-14.7693659492909,
-2.20009029207775));
#3601=CARTESIAN_POINT('Ctrl Pts',(-0.421415685683407,-14.7812530845833,
-2.19018766340355));
#3602=CARTESIAN_POINT('Ctrl Pts',(-0.343690949769325,-14.7929571252176,
-2.18482215272224));
#3603=CARTESIAN_POINT('Ctrl Pts',(2.00000000000003,-14.4678676533104,-3.92750735731726));
#3604=CARTESIAN_POINT('Ctrl Pts',(2.00000000000003,-14.4639291958245,-3.95291074342955));
#3605=CARTESIAN_POINT('Ctrl Pts',(1.99940525319685,-14.4600087353042,-3.97835411087284));
#3606=CARTESIAN_POINT('Ctrl Pts',(1.98773531991855,-14.4218804636643,-4.2274837747647));
#3607=CARTESIAN_POINT('Ctrl Pts',(1.93148938573065,-14.3906624874309,-4.44618441065553));
#3608=CARTESIAN_POINT('Ctrl Pts',(1.73847125121366,-14.3367679169883,-4.85405124477072));
#3609=CARTESIAN_POINT('Ctrl Pts',(1.60344375398236,-14.3146537962429,-5.03867334564196));
#3610=CARTESIAN_POINT('Ctrl Pts',(1.28655351053787,-14.2822171873104,-5.34466294773823));
#3611=CARTESIAN_POINT('Ctrl Pts',(1.10994963504622,-14.2714111116104,-5.46763205119828));
#3612=CARTESIAN_POINT('Ctrl Pts',(0.7752555418097,-14.2611262096459,-5.63345266968045));
#3613=CARTESIAN_POINT('Ctrl Pts',(0.624342370523587,-14.2594958455245,-5.68839758398496));
#3614=CARTESIAN_POINT('Ctrl Pts',(0.381074082342669,-14.2612294480146,-5.74830804196715));
#3615=CARTESIAN_POINT('Ctrl Pts',(0.291754271168654,-14.2627366670465,-5.76458752797697));
#3616=CARTESIAN_POINT('Ctrl Pts',(0.180150136010681,-14.2656876408374,-5.77796977119932));
#3617=CARTESIAN_POINT('Ctrl Pts',(0.15850043187153,-14.2663093992203,-5.78024448815275));
#3618=CARTESIAN_POINT('Ctrl Pts',(0.124381967899056,-14.2673669425488,-5.78332434663671));
#3619=CARTESIAN_POINT('Ctrl Pts',(0.111931987759122,-14.2677690840835,-5.78434266228864));
#3620=CARTESIAN_POINT('Ctrl Pts',(0.0897926414115459,-14.2685130941699,
-5.785965987173));
#3621=CARTESIAN_POINT('Ctrl Pts',(0.080106236194847,-14.2688484297603,-5.78661252611332));
#3622=CARTESIAN_POINT('Ctrl Pts',(0.0577467771904416,-14.2696451757158,
-5.78795797211853));
#3623=CARTESIAN_POINT('Ctrl Pts',(0.0450714048262879,-14.2701136400058,
-5.78861183835831));
#3624=CARTESIAN_POINT('Ctrl Pts',(0.010342829505129,-14.2714432554033,-5.79010510541092));
#3625=CARTESIAN_POINT('Ctrl Pts',(-0.0117179070195416,-14.2723387454498,
-5.7907245255551));
#3626=CARTESIAN_POINT('Ctrl Pts',(-0.0337812935837153,-14.2732854372125,
-5.79101449174861));
#3627=CARTESIAN_POINT('',(2.,-10.7448418450461,-1.3213892915322));
#3628=CARTESIAN_POINT('Ctrl Pts',(2.,-14.4678676533104,-3.92750735731727));
#3629=CARTESIAN_POINT('Ctrl Pts',(2.,-10.7448418450461,-1.32138929153224));
#3630=CARTESIAN_POINT('',(1.78702753173625,-10.6723287151543,-2.16870170177169));
#3631=CARTESIAN_POINT('Ctrl Pts',(1.78702753173625,-10.6723287151543,-2.16870170177169));
#3632=CARTESIAN_POINT('Ctrl Pts',(1.88353340409123,-10.6664162700955,-1.9725308063277));
#3633=CARTESIAN_POINT('Ctrl Pts',(1.95350984275713,-10.6765260350684,-1.76326362522726));
#3634=CARTESIAN_POINT('Ctrl Pts',(1.99442814210417,-10.7166575386266,-1.47301969273498));
#3635=CARTESIAN_POINT('Ctrl Pts',(2.,-10.729570708033,-1.39688477789914));
#3636=CARTESIAN_POINT('Ctrl Pts',(2.,-10.7448418450461,-1.32138929153215));
#3637=CARTESIAN_POINT('',(-0.504527542163871,-10.4595246623496,-3.05698428139613));
#3638=CARTESIAN_POINT('Ctrl Pts',(-0.504527542163912,-10.4595246623497,
-3.05698428139612));
#3639=CARTESIAN_POINT('Ctrl Pts',(-0.262669292142525,-10.4454635345067,
-3.1101927374209));
#3640=CARTESIAN_POINT('Ctrl Pts',(-0.0119605813338143,-10.4378380060343,
-3.12179751073933));
#3641=CARTESIAN_POINT('Ctrl Pts',(0.474970541636146,-10.4417069935177,-3.06700111333045));
#3642=CARTESIAN_POINT('Ctrl Pts',(0.711157547058282,-10.4527801146908,-3.00256683294317));
#3643=CARTESIAN_POINT('Ctrl Pts',(1.13437818780296,-10.4961100279237,-2.81049988862883));
#3644=CARTESIAN_POINT('Ctrl Pts',(1.32342206465542,-10.5268731952708,-2.68763976174853));
#3645=CARTESIAN_POINT('Ctrl Pts',(1.60277898127488,-10.5977667522769,-2.42755100956865));
#3646=CARTESIAN_POINT('Ctrl Pts',(1.70508768365723,-10.6328091918438,-2.30408601990649));
#3647=CARTESIAN_POINT('Ctrl Pts',(1.78702753173625,-10.6723287151543,-2.16870170177169));
#3648=CARTESIAN_POINT('',(-1.10018744519745,-11.0430273363646,0.140086715758924));
#3649=CARTESIAN_POINT('Ctrl Pts',(-1.10018744519745,-11.0430273363646,0.140086715758924));
#3650=CARTESIAN_POINT('Ctrl Pts',(-1.27372209197218,-11.0026654263101,0.0540304067437954));
#3651=CARTESIAN_POINT('Ctrl Pts',(-1.43154166982436,-10.9597911356845,-0.0586285884517428));
#3652=CARTESIAN_POINT('Ctrl Pts',(-1.66619542781095,-10.8838682821713,-0.300734864587057));
#3653=CARTESIAN_POINT('Ctrl Pts',(-1.75184222216841,-10.8515267167342,-0.417261466245604));
#3654=CARTESIAN_POINT('Ctrl Pts',(-1.91668294209723,-10.7747914504262,-0.725334467726819));
#3655=CARTESIAN_POINT('Ctrl Pts',(-1.97562024404169,-10.7321335685915,-0.923218822157659));
#3656=CARTESIAN_POINT('Ctrl Pts',(-2.01294683798673,-10.6510568228872,-1.3426278763425));
#3657=CARTESIAN_POINT('Ctrl Pts',(-1.98717910361388,-10.6140632081456,-1.55838583469979));
#3658=CARTESIAN_POINT('Ctrl Pts',(-1.85138532298299,-10.5484936645683,-1.9803627285514));
#3659=CARTESIAN_POINT('Ctrl Pts',(-1.73951741264459,-10.5211866103772,-2.18048173915341));
#3660=CARTESIAN_POINT('Ctrl Pts',(-1.44927297896069,-10.4795078456367,-2.53487875960517));
#3661=CARTESIAN_POINT('Ctrl Pts',(-1.2726620117034,-10.4655851704345,-2.68628907762042));
#3662=CARTESIAN_POINT('Ctrl Pts',(-0.898303385904102,-10.4531140674978,
-2.91647597521294));
#3663=CARTESIAN_POINT('Ctrl Pts',(-0.705291143905845,-10.4532504040674,
-3.00025422595043));
#3664=CARTESIAN_POINT('Ctrl Pts',(-0.504527542163872,-10.4595246623496,
-3.05698428139613));
#3665=CARTESIAN_POINT('',(1.3894740807834,-11.2219751819795,-0.216854984679013));
#3666=CARTESIAN_POINT('Ctrl Pts',(1.3894740807834,-11.2219751819795,-0.216854984679015));
#3667=CARTESIAN_POINT('Ctrl Pts',(1.33234769734335,-11.2317346449448,-0.168508225828788));
#3668=CARTESIAN_POINT('Ctrl Pts',(1.2724230806212,-11.2400919354957,-0.123056683932224));
#3669=CARTESIAN_POINT('Ctrl Pts',(0.9784909000265,-11.2728329099993,0.0774213209032349));
#3670=CARTESIAN_POINT('Ctrl Pts',(0.715752201519123,-11.2785101892572,0.193417663939072));
#3671=CARTESIAN_POINT('Ctrl Pts',(0.154263591348199,-11.2530486812106,0.338762857947088));
#3672=CARTESIAN_POINT('Ctrl Pts',(-0.147730099746455,-11.2195990771258,
0.36322379820267));
#3673=CARTESIAN_POINT('Ctrl Pts',(-0.670371151638726,-11.1358601706529,
0.30392014000968));
#3674=CARTESIAN_POINT('Ctrl Pts',(-0.894688563028563,-11.0908618282004,
0.241967496701438));
#3675=CARTESIAN_POINT('Ctrl Pts',(-1.1001874451975,-11.0430273363646,0.140086715758897));
#3676=CARTESIAN_POINT('Ctrl Pts',(2.,-10.7448418450461,-1.32138929153215));
#3677=CARTESIAN_POINT('Ctrl Pts',(2.,-10.7659355862326,-1.21710876226953));
#3678=CARTESIAN_POINT('Ctrl Pts',(1.9893817893086,-10.7915239571792,-1.11404736828647));
#3679=CARTESIAN_POINT('Ctrl Pts',(1.93078703414693,-10.8703411590424,-0.850359002563566));
#3680=CARTESIAN_POINT('Ctrl Pts',(1.86497908504818,-10.9289020600815,-0.7004951633618));
#3681=CARTESIAN_POINT('Ctrl Pts',(1.66989287012191,-11.0662674659606,-0.423943633784917));
#3682=CARTESIAN_POINT('Ctrl Pts',(1.5392104521346,-11.1435862207766,-0.306613096937981));
#3683=CARTESIAN_POINT('Ctrl Pts',(1.3894740807834,-11.2219751819795,-0.216854984679015));
#3684=CARTESIAN_POINT('Ctrl Pts',(22.6168179196699,-14.2170449968533,-24.242209460377));
#3685=CARTESIAN_POINT('Ctrl Pts',(15.833950188849,-14.5421411285555,-24.2422094603865));
#3686=CARTESIAN_POINT('Ctrl Pts',(9.05108245802815,-14.8672372602577,-24.2422094603961));
#3687=CARTESIAN_POINT('Ctrl Pts',(2.26821472720727,-15.19233339196,-24.2422094604056));
#3688=CARTESIAN_POINT('Ctrl Pts',(2.10340892256492,-15.2002323709313,-24.2422094604058));
#3689=CARTESIAN_POINT('Ctrl Pts',(1.77379731328022,-15.2160303288741,-24.2422094604063));
#3690=CARTESIAN_POINT('Ctrl Pts',(1.11457409471083,-15.2476262447596,-24.2422094604072));
#3691=CARTESIAN_POINT('Ctrl Pts',(0.29054507149908,-15.2871211396165,-24.2422094604084));
#3692=CARTESIAN_POINT('Ctrl Pts',(-0.533483951712665,-15.3266160344734,
-24.2422094604095));
#3693=CARTESIAN_POINT('Ctrl Pts',(-1.19270717028206,-15.358211950359,-24.2422094604105));
#3694=CARTESIAN_POINT('Ctrl Pts',(-1.52231877956676,-15.3740099083017,-24.2422094604109));
#3695=CARTESIAN_POINT('Ctrl Pts',(-1.68712458420911,-15.3819088872731,-24.2422094604111));
#3696=CARTESIAN_POINT('Ctrl Pts',(-10.0550589611158,-15.7829756932669,-24.2422094604227));
#3697=CARTESIAN_POINT('Ctrl Pts',(-18.4229933380225,-16.1840424992606,-24.2422094604342));
#3698=CARTESIAN_POINT('Ctrl Pts',(-26.7909277149293,-16.5851093052543,-24.2422094604457));
#3699=CARTESIAN_POINT('Ctrl Pts',(21.360487843806,-14.1929862304861,-22.1430791700545));
#3700=CARTESIAN_POINT('Ctrl Pts',(14.9052521586674,-14.4675961484263,-22.1430791700608));
#3701=CARTESIAN_POINT('Ctrl Pts',(8.45001647352873,-14.7422060663665,-22.1430791700672));
#3702=CARTESIAN_POINT('Ctrl Pts',(1.9947807883901,-15.0168159843067,-22.1430791700736));
#3703=CARTESIAN_POINT('Ctrl Pts',(1.83793557874357,-15.0234882813771,-22.1430791700737));
#3704=CARTESIAN_POINT('Ctrl Pts',(1.52424515945051,-15.0368328755178,-22.143079170074));
#3705=CARTESIAN_POINT('Ctrl Pts',(0.896864320864392,-15.0635220637992,-22.1430791700746));
#3706=CARTESIAN_POINT('Ctrl Pts',(0.112638272631746,-15.096883549151,-22.1430791700754));
#3707=CARTESIAN_POINT('Ctrl Pts',(-0.6715877756009,-15.1302450345028,-22.1430791700762));
#3708=CARTESIAN_POINT('Ctrl Pts',(-1.29896861418702,-15.1569342227843,-22.1430791700768));
#3709=CARTESIAN_POINT('Ctrl Pts',(-1.61265903348008,-15.170278816925,-22.1430791700771));
#3710=CARTESIAN_POINT('Ctrl Pts',(-1.7695042431266,-15.1769511139954,-22.1430791700773));
#3711=CARTESIAN_POINT('Ctrl Pts',(-9.73324329044095,-15.5157337445538,-22.1430791700849));
#3712=CARTESIAN_POINT('Ctrl Pts',(-17.6969823377553,-15.8545163751122,-22.1430791700926));
#3713=CARTESIAN_POINT('Ctrl Pts',(-25.6607213850696,-16.1932990056706,-22.1430791701003));
#3714=CARTESIAN_POINT('Ctrl Pts',(20.1041577679421,-14.1689274641189,-20.043948879732));
#3715=CARTESIAN_POINT('Ctrl Pts',(13.9765541284857,-14.3930511682971,-20.0439488797352));
#3716=CARTESIAN_POINT('Ctrl Pts',(7.84895048902931,-14.6171748724753,-20.0439488797383));
#3717=CARTESIAN_POINT('Ctrl Pts',(1.72134684957292,-14.8412985766535,-20.0439488797415));
#3718=CARTESIAN_POINT('Ctrl Pts',(1.57246223492221,-14.8467441918228,-20.0439488797416));
#3719=CARTESIAN_POINT('Ctrl Pts',(1.27469300562079,-14.8576354221615,-20.0439488797417));
#3720=CARTESIAN_POINT('Ctrl Pts',(0.679154547017957,-14.8794178828389,-20.0439488797421));
#3721=CARTESIAN_POINT('Ctrl Pts',(-0.0652685262355886,-14.9066459586855,
-20.0439488797424));
#3722=CARTESIAN_POINT('Ctrl Pts',(-0.809691599489134,-14.9338740345322,
-20.0439488797428));
#3723=CARTESIAN_POINT('Ctrl Pts',(-1.40523005809197,-14.9556564952096,-20.0439488797431));
#3724=CARTESIAN_POINT('Ctrl Pts',(-1.70299928739339,-14.9665477255483,-20.0439488797433));
#3725=CARTESIAN_POINT('Ctrl Pts',(-1.8518839020441,-14.9719933407176,-20.0439488797434));
#3726=CARTESIAN_POINT('Ctrl Pts',(-9.41142761976606,-15.2484917958407,-20.0439488797472));
#3727=CARTESIAN_POINT('Ctrl Pts',(-16.970971337488,-15.5249902509637,-20.043948879751));
#3728=CARTESIAN_POINT('Ctrl Pts',(-24.53051505521,-15.8014887060868,-20.0439488797549));
#3729=CARTESIAN_POINT('Ctrl Pts',(18.8478276920782,-14.1448686977517,-17.9448185894095));
#3730=CARTESIAN_POINT('Ctrl Pts',(13.047856098304,-14.3185061881679,-17.9448185894095));
#3731=CARTESIAN_POINT('Ctrl Pts',(7.24788450452989,-14.4921436785841,-17.9448185894095));
#3732=CARTESIAN_POINT('Ctrl Pts',(1.44791291075575,-14.6657811690003,-17.9448185894095));
#3733=CARTESIAN_POINT('Ctrl Pts',(1.30698889110086,-14.6700001022686,-17.9448185894095));
#3734=CARTESIAN_POINT('Ctrl Pts',(1.02514085179108,-14.6784379688052,-17.9448185894095));
#3735=CARTESIAN_POINT('Ctrl Pts',(0.461444773171522,-14.6953137018785,-17.9448185894095));
#3736=CARTESIAN_POINT('Ctrl Pts',(-0.243175325102923,-14.71640836822,-17.9448185894095));
#3737=CARTESIAN_POINT('Ctrl Pts',(-0.947795423377368,-14.7375030345616,
-17.9448185894095));
#3738=CARTESIAN_POINT('Ctrl Pts',(-1.51149150199692,-14.7543787676349,-17.9448185894095));
#3739=CARTESIAN_POINT('Ctrl Pts',(-1.7933395413067,-14.7628166341715,-17.9448185894095));
#3740=CARTESIAN_POINT('Ctrl Pts',(-1.93426356096159,-14.7670355674398,-17.9448185894095));
#3741=CARTESIAN_POINT('Ctrl Pts',(-9.08961194909118,-14.9812498471276,-17.9448185894095));
#3742=CARTESIAN_POINT('Ctrl Pts',(-16.2449603372208,-15.1954641268153,-17.9448185894095));
#3743=CARTESIAN_POINT('Ctrl Pts',(-23.4003087253503,-15.4096784065031,-17.9448185894095));
#3744=CARTESIAN_POINT('Ctrl Pts',(17.0417831950838,-14.1102828803485,-14.9272018164415));
#3745=CARTESIAN_POINT('Ctrl Pts',(11.7128009253029,-14.2113436249789,-14.9272018164369));
#3746=CARTESIAN_POINT('Ctrl Pts',(6.38381865552187,-14.3124043696094,-14.9272018164323));
#3747=CARTESIAN_POINT('Ctrl Pts',(1.05483638574088,-14.4134651142398,-14.9272018164278));
#3748=CARTESIAN_POINT('Ctrl Pts',(0.925356165021648,-14.4159206239147,-14.9272018164276));
#3749=CARTESIAN_POINT('Ctrl Pts',(0.666395723583177,-14.4208316432645,-14.9272018164274));
#3750=CARTESIAN_POINT('Ctrl Pts',(0.148474840706237,-14.4306536819641,-14.927201816427));
#3751=CARTESIAN_POINT('Ctrl Pts',(-0.498926262889939,-14.4429312303386,
-14.9272018164264));
#3752=CARTESIAN_POINT('Ctrl Pts',(-1.14632736648611,-14.455208778713,-14.9272018164259));
#3753=CARTESIAN_POINT('Ctrl Pts',(-1.66424824936305,-14.4650308174126,-14.9272018164254));
#3754=CARTESIAN_POINT('Ctrl Pts',(-1.92320869080152,-14.4699418367624,-14.9272018164252));
#3755=CARTESIAN_POINT('Ctrl Pts',(-2.05268891152076,-14.4723973464373,-14.9272018164251));
#3756=CARTESIAN_POINT('Ctrl Pts',(-8.62698398830687,-14.5970746529554,-14.9272018164196));
#3757=CARTESIAN_POINT('Ctrl Pts',(-15.201279065093,-14.7217519594735,-14.9272018164141));
#3758=CARTESIAN_POINT('Ctrl Pts',(-21.7755741418791,-14.8464292659917,-14.9272018164085));
#3759=CARTESIAN_POINT('Ctrl Pts',(13.4296942542973,-14.0411163003704,-8.89196394346067));
#3760=CARTESIAN_POINT('Ctrl Pts',(9.04269062076991,-13.9970220407499,-8.89196533623331));
#3761=CARTESIAN_POINT('Ctrl Pts',(4.65568698724256,-13.9529277811293,-8.89196672900596));
#3762=CARTESIAN_POINT('Ctrl Pts',(0.268683353715206,-13.9088335215088,-8.8919681217786));
#3763=CARTESIAN_POINT('Ctrl Pts',(0.162090730582205,-13.9077621472427,-8.8919681556193));
#3764=CARTESIAN_POINT('Ctrl Pts',(-0.0510945156837965,-13.9056193987106,
-8.89196822330072));
#3765=CARTESIAN_POINT('Ctrl Pts',(-0.477465008215799,-13.9013339016464,
-8.89196835866354));
#3766=CARTESIAN_POINT('Ctrl Pts',(-1.0104281238808,-13.8959770303162,-8.89196852786707));
#3767=CARTESIAN_POINT('Ctrl Pts',(-1.54339123954581,-13.8906201589859,-8.89196869707061));
#3768=CARTESIAN_POINT('Ctrl Pts',(-1.96976173207781,-13.8863346619217,-8.89196883243343));
#3769=CARTESIAN_POINT('Ctrl Pts',(-2.18294697834381,-13.8841919133896,-8.89196890011485));
#3770=CARTESIAN_POINT('Ctrl Pts',(-2.28953960147681,-13.8831205391236,-8.89196893395556));
#3771=CARTESIAN_POINT('Ctrl Pts',(-7.70172807005036,-13.8287220331313,-8.89197065220101));
#3772=CARTESIAN_POINT('Ctrl Pts',(-13.1139165386239,-13.774323527139,-8.89197237044646));
#3773=CARTESIAN_POINT('Ctrl Pts',(-18.5261050071975,-13.7199250211467,-8.89197408869191));
#3774=CARTESIAN_POINT('Ctrl Pts',(13.412060954787,-12.3693835250582,-10.3229403766468));
#3775=CARTESIAN_POINT('Ctrl Pts',(9.02894754330333,-12.8255608316906,-9.86231941561175));
#3776=CARTESIAN_POINT('Ctrl Pts',(4.64583413181971,-13.281738138323,-9.40169845457668));
#3777=CARTESIAN_POINT('Ctrl Pts',(0.26272072033609,-13.7379154449553,-8.94107749354161));
#3778=CARTESIAN_POINT('Ctrl Pts',(0.156222619343222,-13.748999350917,-8.92988561849242));
#3779=CARTESIAN_POINT('Ctrl Pts',(-0.0567735826425125,-13.7711671628404,
-8.90750186839407));
#3780=CARTESIAN_POINT('Ctrl Pts',(-0.482765986613987,-13.8155027866873,
-8.86273436819734));
#3781=CARTESIAN_POINT('Ctrl Pts',(-1.01525649157833,-13.8709223164959,-8.80677499295142));
#3782=CARTESIAN_POINT('Ctrl Pts',(-1.54774699654268,-13.9263418463046,-8.75081561770553));
#3783=CARTESIAN_POINT('Ctrl Pts',(-1.97373940051415,-13.9706774701514,-8.7060481175088));
#3784=CARTESIAN_POINT('Ctrl Pts',(-2.18673560249988,-13.9928452820748,-8.68366436741042));
#3785=CARTESIAN_POINT('Ctrl Pts',(-2.29323370349275,-14.0039291880365,-8.67247249236124));
#3786=CARTESIAN_POINT('Ctrl Pts',(-7.70062285648706,-14.5667091091015,-8.10421049352394));
#3787=CARTESIAN_POINT('Ctrl Pts',(-13.1080120094814,-15.1294890301666,-7.53594849468663));
#3788=CARTESIAN_POINT('Ctrl Pts',(-18.5154011624757,-15.6922689512316,-6.96768649584932));
#3789=CARTESIAN_POINT('Ctrl Pts',(7.88180561474217,-15.9963185922651,-2.67828460665843));
#3790=CARTESIAN_POINT('Ctrl Pts',(5.1326356406939,-15.6148361409825,-2.54501807306579));
#3791=CARTESIAN_POINT('Ctrl Pts',(2.38346566664562,-15.2333536896999,-2.41175153947316));
#3792=CARTESIAN_POINT('Ctrl Pts',(-0.365704307402652,-14.8518712384173,
-2.27848500588052));
#3793=CARTESIAN_POINT('Ctrl Pts',(-0.432501890320692,-14.8426022205276,
-2.27524698043579));
#3794=CARTESIAN_POINT('Ctrl Pts',(-0.566097056156774,-14.8240641847482,
-2.26877092954633));
#3795=CARTESIAN_POINT('Ctrl Pts',(-0.833287387828937,-14.7869881131893,
-2.25581882776741));
#3796=CARTESIAN_POINT('Ctrl Pts',(-1.16727530241914,-14.7406430237407,-2.23962870054376));
#3797=CARTESIAN_POINT('Ctrl Pts',(-1.50126321700934,-14.6942979342921,-2.22343857332011));
#3798=CARTESIAN_POINT('Ctrl Pts',(-1.7684535486815,-14.6572218627332,-2.21048647154119));
#3799=CARTESIAN_POINT('Ctrl Pts',(-1.90204871451759,-14.6386838269538,-2.20401042065173));
#3800=CARTESIAN_POINT('Ctrl Pts',(-1.96884629743563,-14.6294148090641,-2.200772395207));
#3801=CARTESIAN_POINT('Ctrl Pts',(-5.36046100182767,-14.1587849449765,-2.0363632320038));
#3802=CARTESIAN_POINT('Ctrl Pts',(-8.75207570621971,-13.6881550808889,-1.8719540688006));
#3803=CARTESIAN_POINT('Ctrl Pts',(-12.1436904106118,-13.2175252168013,-1.7075449055974));
#3804=CARTESIAN_POINT('Ctrl Pts',(7.43010296440292,-16.5588973745665,-0.966094768335949));
#3805=CARTESIAN_POINT('Ctrl Pts',(4.82394345968278,-15.9763451630626,-0.880650570883431));
#3806=CARTESIAN_POINT('Ctrl Pts',(2.21778395496264,-15.3937929515587,-0.795206373430913));
#3807=CARTESIAN_POINT('Ctrl Pts',(-0.388375549757497,-14.8112407400548,
-0.709762175978395));
#3808=CARTESIAN_POINT('Ctrl Pts',(-0.451698355279717,-14.7970862570583,
-0.707686107231072));
#3809=CARTESIAN_POINT('Ctrl Pts',(-0.578343966324155,-14.7687772910654,
-0.70353396973643));
#3810=CARTESIAN_POINT('Ctrl Pts',(-0.831635188413031,-14.7121593590795,
-0.695229694747138));
#3811=CARTESIAN_POINT('Ctrl Pts',(-1.14824921602413,-14.6413869440972,-0.684849351010524));
#3812=CARTESIAN_POINT('Ctrl Pts',(-1.46486324363523,-14.5706145291149,-0.674469007273911));
#3813=CARTESIAN_POINT('Ctrl Pts',(-1.7181544657241,-14.513996597129,-0.666164732284622));
#3814=CARTESIAN_POINT('Ctrl Pts',(-1.84480007676854,-14.4856876311361,-0.662012594789974));
#3815=CARTESIAN_POINT('Ctrl Pts',(-1.90812288229076,-14.4715331481396,-0.659936526042651));
#3816=CARTESIAN_POINT('Ctrl Pts',(-5.12330745859544,-13.7528461752477,-0.554525147619126));
#3817=CARTESIAN_POINT('Ctrl Pts',(-8.33849203490013,-13.0341592023558,-0.4491137691956));
#3818=CARTESIAN_POINT('Ctrl Pts',(-11.5536766112048,-12.315472229464,-0.343702390772075));
#3819=CARTESIAN_POINT('Ctrl Pts',(7.55689191193188,-16.735479596424,-0.0592806583699183));
#3820=CARTESIAN_POINT('Ctrl Pts',(4.9228192731006,-16.0414533366554,0.0143946195427593));
#3821=CARTESIAN_POINT('Ctrl Pts',(2.28874663426932,-15.3474270768867,0.0880698974554368));
#3822=CARTESIAN_POINT('Ctrl Pts',(-0.345326004561965,-14.653400817118,0.161745175368114));
#3823=CARTESIAN_POINT('Ctrl Pts',(-0.409327025657573,-14.6365378086203,
0.163535290396228));
#3824=CARTESIAN_POINT('Ctrl Pts',(-0.53732906784879,-14.6028117916247,0.167115520452455));
#3825=CARTESIAN_POINT('Ctrl Pts',(-0.793333152231222,-14.5353597576337,
0.17427598056491));
#3826=CARTESIAN_POINT('Ctrl Pts',(-1.11333825770926,-14.4510447151449,0.183226555705477));
#3827=CARTESIAN_POINT('Ctrl Pts',(-1.4333433631873,-14.366729672656,0.192177130846045));
#3828=CARTESIAN_POINT('Ctrl Pts',(-1.68934744756974,-14.299277638665,0.199337590958499));
#3829=CARTESIAN_POINT('Ctrl Pts',(-1.81734948976095,-14.2655516216694,0.202917821014726));
#3830=CARTESIAN_POINT('Ctrl Pts',(-1.88135051085656,-14.2486886131717,0.204707936042839));
#3831=CARTESIAN_POINT('Ctrl Pts',(-5.1309711522248,-13.3924775785377,0.295600153794974));
#3832=CARTESIAN_POINT('Ctrl Pts',(-8.38059179359303,-12.5362665439038,0.386492371547109));
#3833=CARTESIAN_POINT('Ctrl Pts',(-11.6302124349613,-11.6800555092699,0.477384589299244));
#3834=CARTESIAN_POINT('Ctrl Pts',(7.77415508517848,-16.7639468635272,0.359872505169493));
#3835=CARTESIAN_POINT('Ctrl Pts',(5.08225404901113,-16.0163675601866,0.434162516121238));
#3836=CARTESIAN_POINT('Ctrl Pts',(2.39035301284378,-15.268788256846,0.508452527072982));
#3837=CARTESIAN_POINT('Ctrl Pts',(-0.301548023323571,-14.5212089535053,
0.582742538024727));
#3838=CARTESIAN_POINT('Ctrl Pts',(-0.366954122025342,-14.503044747227,0.584547589445111));
#3839=CARTESIAN_POINT('Ctrl Pts',(-0.497766319428885,-14.4667163346704,
0.588157692285876));
#3840=CARTESIAN_POINT('Ctrl Pts',(-0.759390714235972,-14.3940595095572,
0.59537789796741));
#3841=CARTESIAN_POINT('Ctrl Pts',(-1.08642120774483,-14.3032384781658,0.604403155069325));
#3842=CARTESIAN_POINT('Ctrl Pts',(-1.41345170125368,-14.2124174467743,0.613428412171241));
#3843=CARTESIAN_POINT('Ctrl Pts',(-1.67507609606077,-14.1397606216611,0.620648617852773));
#3844=CARTESIAN_POINT('Ctrl Pts',(-1.80588829346432,-14.1034322091045,0.624258720693539));
#3845=CARTESIAN_POINT('Ctrl Pts',(-1.87129439216609,-14.0852680028262,0.626063772113922));
#3846=CARTESIAN_POINT('Ctrl Pts',(-5.19225716391835,-13.1629892853066,0.717714377901064));
#3847=CARTESIAN_POINT('Ctrl Pts',(-8.51321993567061,-12.240710567787,0.809364983688206));
#3848=CARTESIAN_POINT('Ctrl Pts',(-11.8341827074229,-11.3184318502674,0.901015589475348));
#3849=CARTESIAN_POINT('Ctrl Pts',(7.92764562589921,-16.7603428558364,0.558287148164236));
#3850=CARTESIAN_POINT('Ctrl Pts',(5.19403059278182,-15.9867937745249,0.634837611233058));
#3851=CARTESIAN_POINT('Ctrl Pts',(2.46041555966443,-15.2132446932134,0.711388074301879));
#3852=CARTESIAN_POINT('Ctrl Pts',(-0.273199473452965,-14.4396956119018,
0.787938537370701));
#3853=CARTESIAN_POINT('Ctrl Pts',(-0.339619112312826,-14.4209004084812,
0.789798511818452));
#3854=CARTESIAN_POINT('Ctrl Pts',(-0.472458390032549,-14.38331000164,0.793518460713954));
#3855=CARTESIAN_POINT('Ctrl Pts',(-0.738136945471996,-14.3081291879575,
0.800958358504957));
#3856=CARTESIAN_POINT('Ctrl Pts',(-1.0702351397713,-14.2141531708544,0.81025823074371));
#3857=CARTESIAN_POINT('Ctrl Pts',(-1.40233333407061,-14.1201771537513,0.819558102982463));
#3858=CARTESIAN_POINT('Ctrl Pts',(-1.66801188951006,-14.0449963400689,0.826998000773466));
#3859=CARTESIAN_POINT('Ctrl Pts',(-1.80085116722978,-14.0074059332277,0.830717949668967));
#3860=CARTESIAN_POINT('Ctrl Pts',(-1.86727080608964,-13.988610729807,0.832577924116718));
#3861=CARTESIAN_POINT('Ctrl Pts',(-5.23969558520056,-13.034293440039,0.927017219839813));
#3862=CARTESIAN_POINT('Ctrl Pts',(-8.61212036431147,-12.0799761502709,1.02145651556291));
#3863=CARTESIAN_POINT('Ctrl Pts',(-11.9845451434224,-11.1256588605029,1.115895811286));
#3864=CARTESIAN_POINT('',(-0.276582676433842,-14.4494388961492,0.763198609741489));
#3865=CARTESIAN_POINT('Ctrl Pts',(-0.276582676433842,-14.4494388961492,
0.763198609741489));
#3866=CARTESIAN_POINT('Ctrl Pts',(-0.303296637828775,-14.5264946754433,
0.565834551124058));
#3867=CARTESIAN_POINT('Ctrl Pts',(-0.324092451424682,-14.589423794468,0.363644728632094));
#3868=CARTESIAN_POINT('Ctrl Pts',(-0.356088390860848,-14.6928607978522,
-0.0561316624685121));
#3869=CARTESIAN_POINT('Ctrl Pts',(-0.366850777159731,-14.7323207785864,
-0.274008500305139));
#3870=CARTESIAN_POINT('Ctrl Pts',(-0.385136800849662,-14.8170450969637,
-0.933865437392982));
#3871=CARTESIAN_POINT('Ctrl Pts',(-0.376904999629492,-14.8317978035319,
-1.50345991762383));
#3872=CARTESIAN_POINT('Ctrl Pts',(-0.350103614626454,-14.8012031450977,
-2.06561415734555));
#3873=CARTESIAN_POINT('Ctrl Pts',(-0.343690949769369,-14.7929571252176,
-2.18482215272224));
#3874=CARTESIAN_POINT('',(-0.273199473452965,-14.4396956119018,0.787938537370701));
#3875=CARTESIAN_POINT('Ctrl Pts',(-0.273199473452965,-14.4396956119018,
0.787938537370703));
#3876=CARTESIAN_POINT('Ctrl Pts',(-0.27433760016595,-14.442968178293,0.779700407049421));
#3877=CARTESIAN_POINT('Ctrl Pts',(-0.275465315160292,-14.4462158944231,
0.771453729700284));
#3878=CARTESIAN_POINT('Ctrl Pts',(-0.276582676433842,-14.4494388961492,
0.763198609741489));
#3879=CARTESIAN_POINT('',(-1.86727080608964,-13.988610729807,0.832577924116718));
#3880=CARTESIAN_POINT('Ctrl Pts',(-1.86727080608964,-13.988610729807,0.832577924116718));
#3881=CARTESIAN_POINT('Ctrl Pts',(-1.80085116722978,-14.0074059332277,0.830717949668967));
#3882=CARTESIAN_POINT('Ctrl Pts',(-1.66801188951006,-14.0449963400689,0.826998000773466));
#3883=CARTESIAN_POINT('Ctrl Pts',(-1.40233333407061,-14.1201771537514,0.819558102982463));
#3884=CARTESIAN_POINT('Ctrl Pts',(-1.0702351397713,-14.2141531708544,0.81025823074371));
#3885=CARTESIAN_POINT('Ctrl Pts',(-0.738136945471994,-14.3081291879575,
0.800958358504955));
#3886=CARTESIAN_POINT('Ctrl Pts',(-0.47245839003255,-14.38331000164,0.793518460713954));
#3887=CARTESIAN_POINT('Ctrl Pts',(-0.339619112312826,-14.4209004084812,
0.789798511818452));
#3888=CARTESIAN_POINT('Ctrl Pts',(-0.273199473452965,-14.4396956119018,
0.787938537370701));
#3889=CARTESIAN_POINT('',(-2.06865400532019,-14.4356271068715,-4.19505514984401));
#3890=CARTESIAN_POINT('Ctrl Pts',(-2.06865400532019,-14.4356271068716,-4.19505514984401));
#3891=CARTESIAN_POINT('Ctrl Pts',(-2.03229423891774,-14.5070741314057,-3.46659234193389));
#3892=CARTESIAN_POINT('Ctrl Pts',(-1.96884629743563,-14.6294148090641,-2.20077239520701));
#3893=CARTESIAN_POINT('Ctrl Pts',(-1.91679765588288,-14.4940876711288,-0.880055935923272));
#3894=CARTESIAN_POINT('Ctrl Pts',(-1.89473669657366,-14.3601108806556,-0.227614294999906));
#3895=CARTESIAN_POINT('Ctrl Pts',(-1.88804360371511,-14.3043997469136,-0.0114531794785342));
#3896=CARTESIAN_POINT('Ctrl Pts',(-1.87632245151132,-14.1669783079989,0.41538585407838));
#3897=CARTESIAN_POINT('Ctrl Pts',(-1.87129439216609,-14.0852680028262,0.626063772113922));
#3898=CARTESIAN_POINT('Ctrl Pts',(-1.86727080608964,-13.988610729807,0.832577924116718));
#3899=CARTESIAN_POINT('',(-2.1098390488624,-14.3343610925168,-13.4669459315054));
#3900=CARTESIAN_POINT('Ctrl Pts',(-2.1098390488624,-14.3343610925168,-13.4669459315054));
#3901=CARTESIAN_POINT('Ctrl Pts',(-2.1595207307665,-14.2146350534786,-12.1972564339894));
#3902=CARTESIAN_POINT('Ctrl Pts',(-2.29042272506922,-13.9120014329276,-8.83949542748819));
#3903=CARTESIAN_POINT('Ctrl Pts',(-2.29295674285976,-13.9948717121673,-8.68892896084274));
#3904=CARTESIAN_POINT('Ctrl Pts',(-2.06865400532019,-14.4356271068716,-4.19505514984401));
#3905=CARTESIAN_POINT('',(0.811912860342538,-14.2503772203989,-13.0663606225008));
#3906=CARTESIAN_POINT('Ctrl Pts',(-2.10983904886241,-14.3343610925168,-13.4669459315054));
#3907=CARTESIAN_POINT('Ctrl Pts',(-1.65037381977194,-14.3065411321124,-13.2530950337923));
#3908=CARTESIAN_POINT('Ctrl Pts',(-1.16078092719437,-14.2855534304877,-13.1102159234524));
#3909=CARTESIAN_POINT('Ctrl Pts',(-0.169571041360748,-14.2577636870932,
-12.9786599008963));
#3910=CARTESIAN_POINT('Ctrl Pts',(0.325703651994835,-14.2507746249095,-12.9863467668318));
#3911=CARTESIAN_POINT('Ctrl Pts',(0.811912860342618,-14.2503772203989,-13.0663606225008));
#3912=CARTESIAN_POINT('Ctrl Pts',(-0.0337812935837154,-14.2732854372125,
-5.79101449174861));
#3913=CARTESIAN_POINT('Ctrl Pts',(0.266604110859211,-13.7708270986995,-8.9536163045313));
#3914=CARTESIAN_POINT('Ctrl Pts',(0.300738851303738,-13.887988634709,-9.16157708874736));
#3915=CARTESIAN_POINT('Ctrl Pts',(0.670146457753858,-14.153979051617,-11.9810968230941));
#3916=CARTESIAN_POINT('Ctrl Pts',(0.811912860342538,-14.2503772203989,-13.0663606225008));
#3917=CARTESIAN_POINT('Ctrl Pts',(-13.5339261448318,-5.01287398989747,-15.4584677663309));
#3918=CARTESIAN_POINT('Ctrl Pts',(-8.86675297063663,-4.79043746414463,-15.4584677663309));
#3919=CARTESIAN_POINT('Ctrl Pts',(-4.19957979644144,-4.56800093839178,-15.4584677663309));
#3920=CARTESIAN_POINT('Ctrl Pts',(0.467593377753737,-4.34556441263893,-15.4584677663309));
#3921=CARTESIAN_POINT('Ctrl Pts',(0.577823581137719,-4.34031086352931,-15.4584677663309));
#3922=CARTESIAN_POINT('Ctrl Pts',(0.798283987905682,-4.32980376531005,-15.4584677663309));
#3923=CARTESIAN_POINT('Ctrl Pts',(1.23920480144161,-4.30878956887155,-15.4584677663309));
#3924=CARTESIAN_POINT('Ctrl Pts',(1.79035581836152,-4.28252182332341,-15.4584677663309));
#3925=CARTESIAN_POINT('Ctrl Pts',(2.34150683528143,-4.25625407777527,-15.4584677663309));
#3926=CARTESIAN_POINT('Ctrl Pts',(2.78242764881735,-4.23523988133676,-15.4584677663309));
#3927=CARTESIAN_POINT('Ctrl Pts',(3.00288805558532,-4.22473278311751,-15.4584677663309));
#3928=CARTESIAN_POINT('Ctrl Pts',(3.1131182589693,-4.21947923400788,-15.4584677663309));
#3929=CARTESIAN_POINT('Ctrl Pts',(5.94091777702331,-4.08470688319831,-15.4584677663309));
#3930=CARTESIAN_POINT('Ctrl Pts',(8.76871729507731,-3.94993453238873,-15.4584677663309));
#3931=CARTESIAN_POINT('Ctrl Pts',(11.5965168131313,-3.81516218157916,-15.4584677663309));
#3932=CARTESIAN_POINT('Ctrl Pts',(-13.4346780947149,-6.01137487630885,-14.61540760779));
#3933=CARTESIAN_POINT('Ctrl Pts',(-8.79627423121623,-5.67616361555802,-14.61540760779));
#3934=CARTESIAN_POINT('Ctrl Pts',(-4.15787036771754,-5.34095235480718,-14.61540760779));
#3935=CARTESIAN_POINT('Ctrl Pts',(0.480533495781151,-5.00574109405634,-14.61540760779));
#3936=CARTESIAN_POINT('Ctrl Pts',(0.590084219991996,-4.99782400933074,-14.61540760779));
#3937=CARTESIAN_POINT('Ctrl Pts',(0.809185668413684,-4.98198983987953,-14.61540760779));
#3938=CARTESIAN_POINT('Ctrl Pts',(1.24738856525706,-4.95032150097711,-14.61540760779));
#3939=CARTESIAN_POINT('Ctrl Pts',(1.79514218631129,-4.91073607734909,-14.61540760779));
#3940=CARTESIAN_POINT('Ctrl Pts',(2.34289580736551,-4.87115065372107,-14.61540760779));
#3941=CARTESIAN_POINT('Ctrl Pts',(2.78109870420888,-4.83948231481865,-14.61540760779));
#3942=CARTESIAN_POINT('Ctrl Pts',(3.00020015263057,-4.82364814536745,-14.61540760779));
#3943=CARTESIAN_POINT('Ctrl Pts',(3.10975087684142,-4.81573106064184,-14.61540760779));
#3944=CARTESIAN_POINT('Ctrl Pts',(5.92011932047717,-4.61262948154497,-14.61540760779));
#3945=CARTESIAN_POINT('Ctrl Pts',(8.73048776411292,-4.4095279024481,-14.61540760779));
#3946=CARTESIAN_POINT('Ctrl Pts',(11.5408562077487,-4.20642632335123,-14.61540760779));
#3947=CARTESIAN_POINT('Ctrl Pts',(-13.3354300445981,-7.00987576272023,-13.7723474492491));
#3948=CARTESIAN_POINT('Ctrl Pts',(-8.72579549179584,-6.56188976697141,-13.7723474492491));
#3949=CARTESIAN_POINT('Ctrl Pts',(-4.11616093899364,-6.11390377122258,-13.7723474492491));
#3950=CARTESIAN_POINT('Ctrl Pts',(0.493473613808565,-5.66591777547375,-13.7723474492491));
#3951=CARTESIAN_POINT('Ctrl Pts',(0.602344858846273,-5.65533715513217,-13.7723474492491));
#3952=CARTESIAN_POINT('Ctrl Pts',(0.820087348921687,-5.63417591444901,-13.7723474492491));
#3953=CARTESIAN_POINT('Ctrl Pts',(1.25557232907252,-5.59185343308268,-13.7723474492491));
#3954=CARTESIAN_POINT('Ctrl Pts',(1.79992855426105,-5.53895033137478,-13.7723474492491));
#3955=CARTESIAN_POINT('Ctrl Pts',(2.34428477944959,-5.48604722966687,-13.7723474492491));
#3956=CARTESIAN_POINT('Ctrl Pts',(2.77976975960042,-5.44372474830054,-13.7723474492491));
#3957=CARTESIAN_POINT('Ctrl Pts',(2.99751224967583,-5.42256350761738,-13.7723474492491));
#3958=CARTESIAN_POINT('Ctrl Pts',(3.10638349471354,-5.4119828872758,-13.7723474492491));
#3959=CARTESIAN_POINT('Ctrl Pts',(5.89932086393104,-5.14055207989164,-13.7723474492491));
#3960=CARTESIAN_POINT('Ctrl Pts',(8.69225823314853,-4.86912127250747,-13.7723474492491));
#3961=CARTESIAN_POINT('Ctrl Pts',(11.485195602366,-4.5976904651233,-13.7723474492491));
#3962=CARTESIAN_POINT('Ctrl Pts',(-13.2361819944812,-8.00837664913161,-12.9292872907081));
#3963=CARTESIAN_POINT('Ctrl Pts',(-8.65531675237546,-7.4476159183848,-12.9292872907081));
#3964=CARTESIAN_POINT('Ctrl Pts',(-4.07445151026974,-6.88685518763798,-12.9292872907081));
#3965=CARTESIAN_POINT('Ctrl Pts',(0.506413731835979,-6.32609445689116,-12.9292872907081));
#3966=CARTESIAN_POINT('Ctrl Pts',(0.614605497700549,-6.3128503009336,-12.9292872907081));
#3967=CARTESIAN_POINT('Ctrl Pts',(0.830989029429689,-6.28636198901848,-12.9292872907081));
#3968=CARTESIAN_POINT('Ctrl Pts',(1.26375609288797,-6.23338536518825,-12.9292872907081));
#3969=CARTESIAN_POINT('Ctrl Pts',(1.80471492221082,-6.16716458540046,-12.9292872907081));
#3970=CARTESIAN_POINT('Ctrl Pts',(2.34567375153367,-6.10094380561267,-12.9292872907081));
#3971=CARTESIAN_POINT('Ctrl Pts',(2.77844081499195,-6.04796718178244,-12.9292872907081));
#3972=CARTESIAN_POINT('Ctrl Pts',(2.99482434672109,-6.02147886986732,-12.9292872907081));
#3973=CARTESIAN_POINT('Ctrl Pts',(3.10301611258566,-6.00823471390976,-12.9292872907081));
#3974=CARTESIAN_POINT('Ctrl Pts',(5.8785224073849,-5.6684746782383,-12.9292872907081));
#3975=CARTESIAN_POINT('Ctrl Pts',(8.65402870218415,-5.32871464256683,-12.9292872907081));
#3976=CARTESIAN_POINT('Ctrl Pts',(11.4295349969834,-4.98895460689537,-12.9292872907081));
#3977=CARTESIAN_POINT('Ctrl Pts',(-13.0046844829203,-10.3373944003457,-10.9628372841988));
#3978=CARTESIAN_POINT('Ctrl Pts',(-8.49092407388398,-9.51358497002009,-10.9628372841988));
#3979=CARTESIAN_POINT('Ctrl Pts',(-3.97716366484769,-8.68977553969448,-10.9628372841988));
#3980=CARTESIAN_POINT('Ctrl Pts',(0.536596744188595,-7.86596610936887,-10.9628372841988));
#3981=CARTESIAN_POINT('Ctrl Pts',(0.643203615059727,-7.84650921808476,-10.9628372841988));
#3982=CARTESIAN_POINT('Ctrl Pts',(0.85641735680199,-7.80759543551654,-10.9628372841988));
#3983=CARTESIAN_POINT('Ctrl Pts',(1.28284484028652,-7.7297678703801,-10.9628372841988));
#3984=CARTESIAN_POINT('Ctrl Pts',(1.81587919464218,-7.63248341395955,-10.9628372841988));
#3985=CARTESIAN_POINT('Ctrl Pts',(2.34891354899784,-7.535198957539,-10.9628372841988));
#3986=CARTESIAN_POINT('Ctrl Pts',(2.77534103248236,-7.45737139240256,-10.9628372841988));
#3987=CARTESIAN_POINT('Ctrl Pts',(2.98855477422463,-7.41845760983434,-10.9628372841988));
#3988=CARTESIAN_POINT('Ctrl Pts',(3.09516164509576,-7.39900071855023,-10.9628372841988));
#3989=CARTESIAN_POINT('Ctrl Pts',(5.8300097068425,-6.89986177017712,-10.9628372841988));
#3990=CARTESIAN_POINT('Ctrl Pts',(8.56485776858924,-6.40072282180401,-10.9628372841988));
#3991=CARTESIAN_POINT('Ctrl Pts',(11.299705830336,-5.9015838734309,-10.9628372841988));
#3992=CARTESIAN_POINT('Ctrl Pts',(-12.7349996061574,-13.0506022485903,-8.67200562864277));
#3993=CARTESIAN_POINT('Ctrl Pts',(-8.29941350886426,-11.9203521327877,-8.67200562864281));
#3994=CARTESIAN_POINT('Ctrl Pts',(-3.86382741157109,-10.7901020169852,-8.67200562864286));
#3995=CARTESIAN_POINT('Ctrl Pts',(0.571758685722084,-9.65985190118265,-8.67200562864291));
#3996=CARTESIAN_POINT('Ctrl Pts',(0.676519220500419,-9.63315743421311,-8.67200562864291));
#3997=CARTESIAN_POINT('Ctrl Pts',(0.886040290057084,-9.57976850027408,-8.6720056286429));
#3998=CARTESIAN_POINT('Ctrl Pts',(1.30508242917042,-9.47299063239612,-8.67200562864289));
#3999=CARTESIAN_POINT('Ctrl Pts',(1.8288851030621,-9.3395182975486,-8.6720056286429));
#4000=CARTESIAN_POINT('Ctrl Pts',(2.35268777695377,-9.20604596270106,-8.67200562864289));
#4001=CARTESIAN_POINT('Ctrl Pts',(2.7717299160671,-9.09926809482299,-8.67200562864292));
#4002=CARTESIAN_POINT('Ctrl Pts',(2.98125098562377,-9.04587916088403,-8.67200562864291));
#4003=CARTESIAN_POINT('Ctrl Pts',(3.08601152040211,-9.01918469391452,-8.67200562864291));
#4004=CARTESIAN_POINT('Ctrl Pts',(5.77349444851861,-8.33437600706013,-8.67200562864291));
#4005=CARTESIAN_POINT('Ctrl Pts',(8.46097737663512,-7.64956732020575,-8.67200562864291));
#4006=CARTESIAN_POINT('Ctrl Pts',(11.1484603047516,-6.96475863335136,-8.67200562864291));
#4007=CARTESIAN_POINT('Ctrl Pts',(-14.096310380419,-9.42519338811979,1.14321630659734));
#4008=CARTESIAN_POINT('Ctrl Pts',(-9.79277085118033,-9.97569129302257,0.978030818439852));
#4009=CARTESIAN_POINT('Ctrl Pts',(-5.48923132194161,-10.5261891979253,0.812845330282368));
#4010=CARTESIAN_POINT('Ctrl Pts',(-1.1856917927029,-11.0766871028281,0.647659842124883));
#4011=CARTESIAN_POINT('Ctrl Pts',(-1.08404995944035,-11.0896888693697,0.64375845915149));
#4012=CARTESIAN_POINT('Ctrl Pts',(-0.880766292915259,-11.1156924024527,
0.635955693204701));
#4013=CARTESIAN_POINT('Ctrl Pts',(-0.474198959865065,-11.1676994686189,
0.620350161311118));
#4014=CARTESIAN_POINT('Ctrl Pts',(0.0340102064476744,-11.2327083013266,
0.600843246444148));
#4015=CARTESIAN_POINT('Ctrl Pts',(0.542219372760415,-11.2977171340343,0.58133633157718));
#4016=CARTESIAN_POINT('Ctrl Pts',(0.948786705810607,-11.3497242002005,0.565730799683601));
#4017=CARTESIAN_POINT('Ctrl Pts',(1.1520703723357,-11.3757277332836,0.557928033736812));
#4018=CARTESIAN_POINT('Ctrl Pts',(1.25371220559825,-11.3887294998251,0.554026650763416));
#4019=CARTESIAN_POINT('Ctrl Pts',(3.86118926987192,-11.7222713788318,0.453942204275713));
#4020=CARTESIAN_POINT('Ctrl Pts',(6.46866633414558,-12.0558132578384,0.35385775778801));
#4021=CARTESIAN_POINT('Ctrl Pts',(9.07614339841925,-12.3893551368451,0.253773311300307));
#4022=CARTESIAN_POINT('Ctrl Pts',(-13.838511985497,-9.08337136932277,2.59881142436138));
#4023=CARTESIAN_POINT('Ctrl Pts',(-9.73313638011762,-9.92130969561449,2.42124687698316));
#4024=CARTESIAN_POINT('Ctrl Pts',(-5.6277607747382,-10.7592480219062,2.24368232960494));
#4025=CARTESIAN_POINT('Ctrl Pts',(-1.52238516935879,-11.5971863481979,2.06611778222671));
#4026=CARTESIAN_POINT('Ctrl Pts',(-1.42542361017545,-11.6169769384938,2.061924028226));
#4027=CARTESIAN_POINT('Ctrl Pts',(-1.23150049180877,-11.6565581190856,2.05353652022459));
#4028=CARTESIAN_POINT('Ctrl Pts',(-0.843654255075422,-11.7357204802691,
2.03676150422175));
#4029=CARTESIAN_POINT('Ctrl Pts',(-0.358846459158733,-11.8346734317485,
2.01579273421821));
#4030=CARTESIAN_POINT('Ctrl Pts',(0.125961336757956,-11.9336263832279,1.99482396421467));
#4031=CARTESIAN_POINT('Ctrl Pts',(0.513807573491306,-12.0127887444114,1.97804894821183));
#4032=CARTESIAN_POINT('Ctrl Pts',(0.707730691857982,-12.0523699250032,1.96966144021042));
#4033=CARTESIAN_POINT('Ctrl Pts',(0.80469225104132,-12.0721605152991,1.96546768620971));
#4034=CARTESIAN_POINT('Ctrl Pts',(3.29210352228144,-12.5798600385029,1.85788287571339));
#4035=CARTESIAN_POINT('Ctrl Pts',(5.77951479352157,-13.0875595617068,1.75029806521708));
#4036=CARTESIAN_POINT('Ctrl Pts',(8.26692606476169,-13.5952590849107,1.64271325472076));
#4037=CARTESIAN_POINT('Ctrl Pts',(-13.4341146884967,-9.14696812395051,3.0292549964851));
#4038=CARTESIAN_POINT('Ctrl Pts',(-9.51346745546278,-10.091547380577,2.8568540825969));
#4039=CARTESIAN_POINT('Ctrl Pts',(-5.59282022242887,-11.0361266372034,2.6844531687087));
#4040=CARTESIAN_POINT('Ctrl Pts',(-1.67217298939496,-11.9807058938298,2.51205225482051));
#4041=CARTESIAN_POINT('Ctrl Pts',(-1.57957438082314,-12.0030151503507,2.50798045651944));
#4042=CARTESIAN_POINT('Ctrl Pts',(-1.39437716367951,-12.0476336633923,2.4998368599173));
#4043=CARTESIAN_POINT('Ctrl Pts',(-1.02398272939225,-12.1368706894756,2.48354966671304));
#4044=CARTESIAN_POINT('Ctrl Pts',(-0.560989686533177,-12.2484169720798,
2.4631906752077));
#4045=CARTESIAN_POINT('Ctrl Pts',(-0.097996643674105,-12.3599632546839,
2.44283168370237));
#4046=CARTESIAN_POINT('Ctrl Pts',(0.272397790613157,-12.4492002807672,2.42654449049811));
#4047=CARTESIAN_POINT('Ctrl Pts',(0.457595007756785,-12.4938187938088,2.41840089389598));
#4048=CARTESIAN_POINT('Ctrl Pts',(0.5501936163286,-12.5161280503297,2.41432909559491));
#4049=CARTESIAN_POINT('Ctrl Pts',(2.92567957800921,-13.0884403830755,2.30987288559172));
#4050=CARTESIAN_POINT('Ctrl Pts',(5.30116553968983,-13.6607527158213,2.20541667558853));
#4051=CARTESIAN_POINT('Ctrl Pts',(7.67665150137044,-14.2330650485671,2.10096046558534));
#4052=CARTESIAN_POINT('Ctrl Pts',(-13.1306515550379,-9.28455429022161,3.08266192653075));
#4053=CARTESIAN_POINT('Ctrl Pts',(-9.33013317913188,-10.2584825014908,2.91773068904189));
#4054=CARTESIAN_POINT('Ctrl Pts',(-5.52961480322583,-11.23241071276,2.75279945155303));
#4055=CARTESIAN_POINT('Ctrl Pts',(-1.72909642731979,-12.2063389240292,2.58786821406417));
#4056=CARTESIAN_POINT('Ctrl Pts',(-1.63933504545015,-12.2293413498666,2.5839728360325));
#4057=CARTESIAN_POINT('Ctrl Pts',(-1.45981228171086,-12.2753462015413,2.57618207996915));
#4058=CARTESIAN_POINT('Ctrl Pts',(-1.10076675423229,-12.3673559048908,2.56060056784247));
#4059=CARTESIAN_POINT('Ctrl Pts',(-0.65195984488408,-12.4823680340776,2.5411236776841));
#4060=CARTESIAN_POINT('Ctrl Pts',(-0.203152935535868,-12.5973801632645,
2.52164678752574));
#4061=CARTESIAN_POINT('Ctrl Pts',(0.155892591942701,-12.689389866614,2.50606527539905));
#4062=CARTESIAN_POINT('Ctrl Pts',(0.335415355681986,-12.7353947182887,2.4982745193357));
#4063=CARTESIAN_POINT('Ctrl Pts',(0.425176737551628,-12.7583971441261,2.49437914130403));
#4064=CARTESIAN_POINT('Ctrl Pts',(2.72787767249085,-13.3484917525014,2.3944487430789));
#4065=CARTESIAN_POINT('Ctrl Pts',(5.03057860743008,-13.9385863608767,2.29451834485377));
#4066=CARTESIAN_POINT('Ctrl Pts',(7.3332795423693,-14.5286809692521,2.19458794662864));
#4067=CARTESIAN_POINT('Ctrl Pts',(-12.9497114065355,-9.38466429929403,3.06190171909596));
#4068=CARTESIAN_POINT('Ctrl Pts',(-9.21718214096873,-10.3660821275412,2.90212946783239));
#4069=CARTESIAN_POINT('Ctrl Pts',(-5.48465287540198,-11.3474999557884,2.74235721656881));
#4070=CARTESIAN_POINT('Ctrl Pts',(-1.75212360983522,-12.3289177840355,2.58258496530524));
#4071=CARTESIAN_POINT('Ctrl Pts',(-1.66396800799149,-12.3520971011028,2.5788114332132));
#4072=CARTESIAN_POINT('Ctrl Pts',(-1.48765680430403,-12.3984557352372,2.57126436902914));
#4073=CARTESIAN_POINT('Ctrl Pts',(-1.13503439692912,-12.4911730035062,2.55617024066102));
#4074=CARTESIAN_POINT('Ctrl Pts',(-0.694256387710471,-12.6070695888424,
2.53730258020086));
#4075=CARTESIAN_POINT('Ctrl Pts',(-0.253478378491824,-12.7229661741786,
2.5184349197407));
#4076=CARTESIAN_POINT('Ctrl Pts',(0.0991440288830917,-12.8156834424475,
2.50334079137258));
#4077=CARTESIAN_POINT('Ctrl Pts',(0.27545523257055,-12.862042076582,2.49579372718851));
#4078=CARTESIAN_POINT('Ctrl Pts',(0.363610834414279,-12.8852213936492,2.49202019509648));
#4079=CARTESIAN_POINT('Ctrl Pts',(2.62511776041604,-13.4798538956254,2.39521558162739));
#4080=CARTESIAN_POINT('Ctrl Pts',(4.88662468641781,-14.0744863976016,2.2984109681583));
#4081=CARTESIAN_POINT('Ctrl Pts',(7.14813161241957,-14.6691188995779,2.20160635468921));
#4082=CARTESIAN_POINT('',(-1.27522244930955,-11.2437460635875,0.982623171653179));
#4083=CARTESIAN_POINT('Ctrl Pts',(-1.27522244930955,-11.2437460635875,0.982623171653179));
#4084=CARTESIAN_POINT('Ctrl Pts',(-1.2184844195428,-11.171837735054,0.720303079420785));
#4085=CARTESIAN_POINT('Ctrl Pts',(-1.15971792085988,-11.1055105559597,0.436592144563356));
#4086=CARTESIAN_POINT('Ctrl Pts',(-1.10018744519745,-11.0430273363646,0.140086715758923));
#4087=CARTESIAN_POINT('',(-1.75212360983522,-12.3289177840355,2.58258496530524));
#4088=CARTESIAN_POINT('Ctrl Pts',(-1.75212360983522,-12.3289177840355,2.58258496530522));
#4089=CARTESIAN_POINT('Ctrl Pts',(-1.72909642731966,-12.2063389240293,2.58786821406413));
#4090=CARTESIAN_POINT('Ctrl Pts',(-1.70063470835727,-12.0935224089296,2.54996023444232));
#4091=CARTESIAN_POINT('Ctrl Pts',(-1.63472603438582,-11.8848260074219,2.40056863667205));
#4092=CARTESIAN_POINT('Ctrl Pts',(-1.59727907937678,-11.7889461210139,2.2890850185236));
#4093=CARTESIAN_POINT('Ctrl Pts',(-1.47428611555073,-11.5228293131451,1.86348093364073));
#4094=CARTESIAN_POINT('Ctrl Pts',(-1.37808800793477,-11.3741152430394,1.45820723646878));
#4095=CARTESIAN_POINT('Ctrl Pts',(-1.27522244930955,-11.2437460635875,0.982623171653179));
#4096=CARTESIAN_POINT('',(0.363610834414279,-12.8852213936492,2.49202019509648));
#4097=CARTESIAN_POINT('Ctrl Pts',(-1.75212360983522,-12.3289177840355,2.58258496530524));
#4098=CARTESIAN_POINT('Ctrl Pts',(-1.66396800799149,-12.3520971011028,2.5788114332132));
#4099=CARTESIAN_POINT('Ctrl Pts',(-1.48765680430403,-12.3984557352372,2.57126436902914));
#4100=CARTESIAN_POINT('Ctrl Pts',(-1.13503439692912,-12.4911730035062,2.55617024066102));
#4101=CARTESIAN_POINT('Ctrl Pts',(-0.694256387710471,-12.6070695888424,
2.53730258020086));
#4102=CARTESIAN_POINT('Ctrl Pts',(-0.253478378491824,-12.7229661741786,
2.5184349197407));
#4103=CARTESIAN_POINT('Ctrl Pts',(0.0991440288830917,-12.8156834424475,
2.50334079137258));
#4104=CARTESIAN_POINT('Ctrl Pts',(0.27545523257055,-12.862042076582,2.49579372718851));
#4105=CARTESIAN_POINT('Ctrl Pts',(0.363610834414279,-12.8852213936492,2.49202019509648));
#4106=CARTESIAN_POINT('Ctrl Pts',(1.3894740807834,-11.2219751819795,-0.216854984679014));
#4107=CARTESIAN_POINT('Ctrl Pts',(1.30264972875577,-11.3415239304468,0.174674892311231));
#4108=CARTESIAN_POINT('Ctrl Pts',(1.08925764109174,-11.6390376406535,1.07097009270906));
#4109=CARTESIAN_POINT('Ctrl Pts',(0.868837958835166,-11.9745275130885,1.76383325257452));
#4110=CARTESIAN_POINT('Ctrl Pts',(0.67744293368496,-12.2941442828144,2.18989839090231));
#4111=CARTESIAN_POINT('Ctrl Pts',(0.61381827500678,-12.405136166572,2.30211374324861));
#4112=CARTESIAN_POINT('Ctrl Pts',(0.487685176940114,-12.6372625972279,2.45435411844947));
#4113=CARTESIAN_POINT('Ctrl Pts',(0.425176737551628,-12.7583971441261,2.49437914130403));
#4114=CARTESIAN_POINT('Ctrl Pts',(0.363610834414279,-12.8852213936492,2.49202019509648));
#4115=CARTESIAN_POINT('Ctrl Pts',(0.363610834414279,-12.8852213936492,2.49202019509648));
#4116=CARTESIAN_POINT('Ctrl Pts',(0.425176737551628,-12.7583971441261,2.49437914130403));
#4117=CARTESIAN_POINT('Ctrl Pts',(0.487685176940114,-12.6372625972279,2.45435411844947));
#4118=CARTESIAN_POINT('Ctrl Pts',(0.61381827500678,-12.405136166572,2.30211374324861));
#4119=CARTESIAN_POINT('Ctrl Pts',(0.67744293368496,-12.2941442828144,2.18989839090231));
#4120=CARTESIAN_POINT('Ctrl Pts',(0.868837958835166,-11.9745275130885,1.76383325257452));
#4121=CARTESIAN_POINT('Ctrl Pts',(1.25371220559825,-11.3887294998251,0.554026650763413));
#4122=CARTESIAN_POINT('Ctrl Pts',(3.08601152040212,-9.0191846939145,-8.67200562864288));
#4123=CARTESIAN_POINT('Ctrl Pts',(3.09516164509577,-7.39900071855022,-10.9628372841988));
#4124=CARTESIAN_POINT('Ctrl Pts',(3.10301611258567,-6.00823471390977,-12.9292872907081));
#4125=CARTESIAN_POINT('Ctrl Pts',(0.451324172103184,-12.7973862788665,2.65102149016621));
#4126=CARTESIAN_POINT('Ctrl Pts',(1.67473217835905,-12.289514992581,3.10675937456703));
#4127=CARTESIAN_POINT('Ctrl Pts',(1.64156480865605,-12.1971979916485,2.92133302498068));
#4128=CARTESIAN_POINT('Ctrl Pts',(1.66592262474123,-12.0718541250231,2.71764001402361));
#4129=CARTESIAN_POINT('Ctrl Pts',(1.63058895072749,-11.999922539244,2.558539830185));
#4130=CARTESIAN_POINT('Ctrl Pts',(1.58646815263564,-11.7696252848785,2.0274919398004));
#4131=CARTESIAN_POINT('Ctrl Pts',(1.74574745224949,-11.2510207880343,0.750406803556112));
#4132=CARTESIAN_POINT('Ctrl Pts',(3.2408267908311,-8.87439498796932,-8.48845781152435));
#4133=CARTESIAN_POINT('Ctrl Pts',(3.20919874674338,-7.31410072200845,-10.8778838093959));
#4134=CARTESIAN_POINT('Ctrl Pts',(3.18204923213312,-5.97474404688401,-12.9289672042287));
#4135=CARTESIAN_POINT('Ctrl Pts',(1.60959631193793,-12.3395531931215,3.16941112788912));
#4136=CARTESIAN_POINT('Ctrl Pts',(2.49814401855608,-11.9776717056637,3.37676213616888));
#4137=CARTESIAN_POINT('Ctrl Pts',(2.62089756926349,-11.8644762056122,3.31293557588873));
#4138=CARTESIAN_POINT('Ctrl Pts',(2.63551464640824,-11.7555345069352,3.08244088957238));
#4139=CARTESIAN_POINT('Ctrl Pts',(2.52872674905839,-11.717009077981,2.89336433931688));
#4140=CARTESIAN_POINT('Ctrl Pts',(2.30409834643612,-11.5647230566685,2.29115062702629));
#4141=CARTESIAN_POINT('Ctrl Pts',(2.23778269890073,-11.1133120762436,0.946786956348811));
#4142=CARTESIAN_POINT('Ctrl Pts',(3.39564206126008,-8.72960528202414,-8.30490999440582));
#4143=CARTESIAN_POINT('Ctrl Pts',(3.32323584839099,-7.22920072546668,-10.792930334593));
#4144=CARTESIAN_POINT('Ctrl Pts',(3.26108235168056,-5.94125337985824,-12.9286471177493));
#4145=CARTESIAN_POINT('Ctrl Pts',(3.49298492109699,-11.6438924085229,4.03552216817506));
#4146=CARTESIAN_POINT('Ctrl Pts',(3.60464023923323,-11.580007749796,3.84691232378041));
#4147=CARTESIAN_POINT('Ctrl Pts',(3.8241566998144,-11.4638940020484,3.80140833536624));
#4148=CARTESIAN_POINT('Ctrl Pts',(3.9574015786927,-11.344772499501,3.58313784008715));
#4149=CARTESIAN_POINT('Ctrl Pts',(3.87577587842101,-11.3102329091577,3.39680828439259));
#4150=CARTESIAN_POINT('Ctrl Pts',(3.64007069755787,-11.1841038168866,2.7825356081716));
#4151=CARTESIAN_POINT('Ctrl Pts',(3.20534801563939,-10.8418043473794,1.33285421918047));
#4152=CARTESIAN_POINT('Ctrl Pts',(3.70434356328857,-8.44078519565555,-7.9394880952198));
#4153=CARTESIAN_POINT('Ctrl Pts',(3.55067563327821,-7.05967139850419,-10.6237946743738));
#4154=CARTESIAN_POINT('Ctrl Pts',(3.41876707455183,-5.87412324667399,-12.928003574774));
#4155=CARTESIAN_POINT('Ctrl Pts',(4.21810139042131,-11.4060647096694,4.38324357073808));
#4156=CARTESIAN_POINT('Ctrl Pts',(4.3088361317396,-11.3427224450317,4.18973009649344));
#4157=CARTESIAN_POINT('Ctrl Pts',(4.39116331684219,-11.3007850220192,4.07560579504625));
#4158=CARTESIAN_POINT('Ctrl Pts',(4.50507884607587,-11.182863645028,3.80927816870864));
#4159=CARTESIAN_POINT('Ctrl Pts',(4.57507778493007,-11.1075954541633,3.68948890414273));
#4160=CARTESIAN_POINT('Ctrl Pts',(4.25841285487914,-11.0083868053147,3.01026190209104));
#4161=CARTESIAN_POINT('Ctrl Pts',(3.68087808572681,-10.708005330306,1.52254132921943));
#4162=CARTESIAN_POINT('Ctrl Pts',(3.85822979488808,-8.29675481523214,-7.75761401315233));
#4163=CARTESIAN_POINT('Ctrl Pts',(3.66407831651782,-6.97504206808346,-10.5396124889576));
#4164=CARTESIAN_POINT('Ctrl Pts',(3.49741867787565,-5.8404837805155,-12.9276801182782));
#4165=CARTESIAN_POINT('Ctrl Pts',(5.74371729262863,-11.0225896934459,5.17040542568733));
#4166=CARTESIAN_POINT('Ctrl Pts',(5.79474153423627,-10.9629956184879,4.94880496042831));
#4167=CARTESIAN_POINT('Ctrl Pts',(5.84804743736476,-10.9018079013516,4.75839795276284));
#4168=CARTESIAN_POINT('Ctrl Pts',(5.91147641185075,-10.7830985790097,4.38549244617448));
#4169=CARTESIAN_POINT('Ctrl Pts',(5.92159948320826,-10.725576973804,4.20299394725159));
#4170=CARTESIAN_POINT('Ctrl Pts',(5.81557521740532,-10.5687914205134,3.58564360393));
#4171=CARTESIAN_POINT('Ctrl Pts',(5.05795276629759,-10.3183373632379,2.07152353107511));
#4172=CARTESIAN_POINT('Ctrl Pts',(4.31710137319821,-7.86694165052724,-7.21701297210305));
#4173=CARTESIAN_POINT('Ctrl Pts',(4.00238311101265,-6.7219660751844,-10.2893798008687));
#4174=CARTESIAN_POINT('Ctrl Pts',(3.73222893917622,-5.73911898464183,-12.9266996387417));
#4175=CARTESIAN_POINT('Ctrl Pts',(7.78799372480029,-10.597849464188,6.04211027447563));
#4176=CARTESIAN_POINT('Ctrl Pts',(7.78662518870157,-10.5324446815284,5.79340146433184));
#4177=CARTESIAN_POINT('Ctrl Pts',(7.78527275616666,-10.4652529376968,5.56478138290229));
#4178=CARTESIAN_POINT('Ctrl Pts',(7.77773459790202,-10.3274144365767,5.12909416751173));
#4179=CARTESIAN_POINT('Ctrl Pts',(7.77154887217228,-10.2567676792883,4.92202703355072));
#4180=CARTESIAN_POINT('Ctrl Pts',(7.73844350470717,-10.0398232505683,4.30521828793054));
#4181=CARTESIAN_POINT('Ctrl Pts',(7.61404000867328,-9.58591776571003,3.08917142174159));
#4182=CARTESIAN_POINT('Ctrl Pts',(5.22369606386485,-7.01642722737872,-6.15589571061714));
#4183=CARTESIAN_POINT('Ctrl Pts',(4.67137967910632,-6.21906208283878,-9.79816989733043));
#4184=CARTESIAN_POINT('Ctrl Pts',(4.19727126709381,-5.53460380330171,-12.9246982394722));
#4185=CARTESIAN_POINT('Ctrl Pts',(19.2326298720718,-8.94896991803173,10.0966993872089));
#4186=CARTESIAN_POINT('Ctrl Pts',(19.0242511486343,-8.80097141657182,9.8121139385659));
#4187=CARTESIAN_POINT('Ctrl Pts',(18.8159396077049,-8.64820273259044,9.53599483250777));
#4188=CARTESIAN_POINT('Ctrl Pts',(18.4005143363829,-8.33608972379089,8.99836889593065));
#4189=CARTESIAN_POINT('Ctrl Pts',(18.1934006059902,-8.17674539897271,8.73686206541167));
#4190=CARTESIAN_POINT('Ctrl Pts',(17.5754512988974,-7.69329604957222,7.97077937271763));
#4191=CARTESIAN_POINT('Ctrl Pts',(16.3531202210533,-6.70473185098738,6.51236518278118));
#4192=CARTESIAN_POINT('Ctrl Pts',(10.5890259867321,-1.93134877276336,-0.14583181674688));
#4193=CARTESIAN_POINT('Ctrl Pts',(8.65410396122699,-3.13025123497241,-7.01438954080948));
#4194=CARTESIAN_POINT('Ctrl Pts',(6.9931667987683,-4.15938916786993,-12.9103598310903));
#4195=CARTESIAN_POINT('Ctrl Pts',(14.1812944531796,1.77923094280146,5.00764700531));
#4196=CARTESIAN_POINT('Ctrl Pts',(14.1055829449451,1.75657459982222,4.62423823786635));
#4197=CARTESIAN_POINT('Ctrl Pts',(14.0304099359853,1.73159104928145,4.24704335392646));
#4198=CARTESIAN_POINT('Ctrl Pts',(13.88122089891,1.67808096144271,3.50556593766747));
#4199=CARTESIAN_POINT('Ctrl Pts',(13.8072048707945,1.64955442414474,3.14128340534836));
#4200=CARTESIAN_POINT('Ctrl Pts',(13.5870122311571,1.56032747466375,2.06853121274207));
#4201=CARTESIAN_POINT('Ctrl Pts',(13.1540487307179,1.3672842253535,0.0034084449336454));
#4202=CARTESIAN_POINT('Ctrl Pts',(11.0980576055346,0.375130838260886,-9.10410581171744));
#4203=CARTESIAN_POINT('Ctrl Pts',(9.86301761537227,1.13910965158657,-11.1041058117174));
#4204=CARTESIAN_POINT('Ctrl Pts',(8.80285922669112,1.79490910275693,-12.8209059107034));
#4205=CARTESIAN_POINT('Ctrl Pts',(-2.75943252588642,11.6914408452627,5.30754032359672));
#4206=CARTESIAN_POINT('Ctrl Pts',(-2.75056765276368,11.6440139297785,4.91713935013563));
#4207=CARTESIAN_POINT('Ctrl Pts',(-2.74170342581247,11.5950053421589,4.53258429325758));
#4208=CARTESIAN_POINT('Ctrl Pts',(-2.72411159409284,11.4945303077859,3.77581961516225));
#4209=CARTESIAN_POINT('Ctrl Pts',(-2.71538398932441,11.4430638610325,3.40360999394498));
#4210=CARTESIAN_POINT('Ctrl Pts',(-2.6896091030529,11.2860359597773,2.30647968752645));
#4211=CARTESIAN_POINT('Ctrl Pts',(-2.63969104264499,10.9614659132862,0.190213303622494));
#4212=CARTESIAN_POINT('Ctrl Pts',(-2.4372722190585,9.29418684884295,-9.18057031547036));
#4213=CARTESIAN_POINT('Ctrl Pts',(-2.68071649822339,8.72685965054639,-11.1805703154704));
#4214=CARTESIAN_POINT('Ctrl Pts',(-2.88968907950732,8.23986595544989,-12.8973704144564));
#4215=CARTESIAN_POINT('Ctrl Pts',(-22.8753841172388,-4.84777997965202,5.00764700531002));
#4216=CARTESIAN_POINT('Ctrl Pts',(-22.7285746172072,-4.79130286365733,4.62423823786636));
#4217=CARTESIAN_POINT('Ctrl Pts',(-22.5749581798004,-4.73079750936744,4.24704335392647));
#4218=CARTESIAN_POINT('Ctrl Pts',(-22.2565992095518,-4.60336208066547,3.50556593766747));
#4219=CARTESIAN_POINT('Ctrl Pts',(-22.09185667671,-4.53643200625338,3.14128340534836));
#4220=CARTESIAN_POINT('Ctrl Pts',(-21.5846716040053,-4.32845233753607,2.06853121274207));
#4221=CARTESIAN_POINT('Ctrl Pts',(-20.5184715618784,-3.8837352181773,0.00340844493365385));
#4222=CARTESIAN_POINT('Ctrl Pts',(-14.8109157532219,-1.5029324809594,-9.10410581171744));
#4223=CARTESIAN_POINT('Ctrl Pts',(-11.9897394118133,-1.27353613891886,-11.1041058117174));
#4224=CARTESIAN_POINT('Ctrl Pts',(-9.56804150071962,-1.07662230755775,-12.8209059107034));
#4225=CARTESIAN_POINT('Ctrl Pts',(-20.6781388630489,-9.60350429524482,5.73751907313207));
#4226=CARTESIAN_POINT('Ctrl Pts',(-20.3896681108255,-9.59309563625687,5.34126233480263));
#4227=CARTESIAN_POINT('Ctrl Pts',(-20.0971574602109,-9.58255907152613,4.95061887813982));
#4228=CARTESIAN_POINT('Ctrl Pts',(-19.5071337584845,-9.56096401200932,4.18130972624392));
#4229=CARTESIAN_POINT('Ctrl Pts',(-19.2096207073727,-9.54990551722323,3.80264403101082));
#4230=CARTESIAN_POINT('Ctrl Pts',(-18.3141940477195,-9.51554795992733,2.68574038460074));
#4231=CARTESIAN_POINT('Ctrl Pts',(-16.5117907031412,-9.44210455358601,0.528306848937513));
#4232=CARTESIAN_POINT('Ctrl Pts',(-7.80893066540794,-8.95203417024524,-9.0568139225375));
#4233=CARTESIAN_POINT('Ctrl Pts',(-6.28056458395188,-7.54286734322172,-11.1310995101051));
#4234=CARTESIAN_POINT('Ctrl Pts',(-4.96861506398658,-6.33323846916081,-12.9116663611357));
#4235=CARTESIAN_POINT('Ctrl Pts',(-6.58702325076902,-10.8619492259723,4.02341380531211));
#4236=CARTESIAN_POINT('Ctrl Pts',(-6.55661577119103,-10.8452229652977,3.73631871365725));
#4237=CARTESIAN_POINT('Ctrl Pts',(-6.52581672487162,-10.8289714896869,3.4697694969268));
#4238=CARTESIAN_POINT('Ctrl Pts',(-6.45567105071873,-10.7959207964611,2.96094665307281));
#4239=CARTESIAN_POINT('Ctrl Pts',(-6.41632442288525,-10.7791215788461,2.71867302594927));
#4240=CARTESIAN_POINT('Ctrl Pts',(-6.27381649506683,-10.7256563447973,2.00304128862614));
#4241=CARTESIAN_POINT('Ctrl Pts',(-5.89092846215816,-10.6064555518844,0.616534390169908));
#4242=CARTESIAN_POINT('Ctrl Pts',(-1.07119411032389,-9.54818314245458,-8.74852685622852));
#4243=CARTESIAN_POINT('Ctrl Pts',(-0.799788218038425,-7.82632681766299,
-10.9964854802977));
#4244=CARTESIAN_POINT('Ctrl Pts',(-0.566813386667891,-6.34828526324205,
-12.9261332744568));
#4245=CARTESIAN_POINT('Ctrl Pts',(-5.13705417622901,-11.1104357360447,3.76408315741628));
#4246=CARTESIAN_POINT('Ctrl Pts',(-5.14414720929771,-11.0866491332094,3.4934832977851));
#4247=CARTESIAN_POINT('Ctrl Pts',(-5.15336962960613,-11.0632391551244,3.25635882755861));
#4248=CARTESIAN_POINT('Ctrl Pts',(-5.13348465357866,-11.017139172159,2.81090473245837));
#4249=CARTESIAN_POINT('Ctrl Pts',(-5.10437725724277,-10.9944491672786,2.60257510758462));
#4250=CARTESIAN_POINT('Ctrl Pts',(-4.89567745658304,-10.9274091980004,1.96354460080759));
#4251=CARTESIAN_POINT('Ctrl Pts',(-3.99276740865532,-10.797449440896,0.629317058630392));
#4252=CARTESIAN_POINT('Ctrl Pts',(-0.370270985968562,-9.59756335624507,
-8.7159506234746));
#4253=CARTESIAN_POINT('Ctrl Pts',(-0.22965086973511,-7.84475979032081,-10.9821728614167));
#4254=CARTESIAN_POINT('Ctrl Pts',(-0.108942555000604,-6.34015312257993,
-12.9274981426284));
#4255=CARTESIAN_POINT('Ctrl Pts',(-3.75106886390684,-11.4541405043049,3.34296069556044));
#4256=CARTESIAN_POINT('Ctrl Pts',(-3.78435830871205,-11.4220327427784,3.09057882283434));
#4257=CARTESIAN_POINT('Ctrl Pts',(-4.01398184380591,-11.3425171045608,2.97289323502287));
#4258=CARTESIAN_POINT('Ctrl Pts',(-4.13056863656196,-11.2419140313093,2.6675270781719));
#4259=CARTESIAN_POINT('Ctrl Pts',(-4.18490107310352,-11.1789879830276,2.53060590402977));
#4260=CARTESIAN_POINT('Ctrl Pts',(-3.81063978157768,-11.1098897023204,1.93194590271279));
#4261=CARTESIAN_POINT('Ctrl Pts',(-2.9746383290834,-10.8990911712143,0.63603319924743));
#4262=CARTESIAN_POINT('Ctrl Pts',(-0.0179430473200097,-9.6213655281112,
-8.69953500264102));
#4263=CARTESIAN_POINT('Ctrl Pts',(0.0569339251297036,-7.85313353219246,
-10.9749535306321));
#4264=CARTESIAN_POINT('Ctrl Pts',(0.121208321986424,-6.33528309938072,-12.9281729076769));
#4265=CARTESIAN_POINT('Ctrl Pts',(-3.2736537477841,-11.6138763722787,3.18929400936542));
#4266=CARTESIAN_POINT('Ctrl Pts',(-3.34355569306337,-11.5781128281878,2.94180711156375));
#4267=CARTESIAN_POINT('Ctrl Pts',(-3.55865854217793,-11.4626337738259,2.84894466120236));
#4268=CARTESIAN_POINT('Ctrl Pts',(-3.73929282781529,-11.335866596243,2.60834174441321));
#4269=CARTESIAN_POINT('Ctrl Pts',(-3.66269561690748,-11.2992568773864,2.44988002755516));
#4270=CARTESIAN_POINT('Ctrl Pts',(-3.38296586394865,-11.1843172167135,1.91943794431693));
#4271=CARTESIAN_POINT('Ctrl Pts',(-2.62375387708935,-10.9339958789558,0.638326047184241));
#4272=CARTESIAN_POINT('Ctrl Pts',(0.0998106616413203,-9.6291515962284,-8.69404187828706));
#4273=CARTESIAN_POINT('Ctrl Pts',(0.152714876870166,-7.85578432207347,-10.9725365834799));
#4274=CARTESIAN_POINT('Ctrl Pts',(0.198127857840996,-6.33352576616962,-12.9283965511869));
#4275=CARTESIAN_POINT('Ctrl Pts',(-2.2879834915079,-12.0236833320004,2.85537557248925));
#4276=CARTESIAN_POINT('Ctrl Pts',(-2.94572260550347,-11.7038368601497,2.85960175134796));
#4277=CARTESIAN_POINT('Ctrl Pts',(-2.97715365664358,-11.6185033393262,2.77272874019523));
#4278=CARTESIAN_POINT('Ctrl Pts',(-2.94239215431515,-11.5206040495277,2.55070195420204));
#4279=CARTESIAN_POINT('Ctrl Pts',(-2.81275512907003,-11.4816572024867,2.4006992418016));
#4280=CARTESIAN_POINT('Ctrl Pts',(-2.46162333606332,-11.3467729251194,1.89244696849429));
#4281=CARTESIAN_POINT('Ctrl Pts',(-1.91047688096448,-11.0048294254076,0.642965877455662));
#4282=CARTESIAN_POINT('Ctrl Pts',(0.335629142309134,-9.64457574329127,-8.68303437883637));
#4283=CARTESIAN_POINT('Ctrl Pts',(0.344529467136622,-7.86094544442593,-10.967692185618));
#4284=CARTESIAN_POINT('Ctrl Pts',(0.352169506409042,-6.32987710760273,-12.9288425600339));
#4285=CARTESIAN_POINT('Ctrl Pts',(-1.77972835135443,-12.2737544237483,2.67512382180809));
#4286=CARTESIAN_POINT('Ctrl Pts',(-2.6289555175023,-11.8233932677725,2.85498903800492));
#4287=CARTESIAN_POINT('Ctrl Pts',(-2.4001550311298,-11.8109494140443,2.68498570500112));
#4288=CARTESIAN_POINT('Ctrl Pts',(-2.32035389234451,-11.7025280905488,2.48637529548459));
#4289=CARTESIAN_POINT('Ctrl Pts',(-2.22621363621942,-11.6351770364663,2.3520521301943));
#4290=CARTESIAN_POINT('Ctrl Pts',(-1.96795472580703,-11.4348011191323,1.87796395106752));
#4291=CARTESIAN_POINT('Ctrl Pts',(-1.54808433683366,-11.0407582641179,0.645312859790272));
#4292=CARTESIAN_POINT('Ctrl Pts',(0.453693914015617,-9.65221382223695,-8.67752000373963));
#4293=CARTESIAN_POINT('Ctrl Pts',(0.440563105662615,-7.86345577689739,-10.9652647349084));
#4294=CARTESIAN_POINT('Ctrl Pts',(0.429291619122516,-6.32798578224694,-12.929064925371));
#4295=CARTESIAN_POINT('Ctrl Pts',(-1.75212360983522,-12.3289177840355,2.58258496530522));
#4296=CARTESIAN_POINT('Ctrl Pts',(-1.72909642731966,-12.2063389240293,2.58786821406413));
#4297=CARTESIAN_POINT('Ctrl Pts',(-1.70063470835727,-12.0935224089296,2.54996023444232));
#4298=CARTESIAN_POINT('Ctrl Pts',(-1.63472603438582,-11.8848260074219,2.40056863667205));
#4299=CARTESIAN_POINT('Ctrl Pts',(-1.59727907937678,-11.7889461210139,2.2890850185236));
#4300=CARTESIAN_POINT('Ctrl Pts',(-1.47428611555073,-11.5228293131451,1.86348093364073));
#4301=CARTESIAN_POINT('Ctrl Pts',(-1.18569179270285,-11.0766871028281,0.64765984212488));
#4302=CARTESIAN_POINT('Ctrl Pts',(0.571758685722101,-9.65985190118262,-8.6720056286429));
#4303=CARTESIAN_POINT('Ctrl Pts',(0.536596744188608,-7.86596610936885,-10.9628372841988));
#4304=CARTESIAN_POINT('Ctrl Pts',(0.50641373183599,-6.32609445689114,-12.9292872907081));
#4305=CARTESIAN_POINT('',(7.01640971559877,4.82450492440627,5.39358680599521));
#4306=CARTESIAN_POINT('Ctrl Pts',(0.363610834414279,-12.8852213936492,2.49202019509648));
#4307=CARTESIAN_POINT('Ctrl Pts',(0.451324172103184,-12.7973862788665,2.65102149016621));
#4308=CARTESIAN_POINT('Ctrl Pts',(1.60959631193793,-12.3395531931215,3.16941112788912));
#4309=CARTESIAN_POINT('Ctrl Pts',(3.49298492109699,-11.6438924085229,4.03552216817506));
#4310=CARTESIAN_POINT('Ctrl Pts',(4.21810139042131,-11.4060647096694,4.38324357073808));
#4311=CARTESIAN_POINT('Ctrl Pts',(5.74371729262863,-11.0225896934459,5.17040542568733));
#4312=CARTESIAN_POINT('Ctrl Pts',(7.78799372480029,-10.597849464188,6.04211027447563));
#4313=CARTESIAN_POINT('Ctrl Pts',(19.2326298720718,-8.94896991803173,10.0966993872089));
#4314=CARTESIAN_POINT('Ctrl Pts',(15.8059126554174,-1.67118938180947,6.64439579471977));
#4315=CARTESIAN_POINT('Ctrl Pts',(10.2465390181693,3.24519486584391,5.63448791665169));
#4316=CARTESIAN_POINT('Ctrl Pts',(7.01640971559877,4.82450492440627,5.39358680599521));
#4317=CARTESIAN_POINT('',(1.1947099572141,6.52880502569712,5.19313014546401));
#4318=CARTESIAN_POINT('Ctrl Pts',(1.19470995721408,6.52880502569706,5.19313014546313));
#4319=CARTESIAN_POINT('Ctrl Pts',(0.488016172882998,6.54002908350457,4.32722013438657));
#4320=CARTESIAN_POINT('Ctrl Pts',(-0.257884759483577,6.43703452313987,2.74940254444537));
#4321=CARTESIAN_POINT('Ctrl Pts',(-0.565633777722756,6.186727642104,-0.0894917613608458));
#4322=CARTESIAN_POINT('Ctrl Pts',(-0.227303155403633,6.0188426192369,-1.80879095950875));
#4323=CARTESIAN_POINT('Ctrl Pts',(0.502183017696952,5.81060906260213,-3.22461744595197));
#4324=CARTESIAN_POINT('Ctrl Pts',(1.03702055288759,5.67285323019432,-4.0047112840017));
#4325=CARTESIAN_POINT('Ctrl Pts',(2.25634035028713,5.36033900843702,-4.7033891286953));
#4326=CARTESIAN_POINT('Ctrl Pts',(3.61800154332894,4.97248649961265,-4.48290569148499));
#4327=CARTESIAN_POINT('Ctrl Pts',(4.73232281092112,4.64373737198335,-3.64637855699811));
#4328=CARTESIAN_POINT('Ctrl Pts',(5.32657908378618,4.48102297486133,-2.90888025097241));
#4329=CARTESIAN_POINT('Ctrl Pts',(5.89694565813528,4.33764627750389,-2.05478083761906));
#4330=CARTESIAN_POINT('Ctrl Pts',(6.68412697952272,4.16677912660336,-0.584463757136523));
#4331=CARTESIAN_POINT('Ctrl Pts',(7.30534336299401,4.16656404730541,1.59817423789924));
#4332=CARTESIAN_POINT('Ctrl Pts',(7.40062029455582,4.43480181525967,3.82186343303684));
#4333=CARTESIAN_POINT('Ctrl Pts',(7.20289201675952,4.67553829971056,4.89820307623665));
#4334=CARTESIAN_POINT('Ctrl Pts',(7.01640971559877,4.82450492440627,5.39358680599521));
#4335=CARTESIAN_POINT('',(-2.41278382186794,6.50699426745704,5.18617029572907));
#4336=CARTESIAN_POINT('Ctrl Pts',(1.19470995721412,6.52880502569718,5.19313014546489));
#4337=CARTESIAN_POINT('Ctrl Pts',(0.0171175699622818,6.65320579273751,5.18384444500517));
#4338=CARTESIAN_POINT('Ctrl Pts',(-1.18802635201107,6.65094649270692,5.18518943271455));
#4339=CARTESIAN_POINT('Ctrl Pts',(-2.41278382186794,6.50699426745705,5.18617029572928));
#4340=CARTESIAN_POINT('',(-8.26534145989053,4.82317966499544,5.17503222983644));
#4341=CARTESIAN_POINT('Ctrl Pts',(-8.26534145987252,4.82317966500516,5.17503222985872));
#4342=CARTESIAN_POINT('Ctrl Pts',(-8.48393814497649,4.67575664890756,4.53196987036017));
#4343=CARTESIAN_POINT('Ctrl Pts',(-8.68340299452569,4.46094357787204,3.14754438171158));
#4344=CARTESIAN_POINT('Ctrl Pts',(-8.42785127100798,4.29668730045555,0.354130810920679));
#4345=CARTESIAN_POINT('Ctrl Pts',(-7.68366976215257,4.4264383294134,-1.66062219988249));
#4346=CARTESIAN_POINT('Ctrl Pts',(-6.62509576369361,4.70153716309967,-3.29358888955531));
#4347=CARTESIAN_POINT('Ctrl Pts',(-6.05069255816149,4.8614234652751,-3.99643374344887));
#4348=CARTESIAN_POINT('Ctrl Pts',(-4.96293324339573,5.16615831382286,-4.7379141001468));
#4349=CARTESIAN_POINT('Ctrl Pts',(-3.77309973137656,5.47205628858782,-4.92231085905357));
#4350=CARTESIAN_POINT('Ctrl Pts',(-2.98966626520316,5.63717647386494,-4.48902207340197));
#4351=CARTESIAN_POINT('Ctrl Pts',(-2.2343773487577,5.78966521203334,-3.82697447832892));
#4352=CARTESIAN_POINT('Ctrl Pts',(-1.89368056484763,5.85547936567023,-3.33948199028645));
#4353=CARTESIAN_POINT('Ctrl Pts',(-0.996845616789746,6.05653399438917,-1.55817699514906));
#4354=CARTESIAN_POINT('Ctrl Pts',(-0.639700975272331,6.25948745008945,0.636184140459256));
#4355=CARTESIAN_POINT('Ctrl Pts',(-1.29685391051361,6.48471516956803,3.40100949351396));
#4356=CARTESIAN_POINT('Ctrl Pts',(-1.9900783263144,6.5210350965283,4.63483159050611));
#4357=CARTESIAN_POINT('Ctrl Pts',(-2.41278382186799,6.50699426745702,5.18617029572892));
#4358=CARTESIAN_POINT('Ctrl Pts',(-8.26534145989341,4.82317966499591,5.17503222985865));
#4359=CARTESIAN_POINT('Ctrl Pts',(-14.0739285466208,2.25195998548513,5.15338995903981));
#4360=CARTESIAN_POINT('Ctrl Pts',(-22.5619558711242,-5.52616502947679,5.11176033615885));
#4361=CARTESIAN_POINT('Ctrl Pts',(-20.6781388630489,-9.60350429524482,5.73751907313207));
#4362=CARTESIAN_POINT('Ctrl Pts',(-6.58702325076902,-10.8619492259723,4.02341380531211));
#4363=CARTESIAN_POINT('Ctrl Pts',(-5.13705417622901,-11.1104357360447,3.76408315741628));
#4364=CARTESIAN_POINT('Ctrl Pts',(-3.75106886390684,-11.4541405043049,3.34296069556044));
#4365=CARTESIAN_POINT('Ctrl Pts',(-3.2736537477841,-11.6138763722787,3.18929400936542));
#4366=CARTESIAN_POINT('Ctrl Pts',(-2.2879834915079,-12.0236833320004,2.85537557248925));
#4367=CARTESIAN_POINT('Ctrl Pts',(-1.77972835135443,-12.2737544237483,2.67512382180809));
#4368=CARTESIAN_POINT('Ctrl Pts',(-1.75212360983522,-12.3289177840355,2.58258496530522));
#4369=CARTESIAN_POINT('',(0.356529416859564,-8.78451807563945,-8.95654817026544));
#4370=CARTESIAN_POINT('Ctrl Pts',(-0.504527542163871,-10.4595246623496,
-3.05698428139613));
#4371=CARTESIAN_POINT('Ctrl Pts',(-0.0406662415400371,-9.95084577069041,
-5.69996469584427));
#4372=CARTESIAN_POINT('Ctrl Pts',(0.216448376748141,-9.38411321100598,-7.55209548257615));
#4373=CARTESIAN_POINT('Ctrl Pts',(0.356529416859564,-8.78451807563945,-8.95654817026544));
#4374=CARTESIAN_POINT('',(2.90018590483115,-8.2997480720994,-9.07584269750334));
#4375=CARTESIAN_POINT('Ctrl Pts',(2.90018590483113,-8.29974807209942,-9.07584269750334));
#4376=CARTESIAN_POINT('Ctrl Pts',(3.50328638200987,-7.83665764316421,-8.80946220821328));
#4377=CARTESIAN_POINT('Ctrl Pts',(4.09852278932957,-7.33360199416267,-8.61648932775918));
#4378=CARTESIAN_POINT('Ctrl Pts',(5.07196310412607,-6.401783934574,-8.4324696017344));
#4379=CARTESIAN_POINT('Ctrl Pts',(5.46945629344482,-5.99165223452682,-8.40225315779067));
#4380=CARTESIAN_POINT('Ctrl Pts',(6.70274330672865,-4.69294231453206,-8.47377890262751));
#4381=CARTESIAN_POINT('Ctrl Pts',(7.87125155512311,-3.46569731803457,-8.88435201631271));
#4382=CARTESIAN_POINT('Ctrl Pts',(8.66509367584016,-1.66724796364692,-9.08081988742934));
#4383=CARTESIAN_POINT('Ctrl Pts',(8.75292220447227,-0.738231192084407,-9.00184544540589));
#4384=CARTESIAN_POINT('Ctrl Pts',(8.65447013838466,0.1839318728219,-8.83788490354901));
#4385=CARTESIAN_POINT('Ctrl Pts',(8.34840682955401,1.11681667655203,-8.57700342690621));
#4386=CARTESIAN_POINT('Ctrl Pts',(7.02170113893842,2.76500516476094,-7.78607161377471));
#4387=CARTESIAN_POINT('Ctrl Pts',(3.62928409445574,5.05144337420078,-6.52000104980604));
#4388=CARTESIAN_POINT('Ctrl Pts',(-0.0975198432478381,5.7870820362557,-6.53842561198338));
#4389=CARTESIAN_POINT('Ctrl Pts',(-3.57606217654463,5.35068421730038,-7.13181162603406));
#4390=CARTESIAN_POINT('Ctrl Pts',(-5.84372351045016,4.67673004402058,-7.69850272737556));
#4391=CARTESIAN_POINT('Ctrl Pts',(-8.58242702951931,2.70875737856632,-8.97716909952727));
#4392=CARTESIAN_POINT('Ctrl Pts',(-10.089006837882,-0.227887829392843,-10.0091514631642));
#4393=CARTESIAN_POINT('Ctrl Pts',(-9.91756750915701,-2.53701418208931,-10.2582550846531));
#4394=CARTESIAN_POINT('Ctrl Pts',(-9.30345766911967,-4.32972403620305,-10.3357528158448));
#4395=CARTESIAN_POINT('Ctrl Pts',(-8.59160446975052,-5.65011238999031,-10.327775175308));
#4396=CARTESIAN_POINT('Ctrl Pts',(-6.3783407244455,-7.63637962568233,-9.9006096042903));
#4397=CARTESIAN_POINT('Ctrl Pts',(-4.09205979880504,-8.3338420249563,-9.30495970685843));
#4398=CARTESIAN_POINT('Ctrl Pts',(-2.06477105212857,-8.62119351085877,-9.04084039360593));
#4399=CARTESIAN_POINT('Ctrl Pts',(-1.63248665289107,-8.66613457096265,-8.9949105470539));
#4400=CARTESIAN_POINT('Ctrl Pts',(-0.680344199788724,-8.74265694865874,
-8.93686299696687));
#4401=CARTESIAN_POINT('Ctrl Pts',(-0.161556608723941,-8.77021856233775,
-8.93203122247111));
#4402=CARTESIAN_POINT('Ctrl Pts',(0.356529416859564,-8.78451807563945,-8.95654817026544));
#4403=CARTESIAN_POINT('Ctrl Pts',(2.90018590483115,-8.2997480720994,-9.07584269750334));
#4404=CARTESIAN_POINT('Ctrl Pts',(2.73004570457877,-9.00673318283039,-7.53950639949111));
#4405=CARTESIAN_POINT('Ctrl Pts',(2.40746402042583,-9.78071064903681,-5.41723728377527));
#4406=CARTESIAN_POINT('Ctrl Pts',(1.79991826472383,-10.653921497253,-2.23594868537412));
#4407=CARTESIAN_POINT('Ctrl Pts',(1.78702753173625,-10.6723287151543,-2.16870170177169));
#4408=CARTESIAN_POINT('Ctrl Pts',(-6.91073343843283,12.1171020129442,-10.6258398180523));
#4409=CARTESIAN_POINT('Ctrl Pts',(-6.79842481539206,12.1993729371462,-10.7109457445419));
#4410=CARTESIAN_POINT('Ctrl Pts',(-6.56304462018868,12.3632081646383,-10.8561161829016));
#4411=CARTESIAN_POINT('Ctrl Pts',(-6.18215142613181,12.5913079085939,-10.9632003616547));
#4412=CARTESIAN_POINT('Ctrl Pts',(-5.79602318300549,12.7740630538123,-10.9199505673102));
#4413=CARTESIAN_POINT('Ctrl Pts',(-5.32832335573294,12.9204140490408,-10.6497590743039));
#4414=CARTESIAN_POINT('Ctrl Pts',(-4.98500639332444,12.9230108281321,-10.1622994990864));
#4415=CARTESIAN_POINT('Ctrl Pts',(-4.73493545299379,12.8500685941288,-9.60109192385034));
#4416=CARTESIAN_POINT('Ctrl Pts',(-4.53179556902761,12.7422674619826,-9.00075075532142));
#4417=CARTESIAN_POINT('Ctrl Pts',(-4.35363583234413,12.5727034929697,-8.20560787794324));
#4418=CARTESIAN_POINT('Ctrl Pts',(-4.24177905970643,12.3313827838756,-7.04157768829012));
#4419=CARTESIAN_POINT('Ctrl Pts',(-4.38397033465335,12.0187371980821,-5.32991953812017));
#4420=CARTESIAN_POINT('Ctrl Pts',(-4.89350338020652,11.7415857121326,-4.00429865206513));
#4421=CARTESIAN_POINT('Ctrl Pts',(-5.55208304533359,11.3694784569379,-2.75228164754871));
#4422=CARTESIAN_POINT('Ctrl Pts',(-5.98502759128413,11.124751725385,-2.05840899559555));
#4423=CARTESIAN_POINT('Ctrl Pts',(-6.6377049779654,10.726555108668,-1.24651676805971));
#4424=CARTESIAN_POINT('Ctrl Pts',(-7.07370875267103,10.4456603514055,-0.808728182521329));
#4425=CARTESIAN_POINT('Ctrl Pts',(-7.39054134111113,10.2329150786775,-0.561232082271969));
#4426=CARTESIAN_POINT('Ctrl Pts',(-7.57388536508189,10.1076717392946,-0.443014913833333));
#4427=CARTESIAN_POINT('Ctrl Pts',(-7.8496989253983,9.91786074825801,-0.292459520664534));
#4428=CARTESIAN_POINT('Ctrl Pts',(-8.17401611256103,9.68980158514925,-0.208638750760284));
#4429=CARTESIAN_POINT('Ctrl Pts',(-8.50379423884766,9.47678209034184,-0.319417829867715));
#4430=CARTESIAN_POINT('Ctrl Pts',(-8.66325178362188,9.38847747614184,-0.458259038734791));
#4431=CARTESIAN_POINT('Ctrl Pts',(-8.75766830865228,9.3436417569841,-0.575462967999274));
#4432=CARTESIAN_POINT('Ctrl Pts',(-8.81751814353961,9.31736605625187,-0.659550256640882));
#4433=CARTESIAN_POINT('Ctrl Pts',(-8.91435254924089,9.28050581893637,-0.820831014067048));
#4434=CARTESIAN_POINT('Ctrl Pts',(-9.0782620134549,9.24009946557866,-1.18913894357453));
#4435=CARTESIAN_POINT('Ctrl Pts',(-9.24316966502386,9.25213985803897,-1.79358831994386));
#4436=CARTESIAN_POINT('Ctrl Pts',(-9.32162860528459,9.30078141043224,-2.31247489165805));
#4437=CARTESIAN_POINT('Ctrl Pts',(-9.4106028475341,9.39855782467168,-3.15899423770297));
#4438=CARTESIAN_POINT('Ctrl Pts',(-9.42185680815358,9.58738726185149,-4.36386547114965));
#4439=CARTESIAN_POINT('Ctrl Pts',(-9.15951890306657,9.9984850608725,-6.16690119565615));
#4440=CARTESIAN_POINT('Ctrl Pts',(-8.66249893009837,10.5538417653974,-7.8894036139632));
#4441=CARTESIAN_POINT('Ctrl Pts',(-8.06999450704821,11.1437863033961,-9.20290563915188));
#4442=CARTESIAN_POINT('Ctrl Pts',(-7.46482097153314,11.6858698186885,-10.1071409147353));
#4443=CARTESIAN_POINT('Ctrl Pts',(-7.10639945376706,11.9737681933261,-10.4775668086725));
#4444=CARTESIAN_POINT('Ctrl Pts',(-6.91073343843283,12.1171020129442,-10.6258398180523));
#4445=CARTESIAN_POINT('Ctrl Pts',(-6.95943262051738,12.150558233899,-10.6720161838275));
#4446=CARTESIAN_POINT('Ctrl Pts',(-6.84316679973798,12.2324900465421,-10.7581391819802));
#4447=CARTESIAN_POINT('Ctrl Pts',(-6.5992888764484,12.3963361748671,-10.9050919113445));
#4448=CARTESIAN_POINT('Ctrl Pts',(-6.20351703961589,12.6277100232413,-11.0136503031982));
#4449=CARTESIAN_POINT('Ctrl Pts',(-5.80184906440579,12.8185837643784,-10.9695841680967));
#4450=CARTESIAN_POINT('Ctrl Pts',(-5.31630912410813,12.9833793931627,-10.6944696301024));
#4451=CARTESIAN_POINT('Ctrl Pts',(-4.96761689189625,13.0128079465034,-10.1959966073899));
#4452=CARTESIAN_POINT('Ctrl Pts',(-4.72751915332889,12.9649839471135,-9.62129755349771));
#4453=CARTESIAN_POINT('Ctrl Pts',(-4.5429448850508,12.8790774210474,-9.00830857284213));
#4454=CARTESIAN_POINT('Ctrl Pts',(-4.40027654927653,12.7271483732326,-8.20377894816944));
#4455=CARTESIAN_POINT('Ctrl Pts',(-4.34325896108601,12.4900831017304,-7.04510657047827));
#4456=CARTESIAN_POINT('Ctrl Pts',(-4.54296715880156,12.1579640987729,-5.36790777496407));
#4457=CARTESIAN_POINT('Ctrl Pts',(-5.06491674513371,11.8591272309886,-4.07233792788443));
#4458=CARTESIAN_POINT('Ctrl Pts',(-5.73046203690213,11.469242888204,-2.84621224243197));
#4459=CARTESIAN_POINT('Ctrl Pts',(-6.16397126158751,11.2143848898205,-2.16828299282157));
#4460=CARTESIAN_POINT('Ctrl Pts',(-6.80971392880118,10.8056908230385,-1.38246848387192));
#4461=CARTESIAN_POINT('Ctrl Pts',(-7.23424121451832,10.5206959130309,-0.965887022949231));
#4462=CARTESIAN_POINT('Ctrl Pts',(-7.53590785617927,10.3088935527768,-0.735860761604155));
#4463=CARTESIAN_POINT('Ctrl Pts',(-7.70649560155645,10.1865872054845,-0.628334085393611));
#4464=CARTESIAN_POINT('Ctrl Pts',(-7.96081890792858,10.0031613628736,-0.492854058194188));
#4465=CARTESIAN_POINT('Ctrl Pts',(-8.24161317707622,9.79520475536724,-0.42559166155871));
#4466=CARTESIAN_POINT('Ctrl Pts',(-8.51299414882041,9.62532124619944,-0.516227077289391));
#4467=CARTESIAN_POINT('Ctrl Pts',(-8.6513799708406,9.5598646816997,-0.627916739286035));
#4468=CARTESIAN_POINT('Ctrl Pts',(-8.7381472770194,9.52702231903596,-0.725559834732309));
#4469=CARTESIAN_POINT('Ctrl Pts',(-8.79464476102255,9.50781881316355,-0.796244602963534));
#4470=CARTESIAN_POINT('Ctrl Pts',(-8.88943761544207,9.4808773511029,-0.934385796406707));
#4471=CARTESIAN_POINT('Ctrl Pts',(-9.06269500733043,9.4504373299994,-1.26081889512796));
#4472=CARTESIAN_POINT('Ctrl Pts',(-9.25687268432396,9.45609769339508,-1.82763610247138));
#4473=CARTESIAN_POINT('Ctrl Pts',(-9.35600758035164,9.49183900772229,-2.33221493499225));
#4474=CARTESIAN_POINT('Ctrl Pts',(-9.47431197150253,9.56643436166081,-3.16334657769295));
#4475=CARTESIAN_POINT('Ctrl Pts',(-9.51025909081741,9.72150855577045,-4.36526892223918));
#4476=CARTESIAN_POINT('Ctrl Pts',(-9.25832325505448,10.0944287545502,-6.1766314328202));
#4477=CARTESIAN_POINT('Ctrl Pts',(-8.75831610063481,10.620993479571,-7.91042268275326));
#4478=CARTESIAN_POINT('Ctrl Pts',(-8.15406427341802,11.192117741384,-9.23451571760392));
#4479=CARTESIAN_POINT('Ctrl Pts',(-7.53207368131403,11.7231580377888,-10.1474352112142));
#4480=CARTESIAN_POINT('Ctrl Pts',(-7.16194840303346,12.0078525412552,-10.5219757075777));
#4481=CARTESIAN_POINT('Ctrl Pts',(-6.95943262051738,12.150558233899,-10.6720161838275));
#4482=CARTESIAN_POINT('Ctrl Pts',(-7.05550600676662,12.2044882813749,-10.7751700876985));
#4483=CARTESIAN_POINT('Ctrl Pts',(-6.93086799217834,12.2865920396288,-10.8627700790988));
#4484=CARTESIAN_POINT('Ctrl Pts',(-6.66895944111504,12.4520442894018,-11.0123710473022));
#4485=CARTESIAN_POINT('Ctrl Pts',(-6.24228300257753,12.691650545223,-11.1228136717089));
#4486=CARTESIAN_POINT('Ctrl Pts',(-5.80748324552243,12.8993535654713,-11.0772764553655));
#4487=CARTESIAN_POINT('Ctrl Pts',(-5.28146243202432,13.1002429846589,-10.7942739569828));
#4488=CARTESIAN_POINT('Ctrl Pts',(-4.91096214988344,13.1825548604484,-10.2776812965606));
#4489=CARTESIAN_POINT('Ctrl Pts',(-4.67510000729681,13.1895190772496,-9.67743066202073));
#4490=CARTESIAN_POINT('Ctrl Pts',(-4.51060874429776,13.1558155857794,-9.03825973343919));
#4491=CARTESIAN_POINT('Ctrl Pts',(-4.41859406108391,13.0575628689332,-8.20822768201708));
#4492=CARTESIAN_POINT('Ctrl Pts',(-4.454792425103,12.8638291703788,-7.04175824586708));
#4493=CARTESIAN_POINT('Ctrl Pts',(-4.77537415094251,12.5400566215293,-5.40256737829277));
#4494=CARTESIAN_POINT('Ctrl Pts',(-5.34509521955385,12.216780775144,-4.15109325724766));
#4495=CARTESIAN_POINT('Ctrl Pts',(-6.04690929526615,11.8041215775295,-2.96528946632333));
#4496=CARTESIAN_POINT('Ctrl Pts',(-6.49582911322732,11.5353376726464,-2.31219101405512));
#4497=CARTESIAN_POINT('Ctrl Pts',(-7.15099894605595,11.111233186961,-1.57039542678094));
#4498=CARTESIAN_POINT('Ctrl Pts',(-7.57170130165698,10.8204483617029,-1.19004733450811));
#4499=CARTESIAN_POINT('Ctrl Pts',(-7.85984201024906,10.6103929244706,-0.991063754228196));
#4500=CARTESIAN_POINT('Ctrl Pts',(-8.01660737232478,10.4926885357705,-0.9025445470081));
#4501=CARTESIAN_POINT('Ctrl Pts',(-8.24553096005602,10.3193799069533,-0.794697821531945));
#4502=CARTESIAN_POINT('Ctrl Pts',(-8.46663710208456,10.1428708254247,-0.758941632614186));
#4503=CARTESIAN_POINT('Ctrl Pts',(-8.6524079038675,10.0329678062447,-0.816475674042149));
#4504=CARTESIAN_POINT('Ctrl Pts',(-8.76075938512864,9.99380828295173,-0.882519319050072));
#4505=CARTESIAN_POINT('Ctrl Pts',(-8.83770888261289,9.97149397583581,-0.947518594840749));
#4506=CARTESIAN_POINT('Ctrl Pts',(-8.89025701096362,9.95745792355436,-0.996127465184914));
#4507=CARTESIAN_POINT('Ctrl Pts',(-8.98415705478523,9.93478827356883,-1.09641868271796));
#4508=CARTESIAN_POINT('Ctrl Pts',(-9.17507966997287,9.89528031946325,-1.35685455396702));
#4509=CARTESIAN_POINT('Ctrl Pts',(-9.41372785740973,9.85801654425185,-1.8700289949513));
#4510=CARTESIAN_POINT('Ctrl Pts',(-9.53961030322821,9.85385184276356,-2.35849836095655));
#4511=CARTESIAN_POINT('Ctrl Pts',(-9.69313707714474,9.86638160744241,-3.17420440173328));
#4512=CARTESIAN_POINT('Ctrl Pts',(-9.75018023954515,9.94646911829687,-4.38254138404559));
#4513=CARTESIAN_POINT('Ctrl Pts',(-9.49210345804671,10.2463937409524,-6.21574576546695));
#4514=CARTESIAN_POINT('Ctrl Pts',(-8.96805585215256,10.7225933837316,-7.97244851704478));
#4515=CARTESIAN_POINT('Ctrl Pts',(-8.32990531587289,11.2640255112657,-9.31493564393765));
#4516=CARTESIAN_POINT('Ctrl Pts',(-7.66822627804763,11.7799672717302,-10.2417253681002));
#4517=CARTESIAN_POINT('Ctrl Pts',(-7.27265067982368,12.0614741217525,-10.6225315966747));
#4518=CARTESIAN_POINT('Ctrl Pts',(-7.05550600676662,12.2044882813749,-10.7751700876985));
#4519=CARTESIAN_POINT('Ctrl Pts',(-7.17730468167863,12.2391969432437,-10.939566500237));
#4520=CARTESIAN_POINT('Ctrl Pts',(-7.04069088517051,12.324073311856,-11.0280632029007));
#4521=CARTESIAN_POINT('Ctrl Pts',(-6.7532227326432,12.4963699451096,-11.1791110681165));
#4522=CARTESIAN_POINT('Ctrl Pts',(-6.28249254490601,12.7518323371355,-11.2900635798946));
#4523=CARTESIAN_POINT('Ctrl Pts',(-5.7985166295812,12.9833072615587,-11.2425933433489));
#4524=CARTESIAN_POINT('Ctrl Pts',(-5.20566246477406,13.2280698280495,-10.9530346278156));
#4525=CARTESIAN_POINT('Ctrl Pts',(-4.77887113147311,13.3711414142714,-10.4197884343568));
#4526=CARTESIAN_POINT('Ctrl Pts',(-4.50836771563711,13.4469452799861,-9.78850247357881));
#4527=CARTESIAN_POINT('Ctrl Pts',(-4.32385168198795,13.4839707621321,-9.11288352298629));
#4528=CARTESIAN_POINT('Ctrl Pts',(-4.2342429177314,13.4713821757717,-8.23460333506395));
#4529=CARTESIAN_POINT('Ctrl Pts',(-4.31448929345341,13.3784835645485,-7.01063683630516));
#4530=CARTESIAN_POINT('Ctrl Pts',(-4.74188893764244,13.147759072847,-5.32014697600216));
#4531=CARTESIAN_POINT('Ctrl Pts',(-5.39986345871566,12.8413421884714,-4.05889799463728));
#4532=CARTESIAN_POINT('Ctrl Pts',(-6.18245427091045,12.4360052452007,-2.86781532181611));
#4533=CARTESIAN_POINT('Ctrl Pts',(-6.67620483202491,12.1671655687859,-2.21503039229168));
#4534=CARTESIAN_POINT('Ctrl Pts',(-7.39403936635727,11.7393648227238,-1.4780378133309));
#4535=CARTESIAN_POINT('Ctrl Pts',(-7.85677940548364,11.444873066076,-1.10408562975176));
#4536=CARTESIAN_POINT('Ctrl Pts',(-8.17689455400344,11.2307939428483,-0.911849621123635));
#4537=CARTESIAN_POINT('Ctrl Pts',(-8.35201006068994,11.1104258100926,-0.828183086883475));
#4538=CARTESIAN_POINT('Ctrl Pts',(-8.60953569811292,10.9314998179778,-0.727737954764023));
#4539=CARTESIAN_POINT('Ctrl Pts',(-8.86270040998958,10.7467065193398,-0.702970952431515));
#4540=CARTESIAN_POINT('Ctrl Pts',(-9.07755687936741,10.6090918811531,-0.762888305276831));
#4541=CARTESIAN_POINT('Ctrl Pts',(-9.20135105485871,10.5428712228455,-0.826321523902607));
#4542=CARTESIAN_POINT('Ctrl Pts',(-9.28785791084971,10.4987649124232,-0.8904727788404));
#4543=CARTESIAN_POINT('Ctrl Pts',(-9.34662927946872,10.4692731566121,-0.938636874343847));
#4544=CARTESIAN_POINT('Ctrl Pts',(-9.45056251637634,10.4177717659675,-1.03919070678212));
#4545=CARTESIAN_POINT('Ctrl Pts',(-9.65780197246501,10.3158466168966,-1.30479349862674));
#4546=CARTESIAN_POINT('Ctrl Pts',(-9.90427075980687,10.1923494220946,-1.83777472485925));
#4547=CARTESIAN_POINT('Ctrl Pts',(-10.0235268632387,10.1329181241614,-2.34564508136858));
#4548=CARTESIAN_POINT('Ctrl Pts',(-10.1610234623731,10.0668861728916,-3.19235269171955));
#4549=CARTESIAN_POINT('Ctrl Pts',(-10.1803201542183,10.0714408946312,-4.43978181017455));
#4550=CARTESIAN_POINT('Ctrl Pts',(-9.86023191902492,10.3117486323744,-6.31452041632599));
#4551=CARTESIAN_POINT('Ctrl Pts',(-9.27132951179655,10.7558571841484,-8.10163693415399));
#4552=CARTESIAN_POINT('Ctrl Pts',(-8.57117880118835,11.2862155168487,-9.46254957624618));
#4553=CARTESIAN_POINT('Ctrl Pts',(-7.84788475860594,11.8040266372205,-10.4003115247998));
#4554=CARTESIAN_POINT('Ctrl Pts',(-7.41533889680023,12.0913647570125,-10.7853533716249));
#4555=CARTESIAN_POINT('Ctrl Pts',(-7.17730468167864,12.2391969432437,-10.939566500237));
#4556=CARTESIAN_POINT('Ctrl Pts',(-7.27496596931647,12.2380073659392,-11.1003684493157));
#4557=CARTESIAN_POINT('Ctrl Pts',(-7.12784945004627,12.3273813968574,-11.1891152389232));
#4558=CARTESIAN_POINT('Ctrl Pts',(-6.81787411146268,12.5094914838459,-11.3403334160547));
#4559=CARTESIAN_POINT('Ctrl Pts',(-6.30745339443365,12.7826608954669,-11.4506990227681));
#4560=CARTESIAN_POINT('Ctrl Pts',(-5.77730063847307,13.035509003038,-11.4014207082851));
#4561=CARTESIAN_POINT('Ctrl Pts',(-5.11728493033593,13.3131837396013,-11.1078955271852));
#4562=CARTESIAN_POINT('Ctrl Pts',(-4.62370098823631,13.4956518067603,-10.5631397949835));
#4563=CARTESIAN_POINT('Ctrl Pts',(-4.29742787743959,13.6161146211175,-9.90553937162979));
#4564=CARTESIAN_POINT('Ctrl Pts',(-4.06512890915452,13.6992441427733,-9.19699963843633));
#4565=CARTESIAN_POINT('Ctrl Pts',(-3.93346061212212,13.7442185782852,-8.26889543137797));
#4566=CARTESIAN_POINT('Ctrl Pts',(-3.98902095124039,13.7263482364613,-6.96756194578553));
#4567=CARTESIAN_POINT('Ctrl Pts',(-4.44471407347972,13.5825632017743,-5.16646686006849));
#4568=CARTESIAN_POINT('Ctrl Pts',(-5.17054888536652,13.3113072007021,-3.84598626060642));
#4569=CARTESIAN_POINT('Ctrl Pts',(-6.0218957860203,12.9289212085066,-2.60629652746054));
#4570=CARTESIAN_POINT('Ctrl Pts',(-6.55865726427015,12.6693713039835,-1.92706520857234));
#4571=CARTESIAN_POINT('Ctrl Pts',(-7.34666937935215,12.2440225552155,-1.15046924165284));
#4572=CARTESIAN_POINT('Ctrl Pts',(-7.8667825779643,11.9437574343739,-0.746213927966445));
#4573=CARTESIAN_POINT('Ctrl Pts',(-8.24057631122574,11.7170079786267,-0.530030496649437));
#4574=CARTESIAN_POINT('Ctrl Pts',(-8.45356238987369,11.5845446176007,-0.432181662582848));
#4575=CARTESIAN_POINT('Ctrl Pts',(-8.77249579248864,11.3831363806974,-0.312332887729385));
#4576=CARTESIAN_POINT('Ctrl Pts',(-9.12864557858401,11.148420636624,-0.268351160355156));
#4577=CARTESIAN_POINT('Ctrl Pts',(-9.47725344508043,10.9127580578287,-0.366432266896485));
#4578=CARTESIAN_POINT('Ctrl Pts',(-9.65844901273642,10.7890152692884,-0.475825528882334));
#4579=CARTESIAN_POINT('Ctrl Pts',(-9.77272011897313,10.7098576096653,-0.573583056685351));
#4580=CARTESIAN_POINT('Ctrl Pts',(-9.84709574844493,10.6580244039972,-0.644889378324388));
#4581=CARTESIAN_POINT('Ctrl Pts',(-9.97164610523447,10.570237638486,-0.78611039039382));
#4582=CARTESIAN_POINT('Ctrl Pts',(-10.195505067148,10.4081022486109,-1.12895311865062));
#4583=CARTESIAN_POINT('Ctrl Pts',(-10.4256046118801,10.2279172826346,-1.74547890530319));
#4584=CARTESIAN_POINT('Ctrl Pts',(-10.5205811130131,10.1404574257625,-2.29868212392849));
#4585=CARTESIAN_POINT('Ctrl Pts',(-10.6162519734318,10.0389148003245,-3.20640276228281));
#4586=CARTESIAN_POINT('Ctrl Pts',(-10.5767962850324,10.0181919057391,-4.5076275690107));
#4587=CARTESIAN_POINT('Ctrl Pts',(-10.1842127727284,10.2491884725972,-6.42652720244777));
#4588=CARTESIAN_POINT('Ctrl Pts',(-9.52992412990602,10.6985487441106,-8.2410671673342));
#4589=CARTESIAN_POINT('Ctrl Pts',(-8.77311395030915,11.2438440198515,-9.61536407661144));
#4590=CARTESIAN_POINT('Ctrl Pts',(-7.99596897205802,11.7816589857443,-10.559070716764));
#4591=CARTESIAN_POINT('Ctrl Pts',(-7.53128148272436,12.0823261236881,-10.9457423908703));
#4592=CARTESIAN_POINT('Ctrl Pts',(-7.27496596931647,12.2380073659392,-11.1003684493157));
#4593=CARTESIAN_POINT('Ctrl Pts',(-7.32519067038072,12.220505719665,-11.19993418982));
#4594=CARTESIAN_POINT('Ctrl Pts',(-7.17225070839427,12.3135206681073,-11.28866785525));
#4595=CARTESIAN_POINT('Ctrl Pts',(-6.84961430771284,12.5032002154154,-11.4397253360653));
#4596=CARTESIAN_POINT('Ctrl Pts',(-6.31617199459611,12.7884994027057,-11.5494058624201));
#4597=CARTESIAN_POINT('Ctrl Pts',(-5.75810757433555,13.0537519992955,-11.4990278796543));
#4598=CARTESIAN_POINT('Ctrl Pts',(-5.0556124598371,13.3469006091865,-11.2034711431886));
#4599=CARTESIAN_POINT('Ctrl Pts',(-4.51657010163983,13.5431077368822,-10.6522984919128));
#4600=CARTESIAN_POINT('Ctrl Pts',(-4.14889777171857,13.6776277254551,-9.97912419927871));
#4601=CARTESIAN_POINT('Ctrl Pts',(-3.87858199378472,13.7742593252361,-9.25082939660848));
#4602=CARTESIAN_POINT('Ctrl Pts',(-3.70756744955463,13.83494423394,-8.29162005404132));
#4603=CARTESIAN_POINT('Ctrl Pts',(-3.72662046466104,13.8387221094928,-6.93786156528539));
#4604=CARTESIAN_POINT('Ctrl Pts',(-4.17125570290997,13.7268851115501,-5.05345089009945));
#4605=CARTESIAN_POINT('Ctrl Pts',(-4.92414774473541,13.4767102147205,-3.68327993703945));
#4606=CARTESIAN_POINT('Ctrl Pts',(-5.8065256675753,13.1090381472799,-2.40096643921869));
#4607=CARTESIAN_POINT('Ctrl Pts',(-6.36367509805333,12.8562914057783,-1.69798716075124));
#4608=CARTESIAN_POINT('Ctrl Pts',(-7.19037144449516,12.4315303829712,-0.88357634308781));
#4609=CARTESIAN_POINT('Ctrl Pts',(-7.74487402303887,12.1250687212863,-0.449905860224114));
#4610=CARTESIAN_POINT('Ctrl Pts',(-8.15442299690686,11.8861441956226,-0.209698539640368));
#4611=CARTESIAN_POINT('Ctrl Pts',(-8.39364051659012,11.7426918815849,-0.0975393166186362));
#4612=CARTESIAN_POINT('Ctrl Pts',(-8.75706648997641,11.5208565217947,0.0425877658442798));
#4613=CARTESIAN_POINT('Ctrl Pts',(-9.19297959305817,11.2421545781475,0.107897548528304));
#4614=CARTESIAN_POINT('Ctrl Pts',(-9.65224219831344,10.929715140265,-0.0236114546918372));
#4615=CARTESIAN_POINT('Ctrl Pts',(-9.88213079952689,10.7661893352621,-0.174735840066539));
#4616=CARTESIAN_POINT('Ctrl Pts',(-10.0200025477304,10.6652155990333,-0.302987666576871));
#4617=CARTESIAN_POINT('Ctrl Pts',(-10.1078042334985,10.600125470933,-0.395107446785877));
#4618=CARTESIAN_POINT('Ctrl Pts',(-10.2502078839799,10.4924620294369,-0.57278103261901));
#4619=CARTESIAN_POINT('Ctrl Pts',(-10.4897852290668,10.3033988016373,-0.98331756675072));
#4620=CARTESIAN_POINT('Ctrl Pts',(-10.7109679726726,10.1088083856019,-1.66931095830837));
#4621=CARTESIAN_POINT('Ctrl Pts',(-10.7911409836683,10.0191857296824,-2.25765569520846));
#4622=CARTESIAN_POINT('Ctrl Pts',(-10.8619856781457,9.9178133694395,-3.21195478273499));
#4623=CARTESIAN_POINT('Ctrl Pts',(-10.7880374561808,9.90529644445824,-4.55080004497666));
#4624=CARTESIAN_POINT('Ctrl Pts',(-10.3552761349975,10.1527817180302,-6.49862735918913));
#4625=CARTESIAN_POINT('Ctrl Pts',(-9.66573164230226,10.6217091320038,-8.33001958555379));
#4626=CARTESIAN_POINT('Ctrl Pts',(-8.87932852944331,11.1875908823781,-9.71184818069809));
#4627=CARTESIAN_POINT('Ctrl Pts',(-8.07374055415089,11.7460129438539,-10.6582278796135));
#4628=CARTESIAN_POINT('Ctrl Pts',(-7.59166895438456,12.0584644978769,-11.0453250418608));
#4629=CARTESIAN_POINT('Ctrl Pts',(-7.32519067038072,12.220505719665,-11.19993418982));
#4630=CARTESIAN_POINT('Ctrl Pts',(-7.34785180918113,12.207677398579,-11.2497834524616));
#4631=CARTESIAN_POINT('Ctrl Pts',(-7.19217132540724,12.3027123130097,-11.3385240864283));
#4632=CARTESIAN_POINT('Ctrl Pts',(-6.86354817476577,12.4965497635117,-11.4894722761013));
#4633=CARTESIAN_POINT('Ctrl Pts',(-6.3189119507705,12.7882145128031,-11.5988301624882));
#4634=CARTESIAN_POINT('Ctrl Pts',(-5.74700706530287,13.0595099918539,-11.547848829527));
#4635=CARTESIAN_POINT('Ctrl Pts',(-5.02301351040318,13.3591781629423,-11.2512459797514));
#4636=CARTESIAN_POINT('Ctrl Pts',(-4.46059718576966,13.5594945254189,-10.6966430749833));
#4637=CARTESIAN_POINT('Ctrl Pts',(-4.07162312216296,13.6973300752391,-10.015498755271));
#4638=CARTESIAN_POINT('Ctrl Pts',(-3.78163528071434,13.7964942058274,-9.27729719755517));
#4639=CARTESIAN_POINT('Ctrl Pts',(-3.59020214902103,13.8592001603415,-8.3026621092229));
#4640=CARTESIAN_POINT('Ctrl Pts',(-3.58961569812905,13.8660218330205,-6.92304831574743));
#4641=CARTESIAN_POINT('Ctrl Pts',(-4.02538435817668,13.7620433596297,-4.99751282614662));
#4642=CARTESIAN_POINT('Ctrl Pts',(-4.78805728262601,13.5204848804533,-3.60247300951764));
#4643=CARTESIAN_POINT('Ctrl Pts',(-5.68194317735862,13.1589295543177,-2.29882694411652));
#4644=CARTESIAN_POINT('Ctrl Pts',(-6.24739843755443,12.9091068831408,-1.58363429185759));
#4645=CARTESIAN_POINT('Ctrl Pts',(-7.0903037242296,12.4839050563722,-0.750004248061002));
#4646=CARTESIAN_POINT('Ctrl Pts',(-7.66020211262736,12.1736159059134,-0.301244253688435));
#4647=CARTESIAN_POINT('Ctrl Pts',(-8.08604176003635,11.9280761748286,-0.0488133986060944));
#4648=CARTESIAN_POINT('Ctrl Pts',(-8.33770782969003,11.7786870317802,0.0707142615088272));
#4649=CARTESIAN_POINT('Ctrl Pts',(-8.72185116333924,11.5463237367652,0.221113370347309));
#4650=CARTESIAN_POINT('Ctrl Pts',(-9.1962166030384,11.2451612627961,0.29730035979444));
#4651=CARTESIAN_POINT('Ctrl Pts',(-9.71070809865339,10.8953974602458,0.149471326188632));
#4652=CARTESIAN_POINT('Ctrl Pts',(-9.96540437713074,10.7135114797573,-0.0225403715450884));
#4653=CARTESIAN_POINT('Ctrl Pts',(-10.1156798549693,10.6028483153448,-0.165969469318321));
#4654=CARTESIAN_POINT('Ctrl Pts',(-10.2105973267487,10.5320198695541,-0.26852322152213));
#4655=CARTESIAN_POINT('Ctrl Pts',(-10.3628061459518,10.4160538951888,-0.464410776872022));
#4656=CARTESIAN_POINT('Ctrl Pts',(-10.6122174584796,10.2170898008006,-0.908907529632921));
#4657=CARTESIAN_POINT('Ctrl Pts',(-10.8319684066102,10.0201485573195,-1.62973499328537));
#4658=CARTESIAN_POINT('Ctrl Pts',(-10.906962902686,9.93253367256282,-2.23585762352678));
#4659=CARTESIAN_POINT('Ctrl Pts',(-10.9682938699688,9.83586237678703,-3.21356157921845));
#4660=CARTESIAN_POINT('Ctrl Pts',(-10.8805856163533,9.83196999821824,-4.57157556106159));
#4661=CARTESIAN_POINT('Ctrl Pts',(-10.430995218823,10.0920486875933,-6.53415194321637));
#4662=CARTESIAN_POINT('Ctrl Pts',(-9.72652601135302,10.5739278358775,-8.37426800792884));
#4663=CARTESIAN_POINT('Ctrl Pts',(-8.92734173659297,11.1524433657622,-9.76004451968131));
#4664=CARTESIAN_POINT('Ctrl Pts',(-8.10915699089557,11.7229420461413,-10.7078545159685));
#4665=CARTESIAN_POINT('Ctrl Pts',(-7.61908102649848,12.04210593558,-11.0951779931799));
#4666=CARTESIAN_POINT('Ctrl Pts',(-7.34785180918114,12.207677398579,-11.2497834524616));
#4667=CARTESIAN_POINT('',(-7.34785180918113,12.207677398579,-11.2497834524616));
#4668=CARTESIAN_POINT('',(-6.91073343843283,12.1171020129442,-10.6258398180523));
#4669=CARTESIAN_POINT('Origin',(-6.83257285902967,11.3507647448196,-11.2635059652726));
#4670=CARTESIAN_POINT('',(-7.16838547670548,11.9209636967541,-10.4012046213164));
#4671=CARTESIAN_POINT('Ctrl Pts',(-6.91073343843283,12.1171020129442,-10.6258398180523));
#4672=CARTESIAN_POINT('Ctrl Pts',(-6.79842481539669,12.1993729371494,-10.7109457445463));
#4673=CARTESIAN_POINT('Ctrl Pts',(-6.6807347177985,12.2812905508985,-10.7835309637308));
#4674=CARTESIAN_POINT('Ctrl Pts',(-6.55840746999027,12.3602659817675,-10.8376709364511));
#4675=CARTESIAN_POINT('Ctrl Pts',(-6.43608022218205,12.4392414126365,-10.8918109091713));
#4676=CARTESIAN_POINT('Ctrl Pts',(-6.30911582416375,12.5152746606253,-10.9275056354274));
#4677=CARTESIAN_POINT('Ctrl Pts',(-6.18127891796568,12.5837504754922,-10.9381446995003));
#4678=CARTESIAN_POINT('Ctrl Pts',(-6.05344201176761,12.6522262903592,-10.9487837635732));
#4679=CARTESIAN_POINT('Ctrl Pts',(-5.92473259738975,12.7131446721042,-10.934367165463));
#4680=CARTESIAN_POINT('Ctrl Pts',(-5.80191541178943,12.761897737385,-10.8933849297838));
#4681=CARTESIAN_POINT('Ctrl Pts',(-5.67909822618911,12.8106508026657,-10.8524026941046));
#4682=CARTESIAN_POINT('Ctrl Pts',(-5.56217326936631,12.8472385514822,-10.7848548208565));
#4683=CARTESIAN_POINT('Ctrl Pts',(-5.45561355128232,12.8718467822895,-10.6992012740896));
#4684=CARTESIAN_POINT('Ctrl Pts',(-5.24249411511435,12.9210632439043,-10.527894180556));
#4685=CARTESIAN_POINT('Ctrl Pts',(-5.07083563390171,12.9223616334831,-10.2841643929474));
#4686=CARTESIAN_POINT('Ctrl Pts',(-4.93025916005831,12.8984803520375,-10.0158519386607));
#4687=CARTESIAN_POINT('Ctrl Pts',(-4.85997092313661,12.8865397113146,-9.88169571151732));
#4688=CARTESIAN_POINT('Ctrl Pts',(-4.79745318805728,12.8683041528355,-9.74139381770447));
#4689=CARTESIAN_POINT('Ctrl Pts',(-4.7408018350267,12.8457112320894,-9.59620022472926));
#4690=CARTESIAN_POINT('Ctrl Pts',(-4.68415048199611,12.8231183113433,-9.45100663175404));
#4691=CARTESIAN_POINT('Ctrl Pts',(-4.63336551101426,12.7961680283303,-9.30092133961647));
#4692=CARTESIAN_POINT('Ctrl Pts',(-4.58763154792081,12.7668969083951,-9.14785495303127));
#4693=CARTESIAN_POINT('Ctrl Pts',(-4.49616362173391,12.7083546685249,-8.84172217986086));
#4694=CARTESIAN_POINT('Ctrl Pts',(-4.42489972710099,12.6405290809662,-8.52366502889985));
#4695=CARTESIAN_POINT('Ctrl Pts',(-4.3732882408676,12.5721419001907,-8.1983464263279));
#4696=CARTESIAN_POINT('Ctrl Pts',(-4.32167675463422,12.5037547194152,-7.87302782375594));
#4697=CARTESIAN_POINT('Ctrl Pts',(-4.28971767680036,12.4348059454228,-7.54044776957331));
#4698=CARTESIAN_POINT('Ctrl Pts',(-4.28191753212359,12.36842503417,-7.20396708506126));
#4699=CARTESIAN_POINT('Ctrl Pts',(-4.27021731510843,12.2688536672908,-6.69924605829317));
#4700=CARTESIAN_POINT('Ctrl Pts',(-4.31287469769597,12.1750599915751,-6.18574861328493));
#4701=CARTESIAN_POINT('Ctrl Pts',(-4.41118864637368,12.0774645165391,-5.67839727308122));
#4702=CARTESIAN_POINT('Ctrl Pts',(-4.57504522750321,11.914805391479,-4.83281170607504));
#4703=CARTESIAN_POINT('Ctrl Pts',(-4.89350338110012,11.7415857127519,-4.00429865241309));
#4704=CARTESIAN_POINT('Ctrl Pts',(-5.29717033440862,11.5135079114932,-3.23689279972055));
#4705=CARTESIAN_POINT('Ctrl Pts',(-5.55208304640305,11.3694784575385,-2.75228164810927));
#4706=CARTESIAN_POINT('Ctrl Pts',(-5.84071274376075,11.206327303157,-2.28969988023497));
#4707=CARTESIAN_POINT('Ctrl Pts',(-6.15448177179316,11.01921137945,-1.86487521518256));
#4708=CARTESIAN_POINT('Ctrl Pts',(-6.31136628580936,10.9256534175965,-1.65246288265635));
#4709=CARTESIAN_POINT('Ctrl Pts',(-6.47453563249435,10.8261042634117,-1.4494898258356));
#4710=CARTESIAN_POINT('Ctrl Pts',(-6.64332106077392,10.7201507348665,-1.26044558035936));
#4711=CARTESIAN_POINT('Ctrl Pts',(-6.8121064890535,10.6141972063213,-1.07140133488312));
#4712=CARTESIAN_POINT('Ctrl Pts',(-6.98650799892774,10.5018393034156,-0.896285900751484));
#4713=CARTESIAN_POINT('Ctrl Pts',(-7.16533996445324,10.3833408509417,-0.743629860775418));
#4714=CARTESIAN_POINT('Ctrl Pts',(-7.25475594721599,10.3240916247048,-0.667301840787386));
#4715=CARTESIAN_POINT('Ctrl Pts',(-7.34527954389155,10.2633072610759,-0.596588669338249));
#4716=CARTESIAN_POINT('Ctrl Pts',(-7.43656875074749,10.2012980267501,-0.533611889412443));
#4717=CARTESIAN_POINT('Ctrl Pts',(-7.48221335417546,10.1702934095872,-0.502123499449541));
#4718=CARTESIAN_POINT('Ctrl Pts',(-7.52804936014851,10.1389825747501,-0.472569207367475));
#4719=CARTESIAN_POINT('Ctrl Pts',(-7.57395182648299,10.1075095747508,-0.445245778575843));
#4720=CARTESIAN_POINT('Ctrl Pts',(-7.61985429281747,10.0760365747516,-0.417922349784211));
#4721=CARTESIAN_POINT('Ctrl Pts',(-7.6658232195134,10.0444014095902,-0.392829784283005));
#4722=CARTESIAN_POINT('Ctrl Pts',(-7.71186456620831,10.0125773013776,-0.370360852747347));
#4723=CARTESIAN_POINT('Ctrl Pts',(-7.89602995298797,9.88528086852721,-0.280485126604715));
#4724=CARTESIAN_POINT('Ctrl Pts',(-8.08135405975036,9.75496134685689,-0.232587543912777));
#4725=CARTESIAN_POINT('Ctrl Pts',(-8.25305480393732,9.64051500816622,-0.253548042682499));
#4726=CARTESIAN_POINT('Ctrl Pts',(-8.3389051760308,9.58329183882089,-0.26402829206736));
#4727=CARTESIAN_POINT('Ctrl Pts',(-8.42134970748037,9.53003696522066,-0.291723061817184));
#4728=CARTESIAN_POINT('Ctrl Pts',(-8.49800698311357,9.48378628087114,-0.336424048616815));
#4729=CARTESIAN_POINT('Ctrl Pts',(-8.57466425874678,9.43753559652162,-0.381125035416446));
#4730=CARTESIAN_POINT('Ctrl Pts',(-8.64553427856379,9.39828910142277,-0.442832239265659));
#4731=CARTESIAN_POINT('Ctrl Pts',(-8.71006376250609,9.36652741891985,-0.517682442226539));
#4732=CARTESIAN_POINT('Ctrl Pts',(-8.72619613349167,9.35858699829412,-0.536394992966759));
#4733=CARTESIAN_POINT('Ctrl Pts',(-8.74193222098508,9.35111437845563,-0.555928981151474));
#4734=CARTESIAN_POINT('Ctrl Pts',(-8.75728149408876,9.34409360595449,-0.576206886310424));
#4735=CARTESIAN_POINT('Ctrl Pts',(-8.77263076719244,9.33707283345336,-0.596484791469375));
#4736=CARTESIAN_POINT('Ctrl Pts',(-8.78759322590639,9.33050390828959,-0.617506613602562));
#4737=CARTESIAN_POINT('Ctrl Pts',(-8.80217936055757,9.32436937545658,-0.639201197750141));
#4738=CARTESIAN_POINT('Ctrl Pts',(-8.83135162985994,9.31210030979054,-0.6825903660453));
#4739=CARTESIAN_POINT('Ctrl Pts',(-8.85901860291126,9.30156881344752,-0.72867058239802));
#4740=CARTESIAN_POINT('Ctrl Pts',(-8.88526846419751,9.29262370382781,-0.776929199449784));
#4741=CARTESIAN_POINT('Ctrl Pts',(-8.93776818677,9.27473348458837,-0.873446433553309));
#4742=CARTESIAN_POINT('Ctrl Pts',(-8.98459946228232,9.2631888122421,-0.978677270452973));
#4743=CARTESIAN_POINT('Ctrl Pts',(-9.02681415608014,9.25629505684333,-1.0891277867879));
#4744=CARTESIAN_POINT('Ctrl Pts',(-9.11124354367579,9.24250754604579,-1.31002881945775));
#4745=CARTESIAN_POINT('Ctrl Pts',(-9.17720660441377,9.24732370303789,-1.55180856986913));
#4746=CARTESIAN_POINT('Ctrl Pts',(-9.22980286990217,9.26189216961468,-1.80242008796899));
#4747=CARTESIAN_POINT('Ctrl Pts',(-9.28239913539056,9.27646063619148,-2.05303160606885));
#4748=CARTESIAN_POINT('Ctrl Pts',(-9.3216286056287,9.30078141235333,-2.31247489185714));
#4749=CARTESIAN_POINT('Ctrl Pts',(-9.34937141492995,9.33126880209622,-2.5764257174527));
#4750=CARTESIAN_POINT('Ctrl Pts',(-9.4106028481983,9.39855782644475,-3.15899423775231));
#4751=CARTESIAN_POINT('Ctrl Pts',(-9.41622982866729,9.49297254490654,-3.76142985445735));
#4752=CARTESIAN_POINT('Ctrl Pts',(-9.37532033475728,9.60869620391774,-4.36315361691189));
#4753=CARTESIAN_POINT('Ctrl Pts',(-9.33441084084728,9.72441986292895,-4.96487737936642));
#4754=CARTESIAN_POINT('Ctrl Pts',(-9.24696487255866,9.86145246249074,-5.56588928756867));
#4755=CARTESIAN_POINT('Ctrl Pts',(-9.12040522626315,10.022528212978,-6.15347897808082));
#4756=CARTESIAN_POINT('Ctrl Pts',(-8.99384557996765,10.1836039634652,-6.74106866859297));
#4757=CARTESIAN_POINT('Ctrl Pts',(-8.82817225566585,10.3687228648779,-7.31523614141456));
#4758=CARTESIAN_POINT('Ctrl Pts',(-8.62683470888803,10.5792712231416,-7.86502028289655));
#4759=CARTESIAN_POINT('Ctrl Pts',(-8.42549716211021,10.7898195814052,-8.41480442437854));
#4760=CARTESIAN_POINT('Ctrl Pts',(-8.1884953928567,11.0257973965195,-8.9402052345209));
#4761=CARTESIAN_POINT('Ctrl Pts',(-7.90777029120292,11.2851511732775,-9.41675059647942));
#4762=CARTESIAN_POINT('Ctrl Pts',(-7.76740774037603,11.4148280616566,-9.65502327745869));
#4763=CARTESIAN_POINT('Ctrl Pts',(-7.61611435644905,11.5503489404466,-9.88108209639199));
#4764=CARTESIAN_POINT('Ctrl Pts',(-7.45086228500539,11.6900839734918,-10.0867179793619));
#4765=CARTESIAN_POINT('Ctrl Pts',(-7.3609433610527,11.766118262806,-10.1986110234925));
#4766=CARTESIAN_POINT('Ctrl Pts',(-7.26689155550488,11.8434002769181,-10.3044572544065));
#4767=CARTESIAN_POINT('Ctrl Pts',(-7.16830465533507,11.9211519493395,-10.4015956788187));
#4768=CARTESIAN_POINT('Ctrl Pts',(-7.16830465533507,11.9211519493395,-10.4015956788187));
#4769=CARTESIAN_POINT('Ctrl Pts',(-7.08570956643925,11.9862914987565,-10.4829772491466));
#4770=CARTESIAN_POINT('Ctrl Pts',(-6.99993133291879,12.0517606973899,-10.5582468835193));
#4771=CARTESIAN_POINT('Ctrl Pts',(-6.91073343843283,12.1171020129442,-10.6258398180523));
#4772=CARTESIAN_POINT('Ctrl Pts',(-7.34785180918114,12.207677398579,-11.2497834524616));
#4773=CARTESIAN_POINT('Ctrl Pts',(-7.61908102649848,12.04210593558,-11.0951779931799));
#4774=CARTESIAN_POINT('Ctrl Pts',(-8.10915699089557,11.7229420461413,-10.7078545159685));
#4775=CARTESIAN_POINT('Ctrl Pts',(-8.92734173659297,11.1524433657622,-9.76004451968131));
#4776=CARTESIAN_POINT('Ctrl Pts',(-9.72652601135302,10.5739278358775,-8.37426800792884));
#4777=CARTESIAN_POINT('Ctrl Pts',(-10.430995218823,10.0920486875933,-6.53415194321637));
#4778=CARTESIAN_POINT('Ctrl Pts',(-10.8805856163533,9.83196999821824,-4.57157556106159));
#4779=CARTESIAN_POINT('Ctrl Pts',(-10.9682938699688,9.83586237678703,-3.21356157921845));
#4780=CARTESIAN_POINT('Ctrl Pts',(-10.906962902686,9.93253367256282,-2.23585762352678));
#4781=CARTESIAN_POINT('Ctrl Pts',(-10.8319684066102,10.0201485573195,-1.62973499328537));
#4782=CARTESIAN_POINT('Ctrl Pts',(-10.6122174584796,10.2170898008006,-0.908907529632921));
#4783=CARTESIAN_POINT('Ctrl Pts',(-10.3628061459518,10.4160538951888,-0.464410776872022));
#4784=CARTESIAN_POINT('Ctrl Pts',(-10.2105973267487,10.5320198695541,-0.26852322152213));
#4785=CARTESIAN_POINT('Ctrl Pts',(-10.1156798549693,10.6028483153448,-0.165969469318321));
#4786=CARTESIAN_POINT('Ctrl Pts',(-9.96540437713074,10.7135114797573,-0.0225403715450884));
#4787=CARTESIAN_POINT('Ctrl Pts',(-9.71070809865339,10.8953974602458,0.149471326188632));
#4788=CARTESIAN_POINT('Ctrl Pts',(-9.1962166030384,11.2451612627961,0.29730035979444));
#4789=CARTESIAN_POINT('Ctrl Pts',(-8.72185116333924,11.5463237367652,0.221113370347309));
#4790=CARTESIAN_POINT('Ctrl Pts',(-8.33770782969003,11.7786870317802,0.0707142615088272));
#4791=CARTESIAN_POINT('Ctrl Pts',(-8.08604176003635,11.9280761748286,-0.0488133986060944));
#4792=CARTESIAN_POINT('Ctrl Pts',(-7.66020211262736,12.1736159059134,-0.301244253688435));
#4793=CARTESIAN_POINT('Ctrl Pts',(-7.0903037242296,12.4839050563722,-0.750004248061002));
#4794=CARTESIAN_POINT('Ctrl Pts',(-6.24739843755443,12.9091068831408,-1.58363429185759));
#4795=CARTESIAN_POINT('Ctrl Pts',(-5.68194317735862,13.1589295543177,-2.29882694411652));
#4796=CARTESIAN_POINT('Ctrl Pts',(-4.78805728262601,13.5204848804533,-3.60247300951764));
#4797=CARTESIAN_POINT('Ctrl Pts',(-4.02538435817668,13.7620433596297,-4.99751282614662));
#4798=CARTESIAN_POINT('Ctrl Pts',(-3.58961569812905,13.8660218330205,-6.92304831574743));
#4799=CARTESIAN_POINT('Ctrl Pts',(-3.59020214902103,13.8592001603415,-8.3026621092229));
#4800=CARTESIAN_POINT('Ctrl Pts',(-3.78163528071434,13.7964942058274,-9.27729719755517));
#4801=CARTESIAN_POINT('Ctrl Pts',(-4.07162312216296,13.6973300752391,-10.015498755271));
#4802=CARTESIAN_POINT('Ctrl Pts',(-4.46059718576966,13.5594945254189,-10.6966430749833));
#4803=CARTESIAN_POINT('Ctrl Pts',(-5.02301351040318,13.3591781629423,-11.2512459797514));
#4804=CARTESIAN_POINT('Ctrl Pts',(-5.74700706530287,13.0595099918539,-11.547848829527));
#4805=CARTESIAN_POINT('Ctrl Pts',(-6.3189119507705,12.7882145128031,-11.5988301624882));
#4806=CARTESIAN_POINT('Ctrl Pts',(-6.86354817476577,12.4965497635117,-11.4894722761013));
#4807=CARTESIAN_POINT('Ctrl Pts',(-7.19217132540724,12.3027123130097,-11.3385240864283));
#4808=CARTESIAN_POINT('Ctrl Pts',(-7.34785180918113,12.207677398579,-11.2497834524616));
#4809=CARTESIAN_POINT('Ctrl Pts',(-7.56768008361696,12.9192002090424,-11.649000261303));
#4810=CARTESIAN_POINT('Ctrl Pts',(-7.35822382572519,12.395559564313,-10.9944494553912));
#4811=CARTESIAN_POINT('Ctrl Pts',(-7.00913006257223,11.5228251564306,-9.9035314455382));
#4812=CARTESIAN_POINT('Ctrl Pts',(-6.52039879415808,10.3009969853952,-8.376246231744));
#4813=CARTESIAN_POINT('Ctrl Pts',(-6.03166752574393,9.07916881435984,-6.8489610179498));
#4814=CARTESIAN_POINT('Ctrl Pts',(-5.54293625732979,7.85734064332447,-5.32167580415559));
#4815=CARTESIAN_POINT('Ctrl Pts',(-5.12402374154624,6.81005935386559,-4.01257419233199));
#4816=CARTESIAN_POINT('Ctrl Pts',(-4.84474873102387,6.11187182755967,-3.13983978444958));
#4817=CARTESIAN_POINT('Ctrl Pts',(-4.70511122576268,5.7627780644067,-2.70347258050838));
#4818=CARTESIAN_POINT('Ctrl Pts',(-4.63529247313209,5.58823118283022,-2.48528897853778));
#4819=CARTESIAN_POINT('Ctrl Pts',(-8.0245633976614,12.9192002090424,-11.649000261303));
#4820=CARTESIAN_POINT('Ctrl Pts',(-7.81906331854445,12.395559564313,-10.9945120435745));
#4821=CARTESIAN_POINT('Ctrl Pts',(-7.47641786192549,11.5228251564306,-9.90346723563641));
#4822=CARTESIAN_POINT('Ctrl Pts',(-6.99686907587502,10.3009969853952,-8.37625076947034));
#4823=CARTESIAN_POINT('Ctrl Pts',(-6.51727394492337,9.07916881435984,-6.84896060044596));
#4824=CARTESIAN_POINT('Ctrl Pts',(-6.03766135723572,7.85734064332447,-5.32164266976265));
#4825=CARTESIAN_POINT('Ctrl Pts',(-5.62657624052053,6.81005935386559,-4.01253112380259));
#4826=CARTESIAN_POINT('Ctrl Pts',(-5.3525479694526,6.11187182755967,-3.13983537476991));
#4827=CARTESIAN_POINT('Ctrl Pts',(-5.2155113336356,5.7627780644067,-2.70345171778063));
#4828=CARTESIAN_POINT('Ctrl Pts',(-5.14701130726329,5.58823118283022,-2.48528897853778));
#4829=CARTESIAN_POINT('Ctrl Pts',(-8.93181981680703,12.9192002090424,-11.424208961012));
#4830=CARTESIAN_POINT('Ctrl Pts',(-8.73404425449605,12.395559564313,-10.760648006837));
#4831=CARTESIAN_POINT('Ctrl Pts',(-8.4044698713308,11.5228251564306,-9.65475545043794));
#4832=CARTESIAN_POINT('Ctrl Pts',(-7.94301080065495,10.3009969853952,-8.1064607263759));
#4833=CARTESIAN_POINT('Ctrl Pts',(-7.48156817085257,9.07916881435984,-6.55817951346595));
#4834=CARTESIAN_POINT('Ctrl Pts',(-7.02013173383474,7.85734064332447,-5.00990338980227));
#4835=CARTESIAN_POINT('Ctrl Pts',(-6.62461074827029,6.81005935386559,-3.68280624980722));
#4836=CARTESIAN_POINT('Ctrl Pts',(-6.36091999027337,6.11187182755967,-2.79806652215393));
#4837=CARTESIAN_POINT('Ctrl Pts',(-6.22908259325993,5.76277806440671,-2.35570321794309));
#4838=CARTESIAN_POINT('Ctrl Pts',(-6.16315740582293,5.58823118283023,-2.13451623321809));
#4839=CARTESIAN_POINT('Ctrl Pts',(-10.4138419249339,12.9192002090424,-10.1772528697539));
#4840=CARTESIAN_POINT('Ctrl Pts',(-10.2288111256845,12.395559564313,-9.46380950743632));
#4841=CARTESIAN_POINT('Ctrl Pts',(-9.92033212016379,11.5228251564306,-8.27465113468701));
#4842=CARTESIAN_POINT('Ctrl Pts',(-9.48856203810525,10.3009969853952,-6.60992116049284));
#4843=CARTESIAN_POINT('Ctrl Pts',(-9.05676187044451,9.07916881435983,-4.94516372780536));
#4844=CARTESIAN_POINT('Ctrl Pts',(-8.62495037043862,7.85734064332447,-3.28039595232597));
#4845=CARTESIAN_POINT('Ctrl Pts',(-8.2548336196575,6.81005935386559,-1.85345889136838));
#4846=CARTESIAN_POINT('Ctrl Pts',(-8.00810760314752,6.11187182755966,-0.902184387362634));
#4847=CARTESIAN_POINT('Ctrl Pts',(-7.88472998844074,5.7627780644067,-0.426533804359901));
#4848=CARTESIAN_POINT('Ctrl Pts',(-7.8230530553576,5.58823118283022,-0.188719350254047));
#4849=CARTESIAN_POINT('Ctrl Pts',(-10.8619586563382,12.9192002090424,-8.08104989151781));
#4850=CARTESIAN_POINT('Ctrl Pts',(-10.680731905775,12.395559564313,-7.28366825883799));
#4851=CARTESIAN_POINT('Ctrl Pts',(-10.3787318924352,11.5228251564306,-5.9547038441203));
#4852=CARTESIAN_POINT('Ctrl Pts',(-9.95588438046015,10.3009969853952,-4.09414836436515));
#4853=CARTESIAN_POINT('Ctrl Pts',(-9.53305108241181,9.07916881435984,-2.23359447055447));
#4854=CARTESIAN_POINT('Ctrl Pts',(-9.1102231383239,7.85734064332447,-0.37304117412156));
#4855=CARTESIAN_POINT('Ctrl Pts',(-8.74779569386378,6.81005935386559,1.22171918391862));
#4856=CARTESIAN_POINT('Ctrl Pts',(-8.50616866479599,6.11187182755967,2.28489373031894));
#4857=CARTESIAN_POINT('Ctrl Pts',(-8.38536205107246,5.76277806440671,2.81648023354877));
#4858=CARTESIAN_POINT('Ctrl Pts',(-8.32495313421805,5.58823118283023,3.08227411110871));
#4859=CARTESIAN_POINT('Ctrl Pts',(-10.0342218469262,12.9192002090424,-6.26974931600303));
#4860=CARTESIAN_POINT('Ctrl Pts',(-9.84590713559825,12.395559564313,-5.39983024598808));
#4861=CARTESIAN_POINT('Ctrl Pts',(-9.53206372863767,11.5228251564306,-3.95007655219546));
#4862=CARTESIAN_POINT('Ctrl Pts',(-9.0926675665133,10.3009969853952,-1.9203026523597));
#4863=CARTESIAN_POINT('Ctrl Pts',(-8.65327601106309,9.07916881435983,0.109435714072566));
#4864=CARTESIAN_POINT('Ctrl Pts',(-8.21388619080904,7.85734064332447,2.13916069613615));
#4865=CARTESIAN_POINT('Ctrl Pts',(-7.83726521300972,6.81005935386559,3.87893369709101));
#4866=CARTESIAN_POINT('Ctrl Pts',(-7.5861817308922,6.11187182755966,5.0388041954285));
#4867=CARTESIAN_POINT('Ctrl Pts',(-7.4606422263572,5.7627780644067,5.61872219325751));
#4868=CARTESIAN_POINT('Ctrl Pts',(-7.39787065591456,5.58823118283022,5.90869521659583));
#4869=CARTESIAN_POINT('Ctrl Pts',(-8.94057295438617,12.9192002090424,-5.33215546518233));
#4870=CARTESIAN_POINT('Ctrl Pts',(-8.74288210528238,12.395559564313,-4.42477006952439));
#4871=CARTESIAN_POINT('Ctrl Pts',(-8.41341319144879,11.5228251564306,-2.91232613287607));
#4872=CARTESIAN_POINT('Ctrl Pts',(-7.95213983918247,10.3009969853952,-0.795048413273088));
#4873=CARTESIAN_POINT('Ctrl Pts',(-7.49087153668437,9.07916881435983,1.32227234071117));
#4874=CARTESIAN_POINT('Ctrl Pts',(-7.02960513628271,7.85734064332447,3.43960930445776));
#4875=CARTESIAN_POINT('Ctrl Pts',(-6.63423269520221,6.81005935386559,5.25445898548069));
#4876=CARTESIAN_POINT('Ctrl Pts',(-6.3706479653355,6.11187182755967,6.4643323333397));
#4877=CARTESIAN_POINT('Ctrl Pts',(-6.23885805204648,5.7627780644067,7.06928990030672));
#4878=CARTESIAN_POINT('Ctrl Pts',(-6.17296110234522,5.58823118283022,7.37175169885937));
#4879=CARTESIAN_POINT('Ctrl Pts',(-7.56751153809381,12.9192002090424,-4.99622898459591));
#4880=CARTESIAN_POINT('Ctrl Pts',(-7.35804565050918,12.395559564313,-4.07530855510791));
#4881=CARTESIAN_POINT('Ctrl Pts',(-7.00896606075184,11.5228251564306,-2.5406292555596));
#4882=CARTESIAN_POINT('Ctrl Pts',(-6.52022243059438,10.3009969853952,-0.391877821290994));
#4883=CARTESIAN_POINT('Ctrl Pts',(-6.0314884386884,9.07916881435984,1.75681363224867));
#4884=CARTESIAN_POINT('Ctrl Pts',(-5.54275807722304,7.85734064332447,3.90548249284446));
#4885=CARTESIAN_POINT('Ctrl Pts',(-5.1238439706902,6.81005935386559,5.74721339643143));
#4886=CARTESIAN_POINT('Ctrl Pts',(-4.84456197811343,6.11187182755966,6.97507084981985));
#4887=CARTESIAN_POINT('Ctrl Pts',(-4.70492566116153,5.7627780644067,7.58897045608562));
#4888=CARTESIAN_POINT('Ctrl Pts',(-4.63510369863332,5.58823118283022,7.89594393258162));
#4889=CARTESIAN_POINT('Ctrl Pts',(-6.50321058411272,12.9192002090424,-5.25832256726193));
#4890=CARTESIAN_POINT('Ctrl Pts',(-6.28462056722908,12.395559564313,-4.34801841699303));
#4891=CARTESIAN_POINT('Ctrl Pts',(-5.92033396697809,11.5228251564306,-2.83057375175988));
#4892=CARTESIAN_POINT('Ctrl Pts',(-5.41030065887222,10.3009969853952,-0.706440075789985));
#4893=CARTESIAN_POINT('Ctrl Pts',(-4.9002769480931,9.07916881435983,1.41778004961435));
#4894=CARTESIAN_POINT('Ctrl Pts',(-4.39025685233947,7.85734064332447,3.54203273793105));
#4895=CARTESIAN_POINT('Ctrl Pts',(-3.95309441218625,6.81005935386559,5.36279951572251));
#4896=CARTESIAN_POINT('Ctrl Pts',(-3.66164688900593,6.11187182755966,6.5765909213935));
#4897=CARTESIAN_POINT('Ctrl Pts',(-3.51592778688343,5.7627780644067,7.18352859511887));
#4898=CARTESIAN_POINT('Ctrl Pts',(-3.44306444792222,5.58823118283022,7.48696331187517));
#4899=CARTESIAN_POINT('Ctrl Pts',(-5.31099782473823,12.9192002090424,-5.98984549322581));
#4900=CARTESIAN_POINT('Ctrl Pts',(-5.0821975579396,12.395559564313,-5.10871346411079));
#4901=CARTESIAN_POINT('Ctrl Pts',(-4.70085513394662,11.5228251564306,-3.64030127398457));
#4902=CARTESIAN_POINT('Ctrl Pts',(-4.16698495324073,10.3009969853952,-1.58437375860569));
#4903=CARTESIAN_POINT('Ctrl Pts',(-3.6331120152772,9.07916881435984,0.471508729917554));
#4904=CARTESIAN_POINT('Ctrl Pts',(-3.09923803873732,7.85734064332447,2.52737425817305));
#4905=CARTESIAN_POINT('Ctrl Pts',(-2.64163245059436,6.81005935386559,4.28955577413466));
#4906=CARTESIAN_POINT('Ctrl Pts',(-2.3365637525047,6.11187182755966,5.46437111506963));
#4907=CARTESIAN_POINT('Ctrl Pts',(-2.18402806482119,5.7627780644067,6.05175692516045));
#4908=CARTESIAN_POINT('Ctrl Pts',(-2.10776130922164,5.58823118283022,6.34546760153212));
#4909=CARTESIAN_POINT('Ctrl Pts',(-4.20309592151848,12.9192002090424,-7.72617010944229));
#4910=CARTESIAN_POINT('Ctrl Pts',(-3.96478137182862,12.395559564313,-6.91460608152363));
#4911=CARTESIAN_POINT('Ctrl Pts',(-3.56764211504211,11.5228251564306,-5.56191615257327));
#4912=CARTESIAN_POINT('Ctrl Pts',(-3.01159210904594,10.3009969853952,-3.66823892397416));
#4913=CARTESIAN_POINT('Ctrl Pts',(-2.4555585775179,9.07916881435983,-1.77453515739281));
#4914=CARTESIAN_POINT('Ctrl Pts',(-1.89953125142852,7.85734064332447,0.119178605251502));
#4915=CARTESIAN_POINT('Ctrl Pts',(-1.42293235269132,6.81005935386559,1.74235530995009));
#4916=CARTESIAN_POINT('Ctrl Pts',(-1.10518963193934,6.11187182755966,2.82445680866065));
#4917=CARTESIAN_POINT('Ctrl Pts',(-0.946326269858445,5.7627780644067,3.36552044211097));
#4918=CARTESIAN_POINT('Ctrl Pts',(-0.866888086628492,5.58823118283022,3.63604178475052));
#4919=CARTESIAN_POINT('Ctrl Pts',(-4.71992134539572,12.9192002090424,-10.1796851403748));
#4920=CARTESIAN_POINT('Ctrl Pts',(-4.48603312320755,12.395559564313,-9.46636015621401));
#4921=CARTESIAN_POINT('Ctrl Pts',(-4.0962872306702,11.5228251564306,-8.27732149436653));
#4922=CARTESIAN_POINT('Ctrl Pts',(-3.55057072386048,10.3009969853952,-6.61284178851742));
#4923=CARTESIAN_POINT('Ctrl Pts',(-3.00487584240372,9.07916881435984,-4.94830988154494));
#4924=CARTESIAN_POINT('Ctrl Pts',(-2.45918910656963,7.85734064332447,-3.28375831197298));
#4925=CARTESIAN_POINT('Ctrl Pts',(-1.99145230532768,6.81005935386559,-1.85701264966878));
#4926=CARTESIAN_POINT('Ctrl Pts',(-1.67961448496874,6.11187182755967,-0.905880946157565));
#4927=CARTESIAN_POINT('Ctrl Pts',(-1.52370607382045,5.7627780644067,-0.430289750944086));
#4928=CARTESIAN_POINT('Ctrl Pts',(-1.44574333309106,5.58823118283022,-0.192514756223807));
#4929=CARTESIAN_POINT('Ctrl Pts',(-6.20132687110974,12.9192002090424,-11.4238120821276));
#4930=CARTESIAN_POINT('Ctrl Pts',(-5.98018391187038,12.395559564313,-10.7601952814692));
#4931=CARTESIAN_POINT('Ctrl Pts',(-5.61151286561761,11.5228251564306,-9.65435719904501));
#4932=CARTESIAN_POINT('Ctrl Pts',(-5.0954793688258,10.3009969853952,-8.10598151264538));
#4933=CARTESIAN_POINT('Ctrl Pts',(-4.5794141576476,9.07916881435984,-6.55766639240317));
#4934=CARTESIAN_POINT('Ctrl Pts',(-4.06333700061004,7.85734064332447,-5.00937408561819));
#4935=CARTESIAN_POINT('Ctrl Pts',(-3.62099294399668,6.81005935386559,-3.68225151288548));
#4936=CARTESIAN_POINT('Ctrl Pts',(-3.32611639095864,6.11187182755967,-2.79746592039067));
#4937=CARTESIAN_POINT('Ctrl Pts',(-3.17866271721896,5.7627780644067,-2.35510252879512));
#4938=CARTESIAN_POINT('Ctrl Pts',(-3.1049483974725,5.58823118283022,-2.13389692857567));
#4939=CARTESIAN_POINT('Ctrl Pts',(-7.11079676957253,12.9192002090424,-11.649000261303));
#4940=CARTESIAN_POINT('Ctrl Pts',(-6.89738359757607,12.395559564313,-10.9945553264058));
#4941=CARTESIAN_POINT('Ctrl Pts',(-6.5418430176019,11.5228251564306,-9.90342283130632));
#4942=CARTESIAN_POINT('Ctrl Pts',(-6.04392845912875,10.3009969853952,-8.37625390753304));
#4943=CARTESIAN_POINT('Ctrl Pts',(-5.54606111146962,9.07916881435984,-6.84896031172137));
#4944=CARTESIAN_POINT('Ctrl Pts',(-5.04821154670993,7.85734064332447,-5.3216197556874));
#4945=CARTESIAN_POINT('Ctrl Pts',(-4.62147174857121,6.81005935386559,-4.01250133977952));
#4946=CARTESIAN_POINT('Ctrl Pts',(-4.33694954440314,6.11187182755967,-3.13983232525782));
#4947=CARTESIAN_POINT('Ctrl Pts',(-4.19471136299971,5.7627780644067,-2.70343729017019));
#4948=CARTESIAN_POINT('Ctrl Pts',(-4.12357363900089,5.58823118283022,-2.48528897853778));
#4949=CARTESIAN_POINT('Ctrl Pts',(-7.56768008361696,12.9192002090424,-11.649000261303));
#4950=CARTESIAN_POINT('Ctrl Pts',(-7.35822382572519,12.395559564313,-10.9944494553912));
#4951=CARTESIAN_POINT('Ctrl Pts',(-7.00913006257223,11.5228251564306,-9.9035314455382));
#4952=CARTESIAN_POINT('Ctrl Pts',(-6.52039879415808,10.3009969853952,-8.376246231744));
#4953=CARTESIAN_POINT('Ctrl Pts',(-6.03166752574393,9.07916881435984,-6.8489610179498));
#4954=CARTESIAN_POINT('Ctrl Pts',(-5.54293625732979,7.85734064332447,-5.32167580415559));
#4955=CARTESIAN_POINT('Ctrl Pts',(-5.12402374154624,6.81005935386559,-4.01257419233199));
#4956=CARTESIAN_POINT('Ctrl Pts',(-4.84474873102387,6.11187182755967,-3.13983978444958));
#4957=CARTESIAN_POINT('Ctrl Pts',(-4.70511122576268,5.7627780644067,-2.70347258050838));
#4958=CARTESIAN_POINT('Ctrl Pts',(-4.63529247313209,5.58823118283022,-2.48528897853778));
#4959=CARTESIAN_POINT('',(-5.16731738991808,6.9182934751932,-4.14786684403073));
#4960=CARTESIAN_POINT('',(-8.,14.,-13.));
#4961=CARTESIAN_POINT('',(-2.96129391573677,6.67752856218498,4.74782366250812));
#4962=CARTESIAN_POINT('Ctrl Pts',(-2.96129391573681,6.67752856218497,4.74782366250818));
#4963=CARTESIAN_POINT('Ctrl Pts',(-2.59930798945415,6.72373238484996,4.22868465248274));
#4964=CARTESIAN_POINT('Ctrl Pts',(-2.02526271612925,6.77349578053695,3.07244474325833));
#4965=CARTESIAN_POINT('Ctrl Pts',(-1.59938864222309,6.82920876187799,0.540408203174064));
#4966=CARTESIAN_POINT('Ctrl Pts',(-2.01694674316712,7.00910400893782,-1.36697474511287));
#4967=CARTESIAN_POINT('Ctrl Pts',(-2.76530337103248,7.17900425516066,-2.91763441941452));
#4968=CARTESIAN_POINT('Ctrl Pts',(-3.03900161646972,7.21914148506111,-3.34662526105275));
#4969=CARTESIAN_POINT('Ctrl Pts',(-3.64131176944277,7.22317404514599,-3.94146866004082));
#4970=CARTESIAN_POINT('Ctrl Pts',(-4.22397651840416,7.17423055492231,-4.31808592235558));
#4971=CARTESIAN_POINT('Ctrl Pts',(-4.87968639188673,7.00493207688092,-4.25423268843865));
#4972=CARTESIAN_POINT('Ctrl Pts',(-5.16735322217053,6.91821649585922,-4.1480372128829));
#4973=CARTESIAN_POINT('',(-7.72615959042364,5.5883540137756,4.80350350800981));
#4974=CARTESIAN_POINT('Ctrl Pts',(-7.72615959042364,5.5883540137756,4.80350350800981));
#4975=CARTESIAN_POINT('Ctrl Pts',(-7.61449595132551,5.5889153749814,5.15459770105612));
#4976=CARTESIAN_POINT('Ctrl Pts',(-7.3366930340215,5.60840576591726,5.82086614465379));
#4977=CARTESIAN_POINT('Ctrl Pts',(-6.67513762279849,5.77251610229309,6.58248068493139));
#4978=CARTESIAN_POINT('Ctrl Pts',(-5.73730236334208,6.07286433492342,6.7931799544922));
#4979=CARTESIAN_POINT('Ctrl Pts',(-4.74429446227236,6.35102944848359,6.45529117755304));
#4980=CARTESIAN_POINT('Ctrl Pts',(-4.14109543397983,6.48187611351517,6.02174779426909));
#4981=CARTESIAN_POINT('Ctrl Pts',(-3.52667181942173,6.59849981194718,5.47111587992517));
#4982=CARTESIAN_POINT('Ctrl Pts',(-3.2241366735802,6.64397935684187,5.12477734825071));
#4983=CARTESIAN_POINT('Ctrl Pts',(-2.96129391573677,6.67752856218498,4.74782366250812));
#4984=CARTESIAN_POINT('Ctrl Pts',(-5.16735322217053,6.91821649585922,-4.1480372128829));
#4985=CARTESIAN_POINT('Ctrl Pts',(-5.20944979469678,6.90552671601205,-4.13249678531856));
#4986=CARTESIAN_POINT('Ctrl Pts',(-5.49624310428265,6.81712896844712,-4.01439939099461));
#4987=CARTESIAN_POINT('Ctrl Pts',(-6.13563819312544,6.59016528307739,-3.54739766240822));
#4988=CARTESIAN_POINT('Ctrl Pts',(-6.61226505830607,6.39817851825078,-2.90598509108903));
#4989=CARTESIAN_POINT('Ctrl Pts',(-7.48177415891622,6.03845309084342,-1.40568394441007));
#4990=CARTESIAN_POINT('Ctrl Pts',(-8.05600885149187,5.79441105024664,0.472334859562453));
#4991=CARTESIAN_POINT('Ctrl Pts',(-8.12387089176273,5.63457869998093,3.01143258299107));
#4992=CARTESIAN_POINT('Ctrl Pts',(-7.90666265216131,5.58744657947248,4.23596355217865));
#4993=CARTESIAN_POINT('Ctrl Pts',(-7.72615959041115,5.58835401377566,4.80350350804909));
#4994=CARTESIAN_POINT('Ctrl Pts',(-1.86727080608964,-13.988610729807,0.832577924116718));
#4995=CARTESIAN_POINT('Ctrl Pts',(-1.87129439216609,-14.0852680028262,0.626063772113922));
#4996=CARTESIAN_POINT('Ctrl Pts',(-1.87632245151132,-14.1669783079989,0.41538585407838));
#4997=CARTESIAN_POINT('Ctrl Pts',(-1.88804360371511,-14.3043997469136,-0.0114531794785342));
#4998=CARTESIAN_POINT('Ctrl Pts',(-1.89473669657366,-14.3601108806556,-0.227614294999906));
#4999=CARTESIAN_POINT('Ctrl Pts',(-1.91679765588288,-14.4940876711288,-0.880055935923272));
#5000=CARTESIAN_POINT('Ctrl Pts',(-1.96884629743563,-14.6294148090641,-2.20077239520701));
#5001=CARTESIAN_POINT('Ctrl Pts',(-2.2932337034927,-14.0039291880365,-8.67247249236124));
#5002=CARTESIAN_POINT('Ctrl Pts',(-2.28953961264658,-13.8831209044098,-8.89196827026943));
#5003=CARTESIAN_POINT('Ctrl Pts',(-2.05269045992783,-14.4723934940522,-14.927162361199));
#5004=CARTESIAN_POINT('Ctrl Pts',(-1.93426588356845,-14.7670297888734,-17.9447594066637));
#5005=CARTESIAN_POINT('Ctrl Pts',(-1.82154908456083,-15.0474653288996,-20.8169155934629));
#5006=CARTESIAN_POINT('Ctrl Pts',(-1.7088322855532,-15.3279008689258,-23.689071780262));
#5007=CARTESIAN_POINT('Ctrl Pts',(-1.59611548654558,-15.608336408952,-26.5612279670611));
#5008=CARTESIAN_POINT('Ctrl Pts',(-1.96976564477097,-14.0520165024098,0.842571621756513));
#5009=CARTESIAN_POINT('Ctrl Pts',(-3.94168354888053,-14.0586319901878,0.557134981426659));
#5010=CARTESIAN_POINT('Ctrl Pts',(-3.8441974619115,-14.1369816497016,0.241269027394635));
#5011=CARTESIAN_POINT('Ctrl Pts',(-3.76210222808838,-14.2098924134675,-0.0783140733124789));
#5012=CARTESIAN_POINT('Ctrl Pts',(-3.60733308031099,-14.264788623197,-0.285449962975707));
#5013=CARTESIAN_POINT('Ctrl Pts',(-3.24794442994467,-14.3997906710471,-0.917511491509638));
#5014=CARTESIAN_POINT('Ctrl Pts',(-2.94884230107536,-14.551048441393,-2.22424998675447));
#5015=CARTESIAN_POINT('Ctrl Pts',(-2.9689774895829,-14.0049587908429,-8.68781329830961));
#5016=CARTESIAN_POINT('Ctrl Pts',(-2.87093499678091,-13.8007059413337,-8.93383154002624));
#5017=CARTESIAN_POINT('Ctrl Pts',(-2.45123925733663,-14.3766840119816,-14.9418939381609));
#5018=CARTESIAN_POINT('Ctrl Pts',(-2.24139138761449,-14.6646730473055,-17.9459251372282));
#5019=CARTESIAN_POINT('Ctrl Pts',(-2.04165767624474,-14.9387817096198,-20.8051693185235));
#5020=CARTESIAN_POINT('Ctrl Pts',(-1.841923964875,-15.2128903719341,-23.6644134998187));
#5021=CARTESIAN_POINT('Ctrl Pts',(-1.64219025350525,-15.4869990342484,-26.523657681114));
#5022=CARTESIAN_POINT('Ctrl Pts',(-3.96700898503675,-14.0443954313789,0.673968578152605));
#5023=CARTESIAN_POINT('Ctrl Pts',(-5.39929854942243,-14.0314838436121,0.367099172038851));
#5024=CARTESIAN_POINT('Ctrl Pts',(-5.5535867770644,-14.0739962579921,0.152087374887198));
#5025=CARTESIAN_POINT('Ctrl Pts',(-5.47284855525529,-14.1298229266582,-0.168038168936623));
#5026=CARTESIAN_POINT('Ctrl Pts',(-5.21105459924409,-14.1790915968297,-0.358527765478309));
#5027=CARTESIAN_POINT('Ctrl Pts',(-4.57909120400647,-14.3054936709655,-0.954967047096003));
#5028=CARTESIAN_POINT('Ctrl Pts',(-3.92883830471509,-14.4726820737219,-2.24772757830194));
#5029=CARTESIAN_POINT('Ctrl Pts',(-3.64472127567311,-14.0059883936493,-8.70315410425797));
#5030=CARTESIAN_POINT('Ctrl Pts',(-3.45233038091524,-13.7182909782577,-8.97569480978305));
#5031=CARTESIAN_POINT('Ctrl Pts',(-2.84978805474544,-14.2809745299109,-14.9566255151228));
#5032=CARTESIAN_POINT('Ctrl Pts',(-2.54851689166053,-14.5623163057376,-17.9470908677927));
#5033=CARTESIAN_POINT('Ctrl Pts',(-2.26176626792866,-14.83009809034,-20.7934230435841));
#5034=CARTESIAN_POINT('Ctrl Pts',(-1.97501564419679,-15.0978798749424,-23.6397552193755));
#5035=CARTESIAN_POINT('Ctrl Pts',(-1.68826502046492,-15.3656616595448,-26.4860873951668));
#5036=CARTESIAN_POINT('Ctrl Pts',(-7.20933229100903,-13.9959028684832,0.492341845704036));
#5037=CARTESIAN_POINT('Ctrl Pts',(-7.38232093230935,-13.9865074333552,0.239741779251408));
#5038=CARTESIAN_POINT('Ctrl Pts',(-7.70925472056169,-13.9898065491017,0.0512926444754083));
#5039=CARTESIAN_POINT('Ctrl Pts',(-7.85496484741388,-14.0001289473047,-0.261928394859712));
#5040=CARTESIAN_POINT('Ctrl Pts',(-7.65584243535813,-14.032230967814,-0.444811665432066));
#5041=CARTESIAN_POINT('Ctrl Pts',(-7.05717531157922,-14.1280309172734,-1.02235872588698));
#5042=CARTESIAN_POINT('Ctrl Pts',(-5.85464151357474,-14.3176063679171,-2.29304184174819));
#5043=CARTESIAN_POINT('Ctrl Pts',(-4.98782039529526,-14.0060363493361,-8.7335862475367));
#5044=CARTESIAN_POINT('Ctrl Pts',(-4.60725833249706,-13.5524027517105,-9.05930105860016));
#5045=CARTESIAN_POINT('Ctrl Pts',(-3.64211443757206,-14.0887933623827,-14.986039986805));
#5046=CARTESIAN_POINT('Ctrl Pts',(-3.15954249010956,-14.3569886677188,-17.9494094509074));
#5047=CARTESIAN_POINT('Ctrl Pts',(-2.70022934007741,-14.6122576098227,-20.7699516942415));
#5048=CARTESIAN_POINT('Ctrl Pts',(-2.24091619004526,-14.8675265519266,-23.5904939375756));
#5049=CARTESIAN_POINT('Ctrl Pts',(-1.78160304001312,-15.1227954940305,-26.4110361809096));
#5050=CARTESIAN_POINT('Ctrl Pts',(-8.45441225671552,-13.9550313766184,0.479318156859375));
#5051=CARTESIAN_POINT('Ctrl Pts',(-8.5958491723791,-13.9486779907098,0.22683464808747));
#5052=CARTESIAN_POINT('Ctrl Pts',(-8.6952564595497,-13.9342012223318,0.0825355102759517));
#5053=CARTESIAN_POINT('Ctrl Pts',(-8.8288628651163,-13.9417128992957,-0.271949029786102));
#5054=CARTESIAN_POINT('Ctrl Pts',(-8.90831167005405,-13.9526505786097,-0.448630132983868));
#5055=CARTESIAN_POINT('Ctrl Pts',(-8.20411264509019,-14.044865163663,-1.05229484909159));
#5056=CARTESIAN_POINT('Ctrl Pts',(-6.80044871879466,-14.2408970297835,-2.31487851364697));
#5057=CARTESIAN_POINT('Ctrl Pts',(-5.6551757288272,-14.0050547022166,-8.74867758486705));
#5058=CARTESIAN_POINT('Ctrl Pts',(-5.18079089994453,-13.4689294882394,-9.10104403766046));
#5059=CARTESIAN_POINT('Ctrl Pts',(-4.03589202298987,-13.9923216769252,-15.0007228815253));
#5060=CARTESIAN_POINT('Ctrl Pts',(-3.46344258451254,-14.254017771268,-17.9505623034577));
#5061=CARTESIAN_POINT('Ctrl Pts',(-2.91858382054224,-14.5031007485853,-20.7582266198383));
#5062=CARTESIAN_POINT('Ctrl Pts',(-2.37372505657194,-14.7521837259025,-23.565890936219));
#5063=CARTESIAN_POINT('Ctrl Pts',(-1.82886629260164,-15.0012667032198,-26.3735552525996));
#5064=CARTESIAN_POINT('Ctrl Pts',(-11.0614070919961,-13.7825412697732,0.673616122464261));
#5065=CARTESIAN_POINT('Ctrl Pts',(-11.143119783115,-13.7783309899327,0.407205056214905));
#5066=CARTESIAN_POINT('Ctrl Pts',(-11.2322837925905,-13.775265197292,0.168787194517729));
#5067=CARTESIAN_POINT('Ctrl Pts',(-11.3290346152412,-13.7785491948103,-0.27977919540641));
#5068=CARTESIAN_POINT('Ctrl Pts',(-11.3366214284163,-13.7848989849693,-0.489927723633371));
#5069=CARTESIAN_POINT('Ctrl Pts',(-11.0922963239706,-13.8287616422455,-1.11954492156014));
#5070=CARTESIAN_POINT('Ctrl Pts',(-9.53530393919499,-14.0157401039949,-2.37546577039725));
#5071=CARTESIAN_POINT('Ctrl Pts',(-7.63207637174823,-13.9960760110804,-8.79320319100406));
#5072=CARTESIAN_POINT('Ctrl Pts',(-6.87780015222643,-13.2153347966411,-9.22591210275188));
#5073=CARTESIAN_POINT('Ctrl Pts',(-5.20291114327034,-13.7006200103918,-15.0446255189609));
#5074=CARTESIAN_POINT('Ctrl Pts',(-4.3654666387923,-13.9432626172671,-17.9539822270655));
#5075=CARTESIAN_POINT('Ctrl Pts',(-3.56838492827946,-14.1742104390001,-20.7231149982374));
#5076=CARTESIAN_POINT('Ctrl Pts',(-2.77130321776662,-14.4051582607331,-23.4922477694093));
#5077=CARTESIAN_POINT('Ctrl Pts',(-1.97422150725378,-14.6361060824661,-26.2613805405812));
#5078=CARTESIAN_POINT('Ctrl Pts',(-14.600093238276,-13.4803355415546,0.871381423826707));
#5079=CARTESIAN_POINT('Ctrl Pts',(-14.6100410838156,-13.4840574497203,0.583130697555891));
#5080=CARTESIAN_POINT('Ctrl Pts',(-14.6224269229796,-13.4889129682922,0.311382910361884));
#5081=CARTESIAN_POINT('Ctrl Pts',(-14.6432889035615,-13.5005595440061,-0.20651257001158));
#5082=CARTESIAN_POINT('Ctrl Pts',(-14.6517650449795,-13.507350601148,-0.452660263191037));
#5083=CARTESIAN_POINT('Ctrl Pts',(-14.6581503951214,-13.5301295570656,-1.16381187791618));
#5084=CARTESIAN_POINT('Ctrl Pts',(-14.5947487989579,-13.5853106068674,-2.47694924811354));
#5085=CARTESIAN_POINT('Ctrl Pts',(-11.4852162268911,-13.9539836296969,-8.87926077986187));
#5086=CARTESIAN_POINT('Ctrl Pts',(-10.177464856548,-12.6954458087045,-9.47420474457669));
#5087=CARTESIAN_POINT('Ctrl Pts',(-7.47969483993939,-13.1080702366822,-15.131846606932));
#5088=CARTESIAN_POINT('Ctrl Pts',(-6.13080983163509,-13.314382450671,-17.9606675381096));
#5089=CARTESIAN_POINT('Ctrl Pts',(-4.84693780912484,-13.5107509163384,-20.6531461614698));
#5090=CARTESIAN_POINT('Ctrl Pts',(-3.56306578661459,-13.7071193820057,-23.34562478483));
#5091=CARTESIAN_POINT('Ctrl Pts',(-2.27919376410434,-13.9034878476731,-26.0381034081902));
#5092=CARTESIAN_POINT('Ctrl Pts',(-21.3232666995204,-12.5459604337335,1.51294635297581));
#5093=CARTESIAN_POINT('Ctrl Pts',(-21.2634474577356,-12.5668271939425,1.19393005735626));
#5094=CARTESIAN_POINT('Ctrl Pts',(-21.2043813624148,-12.5888303484831,0.884487403484275));
#5095=CARTESIAN_POINT('Ctrl Pts',(-21.0876224551171,-12.6342817426997,0.284069294018321));
#5096=CARTESIAN_POINT('Ctrl Pts',(-21.0299296431402,-12.6577299823756,-0.00690616157564963));
#5097=CARTESIAN_POINT('Ctrl Pts',(-20.8587116178496,-12.7290007738145,-0.853151858766238));
#5098=CARTESIAN_POINT('Ctrl Pts',(-20.5237172098293,-12.875246646336,-2.43892057478212));
#5099=CARTESIAN_POINT('Ctrl Pts',(-18.9006650178413,-13.5274240909961,-9.0346731094332));
#5100=CARTESIAN_POINT('Ctrl Pts',(-16.4161141330214,-11.3350220544264,-10.0211062583613));
#5101=CARTESIAN_POINT('Ctrl Pts',(-11.8918857912834,-11.6304712196035,-15.322908084248));
#5102=CARTESIAN_POINT('Ctrl Pts',(-9.62977162041433,-11.7781958021921,-17.9738089971913));
#5103=CARTESIAN_POINT('Ctrl Pts',(-7.47668586601506,-11.9188004181934,-20.4969429156662));
#5104=CARTESIAN_POINT('Ctrl Pts',(-5.32360011161578,-12.0594050341947,-23.0200768341411));
#5105=CARTESIAN_POINT('Ctrl Pts',(-3.17051435721651,-12.200009650196,-25.5432107526159));
#5106=CARTESIAN_POINT('Ctrl Pts',(-34.9653058877107,-7.4319182465132,6.36540487100296));
#5107=CARTESIAN_POINT('Ctrl Pts',(-34.8524900948787,-7.37372565125127,5.96208931938013));
#5108=CARTESIAN_POINT('Ctrl Pts',(-34.7396022357924,-7.31391883116858,5.56371944997246));
#5109=CARTESIAN_POINT('Ctrl Pts',(-34.5135667738032,-7.19146160855119,4.7779121895451));
#5110=CARTESIAN_POINT('Ctrl Pts',(-34.4004191709003,-7.12881120601649,4.39047479852541));
#5111=CARTESIAN_POINT('Ctrl Pts',(-34.0604133295046,-6.93717192551863,3.24612301398474));
#5112=CARTESIAN_POINT('Ctrl Pts',(-33.3781495159659,-6.53914107294785,1.02926099897705));
#5113=CARTESIAN_POINT('Ctrl Pts',(-29.8341483284586,-4.34871366351703,-9.01126268727328));
#5114=CARTESIAN_POINT('Ctrl Pts',(-22.852632352963,-0.424731849991697,-12.5361069260218));
#5115=CARTESIAN_POINT('Ctrl Pts',(-19.151276560652,-1.10812654087194,-16.1787023086739));
#5116=CARTESIAN_POINT('Ctrl Pts',(-17.3005986644965,-1.44982388631206,-18.));
#5117=CARTESIAN_POINT('Ctrl Pts',(-15.5391189542734,-1.7750522484599,-19.7335155600073));
#5118=CARTESIAN_POINT('Ctrl Pts',(-13.7776392440503,-2.10028061060775,-21.4670311200146));
#5119=CARTESIAN_POINT('Ctrl Pts',(-12.0161595338272,-2.42550897275559,-23.2005466800218));
#5120=CARTESIAN_POINT('Ctrl Pts',(-16.0954333394552,5.90452171403953,5.04370459620142));
#5121=CARTESIAN_POINT('Ctrl Pts',(-16.047311093831,5.9040403019765,4.68206770349403));
#5122=CARTESIAN_POINT('Ctrl Pts',(-15.9976309995348,5.90357243515767,4.32697340719758));
#5123=CARTESIAN_POINT('Ctrl Pts',(-15.8958850485727,5.90300971021204,3.63012894990388));
#5124=CARTESIAN_POINT('Ctrl Pts',(-15.8438191919067,5.90291485208525,3.28837878890662));
#5125=CARTESIAN_POINT('Ctrl Pts',(-15.6851378808155,5.90370866804837,2.28353292257962));
#5126=CARTESIAN_POINT('Ctrl Pts',(-15.3578402942599,5.90960986134865,0.35545965658474));
#5127=CARTESIAN_POINT('Ctrl Pts',(-13.6664472733432,6.06961004135998,-8.20259200395774));
#5128=CARTESIAN_POINT('Ctrl Pts',(-12.8083373036588,8.48550714960451,-11.4925861258266));
#5129=CARTESIAN_POINT('Ctrl Pts',(-12.8972345386753,8.43483195003285,-16.0060440370502));
#5130=CARTESIAN_POINT('Ctrl Pts',(-12.9416831561836,8.40949435024701,-18.2627729926621));
#5131=CARTESIAN_POINT('Ctrl Pts',(-12.9839894581344,8.38537796131665,-20.4107330861181));
#5132=CARTESIAN_POINT('Ctrl Pts',(-13.0262957600851,8.36126157238629,-22.5586931795742));
#5133=CARTESIAN_POINT('Ctrl Pts',(-13.0686020620358,8.33714518345593,-24.7066532730303));
#5134=CARTESIAN_POINT('Ctrl Pts',(-2.95724468750239,17.3441685811147,4.89833754178773));
#5135=CARTESIAN_POINT('Ctrl Pts',(-2.95724468750239,17.3603729213573,4.51935228689251));
#5136=CARTESIAN_POINT('Ctrl Pts',(-2.95724468750239,17.376896701123,4.14616596465726));
#5137=CARTESIAN_POINT('Ctrl Pts',(-2.95724133161116,17.4100725933065,3.41217633126566));
#5138=CARTESIAN_POINT('Ctrl Pts',(-2.95723797571993,17.4267247057242,3.05137302010932));
#5139=CARTESIAN_POINT('Ctrl Pts',(-2.95721784037257,17.4761077223637,1.98871532189719));
#5140=CARTESIAN_POINT('Ctrl Pts',(-2.95713729898311,17.5725804731881,-0.0575911334995338));
#5141=CARTESIAN_POINT('Ctrl Pts',(-2.95549017778136,17.9366691335126,-9.1633024142999));
#5142=CARTESIAN_POINT('Ctrl Pts',(-2.93208859095256,15.9342423466783,-11.3233498332736));
#5143=CARTESIAN_POINT('Ctrl Pts',(-2.94488905122233,16.7208537716742,-15.4582322440467));
#5144=CARTESIAN_POINT('Ctrl Pts',(-2.95128928135721,17.1141594841721,-17.5256734494332));
#5145=CARTESIAN_POINT('Ctrl Pts',(-2.95738103592281,17.4885088152573,-19.4934690031235));
#5146=CARTESIAN_POINT('Ctrl Pts',(-2.96347279048841,17.8628581463425,-21.4612645568137));
#5147=CARTESIAN_POINT('Ctrl Pts',(-2.969564545054,18.2372074774278,-23.429060110504));
#5148=CARTESIAN_POINT('Ctrl Pts',(13.1683975271059,6.85597065890683,3.95599733578323));
#5149=CARTESIAN_POINT('Ctrl Pts',(13.1020980113662,6.86477099091413,3.56704275459893));
#5150=CARTESIAN_POINT('Ctrl Pts',(13.034628136704,6.87391431255177,3.1839446880728));
#5151=CARTESIAN_POINT('Ctrl Pts',(12.8982269936667,6.89305912518738,2.43052069662399));
#5152=CARTESIAN_POINT('Ctrl Pts',(12.8292957252917,6.90306061618534,2.0601947717013));
#5153=CARTESIAN_POINT('Ctrl Pts',(12.6216288157964,6.93461062836915,0.969963877769049));
#5154=CARTESIAN_POINT('Ctrl Pts',(12.2028025793249,7.00389280949648,-1.12751038675222));
#5155=CARTESIAN_POINT('Ctrl Pts',(10.1697666464481,7.48462290863523,-10.3833765846581));
#5156=CARTESIAN_POINT('Ctrl Pts',(10.2245043355452,9.89920182100647,-11.0398985210467));
#5157=CARTESIAN_POINT('Ctrl Pts',(11.3370359389036,10.7919287031853,-15.8551481687903));
#5158=CARTESIAN_POINT('Ctrl Pts',(11.8933017405827,11.2382921442747,-18.262772992662));
#5159=CARTESIAN_POINT('Ctrl Pts',(12.4227568797965,11.6631419501203,-20.5543561395131));
#5160=CARTESIAN_POINT('Ctrl Pts',(12.9522120190102,12.0879917559658,-22.8459392863641));
#5161=CARTESIAN_POINT('Ctrl Pts',(13.481667158224,12.5128415618114,-25.1375224332151));
#5162=CARTESIAN_POINT('Ctrl Pts',(28.1625970616325,-5.98395836285149,6.46633342375557));
#5163=CARTESIAN_POINT('Ctrl Pts',(28.0388852232302,-5.94709307980428,6.0655526853705));
#5164=CARTESIAN_POINT('Ctrl Pts',(27.9160833653698,-5.91003331348025,5.66978129085011));
#5165=CARTESIAN_POINT('Ctrl Pts',(27.6725566263857,-5.8356830832598,4.88951089578468));
#5166=CARTESIAN_POINT('Ctrl Pts',(27.551831745262,-5.79839261936337,4.50501189523964));
#5167=CARTESIAN_POINT('Ctrl Pts',(27.1931580904755,-5.68641258478718,3.37030404393661));
#5168=CARTESIAN_POINT('Ctrl Pts',(26.4898147352404,-5.46201794408711,1.17604494265881));
#5169=CARTESIAN_POINT('Ctrl Pts',(23.1559604400653,-4.33723050952581,-8.65894298649204));
#5170=CARTESIAN_POINT('Ctrl Pts',(20.3227295752275,-3.05199885678244,-10.4279291203478));
#5171=CARTESIAN_POINT('Ctrl Pts',(17.583424689732,-2.86453184803873,-15.4759763734493));
#5172=CARTESIAN_POINT('Ctrl Pts',(16.2137722469842,-2.77079834366686,-18.));
#5173=CARTESIAN_POINT('Ctrl Pts',(14.910133730001,-2.68158256686305,-20.4023718095562));
#5174=CARTESIAN_POINT('Ctrl Pts',(13.6064952130178,-2.59236679005924,-22.8047436191125));
#5175=CARTESIAN_POINT('Ctrl Pts',(12.3028566960346,-2.50315101325543,-25.2071154286687));
#5176=CARTESIAN_POINT('Ctrl Pts',(14.027647233536,-14.5648843650183,3.91789862019316));
#5177=CARTESIAN_POINT('Ctrl Pts',(13.9549195112916,-14.5346948214722,3.5553663438131));
#5178=CARTESIAN_POINT('Ctrl Pts',(13.8850875039782,-14.5037287574505,3.19998866881414));
#5179=CARTESIAN_POINT('Ctrl Pts',(13.7507055148798,-14.4406775778109,2.50408826812689));
#5180=CARTESIAN_POINT('Ctrl Pts',(13.6861555330946,-14.408592462193,2.16356554243861));
#5181=CARTESIAN_POINT('Ctrl Pts',(13.4996645195305,-14.3113095219779,1.16509840916251));
#5182=CARTESIAN_POINT('Ctrl Pts',(13.1553182195671,-14.1126332681017,-0.739431682234719));
#5183=CARTESIAN_POINT('Ctrl Pts',(11.740249585563,-13.113703613686,-8.95889653486007));
#5184=CARTESIAN_POINT('Ctrl Pts',(10.591964652463,-12.8442118967762,-8.9685603240773));
#5185=CARTESIAN_POINT('Ctrl Pts',(9.23822862117593,-11.5078227390062,-14.9716930702921));
#5186=CARTESIAN_POINT('Ctrl Pts',(8.56136060553238,-10.8396281601212,-17.9732594433995));
#5187=CARTESIAN_POINT('Ctrl Pts',(7.91711598655686,-10.2036389392892,-20.8301575973678));
#5188=CARTESIAN_POINT('Ctrl Pts',(7.27287136758135,-9.56764971845715,-23.6870557513362));
#5189=CARTESIAN_POINT('Ctrl Pts',(6.62862674860583,-8.93166049762511,-26.5439539053045));
#5190=CARTESIAN_POINT('Ctrl Pts',(7.63291919258496,-14.8644609988914,2.22348255419287));
#5191=CARTESIAN_POINT('Ctrl Pts',(7.63919901479659,-14.8443607303391,1.91796851737962));
#5192=CARTESIAN_POINT('Ctrl Pts',(7.64787841790179,-14.8239222525568,1.63045085373473));
#5193=CARTESIAN_POINT('Ctrl Pts',(7.66342658183259,-14.7818547783972,1.08153885008019));
#5194=CARTESIAN_POINT('Ctrl Pts',(7.67029534265818,-14.7602257820199,0.820144510070539));
#5195=CARTESIAN_POINT('Ctrl Pts',(7.67827095561542,-14.6927818647928,0.0603423414422528));
#5196=CARTESIAN_POINT('Ctrl Pts',(7.64369950345172,-14.5476663179585,-1.36173859021168));
#5197=CARTESIAN_POINT('Ctrl Pts',(5.47546140161213,-13.5542453882244,-8.95305883024131));
#5198=CARTESIAN_POINT('Ctrl Pts',(4.96377230785523,-13.5322138858493,-8.90982329172473));
#5199=CARTESIAN_POINT('Ctrl Pts',(4.7689587198943,-13.1642323751993,-14.9417563670705));
#5200=CARTESIAN_POINT('Ctrl Pts',(4.67155192591384,-12.9802416198744,-17.9577229047433));
#5201=CARTESIAN_POINT('Ctrl Pts',(4.57883990315131,-12.8051187727021,-20.8283271702715));
#5202=CARTESIAN_POINT('Ctrl Pts',(4.48612788038879,-12.6299959255298,-23.6989314357996));
#5203=CARTESIAN_POINT('Ctrl Pts',(4.39341585762626,-12.4548730783576,-26.5695357013278));
#5204=CARTESIAN_POINT('Ctrl Pts',(5.37877351161534,-14.8492239198868,1.67952926461459));
#5205=CARTESIAN_POINT('Ctrl Pts',(5.43051262299829,-14.8364960376341,1.39959362040238));
#5206=CARTESIAN_POINT('Ctrl Pts',(5.48736327988846,-14.8240166205477,1.1518439938063));
#5207=CARTESIAN_POINT('Ctrl Pts',(5.54990152554924,-14.799360290575,0.680321171390754));
#5208=CARTESIAN_POINT('Ctrl Pts',(5.55558911431986,-14.7871833776887,0.456547975571281));
#5209=CARTESIAN_POINT('Ctrl Pts',(5.40382803975142,-14.7508147561316,-0.239400372405737));
#5210=CARTESIAN_POINT('Ctrl Pts',(4.42501052709336,-14.6787259814246,-1.72981211043418));
#5211=CARTESIAN_POINT('Ctrl Pts',(3.27611887246064,-13.6403195273625,-8.94833793669159));
#5212=CARTESIAN_POINT('Ctrl Pts',(2.98340059520557,-13.7003042740559,-8.9008346826674));
#5213=CARTESIAN_POINT('Ctrl Pts',(3.20168957846684,-13.6973563273259,-14.9351149459795));
#5214=CARTESIAN_POINT('Ctrl Pts',(3.31083407009747,-13.6958823539608,-17.9522550776355));
#5215=CARTESIAN_POINT('Ctrl Pts',(3.41471806195222,-13.694479422537,-20.8239763727633));
#5216=CARTESIAN_POINT('Ctrl Pts',(3.51860205380697,-13.6930764911132,-23.6956976678911));
#5217=CARTESIAN_POINT('Ctrl Pts',(3.62248604566171,-13.6916735596894,-26.5674189630189));
#5218=CARTESIAN_POINT('Ctrl Pts',(3.15208107993814,-14.7787507531582,1.14144773985301));
#5219=CARTESIAN_POINT('Ctrl Pts',(3.23919835064107,-14.7725649741526,0.879722708620017));
#5220=CARTESIAN_POINT('Ctrl Pts',(3.62755581631416,-14.7764878068076,0.766230293119847));
#5221=CARTESIAN_POINT('Ctrl Pts',(3.88919999028796,-14.7803618228766,0.417907310259895));
#5222=CARTESIAN_POINT('Ctrl Pts',(4.02404052996933,-14.787311771685,0.2479685751215));
#5223=CARTESIAN_POINT('Ctrl Pts',(3.57751301029048,-14.7770444898961,-0.462973757627214));
#5224=CARTESIAN_POINT('Ctrl Pts',(2.69088365574296,-14.7438555729171,-1.92832592099951));
#5225=CARTESIAN_POINT('Ctrl Pts',(2.15621224623759,-13.6790641966171,-8.94573601031247));
#5226=CARTESIAN_POINT('Ctrl Pts',(1.97465932821744,-13.78045152142,-8.89711997805835));
#5227=CARTESIAN_POINT('Ctrl Pts',(2.40376347184884,-13.9652366913201,-14.9320198962692));
#5228=CARTESIAN_POINT('Ctrl Pts',(2.61831554366455,-14.0576292762701,-17.9494698553746));
#5229=CARTESIAN_POINT('Ctrl Pts',(2.82252672599659,-14.1455687627159,-20.8214860450201));
#5230=CARTESIAN_POINT('Ctrl Pts',(3.02673790832864,-14.2335082491618,-23.6935022346657));
#5231=CARTESIAN_POINT('Ctrl Pts',(3.23094909066068,-14.3214477356076,-26.5655184243113));
#5232=CARTESIAN_POINT('Ctrl Pts',(2.358481237564,-14.7293896173848,1.00889894364717));
#5233=CARTESIAN_POINT('Ctrl Pts',(2.49471711796316,-14.7236754694435,0.762790212281649));
#5234=CARTESIAN_POINT('Ctrl Pts',(2.87769501269478,-14.7527155359383,0.613307347770655));
#5235=CARTESIAN_POINT('Ctrl Pts',(3.23497631068094,-14.7694037963459,0.320135186251917));
#5236=CARTESIAN_POINT('Ctrl Pts',(3.15027323684709,-14.7758116557561,0.110558835149943));
#5237=CARTESIAN_POINT('Ctrl Pts',(2.85389240521535,-14.7853232825001,-0.549781890750619));
#5238=CARTESIAN_POINT('Ctrl Pts',(2.09204430143096,-14.7654987300412,-1.99691003293031));
#5239=CARTESIAN_POINT('Ctrl Pts',(1.77953747722202,-13.6912636863162,-8.94482845491872));
#5240=CARTESIAN_POINT('Ctrl Pts',(1.63531967077751,-13.8065176127515,-8.89601167650861));
#5241=CARTESIAN_POINT('Ctrl Pts',(2.13540618032547,-14.0547498773066,-14.9310258231716));
#5242=CARTESIAN_POINT('Ctrl Pts',(2.38544943509945,-14.1788660095842,-17.9485328965031));
#5243=CARTESIAN_POINT('Ctrl Pts',(2.62344121145204,-14.2970000453192,-20.8206034476076));
#5244=CARTESIAN_POINT('Ctrl Pts',(2.86143298780463,-14.4151340810541,-23.6926739987121));
#5245=CARTESIAN_POINT('Ctrl Pts',(3.09942476415721,-14.5332681167891,-26.5647445498165));
#5246=CARTESIAN_POINT('Ctrl Pts',(0.668543489185592,-14.5789271854434,0.837424775331527));
#5247=CARTESIAN_POINT('Ctrl Pts',(1.79678751278609,-14.6880267451847,0.682888882363393));
#5248=CARTESIAN_POINT('Ctrl Pts',(1.87537387511103,-14.7249966136212,0.494932184784741));
#5249=CARTESIAN_POINT('Ctrl Pts',(1.87647485319948,-14.755188170805,0.166381427481981));
#5250=CARTESIAN_POINT('Ctrl Pts',(1.70481919859929,-14.7701919234525,-0.0564835872413558));
#5251=CARTESIAN_POINT('Ctrl Pts',(1.29180226647692,-14.801416415724,-0.735681828380345));
#5252=CARTESIAN_POINT('Ctrl Pts',(0.873568528945091,-14.8087183375826,-2.13649109853424));
#5253=CARTESIAN_POINT('Ctrl Pts',(1.02281537891633,-13.7149472656619,-8.94297309753052));
#5254=CARTESIAN_POINT('Ctrl Pts',(0.953547787453763,-13.8580001376246,-8.89392500672905));
#5255=CARTESIAN_POINT('Ctrl Pts',(1.59630967462801,-14.2339959806016,-14.9290752871157));
#5256=CARTESIAN_POINT('Ctrl Pts',(1.91769061821513,-14.4219939020901,-17.946650427309));
#5257=CARTESIAN_POINT('Ctrl Pts',(2.22358177980358,-14.6009307797358,-20.8187857646176));
#5258=CARTESIAN_POINT('Ctrl Pts',(2.52947294139203,-14.7798676573816,-23.6909211019263));
#5259=CARTESIAN_POINT('Ctrl Pts',(2.83536410298048,-14.9588045350274,-26.5630564392349));
#5260=CARTESIAN_POINT('Ctrl Pts',(-0.227794416818683,-14.4778258892755,
0.798499403221725));
#5261=CARTESIAN_POINT('Ctrl Pts',(1.23627610651851,-14.6527250159565,0.70356440376296));
#5262=CARTESIAN_POINT('Ctrl Pts',(0.882420731445873,-14.676138737173,0.417616838061449));
#5263=CARTESIAN_POINT('Ctrl Pts',(0.812337629767516,-14.7209343529207,0.0789797464055958));
#5264=CARTESIAN_POINT('Ctrl Pts',(0.703747143118578,-14.7491962634142,-0.149342801174007));
#5265=CARTESIAN_POINT('Ctrl Pts',(0.453332732813633,-14.8092307563438,-0.834773632886666));
#5266=CARTESIAN_POINT('Ctrl Pts',(0.253932110771221,-14.830294788,-2.20748805220738));
#5267=CARTESIAN_POINT('Ctrl Pts',(0.64276804962621,-13.7264313553086,-8.94202529553606));
#5268=CARTESIAN_POINT('Ctrl Pts',(0.611115561569949,-13.8834165711663,-8.89294663849924));
#5269=CARTESIAN_POINT('Ctrl Pts',(1.32557046045392,-14.32372889791,-14.9281188241573));
#5270=CARTESIAN_POINT('Ctrl Pts',(1.68279790989591,-14.5438850612819,-17.9457049169864));
#5271=CARTESIAN_POINT('Ctrl Pts',(2.02280786269968,-14.7534302315493,-20.8178506790403));
#5272=CARTESIAN_POINT('Ctrl Pts',(2.36281781550345,-14.9629754018168,-23.6899964410941));
#5273=CARTESIAN_POINT('Ctrl Pts',(2.70282776830722,-15.1725205720842,-26.562142203148));
#5274=CARTESIAN_POINT('Ctrl Pts',(-0.273199473452965,-14.4396956119018,
0.787938537370703));
#5275=CARTESIAN_POINT('Ctrl Pts',(-0.301548023323571,-14.5212089535053,
0.582742538024728));
#5276=CARTESIAN_POINT('Ctrl Pts',(-0.323437013942768,-14.5873048853117,
0.372243856696421));
#5277=CARTESIAN_POINT('Ctrl Pts',(-0.356088390860848,-14.6928607978522,
-0.0561316624685121));
#5278=CARTESIAN_POINT('Ctrl Pts',(-0.366850777159731,-14.7323207785864,
-0.274008500305139));
#5279=CARTESIAN_POINT('Ctrl Pts',(-0.385136800849662,-14.8170450969637,
-0.933865437392982));
#5280=CARTESIAN_POINT('Ctrl Pts',(-0.365704307402651,-14.8518712384173,
-2.27848500588053));
#5281=CARTESIAN_POINT('Ctrl Pts',(0.26272072033609,-13.7379154449553,-8.9410774935416));
#5282=CARTESIAN_POINT('Ctrl Pts',(0.268683335686134,-13.9088330047079,-8.89196827026943));
#5283=CARTESIAN_POINT('Ctrl Pts',(1.05483124627984,-14.4134618152184,-14.927162361199));
#5284=CARTESIAN_POINT('Ctrl Pts',(1.44790520157669,-14.6657762204736,-17.9447594066637));
#5285=CARTESIAN_POINT('Ctrl Pts',(1.82203394559578,-14.9059296833628,-20.8169155934629));
#5286=CARTESIAN_POINT('Ctrl Pts',(2.19616268961487,-15.1460831462519,-23.689071780262));
#5287=CARTESIAN_POINT('Ctrl Pts',(2.57029143363396,-15.3862366091411,-26.5612279670611));
#5288=CARTESIAN_POINT('',(3.41543069477298,-13.6248338701064,-14.3483109155895));
#5289=CARTESIAN_POINT('Ctrl Pts',(0.811912860342535,-14.2503772203989,-13.0663606225008));
#5290=CARTESIAN_POINT('Ctrl Pts',(1.23109820481566,-14.1598410172891,-13.1353445805901));
#5291=CARTESIAN_POINT('Ctrl Pts',(1.6400757276355,-14.0738225137641,-13.2575150023021));
#5292=CARTESIAN_POINT('Ctrl Pts',(2.269168044759,-13.9311476381832,-13.5368208390714));
#5293=CARTESIAN_POINT('Ctrl Pts',(2.50042139032122,-13.8761716655213,-13.6621681976991));
#5294=CARTESIAN_POINT('Ctrl Pts',(2.96829187894076,-13.7563767057082,-13.9656012254663));
#5295=CARTESIAN_POINT('Ctrl Pts',(3.20071632946398,-13.6914805176929,-14.1474882231495));
#5296=CARTESIAN_POINT('Ctrl Pts',(3.41543069477298,-13.6248338701064,-14.3483109155895));
#5297=CARTESIAN_POINT('',(8.0956900297233,-11.8242269636134,-14.839745961127));
#5298=CARTESIAN_POINT('Ctrl Pts',(3.41543069477298,-13.6248338701064,-14.3483109155895));
#5299=CARTESIAN_POINT('Ctrl Pts',(3.53057872507642,-13.5892872801237,-14.3370853009623));
#5300=CARTESIAN_POINT('Ctrl Pts',(3.64598335887786,-13.55369490945,-14.3285711818869));
#5301=CARTESIAN_POINT('Ctrl Pts',(3.85379503359178,-13.4893566114353,-14.3177039861476));
#5302=CARTESIAN_POINT('Ctrl Pts',(3.94613728038848,-13.4606804941173,-14.3144575065548));
#5303=CARTESIAN_POINT('Ctrl Pts',(4.10604297860273,-13.4107337409115,-14.3113573139493));
#5304=CARTESIAN_POINT('Ctrl Pts',(4.17361928632095,-13.3895367632642,-14.3108276292807));
#5305=CARTESIAN_POINT('Ctrl Pts',(4.30393056504649,-13.3484319809875,-14.3112194126364));
#5306=CARTESIAN_POINT('Ctrl Pts',(4.36667443418104,-13.3285375878824,-14.3120411373778));
#5307=CARTESIAN_POINT('Ctrl Pts',(4.53304019278965,-13.2754550228463,-14.3158005490435));
#5308=CARTESIAN_POINT('Ctrl Pts',(4.63659132772193,-13.2420715236507,-14.3197704960967));
#5309=CARTESIAN_POINT('Ctrl Pts',(5.03479929594743,-13.1120021409558,-14.3406889911428));
#5310=CARTESIAN_POINT('Ctrl Pts',(5.32819045769296,-13.0125651050073,-14.3680500313546));
#5311=CARTESIAN_POINT('Ctrl Pts',(6.08277694990525,-12.7422478417443,-14.4603895101596));
#5312=CARTESIAN_POINT('Ctrl Pts',(6.54072283981927,-12.5638374951742,-14.5385411625874));
#5313=CARTESIAN_POINT('Ctrl Pts',(7.36216962231574,-12.2020684523092,-14.6924797611337));
#5314=CARTESIAN_POINT('Ctrl Pts',(7.73397187536042,-12.02127309366,-14.7674138518874));
#5315=CARTESIAN_POINT('Ctrl Pts',(8.0956900298772,-11.8242269635295,-14.8397459601291));
#5316=CARTESIAN_POINT('',(13.8821397957314,3.55509985031918,-14.8397459583944));
#5317=CARTESIAN_POINT('Ctrl Pts',(8.09569002987765,-11.8242269635293,-14.8397459601292));
#5318=CARTESIAN_POINT('Ctrl Pts',(8.48519931205817,-11.6120416039077,-14.917635408546));
#5319=CARTESIAN_POINT('Ctrl Pts',(8.85205782816527,-11.3861322779346,-14.9939213335384));
#5320=CARTESIAN_POINT('Ctrl Pts',(9.4786416420256,-10.9466654067998,-15.1108459821933));
#5321=CARTESIAN_POINT('Ctrl Pts',(9.74935113134615,-10.7361289700395,-15.1560460923857));
#5322=CARTESIAN_POINT('Ctrl Pts',(10.2395757975455,-10.3084591537283,-15.2158018374679));
#5323=CARTESIAN_POINT('Ctrl Pts',(10.4508585667075,-10.1050922140374,-15.2320506269099));
#5324=CARTESIAN_POINT('Ctrl Pts',(10.9378039171677,-9.59210011768494,-15.2502674340533));
#5325=CARTESIAN_POINT('Ctrl Pts',(11.226795089947,-9.25431678373605,-15.2480731142406));
#5326=CARTESIAN_POINT('Ctrl Pts',(12.5271606697383,-7.60872021681253,-15.3041057638865));
#5327=CARTESIAN_POINT('Ctrl Pts',(13.3385709805762,-6.21719581324754,-15.4452989845883));
#5328=CARTESIAN_POINT('Ctrl Pts',(14.3403860072426,-3.46664314231389,-15.6164105120109));
#5329=CARTESIAN_POINT('Ctrl Pts',(14.607978776807,-2.16683745575485,-15.6562574668088));
#5330=CARTESIAN_POINT('Ctrl Pts',(14.6984575667735,0.426497635392533,-15.4980114693483));
#5331=CARTESIAN_POINT('Ctrl Pts',(14.5363219364531,1.66225632461011,-15.3050489531023));
#5332=CARTESIAN_POINT('Ctrl Pts',(14.0668219129351,3.08695145550462,-14.9628118591003));
#5333=CARTESIAN_POINT('Ctrl Pts',(13.9789114390579,3.32280140496331,-14.9023014804171));
#5334=CARTESIAN_POINT('Ctrl Pts',(13.8821397960714,3.55509984950314,-14.8397459548529));
#5335=CARTESIAN_POINT('',(-1.43422245554588,14.2581747193037,-14.8397459621478));
#5336=CARTESIAN_POINT('Ctrl Pts',(13.88213979607,3.55509984950632,-14.839745954852));
#5337=CARTESIAN_POINT('Ctrl Pts',(13.6858418707943,4.02630919673118,-14.7128542379631));
#5338=CARTESIAN_POINT('Ctrl Pts',(13.4407656935425,4.51642100862217,-14.5581235014273));
#5339=CARTESIAN_POINT('Ctrl Pts',(12.3297413561659,6.31745353520774,-13.8736622482262));
#5340=CARTESIAN_POINT('Ctrl Pts',(11.3666546312554,7.2525836382988,-13.3021890696082));
#5341=CARTESIAN_POINT('Ctrl Pts',(9.97556273909313,8.4535356042094,-12.6300898513775));
#5342=CARTESIAN_POINT('Ctrl Pts',(9.35175835697323,8.93200648220666,-12.3763720836999));
#5343=CARTESIAN_POINT('Ctrl Pts',(8.47132596438793,9.58603177400253,-12.1708395116071));
#5344=CARTESIAN_POINT('Ctrl Pts',(8.2267885245507,9.76583651226562,-12.1296543343369));
#5345=CARTESIAN_POINT('Ctrl Pts',(7.85030195154514,10.0424910901979,-12.0954881050273));
#5346=CARTESIAN_POINT('Ctrl Pts',(7.72231212955109,10.1364882204064,-12.0889270322026));
#5347=CARTESIAN_POINT('Ctrl Pts',(7.47900936839777,10.3151309623707,-12.0862208533342));
#5348=CARTESIAN_POINT('Ctrl Pts',(7.36457970759612,10.3991295470907,-12.0890405523267));
#5349=CARTESIAN_POINT('Ctrl Pts',(7.09128678551623,10.5994915410189,-12.1052228713072));
#5350=CARTESIAN_POINT('Ctrl Pts',(6.93349866646299,10.7149754974733,-12.1221405974254));
#5351=CARTESIAN_POINT('Ctrl Pts',(6.27004750789305,11.1977554415861,-12.2215612924332));
#5352=CARTESIAN_POINT('Ctrl Pts',(5.76703041727381,11.5565852957982,-12.3661009010007));
#5353=CARTESIAN_POINT('Ctrl Pts',(5.22809819621367,11.9131610138169,-12.5528482543017));
#5354=CARTESIAN_POINT('Ctrl Pts',(5.19135957917343,11.937332686773,-12.5657400403696));
#5355=CARTESIAN_POINT('Ctrl Pts',(5.10241774033773,11.9955076060466,-12.5973088562406));
#5356=CARTESIAN_POINT('Ctrl Pts',(5.05017753889098,12.0293911542435,-12.6161492817055));
#5357=CARTESIAN_POINT('Ctrl Pts',(4.92334433449896,12.1109238791069,-12.6625277997643));
#5358=CARTESIAN_POINT('Ctrl Pts',(4.84865819318269,12.1583215162863,-12.6903699594256));
#5359=CARTESIAN_POINT('Ctrl Pts',(4.66931937462548,12.2705569720322,-12.7582638460772));
#5360=CARTESIAN_POINT('Ctrl Pts',(4.56445364029509,12.3349033719916,-12.7988063902805));
#5361=CARTESIAN_POINT('Ctrl Pts',(4.13030359898971,12.5955449232525,-12.9691092360466));
#5362=CARTESIAN_POINT('Ctrl Pts',(3.79596422896168,12.7826088972801,-13.1059375420245));
#5363=CARTESIAN_POINT('Ctrl Pts',(2.449207387135,13.4697808904995,-13.6547189683114));
#5364=CARTESIAN_POINT('Ctrl Pts',(1.38211595871326,13.8696451505084,-14.0803720782391));
#5365=CARTESIAN_POINT('Ctrl Pts',(-0.303250685080266,14.1898125479213,-14.5837636252879));
#5366=CARTESIAN_POINT('Ctrl Pts',(-0.865109102565602,14.2501181794145,-14.7272051509933));
#5367=CARTESIAN_POINT('Ctrl Pts',(-1.43422245554737,14.2581747193037,-14.8397459621402));
#5368=CARTESIAN_POINT('',(-14.085449601442,5.1575294012964,-17.3397459621531));
#5369=CARTESIAN_POINT('Ctrl Pts',(-1.43422245554735,14.2581747193037,-14.8397459621402));
#5370=CARTESIAN_POINT('Ctrl Pts',(-2.29953230326139,14.2704243059071,-15.010858925215));
#5371=CARTESIAN_POINT('Ctrl Pts',(-2.96547035635171,14.1657646436167,-15.088088345487));
#5372=CARTESIAN_POINT('Ctrl Pts',(-3.92080563394393,13.9654774888261,-15.1545542609431));
#5373=CARTESIAN_POINT('Ctrl Pts',(-4.60980733151979,13.7903328149066,-15.1716562807492));
#5374=CARTESIAN_POINT('Ctrl Pts',(-6.49176910984616,12.9577984099744,-15.0680997684308));
#5375=CARTESIAN_POINT('Ctrl Pts',(-7.45567389886627,12.3803709749984,-14.9684059899598));
#5376=CARTESIAN_POINT('Ctrl Pts',(-9.10799247923209,11.1691703068435,-14.9411232573524));
#5377=CARTESIAN_POINT('Ctrl Pts',(-9.76571607543957,10.6237309398799,-14.9727759079149));
#5378=CARTESIAN_POINT('Ctrl Pts',(-10.9097004483998,9.57755229463259,-15.1584447010598));
#5379=CARTESIAN_POINT('Ctrl Pts',(-11.4085207083521,9.0819097026081,-15.2919269488496));
#5380=CARTESIAN_POINT('Ctrl Pts',(-12.7666102205696,7.58777761024599,-15.8572617813062));
#5381=CARTESIAN_POINT('Ctrl Pts',(-13.2917139413432,6.81070945984803,-16.3562587525339));
#5382=CARTESIAN_POINT('Ctrl Pts',(-13.8116106348744,5.83636178263657,-16.9504787373331));
#5383=CARTESIAN_POINT('Ctrl Pts',(-13.9600971508953,5.49987269926269,-17.1532968246461));
#5384=CARTESIAN_POINT('Ctrl Pts',(-14.0854496014458,5.15752940128615,-17.3397459621562));
#5385=CARTESIAN_POINT('',(-14.7729645180028,2.59990756563224,-18.0820022502155));
#5386=CARTESIAN_POINT('Ctrl Pts',(-14.0854496014424,5.15752940129545,-17.3397459621512));
#5387=CARTESIAN_POINT('Ctrl Pts',(-14.2193460811851,4.79185196729908,-17.5389034820408));
#5388=CARTESIAN_POINT('Ctrl Pts',(-14.3461673153645,4.40155654930511,-17.6960727367868));
#5389=CARTESIAN_POINT('Ctrl Pts',(-14.5844134352561,3.53712261783518,-17.9467905747623));
#5390=CARTESIAN_POINT('Ctrl Pts',(-14.6897167906586,3.07293042941265,-18.0304886239762));
#5391=CARTESIAN_POINT('Ctrl Pts',(-14.7729645180027,2.59990756563224,-18.0820022502155));
#5392=CARTESIAN_POINT('',(-14.9668919098689,-0.996065539159625,-18.0452536934286));
#5393=CARTESIAN_POINT('Ctrl Pts',(-14.7729645180027,2.59990756563246,-18.0820022502155));
#5394=CARTESIAN_POINT('Ctrl Pts',(-15.0342846221247,1.51314560073832,-18.0726266571299));
#5395=CARTESIAN_POINT('Ctrl Pts',(-15.1264724158756,0.325777246919287,-18.0593270960465));
#5396=CARTESIAN_POINT('Ctrl Pts',(-14.9668919098689,-0.996065539159619,
-18.0452536934286));
#5397=CARTESIAN_POINT('',(-8.60115843884494,-12.2890224798349,-17.3397459620923));
#5398=CARTESIAN_POINT('Ctrl Pts',(-14.9668919098689,-0.996065539159529,
-18.0452536934286));
#5399=CARTESIAN_POINT('Ctrl Pts',(-14.9102590334265,-1.8470317727397,-17.9723059843732));
#5400=CARTESIAN_POINT('Ctrl Pts',(-14.7811750476336,-2.69171242232124,-17.8748375408115));
#5401=CARTESIAN_POINT('Ctrl Pts',(-14.3888460678682,-4.31622221691341,-17.6913443648836));
#5402=CARTESIAN_POINT('Ctrl Pts',(-14.131924518193,-5.0952220098979,-17.6047159473547));
#5403=CARTESIAN_POINT('Ctrl Pts',(-13.5776293918912,-6.40384754535214,-17.4982168236349));
#5404=CARTESIAN_POINT('Ctrl Pts',(-13.3097583226958,-6.94358938946417,-17.4667640273902));
#5405=CARTESIAN_POINT('Ctrl Pts',(-12.817067963335,-7.80209843910713,-17.4522582797393));
#5406=CARTESIAN_POINT('Ctrl Pts',(-12.6114222517834,-8.1303009501276,-17.4559521604519));
#5407=CARTESIAN_POINT('Ctrl Pts',(-12.0073209652931,-9.01631707174746,-17.4987534399033));
#5408=CARTESIAN_POINT('Ctrl Pts',(-11.665084522416,-9.43615772706821,-17.5605458184204));
#5409=CARTESIAN_POINT('Ctrl Pts',(-11.2309417619587,-9.94868259433679,-17.6300573402941));
#5410=CARTESIAN_POINT('Ctrl Pts',(-11.0074472926526,-10.1954654884267,-17.6639111559654));
#5411=CARTESIAN_POINT('Ctrl Pts',(-10.6149891383313,-10.6007106460902,-17.7044145243402));
#5412=CARTESIAN_POINT('Ctrl Pts',(-10.4503300230133,-10.7630741255022,-17.7163237357574));
#5413=CARTESIAN_POINT('Ctrl Pts',(-10.18735492468,-11.010670368725,-17.7225179248792));
#5414=CARTESIAN_POINT('Ctrl Pts',(-10.090846824571,-11.099182692207,-17.722205860786));
#5415=CARTESIAN_POINT('Ctrl Pts',(-9.9056755512614,-11.2646107506663,-17.7153448689555));
#5416=CARTESIAN_POINT('Ctrl Pts',(-9.8167932784588,-11.3421494212777,-17.709396554649));
#5417=CARTESIAN_POINT('Ctrl Pts',(-9.60766849790739,-11.5203062189698,-17.6876573230989));
#5418=CARTESIAN_POINT('Ctrl Pts',(-9.48606855938173,-11.6206149759626,-17.669112542267));
#5419=CARTESIAN_POINT('Ctrl Pts',(-9.05750785670149,-11.9631125348888,-17.5754565547184));
#5420=CARTESIAN_POINT('Ctrl Pts',(-8.81025333263692,-12.1426757453231,-17.4695239752045));
#5421=CARTESIAN_POINT('Ctrl Pts',(-8.60115843886589,-12.2890224798202,-17.339745962042));
#5422=CARTESIAN_POINT('',(-4.23994631252575,-13.9572083430751,-15.3499330269412));
#5423=CARTESIAN_POINT('Ctrl Pts',(-8.60115843886588,-12.2890224798202,-17.339745962042));
#5424=CARTESIAN_POINT('Ctrl Pts',(-8.10359792287674,-12.6372679841204,-17.0309272528789));
#5425=CARTESIAN_POINT('Ctrl Pts',(-7.56969995640222,-12.9302081567016,-16.5605120921165));
#5426=CARTESIAN_POINT('Ctrl Pts',(-6.42801485236389,-13.345066988512,-15.9568777084731));
#5427=CARTESIAN_POINT('Ctrl Pts',(-6.08433052482242,-13.4538906119017,-15.8069783788628));
#5428=CARTESIAN_POINT('Ctrl Pts',(-5.3555518325415,-13.6664977475675,-15.5571902097008));
#5429=CARTESIAN_POINT('Ctrl Pts',(-4.9731943333467,-13.7686955678308,-15.4604039368479));
#5430=CARTESIAN_POINT('Ctrl Pts',(-4.47103006435408,-13.8983467871379,-15.3784556919229));
#5431=CARTESIAN_POINT('Ctrl Pts',(-4.35563329579518,-13.9278295859613,-15.3626486750794));
#5432=CARTESIAN_POINT('Ctrl Pts',(-4.23994630903344,-13.9572083373895,-15.3499330455782));
#5433=CARTESIAN_POINT('Ctrl Pts',(-4.23994633756501,-13.9572083291002,-15.3499330094186));
#5434=CARTESIAN_POINT('Ctrl Pts',(-3.99339712984551,-14.0100620793992,-14.9554692415157));
#5435=CARTESIAN_POINT('Ctrl Pts',(-3.69292729471065,-14.0666122196175,-14.5972426418104));
#5436=CARTESIAN_POINT('Ctrl Pts',(-2.97735228420729,-14.1916405106024,-13.952358464821));
#5437=CARTESIAN_POINT('Ctrl Pts',(-2.56010226859751,-14.2598710219604,-13.6765138980263));
#5438=CARTESIAN_POINT('Ctrl Pts',(-2.10983904886241,-14.3343610925168,-13.4669459315054));
#5439=CARTESIAN_POINT('Ctrl Pts',(-1.86727080608964,-13.988610729807,0.832577924116718));
#5440=CARTESIAN_POINT('Ctrl Pts',(-1.96976564477097,-14.0520165024098,0.842571621756513));
#5441=CARTESIAN_POINT('Ctrl Pts',(-3.96700898503675,-14.0443954313789,0.673968578152605));
#5442=CARTESIAN_POINT('Ctrl Pts',(-7.20933229100903,-13.9959028684832,0.492341845704036));
#5443=CARTESIAN_POINT('Ctrl Pts',(-8.45441225671552,-13.9550313766184,0.479318156859375));
#5444=CARTESIAN_POINT('Ctrl Pts',(-11.0614070919961,-13.7825412697732,0.673616122464261));
#5445=CARTESIAN_POINT('Ctrl Pts',(-14.600093238276,-13.4803355415546,0.871381423826707));
#5446=CARTESIAN_POINT('Ctrl Pts',(-21.3232666995204,-12.5459604337335,1.51294635297581));
#5447=CARTESIAN_POINT('Ctrl Pts',(-34.9653058877107,-7.4319182465132,6.36540487100296));
#5448=CARTESIAN_POINT('Ctrl Pts',(-16.0954333394552,5.90452171403953,5.04370459620142));
#5449=CARTESIAN_POINT('Ctrl Pts',(-2.95724468750239,17.3441685811147,4.89833754178773));
#5450=CARTESIAN_POINT('Ctrl Pts',(13.1683975271059,6.85597065890683,3.95599733578323));
#5451=CARTESIAN_POINT('Ctrl Pts',(28.1625970616325,-5.98395836285149,6.46633342375557));
#5452=CARTESIAN_POINT('Ctrl Pts',(14.027647233536,-14.5648843650183,3.91789862019316));
#5453=CARTESIAN_POINT('Ctrl Pts',(7.63291919258496,-14.8644609988914,2.22348255419287));
#5454=CARTESIAN_POINT('Ctrl Pts',(5.37877351161534,-14.8492239198868,1.67952926461459));
#5455=CARTESIAN_POINT('Ctrl Pts',(3.15208107993814,-14.7787507531582,1.14144773985301));
#5456=CARTESIAN_POINT('Ctrl Pts',(2.358481237564,-14.7293896173848,1.00889894364717));
#5457=CARTESIAN_POINT('Ctrl Pts',(0.668543489185592,-14.5789271854434,0.837424775331527));
#5458=CARTESIAN_POINT('Ctrl Pts',(-0.227794416818683,-14.4778258892755,
0.798499403221725));
#5459=CARTESIAN_POINT('Ctrl Pts',(-0.273199473452965,-14.4396956119018,
0.787938537370703));
#5460=CARTESIAN_POINT('',(5.29261817520074,11.3460295594719,-10.1159178212289));
#5461=CARTESIAN_POINT('Ctrl Pts',(5.29261817520074,11.3460295594719,-10.1159178212289));
#5462=CARTESIAN_POINT('Ctrl Pts',(5.04669822006379,11.5226100060057,-10.2823613025942));
#5463=CARTESIAN_POINT('Ctrl Pts',(4.64320066481829,11.8002807990336,-10.4914491941869));
#5464=CARTESIAN_POINT('Ctrl Pts',(4.03000938919109,12.1627910635353,-10.5861957432366));
#5465=CARTESIAN_POINT('Ctrl Pts',(3.39459132096083,12.4940426759645,-10.509350153083));
#5466=CARTESIAN_POINT('Ctrl Pts',(2.692609649955,12.7987922882177,-10.0703919592927));
#5467=CARTESIAN_POINT('Ctrl Pts',(2.14100675426121,13.0174155778145,-9.23254351373572));
#5468=CARTESIAN_POINT('Ctrl Pts',(1.82455446559017,13.1374151373085,-8.26612885617989));
#5469=CARTESIAN_POINT('Ctrl Pts',(1.67098003469004,13.1882462044989,-7.0822034700527));
#5470=CARTESIAN_POINT('Ctrl Pts',(1.75487402309656,13.1377595630931,-5.37433100293137));
#5471=CARTESIAN_POINT('Ctrl Pts',(2.11685684929218,12.9745530999048,-4.05657957170262));
#5472=CARTESIAN_POINT('Ctrl Pts',(2.76432689606934,12.6752808530072,-2.37648565131382));
#5473=CARTESIAN_POINT('Ctrl Pts',(3.42912889137559,12.3634941486098,-1.10482540923474));
#5474=CARTESIAN_POINT('Ctrl Pts',(4.55721750054978,11.7920779672537,0.384992793045417));
#5475=CARTESIAN_POINT('Ctrl Pts',(5.53588351310266,11.267535071675,1.35111323478935));
#5476=CARTESIAN_POINT('Ctrl Pts',(6.4889893290377,10.7203305495763,1.93685389654241));
#5477=CARTESIAN_POINT('Ctrl Pts',(7.33257733673012,10.1978129122942,2.07684216328846));
#5478=CARTESIAN_POINT('Ctrl Pts',(7.94964836379362,9.78952278507613,1.90757502488002));
#5479=CARTESIAN_POINT('Ctrl Pts',(8.4435532743874,9.43463436441448,1.46115053579859));
#5480=CARTESIAN_POINT('Ctrl Pts',(8.88771006568219,9.08107195298081,0.649331215646387));
#5481=CARTESIAN_POINT('Ctrl Pts',(9.12861192484449,8.83179045658389,-0.536730087821546));
#5482=CARTESIAN_POINT('Ctrl Pts',(9.12537449164674,8.73445269880993,-1.9898195098957));
#5483=CARTESIAN_POINT('Ctrl Pts',(8.99034165616814,8.77047762586872,-2.94819930321191));
#5484=CARTESIAN_POINT('Ctrl Pts',(8.68701789571736,8.90003328018259,-4.49516494893602));
#5485=CARTESIAN_POINT('Ctrl Pts',(8.18530106810159,9.19731444270206,-6.05182510911655));
#5486=CARTESIAN_POINT('Ctrl Pts',(7.23960374869429,9.87466956367253,-7.91319139199804));
#5487=CARTESIAN_POINT('Ctrl Pts',(6.38323909346757,10.5264578539125,-9.15983776976591));
#5488=CARTESIAN_POINT('Ctrl Pts',(5.69217266867378,11.0591333178359,-9.84549145077938));
#5489=CARTESIAN_POINT('Ctrl Pts',(5.29261817520074,11.3460295594719,-10.1159178212289));
#5490=CARTESIAN_POINT('',(-2.3057362669726,13.9507243393104,-10.7010775388221));
#5491=CARTESIAN_POINT('',(1.,13.4366051512714,-6.6814299971247));
#5492=CARTESIAN_POINT('Ctrl Pts',(-2.3057362669726,13.9507243393104,-10.7010775388221));
#5493=CARTESIAN_POINT('Ctrl Pts',(-2.14440975221487,13.9496689409588,-10.9838423274662));
#5494=CARTESIAN_POINT('Ctrl Pts',(-1.96397962909686,13.950263991815,-11.2100887216754));
#5495=CARTESIAN_POINT('Ctrl Pts',(-1.67183140814826,13.9486980446213,-11.4596807170817));
#5496=CARTESIAN_POINT('Ctrl Pts',(-1.55306014787755,13.9474746631686,-11.5379069241352));
#5497=CARTESIAN_POINT('Ctrl Pts',(-1.37052605549158,13.9415706724527,-11.6083713305509));
#5498=CARTESIAN_POINT('Ctrl Pts',(-1.31586485449902,13.9393434242386,-11.6239921658677));
#5499=CARTESIAN_POINT('Ctrl Pts',(-1.23351466759216,13.9350639647515,-11.6384423668966));
#5500=CARTESIAN_POINT('Ctrl Pts',(-1.20701166238432,13.9335504080803,-11.6417532058086));
#5501=CARTESIAN_POINT('Ctrl Pts',(-1.15983355178494,13.9305934382688,-11.6452183521647));
#5502=CARTESIAN_POINT('Ctrl Pts',(-1.13927883745227,13.9292170423076,-11.6459134822342));
#5503=CARTESIAN_POINT('Ctrl Pts',(-1.09613893104526,13.9261366969185,-11.645663429305));
#5504=CARTESIAN_POINT('Ctrl Pts',(-1.07363224523084,13.9244191475294,-11.6445476091242));
#5505=CARTESIAN_POINT('Ctrl Pts',(-1.0145534298864,13.9196160443504,-11.6390662355625));
#5506=CARTESIAN_POINT('Ctrl Pts',(-0.978365742499746,13.9163732331724,-11.6331069485767));
#5507=CARTESIAN_POINT('Ctrl Pts',(-0.827217296079,13.9015973421011,-11.5978392472519));
#5508=CARTESIAN_POINT('Ctrl Pts',(-0.71986613923711,13.8879906489033,-11.5468208971419));
#5509=CARTESIAN_POINT('Ctrl Pts',(-0.486929491157768,13.8536347135609,-11.3935382864438));
#5510=CARTESIAN_POINT('Ctrl Pts',(-0.366491043291371,13.8318021111242,-11.2776031299613));
#5511=CARTESIAN_POINT('Ctrl Pts',(-0.113681757733447,13.7816299348435,-10.9825447955482));
#5512=CARTESIAN_POINT('Ctrl Pts',(0.015449257202799,13.7518612731327,-10.7822247071959));
#5513=CARTESIAN_POINT('Ctrl Pts',(0.5011016724474,13.6316089690321,-9.89122733991109));
#5514=CARTESIAN_POINT('Ctrl Pts',(0.773615799858313,13.5355374284513,-8.95711299460899));
#5515=CARTESIAN_POINT('Ctrl Pts',(0.966713511901745,13.457823673676,-7.56608291675067));
#5516=CARTESIAN_POINT('Ctrl Pts',(1.00000000018806,13.4416745457105,-7.12191894626631));
#5517=CARTESIAN_POINT('Ctrl Pts',(1.,13.4366051520501,-6.68142999668881));
#5518=CARTESIAN_POINT('Ctrl Pts',(1.,13.4366051520501,-6.68142999668881));
#5519=CARTESIAN_POINT('Ctrl Pts',(0.999999999878129,13.4333198468025,-6.39596377440334));
#5520=CARTESIAN_POINT('Ctrl Pts',(0.986041569359074,13.4346473262132,-6.11204148525313));
#5521=CARTESIAN_POINT('Ctrl Pts',(0.909634367013569,13.4509285471863,-5.40813853393223));
#5522=CARTESIAN_POINT('Ctrl Pts',(0.822162295432106,13.4738525414888,-4.97079000680772));
#5523=CARTESIAN_POINT('Ctrl Pts',(0.583360862880481,13.5353861335072,-4.33410230320345));
#5524=CARTESIAN_POINT('Ctrl Pts',(0.467091263844442,13.5651800210361,-4.09891395867492));
#5525=CARTESIAN_POINT('Ctrl Pts',(0.196968980844241,13.6298536243424,-3.7301648214749));
#5526=CARTESIAN_POINT('Ctrl Pts',(0.0523679141711767,13.6631867054847,-3.58281974400865));
#5527=CARTESIAN_POINT('Ctrl Pts',(-0.221159702450029,13.7204595956033,-3.41011776030421));
#5528=CARTESIAN_POINT('Ctrl Pts',(-0.331567248691604,13.7424316190516,-3.36080837090907));
#5529=CARTESIAN_POINT('Ctrl Pts',(-0.55159062816223,13.7831061471996,-3.30434473396247));
#5530=CARTESIAN_POINT('Ctrl Pts',(-0.65649153182023,13.8012907615921,-3.29351982970401));
#5531=CARTESIAN_POINT('Ctrl Pts',(-0.890895729700159,13.8389469157621,-3.30337858901978));
#5532=CARTESIAN_POINT('Ctrl Pts',(-1.01653989600664,13.8571629580284,-3.33103793153847));
#5533=CARTESIAN_POINT('Ctrl Pts',(-1.33457619883998,13.8986612895926,-3.44996896235798));
#5534=CARTESIAN_POINT('Ctrl Pts',(-1.51452504835257,13.9172949574215,-3.56858708648701));
#5535=CARTESIAN_POINT('Ctrl Pts',(-1.92510147395788,13.9521014592476,-3.93123994038402));
#5536=CARTESIAN_POINT('Ctrl Pts',(-2.15977874310159,13.9632251602731,-4.24005313288139));
#5537=CARTESIAN_POINT('Ctrl Pts',(-2.62255348647923,13.9728423951918,-5.13575163140089));
#5538=CARTESIAN_POINT('Ctrl Pts',(-2.81358429158458,13.9671213340346,-5.75600623456037));
#5539=CARTESIAN_POINT('Ctrl Pts',(-3.05462434698887,13.9576035560217,-7.38404005052053));
#5540=CARTESIAN_POINT('Ctrl Pts',(-3.01805228589897,13.9575127599707,-8.37625912192163));
#5541=CARTESIAN_POINT('Ctrl Pts',(-2.71365407279506,13.9551571443764,-9.80894842056766));
#5542=CARTESIAN_POINT('Ctrl Pts',(-2.53252885185225,13.9522080168113,-10.303567201319));
#5543=CARTESIAN_POINT('Ctrl Pts',(-2.3057362669726,13.9507243393104,-10.7010775388221));
#5544=CARTESIAN_POINT('Ctrl Pts',(4.83666236146673,11.2772420021324,-9.57401672251116));
#5545=CARTESIAN_POINT('Ctrl Pts',(5.12931606871748,11.0155580803228,-9.29512627212059));
#5546=CARTESIAN_POINT('Ctrl Pts',(5.64321370654074,10.5072305406992,-8.59948128612121));
#5547=CARTESIAN_POINT('Ctrl Pts',(6.28627346602503,9.84964238712544,-7.38073140337705));
#5548=CARTESIAN_POINT('Ctrl Pts',(6.99008647828891,9.11465698198247,-5.59993794587975));
#5549=CARTESIAN_POINT('Ctrl Pts',(7.33790229200147,8.71974318465482,-4.14418118617974));
#5550=CARTESIAN_POINT('Ctrl Pts',(7.51609098252118,8.43147309415794,-2.72896774106527));
#5551=CARTESIAN_POINT('Ctrl Pts',(7.58263381392463,8.27971368777554,-1.86201271638934));
#5552=CARTESIAN_POINT('Ctrl Pts',(7.53307247936459,8.12822367959364,-0.581699134541829));
#5553=CARTESIAN_POINT('Ctrl Pts',(7.34355133928269,8.09092428596055,0.433267219390338));
#5554=CARTESIAN_POINT('Ctrl Pts',(7.0501693886042,8.18632594445804,1.11447074481738));
#5555=CARTESIAN_POINT('Ctrl Pts',(6.73094153206391,8.35657873553799,1.48161395052885));
#5556=CARTESIAN_POINT('Ctrl Pts',(6.3167951334594,8.62587224136687,1.60532746552678));
#5557=CARTESIAN_POINT('Ctrl Pts',(5.71379477752361,9.03850377316707,1.44376640836618));
#5558=CARTESIAN_POINT('Ctrl Pts',(4.98067706460696,9.53195348246988,0.863556464339303));
#5559=CARTESIAN_POINT('Ctrl Pts',(4.20152767198849,10.0354554811179,-0.0855753462115182));
#5560=CARTESIAN_POINT('Ctrl Pts',(3.30549486643464,10.6123640889348,-1.54172378823105));
#5561=CARTESIAN_POINT('Ctrl Pts',(2.80927094975908,10.9584938050118,-2.77237105073956));
#5562=CARTESIAN_POINT('Ctrl Pts',(2.3841298857247,11.3542542703272,-4.35964112309151));
#5563=CARTESIAN_POINT('Ctrl Pts',(2.20128090076053,11.6272003712586,-5.57835143485175));
#5564=CARTESIAN_POINT('Ctrl Pts',(2.26592770363139,11.9605147833582,-7.06695515553601));
#5565=CARTESIAN_POINT('Ctrl Pts',(2.42916461001543,12.1735606799454,-8.06737407886706));
#5566=CARTESIAN_POINT('Ctrl Pts',(2.66084629609813,12.3095341658789,-8.87679325171374));
#5567=CARTESIAN_POINT('Ctrl Pts',(3.0170664001255,12.344317828816,-9.59584773892632));
#5568=CARTESIAN_POINT('Ctrl Pts',(3.48287676013191,12.2103137383279,-9.9994126365855));
#5569=CARTESIAN_POINT('Ctrl Pts',(3.92640097918866,11.976184364097,-10.066752475885));
#5570=CARTESIAN_POINT('Ctrl Pts',(4.36294929844884,11.6851405952389,-9.96341732179363));
#5571=CARTESIAN_POINT('Ctrl Pts',(4.6565382789362,11.4383046340455,-9.74566972146014));
#5572=CARTESIAN_POINT('Ctrl Pts',(4.83666236146673,11.2772420021324,-9.57401672251116));
#5573=CARTESIAN_POINT('Ctrl Pts',(4.88635015366831,11.3046803444893,-9.61374581778611));
#5574=CARTESIAN_POINT('Ctrl Pts',(5.18920201918457,11.0455633311701,-9.33330663362738));
#5575=CARTESIAN_POINT('Ctrl Pts',(5.7189733976497,10.5463506227846,-8.63363753922444));
#5576=CARTESIAN_POINT('Ctrl Pts',(6.37625111515967,9.90734397440027,-7.40674434638875));
#5577=CARTESIAN_POINT('Ctrl Pts',(7.08865360355658,9.20166627012219,-5.61447504305273));
#5578=CARTESIAN_POINT('Ctrl Pts',(7.43181093446173,8.83455122187908,-4.15068237942806));
#5579=CARTESIAN_POINT('Ctrl Pts',(7.59300217225202,8.57830772876685,-2.73272345072883));
#5580=CARTESIAN_POINT('Ctrl Pts',(7.64446515584135,8.44733425334611,-1.86633969317614));
#5581=CARTESIAN_POINT('Ctrl Pts',(7.55668688170468,8.32769125322051,-0.599777999960765));
#5582=CARTESIAN_POINT('Ctrl Pts',(7.31913715129207,8.30570006766099,0.372378338680322));
#5583=CARTESIAN_POINT('Ctrl Pts',(7.00889939341016,8.38177414626371,0.980038457548431));
#5584=CARTESIAN_POINT('Ctrl Pts',(6.72120664139241,8.50979022629507,1.28236978788428));
#5585=CARTESIAN_POINT('Ctrl Pts',(6.37994802151677,8.72897816800402,1.38481401510491));
#5586=CARTESIAN_POINT('Ctrl Pts',(5.84942220623926,9.11076191037059,1.25252847448714));
#5587=CARTESIAN_POINT('Ctrl Pts',(5.14847289022405,9.60499586177971,0.716949027072779));
#5588=CARTESIAN_POINT('Ctrl Pts',(4.37952435520379,10.1190599668885,-0.196243207371318));
#5589=CARTESIAN_POINT('Ctrl Pts',(3.48123989763549,10.7138234298779,-1.61355300711477));
#5590=CARTESIAN_POINT('Ctrl Pts',(2.97140454819226,11.0747079984905,-2.82017549846176));
#5591=CARTESIAN_POINT('Ctrl Pts',(2.51625591534764,11.4872082526593,-4.37918308573154));
#5592=CARTESIAN_POINT('Ctrl Pts',(2.29963894471488,11.7718317212218,-5.57888363624686));
#5593=CARTESIAN_POINT('Ctrl Pts',(2.30579706066471,12.0979124405386,-7.06380556343164));
#5594=CARTESIAN_POINT('Ctrl Pts',(2.43323823168425,12.290520870987,-8.07398918493121));
#5595=CARTESIAN_POINT('Ctrl Pts',(2.64593531262136,12.3997751975207,-8.89766310322304));
#5596=CARTESIAN_POINT('Ctrl Pts',(3.00171389529018,12.403712773046,-9.63137350486209));
#5597=CARTESIAN_POINT('Ctrl Pts',(3.48276908571211,12.2488586338685,-10.0409180505672));
#5598=CARTESIAN_POINT('Ctrl Pts',(3.94269292413744,12.0054798286442,-10.109190884674));
#5599=CARTESIAN_POINT('Ctrl Pts',(4.39560051950784,11.7100544564517,-10.0053511974105));
#5600=CARTESIAN_POINT('Ctrl Pts',(4.70001108799342,11.464260229505,-9.78631614060068));
#5601=CARTESIAN_POINT('Ctrl Pts',(4.88635015366831,11.3046803444893,-9.61374581778611));
#5602=CARTESIAN_POINT('Ctrl Pts',(4.9845289885853,11.3484490861,-9.70237064095258));
#5603=CARTESIAN_POINT('Ctrl Pts',(5.30882556527195,11.0916090955053,-9.42059009783754));
#5604=CARTESIAN_POINT('Ctrl Pts',(5.87369625064017,10.6049294257025,-8.71700135761967));
#5605=CARTESIAN_POINT('Ctrl Pts',(6.56839430241153,9.99450719063362,-7.47813462921096));
#5606=CARTESIAN_POINT('Ctrl Pts',(7.31457257367074,9.33838835294379,-5.66600209823295));
#5607=CARTESIAN_POINT('Ctrl Pts',(7.6679193230342,9.02248801006098,-4.18451119470765));
#5608=CARTESIAN_POINT('Ctrl Pts',(7.81954331540741,8.8331076324483,-2.75457105045623));
#5609=CARTESIAN_POINT('Ctrl Pts',(7.85870157557094,8.74776869146406,-1.88296024976461));
#5610=CARTESIAN_POINT('Ctrl Pts',(7.72686371745925,8.71043426756051,-0.625892949173935));
#5611=CARTESIAN_POINT('Ctrl Pts',(7.41755392522981,8.75855260205886,0.289339600382037));
#5612=CARTESIAN_POINT('Ctrl Pts',(7.07390571156459,8.84569329001764,0.780031910442286));
#5613=CARTESIAN_POINT('Ctrl Pts',(6.82910531843487,8.92939336147924,0.972659940401688));
#5614=CARTESIAN_POINT('Ctrl Pts',(6.59750540315123,9.07518341712318,1.04161395343639));
#5615=CARTESIAN_POINT('Ctrl Pts',(6.1663696110001,9.40706383074176,0.965676266098095));
#5616=CARTESIAN_POINT('Ctrl Pts',(5.49253398970584,9.89873011280492,0.510013420449586));
#5617=CARTESIAN_POINT('Ctrl Pts',(4.71635711629106,10.4238093889968,-0.341770796142468));
#5618=CARTESIAN_POINT('Ctrl Pts',(3.78622117936652,11.0372241426017,-1.69550914374465));
#5619=CARTESIAN_POINT('Ctrl Pts',(3.23540070749045,11.4103721400575,-2.86576793207839));
#5620=CARTESIAN_POINT('Ctrl Pts',(2.70813029224766,11.8280819022038,-4.38715132806551));
#5621=CARTESIAN_POINT('Ctrl Pts',(2.42046664002951,12.1098927263691,-5.56514780672136));
#5622=CARTESIAN_POINT('Ctrl Pts',(2.32660838031123,12.3888614705768,-7.06039150180684));
#5623=CARTESIAN_POINT('Ctrl Pts',(2.40151714354285,12.5249081890153,-8.09643805954573));
#5624=CARTESIAN_POINT('Ctrl Pts',(2.59332964910575,12.5738476772056,-8.94961678271937));
#5625=CARTESIAN_POINT('Ctrl Pts',(2.96118208394105,12.5156088587289,-9.7099978438788));
#5626=CARTESIAN_POINT('Ctrl Pts',(3.47768254647579,12.3203798474892,-10.1294529820153));
#5627=CARTESIAN_POINT('Ctrl Pts',(3.97193264112564,12.0581668140035,-10.199543673533));
#5628=CARTESIAN_POINT('Ctrl Pts',(4.45852310023913,11.7525616272495,-10.0956122573692));
#5629=CARTESIAN_POINT('Ctrl Pts',(4.78499118650077,11.5065789082372,-9.87574124380659));
#5630=CARTESIAN_POINT('Ctrl Pts',(4.9845289885853,11.3484490861,-9.70237064095258));
#5631=CARTESIAN_POINT('Ctrl Pts',(5.11042165888372,11.3754879553357,-9.84419648667225));
#5632=CARTESIAN_POINT('Ctrl Pts',(5.46455403483585,11.1139876148661,-9.56469148676502));
#5633=CARTESIAN_POINT('Ctrl Pts',(6.08026499787856,10.625587507547,-8.86432725564053));
#5634=CARTESIAN_POINT('Ctrl Pts',(6.83834874478467,10.0246964527382,-7.6191145214689));
#5635=CARTESIAN_POINT('Ctrl Pts',(7.65864988289579,9.39649950302824,-5.78703307991173));
#5636=CARTESIAN_POINT('Ctrl Pts',(8.06152451528441,9.11956820226214,-4.27985536278663));
#5637=CARTESIAN_POINT('Ctrl Pts',(8.25662194785371,8.9926141348069,-2.81617496925331));
#5638=CARTESIAN_POINT('Ctrl Pts',(8.32056039643701,8.95304798753299,-1.92152001023735));
#5639=CARTESIAN_POINT('Ctrl Pts',(8.21379468948769,9.01572396834407,-0.622553169199767));
#5640=CARTESIAN_POINT('Ctrl Pts',(7.89895639343317,9.18390458336776,0.326101002770567));
#5641=CARTESIAN_POINT('Ctrl Pts',(7.52416050743271,9.37436812247016,0.82422602564166));
#5642=CARTESIAN_POINT('Ctrl Pts',(7.25057796217708,9.51646514311621,1.01037864039547));
#5643=CARTESIAN_POINT('Ctrl Pts',(6.98995313004836,9.68572853999208,1.08365690865232));
#5644=CARTESIAN_POINT('Ctrl Pts',(6.50768427862042,10.026455329941,1.03018372321964));
#5645=CARTESIAN_POINT('Ctrl Pts',(5.76749987537685,10.517679601454,0.594003065861909));
#5646=CARTESIAN_POINT('Ctrl Pts',(4.92472190467821,11.0370832128903,-0.247467450570408));
#5647=CARTESIAN_POINT('Ctrl Pts',(3.91333605466449,11.6358088644174,-1.59569123241035));
#5648=CARTESIAN_POINT('Ctrl Pts',(3.30163135048949,11.9879569568161,-2.7699658489715));
#5649=CARTESIAN_POINT('Ctrl Pts',(2.69349182409221,12.3591084195825,-4.3091722224381));
#5650=CARTESIAN_POINT('Ctrl Pts',(2.34062403470867,12.5915532550589,-5.51060911204861));
#5651=CARTESIAN_POINT('Ctrl Pts',(2.19008791086345,12.7646383825698,-7.06383161052507));
#5652=CARTESIAN_POINT('Ctrl Pts',(2.2542486344111,12.8111120718463,-8.14876580731593));
#5653=CARTESIAN_POINT('Ctrl Pts',(2.46377223111194,12.7787188592514,-9.04330003389262));
#5654=CARTESIAN_POINT('Ctrl Pts',(2.88019596253696,12.6445393253254,-9.83449716242208));
#5655=CARTESIAN_POINT('Ctrl Pts',(3.45747042055399,12.4008001236063,-10.2629627809731));
#5656=CARTESIAN_POINT('Ctrl Pts',(4.00213906589402,12.1126005458082,-10.3354633515578));
#5657=CARTESIAN_POINT('Ctrl Pts',(4.53589993285559,11.7890185184614,-10.2336985605583));
#5658=CARTESIAN_POINT('Ctrl Pts',(4.89254376084546,11.5365075828644,-10.0161404166787));
#5659=CARTESIAN_POINT('Ctrl Pts',(5.11042165888372,11.3754879553357,-9.84419648667225));
#5660=CARTESIAN_POINT('Ctrl Pts',(5.21332735265499,11.3727973183315,-9.98415066906506));
#5661=CARTESIAN_POINT('Ctrl Pts',(5.59284861303642,11.1007332853178,-9.70898189207313));
#5662=CARTESIAN_POINT('Ctrl Pts',(6.25167545500291,10.5956278832394,-9.01559925304288));
#5663=CARTESIAN_POINT('Ctrl Pts',(7.06614195566087,9.97851165233816,-7.76928860857807));
#5664=CARTESIAN_POINT('Ctrl Pts',(7.95773939177228,9.33973465143414,-5.9221230593721));
#5665=CARTESIAN_POINT('Ctrl Pts',(8.41581531520414,9.06612434044024,-4.38987046602092));
#5666=CARTESIAN_POINT('Ctrl Pts',(8.67036953882879,8.95612381933973,-2.88560411086745));
#5667=CARTESIAN_POINT('Ctrl Pts',(8.77288716119756,8.93136593187096,-1.9599812727081));
#5668=CARTESIAN_POINT('Ctrl Pts',(8.72555704808558,9.03746994193402,-0.588359414867085));
#5669=CARTESIAN_POINT('Ctrl Pts',(8.44980159251979,9.2757381319394,0.467210143303318));
#5670=CARTESIAN_POINT('Ctrl Pts',(8.04694389580639,9.56736998846162,1.10026408992808));
#5671=CARTESIAN_POINT('Ctrl Pts',(7.67738348706449,9.81846365839297,1.39602603753597));
#5672=CARTESIAN_POINT('Ctrl Pts',(7.25881034404084,10.09571690597,1.51158524227704));
#5673=CARTESIAN_POINT('Ctrl Pts',(6.60868791771403,10.5123074889639,1.42626928614495));
#5674=CARTESIAN_POINT('Ctrl Pts',(5.75960238897103,11.0219372198728,0.930913458671068));
#5675=CARTESIAN_POINT('Ctrl Pts',(4.84120622798455,11.5372628421647,0.0389530089715003));
#5676=CARTESIAN_POINT('Ctrl Pts',(3.75872613459293,12.1150332013577,-1.36794710171057));
#5677=CARTESIAN_POINT('Ctrl Pts',(3.10903389121495,12.440293300117,-2.58423101576445));
#5678=CARTESIAN_POINT('Ctrl Pts',(2.46379542688325,12.7627740044908,-4.18687125752639));
#5679=CARTESIAN_POINT('Ctrl Pts',(2.09121202098058,12.9478353264315,-5.44230838611895));
#5680=CARTESIAN_POINT('Ctrl Pts',(1.95431774584374,13.0363814951793,-7.0721057265243));
#5681=CARTESIAN_POINT('Ctrl Pts',(2.05184876060564,13.0167099707925,-8.20784944959638));
#5682=CARTESIAN_POINT('Ctrl Pts',(2.30790499381451,12.926215553232,-9.14016252089572));
#5683=CARTESIAN_POINT('Ctrl Pts',(2.78873930192491,12.7381173885003,-9.95640437589836));
#5684=CARTESIAN_POINT('Ctrl Pts',(3.42893562675592,12.4579521418764,-10.3908130972944));
#5685=CARTESIAN_POINT('Ctrl Pts',(4.02103043330411,12.1466306542801,-10.4655274599028));
#5686=CARTESIAN_POINT('Ctrl Pts',(4.59723653347692,11.803791440483,-10.3670740423663));
#5687=CARTESIAN_POINT('Ctrl Pts',(4.97978090612277,11.5403075876572,-10.1534784840781));
#5688=CARTESIAN_POINT('Ctrl Pts',(5.21332735265499,11.3727973183315,-9.98415066906506));
#5689=CARTESIAN_POINT('Ctrl Pts',(5.267645740803,11.3572187678986,-10.0717447743074));
#5690=CARTESIAN_POINT('Ctrl Pts',(5.66090955390689,11.0757253174454,-9.79967510133797));
#5691=CARTESIAN_POINT('Ctrl Pts',(6.34205369008548,10.5533082835442,-9.11157020247109));
#5692=CARTESIAN_POINT('Ctrl Pts',(7.1857895999139,9.91469548290452,-7.86520519538044));
#5693=CARTESIAN_POINT('Ctrl Pts',(8.11527864640061,9.25248980505921,-6.00886794298527));
#5694=CARTESIAN_POINT('Ctrl Pts',(8.60400473438794,8.96509140935248,-4.46070026190612));
#5695=CARTESIAN_POINT('Ctrl Pts',(8.8929531145342,8.84485901578516,-2.92809432966578));
#5696=CARTESIAN_POINT('Ctrl Pts',(9.0185277709822,8.81444998769238,-1.98087109194566));
#5697=CARTESIAN_POINT('Ctrl Pts',(9.00733335912462,8.91868111840005,-0.555170596672254));
#5698=CARTESIAN_POINT('Ctrl Pts',(8.7578150042048,9.16879423914095,0.58719867731421));
#5699=CARTESIAN_POINT('Ctrl Pts',(8.32951496738627,9.50576063458418,1.33926391879447));
#5700=CARTESIAN_POINT('Ctrl Pts',(7.87811119025445,9.82835421690402,1.7355133973626));
#5701=CARTESIAN_POINT('Ctrl Pts',(7.32696506302793,10.193474855156,1.88696298024275));
#5702=CARTESIAN_POINT('Ctrl Pts',(6.54646207520607,10.679786358146,1.76561305789564));
#5703=CARTESIAN_POINT('Ctrl Pts',(5.6261288225457,11.2128267417728,1.2103421636476));
#5704=CARTESIAN_POINT('Ctrl Pts',(4.66566580088882,11.7327353498856,0.269251382992619));
#5705=CARTESIAN_POINT('Ctrl Pts',(3.55056138694532,12.3041880788972,-1.19258595495953));
#5706=CARTESIAN_POINT('Ctrl Pts',(2.88917181717903,12.6186365193873,-2.44565557790968));
#5707=CARTESIAN_POINT('Ctrl Pts',(2.24043193554816,12.9223648233839,-4.09981343757778));
#5708=CARTESIAN_POINT('Ctrl Pts',(1.87325394135191,13.0897888763809,-5.39685340100632));
#5709=CARTESIAN_POINT('Ctrl Pts',(1.76968689725494,13.1480093299995,-7.07872587583015));
#5710=CARTESIAN_POINT('Ctrl Pts',(1.90324269259645,13.1041296210234,-8.24661996228435));
#5711=CARTESIAN_POINT('Ctrl Pts',(2.19856982226223,12.9913466171576,-9.20163652178238));
#5712=CARTESIAN_POINT('Ctrl Pts',(2.72579655848215,12.7809422337026,-10.0322389189045));
#5713=CARTESIAN_POINT('Ctrl Pts',(3.40681834317825,12.4835264973734,-10.4696843958679));
#5714=CARTESIAN_POINT('Ctrl Pts',(4.02778682152116,12.1588077655515,-10.5458074409762));
#5715=CARTESIAN_POINT('Ctrl Pts',(4.62883450202707,11.8030531845199,-10.4497696218307));
#5716=CARTESIAN_POINT('Ctrl Pts',(5.02562335170345,11.5304904932455,-10.2391689136341));
#5717=CARTESIAN_POINT('Ctrl Pts',(5.267645740803,11.3572187678986,-10.0717447743074));
#5718=CARTESIAN_POINT('Ctrl Pts',(5.29261817520074,11.3460295594719,-10.1159178212289));
#5719=CARTESIAN_POINT('Ctrl Pts',(5.69217266867378,11.0591333178359,-9.84549145077938));
#5720=CARTESIAN_POINT('Ctrl Pts',(6.38323909346757,10.5264578539125,-9.15983776976591));
#5721=CARTESIAN_POINT('Ctrl Pts',(7.23960374869429,9.87466956367253,-7.91319139199804));
#5722=CARTESIAN_POINT('Ctrl Pts',(8.18530106810159,9.19731444270206,-6.05182510911655));
#5723=CARTESIAN_POINT('Ctrl Pts',(8.68701789571736,8.90003328018259,-4.49516494893602));
#5724=CARTESIAN_POINT('Ctrl Pts',(8.99034165616814,8.77047762586872,-2.94819930321191));
#5725=CARTESIAN_POINT('Ctrl Pts',(9.12537449164674,8.73445269880993,-1.9898195098957));
#5726=CARTESIAN_POINT('Ctrl Pts',(9.12861192484449,8.83179045658389,-0.536730087821546));
#5727=CARTESIAN_POINT('Ctrl Pts',(8.88771006568219,9.08107195298081,0.649331215646387));
#5728=CARTESIAN_POINT('Ctrl Pts',(8.4435532743874,9.43463436441448,1.46115053579859));
#5729=CARTESIAN_POINT('Ctrl Pts',(7.94964836379362,9.78952278507613,1.90757502488002));
#5730=CARTESIAN_POINT('Ctrl Pts',(7.33257733673012,10.1978129122942,2.07684216328846));
#5731=CARTESIAN_POINT('Ctrl Pts',(6.4889893290377,10.7203305495763,1.93685389654241));
#5732=CARTESIAN_POINT('Ctrl Pts',(5.53588351310266,11.267535071675,1.35111323478935));
#5733=CARTESIAN_POINT('Ctrl Pts',(4.55721750054978,11.7920779672537,0.384992793045417));
#5734=CARTESIAN_POINT('Ctrl Pts',(3.42912889137559,12.3634941486098,-1.10482540923474));
#5735=CARTESIAN_POINT('Ctrl Pts',(2.76432689606934,12.6752808530072,-2.37648565131382));
#5736=CARTESIAN_POINT('Ctrl Pts',(2.11685684929218,12.9745530999048,-4.05657957170262));
#5737=CARTESIAN_POINT('Ctrl Pts',(1.75487402309656,13.1377595630931,-5.37433100293137));
#5738=CARTESIAN_POINT('Ctrl Pts',(1.67098003469004,13.1882462044989,-7.0822034700527));
#5739=CARTESIAN_POINT('Ctrl Pts',(1.82455446559017,13.1374151373085,-8.26612885617989));
#5740=CARTESIAN_POINT('Ctrl Pts',(2.14100675426121,13.0174155778145,-9.23254351373572));
#5741=CARTESIAN_POINT('Ctrl Pts',(2.692609649955,12.7987922882177,-10.0703919592927));
#5742=CARTESIAN_POINT('Ctrl Pts',(3.39459132096083,12.4940426759645,-10.509350153083));
#5743=CARTESIAN_POINT('Ctrl Pts',(4.03000938919109,12.1627910635353,-10.5861957432366));
#5744=CARTESIAN_POINT('Ctrl Pts',(4.64320066481829,11.8002807990336,-10.4914491941869));
#5745=CARTESIAN_POINT('Ctrl Pts',(5.04669822006379,11.5226100060057,-10.2823613025942));
#5746=CARTESIAN_POINT('Ctrl Pts',(5.29261817520074,11.3460295594719,-10.1159178212289));
#5747=CARTESIAN_POINT('',(4.83666236146673,11.2772420021324,-9.57401672251116));
#5748=CARTESIAN_POINT('Origin',(4.75389772588427,10.5086316939832,-10.2083574900043));
#5749=CARTESIAN_POINT('',(5.10811803239891,11.027060108827,-9.28382513608016));
#5750=CARTESIAN_POINT('Ctrl Pts',(4.83715494940164,11.2772420021324,-9.57366778781014));
#5751=CARTESIAN_POINT('Ctrl Pts',(4.88661082388125,11.2328783598094,-9.52648227382348));
#5752=CARTESIAN_POINT('Ctrl Pts',(4.93504367483073,11.1886366352659,-9.47708304341059));
#5753=CARTESIAN_POINT('Ctrl Pts',(4.98255305449657,11.1446396695199,-9.42582916583072));
#5754=CARTESIAN_POINT('Ctrl Pts',(5.02511911488528,11.1052205587245,-9.37990822003928));
#5755=CARTESIAN_POINT('Ctrl Pts',(5.0669445656846,11.0659979225706,-9.33249782645185));
#5756=CARTESIAN_POINT('Ctrl Pts',(5.1081180323989,11.0270601088497,-9.28382513606207));
#5757=CARTESIAN_POINT('Ctrl Pts',(5.10833381465279,11.0275110483548,-9.28497207937666));
#5758=CARTESIAN_POINT('Ctrl Pts',(5.29233265166616,10.8539380676942,-9.06845698475789));
#5759=CARTESIAN_POINT('Ctrl Pts',(5.46202663886763,10.6853017766212,-8.82608672344141));
#5760=CARTESIAN_POINT('Ctrl Pts',(5.62191592383137,10.5247144000987,-8.57026755223924));
#5761=CARTESIAN_POINT('Ctrl Pts',(5.85756695987914,10.2880344896077,-8.19323132527542));
#5762=CARTESIAN_POINT('Ctrl Pts',(6.0719202130475,10.068838438428,-7.78698136435359));
#5763=CARTESIAN_POINT('Ctrl Pts',(6.267073466165,9.86736723720153,-7.36125720170214));
#5764=CARTESIAN_POINT('Ctrl Pts',(6.46222671928249,9.66589603597504,-6.93553303905069));
#5765=CARTESIAN_POINT('Ctrl Pts',(6.63817997234911,9.48214968470171,-6.4903346746696));
#5766=CARTESIAN_POINT('Ctrl Pts',(6.79412834258145,9.31577280637647,-6.03178501400265));
#5767=CARTESIAN_POINT('Ctrl Pts',(7.10602508304613,8.98301904972598,-5.11468569266874));
#5768=CARTESIAN_POINT('Ctrl Pts',(7.3379022921734,8.7197431848679,-4.14418118619156));
#5769=CARTESIAN_POINT('Ctrl Pts',(7.46186649325568,8.51919638606187,-3.15963046295456));
#5770=CARTESIAN_POINT('Ctrl Pts',(7.51609098265386,8.43147309441192,-2.72896774107172));
#5771=CARTESIAN_POINT('Ctrl Pts',(7.54936239834,8.35559339123328,-2.29549022873423));
#5772=CARTESIAN_POINT('Ctrl Pts',(7.55773788374533,8.29240520495233,-1.86536587559447));
#5773=CARTESIAN_POINT('Ctrl Pts',(7.56611336915066,8.22921701867139,-1.43524152245472));
#5774=CARTESIAN_POINT('Ctrl Pts',(7.54959292427517,8.17872034928808,-1.00847032851282));
#5775=CARTESIAN_POINT('Ctrl Pts',(7.50342847380657,8.14601213587069,-0.592091460767843));
#5776=CARTESIAN_POINT('Ctrl Pts',(7.45726402333798,8.11330392245331,-0.175712593022864));
#5777=CARTESIAN_POINT('Ctrl Pts',(7.38145556727665,8.09838416500164,0.2302739485251));
#5778=CARTESIAN_POINT('Ctrl Pts',(7.25839209835638,8.12521146533619,0.592670637484044));
#5779=CARTESIAN_POINT('Ctrl Pts',(7.19686036389624,8.13862511550347,0.773868981963515));
#5780=CARTESIAN_POINT('Ctrl Pts',(7.12351487622137,8.16247553011733,0.94416986329582));
#5781=CARTESIAN_POINT('Ctrl Pts',(7.03363748963483,8.20277620259298,1.0905108382338));
#5782=CARTESIAN_POINT('Ctrl Pts',(6.9437601030483,8.24307687506863,1.23685181317178));
#5783=CARTESIAN_POINT('Ctrl Pts',(6.83735081755,8.29982780540617,1.35923288171555));
#5784=CARTESIAN_POINT('Ctrl Pts',(6.71512177504938,8.37308552153427,1.44104233515109));
#5785=CARTESIAN_POINT('Ctrl Pts',(6.59289273254876,8.44634323766237,1.52285178858662));
#5786=CARTESIAN_POINT('Ctrl Pts',(6.45484393304565,8.53610773958109,1.56408962691376));
#5787=CARTESIAN_POINT('Ctrl Pts',(6.31044448881272,8.63256893200992,1.56451341393883));
#5788=CARTESIAN_POINT('Ctrl Pts',(6.16604504457979,8.72903012443874,1.5649372009639));
#5789=CARTESIAN_POINT('Ctrl Pts',(6.01529495561718,8.83218800737754,1.5245469366868));
#5790=CARTESIAN_POINT('Ctrl Pts',(5.86592038211585,8.93385657662333,1.45893943090477));
#5791=CARTESIAN_POINT('Ctrl Pts',(5.56717123511319,9.13719371511492,1.3277244193407));
#5792=CARTESIAN_POINT('Ctrl Pts',(5.27392414995607,9.33457359883433,1.0956404417572));
#5793=CARTESIAN_POINT('Ctrl Pts',(4.99744237527332,9.51718054046917,0.821409817882195));
#5794=CARTESIAN_POINT('Ctrl Pts',(4.72096060059057,9.69978748210401,0.547179194007196));
#5795=CARTESIAN_POINT('Ctrl Pts',(4.46124413638193,9.86762148165455,0.230801923840936));
#5796=CARTESIAN_POINT('Ctrl Pts',(4.21938180358003,10.0236520574076,-0.109405266488198));
#5797=CARTESIAN_POINT('Ctrl Pts',(3.97751947077812,10.1796826331606,-0.449612456817333));
#5798=CARTESIAN_POINT('Ctrl Pts',(3.75351126938288,10.3239097851162,-0.813649567309384));
#5799=CARTESIAN_POINT('Ctrl Pts',(3.54903647770771,10.4585200770952,-1.19307955902443));
#5800=CARTESIAN_POINT('Ctrl Pts',(3.14008689435738,10.7277406610532,-1.95193954245453));
#5801=CARTESIAN_POINT('Ctrl Pts',(2.80927094988714,10.958493805105,-2.7723710507766));
#5802=CARTESIAN_POINT('Ctrl Pts',(2.58306284551701,11.1690691463449,-3.61692215281051));
#5803=CARTESIAN_POINT('Ctrl Pts',(2.38412988581197,11.3542542704164,-4.35964112310374));
#5804=CARTESIAN_POINT('Ctrl Pts',(2.26984927018782,11.5248455834944,-5.12133506794597));
#5805=CARTESIAN_POINT('Ctrl Pts',(2.24719616521455,11.6929780796731,-5.87215895997542));
#5806=CARTESIAN_POINT('Ctrl Pts',(2.23360430223059,11.7938575773802,-6.32265329519309));
#5807=CARTESIAN_POINT('Ctrl Pts',(2.25299834308101,11.8938519010037,-6.76923441139809));
#5808=CARTESIAN_POINT('Ctrl Pts',(2.3027311639159,11.9886328609991,-7.20511743816625));
#5809=CARTESIAN_POINT('Ctrl Pts',(2.33588637780583,12.0518201676628,-7.49570612267835));
#5810=CARTESIAN_POINT('Ctrl Pts',(2.38252549391105,12.1126904238251,-7.78154010077405));
#5811=CARTESIAN_POINT('Ctrl Pts',(2.44445866630988,12.1657877995591,-8.05936028529698));
#5812=CARTESIAN_POINT('Ctrl Pts',(2.5063918387087,12.218885175293,-8.3371804698199));
#5813=CARTESIAN_POINT('Ctrl Pts',(2.58361906740112,12.2642096705987,-8.60698686077005));
#5814=CARTESIAN_POINT('Ctrl Pts',(2.68160269908547,12.2926691954055,-8.86173247078082));
#5815=CARTESIAN_POINT('Ctrl Pts',(2.77958633076983,12.3211287202123,-9.11647808079159));
#5816=CARTESIAN_POINT('Ctrl Pts',(2.89832636544609,12.3327232745203,-9.35616290986298));
#5817=CARTESIAN_POINT('Ctrl Pts',(3.05085845478622,12.3117197335754,-9.55671830393021));
#5818=CARTESIAN_POINT('Ctrl Pts',(3.20339054412634,12.2907161926305,-9.75727369799744));
#5819=CARTESIAN_POINT('Ctrl Pts',(3.38971468813028,12.2371145564327,-9.91869965706054));
#5820=CARTESIAN_POINT('Ctrl Pts',(3.59966414248437,12.1412042196222,-9.99495492318075));
#5821=CARTESIAN_POINT('Ctrl Pts',(3.70463886966141,12.093249051217,-10.0330825562409));
#5822=CARTESIAN_POINT('Ctrl Pts',(3.815519924426,12.0347167076585,-10.0499175160652));
#5823=CARTESIAN_POINT('Ctrl Pts',(3.92552899171587,11.9690700647719,-10.0454181017157));
#5824=CARTESIAN_POINT('Ctrl Pts',(4.03553805900573,11.9034234218852,-10.0409186873663));
#5825=CARTESIAN_POINT('Ctrl Pts',(4.14467513882088,11.8306624796703,-10.0150848988429));
#5826=CARTESIAN_POINT('Ctrl Pts',(4.25005418986278,11.7547289669498,-9.97366819534564));
#5827=CARTESIAN_POINT('Ctrl Pts',(4.46081229194658,11.602861941509,-9.89083478835113));
#5828=CARTESIAN_POINT('Ctrl Pts',(4.65653827893741,11.4383046340461,-9.7456697214611));
#5829=CARTESIAN_POINT('Ctrl Pts',(4.83666236146673,11.2772420021324,-9.57401672251116));
#5830=CARTESIAN_POINT('Ctrl Pts',(5.49838646144608,12.3279548714869,-10.9099435893587));
#5831=CARTESIAN_POINT('Ctrl Pts',(5.3998336537069,11.9994455123563,-10.4993068904454));
#5832=CARTESIAN_POINT('Ctrl Pts',(5.25200444209814,11.5066814736605,-9.88335184207559));
#5833=CARTESIAN_POINT('Ctrl Pts',(5.05489882661979,10.8496627553993,-9.06207844424913));
#5834=CARTESIAN_POINT('Ctrl Pts',(4.80851680727185,10.0283893575728,-8.03548669696605));
#5835=CARTESIAN_POINT('Ctrl Pts',(4.41430557631516,8.71435192105052,-6.39293990131314));
#5836=CARTESIAN_POINT('Ctrl Pts',(4.02009434535845,7.40031448452818,-4.75039310566022));
#5837=CARTESIAN_POINT('Ctrl Pts',(3.72443592214093,6.41478640713643,-3.51848300892053));
#5838=CARTESIAN_POINT('Ctrl Pts',(3.57660671053217,5.92202236844055,-2.90252796055069));
#5839=CARTESIAN_POINT('Ctrl Pts',(3.47805390279299,5.59351300930997,-2.49189126163746));
#5840=CARTESIAN_POINT('Ctrl Pts',(3.4287774989234,5.42925832974468,-2.28657291218085));
#5841=CARTESIAN_POINT('Ctrl Pts',(5.03708064261847,12.3279548714869,-10.9099435893587));
#5842=CARTESIAN_POINT('Ctrl Pts',(4.93604590043244,11.9994455123563,-10.4993461555487));
#5843=CARTESIAN_POINT('Ctrl Pts',(4.78458081225906,11.5066814736605,-9.88331160775291));
#5844=CARTESIAN_POINT('Ctrl Pts',(4.58252192166763,10.8496627553993,-9.06209989271512));
#5845=CARTESIAN_POINT('Ctrl Pts',(4.32998846244092,10.0283893575728,-8.0355213915048));
#5846=CARTESIAN_POINT('Ctrl Pts',(3.92595121384889,8.71435192105051,-6.39296988947354));
#5847=CARTESIAN_POINT('Ctrl Pts',(3.52196898035621,7.40031448452818,-4.7503308962627));
#5848=CARTESIAN_POINT('Ctrl Pts',(3.21892412537375,6.41478640713643,-3.51844417549609));
#5849=CARTESIAN_POINT('Ctrl Pts',(3.06738318846545,5.92202236844055,-2.90253025086317));
#5850=CARTESIAN_POINT('Ctrl Pts',(2.9663869217248,5.59351300930997,-2.49187162908584));
#5851=CARTESIAN_POINT('Ctrl Pts',(2.91586955063179,5.42925832974468,-2.28657291218085));
#5852=CARTESIAN_POINT('Ctrl Pts',(4.1210169728146,12.3279548714869,-10.6750032018232));
#5853=CARTESIAN_POINT('Ctrl Pts',(4.01513620484531,11.9994455123563,-10.2587139278828));
#5854=CARTESIAN_POINT('Ctrl Pts',(3.85628370647714,11.5066814736605,-9.63430635011103));
#5855=CARTESIAN_POINT('Ctrl Pts',(3.64451835466229,10.8496627553993,-8.8017310078281));
#5856=CARTESIAN_POINT('Ctrl Pts',(3.37979720143169,10.0283893575728,-7.76102398027496));
#5857=CARTESIAN_POINT('Ctrl Pts',(2.95623748998944,8.71435192105052,-6.09589766426203));
#5858=CARTESIAN_POINT('Ctrl Pts',(2.53265796212661,7.40031448452818,-4.43078799540209));
#5859=CARTESIAN_POINT('Ctrl Pts',(2.21499427259687,6.41478640713643,-3.18193813897062));
#5860=CARTESIAN_POINT('Ctrl Pts',(2.0561690949179,5.92202236844055,-2.55750760994526));
#5861=CARTESIAN_POINT('Ctrl Pts',(1.95027446810592,5.59351300930997,-2.14122997838363));
#5862=CARTESIAN_POINT('Ctrl Pts',(1.89733408412128,5.42925832974468,-1.93308534141343));
#5863=CARTESIAN_POINT('Ctrl Pts',(2.62462186989775,12.3279548714869,-9.37168771560546));
#5864=CARTESIAN_POINT('Ctrl Pts',(2.51074559205395,11.9994455123563,-8.92410438896738));
#5865=CARTESIAN_POINT('Ctrl Pts',(2.33998667996508,11.5066814736605,-8.25267900133485));
#5866=CARTESIAN_POINT('Ctrl Pts',(2.11224088099862,10.8496627553993,-7.35750621302544));
#5867=CARTESIAN_POINT('Ctrl Pts',(1.8275842425495,10.0283893575728,-6.23851697378707));
#5868=CARTESIAN_POINT('Ctrl Pts',(1.37214400836263,8.71435192105051,-4.44812475941536));
#5869=CARTESIAN_POINT('Ctrl Pts',(0.916738862846861,7.40031448452818,-2.65770068489135));
#5870=CARTESIAN_POINT('Ctrl Pts',(0.575147896550367,6.41478640713643,-1.31491632191749));
#5871=CARTESIAN_POINT('Ctrl Pts',(0.404340608082214,5.92202236844055,-0.643534859539557));
#5872=CARTESIAN_POINT('Ctrl Pts',(0.290488869905972,5.59351300930997,-0.195929251135854));
#5873=CARTESIAN_POINT('Ctrl Pts',(0.233550730984074,5.42925832974468,0.0278624121831856));
#5874=CARTESIAN_POINT('Ctrl Pts',(2.17223092459739,12.3279548714869,-7.18072635300389));
#5875=CARTESIAN_POINT('Ctrl Pts',(2.05596815210585,11.9994455123563,-6.68048380733693));
#5876=CARTESIAN_POINT('Ctrl Pts',(1.88154750462952,11.5066814736605,-5.93012318976647));
#5877=CARTESIAN_POINT('Ctrl Pts',(1.64901873510694,10.8496627553993,-4.92963848808963));
#5878=CARTESIAN_POINT('Ctrl Pts',(1.35834555110814,10.0283893575728,-3.67903408792581));
#5879=CARTESIAN_POINT('Ctrl Pts',(0.893263499518419,8.71435192105052,-1.6780676466965));
#5880=CARTESIAN_POINT('Ctrl Pts',(0.428164702409144,7.40031448452818,0.322896770984791));
#5881=CARTESIAN_POINT('Ctrl Pts',(0.0793583133888485,6.41478640713643,1.82362222419912));
#5882=CARTESIAN_POINT('Ctrl Pts',(-0.0950392472169892,5.92202236844055,
2.57398563161382));
#5883=CARTESIAN_POINT('Ctrl Pts',(-0.211313730881112,5.59351300930997,3.0742267620891));
#5884=CARTESIAN_POINT('Ctrl Pts',(-0.269445117126882,5.42925832974468,3.32434803492258));
#5885=CARTESIAN_POINT('Ctrl Pts',(3.00802221013627,12.3279548714869,-5.28754013292641));
#5886=CARTESIAN_POINT('Ctrl Pts',(2.89620611586152,11.9994455123563,-4.74179075487013));
#5887=CARTESIAN_POINT('Ctrl Pts',(2.72847431845039,11.5066814736605,-3.92323229599157));
#5888=CARTESIAN_POINT('Ctrl Pts',(2.50484119791725,10.8496627553993,-2.83174152652764));
#5889=CARTESIAN_POINT('Ctrl Pts',(2.22529626471757,10.0283893575728,-1.46740833679797));
#5890=CARTESIAN_POINT('Ctrl Pts',(1.77802293882871,8.71435192105051,0.715512488629379));
#5891=CARTESIAN_POINT('Ctrl Pts',(1.3307447730084,7.40031448452818,2.89839183818679));
#5892=CARTESIAN_POINT('Ctrl Pts',(0.995291266993429,6.41478640713643,4.5355952121393));
#5893=CARTESIAN_POINT('Ctrl Pts',(0.827566142344534,5.92202236844055,5.35421085336055));
#5894=CARTESIAN_POINT('Ctrl Pts',(0.715746663207803,5.59351300930997,5.89993122478796));
#5895=CARTESIAN_POINT('Ctrl Pts',(0.659838616070425,5.42925832974468,6.1728059138161));
#5896=CARTESIAN_POINT('Ctrl Pts',(4.11226131239627,12.3279548714869,-4.30758521421394));
#5897=CARTESIAN_POINT('Ctrl Pts',(4.0063273990463,11.9994455123563,-3.73833109344939));
#5898=CARTESIAN_POINT('Ctrl Pts',(3.8474181158927,11.5066814736605,-2.88436948603135));
#5899=CARTESIAN_POINT('Ctrl Pts',(3.63554926504187,10.8496627553993,-1.74585145401399));
#5900=CARTESIAN_POINT('Ctrl Pts',(3.37070931959999,10.0283893575728,-0.322666804729624));
#5901=CARTESIAN_POINT('Ctrl Pts',(2.94696383243181,8.71435192105052,1.95444368536802));
#5902=CARTESIAN_POINT('Ctrl Pts',(2.52321302669371,7.40031448452818,4.23160501894661));
#5903=CARTESIAN_POINT('Ctrl Pts',(2.20540554691272,6.41478640713643,5.93942225085987));
#5904=CARTESIAN_POINT('Ctrl Pts',(2.04650359641514,5.92202236844055,6.79331376090913));
#5905=CARTESIAN_POINT('Ctrl Pts',(1.94056596346185,5.59351300930997,7.36260343964953));
#5906=CARTESIAN_POINT('Ctrl Pts',(1.88759900678686,5.42925832974468,7.6472305000318));
#5907=CARTESIAN_POINT('Ctrl Pts',(5.49862792992198,12.3279548714869,-3.9564732357639));
#5908=CARTESIAN_POINT('Ctrl Pts',(5.40008116343316,11.9994455123563,-3.378727823626));
#5909=CARTESIAN_POINT('Ctrl Pts',(5.25224425376837,11.5066814736605,-2.51222256582566));
#5910=CARTESIAN_POINT('Ctrl Pts',(5.05514868056294,10.8496627553993,-1.35674548032536));
#5911=CARTESIAN_POINT('Ctrl Pts',(4.80877148090263,10.0283893575728,0.0875488019429551));
#5912=CARTESIAN_POINT('Ctrl Pts',(4.41456482493623,8.71435192105051,2.39839853249654));
#5913=CARTESIAN_POINT('Ctrl Pts',(4.02034757375949,7.40031448452817,4.70917691551852));
#5914=CARTESIAN_POINT('Ctrl Pts',(3.7246958400806,6.41478640713643,6.44233615460932));
#5915=CARTESIAN_POINT('Ctrl Pts',(3.57687353792011,5.92202236844055,7.30893977849597));
#5916=CARTESIAN_POINT('Ctrl Pts',(3.47831936154852,5.59351300930997,7.88663529291327));
#5917=CARTESIAN_POINT('Ctrl Pts',(3.42904597830411,5.42925832974468,8.17550799898222));
#5918=CARTESIAN_POINT('Ctrl Pts',(6.5732276970749,12.3279548714869,-4.23043191868462));
#5919=CARTESIAN_POINT('Ctrl Pts',(6.48040501235629,11.9994455123563,-3.65934669825972));
#5920=CARTESIAN_POINT('Ctrl Pts',(6.34115423972498,11.5066814736605,-2.80255834155335));
#5921=CARTESIAN_POINT('Ctrl Pts',(6.15550683181027,10.8496627553993,-1.66036835946947));
#5922=CARTESIAN_POINT('Ctrl Pts',(5.92343984539755,10.0283893575728,-0.232556813976456));
#5923=CARTESIAN_POINT('Ctrl Pts',(5.55212953331806,8.71435192105051,2.05197170020036));
#5924=CARTESIAN_POINT('Ctrl Pts',(5.18080863511773,7.40031448452818,4.33660169495072));
#5925=CARTESIAN_POINT('Ctrl Pts',(4.90232915655877,6.41478640713643,6.04996687273302));
#5926=CARTESIAN_POINT('Ctrl Pts',(4.76309297890016,5.92202236844055,6.90661531924723));
#5927=CARTESIAN_POINT('Ctrl Pts',(4.67026289065563,5.59351300930997,7.47777151128377));
#5928=CARTESIAN_POINT('Ctrl Pts',(4.62385154829633,5.42925832974468,7.76331412149621));
#5929=CARTESIAN_POINT('Ctrl Pts',(7.77697394907466,12.3279548714869,-4.9950121154651));
#5930=CARTESIAN_POINT('Ctrl Pts',(7.69055673094826,11.9994455123563,-4.44222821469749));
#5931=CARTESIAN_POINT('Ctrl Pts',(7.56093722963499,11.5066814736605,-3.6131381113727));
#5932=CARTESIAN_POINT('Ctrl Pts',(7.38810356344671,10.8496627553993,-2.50758074813179));
#5933=CARTESIAN_POINT('Ctrl Pts',(7.17206439951641,10.0283893575728,-1.12567360874745));
#5934=CARTESIAN_POINT('Ctrl Pts',(6.82640292107369,8.71435192105051,1.08536176713109));
#5935=CARTESIAN_POINT('Ctrl Pts',(6.48074544169206,7.40031448452817,3.29634293537421));
#5936=CARTESIAN_POINT('Ctrl Pts',(6.2214981030473,6.41478640713642,4.95463613750591));
#5937=CARTESIAN_POINT('Ctrl Pts',(6.09187308827084,5.92202236844055,5.78380097632365));
#5938=CARTESIAN_POINT('Ctrl Pts',(6.00545866693403,5.59351300930996,6.3365469663551));
#5939=CARTESIAN_POINT('Ctrl Pts',(5.96225005787083,5.42925832974467,6.6129389167389));
#5940=CARTESIAN_POINT('Ctrl Pts',(8.89564174083576,12.3279548714869,-6.80982965808757));
#5941=CARTESIAN_POINT('Ctrl Pts',(8.81519336986942,11.9994455123563,-6.30068969466333));
#5942=CARTESIAN_POINT('Ctrl Pts',(8.69449180949341,11.5066814736605,-5.53693212772212));
#5943=CARTESIAN_POINT('Ctrl Pts',(8.53359153684126,10.8496627553993,-4.51864640375394));
#5944=CARTESIAN_POINT('Ctrl Pts',(8.33245281340482,10.0283893575728,-3.24576727574886));
#5945=CARTESIAN_POINT('Ctrl Pts',(8.01062542801423,8.71435192105052,-1.20915175883614));
#5946=CARTESIAN_POINT('Ctrl Pts',(7.68877970706535,7.40031448452818,0.827493863392793));
#5947=CARTESIAN_POINT('Ctrl Pts',(7.44741480667165,6.41478640713643,2.35494624292901));
#5948=CARTESIAN_POINT('Ctrl Pts',(7.3267385253357,5.92202236844055,3.11866230398953));
#5949=CARTESIAN_POINT('Ctrl Pts',(7.24627733118481,5.59351300930997,3.62782332191452));
#5950=CARTESIAN_POINT('Ctrl Pts',(7.20605314570164,5.42925832974468,3.88239330362664));
#5951=CARTESIAN_POINT('Ctrl Pts',(8.37376668201019,12.3279548714869,-9.37424031125763));
#5952=CARTESIAN_POINT('Ctrl Pts',(8.29054142573993,11.9994455123563,-8.92673124992495));
#5953=CARTESIAN_POINT('Ctrl Pts',(8.16566398454773,11.5066814736605,-8.25537167899655));
#5954=CARTESIAN_POINT('Ctrl Pts',(7.99920865666205,10.8496627553993,-7.36034187257953));
#5955=CARTESIAN_POINT('Ctrl Pts',(7.79112124501767,10.0283893575728,-6.24151032918672));
#5956=CARTESIAN_POINT('Ctrl Pts',(7.45817398359668,8.71435192105051,-4.45136189793885));
#5957=CARTESIAN_POINT('Ctrl Pts',(7.12520171536252,7.40031448452818,-2.66115279120779));
#5958=CARTESIAN_POINT('Ctrl Pts',(6.87549895952608,6.41478640713643,-1.31856012702194));
#5959=CARTESIAN_POINT('Ctrl Pts',(6.75065599496237,5.92202236844055,-0.647284208739708));
#5960=CARTESIAN_POINT('Ctrl Pts',(6.6674132498884,5.59351300930997,-0.199732713306805));
#5961=CARTESIAN_POINT('Ctrl Pts',(6.62580062175327,5.42925832974468,0.024021817359533));
#5962=CARTESIAN_POINT('Ctrl Pts',(6.87796667459444,12.3279548714869,-10.6745843537073));
#5963=CARTESIAN_POINT('Ctrl Pts',(6.78674559484217,11.9994455123564,-10.2582600441129));
#5964=CARTESIAN_POINT('Ctrl Pts',(6.64997354779404,11.5066814736605,-9.63388793003268));
#5965=CARTESIAN_POINT('Ctrl Pts',(6.46753864020656,10.8496627553993,-8.80125323098914));
#5966=CARTESIAN_POINT('Ctrl Pts',(6.2395224929412,10.0283893575728,-7.76051261924465));
#5967=CARTESIAN_POINT('Ctrl Pts',(5.87470780592948,8.71435192105052,-6.09534904035501));
#5968=CARTESIAN_POINT('Ctrl Pts',(5.50993077921586,7.40031448452818,-4.43025775087766));
#5969=CARTESIAN_POINT('Ctrl Pts',(5.23630818246018,6.41478640713643,-3.18136283588261));
#5970=CARTESIAN_POINT('Ctrl Pts',(5.09948421355785,5.92202236844055,-2.55689105715515));
#5971=CARTESIAN_POINT('Ctrl Pts',(5.0082894719702,5.59351300930997,-2.14061730399647));
#5972=CARTESIAN_POINT('Ctrl Pts',(4.96267893209406,5.42925832974468,-1.93245514919926));
#5973=CARTESIAN_POINT('Ctrl Pts',(5.95969228027369,12.3279548714869,-10.9099435893587));
#5974=CARTESIAN_POINT('Ctrl Pts',(5.86362186829532,11.9994455123563,-10.499373309314));
#5975=CARTESIAN_POINT('Ctrl Pts',(5.7194275992362,11.5066814736605,-9.8832837837243));
#5976=CARTESIAN_POINT('Ctrl Pts',(5.52727598356356,10.8496627553993,-9.06211472539259));
#5977=CARTESIAN_POINT('Ctrl Pts',(5.28704555971855,10.0283893575728,-8.03554538449822));
#5978=CARTESIAN_POINT('Ctrl Pts',(4.90266029110335,8.71435192105051,-6.39299062777303));
#5979=CARTESIAN_POINT('Ctrl Pts',(4.51821897948109,7.40031448452818,-4.75028787538049));
#5980=CARTESIAN_POINT('Ctrl Pts',(4.22994726266582,6.41478640713643,-3.51841732025805));
#5981=CARTESIAN_POINT('Ctrl Pts',(4.08583025950708,5.92202236844055,-2.90253183472779));
#5982=CARTESIAN_POINT('Ctrl Pts',(3.9897206532042,5.59351300930997,-2.49185805220318));
#5983=CARTESIAN_POINT('Ctrl Pts',(3.94168544721502,5.42925832974468,-2.28657291218085));
#5984=CARTESIAN_POINT('Ctrl Pts',(5.49838646144608,12.3279548714869,-10.9099435893587));
#5985=CARTESIAN_POINT('Ctrl Pts',(5.3998336537069,11.9994455123563,-10.4993068904454));
#5986=CARTESIAN_POINT('Ctrl Pts',(5.25200444209814,11.5066814736605,-9.88335184207559));
#5987=CARTESIAN_POINT('Ctrl Pts',(5.05489882661979,10.8496627553993,-9.06207844424913));
#5988=CARTESIAN_POINT('Ctrl Pts',(4.80851680727185,10.0283893575728,-8.03548669696605));
#5989=CARTESIAN_POINT('Ctrl Pts',(4.41430557631516,8.71435192105052,-6.39293990131314));
#5990=CARTESIAN_POINT('Ctrl Pts',(4.02009434535845,7.40031448452818,-4.75039310566022));
#5991=CARTESIAN_POINT('Ctrl Pts',(3.72443592214093,6.41478640713643,-3.51848300892053));
#5992=CARTESIAN_POINT('Ctrl Pts',(3.57660671053217,5.92202236844055,-2.90252796055069));
#5993=CARTESIAN_POINT('Ctrl Pts',(3.47805390279299,5.59351300930997,-2.49189126163746));
#5994=CARTESIAN_POINT('Ctrl Pts',(3.4287774989234,5.42925832974468,-2.28657291218085));
#5995=CARTESIAN_POINT('',(3.8177878480326,6.72595949337819,-3.90744936673224));
#5996=CARTESIAN_POINT('',(6.,14.,-13.));
#5997=CARTESIAN_POINT('',(6.53435018004626,5.47649888153655,4.99733335292105));
#5998=CARTESIAN_POINT('Ctrl Pts',(6.53435018004626,5.47649888153655,4.99733335292105));
#5999=CARTESIAN_POINT('Ctrl Pts',(6.68260525323614,5.44186469113889,4.56069855536811));
#6000=CARTESIAN_POINT('Ctrl Pts',(6.86587095914496,5.42095224302801,3.61139904495315));
#6001=CARTESIAN_POINT('Ctrl Pts',(6.881201792871,5.47903976203546,1.61215246617949));
#6002=CARTESIAN_POINT('Ctrl Pts',(6.43474591186331,5.66930085032997,-0.401807433226103));
#6003=CARTESIAN_POINT('Ctrl Pts',(5.79402615823165,5.94179763123789,-1.75770871593599));
#6004=CARTESIAN_POINT('Ctrl Pts',(5.32607370665444,6.13919774897556,-2.54194575880434));
#6005=CARTESIAN_POINT('Ctrl Pts',(4.83482895728502,6.34461436468215,-3.21729551403179));
#6006=CARTESIAN_POINT('Ctrl Pts',(4.2011632510442,6.59310654533563,-3.73741400643539));
#6007=CARTESIAN_POINT('Ctrl Pts',(3.83948373609363,6.71839391877249,-3.89796216576178));
#6008=CARTESIAN_POINT('Ctrl Pts',(3.8180421476379,6.7257664894301,-3.90704773547835));
#6009=CARTESIAN_POINT('',(1.73906878676253,6.71166233798266,4.72889875568834));
#6010=CARTESIAN_POINT('Ctrl Pts',(1.73906878676272,6.71166233798264,4.72889875568858));
#6011=CARTESIAN_POINT('Ctrl Pts',(2.12965493883162,6.66628973875991,5.26116128489504));
#6012=CARTESIAN_POINT('Ctrl Pts',(3.0824408164346,6.5352832821864,6.18562529731351));
#6013=CARTESIAN_POINT('Ctrl Pts',(4.5599964042073,6.14433600170708,6.7406726227101));
#6014=CARTESIAN_POINT('Ctrl Pts',(5.87303231119283,5.67562479243085,6.36449118179144));
#6015=CARTESIAN_POINT('Ctrl Pts',(6.33669485050816,5.52267357336356,5.57945977154011));
#6016=CARTESIAN_POINT('Ctrl Pts',(6.53435018004626,5.47649888153655,4.99733335292105));
#6017=CARTESIAN_POINT('Ctrl Pts',(3.81766396029788,6.72589652137526,-3.90720794241594));
#6018=CARTESIAN_POINT('Ctrl Pts',(3.49712463895136,6.83610257966391,-4.04295634867972));
#6019=CARTESIAN_POINT('Ctrl Pts',(2.78411042489014,7.05601312927041,-4.1462453031749));
#6020=CARTESIAN_POINT('Ctrl Pts',(1.83544385002656,7.20051423005961,-3.52699829561139));
#6021=CARTESIAN_POINT('Ctrl Pts',(1.4071565004454,7.17889846767258,-2.84084277210942));
#6022=CARTESIAN_POINT('Ctrl Pts',(0.806735826575598,7.10605671089258,-1.60129288993658));
#6023=CARTESIAN_POINT('Ctrl Pts',(0.466441280232667,6.95586523220347,-0.10224652748257));
#6024=CARTESIAN_POINT('Ctrl Pts',(0.567475766998682,6.81519124270592,2.44606485654729));
#6025=CARTESIAN_POINT('Ctrl Pts',(1.1413800885477,6.78109308871565,3.91441187102824));
#6026=CARTESIAN_POINT('Ctrl Pts',(1.73906878676253,6.71166233798266,4.72889875568834));
#6027=CARTESIAN_POINT('Ctrl Pts',(6.53435018004626,5.47649888153655,4.99733335292105));
#6028=CARTESIAN_POINT('Ctrl Pts',(6.68260525323614,5.44186469113889,4.56069855536811));
#6029=CARTESIAN_POINT('Ctrl Pts',(6.86587095914496,5.42095224302801,3.61139904495315));
#6030=CARTESIAN_POINT('Ctrl Pts',(6.881201792871,5.47903976203546,1.61215246617949));
#6031=CARTESIAN_POINT('Ctrl Pts',(6.43474591186331,5.66930085032997,-0.401807433226103));
#6032=CARTESIAN_POINT('Ctrl Pts',(5.79402615823165,5.94179763123789,-1.75770871593599));
#6033=CARTESIAN_POINT('Ctrl Pts',(5.32607370665444,6.13919774897556,-2.54194575880434));
#6034=CARTESIAN_POINT('Ctrl Pts',(4.83482895728502,6.34461436468215,-3.21729551403179));
#6035=CARTESIAN_POINT('Ctrl Pts',(3.91321319644394,6.70602623829391,-3.97376599268176));
#6036=CARTESIAN_POINT('Ctrl Pts',(2.80447530254759,7.05291114663825,-4.15953858227096));
#6037=CARTESIAN_POINT('Ctrl Pts',(1.83544385002656,7.20051423005961,-3.52699829561139));
#6038=CARTESIAN_POINT('Ctrl Pts',(1.4071565004454,7.17889846767258,-2.84084277210942));
#6039=CARTESIAN_POINT('Ctrl Pts',(0.806735826575598,7.10605671089258,-1.60129288993658));
#6040=CARTESIAN_POINT('Ctrl Pts',(0.466441280232667,6.95586523220347,-0.10224652748257));
#6041=CARTESIAN_POINT('Ctrl Pts',(0.567475766998682,6.81519124270592,2.44606485654729));
#6042=CARTESIAN_POINT('Ctrl Pts',(1.1413800885477,6.78109308871565,3.91441187102824));
#6043=CARTESIAN_POINT('Ctrl Pts',(1.73906878676253,6.71166233798266,4.72889875568834));
#6044=CARTESIAN_POINT('Ctrl Pts',(6.54600977837144,5.39354203549853,5.02789741722834));
#6045=CARTESIAN_POINT('Ctrl Pts',(6.68945260118038,5.34742722192284,4.58623227757052));
#6046=CARTESIAN_POINT('Ctrl Pts',(6.85408902028025,5.30724110988217,3.62834149709961));
#6047=CARTESIAN_POINT('Ctrl Pts',(6.82283863367054,5.34741013749112,1.62573009331426));
#6048=CARTESIAN_POINT('Ctrl Pts',(6.33423282728442,5.53948375872386,-0.373530552765014));
#6049=CARTESIAN_POINT('Ctrl Pts',(5.67326984008571,5.81673452977478,-1.70402990590466));
#6050=CARTESIAN_POINT('Ctrl Pts',(5.19521292798917,6.01817781027267,-2.465383504791));
#6051=CARTESIAN_POINT('Ctrl Pts',(4.70321591409955,6.22575764822029,-3.11882488056909));
#6052=CARTESIAN_POINT('Ctrl Pts',(3.80071273171391,6.58850524723601,-3.81739617224446));
#6053=CARTESIAN_POINT('Ctrl Pts',(2.80132504146974,6.90778986647228,-3.97356994538));
#6054=CARTESIAN_POINT('Ctrl Pts',(1.90380764511653,7.02380132257345,-3.42563975486406));
#6055=CARTESIAN_POINT('Ctrl Pts',(1.45266597795441,7.00424545120672,-2.78030147993221));
#6056=CARTESIAN_POINT('Ctrl Pts',(0.816465691937334,6.94257731131977,-1.58909418974958));
#6057=CARTESIAN_POINT('Ctrl Pts',(0.429182538287473,6.8284743862338,-0.0960088919965804));
#6058=CARTESIAN_POINT('Ctrl Pts',(0.511695171992437,6.74212202930721,2.4673338963074));
#6059=CARTESIAN_POINT('Ctrl Pts',(1.09046122170193,6.72993419161651,3.94732578102798));
#6060=CARTESIAN_POINT('Ctrl Pts',(1.69449458212051,6.66932146740861,4.76643338165539));
#6061=CARTESIAN_POINT('Ctrl Pts',(6.59152678810928,5.23336080924615,5.09610717137944));
#6062=CARTESIAN_POINT('Ctrl Pts',(6.73055518880846,5.16266117074944,4.64425473649984));
#6063=CARTESIAN_POINT('Ctrl Pts',(6.87003731390931,5.07706490916012,3.66688950472487));
#6064=CARTESIAN_POINT('Ctrl Pts',(6.76253579158479,5.05956794977402,1.64613191878499));
#6065=CARTESIAN_POINT('Ctrl Pts',(6.19603777500775,5.22854389757102,-0.342710767237614));
#6066=CARTESIAN_POINT('Ctrl Pts',(5.48704953793607,5.49418155327375,-1.64015615725776));
#6067=CARTESIAN_POINT('Ctrl Pts',(4.98346720683819,5.68860119787265,-2.37069592518692));
#6068=CARTESIAN_POINT('Ctrl Pts',(4.47759312757153,5.88816605643025,-2.99215202183324));
#6069=CARTESIAN_POINT('Ctrl Pts',(3.58487041342194,6.23427290773347,-3.59951122501971));
#6070=CARTESIAN_POINT('Ctrl Pts',(2.74541816956472,6.50259622004545,-3.70561961114405));
#6071=CARTESIAN_POINT('Ctrl Pts',(1.94765028461358,6.6012911389793,-3.2988839857129));
#6072=CARTESIAN_POINT('Ctrl Pts',(1.45330958373917,6.61417329992466,-2.71201318700736));
#6073=CARTESIAN_POINT('Ctrl Pts',(0.758983318325849,6.61328791382857,-1.5851599167406));
#6074=CARTESIAN_POINT('Ctrl Pts',(0.306816298128621,6.58839308456179,-0.0848289608230968));
#6075=CARTESIAN_POINT('Ctrl Pts',(0.380809279612932,6.61351007465243,2.51709183981958));
#6076=CARTESIAN_POINT('Ctrl Pts',(0.978926513912209,6.64070334425531,4.01848247326217));
#6077=CARTESIAN_POINT('Ctrl Pts',(1.59848754183847,6.59727863961159,4.84761292659));
#6078=CARTESIAN_POINT('Ctrl Pts',(6.71072606366694,5.04455315140618,5.2027039201605));
#6079=CARTESIAN_POINT('Ctrl Pts',(6.85815453954008,4.94012247346739,4.73594073186448));
#6080=CARTESIAN_POINT('Ctrl Pts',(6.99658536347172,4.78796408247095,3.72636703894968));
#6081=CARTESIAN_POINT('Ctrl Pts',(6.84770802348345,4.6642574935707,1.64955433908912));
#6082=CARTESIAN_POINT('Ctrl Pts',(6.21927169488904,4.7618076120707,-0.378533808925094));
#6083=CARTESIAN_POINT('Ctrl Pts',(5.45957154756485,4.97902232966277,-1.69924873565975));
#6084=CARTESIAN_POINT('Ctrl Pts',(4.91984899266053,5.14363756141389,-2.44077030671779));
#6085=CARTESIAN_POINT('Ctrl Pts',(4.38218075764225,5.3157641883541,-3.07285628387994));
#6086=CARTESIAN_POINT('Ctrl Pts',(3.43310625302977,5.62282852139835,-3.67995613355555));
#6087=CARTESIAN_POINT('Ctrl Pts',(2.56514435871029,5.87565521250133,-3.7846376676304));
#6088=CARTESIAN_POINT('Ctrl Pts',(1.73690708376741,6.04605878614175,-3.39441664986462));
#6089=CARTESIAN_POINT('Ctrl Pts',(1.21208028359627,6.13278412095743,-2.79425470524515));
#6090=CARTESIAN_POINT('Ctrl Pts',(0.484644795533573,6.25158094254497,-1.63368587028909));
#6091=CARTESIAN_POINT('Ctrl Pts',(0.0317080810384821,6.34263479335553,-0.0770932209858675));
#6092=CARTESIAN_POINT('Ctrl Pts',(0.162628323629522,6.4946977641644,2.59860843133365));
#6093=CARTESIAN_POINT('Ctrl Pts',(0.804857977436699,6.56352014917172,4.12873709202387));
#6094=CARTESIAN_POINT('Ctrl Pts',(1.45375264887376,6.5375945996087,4.97084997663928));
#6095=CARTESIAN_POINT('Ctrl Pts',(6.85733893212809,4.90855702615624,5.30376591333822));
#6096=CARTESIAN_POINT('Ctrl Pts',(7.02184493707292,4.77751754491812,4.82247495018066));
#6097=CARTESIAN_POINT('Ctrl Pts',(7.18332747741127,4.57186592729026,3.77950197648359));
#6098=CARTESIAN_POINT('Ctrl Pts',(7.04496335048006,4.35890778345878,1.63184900774431));
#6099=CARTESIAN_POINT('Ctrl Pts',(6.40439237952612,4.39261927157988,-0.467700846873766));
#6100=CARTESIAN_POINT('Ctrl Pts',(5.62064893351532,4.57192773524735,-1.85497007983803));
#6101=CARTESIAN_POINT('Ctrl Pts',(5.0603893679399,4.71498100914454,-2.64640662662415));
#6102=CARTESIAN_POINT('Ctrl Pts',(4.49117077099203,4.87146417403916,-3.32442139637442));
#6103=CARTESIAN_POINT('Ctrl Pts',(3.46156385597933,5.16786887883666,-4.0291761293962));
#6104=CARTESIAN_POINT('Ctrl Pts',(2.38232566585369,5.4681352239427,-4.18279349068569));
#6105=CARTESIAN_POINT('Ctrl Pts',(1.39002404669704,5.72508174744785,-3.66591178226566));
#6106=CARTESIAN_POINT('Ctrl Pts',(0.859619089553414,5.85833474181034,-2.98755227676487));
#6107=CARTESIAN_POINT('Ctrl Pts',(0.130894787723192,6.05406779619613,-1.7137365200403));
#6108=CARTESIAN_POINT('Ctrl Pts',(-0.271841216235222,6.21139442071188,-0.0789861316628884));
#6109=CARTESIAN_POINT('Ctrl Pts',(-0.0554206832371116,6.43885160249432,
2.67811543633441));
#6110=CARTESIAN_POINT('Ctrl Pts',(0.639380667070791,6.53215123339201,4.2330686440637));
#6111=CARTESIAN_POINT('Ctrl Pts',(1.31740946304492,6.51683947528064,5.08756180792438));
#6112=CARTESIAN_POINT('Ctrl Pts',(6.96139507161018,4.84852291661321,5.36409960640323));
#6113=CARTESIAN_POINT('Ctrl Pts',(7.14018960531426,4.70482325364448,4.87353908587717));
#6114=CARTESIAN_POINT('Ctrl Pts',(7.32467560675258,4.47417722229459,3.80859205029226));
#6115=CARTESIAN_POINT('Ctrl Pts',(7.21308694339388,4.22089618355096,1.61085530009161));
#6116=CARTESIAN_POINT('Ctrl Pts',(6.58338238159237,4.22881666805223,-0.543248605260215));
#6117=CARTESIAN_POINT('Ctrl Pts',(5.79656882507623,4.39904182432577,-1.9856593731373));
#6118=CARTESIAN_POINT('Ctrl Pts',(5.22858394183877,4.53997484479042,-2.8182698506099));
#6119=CARTESIAN_POINT('Ctrl Pts',(4.64271446286726,4.69814602433294,-3.53603082621298));
#6120=CARTESIAN_POINT('Ctrl Pts',(3.5562412186072,5.01195182042746,-4.32796484363124));
#6121=CARTESIAN_POINT('Ctrl Pts',(2.29130445949958,5.36794780544209,-4.52654198026906));
#6122=CARTESIAN_POINT('Ctrl Pts',(1.15186508523217,5.66571016490852,-3.88928484994178));
#6123=CARTESIAN_POINT('Ctrl Pts',(0.619444622437725,5.8060717369526,-3.14358588447691));
#6124=CARTESIAN_POINT('Ctrl Pts',(-0.108575369428015,6.01636662767755,-1.77569334301341));
#6125=CARTESIAN_POINT('Ctrl Pts',(-0.468007700882176,6.18579970531141,-0.0851209025493169));
#6126=CARTESIAN_POINT('Ctrl Pts',(-0.190279576315391,6.43297530076143,2.72598404383114));
#6127=CARTESIAN_POINT('Ctrl Pts',(0.537801934797845,6.53400656476815,4.29614443072899));
#6128=CARTESIAN_POINT('Ctrl Pts',(1.23530201869619,6.52191457926562,5.15815424718656));
#6129=CARTESIAN_POINT('Ctrl Pts',(7.01640971559877,4.82450492440627,5.39358680599521));
#6130=CARTESIAN_POINT('Ctrl Pts',(7.20289201675952,4.67553829971056,4.89820307623665));
#6131=CARTESIAN_POINT('Ctrl Pts',(7.40062029455582,4.43480181525967,3.82186343303684));
#6132=CARTESIAN_POINT('Ctrl Pts',(7.30534336299401,4.16656404730541,1.59817423789924));
#6133=CARTESIAN_POINT('Ctrl Pts',(6.68412697952272,4.16677912660336,-0.584463757136523));
#6134=CARTESIAN_POINT('Ctrl Pts',(5.89694565813528,4.33764627750389,-2.05478083761906));
#6135=CARTESIAN_POINT('Ctrl Pts',(5.32657908378618,4.48102297486133,-2.90888025097241));
#6136=CARTESIAN_POINT('Ctrl Pts',(4.73232281092112,4.64373737198335,-3.64637855699811));
#6137=CARTESIAN_POINT('Ctrl Pts',(3.61800154332894,4.97248649961265,-4.48290569148499));
#6138=CARTESIAN_POINT('Ctrl Pts',(2.25634035028713,5.36033900843702,-4.7033891286953));
#6139=CARTESIAN_POINT('Ctrl Pts',(1.03702055288759,5.67285323019432,-4.0047112840017));
#6140=CARTESIAN_POINT('Ctrl Pts',(0.502183017696952,5.81060906260213,-3.22461744595197));
#6141=CARTESIAN_POINT('Ctrl Pts',(-0.227303155403633,6.0188426192369,-1.80879095950875));
#6142=CARTESIAN_POINT('Ctrl Pts',(-0.565633777722756,6.186727642104,-0.0894917613608458));
#6143=CARTESIAN_POINT('Ctrl Pts',(-0.257884759483577,6.43703452313987,2.74940254444537));
#6144=CARTESIAN_POINT('Ctrl Pts',(0.488016172882998,6.54002908350457,4.32722013438657));
#6145=CARTESIAN_POINT('Ctrl Pts',(1.19470995721408,6.52880502569706,5.19313014546313));
#6146=CARTESIAN_POINT('Origin',(1.30005428372083,7.52054901057436,5.12001078186826));
#6147=CARTESIAN_POINT('Origin',(7.45947454981256,5.71527821666562,5.29251012975118));
#6148=CARTESIAN_POINT('Ctrl Pts',(1.73906878676272,6.71166233798264,4.72889875568858));
#6149=CARTESIAN_POINT('Ctrl Pts',(2.12965493883162,6.66628973875991,5.26116128489504));
#6150=CARTESIAN_POINT('Ctrl Pts',(3.0824408164346,6.5352832821864,6.18562529731351));
#6151=CARTESIAN_POINT('Ctrl Pts',(4.5599964042073,6.14433600170708,6.7406726227101));
#6152=CARTESIAN_POINT('Ctrl Pts',(5.87303231119283,5.67562479243085,6.36449118179144));
#6153=CARTESIAN_POINT('Ctrl Pts',(6.33669485050816,5.52267357336356,5.57945977154011));
#6154=CARTESIAN_POINT('Ctrl Pts',(6.53435018004626,5.47649888153655,4.99733335292105));
#6155=CARTESIAN_POINT('Ctrl Pts',(1.58305907051564,6.56346929097348,4.86026994657327));
#6156=CARTESIAN_POINT('Ctrl Pts',(1.98687923770965,6.5393826356025,5.40411566770012));
#6157=CARTESIAN_POINT('Ctrl Pts',(2.97109116408047,6.43664897196155,6.34671569434827));
#6158=CARTESIAN_POINT('Ctrl Pts',(4.5113327639435,6.05900485279115,6.91943652589003));
#6159=CARTESIAN_POINT('Ctrl Pts',(5.91953134478468,5.53352879639879,6.53431442600026));
#6160=CARTESIAN_POINT('Ctrl Pts',(6.40150479333526,5.28591287060156,5.70978865968107));
#6161=CARTESIAN_POINT('Ctrl Pts',(6.57515877418438,5.18614992040349,5.10430757799657));
#6162=CARTESIAN_POINT('Ctrl Pts',(1.3841395774641,6.49664960901703,5.02990928683937));
#6163=CARTESIAN_POINT('Ctrl Pts',(1.81606891502673,6.48716319481143,5.58427680081079));
#6164=CARTESIAN_POINT('Ctrl Pts',(2.85209939891423,6.40238398398014,6.54258785508067));
#6165=CARTESIAN_POINT('Ctrl Pts',(4.47425694062133,6.02558710478326,7.12957760183016));
#6166=CARTESIAN_POINT('Ctrl Pts',(6.00798762124375,5.44109036635065,6.73955610604906));
#6167=CARTESIAN_POINT('Ctrl Pts',(6.56044467379719,5.10293513451848,5.88649730994403));
#6168=CARTESIAN_POINT('Ctrl Pts',(6.75967471031868,4.93658888803865,5.25597987456597));
#6169=CARTESIAN_POINT('Ctrl Pts',(1.1947099572143,6.52880502569706,5.19313014546339));
#6170=CARTESIAN_POINT('Ctrl Pts',(1.65653031074835,6.52147016799816,5.75899739420753));
#6171=CARTESIAN_POINT('Ctrl Pts',(2.74759356511994,6.43900760384312,6.73406421065207));
#6172=CARTESIAN_POINT('Ctrl Pts',(4.45449724273174,6.04991809568094,7.33581626723926));
#6173=CARTESIAN_POINT('Ctrl Pts',(6.12352133969597,5.41504504092926,6.93948097920262));
#6174=CARTESIAN_POINT('Ctrl Pts',(6.7677894161656,5.02310890240775,6.05403796120014));
#6175=CARTESIAN_POINT('Ctrl Pts',(7.01640971559877,4.82450492440627,5.39358680599521));
#6176=CARTESIAN_POINT('Ctrl Pts',(7.01640971559877,4.82450492440627,5.39358680599521));
#6177=CARTESIAN_POINT('Ctrl Pts',(6.7677894161656,5.02310890240775,6.05403796120014));
#6178=CARTESIAN_POINT('Ctrl Pts',(6.12352133969597,5.41504504092926,6.93948097920262));
#6179=CARTESIAN_POINT('Ctrl Pts',(4.45449724273174,6.04991809568094,7.33581626723926));
#6180=CARTESIAN_POINT('Ctrl Pts',(2.74759356511994,6.43900760384312,6.73406421065207));
#6181=CARTESIAN_POINT('Ctrl Pts',(1.65653031074835,6.52147016799816,5.75899739420753));
#6182=CARTESIAN_POINT('Ctrl Pts',(1.1947099572143,6.52880502569706,5.19313014546339));
#6183=CARTESIAN_POINT('Ctrl Pts',(-7.72615959042364,5.5883540137756,4.80350350800981));
#6184=CARTESIAN_POINT('Ctrl Pts',(-7.61449595132551,5.5889153749814,5.15459770105612));
#6185=CARTESIAN_POINT('Ctrl Pts',(-7.3366930340215,5.60840576591726,5.82086614465379));
#6186=CARTESIAN_POINT('Ctrl Pts',(-6.67513762279849,5.77251610229309,6.58248068493139));
#6187=CARTESIAN_POINT('Ctrl Pts',(-5.73730236334208,6.07286433492342,6.7931799544922));
#6188=CARTESIAN_POINT('Ctrl Pts',(-4.74429446227236,6.35102944848359,6.45529117755304));
#6189=CARTESIAN_POINT('Ctrl Pts',(-4.14109543397983,6.48187611351517,6.02174779426909));
#6190=CARTESIAN_POINT('Ctrl Pts',(-3.52667181942173,6.59849981194718,5.47111587992517));
#6191=CARTESIAN_POINT('Ctrl Pts',(-3.2241366735802,6.64397935684187,5.12477734825071));
#6192=CARTESIAN_POINT('Ctrl Pts',(-2.96129391573677,6.67752856218498,4.74782366250812));
#6193=CARTESIAN_POINT('Ctrl Pts',(-7.74028255301849,5.39434685886688,4.85424143279252));
#6194=CARTESIAN_POINT('Ctrl Pts',(-7.64007214532498,5.41245592127492,5.21324649312104));
#6195=CARTESIAN_POINT('Ctrl Pts',(-7.37717260446638,5.47359429105757,5.89861666803709));
#6196=CARTESIAN_POINT('Ctrl Pts',(-6.69188571335321,5.69698143927438,6.68097505138719));
#6197=CARTESIAN_POINT('Ctrl Pts',(-5.71137403851732,6.02110126103862,6.89264309641154));
#6198=CARTESIAN_POINT('Ctrl Pts',(-4.68895208505138,6.29836531689341,6.54741634787028));
#6199=CARTESIAN_POINT('Ctrl Pts',(-4.0725576434099,6.42337888356037,6.10812884345353));
#6200=CARTESIAN_POINT('Ctrl Pts',(-3.44598280651524,6.53126512593024,5.5506396171649));
#6201=CARTESIAN_POINT('Ctrl Pts',(-3.13784387218414,6.57093845511351,5.20037653926664));
#6202=CARTESIAN_POINT('Ctrl Pts',(-2.87022276048028,6.59711695451149,4.81902042591145));
#6203=CARTESIAN_POINT('Ctrl Pts',(-7.86811495143501,5.07163853476978,4.97563151400599));
#6204=CARTESIAN_POINT('Ctrl Pts',(-7.77062485272223,5.12833923850216,5.34952618450382));
#6205=CARTESIAN_POINT('Ctrl Pts',(-7.49714238705469,5.26993251850943,6.06458718721725));
#6206=CARTESIAN_POINT('Ctrl Pts',(-6.74009685062885,5.5928684490871,6.87381962356723));
#6207=CARTESIAN_POINT('Ctrl Pts',(-5.67270259170719,5.95905008820061,7.0845052295208));
#6208=CARTESIAN_POINT('Ctrl Pts',(-4.59055087268937,6.23931939485608,6.72711924731407));
#6209=CARTESIAN_POINT('Ctrl Pts',(-3.94569320686801,6.35693573027552,6.27820506253924));
#6210=CARTESIAN_POINT('Ctrl Pts',(-3.29091077518406,6.45327566070359,5.70931368273369));
#6211=CARTESIAN_POINT('Ctrl Pts',(-2.96906478414727,6.4844254418449,5.35228568134575));
#6212=CARTESIAN_POINT('Ctrl Pts',(-2.68809171885486,6.49985149825857,4.96333674266105));
#6213=CARTESIAN_POINT('Ctrl Pts',(-8.13645393220743,4.87561553651588,5.11697574086997));
#6214=CARTESIAN_POINT('Ctrl Pts',(-8.0141902464139,4.95953405589376,5.50733182653584));
#6215=CARTESIAN_POINT('Ctrl Pts',(-7.68286056610943,5.15607197635392,6.25079346403501));
#6216=CARTESIAN_POINT('Ctrl Pts',(-6.81633793662519,5.54919850004609,7.0806602913288));
#6217=CARTESIAN_POINT('Ctrl Pts',(-5.64982369424678,5.95298072226111,7.28851101788101));
#6218=CARTESIAN_POINT('Ctrl Pts',(-4.50040894073415,6.24420932114859,6.91933295443264));
#6219=CARTESIAN_POINT('Ctrl Pts',(-3.82177770696869,6.36135511155334,6.46098833162705));
#6220=CARTESIAN_POINT('Ctrl Pts',(-3.13245664680418,6.45443031581416,5.88071781185619));
#6221=CARTESIAN_POINT('Ctrl Pts',(-2.79301923874862,6.48227156258528,5.51691306222086));
#6222=CARTESIAN_POINT('Ctrl Pts',(-2.49399412333824,6.49317004429335,5.120082714439));
#6223=CARTESIAN_POINT('Ctrl Pts',(-8.26534145988764,4.82317966499496,5.17503222981422));
#6224=CARTESIAN_POINT('Ctrl Pts',(-8.13011216728359,4.91437917321814,5.57284644157367));
#6225=CARTESIAN_POINT('Ctrl Pts',(-7.77016042266226,5.12624117100985,6.32928812585335));
#6226=CARTESIAN_POINT('Ctrl Pts',(-6.85308508116953,5.54215759608798,7.16859574717791));
#6227=CARTESIAN_POINT('Ctrl Pts',(-5.64322010106356,5.96071230992487,7.37534800205264));
#6228=CARTESIAN_POINT('Ctrl Pts',(-4.46465501352064,6.25791263196477,7.00104796032992));
#6229=CARTESIAN_POINT('Ctrl Pts',(-3.77126757585686,6.37613564366587,6.53857973290162));
#6230=CARTESIAN_POINT('Ctrl Pts',(-3.06689398169298,6.46935606743034,5.95328853167438));
#6231=CARTESIAN_POINT('Ctrl Pts',(-2.71971586021494,6.49679903618547,5.58650460506169));
#6232=CARTESIAN_POINT('Ctrl Pts',(-2.41278382186794,6.50699426745703,5.18617029572885));
#6233=CARTESIAN_POINT('',(-3.79879398657181,6.36707594895106,6.53451362368248));
#6234=CARTESIAN_POINT('',(-3.80383470148215,6.36652019326163,6.54265275924927));
#6235=CARTESIAN_POINT('Ctrl Pts',(-3.79879398657181,6.36707594895106,6.53451362368248));
#6236=CARTESIAN_POINT('Ctrl Pts',(-3.7991514423172,6.36703611587837,6.5350915977746));
#6237=CARTESIAN_POINT('Ctrl Pts',(-3.79950897649652,6.36699636396162,6.53566952880735));
#6238=CARTESIAN_POINT('Ctrl Pts',(-3.80118821936575,6.36681008226366,6.53838311886664));
#6239=CARTESIAN_POINT('Ctrl Pts',(-3.80251092377661,6.36666458063793,6.54051823579908));
#6240=CARTESIAN_POINT('Ctrl Pts',(-3.80383470148215,6.36652019326163,6.54265275924927));
#6241=CARTESIAN_POINT('Ctrl Pts',(-3.80361068640318,6.3666296297388,6.54301281309342));
#6242=CARTESIAN_POINT('Ctrl Pts',(-4.02174039194737,6.33138541179636,6.69689145947634));
#6243=CARTESIAN_POINT('Ctrl Pts',(-4.60489977314347,6.22254692483085,7.04558824065306));
#6244=CARTESIAN_POINT('Ctrl Pts',(-5.64322010106356,5.96071230992487,7.37534800205264));
#6245=CARTESIAN_POINT('Ctrl Pts',(-6.85308508116953,5.54215759608798,7.16859574717791));
#6246=CARTESIAN_POINT('Ctrl Pts',(-7.77016042266226,5.12624117100985,6.32928812585335));
#6247=CARTESIAN_POINT('Ctrl Pts',(-8.13011216728359,4.91437917321814,5.57284644157367));
#6248=CARTESIAN_POINT('Ctrl Pts',(-8.26534145988764,4.82317966499496,5.17503222981422));
#6249=CARTESIAN_POINT('Origin',(-8.66884245623006,5.73532568786619,5.10308378361222));
#6250=CARTESIAN_POINT('Origin',(-2.52932607948954,7.49810861823714,5.12205909650297));
#6251=CARTESIAN_POINT('',(-3.7847580921119,6.36958794866124,6.52913048158135));
#6252=CARTESIAN_POINT('Ctrl Pts',(-2.41278382186794,6.50699426745703,5.18617029572885));
#6253=CARTESIAN_POINT('Ctrl Pts',(-2.71971586021494,6.49679903618547,5.58650460506169));
#6254=CARTESIAN_POINT('Ctrl Pts',(-3.06689398169298,6.46935606743034,5.95328853167438));
#6255=CARTESIAN_POINT('Ctrl Pts',(-3.55855344609622,6.40428732550243,6.36182735382727));
#6256=CARTESIAN_POINT('Ctrl Pts',(-3.67025282677297,6.38798931579392,6.44813153383636));
#6257=CARTESIAN_POINT('Ctrl Pts',(-3.78475354831576,6.36966220141016,6.52964894539302));
#6258=CARTESIAN_POINT('Ctrl Pts',(-3.7847580921119,6.36958794866124,6.52913048158135));
#6259=CARTESIAN_POINT('Ctrl Pts',(-3.78603198143435,6.3693598856458,6.52962032232655));
#6260=CARTESIAN_POINT('Ctrl Pts',(-3.78730598251028,6.3691318240178,6.53010986036364));
#6261=CARTESIAN_POINT('Ctrl Pts',(-3.79198390272766,6.36829449564092,6.53190609258691));
#6262=CARTESIAN_POINT('Ctrl Pts',(-3.79538853439383,6.36768522840691,6.5332109376278));
#6263=CARTESIAN_POINT('Ctrl Pts',(-3.79879398657181,6.36707594895106,6.53451362368248));
#6264=CARTESIAN_POINT('Ctrl Pts',(-2.96129391573681,6.67752856218497,4.74782366250818));
#6265=CARTESIAN_POINT('Ctrl Pts',(-2.59930798945415,6.72373238484996,4.22868465248274));
#6266=CARTESIAN_POINT('Ctrl Pts',(-2.02526271612925,6.77349578053695,3.07244474325833));
#6267=CARTESIAN_POINT('Ctrl Pts',(-1.59938864222309,6.82920876187799,0.540408203174064));
#6268=CARTESIAN_POINT('Ctrl Pts',(-2.01694674316712,7.00910400893782,-1.36697474511287));
#6269=CARTESIAN_POINT('Ctrl Pts',(-2.76530337103248,7.17900425516066,-2.91763441941452));
#6270=CARTESIAN_POINT('Ctrl Pts',(-3.03900161646972,7.21914148506111,-3.34662526105275));
#6271=CARTESIAN_POINT('Ctrl Pts',(-3.64131176944277,7.22317404514599,-3.94146866004082));
#6272=CARTESIAN_POINT('Ctrl Pts',(-4.26370277013018,7.17089357355105,-4.34376379662847));
#6273=CARTESIAN_POINT('Ctrl Pts',(-5.23408998305631,6.91018448226471,-4.20587092855144));
#6274=CARTESIAN_POINT('Ctrl Pts',(-6.13563819312544,6.59016528307739,-3.54739766240822));
#6275=CARTESIAN_POINT('Ctrl Pts',(-6.61226505830607,6.39817851825078,-2.90598509108903));
#6276=CARTESIAN_POINT('Ctrl Pts',(-7.48177415891622,6.03845309084342,-1.40568394441007));
#6277=CARTESIAN_POINT('Ctrl Pts',(-8.05600885149187,5.79441105024664,0.472334859562453));
#6278=CARTESIAN_POINT('Ctrl Pts',(-8.12387089176273,5.63457869998093,3.01143258299107));
#6279=CARTESIAN_POINT('Ctrl Pts',(-7.90666265216131,5.58744657947248,4.23596355217865));
#6280=CARTESIAN_POINT('Ctrl Pts',(-7.72615959041115,5.58835401377566,4.80350350804909));
#6281=CARTESIAN_POINT('Ctrl Pts',(-2.93852612692269,6.6574256602666,4.76562285335902));
#6282=CARTESIAN_POINT('Ctrl Pts',(-2.57461880030313,6.70119872990392,4.24507856190384));
#6283=CARTESIAN_POINT('Ctrl Pts',(-1.99864765231186,6.74430581491222,3.08509467718484));
#6284=CARTESIAN_POINT('Ctrl Pts',(-1.57262773455663,6.77974360844296,0.54469523101605));
#6285=CARTESIAN_POINT('Ctrl Pts',(-2.01015441147163,6.93489646354742,-1.36679486436515));
#6286=CARTESIAN_POINT('Ctrl Pts',(-2.78578188999348,7.09267552405174,-2.8943682857644));
#6287=CARTESIAN_POINT('Ctrl Pts',(-3.06463360804395,7.1319466191493,-3.31089419336952));
#6288=CARTESIAN_POINT('Ctrl Pts',(-3.66507314660727,7.13916719843216,-3.87939219606893));
#6289=CARTESIAN_POINT('Ctrl Pts',(-4.26346382905925,7.09651270322159,-4.25191673707322));
#6290=CARTESIAN_POINT('Ctrl Pts',(-5.18314960815891,6.84877214441771,-4.12517359825886));
#6291=CARTESIAN_POINT('Ctrl Pts',(-6.06651890584558,6.53101146762405,-3.49390002214837));
#6292=CARTESIAN_POINT('Ctrl Pts',(-6.54313733934884,6.33747518235937,-2.86513241546612));
#6293=CARTESIAN_POINT('Ctrl Pts',(-7.41909700843991,5.97414024323799,-1.38606823655019));
#6294=CARTESIAN_POINT('Ctrl Pts',(-8.00898023993566,5.72526832345387,0.48071878183754));
#6295=CARTESIAN_POINT('Ctrl Pts',(-8.10695497307037,5.56907960931908,3.01620073777217));
#6296=CARTESIAN_POINT('Ctrl Pts',(-7.90549349131857,5.53168473866263,4.24541193840532));
#6297=CARTESIAN_POINT('Ctrl Pts',(-7.72969033106019,5.53985222504897,4.81618798924499));
#6298=CARTESIAN_POINT('Ctrl Pts',(-2.89138198392733,6.62027821484017,4.80261489736523));
#6299=CARTESIAN_POINT('Ctrl Pts',(-2.52367049756935,6.65914431148646,4.27901089111869));
#6300=CARTESIAN_POINT('Ctrl Pts',(-1.94210550052526,6.68959664050538,3.11172244509145));
#6301=CARTESIAN_POINT('Ctrl Pts',(-1.51104359020744,6.6852804796076,0.554062404893134));
#6302=CARTESIAN_POINT('Ctrl Pts',(-1.98269193819081,6.78822323731223,-1.37028932033021));
#6303=CARTESIAN_POINT('Ctrl Pts',(-2.80514788852764,6.91269280749737,-2.86013311546635));
#6304=CARTESIAN_POINT('Ctrl Pts',(-3.09699672327307,6.94507513586487,-3.25640359910085));
#6305=CARTESIAN_POINT('Ctrl Pts',(-3.69326034888571,6.95149413535112,-3.7766093470424));
#6306=CARTESIAN_POINT('Ctrl Pts',(-4.25377013157108,6.91943659002793,-4.09550293715225));
#6307=CARTESIAN_POINT('Ctrl Pts',(-5.08187744513067,6.69646681240559,-3.98716212260566));
#6308=CARTESIAN_POINT('Ctrl Pts',(-5.93796208320335,6.38608062956531,-3.4054314344611));
#6309=CARTESIAN_POINT('Ctrl Pts',(-6.41713704065995,6.1925529929519,-2.79790098916528));
#6310=CARTESIAN_POINT('Ctrl Pts',(-7.30984393969373,5.82779578735289,-1.3558299215404));
#6311=CARTESIAN_POINT('Ctrl Pts',(-7.93198720379145,5.57560729250794,0.493729942068802));
#6312=CARTESIAN_POINT('Ctrl Pts',(-8.08647322252137,5.43500373009504,3.02689675908499));
#6313=CARTESIAN_POINT('Ctrl Pts',(-7.91222530903482,5.42071041533604,4.26651230591958));
#6314=CARTESIAN_POINT('Ctrl Pts',(-7.7439251178668,5.44397548939274,4.84383459928719));
#6315=CARTESIAN_POINT('Ctrl Pts',(-2.79172017313927,6.5590010223516,4.88133975189984));
#6316=CARTESIAN_POINT('Ctrl Pts',(-2.41443450419006,6.58925117969134,4.35193095419622));
#6317=CARTESIAN_POINT('Ctrl Pts',(-1.81692811529088,6.59647797641207,3.1696592184102));
#6318=CARTESIAN_POINT('Ctrl Pts',(-1.36130454625422,6.51745528522033,0.574059684092719));
#6319=CARTESIAN_POINT('Ctrl Pts',(-1.86687562795852,6.51700546649441,-1.38800604202414));
#6320=CARTESIAN_POINT('Ctrl Pts',(-2.76156145777382,6.54679705900922,-2.84629494480758));
#6321=CARTESIAN_POINT('Ctrl Pts',(-3.0735613676175,6.55417509425861,-3.21819042625215));
#6322=CARTESIAN_POINT('Ctrl Pts',(-3.67665278704181,6.5318553042732,-3.67624191471976));
#6323=CARTESIAN_POINT('Ctrl Pts',(-4.19121499829418,6.49420255234362,-3.91742342458802));
#6324=CARTESIAN_POINT('Ctrl Pts',(-4.90679242552557,6.30622616803183,-3.83319199812622));
#6325=CARTESIAN_POINT('Ctrl Pts',(-5.7423067131127,6.01863496720908,-3.31643135406844));
#6326=CARTESIAN_POINT('Ctrl Pts',(-6.23564343514348,5.83394821295499,-2.73455462679038));
#6327=CARTESIAN_POINT('Ctrl Pts',(-7.17103184495836,5.4864413699926,-1.33347776313273));
#6328=CARTESIAN_POINT('Ctrl Pts',(-7.85362328034592,5.24796703820313,0.503303654070788));
#6329=CARTESIAN_POINT('Ctrl Pts',(-8.0992475988833,5.16514987218727,3.05188314253505));
#6330=CARTESIAN_POINT('Ctrl Pts',(-7.96181461530458,5.20531339536241,4.31617534416299));
#6331=CARTESIAN_POINT('Ctrl Pts',(-7.80028494401286,5.26097804414587,4.90695224167387));
#6332=CARTESIAN_POINT('Ctrl Pts',(-2.67238189952694,6.51329135968317,4.97644836196852));
#6333=CARTESIAN_POINT('Ctrl Pts',(-2.28216087302584,6.5355010052307,4.44020514532431));
#6334=CARTESIAN_POINT('Ctrl Pts',(-1.65900679545314,6.52166883770195,3.24142267736087));
#6335=CARTESIAN_POINT('Ctrl Pts',(-1.15299312725433,6.37151297611188,0.597344104064329));
#6336=CARTESIAN_POINT('Ctrl Pts',(-1.64632136597608,6.26656801642436,-1.4264947296591));
#6337=CARTESIAN_POINT('Ctrl Pts',(-2.57383397944007,6.17356697109738,-2.9258303880879));
#6338=CARTESIAN_POINT('Ctrl Pts',(-2.90074066336771,6.14181328054014,-3.305376801975));
#6339=CARTESIAN_POINT('Ctrl Pts',(-3.52972416282457,6.05954209153829,-3.76369991593048));
#6340=CARTESIAN_POINT('Ctrl Pts',(-4.06087974359092,5.9780872475024,-3.9926158841568));
#6341=CARTESIAN_POINT('Ctrl Pts',(-4.79206036693148,5.79544239899373,-3.90388894020399));
#6342=CARTESIAN_POINT('Ctrl Pts',(-5.66436287360288,5.53419642862283,-3.38539189609303));
#6343=CARTESIAN_POINT('Ctrl Pts',(-6.18303552720155,5.36891027371501,-2.79624097397415));
#6344=CARTESIAN_POINT('Ctrl Pts',(-7.17053004627387,5.06225467579016,-1.3772061158159));
#6345=CARTESIAN_POINT('Ctrl Pts',(-7.90264481022183,4.86506776438021,0.484603121991513));
#6346=CARTESIAN_POINT('Ctrl Pts',(-8.20418717118446,4.87620285660969,3.08436805357468));
#6347=CARTESIAN_POINT('Ctrl Pts',(-8.0765656593295,4.98496482289192,4.38234743938662));
#6348=CARTESIAN_POINT('Ctrl Pts',(-7.90898414315684,5.07713818930112,4.98882514087434));
#6349=CARTESIAN_POINT('Ctrl Pts',(-2.53557486259841,6.49457014320501,5.08650271214442));
#6350=CARTESIAN_POINT('Ctrl Pts',(-2.12887982849219,6.51102030636163,4.54247776726091));
#6351=CARTESIAN_POINT('Ctrl Pts',(-1.47055532728111,6.48132908872926,3.325411892491));
#6352=CARTESIAN_POINT('Ctrl Pts',(-0.889180034703774,6.27752824427008,0.620283163115815));
#6353=CARTESIAN_POINT('Ctrl Pts',(-1.32193238847827,6.09691213720695,-1.48837785147073));
#6354=CARTESIAN_POINT('Ctrl Pts',(-2.23913917208964,5.90993793960877,-3.11592028620173));
#6355=CARTESIAN_POINT('Ctrl Pts',(-2.57408143705813,5.84760933727761,-3.5429894883341));
#6356=CARTESIAN_POINT('Ctrl Pts',(-3.25623788758379,5.70967098479172,-4.08712600154847));
#6357=CARTESIAN_POINT('Ctrl Pts',(-3.8936591696268,5.5725863722422,-4.39991546555564));
#6358=CARTESIAN_POINT('Ctrl Pts',(-4.81724174426761,5.34330864123362,-4.26861030043448));
#6359=CARTESIAN_POINT('Ctrl Pts',(-5.78901495833325,5.08041424388338,-3.65520029019209));
#6360=CARTESIAN_POINT('Ctrl Pts',(-6.33800930669682,4.92808465584319,-3.01614393648237));
#6361=CARTESIAN_POINT('Ctrl Pts',(-7.3696016772892,4.65640172739427,-1.5029483421803));
#6362=CARTESIAN_POINT('Ctrl Pts',(-8.12167475153099,4.5059628972501,0.428442969229752));
#6363=CARTESIAN_POINT('Ctrl Pts',(-8.42145242740613,4.61577075473817,3.12036582764552));
#6364=CARTESIAN_POINT('Ctrl Pts',(-8.26821000506808,4.79093469630738,4.46150268984665));
#6365=CARTESIAN_POINT('Ctrl Pts',(-8.07893556442847,4.91745838631629,5.08671981370894));
#6366=CARTESIAN_POINT('Ctrl Pts',(-2.45338897260314,6.50008215587518,5.15312650508399));
#6367=CARTESIAN_POINT('Ctrl Pts',(-2.03589716156039,6.51461577530178,4.60427673472299));
#6368=CARTESIAN_POINT('Ctrl Pts',(-1.35451165966217,6.47981721205803,3.37610892565643));
#6369=CARTESIAN_POINT('Ctrl Pts',(-0.723010049849316,6.25902718018033,0.63141239224642));
#6370=CARTESIAN_POINT('Ctrl Pts',(-1.10464019355269,6.05877464141821,-1.53371064420859));
#6371=CARTESIAN_POINT('Ctrl Pts',(-2.00807615564549,5.85494216012221,-3.26324299982186));
#6372=CARTESIAN_POINT('Ctrl Pts',(-2.34480409276351,5.78784936420205,-3.72997277520158));
#6373=CARTESIAN_POINT('Ctrl Pts',(-3.07568061634139,5.63572772313458,-4.35287361409099));
#6374=CARTESIAN_POINT('Ctrl Pts',(-3.8060646955009,5.47716546783641,-4.74489812126442));
#6375=CARTESIAN_POINT('Ctrl Pts',(-4.90628393333673,5.19816008253306,-4.57884122108181));
#6376=CARTESIAN_POINT('Ctrl Pts',(-5.95433807145697,4.91107697638737,-3.88000486127268));
#6377=CARTESIAN_POINT('Ctrl Pts',(-6.52046810293626,4.75602176004061,-3.19891405802711));
#6378=CARTESIAN_POINT('Ctrl Pts',(-7.57113371078169,4.48606275743044,-1.6059849010034));
#6379=CARTESIAN_POINT('Ctrl Pts',(-8.31902409594696,4.35277504422861,0.38043601571863));
#6380=CARTESIAN_POINT('Ctrl Pts',(-8.59180515985993,4.50361385430344,3.13926113519673));
#6381=CARTESIAN_POINT('Ctrl Pts',(-8.40922038984525,4.7077897090556,4.50912064390796));
#6382=CARTESIAN_POINT('Ctrl Pts',(-8.20089769603313,4.84939760076522,5.14600398538618));
#6383=CARTESIAN_POINT('Ctrl Pts',(-2.41278382186799,6.50699426745702,5.18617029572892));
#6384=CARTESIAN_POINT('Ctrl Pts',(-1.9900783263144,6.5210350965283,4.63483159050611));
#6385=CARTESIAN_POINT('Ctrl Pts',(-1.29685391051361,6.48471516956803,3.40100949351396));
#6386=CARTESIAN_POINT('Ctrl Pts',(-0.639700975272331,6.25948745008945,0.636184140459256));
#6387=CARTESIAN_POINT('Ctrl Pts',(-0.996845616789746,6.05653399438917,-1.55817699514906));
#6388=CARTESIAN_POINT('Ctrl Pts',(-1.89368056484763,5.85547936567023,-3.33948199028645));
#6389=CARTESIAN_POINT('Ctrl Pts',(-2.2343773487577,5.78966521203334,-3.82697447832892));
#6390=CARTESIAN_POINT('Ctrl Pts',(-2.98966626520316,5.63717647386494,-4.48902207340197));
#6391=CARTESIAN_POINT('Ctrl Pts',(-3.77309973137656,5.47205628858782,-4.92231085905357));
#6392=CARTESIAN_POINT('Ctrl Pts',(-4.96293324339573,5.16615831382286,-4.7379141001468));
#6393=CARTESIAN_POINT('Ctrl Pts',(-6.05069255816149,4.8614234652751,-3.99643374344887));
#6394=CARTESIAN_POINT('Ctrl Pts',(-6.62509576369361,4.70153716309967,-3.29358888955531));
#6395=CARTESIAN_POINT('Ctrl Pts',(-7.68366976215257,4.4264383294134,-1.66062219988249));
#6396=CARTESIAN_POINT('Ctrl Pts',(-8.42785127100798,4.29668730045555,0.354130810920679));
#6397=CARTESIAN_POINT('Ctrl Pts',(-8.68340299452569,4.46094357787204,3.14754438171158));
#6398=CARTESIAN_POINT('Ctrl Pts',(-8.48393814497649,4.67575664890756,4.53196987036017));
#6399=CARTESIAN_POINT('Ctrl Pts',(-8.26534145987252,4.82317966500516,5.17503222985872));
#6400=CARTESIAN_POINT('Ctrl Pts',(-1.75212360983522,-12.3289177840355,2.58258496530524));
#6401=CARTESIAN_POINT('Ctrl Pts',(-2.2542062350567,-12.1515965630946,3.86162399471836));
#6402=CARTESIAN_POINT('Ctrl Pts',(-2.55938242799952,-12.1882090581133,6.74657171533019));
#6403=CARTESIAN_POINT('Ctrl Pts',(-3.138210275198,-12.2730098838061,12.4088774665103));
#6404=CARTESIAN_POINT('Ctrl Pts',(-3.41186192945365,-12.3211982144801,15.1862354970786));
#6405=CARTESIAN_POINT('Ctrl Pts',(-4.18553008418985,-12.4831269599853,23.356925053718));
#6406=CARTESIAN_POINT('Ctrl Pts',(-5.76145689705597,-12.8778094355177,39.987695799972));
#6407=CARTESIAN_POINT('Ctrl Pts',(-11.8727442156111,-13.7397619868693,76.6638815558916));
#6408=CARTESIAN_POINT('Ctrl Pts',(-31.9631179891698,-13.9646993296365,114.951523498365));
#6409=CARTESIAN_POINT('Ctrl Pts',(-69.2205302988471,-15.4181261228719,209.374272715907));
#6410=CARTESIAN_POINT('Ctrl Pts',(-37.3054866377435,-11.2535755387627,329.069329848854));
#6411=CARTESIAN_POINT('Ctrl Pts',(-14.0532362076723,-11.3779226959026,356.815405274945));
#6412=CARTESIAN_POINT('Ctrl Pts',(-7.12561066595366,-9.60806355299719,359.153600191088));
#6413=CARTESIAN_POINT('Ctrl Pts',(-4.91610194525237,-9.73643902032554,360.802996869541));
#6414=CARTESIAN_POINT('Ctrl Pts',(-3.59535437353582,-9.34694605385293,360.977303744751));
#6415=CARTESIAN_POINT('Ctrl Pts',(-2.93498058767755,-9.15219957061663,361.064457182356));
#6416=CARTESIAN_POINT('Ctrl Pts',(-1.77972835135448,-12.2737544237483,2.67512382180811));
#6417=CARTESIAN_POINT('Ctrl Pts',(-2.44037498509573,-12.0429069907001,3.63342182648758));
#6418=CARTESIAN_POINT('Ctrl Pts',(-2.72979706684123,-12.0886622971657,6.69092934804014));
#6419=CARTESIAN_POINT('Ctrl Pts',(-3.28939629513404,-12.2031767460486,12.6431907018648));
#6420=CARTESIAN_POINT('Ctrl Pts',(-3.56262078497532,-12.2549452322684,15.425999730501));
#6421=CARTESIAN_POINT('Ctrl Pts',(-4.3293906275762,-12.4264320326305,23.5950306449103));
#6422=CARTESIAN_POINT('Ctrl Pts',(-5.91202070378378,-12.8265609932008,40.2185722029734));
#6423=CARTESIAN_POINT('Ctrl Pts',(-12.0873516597696,-13.6707003507591,76.6596754157288));
#6424=CARTESIAN_POINT('Ctrl Pts',(-32.1746793889779,-13.8715351891326,114.949899249163));
#6425=CARTESIAN_POINT('Ctrl Pts',(-69.1479756332615,-15.4066932437714,209.366884339409));
#6426=CARTESIAN_POINT('Ctrl Pts',(-37.2489675888748,-11.2510366884578,329.06935723316));
#6427=CARTESIAN_POINT('Ctrl Pts',(-14.0249015244338,-11.3737628354473,356.821223541089));
#6428=CARTESIAN_POINT('Ctrl Pts',(-7.12409830712947,-9.61160866288033,359.152375262856));
#6429=CARTESIAN_POINT('Ctrl Pts',(-4.91317598554591,-9.73876967132025,360.802878863043));
#6430=CARTESIAN_POINT('Ctrl Pts',(-3.59437905363367,-9.34772293751783,360.977264409252));
#6431=CARTESIAN_POINT('Ctrl Pts',(-2.93498058767755,-9.15219957061663,361.064457182356));
#6432=CARTESIAN_POINT('Ctrl Pts',(-2.28798349150792,-12.0236833320004,2.85537557248926));
#6433=CARTESIAN_POINT('Ctrl Pts',(-2.97472192373768,-11.8439533480031,4.18429713339721));
#6434=CARTESIAN_POINT('Ctrl Pts',(-3.09172534471235,-11.93419681117,6.69014189863538));
#6435=CARTESIAN_POINT('Ctrl Pts',(-3.56319817658836,-12.0838514910393,12.5016593576986));
#6436=CARTESIAN_POINT('Ctrl Pts',(-3.78417228462086,-12.1577507149025,15.3351834739784));
#6437=CARTESIAN_POINT('Ctrl Pts',(-4.49151017929635,-12.3731509517301,23.7763436294337));
#6438=CARTESIAN_POINT('Ctrl Pts',(-6.08384825095917,-12.7787616863383,40.4210151668071));
#6439=CARTESIAN_POINT('Ctrl Pts',(-12.3369732285001,-13.6048312752373,76.6563145905305));
#6440=CARTESIAN_POINT('Ctrl Pts',(-32.3955518398089,-13.7826622205355,114.949257368326));
#6441=CARTESIAN_POINT('Ctrl Pts',(-69.0738843443173,-15.3945542417583,209.359469736949));
#6442=CARTESIAN_POINT('Ctrl Pts',(-37.1918089836612,-11.2483893747944,329.069385310371));
#6443=CARTESIAN_POINT('Ctrl Pts',(-13.9963656870536,-11.3695233389427,356.827088701274));
#6444=CARTESIAN_POINT('Ctrl Pts',(-7.1225462411254,-9.61514830223235,359.151151944941));
#6445=CARTESIAN_POINT('Ctrl Pts',(-4.91023784337434,-9.74109644833639,360.802761011679));
#6446=CARTESIAN_POINT('Ctrl Pts',(-3.59339967290981,-9.34849852985655,360.977225125464));
#6447=CARTESIAN_POINT('Ctrl Pts',(-2.93498058767755,-9.15219957061663,361.064457182356));
#6448=CARTESIAN_POINT('Ctrl Pts',(-3.2736537477841,-11.6138763722787,3.18929400936542));
#6449=CARTESIAN_POINT('Ctrl Pts',(-3.65504149837664,-11.6095870336905,4.62176028120029));
#6450=CARTESIAN_POINT('Ctrl Pts',(-3.61659735025744,-11.7542014363892,6.92509108231413));
#6451=CARTESIAN_POINT('Ctrl Pts',(-4.00412080372199,-11.939104620286,12.5243629363532));
#6452=CARTESIAN_POINT('Ctrl Pts',(-4.20432147484705,-12.0247908122287,15.4183105491561));
#6453=CARTESIAN_POINT('Ctrl Pts',(-4.87154878801813,-12.2664830281519,24.0014465516241));
#6454=CARTESIAN_POINT('Ctrl Pts',(-6.47250461354396,-12.6884020203776,40.7728912127974));
#6455=CARTESIAN_POINT('Ctrl Pts',(-12.8949122708666,-13.4785729882674,76.6510647854905));
#6456=CARTESIAN_POINT('Ctrl Pts',(-32.8517358361379,-13.6123096079382,114.949732451336));
#6457=CARTESIAN_POINT('Ctrl Pts',(-68.9224031141984,-15.36881500683,209.34457984085));
#6458=CARTESIAN_POINT('Ctrl Pts',(-37.0762420090452,-11.2428780499963,329.069442885665));
#6459=CARTESIAN_POINT('Ctrl Pts',(-13.9389043782918,-11.3608890932045,356.838909277837));
#6460=CARTESIAN_POINT('Ctrl Pts',(-7.11936238945353,-9.62221639451366,359.148708606039));
#6461=CARTESIAN_POINT('Ctrl Pts',(-4.90433746764342,-9.74574208469629,360.802525626569));
#6462=CARTESIAN_POINT('Ctrl Pts',(-3.5914328809995,-9.35004707530985,360.97714666376));
#6463=CARTESIAN_POINT('Ctrl Pts',(-2.93498058767755,-9.15219957061663,361.064457182356));
#6464=CARTESIAN_POINT('Ctrl Pts',(-3.75106886390684,-11.4541405043049,3.34296069556044));
#6465=CARTESIAN_POINT('Ctrl Pts',(-3.58797213465486,-11.6114477504672,4.57946848969673));
#6466=CARTESIAN_POINT('Ctrl Pts',(-4.01968017002991,-11.6378363255188,7.01696361508781));
#6467=CARTESIAN_POINT('Ctrl Pts',(-4.31308386111254,-11.845966677414,12.4653700843386));
#6468=CARTESIAN_POINT('Ctrl Pts',(-4.47941774910103,-11.9543386420478,15.5434761916302));
#6469=CARTESIAN_POINT('Ctrl Pts',(-5.08946784501975,-12.213096185474,24.045236489291));
#6470=CARTESIAN_POINT('Ctrl Pts',(-6.68933342895336,-12.6458416612794,40.9223242949541));
#6471=CARTESIAN_POINT('Ctrl Pts',(-13.2032297445025,-13.4181837768194,76.6491758056489));
#6472=CARTESIAN_POINT('Ctrl Pts',(-33.0870473816358,-13.5308299639381,114.950849415182));
#6473=CARTESIAN_POINT('Ctrl Pts',(-68.8450131730237,-15.3552147739147,209.337104547211));
#6474=CARTESIAN_POINT('Ctrl Pts',(-37.0178336396428,-11.2400140388615,329.069472383748));
#6475=CARTESIAN_POINT('Ctrl Pts',(-13.9099789069102,-11.3564943439709,356.844864694216));
#6476=CARTESIAN_POINT('Ctrl Pts',(-7.11773060378573,-9.62574484744294,359.147488585052));
#6477=CARTESIAN_POINT('Ctrl Pts',(-4.90137523408406,-9.74806094404004,360.802408092822));
#6478=CARTESIAN_POINT('Ctrl Pts',(-3.59044546981305,-9.35082002842443,360.977107485845));
#6479=CARTESIAN_POINT('Ctrl Pts',(-2.93498058767755,-9.15219957061663,361.064457182356));
#6480=CARTESIAN_POINT('Ctrl Pts',(-5.13705417622901,-11.1104357360447,3.76408315741628));
#6481=CARTESIAN_POINT('Ctrl Pts',(-5.1023029059465,-11.2269746914151,5.08984729377038));
#6482=CARTESIAN_POINT('Ctrl Pts',(-5.11866471505264,-11.3525540178381,7.21914317122427));
#6483=CARTESIAN_POINT('Ctrl Pts',(-5.25043210518292,-11.5991461668752,12.2714963972671));
#6484=CARTESIAN_POINT('Ctrl Pts',(-5.36583768620707,-11.7201589894891,15.194553745856));
#6485=CARTESIAN_POINT('Ctrl Pts',(-5.85584650686757,-12.0423768327451,23.9344149817285));
#6486=CARTESIAN_POINT('Ctrl Pts',(-7.41103245854087,-12.5235300209138,41.2968942138969));
#6487=CARTESIAN_POINT('Ctrl Pts',(-14.1992275064113,-13.2438780529314,76.6453884573013));
#6488=CARTESIAN_POINT('Ctrl Pts',(-33.8083661490624,-13.2956974900087,114.956529735665));
#6489=CARTESIAN_POINT('Ctrl Pts',(-68.6075572628836,-15.3121487511993,209.314575270645));
#6490=CARTESIAN_POINT('Ctrl Pts',(-36.8407779079041,-11.2310973031186,329.069563061903));
#6491=CARTESIAN_POINT('Ctrl Pts',(-13.8226370531859,-11.343083246231,356.862861029819));
#6492=CARTESIAN_POINT('Ctrl Pts',(-7.11271520933071,-9.6363130585559,359.143833581931));
#6493=CARTESIAN_POINT('Ctrl Pts',(-4.892452806638,-9.75500539098984,360.802055979036));
#6494=CARTESIAN_POINT('Ctrl Pts',(-3.58747132733103,-9.35313484407436,360.976990114583));
#6495=CARTESIAN_POINT('Ctrl Pts',(-2.93498058767755,-9.15219957061663,361.064457182356));
#6496=CARTESIAN_POINT('Ctrl Pts',(-6.58702325076906,-10.8619492259723,4.02341380531211));
#6497=CARTESIAN_POINT('Ctrl Pts',(-6.73600021608001,-10.9438970753464,5.42999390020971));
#6498=CARTESIAN_POINT('Ctrl Pts',(-6.87557814791941,-11.0372415021985,7.32975011475888));
#6499=CARTESIAN_POINT('Ctrl Pts',(-7.16696488091878,-11.2358784181063,11.8161684990137));
#6500=CARTESIAN_POINT('Ctrl Pts',(-7.31877368207875,-11.3411709071619,14.4028306687193));
#6501=CARTESIAN_POINT('Ctrl Pts',(-7.83908979393503,-11.6587028285054,22.7440066843508));
#6502=CARTESIAN_POINT('Ctrl Pts',(-9.1392808511531,-12.3003844878991,41.7511167416726));
#6503=CARTESIAN_POINT('Ctrl Pts',(-16.4754043942319,-12.9227142469798,76.6453321253145));
#6504=CARTESIAN_POINT('Ctrl Pts',(-35.3125402076462,-12.8626583744337,114.977208092419));
#6505=CARTESIAN_POINT('Ctrl Pts',(-68.1115010961398,-15.2169554098907,209.269103134912));
#6506=CARTESIAN_POINT('Ctrl Pts',(-36.4793439503005,-11.2119650222778,329.06975315384));
#6507=CARTESIAN_POINT('Ctrl Pts',(-13.6456915874198,-11.3153536505953,356.899374046886));
#6508=CARTESIAN_POINT('Ctrl Pts',(-7.10220427061417,-9.6573808900823,359.136543815047));
#6509=CARTESIAN_POINT('Ctrl Pts',(-4.87446504467385,-9.76884576056359,360.801353701271));
#6510=CARTESIAN_POINT('Ctrl Pts',(-3.58147540667631,-9.35774830059895,360.976756021994));
#6511=CARTESIAN_POINT('Ctrl Pts',(-2.93498058767755,-9.15219957061663,361.064457182356));
#6512=CARTESIAN_POINT('Ctrl Pts',(-20.678138863049,-9.6035042952448,5.73751907313209));
#6513=CARTESIAN_POINT('Ctrl Pts',(-22.0914588041833,-9.65449998612392,7.67892056972501));
#6514=CARTESIAN_POINT('Ctrl Pts',(-23.4078064129305,-9.7024254715152,9.75506135004479));
#6515=CARTESIAN_POINT('Ctrl Pts',(-25.8664479759814,-9.79168898953563,14.1265787612852));
#6516=CARTESIAN_POINT('Ctrl Pts',(-27.008741930285,-9.8330270221648,16.4219553922059));
#6517=CARTESIAN_POINT('Ctrl Pts',(-30.2043798270266,-9.94648937822944,23.5615749855898));
#6518=CARTESIAN_POINT('Ctrl Pts',(-35.6706797558327,-10.1312071230674,38.8547729748458));
#6519=CARTESIAN_POINT('Ctrl Pts',(-43.4923863876627,-10.2276246544163,76.7905330209382));
#6520=CARTESIAN_POINT('Ctrl Pts',(-50.5867461584025,-9.24650443406422,115.386514654586));
#6521=CARTESIAN_POINT('Ctrl Pts',(-62.475222628401,-13.984244314462,208.802301094482));
#6522=CARTESIAN_POINT('Ctrl Pts',(-32.6826775511968,-10.9833730012606,329.071913525619));
#6523=CARTESIAN_POINT('Ctrl Pts',(-11.8257849532181,-11.0144056178589,357.276185005589));
#6524=CARTESIAN_POINT('Ctrl Pts',(-6.98341842195427,-9.86445242530285,359.064786982851));
#6525=CARTESIAN_POINT('Ctrl Pts',(-4.69168803834217,-9.90477376228073,360.79444082895));
#6526=CARTESIAN_POINT('Ctrl Pts',(-3.52054973789909,-9.40305763450466,360.974451731221));
#6527=CARTESIAN_POINT('Ctrl Pts',(-2.93498058767755,-9.15219957061663,361.064457182356));
#6528=CARTESIAN_POINT('Ctrl Pts',(-22.8753841172388,-4.84777997965203,5.00764700531004));
#6529=CARTESIAN_POINT('Ctrl Pts',(-23.5946556286253,-5.12448128693477,6.88610176183997));
#6530=CARTESIAN_POINT('Ctrl Pts',(-24.150535754939,-5.30449014676691,8.91371244215645));
#6531=CARTESIAN_POINT('Ctrl Pts',(-24.9872609280151,-5.49996991655892,13.2146637652174));
#6532=CARTESIAN_POINT('Ctrl Pts',(-25.2681059747774,-5.51544082651881,15.488004407962));
#6533=CARTESIAN_POINT('Ctrl Pts',(-25.7757100316288,-5.35831704913358,22.59774845212));
#6534=CARTESIAN_POINT('Ctrl Pts',(-25.4511938115886,-4.22992346530355,37.9761250041339));
#6535=CARTESIAN_POINT('Ctrl Pts',(-19.7566477480572,1.58299851317298,76.9121546143852));
#6536=CARTESIAN_POINT('Ctrl Pts',(-21.7078213964888,5.53043970575613,118.092004692885));
#6537=CARTESIAN_POINT('Ctrl Pts',(-22.7729975737542,-1.71330387140588,206.902855861286));
#6538=CARTESIAN_POINT('Ctrl Pts',(-16.8368504716611,-9.2889354683535,329.086144769483));
#6539=CARTESIAN_POINT('Ctrl Pts',(-5.20142644616802,-9.54270563853036,358.663461217951));
#6540=CARTESIAN_POINT('Ctrl Pts',(-6.24842307846785,-10.388878762761,358.879940702782));
#6541=CARTESIAN_POINT('Ctrl Pts',(-4.06552034294607,-10.2459336829178,360.776633204309));
#6542=CARTESIAN_POINT('Ctrl Pts',(-3.31182717276705,-9.51677760805034,360.968515856341));
#6543=CARTESIAN_POINT('Ctrl Pts',(-2.93498058767755,-9.15219957061663,361.064457182356));
#6544=CARTESIAN_POINT('Ctrl Pts',(-2.75943252588643,11.6914408452627,5.30754032359675));
#6545=CARTESIAN_POINT('Ctrl Pts',(-2.80286466541329,11.9238020287921,7.22025236312953));
#6546=CARTESIAN_POINT('Ctrl Pts',(-2.84631231541927,12.1181972980355,9.27328777496125));
#6547=CARTESIAN_POINT('Ctrl Pts',(-2.93197103880922,12.439786515087,13.6090389376671));
#6548=CARTESIAN_POINT('Ctrl Pts',(-2.97418211219319,12.5669804628952,15.8917546885412));
#6549=CARTESIAN_POINT('Ctrl Pts',(-3.09705907104171,12.8608560848726,23.007972841394));
#6550=CARTESIAN_POINT('Ctrl Pts',(-3.32778794352512,13.0977824430386,38.3126927480213));
#6551=CARTESIAN_POINT('Ctrl Pts',(-3.64920059227284,11.9471764861186,76.6167465668388));
#6552=CARTESIAN_POINT('Ctrl Pts',(-2.94216352857391,9.61387523846714,116.354228499995));
#6553=CARTESIAN_POINT('Ctrl Pts',(-2.95724468750239,8.99082144705508,207.482010019499));
#6554=CARTESIAN_POINT('Ctrl Pts',(-2.95724468750238,-1.89572694800503,329.190211191912));
#6555=CARTESIAN_POINT('Ctrl Pts',(-2.9854943650365,-9.14665114402196,358.11321448665));
#6556=CARTESIAN_POINT('Ctrl Pts',(-2.80806097084329,-10.6529132692901,358.758091777124));
#6557=CARTESIAN_POINT('Ctrl Pts',(-2.87003080505553,-10.3891606947521,360.764894585982));
#6558=CARTESIAN_POINT('Ctrl Pts',(-2.91333066013687,-9.56451994532846,360.964602983565));
#6559=CARTESIAN_POINT('Ctrl Pts',(-2.93498058767755,-9.15219957061663,361.064457182356));
#6560=CARTESIAN_POINT('Ctrl Pts',(14.1812944531796,1.77923094280148,5.00764700531001));
#6561=CARTESIAN_POINT('Ctrl Pts',(14.5522318308388,1.89023235656335,6.88610176183995));
#6562=CARTESIAN_POINT('Ctrl Pts',(14.9360951599941,1.94537227992698,8.91371244215643));
#6563=CARTESIAN_POINT('Ctrl Pts',(15.7151865785122,1.96627631239646,13.2146637652174));
#6564=CARTESIAN_POINT('Ctrl Pts',(16.1104146678749,1.93204042150231,15.488004407962));
#6565=CARTESIAN_POINT('Ctrl Pts',(17.2914153620966,1.7287897772412,22.59774845212));
#6566=CARTESIAN_POINT('Ctrl Pts',(19.6346824550747,0.920116602404368,37.9761250041339));
#6567=CARTESIAN_POINT('Ctrl Pts',(23.6874022322742,-1.85899157350141,76.9121546143853));
#6568=CARTESIAN_POINT('Ctrl Pts',(19.078736830853,1.91192079389237,118.092004692885));
#6569=CARTESIAN_POINT('Ctrl Pts',(18.9561710894862,-4.23399721640454,206.902855861286));
#6570=CARTESIAN_POINT('Ctrl Pts',(8.20545144549318,-9.89841582455622,329.086067751604));
#6571=CARTESIAN_POINT('Ctrl Pts',(-0.550375872913298,-9.27345293687375,
358.663868446668));
#6572=CARTESIAN_POINT('Ctrl Pts',(0.587063191396096,-10.2373539948661,358.88007529856));
#6573=CARTESIAN_POINT('Ctrl Pts',(-1.70546890172418,-10.0945423604236,360.776646170927));
#6574=CARTESIAN_POINT('Ctrl Pts',(-2.52514335902642,-9.46631383388563,360.968520178546));
#6575=CARTESIAN_POINT('Ctrl Pts',(-2.93498058767755,-9.15219957061663,361.064457182356));
#6576=CARTESIAN_POINT('Ctrl Pts',(19.2326298720718,-8.94896991803171,10.0966993872089));
#6577=CARTESIAN_POINT('Ctrl Pts',(20.253550720624,-9.67406676670386,11.4909838559937));
#6578=CARTESIAN_POINT('Ctrl Pts',(21.2760841950105,-10.2846617937389,13.0884915021317));
#6579=CARTESIAN_POINT('Ctrl Pts',(23.3092006147505,-11.3086885516089,16.6226076688753));
#6580=CARTESIAN_POINT('Ctrl Pts',(24.3197835601039,-11.7221202824439,18.559216189481));
#6581=CARTESIAN_POINT('Ctrl Pts',(27.3108429315614,-12.7144310512591,24.7766748426414));
#6582=CARTESIAN_POINT('Ctrl Pts',(33.1302038160654,-13.7071148941322,38.8421245143371));
#6583=CARTESIAN_POINT('Ctrl Pts',(44.1134895583393,-11.7860868865337,76.7922838084812));
#6584=CARTESIAN_POINT('Ctrl Pts',(46.1031808995045,-12.0189568141214,115.425461178162));
#6585=CARTESIAN_POINT('Ctrl Pts',(43.0495471694231,-8.1118363302652,208.778656502936));
#6586=CARTESIAN_POINT('Ctrl Pts',(25.2795276091632,-10.5679500043211,329.071661143605));
#6587=CARTESIAN_POINT('Ctrl Pts',(5.98883699841261,-10.8655912996494,358.795382815027));
#6588=CARTESIAN_POINT('Ctrl Pts',(1.26381537295081,-9.72295285334765,359.068002731831));
#6589=CARTESIAN_POINT('Ctrl Pts',(-1.11720704661315,-9.7664624546107,360.7947506261));
#6590=CARTESIAN_POINT('Ctrl Pts',(-2.32905607398941,-9.35695386528132,360.974554996937));
#6591=CARTESIAN_POINT('Ctrl Pts',(-2.93498058767755,-9.15219957061663,361.064457182356));
#6592=CARTESIAN_POINT('Ctrl Pts',(7.7879937248003,-10.597849464188,6.04211027447564));
#6593=CARTESIAN_POINT('Ctrl Pts',(7.79469866574694,-10.9182905587042,7.26062243975671));
#6594=CARTESIAN_POINT('Ctrl Pts',(7.80179015110425,-11.1958380514627,8.96133754419111));
#6595=CARTESIAN_POINT('Ctrl Pts',(7.86041049438188,-11.6753071553613,13.0518062950449));
#6596=CARTESIAN_POINT('Ctrl Pts',(7.91193935230216,-11.8772287665014,15.4415599414643));
#6597=CARTESIAN_POINT('Ctrl Pts',(8.19867841051988,-12.3847967603403,23.2313276892173));
#6598=CARTESIAN_POINT('Ctrl Pts',(9.30076646478268,-13.0071453896915,41.292890418703));
#6599=CARTESIAN_POINT('Ctrl Pts',(19.079096153032,-12.5705329726782,77.089461802863));
#6600=CARTESIAN_POINT('Ctrl Pts',(49.619949057031,-11.5849884890318,114.994469098241));
#6601=CARTESIAN_POINT('Ctrl Pts',(49.1802630450152,-10.4846735452746,209.277529952534));
#6602=CARTESIAN_POINT('Ctrl Pts',(29.661738415187,-10.4581529363237,329.069511346227));
#6603=CARTESIAN_POINT('Ctrl Pts',(7.83303311191137,-11.2220843786793,358.841452898524));
#6604=CARTESIAN_POINT('Ctrl Pts',(1.35511957081776,-9.51635723174794,359.14489908395));
#6605=CARTESIAN_POINT('Ctrl Pts',(-0.94374762265625,-9.63610595945847,360.802158626814));
#6606=CARTESIAN_POINT('Ctrl Pts',(-2.27123626600378,-9.31350170023057,360.977024330509));
#6607=CARTESIAN_POINT('Ctrl Pts',(-2.93498058767755,-9.15219957061663,361.064457182356));
#6608=CARTESIAN_POINT('Ctrl Pts',(5.74371729262862,-11.0225896934459,5.17040542568735));
#6609=CARTESIAN_POINT('Ctrl Pts',(5.49373153986331,-11.3145620818509,6.2561042499226));
#6610=CARTESIAN_POINT('Ctrl Pts',(5.29851400599089,-11.5682812311769,8.09056010840958));
#6611=CARTESIAN_POINT('Ctrl Pts',(5.05491411262463,-12.001421768449,12.5833070750508));
#6612=CARTESIAN_POINT('Ctrl Pts',(5.00653175313081,-12.1808431563951,15.2415981832051));
#6613=CARTESIAN_POINT('Ctrl Pts',(5.13758554110651,-12.6109737533307,23.4417061539147));
#6614=CARTESIAN_POINT('Ctrl Pts',(6.50449658288661,-13.0387006795912,40.7428606803207));
#6615=CARTESIAN_POINT('Ctrl Pts',(15.5844057245437,-12.7985304389038,77.1242789121189));
#6616=CARTESIAN_POINT('Ctrl Pts',(49.6652202771215,-11.5524847937265,114.919136710226));
#6617=CARTESIAN_POINT('Ctrl Pts',(50.1163335049103,-10.8545775465845,209.352494908175));
#6618=CARTESIAN_POINT('Ctrl Pts',(30.2868956172464,-10.4324400717016,329.069245633045));
#6619=CARTESIAN_POINT('Ctrl Pts',(8.10274150557665,-11.2704595492668,358.84867797055));
#6620=CARTESIAN_POINT('Ctrl Pts',(1.36540337283943,-9.48366543259444,359.1570979797));
#6621=CARTESIAN_POINT('Ctrl Pts',(-0.917829110485854,-9.61550879327456,
360.803333837678));
#6622=CARTESIAN_POINT('Ctrl Pts',(-2.26259676194698,-9.30663597816927,360.977416067463));
#6623=CARTESIAN_POINT('Ctrl Pts',(-2.93498058767755,-9.15219957061663,361.064457182356));
#6624=CARTESIAN_POINT('Ctrl Pts',(4.2181013904213,-11.4060647096694,4.3832435707381));
#6625=CARTESIAN_POINT('Ctrl Pts',(3.77355989610893,-11.7164008010722,5.33133432142995));
#6626=CARTESIAN_POINT('Ctrl Pts',(3.71842915884189,-11.9261652657959,7.43645651818771));
#6627=CARTESIAN_POINT('Ctrl Pts',(3.57318427416073,-12.2865785510057,12.3497515020325));
#6628=CARTESIAN_POINT('Ctrl Pts',(3.57044738854992,-12.43362850877,15.1635004245324));
#6629=CARTESIAN_POINT('Ctrl Pts',(3.86551529253941,-12.7527556459494,23.3295477373111));
#6630=CARTESIAN_POINT('Ctrl Pts',(5.28710082713924,-13.0965265003109,40.2356919843732));
#6631=CARTESIAN_POINT('Ctrl Pts',(14.0130900252353,-12.9450611696623,77.1380286985221));
#6632=CARTESIAN_POINT('Ctrl Pts',(49.5755473958221,-11.5571277349058,114.878302797227));
#6633=CARTESIAN_POINT('Ctrl Pts',(50.5845197328705,-11.0371467195607,209.389620682487));
#6634=CARTESIAN_POINT('Ctrl Pts',(30.5884787987087,-10.4182216284263,329.069123605748));
#6635=CARTESIAN_POINT('Ctrl Pts',(8.23410803278754,-11.2932942790756,358.8522998575));
#6636=CARTESIAN_POINT('Ctrl Pts',(1.36988674448154,-9.46726471743148,359.16322270516));
#6637=CARTESIAN_POINT('Ctrl Pts',(-0.905081615447175,-9.60518045613633,
360.803923878289));
#6638=CARTESIAN_POINT('Ctrl Pts',(-2.25834759693409,-9.30319319912319,360.977612747667));
#6639=CARTESIAN_POINT('Ctrl Pts',(-2.93498058767755,-9.15219957061663,361.064457182356));
#6640=CARTESIAN_POINT('Ctrl Pts',(3.49298492109699,-11.6438924085229,4.03552216817507));
#6641=CARTESIAN_POINT('Ctrl Pts',(3.42684373974353,-11.8360086569165,5.2077138301732));
#6642=CARTESIAN_POINT('Ctrl Pts',(3.13699308069351,-12.0740703514626,7.18196950939191));
#6643=CARTESIAN_POINT('Ctrl Pts',(3.06611072007521,-12.4019807245267,12.2720153171895));
#6644=CARTESIAN_POINT('Ctrl Pts',(3.12632788257932,-12.5185860254283,15.0015444050186));
#6645=CARTESIAN_POINT('Ctrl Pts',(3.48457124070698,-12.8047985095096,23.2559369902846));
#6646=CARTESIAN_POINT('Ctrl Pts',(4.91142543942356,-13.1228098031791,40.0279434479314));
#6647=CARTESIAN_POINT('Ctrl Pts',(13.5186563779551,-12.9993267461894,77.1420021659524));
#6648=CARTESIAN_POINT('Ctrl Pts',(49.5269383534982,-11.5621578467708,114.864163539729));
#6649=CARTESIAN_POINT('Ctrl Pts',(50.7406069751927,-11.0976059726063,209.401936490007));
#6650=CARTESIAN_POINT('Ctrl Pts',(30.6871739559348,-10.4132551455071,329.069084734865));
#6651=CARTESIAN_POINT('Ctrl Pts',(8.27731559692088,-11.3006803797644,358.85350871164));
#6652=CARTESIAN_POINT('Ctrl Pts',(1.3712714468008,-9.46178867644613,359.165268493244));
#6653=CARTESIAN_POINT('Ctrl Pts',(-0.900867743942035,-9.60173271808255,
360.804120964356));
#6654=CARTESIAN_POINT('Ctrl Pts',(-2.25694297309904,-9.30204395310527,360.977678443023));
#6655=CARTESIAN_POINT('Ctrl Pts',(-2.93498058767755,-9.15219957061663,361.064457182356));
#6656=CARTESIAN_POINT('Ctrl Pts',(1.60959631193799,-12.3395531931215,3.16941112788916));
#6657=CARTESIAN_POINT('Ctrl Pts',(2.1184476680274,-12.259868630069,4.3625035805608));
#6658=CARTESIAN_POINT('Ctrl Pts',(2.0552012727041,-12.4016216769906,6.63631318449282));
#6659=CARTESIAN_POINT('Ctrl Pts',(2.22566082103285,-12.6170679938259,12.0839689269928));
#6660=CARTESIAN_POINT('Ctrl Pts',(2.3396111127723,-12.7032951986487,14.7994591131134));
#6661=CARTESIAN_POINT('Ctrl Pts',(2.80422758087207,-12.9209969399852,22.9864199113243));
#6662=CARTESIAN_POINT('Ctrl Pts',(4.22452288859734,-13.1924809301299,39.5223024671433));
#6663=CARTESIAN_POINT('Ctrl Pts',(12.6060446462043,-13.1212009174458,77.1484445193489));
#6664=CARTESIAN_POINT('Ctrl Pts',(49.3875972038565,-11.581681721727,114.834520046813));
#6665=CARTESIAN_POINT('Ctrl Pts',(51.0535075305745,-11.2173735700027,209.426476184028));
#6666=CARTESIAN_POINT('Ctrl Pts',(30.8807522022046,-10.402878091254,329.06901044269));
#6667=CARTESIAN_POINT('Ctrl Pts',(8.36251240504435,-11.3149822082268,358.855930682934));
#6668=CARTESIAN_POINT('Ctrl Pts',(1.37382285929433,-9.4508191433036,359.169368147369));
#6669=CARTESIAN_POINT('Ctrl Pts',(-0.892511746736253,-9.59482779971829,
360.804515914699));
#6670=CARTESIAN_POINT('Ctrl Pts',(-2.25415764069711,-9.29974231365051,360.977810093137));
#6671=CARTESIAN_POINT('Ctrl Pts',(-2.93498058767755,-9.15219957061663,361.064457182356));
#6672=CARTESIAN_POINT('Ctrl Pts',(0.451324172103331,-12.7973862788664,2.65102149016628));
#6673=CARTESIAN_POINT('Ctrl Pts',(1.11225617403139,-12.6048773273139,3.50983880315047));
#6674=CARTESIAN_POINT('Ctrl Pts',(1.36721534908474,-12.6439250821321,6.49049570338338));
#6675=CARTESIAN_POINT('Ctrl Pts',(1.74105758215748,-12.7778603435149,12.1639796614982));
#6676=CARTESIAN_POINT('Ctrl Pts',(1.93359354298953,-12.830993190177,14.8191575897995));
#6677=CARTESIAN_POINT('Ctrl Pts',(2.50482797286959,-12.9851525069005,22.7905135793906));
#6678=CARTESIAN_POINT('Ctrl Pts',(3.91329572548679,-13.2358687542124,39.2244100227972));
#6679=CARTESIAN_POINT('Ctrl Pts',(12.1878665617336,-13.1888095121751,77.1509134053152));
#6680=CARTESIAN_POINT('Ctrl Pts',(49.2968650965387,-11.5961754848181,114.819015811396));
#6681=CARTESIAN_POINT('Ctrl Pts',(51.2103208436341,-11.2766819143534,209.43870007053));
#6682=CARTESIAN_POINT('Ctrl Pts',(30.9756352912481,-10.39746751992,329.068975021398));
#6683=CARTESIAN_POINT('Ctrl Pts',(8.40450164903447,-11.3218979360004,358.857143800087));
#6684=CARTESIAN_POINT('Ctrl Pts',(1.37498956946862,-9.44532565114644,359.171422013409));
#6685=CARTESIAN_POINT('Ctrl Pts',(-0.88836962103561,-9.59137061940782,360.804713778976));
#6686=CARTESIAN_POINT('Ctrl Pts',(-2.25277693213023,-9.29858992021369,360.977876047896));
#6687=CARTESIAN_POINT('Ctrl Pts',(-2.93498058767755,-9.15219957061663,361.064457182356));
#6688=CARTESIAN_POINT('Ctrl Pts',(0.363610834414301,-12.8852213936492,2.49202019509653));
#6689=CARTESIAN_POINT('Ctrl Pts',(0.808489777090628,-12.7590296801965,3.83369353378579));
#6690=CARTESIAN_POINT('Ctrl Pts',(1.02935147142026,-12.8002232163534,6.53605482178559));
#6691=CARTESIAN_POINT('Ctrl Pts',(1.45405513807065,-12.8840339980808,11.903594893312));
#6692=CARTESIAN_POINT('Ctrl Pts',(1.65789711039142,-12.9266512436514,14.5687736768385));
#6693=CARTESIAN_POINT('Ctrl Pts',(2.24389344434045,-13.0566385444838,22.5085362707084));
#6694=CARTESIAN_POINT('Ctrl Pts',(3.63639358944793,-13.2893530702142,38.875065975006));
#6695=CARTESIAN_POINT('Ctrl Pts',(11.8166057875832,-13.2643391254989,77.1524875045215));
#6696=CARTESIAN_POINT('Ctrl Pts',(49.1827280061179,-11.6166504343299,114.802674551224));
#6697=CARTESIAN_POINT('Ctrl Pts',(51.3678350610958,-11.3352364879557,209.450891486599));
#6698=CARTESIAN_POINT('Ctrl Pts',(31.068538882037,-10.3918398619987,329.068941244814));
#6699=CARTESIAN_POINT('Ctrl Pts',(8.44585385115167,-11.3285687667731,358.858359621764));
#6700=CARTESIAN_POINT('Ctrl Pts',(1.37604804239271,-9.43982384374851,359.173479744476));
#6701=CARTESIAN_POINT('Ctrl Pts',(-0.884263947631711,-9.58790895584837,
360.8049120156));
#6702=CARTESIAN_POINT('Ctrl Pts',(-2.25140837432893,-9.29743603236054,360.977942126771));
#6703=CARTESIAN_POINT('Ctrl Pts',(-2.93498058767755,-9.15219957061663,361.064457182356));
#6704=CARTESIAN_POINT('',(-2.93498058767754,-9.15219957061663,361.064457182356));
#6705=CARTESIAN_POINT('Ctrl Pts',(0.363610834414301,-12.8852213936492,2.49202019509653));
#6706=CARTESIAN_POINT('Ctrl Pts',(0.808489777090628,-12.7590296801965,3.83369353378579));
#6707=CARTESIAN_POINT('Ctrl Pts',(1.02935147142026,-12.8002232163534,6.53605482178559));
#6708=CARTESIAN_POINT('Ctrl Pts',(1.45405513807065,-12.8840339980808,11.903594893312));
#6709=CARTESIAN_POINT('Ctrl Pts',(1.65789711039142,-12.9266512436514,14.5687736768385));
#6710=CARTESIAN_POINT('Ctrl Pts',(2.24389344434045,-13.0566385444838,22.5085362707084));
#6711=CARTESIAN_POINT('Ctrl Pts',(3.63639358944793,-13.2893530702142,38.875065975006));
#6712=CARTESIAN_POINT('Ctrl Pts',(11.8166057875832,-13.2643391254989,77.1524875045215));
#6713=CARTESIAN_POINT('Ctrl Pts',(49.1827280061179,-11.6166504343299,114.802674551224));
#6714=CARTESIAN_POINT('Ctrl Pts',(51.3678350610958,-11.3352364879557,209.450891486599));
#6715=CARTESIAN_POINT('Ctrl Pts',(31.068538882037,-10.3918398619987,329.068941244814));
#6716=CARTESIAN_POINT('Ctrl Pts',(8.44585385115167,-11.3285687667731,358.858359621764));
#6717=CARTESIAN_POINT('Ctrl Pts',(1.37604804239271,-9.43982384374851,359.173479744476));
#6718=CARTESIAN_POINT('Ctrl Pts',(-0.884263947631711,-9.58790895584837,
360.8049120156));
#6719=CARTESIAN_POINT('Ctrl Pts',(-2.25140837432893,-9.29743603236054,360.977942126771));
#6720=CARTESIAN_POINT('Ctrl Pts',(-2.93498058767754,-9.15219957061663,361.064457182356));
#6721=CARTESIAN_POINT('Ctrl Pts',(-2.93498058767755,-9.15219957061663,361.064457182356));
#6722=CARTESIAN_POINT('Ctrl Pts',(-3.59535437353582,-9.34694605385293,360.977303744751));
#6723=CARTESIAN_POINT('Ctrl Pts',(-4.91610194525237,-9.73643902032554,360.802996869541));
#6724=CARTESIAN_POINT('Ctrl Pts',(-7.12561066595366,-9.60806355299719,359.153600191088));
#6725=CARTESIAN_POINT('Ctrl Pts',(-14.0532362076723,-11.3779226959026,356.815405274945));
#6726=CARTESIAN_POINT('Ctrl Pts',(-37.3054866377435,-11.2535755387627,329.069329848854));
#6727=CARTESIAN_POINT('Ctrl Pts',(-69.2205302988471,-15.4181261228719,209.374272715907));
#6728=CARTESIAN_POINT('Ctrl Pts',(-31.9631179891698,-13.9646993296365,114.951523498365));
#6729=CARTESIAN_POINT('Ctrl Pts',(-11.8727442156111,-13.7397619868693,76.6638815558916));
#6730=CARTESIAN_POINT('Ctrl Pts',(-5.76145689705597,-12.8778094355177,39.987695799972));
#6731=CARTESIAN_POINT('Ctrl Pts',(-4.18553008418985,-12.4831269599853,23.356925053718));
#6732=CARTESIAN_POINT('Ctrl Pts',(-3.41186192945365,-12.3211982144801,15.1862354970786));
#6733=CARTESIAN_POINT('Ctrl Pts',(-3.138210275198,-12.2730098838061,12.4088774665103));
#6734=CARTESIAN_POINT('Ctrl Pts',(-2.55938242799952,-12.1882090581133,6.74657171533019));
#6735=CARTESIAN_POINT('Ctrl Pts',(-2.2542062350567,-12.1515965630946,3.86162399471836));
#6736=CARTESIAN_POINT('Ctrl Pts',(-1.75212360983522,-12.3289177840355,2.58258496530524));
#6737=CARTESIAN_POINT('',(-3.82653212715315,6.74733126518198,16.1614047548415));
#6738=CARTESIAN_POINT('Ctrl Pts',(-3.82653211058745,6.74733147429201,16.161404749526));
#6739=CARTESIAN_POINT('Ctrl Pts',(-3.81702480394973,6.66486341729607,12.946810394064));
#6740=CARTESIAN_POINT('Ctrl Pts',(-3.80882430390157,6.55046610305743,9.73722629692751));
#6741=CARTESIAN_POINT('Ctrl Pts',(-3.8038347009029,6.36652019989781,6.54265275626414));
#6742=CARTESIAN_POINT('',(-2.2,6.98507044075845,16.1614047548414));
#6743=CARTESIAN_POINT('Ctrl Pts',(-2.2,6.98507044075845,16.1614047548414));
#6744=CARTESIAN_POINT('Ctrl Pts',(-2.77233395586206,6.92662172296219,16.1614047548414));
#6745=CARTESIAN_POINT('Ctrl Pts',(-3.31519068950827,6.84455907929638,16.1614047548414));
#6746=CARTESIAN_POINT('Ctrl Pts',(-3.82653212715315,6.74733126518197,16.1614047548414));
#6747=CARTESIAN_POINT('',(-2.2,6.98646163239147,16.2195233920122));
#6748=CARTESIAN_POINT('Ctrl Pts',(-2.2,6.98646163239147,16.2195233920122));
#6749=CARTESIAN_POINT('Ctrl Pts',(-2.2,6.98599919881271,16.2001499340651));
#6750=CARTESIAN_POINT('Ctrl Pts',(-2.2,6.98553546954197,16.1807770321028));
#6751=CARTESIAN_POINT('Ctrl Pts',(-2.2,6.98507044075845,16.1614047548414));
#6752=CARTESIAN_POINT('',(1.28211706338651,7.01198524210246,16.1614047548414));
#6753=CARTESIAN_POINT('Ctrl Pts',(1.2821170633865,7.01198524210247,16.1614047548414));
#6754=CARTESIAN_POINT('Ctrl Pts',(0.485007902896968,7.081278433954,16.1614047548414));
#6755=CARTESIAN_POINT('Ctrl Pts',(-0.194264756713668,7.11518402956368,16.3631073766976));
#6756=CARTESIAN_POINT('Ctrl Pts',(-1.57180021667017,7.04457473248096,16.2926998650867));
#6757=CARTESIAN_POINT('Ctrl Pts',(-1.88797794172764,7.01911465077925,16.2533011495313));
#6758=CARTESIAN_POINT('Ctrl Pts',(-2.2,6.98646163239147,16.2195233920122));
#6759=CARTESIAN_POINT('',(1.95451039084689,6.94117423083255,16.1614047548415));
#6760=CARTESIAN_POINT('Ctrl Pts',(1.95451039084689,6.94117423083255,16.1614047548414));
#6761=CARTESIAN_POINT('Ctrl Pts',(1.73114730422477,6.96880805907101,16.1614047548414));
#6762=CARTESIAN_POINT('Ctrl Pts',(1.5070072503659,6.99243539918971,16.1614047548414));
#6763=CARTESIAN_POINT('Ctrl Pts',(1.2821170633865,7.01198524210247,16.1614047548414));
#6764=CARTESIAN_POINT('',(1.91273316537322,6.53385830515697,6.54847061010084));
#6765=CARTESIAN_POINT('Ctrl Pts',(1.91273316537322,6.53385830515697,6.54847061010084));
#6766=CARTESIAN_POINT('Ctrl Pts',(1.93496612070804,6.74486512071633,9.73528637230019));
#6767=CARTESIAN_POINT('Ctrl Pts',(1.94711981345667,6.86507900432411,12.9447539821979));
#6768=CARTESIAN_POINT('Ctrl Pts',(1.95458241790093,6.94164861397748,16.161393326655));
#6769=CARTESIAN_POINT('Ctrl Pts',(-3.7847580709426,6.36958784349489,6.52913048049392));
#6770=CARTESIAN_POINT('Ctrl Pts',(-3.67661850921496,6.39135203188561,6.52906842143195));
#6771=CARTESIAN_POINT('Ctrl Pts',(-3.56846738803548,6.41206261204596,6.52902971300733));
#6772=CARTESIAN_POINT('Ctrl Pts',(-1.68729920512916,6.75464510918817,6.52877651141876));
#6773=CARTESIAN_POINT('Ctrl Pts',(0.12242090043014,6.79346786861356,6.53627398137984));
#6774=CARTESIAN_POINT('Ctrl Pts',(1.91273316537323,6.53385830515707,6.5484706101023));
#6775=CARTESIAN_POINT('Ctrl Pts',(-2.20143352147563,8.69801846941205,18.1840789939907));
#6776=CARTESIAN_POINT('Ctrl Pts',(-1.80577810700031,8.40063290827703,18.1882853753664));
#6777=CARTESIAN_POINT('Ctrl Pts',(-0.914488363451796,8.15236202170095,18.191790675082));
#6778=CARTESIAN_POINT('Ctrl Pts',(-0.0765811638058564,8.48440079249839,
18.1871006270715));
#6779=CARTESIAN_POINT('Ctrl Pts',(0.217850508310258,8.71049086830009,18.1839025745581));
#6780=CARTESIAN_POINT('Ctrl Pts',(-2.19732851110088,8.70348105963895,17.5814001330637));
#6781=CARTESIAN_POINT('Ctrl Pts',(-1.8035626583088,8.40916260542843,17.5848158167099));
#6782=CARTESIAN_POINT('Ctrl Pts',(-0.914158763915431,8.16379190515987,17.5876685230775));
#6783=CARTESIAN_POINT('Ctrl Pts',(-0.0793325568372102,8.49209755508265,
17.5838535255095));
#6784=CARTESIAN_POINT('Ctrl Pts',(0.213722015271482,8.7158683843677,17.5812567169116));
#6785=CARTESIAN_POINT('Ctrl Pts',(-2.49613222754859,8.30585910202608,16.5320459567462));
#6786=CARTESIAN_POINT('Ctrl Pts',(-2.00173587118746,7.93683557307944,16.5330790555675));
#6787=CARTESIAN_POINT('Ctrl Pts',(-0.89416694140174,7.62999043551918,16.5339414188844));
#6788=CARTESIAN_POINT('Ctrl Pts',(0.148672706165897,8.04074842938056,16.5327882069801));
#6789=CARTESIAN_POINT('Ctrl Pts',(0.516628526689303,8.32132136277023,16.5320028092338));
#6790=CARTESIAN_POINT('Ctrl Pts',(-3.13130266888021,7.46062960721723,16.1614047548414));
#6791=CARTESIAN_POINT('Ctrl Pts',(-2.42883189312721,6.93348255985191,16.1613937671146));
#6792=CARTESIAN_POINT('Ctrl Pts',(-0.848556476792493,6.49378701493174,16.161388439148));
#6793=CARTESIAN_POINT('Ctrl Pts',(0.637676174119917,7.08195689678286,16.1613964030189));
#6794=CARTESIAN_POINT('Ctrl Pts',(1.16044147431128,7.48273100113961,16.1614047548414));
#6795=CARTESIAN_POINT('Ctrl Pts',(-3.40286704295127,7.09925539367079,16.1614047548414));
#6796=CARTESIAN_POINT('Ctrl Pts',(-2.61155621400061,6.50460358426044,16.1614047548414));
#6797=CARTESIAN_POINT('Ctrl Pts',(-0.828976726903593,6.00816114739828,16.1614047548414));
#6798=CARTESIAN_POINT('Ctrl Pts',(0.846837672388287,6.67210574920044,16.1614047548414));
#6799=CARTESIAN_POINT('Ctrl Pts',(1.43570101662052,7.12419518731358,16.1614047548414));
#6800=CARTESIAN_POINT('',(-2.19999999999999,8.69694200005575,18.1840942201293));
#6801=CARTESIAN_POINT('Ctrl Pts',(-2.2,8.69694200005575,18.1840942201293));
#6802=CARTESIAN_POINT('Ctrl Pts',(-2.2,8.69992964017679,17.9734350679107));
#6803=CARTESIAN_POINT('Ctrl Pts',(-2.2,8.66115857978714,17.7673337564536));
#6804=CARTESIAN_POINT('Ctrl Pts',(-2.2,8.5020774172677,17.3462345987037));
#6805=CARTESIAN_POINT('Ctrl Pts',(-2.2,8.37300914302036,17.1389079771002));
#6806=CARTESIAN_POINT('Ctrl Pts',(-2.2,8.0240019247217,16.7376446361222));
#6807=CARTESIAN_POINT('Ctrl Pts',(-2.2,7.78912991492278,16.5543817760451));
#6808=CARTESIAN_POINT('Ctrl Pts',(-2.2,7.36703146198761,16.3357831380684));
#6809=CARTESIAN_POINT('Ctrl Pts',(-2.19999999998708,7.1954737945531,16.2708820836413));
#6810=CARTESIAN_POINT('Ctrl Pts',(-2.19999999998708,7.00766854901242,16.2245177651128));
#6811=CARTESIAN_POINT('Ctrl Pts',(-2.2,6.9970729378136,16.2219823110015));
#6812=CARTESIAN_POINT('Ctrl Pts',(-2.2,6.98646163239148,16.2195233920122));
#6813=CARTESIAN_POINT('',(0.217012982600398,8.7098480950166,18.1839116666017));
#6814=CARTESIAN_POINT('Ctrl Pts',(-2.19999998600241,8.69694203794662,18.1840942196006));
#6815=CARTESIAN_POINT('Ctrl Pts',(-1.80454834394853,8.40029062396426,18.1882902080267));
#6816=CARTESIAN_POINT('Ctrl Pts',(-0.914272397475697,8.15269179814376,18.1917860176093));
#6817=CARTESIAN_POINT('Ctrl Pts',(-0.0772620258671669,8.48413108552601,
18.1871044366831));
#6818=CARTESIAN_POINT('Ctrl Pts',(0.217012977949081,8.7098480998967,18.1839116665333));
#6819=CARTESIAN_POINT('',(1.39659879593193,7.09455454956299,16.1614047548414));
#6820=CARTESIAN_POINT('Ctrl Pts',(1.39659879593194,7.09455454956299,16.1614047548414));
#6821=CARTESIAN_POINT('Ctrl Pts',(1.21779922267677,7.17300798487678,16.1614047548414));
#6822=CARTESIAN_POINT('Ctrl Pts',(1.05423690827936,7.27667129324284,16.1828980696116));
#6823=CARTESIAN_POINT('Ctrl Pts',(0.773160085169902,7.51614535948863,16.2801308882886));
#6824=CARTESIAN_POINT('Ctrl Pts',(0.659932452167155,7.64507171384461,16.3515324135279));
#6825=CARTESIAN_POINT('Ctrl Pts',(0.466420173854375,7.92293717836585,16.5550641436677));
#6826=CARTESIAN_POINT('Ctrl Pts',(0.395197960081907,8.06650746105994,16.6889494189703));
#6827=CARTESIAN_POINT('Ctrl Pts',(0.282505031099103,8.35437911797208,17.0355376793282));
#6828=CARTESIAN_POINT('Ctrl Pts',(0.251975221572322,8.49006760324392,17.2576867931873));
#6829=CARTESIAN_POINT('Ctrl Pts',(0.224032423398456,8.64490820650595,17.6601910611494));
#6830=CARTESIAN_POINT('Ctrl Pts',(0.215875313754571,8.7130664462665,17.8954721706729));
#6831=CARTESIAN_POINT('Ctrl Pts',(0.217012982600398,8.7098480950166,18.1839116666017));
#6832=CARTESIAN_POINT('Ctrl Pts',(1.39659465012822,7.09456008860587,16.1614047548414));
#6833=CARTESIAN_POINT('Ctrl Pts',(1.35891879150671,7.06637902970548,16.1614047548414));
#6834=CARTESIAN_POINT('Ctrl Pts',(1.32073318245065,7.03887487640724,16.1614047548414));
#6835=CARTESIAN_POINT('Ctrl Pts',(1.28206575166771,7.01205923220764,16.1614047548414));
#6836=CARTESIAN_POINT('Ctrl Pts',(1.,10.5809934825555,4.61584026815342));
#6837=CARTESIAN_POINT('Ctrl Pts',(1.,10.309697650817,13.5259194709945));
#6838=CARTESIAN_POINT('Ctrl Pts',(0.999999999999999,10.1854777781278,25.5333974504969));
#6839=CARTESIAN_POINT('Ctrl Pts',(0.999999999999998,10.0707749524351,45.9218482416745));
#6840=CARTESIAN_POINT('Ctrl Pts',(0.999999999999996,10.0480120200585,53.9867749378683));
#6841=CARTESIAN_POINT('Ctrl Pts',(0.999999999999995,10.0210964359511,62.6581728450882));
#6842=CARTESIAN_POINT('Ctrl Pts',(1.,10.0178087584519,63.70302329721));
#6843=CARTESIAN_POINT('Ctrl Pts',(1.,9.95170927869117,84.0171327025678));
#6844=CARTESIAN_POINT('Ctrl Pts',(0.999999999999997,9.85991937402181,100.487617584297));
#6845=CARTESIAN_POINT('Ctrl Pts',(1.,9.32729938233072,124.734236201675));
#6846=CARTESIAN_POINT('Ctrl Pts',(1.,9.20852671838805,129.468387708488));
#6847=CARTESIAN_POINT('Ctrl Pts',(1.,8.61287078095324,150.833121734366));
#6848=CARTESIAN_POINT('Ctrl Pts',(1.,7.9811078371077,167.887148757589));
#6849=CARTESIAN_POINT('Ctrl Pts',(1.,6.86718704435007,192.20719145173));
#6850=CARTESIAN_POINT('Ctrl Pts',(1.,6.5121226735623,199.381191229543));
#6851=CARTESIAN_POINT('Ctrl Pts',(1.,5.85247869560002,211.863313248391));
#6852=CARTESIAN_POINT('Ctrl Pts',(1.,5.55864507254989,217.172778920523));
#6853=CARTESIAN_POINT('Ctrl Pts',(1.,5.07106761403376,225.604579903822));
#6854=CARTESIAN_POINT('Ctrl Pts',(1.,4.88675780410651,228.71046141465));
#6855=CARTESIAN_POINT('Ctrl Pts',(1.,3.98729277970245,243.510180922034));
#6856=CARTESIAN_POINT('Ctrl Pts',(1.,3.2889825524387,253.962811626109));
#6857=CARTESIAN_POINT('Ctrl Pts',(1.,2.61515933351068,263.237415500246));
#6858=CARTESIAN_POINT('Ctrl Pts',(1.,10.8800541865305,4.62494612687568));
#6859=CARTESIAN_POINT('Ctrl Pts',(1.,10.6089237130995,13.5295945215547));
#6860=CARTESIAN_POINT('Ctrl Pts',(0.999999999999999,10.4846613410025,25.5360580496284));
#6861=CARTESIAN_POINT('Ctrl Pts',(0.999999999999997,10.3699753190934,45.9229202725089));
#6862=CARTESIAN_POINT('Ctrl Pts',(0.999999999999996,10.3472099048579,53.9876389763659));
#6863=CARTESIAN_POINT('Ctrl Pts',(0.999999999999995,10.3202945101889,62.6590971035029));
#6864=CARTESIAN_POINT('Ctrl Pts',(1.,10.3170067286009,63.7039647940475));
#6865=CARTESIAN_POINT('Ctrl Pts',(1.,10.2509065467139,84.0184534825304));
#6866=CARTESIAN_POINT('Ctrl Pts',(0.999999999999997,10.1591083260306,100.491391679371));
#6867=CARTESIAN_POINT('Ctrl Pts',(1.,9.62641273940778,124.741442440724));
#6868=CARTESIAN_POINT('Ctrl Pts',(1.,9.50762564101051,129.476162709486));
#6869=CARTESIAN_POINT('Ctrl Pts',(1.,8.91190010549521,150.843391733953));
#6870=CARTESIAN_POINT('Ctrl Pts',(1.,8.28007374887433,167.899091013344));
#6871=CARTESIAN_POINT('Ctrl Pts',(1.,7.16604008685667,192.22160392991));
#6872=CARTESIAN_POINT('Ctrl Pts',(1.,6.81094067774617,199.396308681798));
#6873=CARTESIAN_POINT('Ctrl Pts',(1.,6.1512353650723,211.879591424073));
#6874=CARTESIAN_POINT('Ctrl Pts',(1.,5.85737442431847,217.189550901456));
#6875=CARTESIAN_POINT('Ctrl Pts',(1.,5.3697513799476,225.622140171131));
#6876=CARTESIAN_POINT('Ctrl Pts',(1.,5.18542422327394,228.728314218455));
#6877=CARTESIAN_POINT('Ctrl Pts',(1.,4.28587192550831,243.529469319647));
#6878=CARTESIAN_POINT('Ctrl Pts',(1.,3.58749064412903,253.983180010562));
#6879=CARTESIAN_POINT('Ctrl Pts',(1.,2.91357210139791,263.259095935826));
#6880=CARTESIAN_POINT('Ctrl Pts',(0.862398097991594,11.4764539752145,4.64310542412055));
#6881=CARTESIAN_POINT('Ctrl Pts',(0.862398097991594,11.2056493050965,13.5370535684297));
#6882=CARTESIAN_POINT('Ctrl Pts',(0.862398097991593,11.0813055132972,25.5413933995045));
#6883=CARTESIAN_POINT('Ctrl Pts',(0.862398097991592,10.966652970744,45.9250968139271));
#6884=CARTESIAN_POINT('Ctrl Pts',(0.86239809799159,10.9438828949932,53.9893912075925));
#6885=CARTESIAN_POINT('Ctrl Pts',(0.86239809799159,10.9169679073746,62.6609657703702));
#6886=CARTESIAN_POINT('Ctrl Pts',(0.862398097991594,10.9136799187085,63.7058673888112));
#6887=CARTESIAN_POINT('Ctrl Pts',(0.862398097991596,10.8475783634844,84.0211082479017));
#6888=CARTESIAN_POINT('Ctrl Pts',(0.86239809799159,10.7557624729459,100.498963740961));
#6889=CARTESIAN_POINT('Ctrl Pts',(0.862398097991598,10.2229168814772,124.755825069246));
#6890=CARTESIAN_POINT('Ctrl Pts',(0.862398097991597,10.1041013395627,129.491665579583));
#6891=CARTESIAN_POINT('Ctrl Pts',(0.862398097991593,9.5082375665369,150.863848369011));
#6892=CARTESIAN_POINT('Ctrl Pts',(0.862398097991597,8.87628278310117,167.922934519359));
#6893=CARTESIAN_POINT('Ctrl Pts',(0.862398097991596,7.76202459143955,192.250361767186));
#6894=CARTESIAN_POINT('Ctrl Pts',(0.862398097991594,7.40685538593908,199.42647086774));
#6895=CARTESIAN_POINT('Ctrl Pts',(0.862398097991595,6.74702828557605,211.912058798971));
#6896=CARTESIAN_POINT('Ctrl Pts',(0.862398097991595,6.45311290716857,217.22300243888));
#6897=CARTESIAN_POINT('Ctrl Pts',(0.862398097991595,5.96539951824628,225.657154197176));
#6898=CARTESIAN_POINT('Ctrl Pts',(0.862398097991595,5.78103808891039,228.763906237524));
#6899=CARTESIAN_POINT('Ctrl Pts',(0.862398097991595,4.88131253878552,243.567911567887));
#6900=CARTESIAN_POINT('Ctrl Pts',(0.862398097991594,4.18278610589086,254.023830955569));
#6901=CARTESIAN_POINT('Ctrl Pts',(0.862398097991595,3.50867974791586,263.302331998027));
#6902=CARTESIAN_POINT('Ctrl Pts',(0.10136933118735,12.4424713408771,4.67251890953691));
#6903=CARTESIAN_POINT('Ctrl Pts',(0.101369331187349,12.1721987917021,13.5489907818495));
#6904=CARTESIAN_POINT('Ctrl Pts',(0.101369331187349,12.0477194154264,25.5500025784279));
#6905=CARTESIAN_POINT('Ctrl Pts',(0.101369331187349,11.9331211359676,45.92857931533));
#6906=CARTESIAN_POINT('Ctrl Pts',(0.101369331187349,11.9103431898203,53.9921970147483));
#6907=CARTESIAN_POINT('Ctrl Pts',(0.101369331187349,11.8834288290038,62.6639642379749));
#6908=CARTESIAN_POINT('Ctrl Pts',(0.101369331187354,11.8801405043676,63.7089213107549));
#6909=CARTESIAN_POINT('Ctrl Pts',(0.101369331187353,11.814036694823,84.0253851770685));
#6910=CARTESIAN_POINT('Ctrl Pts',(0.101369331187346,11.7221933899471,100.511177906431));
#6911=CARTESIAN_POINT('Ctrl Pts',(0.101369331187353,11.1891039952494,124.779108374852));
#6912=CARTESIAN_POINT('Ctrl Pts',(0.101369331187352,11.0702420016625,129.516778959328));
#6913=CARTESIAN_POINT('Ctrl Pts',(0.101369331187349,10.4741536986937,150.897009899504));
#6914=CARTESIAN_POINT('Ctrl Pts',(0.101369331187353,9.84199308105146,167.961524163799));
#6915=CARTESIAN_POINT('Ctrl Pts',(0.101369331187351,8.72737058668731,192.296924604894));
#6916=CARTESIAN_POINT('Ctrl Pts',(0.101369331187349,8.37208824134466,199.475310108807));
#6917=CARTESIAN_POINT('Ctrl Pts',(0.10136933118735,7.71206328821203,211.964642505492));
#6918=CARTESIAN_POINT('Ctrl Pts',(0.10136933118735,7.41805968953076,217.277180913219));
#6919=CARTESIAN_POINT('Ctrl Pts',(0.10136933118735,6.93019933770107,225.713874116543));
#6920=CARTESIAN_POINT('Ctrl Pts',(0.10136933118735,6.74578203864394,228.821568355593));
#6921=CARTESIAN_POINT('Ctrl Pts',(0.101369331187349,5.8457749833792,243.630204443975));
#6922=CARTESIAN_POINT('Ctrl Pts',(0.10136933118735,5.14701727765575,254.089640316965));
#6923=CARTESIAN_POINT('Ctrl Pts',(0.10136933118735,4.47260416888769,263.372363523357));
#6924=CARTESIAN_POINT('Ctrl Pts',(-1.50898781772736,12.8105644340724,4.68372667992842));
#6925=CARTESIAN_POINT('Ctrl Pts',(-1.50898781772736,12.5404944784485,13.5535448393007));
#6926=CARTESIAN_POINT('Ctrl Pts',(-1.50898781772736,12.4159635792294,25.5532842773091));
#6927=CARTESIAN_POINT('Ctrl Pts',(-1.50898781772736,12.3013859749577,45.9299079219914));
#6928=CARTESIAN_POINT('Ctrl Pts',(-1.50898781772736,12.2786050419843,53.9932673715129));
#6929=CARTESIAN_POINT('Ctrl Pts',(-1.50898781772735,12.2516909212381,62.6651078524148));
#6930=CARTESIAN_POINT('Ctrl Pts',(-1.50898781772735,12.2484024686044,63.710086036683));
#6931=CARTESIAN_POINT('Ctrl Pts',(-1.50898781772735,12.1822978012009,84.0270157426061));
#6932=CARTESIAN_POINT('Ctrl Pts',(-1.50898781772736,12.0904440045919,100.515833935515));
#6933=CARTESIAN_POINT('Ctrl Pts',(-1.50898781772736,11.5572617422261,124.787980779858));
#6934=CARTESIAN_POINT('Ctrl Pts',(-1.50898781772736,11.4383820630206,129.526348109342));
#6935=CARTESIAN_POINT('Ctrl Pts',(-1.50898781772736,10.8422082282342,150.909644811208));
#6936=CARTESIAN_POINT('Ctrl Pts',(-1.50898781772736,10.2099690963277,167.976229603607));
#6937=CARTESIAN_POINT('Ctrl Pts',(-1.50898781772736,9.09520781091516,192.314667664569));
#6938=CARTESIAN_POINT('Ctrl Pts',(-1.50898781772736,8.73988235785989,199.493920508643));
#6939=CARTESIAN_POINT('Ctrl Pts',(-1.50898781772736,8.07978203679457,211.984679300295));
#6940=CARTESIAN_POINT('Ctrl Pts',(-1.50898781772736,7.78574482419773,217.297825355893));
#6941=CARTESIAN_POINT('Ctrl Pts',(-1.50898781772736,7.29782849712486,225.735486554246));
#6942=CARTESIAN_POINT('Ctrl Pts',(-1.50898781772736,7.11338992287987,228.843539583244));
#6943=CARTESIAN_POINT('Ctrl Pts',(-1.50898781772736,6.21327563571287,243.65393964988));
#6944=CARTESIAN_POINT('Ctrl Pts',(-1.50898781772736,5.51442965996418,254.114717764804));
#6945=CARTESIAN_POINT('Ctrl Pts',(-1.50898781772736,4.83989976245985,263.399048468884));
#6946=CARTESIAN_POINT('Ctrl Pts',(-3.06352272801836,11.5736640977798,4.64606529691791));
#6947=CARTESIAN_POINT('Ctrl Pts',(-3.06352272801836,11.302913696484,13.5382311082652));
#6948=CARTESIAN_POINT('Ctrl Pts',(-3.06352272801836,11.1785556534429,25.542254371453));
#6949=CARTESIAN_POINT('Ctrl Pts',(-3.06352272801835,11.0639085771071,45.9254402166029));
#6950=CARTESIAN_POINT('Ctrl Pts',(-3.06352272801835,11.0411376569133,53.9896682493585));
#6951=CARTESIAN_POINT('Ctrl Pts',(-3.06352272801835,11.0142227270389,62.6612628657711));
#6952=CARTESIAN_POINT('Ctrl Pts',(-3.06352272801834,11.0109347044731,63.7061701464899));
#6953=CARTESIAN_POINT('Ctrl Pts',(-3.06352272801835,10.9448329175019,84.021534843833));
#6954=CARTESIAN_POINT('Ctrl Pts',(-3.06352272801836,10.8530144660358,100.500184543707));
#6955=CARTESIAN_POINT('Ctrl Pts',(-3.06352272801836,10.3201442041096,124.75816594392));
#6956=CARTESIAN_POINT('Ctrl Pts',(-3.06352272801836,10.2013239254204,129.494193165947));
#6957=CARTESIAN_POINT('Ctrl Pts',(-3.06352272801836,9.60543745635034,150.867189822759));
#6958=CARTESIAN_POINT('Ctrl Pts',(-3.06352272801836,8.97346231804644,167.926812733397));
#6959=CARTESIAN_POINT('Ctrl Pts',(-3.06352272801836,7.85916736483263,192.255044488424));
#6960=CARTESIAN_POINT('Ctrl Pts',(-3.06352272801836,7.50398675978544,199.431382943696));
#6961=CARTESIAN_POINT('Ctrl Pts',(-3.06352272801836,6.84413965324212,211.917349424037));
#6962=CARTESIAN_POINT('Ctrl Pts',(-3.06352272801837,6.55021538987111,217.228453655348));
#6963=CARTESIAN_POINT('Ctrl Pts',(-3.06352272801836,6.06248710923107,225.662862897648));
#6964=CARTESIAN_POINT('Ctrl Pts',(-3.06352272801836,5.87811999926912,228.76971073417));
#6965=CARTESIAN_POINT('Ctrl Pts',(-3.06352272801837,4.97836597707958,243.574184369086));
#6966=CARTESIAN_POINT('Ctrl Pts',(-3.06352272801836,4.27981690012525,254.030447612006));
#6967=CARTESIAN_POINT('Ctrl Pts',(-3.06352272801836,3.60567925790098,263.309379255564));
#6968=CARTESIAN_POINT('Ctrl Pts',(-3.06271992789518,9.58808210966389,4.58560790875246));
#6969=CARTESIAN_POINT('Ctrl Pts',(-3.06271992789518,9.31624089079264,13.5135990806685));
#6970=CARTESIAN_POINT('Ctrl Pts',(-3.06271992789517,9.19215907416,25.5245370751928));
#6971=CARTESIAN_POINT('Ctrl Pts',(-3.06271992789517,9.07740048698446,45.9182536822717));
#6972=CARTESIAN_POINT('Ctrl Pts',(-3.06271992789516,9.05464553159996,53.9838796334757));
#6973=CARTESIAN_POINT('Ctrl Pts',(-3.06271992789516,9.02772929180373,62.6550809459213));
#6974=CARTESIAN_POINT('Ctrl Pts',(-3.06271992789516,9.02444195943252,63.6998745755975));
#6975=CARTESIAN_POINT('Ctrl Pts',(-3.06271992789517,8.95834478625065,84.0127285712317));
#6976=CARTESIAN_POINT('Ctrl Pts',(-3.06271992789518,8.86658348342756,100.47504555573));
#6977=CARTESIAN_POINT('Ctrl Pts',(-3.06271992789518,8.33421378943287,124.710300139877));
#6978=CARTESIAN_POINT('Ctrl Pts',(-3.06271992789518,8.21548873661195,129.442576097489));
#6979=CARTESIAN_POINT('Ctrl Pts',(-3.06271992789518,7.62006336199037,150.799046457846));
#6980=CARTESIAN_POINT('Ctrl Pts',(-3.06271992789517,6.98851275122891,167.847473932093));
#6981=CARTESIAN_POINT('Ctrl Pts',(-3.06271992789518,5.87496618489061,192.1593261064));
#6982=CARTESIAN_POINT('Ctrl Pts',(-3.06271992789518,5.52001807307135,199.330986707856));
#6983=CARTESIAN_POINT('Ctrl Pts',(-3.06271992789518,4.86057724952266,211.809263757263));
#6984=CARTESIAN_POINT('Ctrl Pts',(-3.06271992789518,4.56683428698198,217.117090499639));
#6985=CARTESIAN_POINT('Ctrl Pts',(-3.06271992789518,4.07940766213654,225.546283014494));
#6986=CARTESIAN_POINT('Ctrl Pts',(-3.06271992789518,3.89515515191363,228.651198204445));
#6987=CARTESIAN_POINT('Ctrl Pts',(-3.06271992789518,2.99597916028227,243.446162993947));
#6988=CARTESIAN_POINT('Ctrl Pts',(-3.06271992789518,2.29790799367012,253.895157842812));
#6989=CARTESIAN_POINT('Ctrl Pts',(-3.06271992789518,1.62439917307145,263.165434291177));
#6990=CARTESIAN_POINT('Ctrl Pts',(-1.5100325360759,8.34933333192141,4.54789024403567));
#6991=CARTESIAN_POINT('Ctrl Pts',(-1.5100325360759,8.07681148468135,13.4982350681809));
#6992=CARTESIAN_POINT('Ctrl Pts',(-1.5100325360759,7.952902080389,25.513484480826));
#6993=CARTESIAN_POINT('Ctrl Pts',(-1.5100325360759,7.83807392395741,45.913771161269));
#6994=CARTESIAN_POINT('Ctrl Pts',(-1.5100325360759,7.81532893568775,53.9802689990207));
#6995=CARTESIAN_POINT('Ctrl Pts',(-1.5100325360759,7.78841187939174,62.6512248497404));
#6996=CARTESIAN_POINT('Ctrl Pts',(-1.51003253607589,7.78512497762589,63.6959475646065));
#6997=CARTESIAN_POINT('Ctrl Pts',(-1.5100325360759,7.71903068352196,84.0072350998789));
#6998=CARTESIAN_POINT('Ctrl Pts',(-1.51003253607591,7.62730500728468,100.459363175404));
#6999=CARTESIAN_POINT('Ctrl Pts',(-1.5100325360759,7.09524762208996,124.680438298177));
#7000=CARTESIAN_POINT('Ctrl Pts',(-1.5100325360759,6.97658198647486,129.410373601012));
#7001=CARTESIAN_POINT('Ctrl Pts',(-1.51003253607591,6.38144428951333,150.756533128896));
#7002=CARTESIAN_POINT('Ctrl Pts',(-1.5100325360759,5.75015848092945,167.797977370567));
#7003=CARTESIAN_POINT('Ctrl Pts',(-1.5100325360759,4.63707882594698,192.099610490897));
#7004=CARTESIAN_POINT('Ctrl Pts',(-1.51003253607591,4.28227576205831,199.268352672769));
#7005=CARTESIAN_POINT('Ctrl Pts',(-1.51003253607591,3.62308842011899,211.741832265623));
#7006=CARTESIAN_POINT('Ctrl Pts',(-1.51003253607591,3.32945856707032,217.047614259833));
#7007=CARTESIAN_POINT('Ctrl Pts',(-1.51003253607591,2.84222015075805,225.473551969059));
#7008=CARTESIAN_POINT('Ctrl Pts',(-1.51003253607591,2.65803914402689,228.577261301727));
#7009=CARTESIAN_POINT('Ctrl Pts',(-1.51003253607591,1.75922378899183,243.366293476033));
#7010=CARTESIAN_POINT('Ctrl Pts',(-1.5100325360759,1.06145069184099,253.810755136693));
#7011=CARTESIAN_POINT('Ctrl Pts',(-1.5100325360759,0.388334231841348,263.07563107491));
#7012=CARTESIAN_POINT('Ctrl Pts',(0.426954423189793,8.79313134902463,4.56140309273577));
#7013=CARTESIAN_POINT('Ctrl Pts',(0.426954423189793,8.5208529722518,13.5037516969142));
#7014=CARTESIAN_POINT('Ctrl Pts',(0.426954423189792,8.39688211343569,25.5174469969342));
#7015=CARTESIAN_POINT('Ctrl Pts',(0.426954423189792,8.28207887813526,45.9153807283461));
#7016=CARTESIAN_POINT('Ctrl Pts',(0.426954423189791,8.25933034616813,53.9815653032215));
#7017=CARTESIAN_POINT('Ctrl Pts',(0.426954423189791,8.23241358515371,62.6526087488992));
#7018=CARTESIAN_POINT('Ctrl Pts',(0.426954423189796,8.22912652916498,63.6973568275164));
#7019=CARTESIAN_POINT('Ctrl Pts',(0.426954423189796,8.16303120612792,84.0092051705459));
#7020=CARTESIAN_POINT('Ctrl Pts',(0.42695442318979,8.07129266380963,100.464985894293));
#7021=CARTESIAN_POINT('Ctrl Pts',(0.426954423189797,7.53912346060057,124.691137792373));
#7022=CARTESIAN_POINT('Ctrl Pts',(0.426954423189796,7.42043657027203,129.421910344463));
#7023=CARTESIAN_POINT('Ctrl Pts',(0.426954423189793,6.82519586163325,150.77176180108));
#7024=CARTESIAN_POINT('Ctrl Pts',(0.426954423189796,6.19381499875513,167.815712780095));
#7025=CARTESIAN_POINT('Ctrl Pts',(0.426954423189795,5.08056811937617,192.121005889111));
#7026=CARTESIAN_POINT('Ctrl Pts',(0.426954423189793,4.72571309756922,199.290793487786));
#7027=CARTESIAN_POINT('Ctrl Pts',(0.426954423189793,4.06643499236932,211.76599092938));
#7028=CARTESIAN_POINT('Ctrl Pts',(0.426954423189794,3.77276462017847,217.072505424392));
#7029=CARTESIAN_POINT('Ctrl Pts',(0.426954423189794,3.28545882894554,225.499608310211));
#7030=CARTESIAN_POINT('Ctrl Pts',(0.426954423189794,3.10125223541904,228.603749148217));
#7031=CARTESIAN_POINT('Ctrl Pts',(0.426954423189793,2.20230775227381,243.394905562688));
#7032=CARTESIAN_POINT('Ctrl Pts',(0.426954423189793,1.50442754224687,253.84099647879));
#7033=CARTESIAN_POINT('Ctrl Pts',(0.426954423189794,0.831170729269375,263.10780425645));
#7034=CARTESIAN_POINT('Ctrl Pts',(1.,9.9828720746056,4.5976285507089));
#7035=CARTESIAN_POINT('Ctrl Pts',(1.,9.71124806001394,13.518486154365));
#7036=CARTESIAN_POINT('Ctrl Pts',(0.999999999999999,9.58711105336713,25.5280574039847));
#7037=CARTESIAN_POINT('Ctrl Pts',(0.999999999999998,9.47237464023982,45.9196794580671));
#7038=CARTESIAN_POINT('Ctrl Pts',(0.999999999999996,9.44961648742572,53.9850282299283));
#7039=CARTESIAN_POINT('Ctrl Pts',(0.999999999999995,9.4227005057237,62.6563080367267));
#7040=CARTESIAN_POINT('Ctrl Pts',(1.,9.41941303608199,63.7011242996462));
#7041=CARTESIAN_POINT('Ctrl Pts',(1.,9.35331494338513,84.0144778329494));
#7042=CARTESIAN_POINT('Ctrl Pts',(0.999999999999997,9.26154236517601,100.480040228911));
#7043=CARTESIAN_POINT('Ctrl Pts',(1.,8.72907308374062,124.719816281649));
#7044=CARTESIAN_POINT('Ctrl Pts',(1.,8.61032906976862,129.452839224381));
#7045=CARTESIAN_POINT('Ctrl Pts',(1.,8.01481197159412,150.812597240938));
#7046=CARTESIAN_POINT('Ctrl Pts',(1.,7.38317711098811,167.863246501093));
#7047=CARTESIAN_POINT('Ctrl Pts',(1.,6.2694816991309,192.178356357427));
#7048=CARTESIAN_POINT('Ctrl Pts',(1.,5.91448735474769,199.350947172817));
#7049=CARTESIAN_POINT('Ctrl Pts',(1.,5.25496570807827,211.830753869716));
#7050=CARTESIAN_POINT('Ctrl Pts',(1.,4.9611866945359,217.139232318481));
#7051=CARTESIAN_POINT('Ctrl Pts',(1.,4.4737000465175,225.569462834911));
#7052=CARTESIAN_POINT('Ctrl Pts',(1.,4.2894247247855,228.674762724061));
#7053=CARTESIAN_POINT('Ctrl Pts',(1.,3.3901337405584,243.471619163179));
#7054=CARTESIAN_POINT('Ctrl Pts',(1.,2.69196782969126,253.922054752826));
#7055=CARTESIAN_POINT('Ctrl Pts',(1.,2.01833379773622,263.194054629085));
#7056=CARTESIAN_POINT('Ctrl Pts',(1.,10.5809934825555,4.61584026815342));
#7057=CARTESIAN_POINT('Ctrl Pts',(1.,10.309697650817,13.5259194709945));
#7058=CARTESIAN_POINT('Ctrl Pts',(0.999999999999999,10.1854777781278,25.5333974504969));
#7059=CARTESIAN_POINT('Ctrl Pts',(0.999999999999998,10.0707749524351,45.9218482416745));
#7060=CARTESIAN_POINT('Ctrl Pts',(0.999999999999996,10.0480120200585,53.9867749378683));
#7061=CARTESIAN_POINT('Ctrl Pts',(0.999999999999995,10.0210964359511,62.6581728450882));
#7062=CARTESIAN_POINT('Ctrl Pts',(1.,10.0178087584519,63.70302329721));
#7063=CARTESIAN_POINT('Ctrl Pts',(1.,9.95170927869117,84.0171327025678));
#7064=CARTESIAN_POINT('Ctrl Pts',(0.999999999999997,9.85991937402181,100.487617584297));
#7065=CARTESIAN_POINT('Ctrl Pts',(1.,9.32729938233072,124.734236201675));
#7066=CARTESIAN_POINT('Ctrl Pts',(1.,9.20852671838805,129.468387708488));
#7067=CARTESIAN_POINT('Ctrl Pts',(1.,8.61287078095324,150.833121734366));
#7068=CARTESIAN_POINT('Ctrl Pts',(1.,7.9811078371077,167.887148757589));
#7069=CARTESIAN_POINT('Ctrl Pts',(1.,6.86718704435007,192.20719145173));
#7070=CARTESIAN_POINT('Ctrl Pts',(1.,6.5121226735623,199.381191229543));
#7071=CARTESIAN_POINT('Ctrl Pts',(1.,5.85247869560002,211.863313248391));
#7072=CARTESIAN_POINT('Ctrl Pts',(1.,5.55864507254989,217.172778920523));
#7073=CARTESIAN_POINT('Ctrl Pts',(1.,5.07106761403376,225.604579903822));
#7074=CARTESIAN_POINT('Ctrl Pts',(1.,4.88675780410651,228.71046141465));
#7075=CARTESIAN_POINT('Ctrl Pts',(1.,3.98729277970245,243.510180922034));
#7076=CARTESIAN_POINT('Ctrl Pts',(1.,3.2889825524387,253.962811626109));
#7077=CARTESIAN_POINT('Ctrl Pts',(1.,2.61515933351068,263.237415500246));
#7078=CARTESIAN_POINT('',(0.2,4.21095326776784,263.353353929544));
#7079=CARTESIAN_POINT('',(0.2,4.61544360142823,257.684424333843));
#7080=CARTESIAN_POINT('Ctrl Pts',(0.200629375916529,4.21179946520871,263.353415407909));
#7081=CARTESIAN_POINT('Ctrl Pts',(0.200629375916529,4.34568199582984,261.510636171014));
#7082=CARTESIAN_POINT('Ctrl Pts',(0.200629375916529,4.48052496553373,259.621464866673));
#7083=CARTESIAN_POINT('Ctrl Pts',(0.200629375916529,4.61628786270159,257.684519314493));
#7084=CARTESIAN_POINT('',(-2.2,4.61544360142824,257.684424333843));
#7085=CARTESIAN_POINT('Ctrl Pts',(0.199999999999996,4.61544360142824,257.684424333843));
#7086=CARTESIAN_POINT('Ctrl Pts',(0.0514640713293035,4.72994151451144,257.644153092138));
#7087=CARTESIAN_POINT('Ctrl Pts',(-0.113957260275202,4.82383511936218,257.615728033443));
#7088=CARTESIAN_POINT('Ctrl Pts',(-0.46683277752042,4.96051711778359,257.576501977337));
#7089=CARTESIAN_POINT('Ctrl Pts',(-0.651390340510124,5.00309113106051,257.565631839314));
#7090=CARTESIAN_POINT('Ctrl Pts',(-1.08388559376563,5.03865801134187,257.556430245934));
#7091=CARTESIAN_POINT('Ctrl Pts',(-1.33019165505987,5.01252844370738,257.562638233252));
#7092=CARTESIAN_POINT('Ctrl Pts',(-1.79650153775871,4.8723212135379,257.601309722597));
#7093=CARTESIAN_POINT('Ctrl Pts',(-2.01162023852566,4.76065486276381,257.633350583711));
#7094=CARTESIAN_POINT('Ctrl Pts',(-2.20000000000001,4.61544360142823,257.684424333843));
#7095=CARTESIAN_POINT('',(-2.2,4.21095326776784,263.353353929544));
#7096=CARTESIAN_POINT('Ctrl Pts',(-2.1988949030088,4.61314696532881,257.684298309583));
#7097=CARTESIAN_POINT('Ctrl Pts',(-2.1988949030088,4.47738424257324,259.621241339782));
#7098=CARTESIAN_POINT('Ctrl Pts',(-2.1988949030088,4.34254144303621,261.510410235244));
#7099=CARTESIAN_POINT('Ctrl Pts',(-2.1988949030088,4.20865907381521,263.353187250603));
#7100=CARTESIAN_POINT('',(1.,2.61515933351067,263.237415500246));
#7101=CARTESIAN_POINT('Origin',(-0.999999999999999,2.61515933351067,263.237415500246));
#7102=CARTESIAN_POINT('',(1.,10.5809934825555,4.61584026815343));
#7103=CARTESIAN_POINT('Ctrl Pts',(1.,10.5809934825555,4.61584026815342));
#7104=CARTESIAN_POINT('Ctrl Pts',(1.,10.309697650817,13.5259194709945));
#7105=CARTESIAN_POINT('Ctrl Pts',(0.999999999999999,10.1854777781278,25.5333974504969));
#7106=CARTESIAN_POINT('Ctrl Pts',(0.999999999999998,10.0707749524351,45.9218482416745));
#7107=CARTESIAN_POINT('Ctrl Pts',(0.999999999999996,10.0480120200585,53.9867749378683));
#7108=CARTESIAN_POINT('Ctrl Pts',(0.999999999999995,10.0210964359511,62.6581728450882));
#7109=CARTESIAN_POINT('Ctrl Pts',(1.,10.0178087584519,63.70302329721));
#7110=CARTESIAN_POINT('Ctrl Pts',(1.,9.95170927869117,84.0171327025678));
#7111=CARTESIAN_POINT('Ctrl Pts',(0.999999999999997,9.85991937402181,100.487617584297));
#7112=CARTESIAN_POINT('Ctrl Pts',(1.,9.32729938233072,124.734236201675));
#7113=CARTESIAN_POINT('Ctrl Pts',(1.,9.20852671838805,129.468387708488));
#7114=CARTESIAN_POINT('Ctrl Pts',(1.,8.61287078095324,150.833121734366));
#7115=CARTESIAN_POINT('Ctrl Pts',(1.,7.9811078371077,167.887148757589));
#7116=CARTESIAN_POINT('Ctrl Pts',(1.,6.86718704435007,192.20719145173));
#7117=CARTESIAN_POINT('Ctrl Pts',(1.,6.5121226735623,199.381191229543));
#7118=CARTESIAN_POINT('Ctrl Pts',(1.,5.85247869560002,211.863313248391));
#7119=CARTESIAN_POINT('Ctrl Pts',(1.,5.55864507254989,217.172778920523));
#7120=CARTESIAN_POINT('Ctrl Pts',(1.,5.07106761403376,225.604579903822));
#7121=CARTESIAN_POINT('Ctrl Pts',(1.,4.88675780410651,228.71046141465));
#7122=CARTESIAN_POINT('Ctrl Pts',(1.,3.98729277970245,243.510180922034));
#7123=CARTESIAN_POINT('Ctrl Pts',(1.,3.2889825524387,253.962811626109));
#7124=CARTESIAN_POINT('Ctrl Pts',(1.,2.61515933351068,263.237415500246));
#7125=CARTESIAN_POINT('Origin',(-1.,10.5809934825555,4.61584026815343));
#7126=CARTESIAN_POINT('Origin',(-0.999999999999999,2.61515933351067,263.237415500246));
#7127=CARTESIAN_POINT('',(0.209279806296591,8.73414483978365,16.1614047548414));
#7128=CARTESIAN_POINT('Ctrl Pts',(0.217729980104945,8.71009014797703,18.1839070933654));
#7129=CARTESIAN_POINT('Ctrl Pts',(0.215398450985216,8.71644378162739,17.6120961237088));
#7130=CARTESIAN_POINT('Ctrl Pts',(0.21310813154927,8.72323384127496,17.0481256646106));
#7131=CARTESIAN_POINT('Ctrl Pts',(0.210966725966554,8.73043609905334,16.4919842348061));
#7132=CARTESIAN_POINT('Ctrl Pts',(0.210541107561614,8.73186759502605,16.3814474779277));
#7133=CARTESIAN_POINT('Ctrl Pts',(0.21012148823888,8.73331548086476,16.2712199522163));
#7134=CARTESIAN_POINT('Ctrl Pts',(0.209708892491664,8.73477971897068,16.1613014954771));
#7135=CARTESIAN_POINT('',(-2.2,8.72714188846228,16.1614047548414));
#7136=CARTESIAN_POINT('Ctrl Pts',(-2.2,8.72714188846228,16.1614047548414));
#7137=CARTESIAN_POINT('Ctrl Pts',(-2.2,8.71655239270687,16.8354398766527));
#7138=CARTESIAN_POINT('Ctrl Pts',(-2.2,8.70649777616481,17.5103143763819));
#7139=CARTESIAN_POINT('Ctrl Pts',(-2.2,8.69694200005575,18.1840942201293));
#7140=CARTESIAN_POINT('',(-2.2,8.87779057953643,8.41570988381442));
#7141=CARTESIAN_POINT('Ctrl Pts',(-2.19897383044548,8.72822221135856,16.1622071220539));
#7142=CARTESIAN_POINT('Ctrl Pts',(-2.19897383044548,8.77103301636892,13.4373875735595));
#7143=CARTESIAN_POINT('Ctrl Pts',(-2.19897383044548,8.82077393906182,10.8421209592044));
#7144=CARTESIAN_POINT('Ctrl Pts',(-2.19897383044548,8.878910862938,8.41598985559492));
#7145=CARTESIAN_POINT('',(-1.8156319479603,8.65159742780735,8.41570988381442));
#7146=CARTESIAN_POINT('Ctrl Pts',(-2.19897383044547,8.87891086293799,8.41598985559492));
#7147=CARTESIAN_POINT('Ctrl Pts',(-2.14453272555698,8.83795473821101,8.41599242633175));
#7148=CARTESIAN_POINT('Ctrl Pts',(-2.08808281988932,8.79966648576932,8.41599230914908));
#7149=CARTESIAN_POINT('Ctrl Pts',(-2.0298267875806,8.76424023222142,8.41599021604108));
#7150=CARTESIAN_POINT('Ctrl Pts',(-1.96526177684546,8.72497740655376,8.4159878962548));
#7151=CARTESIAN_POINT('Ctrl Pts',(-1.89876400192593,8.68940304336602,8.41598313039211));
#7152=CARTESIAN_POINT('Ctrl Pts',(-1.83063797916541,8.65772852850746,8.41597798259252));
#7153=CARTESIAN_POINT('Ctrl Pts',(-1.82549523704377,8.6553374618468,8.41597759399203));
#7154=CARTESIAN_POINT('Ctrl Pts',(-1.82034320116572,8.65296863801479,8.41597720368417));
#7155=CARTESIAN_POINT('Ctrl Pts',(-1.81518199547899,8.65062215772138,8.41597681279331));
#7156=CARTESIAN_POINT('',(-0.0883610385119592,8.69759441333072,8.41570988381442));
#7157=CARTESIAN_POINT('Ctrl Pts',(-0.0883610385119572,8.69759441333072,
8.41570988381442));
#7158=CARTESIAN_POINT('Ctrl Pts',(-0.241232260772464,8.61928429243313,8.41570988381442));
#7159=CARTESIAN_POINT('Ctrl Pts',(-0.403722103986117,8.56101266749351,8.41105601856569));
#7160=CARTESIAN_POINT('Ctrl Pts',(-0.73989792273617,8.48748905628829,8.40471544089748));
#7161=CARTESIAN_POINT('Ctrl Pts',(-0.911882706018746,8.47252022523697,8.40316829836163));
#7162=CARTESIAN_POINT('Ctrl Pts',(-1.34900337157664,8.4907756871522,8.40668668073661));
#7163=CARTESIAN_POINT('Ctrl Pts',(-1.59637476040873,8.55363911409583,8.41570988381442));
#7164=CARTESIAN_POINT('Ctrl Pts',(-1.8156319479603,8.65159742780735,8.41570988381442));
#7165=CARTESIAN_POINT('',(0.2,8.87779057953643,8.41570988381442));
#7166=CARTESIAN_POINT('Ctrl Pts',(-0.0880575448342829,8.69823282677453,
8.4160093559085));
#7167=CARTESIAN_POINT('Ctrl Pts',(-0.0230694764518566,8.73100055944285,
8.41599353306044));
#7168=CARTESIAN_POINT('Ctrl Pts',(0.0401011770277045,8.76728362104863,8.41597605218467));
#7169=CARTESIAN_POINT('Ctrl Pts',(0.101091575289649,8.80705992642826,8.41595969293065));
#7170=CARTESIAN_POINT('Ctrl Pts',(0.125499559123278,8.82297816022136,8.41595314605739));
#7171=CARTESIAN_POINT('Ctrl Pts',(0.149558009298377,8.83945629981995,8.41594678956535));
#7172=CARTESIAN_POINT('Ctrl Pts',(0.173242053066521,8.8564946704235,8.41594084366985));
#7173=CARTESIAN_POINT('Ctrl Pts',(0.182405778005093,8.86308708104142,8.41593854311044));
#7174=CARTESIAN_POINT('Ctrl Pts',(0.191505927774232,8.8697579656589,8.41593630612797));
#7175=CARTESIAN_POINT('Ctrl Pts',(0.20054131967933,8.87650698407803,8.41593414850633));
#7176=CARTESIAN_POINT('',(0.2,8.79923103620771,12.0476210618593));
#7177=CARTESIAN_POINT('Ctrl Pts',(0.20054131967933,8.87650698407803,8.41593414850633));
#7178=CARTESIAN_POINT('Ctrl Pts',(0.20054131967933,8.84840524413015,9.58865662724059));
#7179=CARTESIAN_POINT('Ctrl Pts',(0.20054131967933,8.82226522063726,10.8008964336509));
#7180=CARTESIAN_POINT('Ctrl Pts',(0.20054131967933,8.79792135615167,12.0481832939036));
#7181=CARTESIAN_POINT('Ctrl Pts',(0.209279806296591,8.73414483978365,16.1614047548414));
#7182=CARTESIAN_POINT('Ctrl Pts',(0.204148407551751,8.75260208882445,14.7386097869297));
#7183=CARTESIAN_POINT('Ctrl Pts',(0.2,8.77350875919068,13.3658200343658));
#7184=CARTESIAN_POINT('Ctrl Pts',(0.2,8.7992310362077,12.0476210618593));
#7185=CARTESIAN_POINT('',(-2.2,9.60277246213581,166.109688418));
#7186=CARTESIAN_POINT('',(-2.2,9.33562840357112,172.713253055806));
#7187=CARTESIAN_POINT('Ctrl Pts',(-2.19889490300881,9.60047324707255,166.10964490655));
#7188=CARTESIAN_POINT('Ctrl Pts',(-2.19889490300881,9.51406928741605,168.307212680428));
#7189=CARTESIAN_POINT('Ctrl Pts',(-2.19889490300881,9.42501167304059,170.508616709931));
#7190=CARTESIAN_POINT('Ctrl Pts',(-2.19889490300881,9.33333005990825,172.71317265642));
#7191=CARTESIAN_POINT('',(0.2,9.33562840357112,172.713253055806));
#7192=CARTESIAN_POINT('Ctrl Pts',(-2.20000000000002,9.33562840357111,172.713253055806));
#7193=CARTESIAN_POINT('Ctrl Pts',(-2.1064950991538,9.40278278054086,172.786230151612));
#7194=CARTESIAN_POINT('Ctrl Pts',(-2.00303384075871,9.46500776458851,172.849191344122));
#7195=CARTESIAN_POINT('Ctrl Pts',(-1.78327657313071,9.57000717187281,172.951144166631));
#7196=CARTESIAN_POINT('Ctrl Pts',(-1.66955145883556,9.61303614892371,172.990728129903));
#7197=CARTESIAN_POINT('Ctrl Pts',(-1.35669711850172,9.69931499852735,173.068490859546));
#7198=CARTESIAN_POINT('Ctrl Pts',(-1.15249379554388,9.7250504162472,173.090098772955));
#7199=CARTESIAN_POINT('Ctrl Pts',(-0.739931010897208,9.714443875857,173.08093551713));
#7200=CARTESIAN_POINT('Ctrl Pts',(-0.537501414009759,9.67793113749257,173.049988970177));
#7201=CARTESIAN_POINT('Ctrl Pts',(-0.140712711576582,9.54617188974656,172.929088749479));
#7202=CARTESIAN_POINT('Ctrl Pts',(0.0430245654962044,9.44836674571423,172.835766541402));
#7203=CARTESIAN_POINT('Ctrl Pts',(0.200000000000006,9.33562840357112,172.713253055806));
#7204=CARTESIAN_POINT('',(0.2,9.60277246213582,166.109688418));
#7205=CARTESIAN_POINT('Ctrl Pts',(0.200629375916532,9.33647590718951,172.713304865743));
#7206=CARTESIAN_POINT('Ctrl Pts',(0.200629375916532,9.42815762332238,170.508746431964));
#7207=CARTESIAN_POINT('Ctrl Pts',(0.200629375916532,9.51721533982785,168.307339872947));
#7208=CARTESIAN_POINT('Ctrl Pts',(0.200629375916532,9.60361940005182,166.109769542749));
#7209=CARTESIAN_POINT('Ctrl Pts',(0.199999999999981,9.60277246213584,166.109688418));
#7210=CARTESIAN_POINT('Ctrl Pts',(0.0670577891899804,9.70631906392346,166.013983809017));
#7211=CARTESIAN_POINT('Ctrl Pts',(-0.08542341351575,9.79780870669229,165.938058413349));
#7212=CARTESIAN_POINT('Ctrl Pts',(-0.41536294275074,9.9343085655894,165.829644187344));
#7213=CARTESIAN_POINT('Ctrl Pts',(-0.586247238234345,9.98026903247434,165.795756491469));
#7214=CARTESIAN_POINT('Ctrl Pts',(-0.966246896099472,10.026836441809,165.76142483695));
#7215=CARTESIAN_POINT('Ctrl Pts',(-1.17201505263206,10.0194016983988,165.766658773979));
#7216=CARTESIAN_POINT('Ctrl Pts',(-1.57939820213897,9.9401179979664,165.825808874101));
#7217=CARTESIAN_POINT('Ctrl Pts',(-1.77377226574493,9.86673052507068,165.881139492058));
#7218=CARTESIAN_POINT('Ctrl Pts',(-2.03861057165181,9.71927750794443,166.00494134592));
#7219=CARTESIAN_POINT('Ctrl Pts',(-2.12274468188548,9.66294541707646,166.054072598412));
#7220=CARTESIAN_POINT('Ctrl Pts',(-2.19999999999998,9.60277246213583,166.109688418));
#7221=CARTESIAN_POINT('',(-2.2,7.45944908544125,211.697883354404));
#7222=CARTESIAN_POINT('',(-2.2,7.0462446012774,219.130886444809));
#7223=CARTESIAN_POINT('Ctrl Pts',(-2.19889490300881,7.45715385654902,211.697731868474));
#7224=CARTESIAN_POINT('Ctrl Pts',(-2.19889490300881,7.32222396898673,214.176725451667));
#7225=CARTESIAN_POINT('Ctrl Pts',(-2.19889490300881,7.1844687239103,216.654711109559));
#7226=CARTESIAN_POINT('Ctrl Pts',(-2.19889490300881,7.0439499142707,219.130725917406));
#7227=CARTESIAN_POINT('',(0.2,7.04624460127741,219.130886444809));
#7228=CARTESIAN_POINT('Ctrl Pts',(-2.2,7.04624460127741,219.130886444809));
#7229=CARTESIAN_POINT('Ctrl Pts',(-2.03848030385751,7.16197617658865,219.229616390104));
#7230=CARTESIAN_POINT('Ctrl Pts',(-1.85289360273257,7.2588127994009,219.302713015802));
#7231=CARTESIAN_POINT('Ctrl Pts',(-1.45199561784881,7.39081843165354,219.398959963083));
#7232=CARTESIAN_POINT('Ctrl Pts',(-1.24370570895184,7.42660654092179,219.423057151622));
#7233=CARTESIAN_POINT('Ctrl Pts',(-0.809981751567751,7.43337432366479,219.427715788837));
#7234=CARTESIAN_POINT('Ctrl Pts',(-0.589391487728657,7.40074701794,219.405931345919));
#7235=CARTESIAN_POINT('Ctrl Pts',(-0.165189259618721,7.26812283752354,219.309743061239));
#7236=CARTESIAN_POINT('Ctrl Pts',(0.030583101405223,7.16763465479398,219.234443605514));
#7237=CARTESIAN_POINT('Ctrl Pts',(0.199999999999968,7.04624460127743,219.130886444809));
#7238=CARTESIAN_POINT('',(0.2,7.45944908544125,211.697883354404));
#7239=CARTESIAN_POINT('Ctrl Pts',(0.200629375916532,7.04709350028281,219.130904372932));
#7240=CARTESIAN_POINT('Ctrl Pts',(0.200629375916532,7.18761243839683,216.654887293915));
#7241=CARTESIAN_POINT('Ctrl Pts',(0.200629375916532,7.32536781270915,214.176899304416));
#7242=CARTESIAN_POINT('Ctrl Pts',(0.200629375916532,7.46029782615997,211.697903402498));
#7243=CARTESIAN_POINT('Ctrl Pts',(0.199999999999999,7.45944908544125,211.697883354404));
#7244=CARTESIAN_POINT('Ctrl Pts',(0.0812489467711319,7.55205742134159,211.635174190675));
#7245=CARTESIAN_POINT('Ctrl Pts',(-0.0508625319909344,7.63330030380268,
211.584958795579));
#7246=CARTESIAN_POINT('Ctrl Pts',(-0.332910985256211,7.76164005048706,211.50896300358));
#7247=CARTESIAN_POINT('Ctrl Pts',(-0.479665775760347,7.80898632493044,211.482792048578));
#7248=CARTESIAN_POINT('Ctrl Pts',(-0.849493341299703,7.88043443619209,211.443732210192));
#7249=CARTESIAN_POINT('Ctrl Pts',(-1.07389553052104,7.88490151936977,211.441453364495));
#7250=CARTESIAN_POINT('Ctrl Pts',(-1.51479513980618,7.81746216662992,211.478046562304));
#7251=CARTESIAN_POINT('Ctrl Pts',(-1.72553757288556,7.74578226393669,211.516961560414));
#7252=CARTESIAN_POINT('Ctrl Pts',(-2.01800104796937,7.58961470347796,211.612351613472));
#7253=CARTESIAN_POINT('Ctrl Pts',(-2.11268786971739,7.52753969069931,211.651776220829));
#7254=CARTESIAN_POINT('Ctrl Pts',(-2.19999999999998,7.45944908544126,211.697883354404));
#7255=CARTESIAN_POINT('',(-2.2,11.6514928255448,52.9676126348015));
#7256=CARTESIAN_POINT('',(-2.2,11.6348596644697,58.2039705191271));
#7257=CARTESIAN_POINT('Ctrl Pts',(-2.19889490300879,11.6491958187623,52.9675429371752));
#7258=CARTESIAN_POINT('Ctrl Pts',(-2.19889490300879,11.6433627769029,54.7256609439027));
#7259=CARTESIAN_POINT('Ctrl Pts',(-2.19889490300879,11.637900768372,56.4735466119094));
#7260=CARTESIAN_POINT('Ctrl Pts',(-2.19889490300879,11.6325602252802,58.2039335669717));
#7261=CARTESIAN_POINT('',(0.2,11.6348596644697,58.2039705191271));
#7262=CARTESIAN_POINT('Ctrl Pts',(-2.1988949030088,11.6325602252802,58.2039335669727));
#7263=CARTESIAN_POINT('Ctrl Pts',(-2.14453217655219,11.6733883556334,58.2039331309585));
#7264=CARTESIAN_POINT('Ctrl Pts',(-2.08817248427275,11.7115613369675,58.2039330420593));
#7265=CARTESIAN_POINT('Ctrl Pts',(-2.03001994013945,11.7468877513357,58.2039332162048));
#7266=CARTESIAN_POINT('Ctrl Pts',(-1.96541788277155,11.7861321056735,58.2039334096641));
#7267=CARTESIAN_POINT('Ctrl Pts',(-1.89888889791805,11.8216907308404,58.2039339330517));
#7268=CARTESIAN_POINT('Ctrl Pts',(-1.83074125423196,11.8533539607681,58.2039345258991));
#7269=CARTESIAN_POINT('Ctrl Pts',(-1.7637879352245,11.8844622752964,58.2039351083565));
#7270=CARTESIAN_POINT('Ctrl Pts',(-1.69527133434888,11.9118110075625,58.2039357592977));
#7271=CARTESIAN_POINT('Ctrl Pts',(-1.62545832501742,11.9351591571972,58.2039361023934));
#7272=CARTESIAN_POINT('Ctrl Pts',(-1.56651465974555,11.9548721810299,58.2039363920718));
#7273=CARTESIAN_POINT('Ctrl Pts',(-1.50664617699628,11.9717328456833,58.2039364606985));
#7274=CARTESIAN_POINT('Ctrl Pts',(-1.44600553965958,11.9855681924736,58.2039359962518));
#7275=CARTESIAN_POINT('Ctrl Pts',(-1.39936473083825,11.9962094355899,58.2039356390299));
#7276=CARTESIAN_POINT('Ctrl Pts',(-1.35226692337932,12.0050603476997,58.2039349644674));
#7277=CARTESIAN_POINT('Ctrl Pts',(-1.30480272040459,12.012140384984,58.2039341311073));
#7278=CARTESIAN_POINT('Ctrl Pts',(-1.23210419283015,12.0229845212697,58.2039328546918));
#7279=CARTESIAN_POINT('Ctrl Pts',(-1.15893542688798,12.0296191108429,58.2039312236127));
#7280=CARTESIAN_POINT('Ctrl Pts',(-1.08563528861352,12.0322057295534,58.2039296913829));
#7281=CARTESIAN_POINT('Ctrl Pts',(-1.01102545255669,12.0348385649405,58.2039281317758));
#7282=CARTESIAN_POINT('Ctrl Pts',(-0.936278578994959,12.0332773959264,58.2039266743124));
#7283=CARTESIAN_POINT('Ctrl Pts',(-0.861742721728025,12.0276387236418,58.203925632153));
#7284=CARTESIAN_POINT('Ctrl Pts',(-0.786829711777217,12.0219715195811,58.2039245847202));
#7285=CARTESIAN_POINT('Ctrl Pts',(-0.71212886015074,12.0121852607059,58.2039239562396));
#7286=CARTESIAN_POINT('Ctrl Pts',(-0.63799885141954,11.9983464758534,58.2039239061944));
#7287=CARTESIAN_POINT('Ctrl Pts',(-0.602521649189852,11.9917234985028,58.2039238822437));
#7288=CARTESIAN_POINT('Ctrl Pts',(-0.567175364350241,11.9841715900249,58.203923988506));
#7289=CARTESIAN_POINT('Ctrl Pts',(-0.532000776524658,11.9756940619176,58.2039242302794));
#7290=CARTESIAN_POINT('Ctrl Pts',(-0.458433694846926,11.9579634489597,58.2039247359446));
#7291=CARTESIAN_POINT('Ctrl Pts',(-0.386019781683385,11.9362842543294,58.2039258377753));
#7292=CARTESIAN_POINT('Ctrl Pts',(-0.315107528967709,11.9107797371456,58.203927449657));
#7293=CARTESIAN_POINT('Ctrl Pts',(-0.244388782367018,11.8853448169615,58.2039290571402));
#7294=CARTESIAN_POINT('Ctrl Pts',(-0.175162523597978,11.8561051468588,58.2039311710432));
#7295=CARTESIAN_POINT('Ctrl Pts',(-0.107785810818931,11.8231327326669,58.2039335521351));
#7296=CARTESIAN_POINT('Ctrl Pts',(-0.0421281428616005,11.7910015743859,
58.203935872476));
#7297=CARTESIAN_POINT('Ctrl Pts',(0.021773959277439,11.7553253237121,58.2039384453394));
#7298=CARTESIAN_POINT('Ctrl Pts',(0.0835661728988488,11.7161280217365,58.2039409190393));
#7299=CARTESIAN_POINT('Ctrl Pts',(0.114003950830584,11.6968201073063,58.2039421375412));
#7300=CARTESIAN_POINT('Ctrl Pts',(0.143929345400959,11.6766572281686,58.2039433300717));
#7301=CARTESIAN_POINT('Ctrl Pts',(0.17329689267291,11.6556387264613,58.2039444438011));
#7302=CARTESIAN_POINT('Ctrl Pts',(0.182470039492617,11.6490734590147,58.2039447916818));
#7303=CARTESIAN_POINT('Ctrl Pts',(0.191581247992893,11.6424300572433,58.2039451314944));
#7304=CARTESIAN_POINT('Ctrl Pts',(0.20062937591653,11.6357088504259,58.2039454612179));
#7305=CARTESIAN_POINT('',(0.2,11.6514928255448,52.9676126348015));
#7306=CARTESIAN_POINT('Ctrl Pts',(0.200629375916527,11.6357088504259,58.2039454612168));
#7307=CARTESIAN_POINT('Ctrl Pts',(0.200629375916527,11.6410493926772,56.4735586573363));
#7308=CARTESIAN_POINT('Ctrl Pts',(0.200629375916527,11.6465114001118,54.7256733034461));
#7309=CARTESIAN_POINT('Ctrl Pts',(0.200629375916527,11.6523444397757,52.9675557726439));
#7310=CARTESIAN_POINT('Ctrl Pts',(0.20062937591653,11.6523444397757,52.9675557726439));
#7311=CARTESIAN_POINT('Ctrl Pts',(0.146244252309308,11.6927433494293,52.96755286878));
#7312=CARTESIAN_POINT('Ctrl Pts',(0.0896920307087574,11.7302518240798,52.9675496479156));
#7313=CARTESIAN_POINT('Ctrl Pts',(0.0312379200314188,11.764821490325,52.9675464866086));
#7314=CARTESIAN_POINT('Ctrl Pts',(-0.0326877076845902,11.8026270028724,
52.9675430293918));
#7315=CARTESIAN_POINT('Ctrl Pts',(-0.0986095537813302,11.8367543159579,
52.9675396659748));
#7316=CARTESIAN_POINT('Ctrl Pts',(-0.166152053437329,11.8671911576333,52.9675367406651));
#7317=CARTESIAN_POINT('Ctrl Pts',(-0.234672680460981,11.8980687752346,52.967533772992));
#7318=CARTESIAN_POINT('Ctrl Pts',(-0.304862159772541,11.9251485797107,52.9675312572618));
#7319=CARTESIAN_POINT('Ctrl Pts',(-0.376357000995004,11.9483718286299,52.9675294029053));
#7320=CARTESIAN_POINT('Ctrl Pts',(-0.447725064761281,11.9715538971734,52.9675275518369));
#7321=CARTESIAN_POINT('Ctrl Pts',(-0.520394857366868,11.9908932993531,52.9675263605387));
#7322=CARTESIAN_POINT('Ctrl Pts',(-0.594018635853287,12.0062822530194,52.9675258759817));
#7323=CARTESIAN_POINT('Ctrl Pts',(-0.628725906734984,12.0135368193357,52.9675256475548));
#7324=CARTESIAN_POINT('Ctrl Pts',(-0.663645289856066,12.0199127410148,52.9675255737928));
#7325=CARTESIAN_POINT('Ctrl Pts',(-0.698740458468861,12.0253946837294,52.9675256463927));
#7326=CARTESIAN_POINT('Ctrl Pts',(-0.773476911863505,12.0370686825272,52.9675258009969));
#7327=CARTESIAN_POINT('Ctrl Pts',(-0.848600712834577,12.0446279030508,52.9675266319324));
#7328=CARTESIAN_POINT('Ctrl Pts',(-0.923749536994978,12.0480205580035,52.9675279154211));
#7329=CARTESIAN_POINT('Ctrl Pts',(-0.99839747955434,12.0513906002477,52.9675291903551));
#7330=CARTESIAN_POINT('Ctrl Pts',(-1.0730711096096,12.050649588884,52.9675309123439));
#7331=CARTESIAN_POINT('Ctrl Pts',(-1.14742315435802,12.0456963788812,52.9675326973071));
#7332=CARTESIAN_POINT('Ctrl Pts',(-1.21966674567328,12.0408836305519,52.9675344316527));
#7333=CARTESIAN_POINT('Ctrl Pts',(-1.29160758393718,12.0320941704525,52.9675362253839));
#7334=CARTESIAN_POINT('Ctrl Pts',(-1.36292105009718,12.0191868113444,52.9675375678147));
#7335=CARTESIAN_POINT('Ctrl Pts',(-1.39071796546712,12.0141557171051,52.967538091074));
#7336=CARTESIAN_POINT('Ctrl Pts',(-1.41841942939357,12.0084984517991,52.9675385440344));
#7337=CARTESIAN_POINT('Ctrl Pts',(-1.44600553965958,12.0022045820947,52.9675388896708));
#7338=CARTESIAN_POINT('Ctrl Pts',(-1.45425750721185,12.0003218661888,52.9675389930627));
#7339=CARTESIAN_POINT('Ctrl Pts',(-1.46249914930724,11.9983821775707,52.967539086824));
#7340=CARTESIAN_POINT('Ctrl Pts',(-1.47073004593832,11.9963858212187,52.9675391718754));
#7341=CARTESIAN_POINT('Ctrl Pts',(-1.54169944910439,11.9791726031262,52.9675399052152));
#7342=CARTESIAN_POINT('Ctrl Pts',(-1.61149413637783,11.9578422869203,52.9675399974324));
#7343=CARTESIAN_POINT('Ctrl Pts',(-1.67987313414683,11.9326923150432,52.9675399605006));
#7344=CARTESIAN_POINT('Ctrl Pts',(-1.74963115289969,11.9070351356888,52.9675399228239));
#7345=CARTESIAN_POINT('Ctrl Pts',(-1.81791660444894,11.8774022350511,52.9675397492791));
#7346=CARTESIAN_POINT('Ctrl Pts',(-1.88446171030123,11.8440556381304,52.9675398074197));
#7347=CARTESIAN_POINT('Ctrl Pts',(-1.95163462263584,11.8103944394154,52.9675398661089));
#7348=CARTESIAN_POINT('Ctrl Pts',(-2.01703505076956,11.7729485774518,52.9675401590374));
#7349=CARTESIAN_POINT('Ctrl Pts',(-2.08036297956777,11.7319411512144,52.9675409122228));
#7350=CARTESIAN_POINT('Ctrl Pts',(-2.11127803527905,11.7119223871278,52.9675412799084));
#7351=CARTESIAN_POINT('Ctrl Pts',(-2.1416987349417,11.6910542073461,52.9675417551651));
#7352=CARTESIAN_POINT('Ctrl Pts',(-2.17158712138707,11.6693592295861,52.967542353344));
#7353=CARTESIAN_POINT('Ctrl Pts',(-2.18074750612204,11.6627100133944,52.9675425366777));
#7354=CARTESIAN_POINT('Ctrl Pts',(-2.18985038929615,11.6559885505552,52.9675427313143));
#7355=CARTESIAN_POINT('Ctrl Pts',(-2.19889490300879,11.6491958187623,52.9675429371756));
#7356=CARTESIAN_POINT('',(-2.2,10.9265450005367,124.584296022257));
#7357=CARTESIAN_POINT('',(-2.2,10.8284313953982,128.544660735984));
#7358=CARTESIAN_POINT('Ctrl Pts',(-2.19889490300881,10.9242466991772,124.584208531847));
#7359=CARTESIAN_POINT('Ctrl Pts',(-2.19889490300881,10.8927622944063,125.899462783082));
#7360=CARTESIAN_POINT('Ctrl Pts',(-2.19889490300881,10.8600325058328,127.220230903561));
#7361=CARTESIAN_POINT('Ctrl Pts',(-2.19889490300881,10.8261332143711,128.544567632493));
#7362=CARTESIAN_POINT('',(0.2,10.8284313953983,128.544660735984));
#7363=CARTESIAN_POINT('Ctrl Pts',(-2.19889490300881,10.8261332143711,128.544567632493));
#7364=CARTESIAN_POINT('Ctrl Pts',(-2.14441827870119,10.8670600227941,128.544570027333));
#7365=CARTESIAN_POINT('Ctrl Pts',(-2.08793557338855,10.9053201904764,128.544574974336));
#7366=CARTESIAN_POINT('Ctrl Pts',(-2.02965201888045,10.9407207859288,128.5445817174));
#7367=CARTESIAN_POINT('Ctrl Pts',(-1.96504726019691,10.9799607901763,128.54458919179));
#7368=CARTESIAN_POINT('Ctrl Pts',(-1.89851594092808,11.0155143078236,128.544598885568));
#7369=CARTESIAN_POINT('Ctrl Pts',(-1.83036608940419,11.0471714531581,128.544608579584));
#7370=CARTESIAN_POINT('Ctrl Pts',(-1.76341822651388,11.078270247623,128.544618102623));
#7371=CARTESIAN_POINT('Ctrl Pts',(-1.69490755997182,11.1056093721046,128.544627637948));
#7372=CARTESIAN_POINT('Ctrl Pts',(-1.62510070626063,11.1289476710451,128.544633999207));
#7373=CARTESIAN_POINT('Ctrl Pts',(-1.56627294347527,11.1486153661337,128.54463935998));
#7374=CARTESIAN_POINT('Ctrl Pts',(-1.50652399140045,11.1654412256707,128.544642453026));
#7375=CARTESIAN_POINT('Ctrl Pts',(-1.44600553965958,11.1792531932669,128.544640659812));
#7376=CARTESIAN_POINT('Ctrl Pts',(-1.39930362192543,11.1899118495257,128.544639275993));
#7377=CARTESIAN_POINT('Ctrl Pts',(-1.35214323826626,11.1987750382966,128.544634965796));
#7378=CARTESIAN_POINT('Ctrl Pts',(-1.30461533548684,11.2058621985321,128.54462904377));
#7379=CARTESIAN_POINT('Ctrl Pts',(-1.23191629417552,11.2167027726919,128.544619985392));
#7380=CARTESIAN_POINT('Ctrl Pts',(-1.15874745995928,11.2233327089098,128.544607295843));
#7381=CARTESIAN_POINT('Ctrl Pts',(-1.08544768400002,11.2259135410605,128.544594746798));
#7382=CARTESIAN_POINT('Ctrl Pts',(-1.01083802393485,11.2285404932841,128.544581973499));
#7383=CARTESIAN_POINT('Ctrl Pts',(-0.936091771798793,11.2269722454059,128.544569343559));
#7384=CARTESIAN_POINT('Ctrl Pts',(-0.861556969707614,11.2213252739693,128.544559450549));
#7385=CARTESIAN_POINT('Ctrl Pts',(-0.786644441232844,11.2156496848932,128.544549507403));
#7386=CARTESIAN_POINT('Ctrl Pts',(-0.711944512523953,11.2058537447534,128.544542324317));
#7387=CARTESIAN_POINT('Ctrl Pts',(-0.637815865593362,11.1920039764956,128.544539205431));
#7388=CARTESIAN_POINT('Ctrl Pts',(-0.6024110034377,11.1853891365334,128.544537715808));
#7389=CARTESIAN_POINT('Ctrl Pts',(-0.567136630680367,11.1778488182333,128.544537134285));
#7390=CARTESIAN_POINT('Ctrl Pts',(-0.53203327874644,11.1693863161777,128.544537501375));
#7391=CARTESIAN_POINT('Ctrl Pts',(-0.458468722447458,11.1516518214757,128.544538270669));
#7392=CARTESIAN_POINT('Ctrl Pts',(-0.386058137685287,11.1299678786045,128.544543255057));
#7393=CARTESIAN_POINT('Ctrl Pts',(-0.315149858207299,11.1044580911315,128.544551746116));
#7394=CARTESIAN_POINT('Ctrl Pts',(-0.244428468207145,11.0790155385553,128.544560214795));
#7395=CARTESIAN_POINT('Ctrl Pts',(-0.175200486177817,11.0497670065378,128.544572164613));
#7396=CARTESIAN_POINT('Ctrl Pts',(-0.107822839649878,11.0167848636392,128.544585602803));
#7397=CARTESIAN_POINT('Ctrl Pts',(-0.0421572677838239,10.9846408012325,
128.544598699527));
#7398=CARTESIAN_POINT('Ctrl Pts',(0.0217516152782239,10.9489500683442,128.544613199892));
#7399=CARTESIAN_POINT('Ctrl Pts',(0.0835495544804946,10.9097370357096,128.544626165321));
#7400=CARTESIAN_POINT('Ctrl Pts',(0.113961834731228,10.8904393414279,128.544632545926));
#7401=CARTESIAN_POINT('Ctrl Pts',(0.143862429246809,10.8702879692656,128.544638538766));
#7402=CARTESIAN_POINT('Ctrl Pts',(0.173206013947456,10.849282301192,128.54464370318));
#7403=CARTESIAN_POINT('Ctrl Pts',(0.182409886920815,10.8426936889743,128.544645323044));
#7404=CARTESIAN_POINT('Ctrl Pts',(0.19155139179496,10.8360264175515,128.544646859422));
#7405=CARTESIAN_POINT('Ctrl Pts',(0.200629375916531,10.8292808212717,128.544648295282));
#7406=CARTESIAN_POINT('',(0.2,10.9265450005367,124.584296022257));
#7407=CARTESIAN_POINT('Ctrl Pts',(0.200629375916532,10.8292808212717,128.544648295282));
#7408=CARTESIAN_POINT('Ctrl Pts',(0.200629375916532,10.8631801509779,127.220310084883));
#7409=CARTESIAN_POINT('Ctrl Pts',(0.200629375916532,10.8959099769656,125.899540462675));
#7410=CARTESIAN_POINT('Ctrl Pts',(0.200629375916532,10.9273944193263,124.584284642044));
#7411=CARTESIAN_POINT('Ctrl Pts',(0.200629375916529,10.9273944193263,124.584284642044));
#7412=CARTESIAN_POINT('Ctrl Pts',(0.14614506506927,10.967878502164,124.584276468061));
#7413=CARTESIAN_POINT('Ctrl Pts',(0.0894851010126377,11.0054613526655,124.584265044698));
#7414=CARTESIAN_POINT('Ctrl Pts',(0.0309159920284137,11.0400940177868,124.584253104247));
#7415=CARTESIAN_POINT('Ctrl Pts',(-0.0330197819289877,11.0779000607187,
124.584240069698));
#7416=CARTESIAN_POINT('Ctrl Pts',(-0.0989517751083749,11.1120267718901,
124.584226524996));
#7417=CARTESIAN_POINT('Ctrl Pts',(-0.166504516202221,11.1424615984297,124.584214978115));
#7418=CARTESIAN_POINT('Ctrl Pts',(-0.235031075846218,11.1733351636227,124.584203264777));
#7419=CARTESIAN_POINT('Ctrl Pts',(-0.305226368536671,11.200409955146,124.584193614952));
#7420=CARTESIAN_POINT('Ctrl Pts',(-0.376727015539729,11.223626927712,124.584187543484));
#7421=CARTESIAN_POINT('Ctrl Pts',(-0.448092648263542,11.2468000597962,124.58418148348));
#7422=CARTESIAN_POINT('Ctrl Pts',(-0.520759702462695,11.266130151809,124.58417899369));
#7423=CARTESIAN_POINT('Ctrl Pts',(-0.594380600523098,11.2815091478325,124.584180395628));
#7424=CARTESIAN_POINT('Ctrl Pts',(-0.629022540430463,11.2887456563527,124.584181055302));
#7425=CARTESIAN_POINT('Ctrl Pts',(-0.663875778807615,11.295106612408,124.58418255912));
#7426=CARTESIAN_POINT('Ctrl Pts',(-0.698904201693338,11.3005767409735,124.58418484412));
#7427=CARTESIAN_POINT('Ctrl Pts',(-0.773641291151986,11.3122478769902,124.584189719427));
#7428=CARTESIAN_POINT('Ctrl Pts',(-0.848765326771969,11.3198029531137,124.584198221755));
#7429=CARTESIAN_POINT('Ctrl Pts',(-0.923913993339866,11.323190212431,124.584208752198));
#7430=CARTESIAN_POINT('Ctrl Pts',(-0.998561971517024,11.3265549036644,124.58421921248));
#7431=CARTESIAN_POINT('Ctrl Pts',(-1.07323525028449,11.3258072854731,124.584231677655));
#7432=CARTESIAN_POINT('Ctrl Pts',(-1.14758656210416,11.3208462558236,124.584243370038));
#7433=CARTESIAN_POINT('Ctrl Pts',(-1.21983009890259,11.3160258657153,124.584254730955));
#7434=CARTESIAN_POINT('Ctrl Pts',(-1.29177051684714,11.3072275464769,124.584265361735));
#7435=CARTESIAN_POINT('Ctrl Pts',(-1.36308319184805,11.2943101594132,124.584271551443));
#7436=CARTESIAN_POINT('Ctrl Pts',(-1.39082570643655,11.2892849545804,124.584273959403));
#7437=CARTESIAN_POINT('Ctrl Pts',(-1.41847308441681,11.2836358362252,124.584275682572));
#7438=CARTESIAN_POINT('Ctrl Pts',(-1.44600553965958,11.2773524363121,124.584276453004));
#7439=CARTESIAN_POINT('Ctrl Pts',(-1.45424811509138,11.2754713328183,124.584276683653));
#7440=CARTESIAN_POINT('Ctrl Pts',(-1.46248038701499,11.2735333727164,124.584276828715));
#7441=CARTESIAN_POINT('Ctrl Pts',(-1.47070193687831,11.2715388599368,124.584276894915));
#7442=CARTESIAN_POINT('Ctrl Pts',(-1.54166091472459,11.2543245158664,124.584277466286));
#7443=CARTESIAN_POINT('Ctrl Pts',(-1.61144479541794,11.2329934507401,124.58427223764));
#7444=CARTESIAN_POINT('Ctrl Pts',(-1.67981280872051,11.2078432236171,124.584265017093));
#7445=CARTESIAN_POINT('Ctrl Pts',(-1.74956321046388,11.182184463606,124.584257650549));
#7446=CARTESIAN_POINT('Ctrl Pts',(-1.81784070768438,11.1525500878095,124.584248200014));
#7447=CARTESIAN_POINT('Ctrl Pts',(-1.88437775445161,11.1192022873422,124.58423941905));
#7448=CARTESIAN_POINT('Ctrl Pts',(-1.95155071635717,11.0855357716301,124.584230554164));
#7449=CARTESIAN_POINT('Ctrl Pts',(-2.0169506552995,11.0480839482394,124.584222358207));
#7450=CARTESIAN_POINT('Ctrl Pts',(-2.08027774927003,11.0070701531758,124.584216550241));
#7451=CARTESIAN_POINT('Ctrl Pts',(-2.11119504636059,10.9870465644196,124.584213714699));
#7452=CARTESIAN_POINT('Ctrl Pts',(-2.14161782114558,10.9661733167839,124.584211432853));
#7453=CARTESIAN_POINT('Ctrl Pts',(-2.17150813380779,10.9444730582135,124.584209824577));
#7454=CARTESIAN_POINT('Ctrl Pts',(-2.18069519916285,10.9378032820904,124.584209330258));
#7455=CARTESIAN_POINT('Ctrl Pts',(-2.1898244137747,10.9310608332637,124.584208899437));
#7456=CARTESIAN_POINT('Ctrl Pts',(-2.19889490300881,10.9242466991772,124.584208531847));
#7457=CARTESIAN_POINT('Origin',(-1.,10.4927433453341,16.1614047548414));
#7458=CARTESIAN_POINT('',(-2.2,8.71282491386959,16.1614047548414));
#7459=CARTESIAN_POINT('',(-2.2,8.77558818722505,16.1614047548414));
#7460=CARTESIAN_POINT('Ctrl Pts',(-3.82653211037705,6.74733147246692,16.1614046783842));
#7461=CARTESIAN_POINT('Ctrl Pts',(-3.7538002711127,6.76116093220258,16.1614046983072));
#7462=CARTESIAN_POINT('Ctrl Pts',(-3.68203550241324,6.77910125714389,16.1614018833081));
#7463=CARTESIAN_POINT('Ctrl Pts',(-3.61153844837727,6.80092196648241,16.161398911796));
#7464=CARTESIAN_POINT('Ctrl Pts',(-3.54014320646083,6.82302068880941,16.1613959024246));
#7465=CARTESIAN_POINT('Ctrl Pts',(-3.47004727941379,6.84909966024255,16.1613927233814));
#7466=CARTESIAN_POINT('Ctrl Pts',(-3.40157201095802,6.87897256348328,16.1613907923292));
#7467=CARTESIAN_POINT('Ctrl Pts',(-3.3333987661075,6.90871370642369,16.1613888697944));
#7468=CARTESIAN_POINT('Ctrl Pts',(-3.2668310334568,6.94221586331685,16.1613881719954));
#7469=CARTESIAN_POINT('Ctrl Pts',(-3.2022082471824,6.97934097955692,16.161388920666));
#7470=CARTESIAN_POINT('Ctrl Pts',(-3.17043837332304,6.99759244050373,16.1613892887277));
#7471=CARTESIAN_POINT('Ctrl Pts',(-3.13913899846341,7.01672019303653,16.1613899895149));
#7472=CARTESIAN_POINT('Ctrl Pts',(-3.10835344330049,7.03671139680781,16.1613909578563));
#7473=CARTESIAN_POINT('Ctrl Pts',(-3.04543366911467,7.07756958566731,16.1613929369605));
#7474=CARTESIAN_POINT('Ctrl Pts',(-2.98500090264578,7.12180947297219,16.1613959953375));
#7475=CARTESIAN_POINT('Ctrl Pts',(-2.92736904219875,7.16924124502841,16.161398637093));
#7476=CARTESIAN_POINT('Ctrl Pts',(-2.88046283818735,7.20784566208929,16.1614007872009));
#7477=CARTESIAN_POINT('Ctrl Pts',(-2.83541208572362,7.2485655169993,16.1614026337685));
#7478=CARTESIAN_POINT('Ctrl Pts',(-2.79239946187336,7.29132013777485,16.1614028059659));
#7479=CARTESIAN_POINT('Ctrl Pts',(-2.73942070236607,7.34398111423095,16.161403018062));
#7480=CARTESIAN_POINT('Ctrl Pts',(-2.6895324227163,7.3997285135076,16.1614007037847));
#7481=CARTESIAN_POINT('Ctrl Pts',(-2.64286177895511,7.45823616909927,16.1613978942865));
#7482=CARTESIAN_POINT('Ctrl Pts',(-2.6123242537792,7.49651888520571,16.1613960559763));
#7483=CARTESIAN_POINT('Ctrl Pts',(-2.58316512253087,7.53598411503275,16.1613939858541));
#7484=CARTESIAN_POINT('Ctrl Pts',(-2.55543039850316,7.57654659101272,16.1613920915493));
#7485=CARTESIAN_POINT('Ctrl Pts',(-2.51328483089199,7.63818515544129,16.1613892129718));
#7486=CARTESIAN_POINT('Ctrl Pts',(-2.47462932113035,7.70205905261726,16.1613867052074));
#7487=CARTESIAN_POINT('Ctrl Pts',(-2.43956222277814,7.76782551503229,16.1613852955657));
#7488=CARTESIAN_POINT('Ctrl Pts',(-2.40429371840443,7.83396970363986,16.1613838778279));
#7489=CARTESIAN_POINT('Ctrl Pts',(-2.37265453344197,7.90202913978956,16.1613835480348));
#7490=CARTESIAN_POINT('Ctrl Pts',(-2.34478908513498,7.97168266791583,16.1613843031964));
#7491=CARTESIAN_POINT('Ctrl Pts',(-2.32554996987086,8.01977348782336,16.1613848245819));
#7492=CARTESIAN_POINT('Ctrl Pts',(-2.30811068484543,8.06862477736931,16.1613858475686));
#7493=CARTESIAN_POINT('Ctrl Pts',(-2.29253265357183,8.11813509057023,16.1613872530561));
#7494=CARTESIAN_POINT('Ctrl Pts',(-2.26995932707254,8.18987794724682,16.1613892896759));
#7495=CARTESIAN_POINT('Ctrl Pts',(-2.25138772541918,8.26269987577376,16.161392081175));
#7496=CARTESIAN_POINT('Ctrl Pts',(-2.23694638905895,8.33627476704646,16.1613949443836));
#7497=CARTESIAN_POINT('Ctrl Pts',(-2.22277122987298,8.40849355413554,16.1613977548186));
#7498=CARTESIAN_POINT('Ctrl Pts',(-2.21257526762175,8.48143869688219,16.1614006109451));
#7499=CARTESIAN_POINT('Ctrl Pts',(-2.20652787020051,8.55481393979181,16.1614025187202));
#7500=CARTESIAN_POINT('Ctrl Pts',(-2.20220210523996,8.60729999827963,16.1614038833712));
#7501=CARTESIAN_POINT('Ctrl Pts',(-2.2,8.6600064055122,16.1614047548414));
#7502=CARTESIAN_POINT('Ctrl Pts',(-2.2,8.71282491386959,16.1614047548414));
#7503=CARTESIAN_POINT('Ctrl Pts',(-2.2,8.32314133953285,6.42119141686851));
#7504=CARTESIAN_POINT('Ctrl Pts',(-2.2,8.51108167551305,9.66524743237389));
#7505=CARTESIAN_POINT('Ctrl Pts',(-2.2,8.6280047913619,12.9130173364194));
#7506=CARTESIAN_POINT('Ctrl Pts',(-2.2,8.71282491386959,16.1614047548414));
#7507=CARTESIAN_POINT('Ctrl Pts',(-2.2,7.80158216312277,6.45140729673605));
#7508=CARTESIAN_POINT('Ctrl Pts',(-2.19997256098661,7.98807480494149,9.68753633545915));
#7509=CARTESIAN_POINT('Ctrl Pts',(-2.20005356505814,8.10329213323161,12.930479729022));
#7510=CARTESIAN_POINT('Ctrl Pts',(-2.2,8.18613318689703,16.1751574422679));
#7511=CARTESIAN_POINT('Ctrl Pts',(-2.57717517415437,6.8944628986915,6.50396011904136));
#7512=CARTESIAN_POINT('Ctrl Pts',(-2.57865819735631,7.07852241616029,9.72636200847824));
#7513=CARTESIAN_POINT('Ctrl Pts',(-2.58106953566033,7.19072163158241,12.9608174261365));
#7514=CARTESIAN_POINT('Ctrl Pts',(-2.58392448597897,7.27028208529323,16.1990716472658));
#7515=CARTESIAN_POINT('Ctrl Pts',(-3.41976120183079,6.44354113352221,6.53008370865931));
#7516=CARTESIAN_POINT('Ctrl Pts',(-3.42386610526813,6.62796242224607,9.74553248555077));
#7517=CARTESIAN_POINT('Ctrl Pts',(-3.43061370964341,6.7413755706356,12.9757523542262));
#7518=CARTESIAN_POINT('Ctrl Pts',(-3.43847531275762,6.82237794297466,16.2107670762062));
#7519=CARTESIAN_POINT('Ctrl Pts',(-3.803822087594,6.36605479888233,6.53457278273709));
#7520=CARTESIAN_POINT('Ctrl Pts',(-3.80883698390846,6.55125206204306,9.74880344099515));
#7521=CARTESIAN_POINT('Ctrl Pts',(-3.81710409066661,6.66600897378134,12.978238728797));
#7522=CARTESIAN_POINT('Ctrl Pts',(-3.82668390534202,6.74864450599888,16.2126923635417));
#7523=CARTESIAN_POINT('',(-2.2,8.42936418896743,8.40673964920412));
#7524=CARTESIAN_POINT('Ctrl Pts',(-3.79879398657181,6.36707594895106,6.53451362368248));
#7525=CARTESIAN_POINT('Ctrl Pts',(-3.79851286430632,6.36715104254352,6.53481453587615));
#7526=CARTESIAN_POINT('Ctrl Pts',(-3.79823175432707,6.36722619589677,6.53511544458282));
#7527=CARTESIAN_POINT('Ctrl Pts',(-3.55081010621953,6.43342863397335,6.79997163544897));
#7528=CARTESIAN_POINT('Ctrl Pts',(-3.30951844024667,6.54673027550557,7.06579963433627));
#7529=CARTESIAN_POINT('Ctrl Pts',(-2.88422943004597,6.85691809085844,7.5444767518425));
#7530=CARTESIAN_POINT('Ctrl Pts',(-2.69157325549378,7.05247152557203,7.76626523316136));
#7531=CARTESIAN_POINT('Ctrl Pts',(-2.42726973170723,7.46537941682714,8.08175825319882));
#7532=CARTESIAN_POINT('Ctrl Pts',(-2.3358638098684,7.66038080745012,8.19491441174029));
#7533=CARTESIAN_POINT('Ctrl Pts',(-2.22720576644375,8.05201342898915,8.34358633643565));
#7534=CARTESIAN_POINT('Ctrl Pts',(-2.2,8.23751502307999,8.38858982533499));
#7535=CARTESIAN_POINT('Ctrl Pts',(-2.2,8.42936418896743,8.40673964920412));
#7536=CARTESIAN_POINT('',(-2.2,8.4298062789139,8.41570988381442));
#7537=CARTESIAN_POINT('Ctrl Pts',(-2.2000000136587,8.42936418896907,8.40673964920404));
#7538=CARTESIAN_POINT('Ctrl Pts',(-2.20000001366169,8.42951213948358,8.40972969852365));
#7539=CARTESIAN_POINT('Ctrl Pts',(-2.2000000136647,8.42966003645532,8.41271975046064));
#7540=CARTESIAN_POINT('Ctrl Pts',(-2.20000001366774,8.42980787991473,8.41570980501259));
#7541=CARTESIAN_POINT('Ctrl Pts',(-2.2,8.43005548439258,8.41569761780818));
#7542=CARTESIAN_POINT('Ctrl Pts',(-2.2,8.55764768287581,10.9961719918917));
#7543=CARTESIAN_POINT('Ctrl Pts',(-2.2,8.64538394515392,13.5785931791768));
#7544=CARTESIAN_POINT('Ctrl Pts',(-2.2,8.71282491386959,16.1614047548414));
#7545=CARTESIAN_POINT('Ctrl Pts',(2.2,8.5086626892111,8.41570988381442));
#7546=CARTESIAN_POINT('Ctrl Pts',(0.194598349477989,8.80038038487376,8.41570988381442));
#7547=CARTESIAN_POINT('Ctrl Pts',(-1.83970942049604,8.75673248608716,8.41570988381441));
#7548=CARTESIAN_POINT('Ctrl Pts',(-3.94339001598109,8.37340563176084,8.41570988381442));
#7549=CARTESIAN_POINT('Ctrl Pts',(-4.0689995375397,8.34930452599279,8.41570988381442));
#7550=CARTESIAN_POINT('Ctrl Pts',(-4.19435288285441,8.32396604064376,8.41570988381442));
#7551=CARTESIAN_POINT('Ctrl Pts',(2.11750284738166,7.94153930765418,8.41570988381442));
#7552=CARTESIAN_POINT('Ctrl Pts',(0.173684902222098,8.22180694311778,8.41570988381442));
#7553=CARTESIAN_POINT('Ctrl Pts',(-1.79566593298128,8.17828546387511,8.41570988381441));
#7554=CARTESIAN_POINT('Ctrl Pts',(-3.83643358929909,7.80660434318835,8.41570988381442));
#7555=CARTESIAN_POINT('Ctrl Pts',(-3.95834387721646,7.78320366610265,8.41570988381442));
#7556=CARTESIAN_POINT('Ctrl Pts',(-4.08007555429221,7.75861869522921,8.41570988381442));
#7557=CARTESIAN_POINT('Ctrl Pts',(1.97440253588684,6.95780193028994,7.95753586812339));
#7558=CARTESIAN_POINT('Ctrl Pts',(0.137105698604821,7.21874764700438,7.95360130073104));
#7559=CARTESIAN_POINT('Ctrl Pts',(-1.71933709000361,7.1753004954413,7.95116191317437));
#7560=CARTESIAN_POINT('Ctrl Pts',(-3.6509420848053,6.82363696132534,7.95124624988568));
#7561=CARTESIAN_POINT('Ctrl Pts',(-3.76645340182266,6.80148713609125,7.95125939514434));
#7562=CARTESIAN_POINT('Ctrl Pts',(-3.8818948297631,6.77818847398996,7.95128125046051));
#7563=CARTESIAN_POINT('Ctrl Pts',(1.91684030858509,6.56209269716844,6.97734177363851));
#7564=CARTESIAN_POINT('Ctrl Pts',(0.123064894197941,6.81966476428687,6.96705926208457));
#7565=CARTESIAN_POINT('Ctrl Pts',(-1.6891778766829,6.77915528238407,6.96072068072576));
#7566=CARTESIAN_POINT('Ctrl Pts',(-3.57766256938571,6.43530301260782,6.96093718478421));
#7567=CARTESIAN_POINT('Ctrl Pts',(-3.69064081077359,6.41363043873914,6.96097187124849));
#7568=CARTESIAN_POINT('Ctrl Pts',(-3.80359292868629,6.39081704632669,6.96102850300335));
#7569=CARTESIAN_POINT('Ctrl Pts',(1.91273316537323,6.53385830515707,6.5484706101023));
#7570=CARTESIAN_POINT('Ctrl Pts',(0.12242090043014,6.79346786861356,6.53627398137984));
#7571=CARTESIAN_POINT('Ctrl Pts',(-1.68729920512916,6.75464510918817,6.52877651141876));
#7572=CARTESIAN_POINT('Ctrl Pts',(-3.57311869004864,6.41121555611917,6.52903033906356));
#7573=CARTESIAN_POINT('Ctrl Pts',(-3.68593585662342,6.38956591051837,6.52907180094951));
#7574=CARTESIAN_POINT('Ctrl Pts',(-3.79873205340764,6.36676955615734,6.52913862982642));
#7575=CARTESIAN_POINT('',(0.2,8.63074453924874,8.41484676981387));
#7576=CARTESIAN_POINT('Ctrl Pts',(1.91273316537322,6.53385830515697,6.54847061010084));
#7577=CARTESIAN_POINT('Ctrl Pts',(1.91077844813478,6.53428211114923,6.55054508276704));
#7578=CARTESIAN_POINT('Ctrl Pts',(1.90882413581359,6.53470876468786,6.55261935873025));
#7579=CARTESIAN_POINT('Ctrl Pts',(1.60181380830407,6.60219471300304,6.87851160374349));
#7580=CARTESIAN_POINT('Ctrl Pts',(1.29987719893041,6.7401410373628,7.20456967239879));
#7581=CARTESIAN_POINT('Ctrl Pts',(0.842729963376423,7.10002021564994,7.70016895235229));
#7582=CARTESIAN_POINT('Ctrl Pts',(0.665378836285407,7.28941200615708,7.89301151659804));
#7583=CARTESIAN_POINT('Ctrl Pts',(0.418106738679359,7.68731253746087,8.16320945220597));
#7584=CARTESIAN_POINT('Ctrl Pts',(0.33183730895783,7.87588042412926,8.25797929892923));
#7585=CARTESIAN_POINT('Ctrl Pts',(0.226442567199727,8.25845152588583,8.37729591984572));
#7586=CARTESIAN_POINT('Ctrl Pts',(0.2,8.44217477780063,8.40930858994453));
#7587=CARTESIAN_POINT('Ctrl Pts',(0.2,8.63074453924874,8.41484676981386));
#7588=CARTESIAN_POINT('',(0.200000000000023,8.68953352963585,8.41570988381442));
#7589=CARTESIAN_POINT('Ctrl Pts',(0.202382492607751,8.63000666900381,8.4147957296425));
#7590=CARTESIAN_POINT('Ctrl Pts',(0.202383215041094,8.64957341731851,8.41540355862077));
#7591=CARTESIAN_POINT('Ctrl Pts',(0.202384139891318,8.6691655029053,8.41570988381442));
#7592=CARTESIAN_POINT('Ctrl Pts',(0.20238511420129,8.68877752407771,8.41570988381442));
#7593=CARTESIAN_POINT('Ctrl Pts',(0.199976220922944,8.68886314505125,8.41570988381442));
#7594=CARTESIAN_POINT('Ctrl Pts',(0.103857318354656,8.69227330913621,8.41570988381442));
#7595=CARTESIAN_POINT('Ctrl Pts',(0.00773686943252212,8.69493452902151,
8.41570988381442));
#7596=CARTESIAN_POINT('Ctrl Pts',(-0.0883758829440014,8.69684882100236,
8.41570988381442));
#7597=CARTESIAN_POINT('',(-2.19999999998407,8.61941892619292,8.41570988381442));
#7598=CARTESIAN_POINT('Ctrl Pts',(-1.81559365626525,8.65107222179386,8.41570988381442));
#7599=CARTESIAN_POINT('Ctrl Pts',(-1.94383898308351,8.64172218772201,8.41570988381442));
#7600=CARTESIAN_POINT('Ctrl Pts',(-2.07197086750848,8.6310522012223,8.41570988381442));
#7601=CARTESIAN_POINT('Ctrl Pts',(-2.1999670577318,8.61906711642251,8.41570988381442));
#7602=CARTESIAN_POINT('Ctrl Pts',(-2.19933938870098,8.61912587836094,8.41570988381442));
#7603=CARTESIAN_POINT('Ctrl Pts',(-2.19934271277353,8.55557168006333,8.41570988381442));
#7604=CARTESIAN_POINT('Ctrl Pts',(-2.19935201660787,8.49221420660033,8.41251852040075));
#7605=CARTESIAN_POINT('Ctrl Pts',(-2.19936565698055,8.42923481538704,8.40628502418842));
#7606=CARTESIAN_POINT('Ctrl Pts',(0.2,8.97011393713213,18.1789943245833));
#7607=CARTESIAN_POINT('Ctrl Pts',(0.2,8.89598091854364,14.2552704023328));
#7608=CARTESIAN_POINT('Ctrl Pts',(0.2,8.77189044802509,10.3312001545085));
#7609=CARTESIAN_POINT('Ctrl Pts',(0.2,8.508662689211,6.41570988381294));
#7610=CARTESIAN_POINT('Ctrl Pts',(0.2,8.41787603806319,18.1894280511268));
#7611=CARTESIAN_POINT('Ctrl Pts',(0.200043780243858,8.3451951758854,14.2711172147762));
#7612=CARTESIAN_POINT('Ctrl Pts',(0.199836589415812,8.22343292502391,10.3540936135815));
#7613=CARTESIAN_POINT('Ctrl Pts',(0.2,7.96639550011602,6.45216503169881));
#7614=CARTESIAN_POINT('Ctrl Pts',(0.623966855695807,7.45888316456458,18.2075468173617));
#7615=CARTESIAN_POINT('Ctrl Pts',(0.621806350096598,7.38858501778726,14.298584032704));
#7616=CARTESIAN_POINT('Ctrl Pts',(0.618083219854503,7.27105732290733,10.3939660472634));
#7617=CARTESIAN_POINT('Ctrl Pts',(0.609805365157856,7.02426158078305,6.5155021320218));
#7618=CARTESIAN_POINT('Ctrl Pts',(1.54753470799444,7.03502805619671,18.2155549390466));
#7619=CARTESIAN_POINT('Ctrl Pts',(1.5417640410834,6.96342126843937,14.3107989784085));
#7620=CARTESIAN_POINT('Ctrl Pts',(1.53169049065739,6.84332873182004,10.4115713124676));
#7621=CARTESIAN_POINT('Ctrl Pts',(1.50934137752434,6.59227407225695,6.54454347699871));
#7622=CARTESIAN_POINT('Ctrl Pts',(1.95876255538218,6.98507038384952,18.21649881612));
#7623=CARTESIAN_POINT('Ctrl Pts',(1.95183760961727,6.91214683271801,14.3122469444963));
#7624=CARTESIAN_POINT('Ctrl Pts',(1.9396990843397,6.78978436645018,10.413697446138));
#7625=CARTESIAN_POINT('Ctrl Pts',(1.91273316537322,6.53385830515697,6.54847061010084));
#7626=CARTESIAN_POINT('Ctrl Pts',(1.39637425542233,7.09575766276969,16.161168402305));
#7627=CARTESIAN_POINT('Ctrl Pts',(1.46506507233486,7.06562554735904,16.1611662562274));
#7628=CARTESIAN_POINT('Ctrl Pts',(1.53531516378065,7.03933687961148,16.1611658574731));
#7629=CARTESIAN_POINT('Ctrl Pts',(1.60677697797138,7.01702640990079,16.1611663561437));
#7630=CARTESIAN_POINT('Ctrl Pts',(1.67727256981937,6.99501759604023,16.1611668480718));
#7631=CARTESIAN_POINT('Ctrl Pts',(1.74894827445087,6.97687984622867,16.1611682201833));
#7632=CARTESIAN_POINT('Ctrl Pts',(1.82148595265514,6.96278995214564,16.1611685315154));
#7633=CARTESIAN_POINT('Ctrl Pts',(1.86555641382444,6.95422959916167,16.161168720666));
#7634=CARTESIAN_POINT('Ctrl Pts',(1.90994528741503,6.9471643297752,16.1611684960009));
#7635=CARTESIAN_POINT('Ctrl Pts',(1.95458189327488,6.9416432310905,16.161167198117));
#7636=CARTESIAN_POINT('',(0.2,8.63079225206336,8.41570988381443));
#7637=CARTESIAN_POINT('Ctrl Pts',(0.2,8.80096448411318,12.0475550058719));
#7638=CARTESIAN_POINT('Ctrl Pts',(0.2,8.75451967863243,10.8364303627094));
#7639=CARTESIAN_POINT('Ctrl Pts',(0.2,8.69887900344023,9.62571621660079));
#7640=CARTESIAN_POINT('Ctrl Pts',(0.2,8.6314156846928,8.41567548996701));
#7641=CARTESIAN_POINT('Ctrl Pts',(0.200000040915652,8.63074453925816,8.41484676981333));
#7642=CARTESIAN_POINT('Ctrl Pts',(0.200000040911138,8.63076058019476,8.41513446693939));
#7643=CARTESIAN_POINT('Ctrl Pts',(0.200000040906626,8.63077662046302,8.41542216410356));
#7644=CARTESIAN_POINT('Ctrl Pts',(0.200000040902115,8.63079266006298,8.41570986130583));
#7645=CARTESIAN_POINT('Origin',(-1.,3.62412271289796,8.41570988381442));
#7646=CARTESIAN_POINT('',(0.2,10.4927433453341,8.41570988381442));
#7647=CARTESIAN_POINT('Origin',(-1.,3.62412271289796,8.41570988381442));
#7648=CARTESIAN_POINT('',(-2.2,10.4927433453341,8.41570988381442));
#7649=CARTESIAN_POINT('Origin',(0.2,7.05843302911602,12.2885573193279));
#7650=CARTESIAN_POINT('Origin',(0.2,12.586665136318,126.56447837912));
#7651=CARTESIAN_POINT('',(0.2,12.0633184696167,128.544660735984));
#7652=CARTESIAN_POINT('',(0.2,9.233102786838,128.544660735984));
#7653=CARTESIAN_POINT('',(0.2,12.1634583509975,124.584296022257));
#7654=CARTESIAN_POINT('Ctrl Pts',(0.200000000000001,12.1634583509975,124.584296022257));
#7655=CARTESIAN_POINT('Ctrl Pts',(0.200000000000001,12.131135381966,125.904218231076));
#7656=CARTESIAN_POINT('Ctrl Pts',(0.200000000000001,12.0977314635851,127.224769121849));
#7657=CARTESIAN_POINT('Ctrl Pts',(0.200000000000001,12.0633184696167,128.544660735984));
#7658=CARTESIAN_POINT('',(0.2,15.9402274857979,124.584296022257));
#7659=CARTESIAN_POINT('Origin',(-1.,9.233102786838,124.584296022257));
#7660=CARTESIAN_POINT('',(-2.2,12.4386638206766,124.584296022257));
#7661=CARTESIAN_POINT('Ctrl Pts',(-2.2,12.4386638206766,124.584296022257));
#7662=CARTESIAN_POINT('Ctrl Pts',(-1.39553569217474,12.3818143910347,124.584296022257));
#7663=CARTESIAN_POINT('Ctrl Pts',(-0.596122871524464,12.2883946979957,124.584296022257));
#7664=CARTESIAN_POINT('Ctrl Pts',(0.2,12.1634583509975,124.584296022257));
#7665=CARTESIAN_POINT('',(-2.2,15.9402274857979,124.584296022257));
#7666=CARTESIAN_POINT('Origin',(-2.2,12.586665136318,126.56447837912));
#7667=CARTESIAN_POINT('',(-2.2,12.3425131608689,128.544660735984));
#7668=CARTESIAN_POINT('Ctrl Pts',(-2.2,12.3425131608689,128.544660735984));
#7669=CARTESIAN_POINT('Ctrl Pts',(-2.2,12.3757369495018,127.224858518773));
#7670=CARTESIAN_POINT('Ctrl Pts',(-2.2,12.4078236516236,125.904120464905));
#7671=CARTESIAN_POINT('Ctrl Pts',(-2.2,12.4386638206766,124.584296022257));
#7672=CARTESIAN_POINT('',(-2.2,9.233102786838,128.544660735984));
#7673=CARTESIAN_POINT('Origin',(-1.,15.9402274857979,128.544660735984));
#7674=CARTESIAN_POINT('Ctrl Pts',(0.199999999999999,12.0633184696167,128.544660735984));
#7675=CARTESIAN_POINT('Ctrl Pts',(-0.59596819784107,12.1896430988285,128.544660735984));
#7676=CARTESIAN_POINT('Ctrl Pts',(-1.39536109891363,12.2844675760891,128.544660735984));
#7677=CARTESIAN_POINT('Ctrl Pts',(-2.2,12.3425131608689,128.544660735984));
#7678=CARTESIAN_POINT('Origin',(0.2,13.5034508685393,55.5857915769643));
#7679=CARTESIAN_POINT('',(0.2,12.9229253185278,58.2039705191271));
#7680=CARTESIAN_POINT('',(0.2,10.1008238349525,58.2039705191271));
#7681=CARTESIAN_POINT('',(0.2,12.9387317747408,52.9676126348015));
#7682=CARTESIAN_POINT('Ctrl Pts',(0.2,12.9387317747408,52.9676126348015));
#7683=CARTESIAN_POINT('Ctrl Pts',(0.2,12.9333692972677,54.7264046824782));
#7684=CARTESIAN_POINT('Ctrl Pts',(0.2,12.9281848972706,56.4746857051119));
#7685=CARTESIAN_POINT('Ctrl Pts',(0.2,12.9229253185278,58.2039705191271));
#7686=CARTESIAN_POINT('',(0.2,16.9060779021261,52.9676126348015));
#7687=CARTESIAN_POINT('Origin',(-1.,10.1008238349525,52.9676126348015));
#7688=CARTESIAN_POINT('',(-2.2,13.0788053497732,52.9676126348015));
#7689=CARTESIAN_POINT('Ctrl Pts',(-2.2,13.0788053497732,52.9676126348015));
#7690=CARTESIAN_POINT('Ctrl Pts',(-1.39349102981778,13.0908505344698,52.9676126348015));
#7691=CARTESIAN_POINT('Ctrl Pts',(-0.593629476539985,13.0398982348059,52.9676126348015));
#7692=CARTESIAN_POINT('Ctrl Pts',(0.200000000000001,12.9387317747408,52.9676126348015));
#7693=CARTESIAN_POINT('',(-2.2,16.9060779021261,52.9676126348015));
#7694=CARTESIAN_POINT('Origin',(-2.2,13.5034508685393,55.5857915769643));
#7695=CARTESIAN_POINT('',(-2.2,13.0639339714992,58.2039705191271));
#7696=CARTESIAN_POINT('Ctrl Pts',(-2.2,13.0639339714992,58.203970519127));
#7697=CARTESIAN_POINT('Ctrl Pts',(-2.2,13.0685082702492,56.4548810091274));
#7698=CARTESIAN_POINT('Ctrl Pts',(-2.2,13.0733771314942,54.713445362774));
#7699=CARTESIAN_POINT('Ctrl Pts',(-2.2,13.0788053497732,52.9676126348015));
#7700=CARTESIAN_POINT('',(-2.2,10.1008238349525,58.2039705191271));
#7701=CARTESIAN_POINT('Origin',(-1.,16.9060779021261,58.2039705191271));
#7702=CARTESIAN_POINT('Ctrl Pts',(0.199999999999999,12.9229253185278,58.2039705191271));
#7703=CARTESIAN_POINT('Ctrl Pts',(-0.593945051500671,13.0228134090201,58.2039705191271));
#7704=CARTESIAN_POINT('Ctrl Pts',(-1.39369614945457,13.0738378646591,58.2039705191271));
#7705=CARTESIAN_POINT('Ctrl Pts',(-2.2,13.0639339714992,58.2039705191271));
#7706=CARTESIAN_POINT('Origin',(0.2,10.082573978937,215.571690893854));
#7707=CARTESIAN_POINT('',(0.2,8.18395369506699,219.847484396498));
#7708=CARTESIAN_POINT('Origin',(0.2,10.082573978937,215.571690893854));
#7709=CARTESIAN_POINT('',(0.2,8.68346229512763,211.107426614513));
#7710=CARTESIAN_POINT('Ctrl Pts',(0.2,8.68346229512763,211.107426614513));
#7711=CARTESIAN_POINT('Ctrl Pts',(0.2,8.52152952023599,214.019556116673));
#7712=CARTESIAN_POINT('Ctrl Pts',(0.2,8.35490099577468,216.935744810497));
#7713=CARTESIAN_POINT('Ctrl Pts',(0.2,8.18395369506699,219.847484396499));
#7714=CARTESIAN_POINT('Origin',(0.2,10.082573978937,215.571690893854));
#7715=CARTESIAN_POINT('Origin',(-1.,10.082573978937,215.571690893854));
#7716=CARTESIAN_POINT('',(-2.2,9.00761413817107,211.018490876249));
#7717=CARTESIAN_POINT('Ctrl Pts',(-2.2,9.00761413817107,211.018490876249));
#7718=CARTESIAN_POINT('Ctrl Pts',(-1.3849208472573,8.9709142938985,211.027155300962));
#7719=CARTESIAN_POINT('Ctrl Pts',(-0.582244033530697,8.85223850908004,211.054531723414));
#7720=CARTESIAN_POINT('Ctrl Pts',(0.200000000000006,8.68346229512763,211.107426614513));
#7721=CARTESIAN_POINT('Origin',(-2.2,10.082573978937,215.571690893854));
#7722=CARTESIAN_POINT('Origin',(-2.2,10.082573978937,215.571690893854));
#7723=CARTESIAN_POINT('',(-2.2,8.51290235166349,219.978878210285));
#7724=CARTESIAN_POINT('Ctrl Pts',(-2.2,8.51290235166349,219.978878210285));
#7725=CARTESIAN_POINT('Ctrl Pts',(-2.2,8.68154226586137,216.993364066096));
#7726=CARTESIAN_POINT('Ctrl Pts',(-2.2,8.8465921653133,214.004380076603));
#7727=CARTESIAN_POINT('Ctrl Pts',(-2.2,9.00761413817107,211.018490876249));
#7728=CARTESIAN_POINT('Origin',(-2.2,10.082573978937,215.571690893854));
#7729=CARTESIAN_POINT('Origin',(-1.,10.082573978937,215.571690893854));
#7730=CARTESIAN_POINT('Ctrl Pts',(0.200000000000009,8.18395369506699,219.847484396499));
#7731=CARTESIAN_POINT('Ctrl Pts',(-0.700707966074441,8.38283863907872,219.935797124563));
#7732=CARTESIAN_POINT('Ctrl Pts',(-1.48566640408279,8.48365594718402,219.968461759153));
#7733=CARTESIAN_POINT('Ctrl Pts',(-2.2,8.51290235166349,219.978878210285));
#7734=CARTESIAN_POINT('Origin',(0.2,12.7782246476035,169.545335733628));
#7735=CARTESIAN_POINT('',(0.2,10.5176274597308,173.641293425519));
#7736=CARTESIAN_POINT('Origin',(0.2,12.7782246476035,169.545335733628));
#7737=CARTESIAN_POINT('',(0.2,10.8582849397694,165.279072664166));
#7738=CARTESIAN_POINT('Ctrl Pts',(0.199999999999998,10.8582849397694,165.279072664166));
#7739=CARTESIAN_POINT('Ctrl Pts',(0.199999999999998,10.7488369537823,168.065731731101));
#7740=CARTESIAN_POINT('Ctrl Pts',(0.199999999999998,10.6352348740464,170.854895475936));
#7741=CARTESIAN_POINT('Ctrl Pts',(0.199999999999998,10.5176274597308,173.641293425519));
#7742=CARTESIAN_POINT('Origin',(0.2,12.7782246476035,169.545335733628));
#7743=CARTESIAN_POINT('Origin',(-1.,12.7782246476035,169.545335733628));
#7744=CARTESIAN_POINT('',(-2.2,11.1539925376239,165.157963044594));
#7745=CARTESIAN_POINT('Ctrl Pts',(-2.2,11.1539925376239,165.157963044594));
#7746=CARTESIAN_POINT('Ctrl Pts',(-1.39245756525142,11.0995639836937,165.178112826994));
#7747=CARTESIAN_POINT('Ctrl Pts',(-0.589954986971955,10.9969967277455,165.216648414807));
#7748=CARTESIAN_POINT('Ctrl Pts',(0.199999999999996,10.8582849397694,165.279072664166));
#7749=CARTESIAN_POINT('Origin',(-2.2,12.7782246476035,169.545335733628));
#7750=CARTESIAN_POINT('Origin',(-2.2,12.7782246476035,169.545335733628));
#7751=CARTESIAN_POINT('',(-2.2,10.8030431659424,173.786305808279));
#7752=CARTESIAN_POINT('Ctrl Pts',(-2.2,10.8030431659424,173.786305808279));
#7753=CARTESIAN_POINT('Ctrl Pts',(-2.2,10.924245919891,170.910783147401));
#7754=CARTESIAN_POINT('Ctrl Pts',(-2.2,11.0413004424525,168.033681325313));
#7755=CARTESIAN_POINT('Ctrl Pts',(-2.2,11.1539925376239,165.157963044594));
#7756=CARTESIAN_POINT('Origin',(-2.2,12.7782246476035,169.545335733628));
#7757=CARTESIAN_POINT('Origin',(-1.,12.7782246476035,169.545335733628));
#7758=CARTESIAN_POINT('Ctrl Pts',(0.200000000000007,10.5176274597308,173.641293425519));
#7759=CARTESIAN_POINT('Ctrl Pts',(-0.31618263048285,10.6066359687817,173.690418050428));
#7760=CARTESIAN_POINT('Ctrl Pts',(-0.837016169791671,10.6801708016241,173.72731192811));
#7761=CARTESIAN_POINT('Ctrl Pts',(-1.63956244908936,10.7628161942431,173.76745863221));
#7762=CARTESIAN_POINT('Ctrl Pts',(-1.91912917938456,10.7859354286245,173.778338082653));
#7763=CARTESIAN_POINT('Ctrl Pts',(-2.2,10.8030431659424,173.786305808279));
#7764=CARTESIAN_POINT('Origin',(0.2,6.25998817459862,262.360141138956));
#7765=CARTESIAN_POINT('',(0.2,1.36629763721098,263.146682567647));
#7766=CARTESIAN_POINT('',(0.2,4.39630409257743,263.366820131562));
#7767=CARTESIAN_POINT('',(0.2,4.94890767798351,267.140091183273));
#7768=CARTESIAN_POINT('Origin',(0.2,6.25998817459862,262.360141138956));
#7769=CARTESIAN_POINT('',(0.2,5.6983407821133,257.435569411255));
#7770=CARTESIAN_POINT('Ctrl Pts',(0.2,5.6983407821133,257.435569411255));
#7771=CARTESIAN_POINT('Ctrl Pts',(0.2,5.45741384814677,260.667429925358));
#7772=CARTESIAN_POINT('Ctrl Pts',(0.2,5.2075835433541,263.908701993486));
#7773=CARTESIAN_POINT('Ctrl Pts',(0.2,4.94890767798351,267.140091183273));
#7774=CARTESIAN_POINT('Origin',(0.2,6.25998817459862,262.360141138956));
#7775=CARTESIAN_POINT('Origin',(-1.,6.25998817459862,262.360141138956));
#7776=CARTESIAN_POINT('',(-2.2,6.19778182338794,257.404035322427));
#7777=CARTESIAN_POINT('Ctrl Pts',(-2.2,6.19778182338794,257.404035322427));
#7778=CARTESIAN_POINT('Ctrl Pts',(-1.72708330842854,6.17549714803766,257.404315027581));
#7779=CARTESIAN_POINT('Ctrl Pts',(-0.952332513178985,6.08716346368262,257.391224185453));
#7780=CARTESIAN_POINT('Ctrl Pts',(0.200000000000006,5.6983407821133,257.435569411255));
#7781=CARTESIAN_POINT('Origin',(-2.2,6.25998817459862,262.360141138956));
#7782=CARTESIAN_POINT('Origin',(-2.2,6.25998817459862,262.360141138956));
#7783=CARTESIAN_POINT('',(-2.2,1.36629763721098,263.146682567647));
#7784=CARTESIAN_POINT('',(-2.2,4.39630409257743,263.366820131562));
#7785=CARTESIAN_POINT('',(-2.2,5.51613453682441,267.260501968562));
#7786=CARTESIAN_POINT('Ctrl Pts',(-2.2,5.51613453682441,267.260501968562));
#7787=CARTESIAN_POINT('Ctrl Pts',(-2.2,5.74873884501174,263.979416859553));
#7788=CARTESIAN_POINT('Ctrl Pts',(-2.2,5.97627110693299,260.6861786862));
#7789=CARTESIAN_POINT('Ctrl Pts',(-2.2,6.19778182338794,257.404035322427));
#7790=CARTESIAN_POINT('Origin',(-2.2,6.25998817459862,262.360141138956));
#7791=CARTESIAN_POINT('Origin',(-1.,6.25998817459862,262.360141138956));
#7792=CARTESIAN_POINT('',(-1.,1.36629763721098,263.146682567647));
#7793=CARTESIAN_POINT('Ctrl Pts',(0.199999999999997,4.94890767798351,267.140091183272));
#7794=CARTESIAN_POINT('Ctrl Pts',(-0.475522362712228,5.19929096857835,267.208768187411));
#7795=CARTESIAN_POINT('Ctrl Pts',(-1.30610113136171,5.46541282244086,267.252802631091));
#7796=CARTESIAN_POINT('Ctrl Pts',(-2.2,5.51613453682441,267.260501968562));
#7797=CARTESIAN_POINT('Origin',(-1.,10.4927433453341,16.1614047548414));
#7798=CARTESIAN_POINT('Origin',(-2.2,7.05843302911602,12.2885573193279));
#7799=CARTESIAN_POINT('Origin',(-0.999999999999998,10.7060497360661,0.508659127739622));
#7800=CARTESIAN_POINT('',(1.,10.7060497360661,0.50865912773962));
#7801=CARTESIAN_POINT('',(-0.999999999999998,12.7051232875967,0.56952730966287));
#7802=CARTESIAN_POINT('Origin',(-0.999999999999998,10.7060497360661,0.508659127739622));
#7803=CARTESIAN_POINT('',(1.,10.7060497360661,0.508659127739624));
#7804=CARTESIAN_POINT('Origin',(-0.999999999999998,10.7060497360661,0.508659127739622));
#7805=CARTESIAN_POINT('Origin',(-1.,20.701417493718,0.813000037355842));
#7806=CARTESIAN_POINT('',(1.,11.9757099062462,-4.07187735086076));
#7807=CARTESIAN_POINT('',(-0.999999999999998,13.7208514237408,-3.09490187321731));
#7808=CARTESIAN_POINT('Origin',(-0.999999999999998,11.9757099062462,-4.07187735086075));
#7809=CARTESIAN_POINT('Origin',(-0.999999999999998,11.9757099062462,-4.07187735086075));
#7810=CARTESIAN_POINT('Origin',(-1.,20.701417493718,0.813000037355842));
#7811=CARTESIAN_POINT('Origin',(-0.999999999999999,2.61515933351067,263.237415500246));
#7812=CARTESIAN_POINT('Origin',(-1.,20.2565892439234,-18.8637597104894));
#7813=CARTESIAN_POINT('',(1.,20.2565892439234,-18.8637597104894));
#7814=CARTESIAN_POINT('Origin',(0.,-6.14353192000204E-16,-30.6885775404496));
#7815=CARTESIAN_POINT('',(-6.39999999999988,-1.12879407366605E-15,-28.1508620323597));
#7816=CARTESIAN_POINT('',(-4.99999999999953,-6.14353192000205E-16,-30.6885775404496));
#7817=CARTESIAN_POINT('Origin',(-7.99999999999985,-1.41099259208256E-15,
-30.6885775404496));
#7818=CARTESIAN_POINT('',(5.00000000000046,-6.14353192000203E-16,-30.6885775404496));
#7819=CARTESIAN_POINT('Origin',(0.,-6.14353192000204E-16,-30.6885775404496));
#7820=CARTESIAN_POINT('',(6.39999999999988,-4.91482553600163E-16,-28.1508620323597));
#7821=CARTESIAN_POINT('Origin',(7.99999999999985,-6.14353192000204E-16,
-30.6885775404496));
#7822=CARTESIAN_POINT('Origin',(0.,-4.91482553600163E-16,-28.1508620323597));
#7823=CARTESIAN_POINT('Origin',(8.,0.,-17.9999999999998));
#7824=CARTESIAN_POINT('',(4.99999999984298,-7.11093312797298,-28.508788229358));
#7825=CARTESIAN_POINT('',(4.99999999995044,-11.794129999589,-22.6795830533064));
#7826=CARTESIAN_POINT('Ctrl Pts',(5.00000000000031,-7.1109331279166,-28.5087882293123));
#7827=CARTESIAN_POINT('Ctrl Pts',(5.00000000000432,-7.48772144260379,-28.0437918693885));
#7828=CARTESIAN_POINT('Ctrl Pts',(5.01506095584692,-7.86801354339745,-27.5679628436538));
#7829=CARTESIAN_POINT('Ctrl Pts',(5.06477327346582,-9.2732506309449,-25.8091321211307));
#7830=CARTESIAN_POINT('Ctrl Pts',(5.06384498641394,-9.53419738803408,-25.4845288583217));
#7831=CARTESIAN_POINT('Ctrl Pts',(5.02474703017497,-10.8041277925177,-23.9117601661552));
#7832=CARTESIAN_POINT('Ctrl Pts',(5.00522354296159,-11.2164979565654,-23.4017034383325));
#7833=CARTESIAN_POINT('Ctrl Pts',(5.00029874734831,-11.6895655128124,-22.8105211731848));
#7834=CARTESIAN_POINT('Ctrl Pts',(5.00000000000032,-11.7418143837074,-22.745142797573));
#7835=CARTESIAN_POINT('Ctrl Pts',(5.00000000000014,-11.7941299995712,-22.6795830532922));
#7836=CARTESIAN_POINT('',(5.,-12.6885775404495,-17.9999999999999));
#7837=CARTESIAN_POINT('Origin',(5.,0.,-17.9999999999999));
#7838=CARTESIAN_POINT('',(6.4,-10.1508620323596,-17.9999999999998));
#7839=CARTESIAN_POINT('Origin',(8.,-12.6885775404495,-17.9999999999998));
#7840=CARTESIAN_POINT('Origin',(6.4,0.,-17.9999999999998));
#7841=CARTESIAN_POINT('Origin',(5.,0.,-17.9999999999999));
#7842=CARTESIAN_POINT('Origin',(0.,-12.6885775404495,-18.));
#7843=CARTESIAN_POINT('',(-5.,-12.6885775404495,-17.9999999999989));
#7844=CARTESIAN_POINT('',(-6.4,-10.1508620323596,-17.9999999999986));
#7845=CARTESIAN_POINT('Origin',(-8.,-12.6885775404495,-17.9999999999983));
#7846=CARTESIAN_POINT('Origin',(0.,-10.1508620323596,-18.));
#7847=CARTESIAN_POINT('Origin',(0.,-12.6885775404495,-18.));
#7848=CARTESIAN_POINT('Origin',(-8.,0.,-18.0000000000002));
#7849=CARTESIAN_POINT('',(-4.99999999993687,-11.7941299995815,-22.6795830533258));
#7850=CARTESIAN_POINT('',(-4.99999999977811,-7.1109331280573,-28.5087882293012));
#7851=CARTESIAN_POINT('Ctrl Pts',(-4.99999999999986,-11.7941299995589,-22.6795830533077));
#7852=CARTESIAN_POINT('Ctrl Pts',(-5.00000000000156,-11.3976559150087,-23.1764278130969));
#7853=CARTESIAN_POINT('Ctrl Pts',(-5.01722291277949,-10.985886196855,-23.6867287324391));
#7854=CARTESIAN_POINT('Ctrl Pts',(-5.06228668269316,-9.67215783799559,-25.313597591603));
#7855=CARTESIAN_POINT('Ctrl Pts',(-5.06273642684671,-9.28201782984252,-25.7982375478398));
#7856=CARTESIAN_POINT('Ctrl Pts',(-5.02075979487644,-8.00110961771941,-27.4013242741035));
#7857=CARTESIAN_POINT('Ctrl Pts',(-5.00000000000634,-7.55148931401888,-27.9650956175873));
#7858=CARTESIAN_POINT('Ctrl Pts',(-4.99999999999969,-7.11093312797788,-28.5087882292369));
#7859=CARTESIAN_POINT('Origin',(-5.,0.,-18.0000000000001));
#7860=CARTESIAN_POINT('Origin',(-6.4,0.,-18.0000000000002));
#7861=CARTESIAN_POINT('Origin',(-5.,0.,-18.0000000000001));
#7862=CARTESIAN_POINT('Origin',(0.,10.,-27.));
#7863=CARTESIAN_POINT('',(-4.99999999999869,-12.9500180810295,-21.2292439176496));
#7864=CARTESIAN_POINT('Ctrl Pts',(-4.99999999993687,-11.7941299995815,-22.6795830533258));
#7865=CARTESIAN_POINT('Ctrl Pts',(-4.99999999996528,-12.3578545524738,-21.9731469935885));
#7866=CARTESIAN_POINT('Ctrl Pts',(-4.99999999999869,-12.9500180810295,-21.2292439176496));
#7867=CARTESIAN_POINT('',(-11.7028411171311,3.89165691725288,-34.4557624540597));
#7868=CARTESIAN_POINT('Ctrl Pts',(-11.7029110184934,3.89147212078425,-34.4559306846337));
#7869=CARTESIAN_POINT('Ctrl Pts',(-12.7037171453953,1.81812914304855,-32.0843327317577));
#7870=CARTESIAN_POINT('Ctrl Pts',(-13.5050947004199,-2.53480890483493,-28.1306875438418));
#7871=CARTESIAN_POINT('Ctrl Pts',(-11.1280434152526,-8.35691905187683,-24.0777253739886));
#7872=CARTESIAN_POINT('Ctrl Pts',(-7.84524739793416,-11.4934063606541,-22.1060089009175));
#7873=CARTESIAN_POINT('Ctrl Pts',(-5.88673833365666,-12.580803780976,-21.4498590644617));
#7874=CARTESIAN_POINT('Ctrl Pts',(-4.99983305723738,-12.9497489572446,-21.2293894312859));
#7875=CARTESIAN_POINT('',(-7.9114311263643,-0.567762438764075,-34.4557624540597));
#7876=CARTESIAN_POINT('Origin',(-1.54113942497055E-15,10.,-34.4557624540597));
#7877=CARTESIAN_POINT('',(-4.99999999977487,-6.83248951554663,-28.8521935958674));
#7878=CARTESIAN_POINT('Ctrl Pts',(-4.9999999996614,-6.83248951545775,-28.8521935959362));
#7879=CARTESIAN_POINT('Ctrl Pts',(-5.94382400066731,-6.07893049660994,-29.4354088390473));
#7880=CARTESIAN_POINT('Ctrl Pts',(-7.55767990637105,-3.96648884914506,-31.1303040447527));
#7881=CARTESIAN_POINT('Ctrl Pts',(-7.96021868013829,-1.73782339305536,-33.2138921416463));
#7882=CARTESIAN_POINT('Ctrl Pts',(-7.9114311263643,-0.567762438764084,-34.4557624540597));
#7883=CARTESIAN_POINT('Ctrl Pts',(-4.99999999977487,-6.83248951554663,-28.8521935958674));
#7884=CARTESIAN_POINT('Ctrl Pts',(-4.99999999977626,-6.97066047455853,-28.6818994186126));
#7885=CARTESIAN_POINT('Ctrl Pts',(-4.99999999977811,-7.1109331280573,-28.5087882293012));
#7886=CARTESIAN_POINT('Origin',(-5.,0.,-17.9999999999989));
#7887=CARTESIAN_POINT('',(-5.,-14.1417718043056,-17.9999999999989));
#7888=CARTESIAN_POINT('',(-5.,0.,-17.9999999999989));
#7889=CARTESIAN_POINT('Ctrl Pts',(-4.9999999999999,-12.9500180810285,-21.2292439176502));
#7890=CARTESIAN_POINT('Ctrl Pts',(-4.99999999999992,-13.3306888303705,-20.7510278038738));
#7891=CARTESIAN_POINT('Ctrl Pts',(-4.99999999888877,-13.6345330665413,-20.2190120924956));
#7892=CARTESIAN_POINT('Ctrl Pts',(-4.9999999988888,-14.0313002482241,-19.115821160604));
#7893=CARTESIAN_POINT('Ctrl Pts',(-4.99999999999998,-14.1349113501535,-18.5611725234226));
#7894=CARTESIAN_POINT('Ctrl Pts',(-5.,-14.1417718043056,-17.9999999999989));
#7895=CARTESIAN_POINT('Origin',(0.,0.,-18.));
#7896=CARTESIAN_POINT('',(5.,-14.1417718043056,-17.9999999999999));
#7897=CARTESIAN_POINT('',(5.,0.,-17.9999999999999));
#7898=CARTESIAN_POINT('',(4.99964529276315,-14.1422610266912,-17.9404437574035));
#7899=CARTESIAN_POINT('Ctrl Pts',(4.99964529281526,-14.1422610266545,-17.9404437574201));
#7900=CARTESIAN_POINT('Ctrl Pts',(4.99988191075487,-14.1421773762562,-17.9603074310955));
#7901=CARTESIAN_POINT('Ctrl Pts',(4.99999902674409,-14.1420139862548,-17.9801598579033));
#7902=CARTESIAN_POINT('Ctrl Pts',(4.9999994101619,-14.1417700620515,-18.0000003078109));
#7903=CARTESIAN_POINT('',(4.95621474570162,-14.1575398779057,-17.3397459621556));
#7904=CARTESIAN_POINT('Ctrl Pts',(4.95621474570162,-14.1575398779057,-17.3397459621556));
#7905=CARTESIAN_POINT('Ctrl Pts',(4.98309210126493,-14.14813076113,-17.5415015567193));
#7906=CARTESIAN_POINT('Ctrl Pts',(4.9972902029897,-14.1430936101953,-17.742737971309));
#7907=CARTESIAN_POINT('Ctrl Pts',(4.99964529281505,-14.1422610266546,-17.9404437574027));
#7908=CARTESIAN_POINT('',(3.87463474617779,-13.7963671291451,-14.8397459621556));
#7909=CARTESIAN_POINT('Ctrl Pts',(3.87463474617779,-13.7963671291451,-14.8397459621556));
#7910=CARTESIAN_POINT('Ctrl Pts',(4.10947084792722,-13.903077297822,-15.1276671572871));
#7911=CARTESIAN_POINT('Ctrl Pts',(4.3148041615054,-13.9915649277987,-15.4448064440511));
#7912=CARTESIAN_POINT('Ctrl Pts',(4.72350426386138,-14.1450808369915,-16.2733689472662));
#7913=CARTESIAN_POINT('Ctrl Pts',(4.88394386401706,-14.18284017814,-16.7972426392539));
#7914=CARTESIAN_POINT('Ctrl Pts',(4.95621474570162,-14.1575398779057,-17.3397459621556));
#7915=CARTESIAN_POINT('Ctrl Pts',(3.41543069477298,-13.6248338701064,-14.3483109155895));
#7916=CARTESIAN_POINT('Ctrl Pts',(3.57771031298856,-13.6744959263314,-14.5000913044391));
#7917=CARTESIAN_POINT('Ctrl Pts',(3.73206202303187,-13.7315816927395,-14.6649444366));
#7918=CARTESIAN_POINT('Ctrl Pts',(3.87463474617779,-13.7963671291451,-14.8397459621556));
#7919=CARTESIAN_POINT('',(-4.95621474570162,-14.1575398779057,-17.3397459621556));
#7920=CARTESIAN_POINT('Ctrl Pts',(-4.95621474570162,-14.1575398779057,-17.3397459621556));
#7921=CARTESIAN_POINT('Ctrl Pts',(-4.91068355624928,-14.1734792539907,-16.9979648603092));
#7922=CARTESIAN_POINT('Ctrl Pts',(-4.82996053801194,-14.1643965832947,-16.6622129173101));
#7923=CARTESIAN_POINT('Ctrl Pts',(-4.59590711804369,-14.099327669628,-15.998132560563));
#7924=CARTESIAN_POINT('Ctrl Pts',(-4.44095256095157,-14.041542848103,-15.6755795890836));
#7925=CARTESIAN_POINT('Ctrl Pts',(-4.25021892276466,-13.9615336961867,-15.3664219009786));
#7926=CARTESIAN_POINT('Ctrl Pts',(-4.24509334057393,-13.9593781790559,-15.3581679018621));
#7927=CARTESIAN_POINT('Ctrl Pts',(-4.23994634183465,-13.9572083141285,-15.3499330162498));
#7928=CARTESIAN_POINT('',(-4.99964529276315,-14.1422610266912,-17.9404437574035));
#7929=CARTESIAN_POINT('Ctrl Pts',(-4.99964529281505,-14.1422610266546,-17.9404437574027));
#7930=CARTESIAN_POINT('Ctrl Pts',(-4.99729040786247,-14.1430935377676,-17.7427551700296));
#7931=CARTESIAN_POINT('Ctrl Pts',(-4.98309209336473,-14.1481307638956,-17.5415014974162));
#7932=CARTESIAN_POINT('Ctrl Pts',(-4.95621474570162,-14.1575398779057,-17.3397459621556));
#7933=CARTESIAN_POINT('Ctrl Pts',(-4.99999923850475,-14.1417701908828,-18.0000002664088));
#7934=CARTESIAN_POINT('Ctrl Pts',(-4.99999888330479,-14.1420140525042,-17.9801604954602));
#7935=CARTESIAN_POINT('Ctrl Pts',(-4.99988191868428,-14.1421773734529,-17.9603080967577));
#7936=CARTESIAN_POINT('Ctrl Pts',(-4.99964529281525,-14.1422610266545,-17.9404437574201));
#7937=CARTESIAN_POINT('Origin',(5.00000000000064,0.,-40.));
#7938=CARTESIAN_POINT('',(4.99999999999888,-12.9500180810295,-21.2292439176496));
#7939=CARTESIAN_POINT('Ctrl Pts',(4.99999999999888,-12.9500180810295,-21.2292439176496));
#7940=CARTESIAN_POINT('Ctrl Pts',(4.99999999997238,-12.3578545524777,-21.9731469935784));
#7941=CARTESIAN_POINT('Ctrl Pts',(4.99999999995044,-11.794129999589,-22.6795830533064));
#7942=CARTESIAN_POINT('Ctrl Pts',(5.,-14.1417718043056,-17.9999999999999));
#7943=CARTESIAN_POINT('Ctrl Pts',(5.00000000000001,-14.1349077941973,-18.5614633940848));
#7944=CARTESIAN_POINT('Ctrl Pts',(5.00000000000003,-14.0311930779495,-19.1163931221534));
#7945=CARTESIAN_POINT('Ctrl Pts',(5.00000000000006,-13.6342433545636,-20.2195202798509));
#7946=CARTESIAN_POINT('Ctrl Pts',(5.00000000000008,-13.3305061434102,-20.7512573036405));
#7947=CARTESIAN_POINT('Ctrl Pts',(5.00000000000009,-12.9500180810285,-21.2292439176502));
#7948=CARTESIAN_POINT('Origin',(0.,0.,-18.));
#7949=CARTESIAN_POINT('',(-9.76152115449221,3.25037612545695E-7,-11.0197974588033));
#7950=CARTESIAN_POINT('Origin',(0.,0.,-18.));
#7951=CARTESIAN_POINT('',(0.288439131500541,-8.95543715694436,-10.0177103412968));
#7952=CARTESIAN_POINT('Ctrl Pts',(0.288439131500541,-8.95543715694436,-10.0177103412968));
#7953=CARTESIAN_POINT('Ctrl Pts',(-0.190506118960384,-8.94497304579227,
-9.98866388322296));
#7954=CARTESIAN_POINT('Ctrl Pts',(-0.670861557627348,-8.92147383385527,
-9.98824943132747));
#7955=CARTESIAN_POINT('Ctrl Pts',(-1.55715381538704,-8.85183572472525,-10.0380240397786));
#7956=CARTESIAN_POINT('Ctrl Pts',(-1.96455158032535,-8.80967526124199,-10.0819832707346));
#7957=CARTESIAN_POINT('Ctrl Pts',(-3.90480721069083,-8.52648790844411,-10.3470798805943));
#7958=CARTESIAN_POINT('Ctrl Pts',(-6.15321395400105,-7.8400250615593,-10.9911845539458));
#7959=CARTESIAN_POINT('Ctrl Pts',(-8.46612293950144,-5.69430664432595,-11.5341441092753));
#7960=CARTESIAN_POINT('Ctrl Pts',(-9.20774899082568,-4.27720549179349,-11.5547190320546));
#7961=CARTESIAN_POINT('Ctrl Pts',(-9.85034291222808,-2.41031913066981,-11.4720403331085));
#7962=CARTESIAN_POINT('Ctrl Pts',(-9.97025597484941,-1.16253884515831,-11.3154514561112));
#7963=CARTESIAN_POINT('Ctrl Pts',(-9.7655292691372,-0.0114009508447958,
-11.0254130399146));
#7964=CARTESIAN_POINT('Ctrl Pts',(-9.7632924530631,0.000955063058524294,
-11.0222817490704));
#7965=CARTESIAN_POINT('',(0.607759388502936,-8.9194351708616,-9.99535729976136));
#7966=CARTESIAN_POINT('Ctrl Pts',(0.607759388502935,-8.9194351708616,-9.99535729976136));
#7967=CARTESIAN_POINT('Ctrl Pts',(0.54909670868643,-8.93441812055316,-10.0075985274711));
#7968=CARTESIAN_POINT('Ctrl Pts',(0.443050056418075,-8.95265301909313,-10.0211171489432));
#7969=CARTESIAN_POINT('Ctrl Pts',(0.334525691115321,-8.9564440671955,-10.0205053399325));
#7970=CARTESIAN_POINT('Ctrl Pts',(0.288439131500542,-8.95543715694436,-10.0177103412968));
#7971=CARTESIAN_POINT('',(1.20937249015117,-8.39572610141192,-9.5118198999941));
#7972=CARTESIAN_POINT('Ctrl Pts',(1.20937249015117,-8.39572610141192,-9.5118198999941));
#7973=CARTESIAN_POINT('Ctrl Pts',(1.17955660190344,-8.51233311093919,-9.62290873026984));
#7974=CARTESIAN_POINT('Ctrl Pts',(1.0406706104307,-8.73593542778789,-9.83397615543199));
#7975=CARTESIAN_POINT('Ctrl Pts',(0.762271619322074,-8.87997142681964,-9.96311500521708));
#7976=CARTESIAN_POINT('Ctrl Pts',(0.607759388502937,-8.9194351708616,-9.99535729976136));
#7977=CARTESIAN_POINT('',(2.95515200994919,-8.04842378529051,-9.6041706085424));
#7978=CARTESIAN_POINT('Ctrl Pts',(2.95515200994918,-8.04842378529053,-9.60417060854241));
#7979=CARTESIAN_POINT('Ctrl Pts',(2.53313108375739,-8.14745864834805,-9.55056525046676));
#7980=CARTESIAN_POINT('Ctrl Pts',(2.10628625508848,-8.2361529566626,-9.51942436153214));
#7981=CARTESIAN_POINT('Ctrl Pts',(1.52107367798929,-8.34302205306596,-9.50851410822188));
#7982=CARTESIAN_POINT('Ctrl Pts',(1.36529443883106,-8.37005852703294,-9.50864722828921));
#7983=CARTESIAN_POINT('Ctrl Pts',(1.20937249015117,-8.39572610141193,-9.5118198999941));
#7984=CARTESIAN_POINT('',(3.91677727741617,-7.80023802375283,-9.76504244472846));
#7985=CARTESIAN_POINT('Ctrl Pts',(3.91866159397334,-7.80164137787765,-9.76723113874161));
#7986=CARTESIAN_POINT('Ctrl Pts',(3.6228708989127,-7.88398507248472,-9.70447124954244));
#7987=CARTESIAN_POINT('Ctrl Pts',(3.32318304990177,-7.96111332046631,-9.6528117248755));
#7988=CARTESIAN_POINT('Ctrl Pts',(2.99870207875758,-8.03817335832517,-9.60976380979097));
#7989=CARTESIAN_POINT('Ctrl Pts',(2.97693277798736,-8.04331253310828,-9.60693721511898));
#7990=CARTESIAN_POINT('Ctrl Pts',(2.95515200994919,-8.04842378529052,-9.60417060854241));
#7991=CARTESIAN_POINT('Ctrl Pts',(-9.76152115449222,3.25037612684473E-7,
-11.0197974588033));
#7992=CARTESIAN_POINT('Ctrl Pts',(-9.55793473349926,1.12493327427622,-10.7348005361464));
#7993=CARTESIAN_POINT('Ctrl Pts',(-8.52612774986538,3.19920628058305,-9.90735699820692));
#7994=CARTESIAN_POINT('Ctrl Pts',(-5.75707179621181,5.16582239582735,-8.59065580362001));
#7995=CARTESIAN_POINT('Ctrl Pts',(-3.50048243106732,5.84072609907692,-8.04795508038252));
#7996=CARTESIAN_POINT('Ctrl Pts',(0.00535877581466859,6.2747297687454,-7.4923845529122));
#7997=CARTESIAN_POINT('Ctrl Pts',(3.67419645946169,5.53375413866539,-7.50694795833626));
#7998=CARTESIAN_POINT('Ctrl Pts',(7.02313438503522,3.29607596309954,-8.71280676291905));
#7999=CARTESIAN_POINT('Ctrl Pts',(8.43857983838547,1.56346259169899,-9.54812291069683));
#8000=CARTESIAN_POINT('Ctrl Pts',(8.81968841789299,0.455800431065392,-9.85391363171064));
#8001=CARTESIAN_POINT('Ctrl Pts',(8.95109979511377,-0.666657345522505,-10.0163249740525));
#8002=CARTESIAN_POINT('Ctrl Pts',(8.86557128748638,-1.78711560358179,-10.0542976022788));
#8003=CARTESIAN_POINT('Ctrl Pts',(7.9715995478296,-3.80356165150625,-9.74516809476758));
#8004=CARTESIAN_POINT('Ctrl Pts',(6.81629258406126,-4.97376092569527,-9.39668650368293));
#8005=CARTESIAN_POINT('Ctrl Pts',(5.69045465131078,-6.14324862328487,-9.38878356908161));
#8006=CARTESIAN_POINT('Ctrl Pts',(5.32278081845054,-6.51624628544957,-9.4278211485385));
#8007=CARTESIAN_POINT('Ctrl Pts',(4.61136789557207,-7.19706434643399,-9.56437389801));
#8008=CARTESIAN_POINT('Ctrl Pts',(4.26627207908381,-7.50593594161558,-9.65251854412508));
#8009=CARTESIAN_POINT('Ctrl Pts',(3.91677727741617,-7.80023802375283,-9.76504244472846));
#8010=CARTESIAN_POINT('Origin',(-5.,0.,-17.9999999999989));
#8011=CARTESIAN_POINT('',(-4.99999999999958,0.,-32.4767844223416));
#8012=CARTESIAN_POINT('Ctrl Pts',(-4.99999999999985,2.11913819825327E-13,
-32.4767844223453));
#8013=CARTESIAN_POINT('Ctrl Pts',(-4.99999999999985,-0.00325079557469947,
-32.4752759520516));
#8014=CARTESIAN_POINT('Ctrl Pts',(-4.99999999999958,-0.00650094699618076,
-32.473768526932));
#8015=CARTESIAN_POINT('Ctrl Pts',(-4.99999999999958,-0.0545999294064674,
-32.4514711598534));
#8016=CARTESIAN_POINT('Ctrl Pts',(-4.99999999999947,-0.0994965791326565,
-32.4307999033544));
#8017=CARTESIAN_POINT('Ctrl Pts',(-4.99999999999948,-0.33764409817167,-32.3218682002076));
#8018=CARTESIAN_POINT('Ctrl Pts',(-4.99999999999958,-0.531343893084563,
-32.2357591650605));
#8019=CARTESIAN_POINT('Ctrl Pts',(-4.99999999999961,-2.60705860146563,-31.3337166162606));
#8020=CARTESIAN_POINT('Ctrl Pts',(-5.00000000000873,-4.34043554835569,-30.7604135620286));
#8021=CARTESIAN_POINT('Ctrl Pts',(-5.00000000000876,-6.07999080155453,-29.6071845041093));
#8022=CARTESIAN_POINT('Ctrl Pts',(-4.99999999999967,-6.49992758731765,-29.2620724903606));
#8023=CARTESIAN_POINT('Ctrl Pts',(-4.99999999999968,-6.83248951518766,-28.8521935961452));
#8024=CARTESIAN_POINT('',(-4.99999999999953,-5.83788966506632E-16,-33.9087121146357));
#8025=CARTESIAN_POINT('Origin',(5.00000000000064,0.,-40.));
#8026=CARTESIAN_POINT('',(5.00000000000042,0.,-32.4767844223405));
#8027=CARTESIAN_POINT('',(5.00000000000046,-5.83788966506629E-16,-33.9087121146357));
#8028=CARTESIAN_POINT('',(4.99999999984259,-6.83248951543901,-28.8521935959507));
#8029=CARTESIAN_POINT('Ctrl Pts',(5.00000000000032,-6.83248951518715,-28.8521935961456));
#8030=CARTESIAN_POINT('Ctrl Pts',(5.00000000000033,-6.4999275457038,-29.262072541649));
#8031=CARTESIAN_POINT('Ctrl Pts',(5.00000000000971,-6.07999069625564,-29.607184590914));
#8032=CARTESIAN_POINT('Ctrl Pts',(5.00000000000973,-5.13119880506671,-30.2361811768635));
#8033=CARTESIAN_POINT('Ctrl Pts',(5.00000000000036,-4.56528582397891,-30.5224470283876));
#8034=CARTESIAN_POINT('Ctrl Pts',(5.00000000000039,-2.83367065861765,-31.3103603475201));
#8035=CARTESIAN_POINT('Ctrl Pts',(5.0000000000004,-1.45558885777286,-31.8020111242899));
#8036=CARTESIAN_POINT('Ctrl Pts',(5.00000000000042,-0.00650204402784525,
-32.4737680189302));
#8037=CARTESIAN_POINT('Ctrl Pts',(4.99999999999985,-0.00324990897737363,
-32.4752763634599));
#8038=CARTESIAN_POINT('Ctrl Pts',(4.99999999999985,-2.19477214180586E-13,
-32.4767844223446));
#8039=CARTESIAN_POINT('Ctrl Pts',(4.99999999984298,-7.11093312797298,-28.508788229358));
#8040=CARTESIAN_POINT('Ctrl Pts',(4.99999999984257,-6.97066047446239,-28.6818994186828));
#8041=CARTESIAN_POINT('Ctrl Pts',(4.99999999984259,-6.83248951543901,-28.8521935959507));
#8042=CARTESIAN_POINT('Ctrl Pts',(-4.97522160515535,0.497161924923727,-33.2278812270298));
#8043=CARTESIAN_POINT('Ctrl Pts',(-5.05534951955035,-0.304697813098601,
-31.9860109146164));
#8044=CARTESIAN_POINT('Ctrl Pts',(-4.8673246343767,-1.83114159054763,-29.9024228177229));
#8045=CARTESIAN_POINT('Ctrl Pts',(-3.8555877813575,-3.28159712446021,-28.2075276120175));
#8046=CARTESIAN_POINT('Ctrl Pts',(-3.25033397089383,-3.79938535524524,-27.6243123689063));
#8047=CARTESIAN_POINT('Ctrl Pts',(-5.00313143912242,0.217861355052976,-33.4828794590004));
#8048=CARTESIAN_POINT('Ctrl Pts',(-5.03844575351189,-0.591397869153919,
-32.2608209020488));
#8049=CARTESIAN_POINT('Ctrl Pts',(-4.75924034478427,-2.10347822058226,-30.218530007962));
#8050=CARTESIAN_POINT('Ctrl Pts',(-3.69390640898143,-3.46399348695166,-28.582752959055));
#8051=CARTESIAN_POINT('Ctrl Pts',(-3.09094303791884,-3.93574261192252,-28.0253763257891));
#8052=CARTESIAN_POINT('Ctrl Pts',(-5.27957711549733,-0.318373778833845,
-33.9925872158639));
#8053=CARTESIAN_POINT('Ctrl Pts',(-5.24784264176722,-1.17656363730662,-32.8103488012112));
#8054=CARTESIAN_POINT('Ctrl Pts',(-4.81394672886107,-2.73969784232552,-30.8497836604792));
#8055=CARTESIAN_POINT('Ctrl Pts',(-3.60976094915216,-4.02825412715564,-29.3318945843726));
#8056=CARTESIAN_POINT('Ctrl Pts',(-2.98041256584416,-4.45108357545096,-28.8265060471598));
#8057=CARTESIAN_POINT('Ctrl Pts',(-6.14601613290755,-0.762447973709307,
-34.4722795240047));
#8058=CARTESIAN_POINT('Ctrl Pts',(-6.10262107088593,-1.74037195819067,-33.3095804070189));
#8059=CARTESIAN_POINT('Ctrl Pts',(-5.59474287622584,-3.53065586019948,-31.3881630633741));
#8060=CARTESIAN_POINT('Ctrl Pts',(-4.19747332348432,-5.02067847449228,-29.9219344029141));
#8061=CARTESIAN_POINT('Ctrl Pts',(-3.46630094146987,-5.51139645529987,-29.4384661069748));
#8062=CARTESIAN_POINT('Ctrl Pts',(-7.10390205747377,-0.823441573494752,
-34.6139419801193));
#8063=CARTESIAN_POINT('Ctrl Pts',(-7.09947822341139,-1.91356463696434,-33.4269594784839));
#8064=CARTESIAN_POINT('Ctrl Pts',(-6.62338126578302,-3.94934210156813,-31.4543763111577));
#8065=CARTESIAN_POINT('Ctrl Pts',(-5.09006108949572,-5.76131375443637,-29.9114158957053));
#8066=CARTESIAN_POINT('Ctrl Pts',(-4.24370993471614,-6.3841529760528,-29.3937529736368));
#8067=CARTESIAN_POINT('Ctrl Pts',(-7.66157205408999,-0.679025389126981,
-34.5337699806568));
#8068=CARTESIAN_POINT('Ctrl Pts',(-7.692879083028,-1.8256126613324,-33.3123787315337));
#8069=CARTESIAN_POINT('Ctrl Pts',(-7.265270101086,-3.99620387121996,-31.2694698296058));
#8070=CARTESIAN_POINT('Ctrl Pts',(-5.67456120323547,-6.01509902441279,-29.6289772969934));
#8071=CARTESIAN_POINT('Ctrl Pts',(-4.7609113527896,-6.72752145572596,-29.0690969186161));
#8072=CARTESIAN_POINT('Ctrl Pts',(-7.9114311263643,-0.567762438764084,-34.4557624540597));
#8073=CARTESIAN_POINT('Ctrl Pts',(-7.96021868013829,-1.73782339305536,-33.2138921416463));
#8074=CARTESIAN_POINT('Ctrl Pts',(-7.55767990637105,-3.96648884914506,-31.1303040447527));
#8075=CARTESIAN_POINT('Ctrl Pts',(-5.94382400066731,-6.07893049660994,-29.4354088390473));
#8076=CARTESIAN_POINT('Ctrl Pts',(-4.9999999996614,-6.83248951545775,-28.8521935959362));
#8077=CARTESIAN_POINT('',(-4.97522160515535,0.497161924923733,-33.2278812270298));
#8078=CARTESIAN_POINT('Origin',(-6.96531024721756,0.696026694893232,-33.2278812270298));
#8079=CARTESIAN_POINT('Ctrl Pts',(-4.97522160515535,0.497161924923727,-33.2278812270298));
#8080=CARTESIAN_POINT('Ctrl Pts',(-4.99152350229877,0.334024832546037,-32.975224680915));
#8081=CARTESIAN_POINT('Ctrl Pts',(-5.00006161207722,0.167974050242946,-32.7246893764236));
#8082=CARTESIAN_POINT('Ctrl Pts',(-5.00015049600488,-0.000188690786089268,
-32.4769125428898));
#8083=CARTESIAN_POINT('Ctrl Pts',(-11.4329513432861,4.4163890194174,-35.0697030679076));
#8084=CARTESIAN_POINT('Ctrl Pts',(-12.6168470082983,2.25143530751248,-32.4804339136452));
#8085=CARTESIAN_POINT('Ctrl Pts',(-13.6031308365246,-2.29468906124835,-28.2978428565564));
#8086=CARTESIAN_POINT('Ctrl Pts',(-11.1280434152526,-8.35691905187683,-24.0777253739886));
#8087=CARTESIAN_POINT('Ctrl Pts',(-7.60910201606568,-11.7190271392067,-21.964175007793));
#8088=CARTESIAN_POINT('Ctrl Pts',(-5.26906554914422,-12.909095445634,-21.2526458500341));
#8089=CARTESIAN_POINT('Ctrl Pts',(-4.00045318863652,-13.3181044297581,-21.0101468249856));
#8090=CARTESIAN_POINT('Ctrl Pts',(-12.1038351710116,5.32435443421957,-34.806927323877));
#8091=CARTESIAN_POINT('Ctrl Pts',(-13.3776829640451,2.9736238252853,-32.1664626715496));
#8092=CARTESIAN_POINT('Ctrl Pts',(-14.4295951372998,-1.92079304867244,-27.913285943988));
#8093=CARTESIAN_POINT('Ctrl Pts',(-11.7932215773178,-8.39022702846911,-23.6289783916852));
#8094=CARTESIAN_POINT('Ctrl Pts',(-8.06022012377687,-11.9669714763274,-21.4854952685593));
#8095=CARTESIAN_POINT('Ctrl Pts',(-5.58063005915294,-13.2313353521574,-20.7641487631897));
#8096=CARTESIAN_POINT('Ctrl Pts',(-4.23675808630816,-13.6657123988894,-20.5182847960383));
#8097=CARTESIAN_POINT('Ctrl Pts',(-12.7523472235407,7.16180051874954,-33.8977446186071));
#8098=CARTESIAN_POINT('Ctrl Pts',(-14.292898655659,4.51244095343296,-31.2357395776311));
#8099=CARTESIAN_POINT('Ctrl Pts',(-15.6120916304604,-0.994765496365894,
-26.9517961795534));
#8100=CARTESIAN_POINT('Ctrl Pts',(-12.8304783906155,-8.22402641279936,-22.6460609818963));
#8101=CARTESIAN_POINT('Ctrl Pts',(-8.78513753191395,-12.2103326945518,-20.4925052333674));
#8102=CARTESIAN_POINT('Ctrl Pts',(-6.08508001041169,-13.6172445312689,-19.7680098369116));
#8103=CARTESIAN_POINT('Ctrl Pts',(-4.62041931202894,-14.1005643870796,-19.5211313242074));
#8104=CARTESIAN_POINT('Ctrl Pts',(-12.2339273032872,8.7041981548573,-32.5689437623646));
#8105=CARTESIAN_POINT('Ctrl Pts',(-14.1472333418373,6.01005505420752,-29.9580360575798));
#8106=CARTESIAN_POINT('Ctrl Pts',(-16.0274534749207,0.1969481093846,-25.7450525561007));
#8107=CARTESIAN_POINT('Ctrl Pts',(-13.4573904325977,-7.6901221070611,-21.4993752857784));
#8108=CARTESIAN_POINT('Ctrl Pts',(-9.29334703893388,-12.0831334161334,-19.3738358357044));
#8109=CARTESIAN_POINT('Ctrl Pts',(-6.45192847157422,-13.6410422666407,-18.6584206655337));
#8110=CARTESIAN_POINT('Ctrl Pts',(-4.90245525828137,-14.1766201505416,-18.414612293402));
#8111=CARTESIAN_POINT('Ctrl Pts',(-11.8297941107684,9.22257942751529,-32.000000000333));
#8112=CARTESIAN_POINT('Ctrl Pts',(-13.896770736365,6.57127041957911,-29.4107308460706));
#8113=CARTESIAN_POINT('Ctrl Pts',(-16.0470948533178,0.715032311314479,-25.2281397889817));
#8114=CARTESIAN_POINT('Ctrl Pts',(-13.6351585855703,-7.40672460599595,-21.008022306414));
#8115=CARTESIAN_POINT('Ctrl Pts',(-9.46131863837289,-11.963288833797,-18.8944719402184));
#8116=CARTESIAN_POINT('Ctrl Pts',(-6.57713826026252,-13.5845775505697,-18.1829427824595));
#8117=CARTESIAN_POINT('Ctrl Pts',(-4.99964529275635,-14.1422610266753,-17.940443757411));
#8118=CARTESIAN_POINT('Ctrl Pts',(-4.99964529275635,-14.1422610266753,-17.940443757411));
#8119=CARTESIAN_POINT('Ctrl Pts',(-6.57713826026252,-13.5845775505697,-18.1829427824595));
#8120=CARTESIAN_POINT('Ctrl Pts',(-9.46131863837289,-11.963288833797,-18.8944719402184));
#8121=CARTESIAN_POINT('Ctrl Pts',(-13.6351585855703,-7.40672460599595,-21.008022306414));
#8122=CARTESIAN_POINT('Ctrl Pts',(-16.0470948533178,0.715032311314479,-25.2281397889817));
#8123=CARTESIAN_POINT('Ctrl Pts',(-13.896770736365,6.57127041957911,-29.4107308460706));
#8124=CARTESIAN_POINT('Ctrl Pts',(-11.8297941107684,9.22257942751529,-32.000000000333));
#8125=CARTESIAN_POINT('Ctrl Pts',(-11.7028411171311,3.89165691725288,-34.4557624540597));
#8126=CARTESIAN_POINT('Ctrl Pts',(-12.1000575457003,4.43326865550552,-34.3252330932061));
#8127=CARTESIAN_POINT('Ctrl Pts',(-12.6312353926273,5.58643767489438,-33.9473718112837));
#8128=CARTESIAN_POINT('Ctrl Pts',(-12.752997809799,7.50187820155151,-33.0916821965783));
#8129=CARTESIAN_POINT('Ctrl Pts',(-12.2737333446091,8.65313898239762,-32.4082298345889));
#8130=CARTESIAN_POINT('Ctrl Pts',(-11.8297941110339,9.22257942717479,-31.9999999999997));
#8131=CARTESIAN_POINT('Origin',(0.,0.,-17.3397459621556));
#8132=CARTESIAN_POINT('Origin',(0.,0.,-17.3397459621556));
#8133=CARTESIAN_POINT('Ctrl Pts',(4.97522160515535,0.497161924923733,-33.2278812270298));
#8134=CARTESIAN_POINT('Ctrl Pts',(4.95949098805687,0.654582077448078,-33.4716837335352));
#8135=CARTESIAN_POINT('Ctrl Pts',(4.90446052448075,1.0453381812269,-33.8573564355344));
#8136=CARTESIAN_POINT('Ctrl Pts',(4.77618451538887,1.49780385563243,-34.));
#8137=CARTESIAN_POINT('Ctrl Pts',(4.69530864333093,1.71874278001694,-34.));
#8138=CARTESIAN_POINT('Ctrl Pts',(5.00313143912242,0.217861355052982,-33.4828794590004));
#8139=CARTESIAN_POINT('Ctrl Pts',(4.99147425354522,0.424587749937388,-33.7604391196263));
#8140=CARTESIAN_POINT('Ctrl Pts',(4.93842525847183,0.91669773124073,-34.1753713285777));
#8141=CARTESIAN_POINT('Ctrl Pts',(4.79096014233029,1.45733348558106,-34.3096241542314));
#8142=CARTESIAN_POINT('Ctrl Pts',(4.69530864333093,1.71874278001694,-34.2991993003419));
#8143=CARTESIAN_POINT('Ctrl Pts',(5.27919033214971,-0.316228681259786,-33.9906131906328));
#8144=CARTESIAN_POINT('Ctrl Pts',(5.25896819948779,-0.00593884207018381,
-34.3356247102556));
#8145=CARTESIAN_POINT('Ctrl Pts',(5.17433010752006,0.698274034690541,-34.8095152529597));
#8146=CARTESIAN_POINT('Ctrl Pts',(4.96041299517174,1.42085496181769,-34.927520825153));
#8147=CARTESIAN_POINT('Ctrl Pts',(4.823869484455,1.76580316182778,-34.8963858461612));
#8148=CARTESIAN_POINT('Ctrl Pts',(6.38270402105601,-0.885235298434854,-34.6046548008628));
#8149=CARTESIAN_POINT('Ctrl Pts',(6.30445619269334,-0.451335903613276,-35.0497927959975));
#8150=CARTESIAN_POINT('Ctrl Pts',(6.07581949723445,0.529446925339581,-35.6488337419059));
#8151=CARTESIAN_POINT('Ctrl Pts',(5.68253624603139,1.52279328363281,-35.7839081424549));
#8152=CARTESIAN_POINT('Ctrl Pts',(5.45215059141224,1.99578881313052,-35.7376474267333));
#8153=CARTESIAN_POINT('Ctrl Pts',(7.41171298181568,-0.790288339489869,-34.611777507254));
#8154=CARTESIAN_POINT('Ctrl Pts',(7.2914873780924,-0.366832630911466,-35.09578452958));
#8155=CARTESIAN_POINT('Ctrl Pts',(6.96171563921676,0.635145530447352,-35.8082861248895));
#8156=CARTESIAN_POINT('Ctrl Pts',(6.44498113086703,1.7239852637317,-36.0248723819988));
#8157=CARTESIAN_POINT('Ctrl Pts',(6.1519821823712,2.25196590084912,-36.));
#8158=CARTESIAN_POINT('Ctrl Pts',(7.9114311263643,-0.567762438764074,-34.4557624540597));
#8159=CARTESIAN_POINT('Ctrl Pts',(7.78821104782359,-0.186258958631589,-34.9433674670703));
#8160=CARTESIAN_POINT('Ctrl Pts',(7.44361344066844,0.761157031691786,-35.7147128710688));
#8161=CARTESIAN_POINT('Ctrl Pts',(6.88822003160228,1.86407728297469,-36.));
#8162=CARTESIAN_POINT('Ctrl Pts',(6.57343210066336,2.40623989202374,-36.));
#8163=CARTESIAN_POINT('',(4.69530864333093,1.71874278001694,-34.));
#8164=CARTESIAN_POINT('Origin',(6.57343210066336,2.40623989202374,-34.));
#8165=CARTESIAN_POINT('',(7.9114311263643,-0.56776243876407,-34.4557624540597));
#8166=CARTESIAN_POINT('Ctrl Pts',(6.57343210066336,2.40623989202374,-36.));
#8167=CARTESIAN_POINT('Ctrl Pts',(6.88822003160228,1.86407728297469,-36.));
#8168=CARTESIAN_POINT('Ctrl Pts',(7.44361344066844,0.761157031691786,-35.7147128710688));
#8169=CARTESIAN_POINT('Ctrl Pts',(7.78821104782359,-0.186258958631589,-34.9433674670703));
#8170=CARTESIAN_POINT('Ctrl Pts',(7.9114311263643,-0.567762438764074,-34.4557624540597));
#8171=CARTESIAN_POINT('',(4.97522160515535,0.497161924923733,-33.2278812270298));
#8172=CARTESIAN_POINT('Origin',(6.96531024721756,0.696026694893232,-33.2278812270298));
#8173=CARTESIAN_POINT('Ctrl Pts',(4.97522160515535,0.497161924923733,-33.2278812270298));
#8174=CARTESIAN_POINT('Ctrl Pts',(4.95949098805687,0.654582077448078,-33.4716837335352));
#8175=CARTESIAN_POINT('Ctrl Pts',(4.90446052448075,1.0453381812269,-33.8573564355344));
#8176=CARTESIAN_POINT('Ctrl Pts',(4.77618451538887,1.49780385563243,-34.));
#8177=CARTESIAN_POINT('Ctrl Pts',(4.69530864333093,1.71874278001694,-34.));
#8178=CARTESIAN_POINT('Origin',(0.,-5.82922498522506E-16,-34.));
#8179=CARTESIAN_POINT('',(-4.69530864333093,1.71874278001694,-34.));
#8180=CARTESIAN_POINT('Origin',(-6.57343210066336,2.40623989202374,-34.));
#8181=CARTESIAN_POINT('Origin',(0.,-5.82922498522506E-16,-34.));
#8182=CARTESIAN_POINT('Ctrl Pts',(-4.69530864333093,1.71874278001694,-34.));
#8183=CARTESIAN_POINT('Ctrl Pts',(-4.77618451538887,1.49780385563242,-34.));
#8184=CARTESIAN_POINT('Ctrl Pts',(-4.90446052448075,1.04533818122689,-33.8573564355344));
#8185=CARTESIAN_POINT('Ctrl Pts',(-4.95949098805687,0.654582077448079,-33.4716837335352));
#8186=CARTESIAN_POINT('Ctrl Pts',(-4.97522160515535,0.497161924923733,-33.2278812270298));
#8187=CARTESIAN_POINT('Ctrl Pts',(-4.69530864333093,1.71874278001694,-34.2991993003419));
#8188=CARTESIAN_POINT('Ctrl Pts',(-4.79096014233028,1.45733348558108,-34.3096241542314));
#8189=CARTESIAN_POINT('Ctrl Pts',(-4.93842525847183,0.916697731240741,-34.1753713285777));
#8190=CARTESIAN_POINT('Ctrl Pts',(-4.99147425354522,0.424587749937382,-33.7604391196263));
#8191=CARTESIAN_POINT('Ctrl Pts',(-5.00313143912242,0.217861355052981,-33.4828794590004));
#8192=CARTESIAN_POINT('Ctrl Pts',(-4.823869484455,1.76580316182778,-34.8963858461612));
#8193=CARTESIAN_POINT('Ctrl Pts',(-4.96041299517171,1.42085496181775,-34.927520825153));
#8194=CARTESIAN_POINT('Ctrl Pts',(-5.17433010752005,0.698274034690576,-34.8095152529597));
#8195=CARTESIAN_POINT('Ctrl Pts',(-5.25896819948779,-0.00593884207019668,
-34.3356247102556));
#8196=CARTESIAN_POINT('Ctrl Pts',(-5.27919033214971,-0.316228681259788,
-33.9906131906328));
#8197=CARTESIAN_POINT('Ctrl Pts',(-5.45215059141224,1.99578881313051,-35.7376474267333));
#8198=CARTESIAN_POINT('Ctrl Pts',(-5.68253624603134,1.52279328363294,-35.7839081424549));
#8199=CARTESIAN_POINT('Ctrl Pts',(-6.07581949723444,0.529446925339652,-35.648833741906));
#8200=CARTESIAN_POINT('Ctrl Pts',(-6.30445619269335,-0.451335903613306,
-35.0497927959975));
#8201=CARTESIAN_POINT('Ctrl Pts',(-6.38270402105601,-0.885235298434858,
-34.6046548008628));
#8202=CARTESIAN_POINT('Ctrl Pts',(-6.1519821823712,2.25196590084911,-36.));
#8203=CARTESIAN_POINT('Ctrl Pts',(-6.44498113086698,1.72398526373185,-36.0248723819988));
#8204=CARTESIAN_POINT('Ctrl Pts',(-6.96171563921676,0.635145530447423,-35.8082861248896));
#8205=CARTESIAN_POINT('Ctrl Pts',(-7.2914873780924,-0.366832630911493,-35.09578452958));
#8206=CARTESIAN_POINT('Ctrl Pts',(-7.41171298181568,-0.790288339489873,
-34.611777507254));
#8207=CARTESIAN_POINT('Ctrl Pts',(-6.57343210066336,2.40623989202374,-36.));
#8208=CARTESIAN_POINT('Ctrl Pts',(-6.88822003160223,1.86407728297484,-36.));
#8209=CARTESIAN_POINT('Ctrl Pts',(-7.44361344066843,0.761157031691851,-35.7147128710688));
#8210=CARTESIAN_POINT('Ctrl Pts',(-7.78821104782359,-0.186258958631615,
-34.9433674670702));
#8211=CARTESIAN_POINT('Ctrl Pts',(-7.9114311263643,-0.567762438764078,-34.4557624540597));
#8212=CARTESIAN_POINT('Ctrl Pts',(-7.9114311263643,-0.567762438764078,-34.4557624540597));
#8213=CARTESIAN_POINT('Ctrl Pts',(-7.78821104782359,-0.186258958631615,
-34.9433674670702));
#8214=CARTESIAN_POINT('Ctrl Pts',(-7.44361344066843,0.761157031691851,-35.7147128710688));
#8215=CARTESIAN_POINT('Ctrl Pts',(-6.88822003160223,1.86407728297484,-36.));
#8216=CARTESIAN_POINT('Ctrl Pts',(-6.57343210066336,2.40623989202374,-36.));
#8217=CARTESIAN_POINT('Ctrl Pts',(-4.69530864333093,1.71874278001694,-34.));
#8218=CARTESIAN_POINT('Ctrl Pts',(-4.77618451538887,1.49780385563242,-34.));
#8219=CARTESIAN_POINT('Ctrl Pts',(-4.90446052448075,1.04533818122689,-33.8573564355344));
#8220=CARTESIAN_POINT('Ctrl Pts',(-4.95949098805687,0.654582077448079,-33.4716837335352));
#8221=CARTESIAN_POINT('Ctrl Pts',(-4.97522160515535,0.497161924923733,-33.2278812270298));
#8222=CARTESIAN_POINT('Ctrl Pts',(3.25033397095898,-3.79938535518951,-27.6243123689691));
#8223=CARTESIAN_POINT('Ctrl Pts',(3.85556982071349,-3.28161248958316,-28.2075103053804));
#8224=CARTESIAN_POINT('Ctrl Pts',(4.86731210435888,-1.83115261504085,-29.902416088053));
#8225=CARTESIAN_POINT('Ctrl Pts',(5.05534909316427,-0.30469354614829,-31.9860175230027));
#8226=CARTESIAN_POINT('Ctrl Pts',(4.97522160515535,0.497161924923731,-33.2278812270298));
#8227=CARTESIAN_POINT('Ctrl Pts',(3.09094303798376,-3.93574261187172,-28.0253763258491));
#8228=CARTESIAN_POINT('Ctrl Pts',(3.69388851630699,-3.46400748588467,-28.5827364191669));
#8229=CARTESIAN_POINT('Ctrl Pts',(4.75922698141642,-2.10348804299388,-30.2185237501473));
#8230=CARTESIAN_POINT('Ctrl Pts',(5.0384455655932,-0.5913935628286,-32.2608274050105));
#8231=CARTESIAN_POINT('Ctrl Pts',(5.00313143912242,0.21786135505298,-33.4828794590004));
#8232=CARTESIAN_POINT('Ctrl Pts',(2.9804125659119,-4.45108357540544,-28.8265060472142));
#8233=CARTESIAN_POINT('Ctrl Pts',(3.60974227351689,-4.02826667441843,-29.3318795872076));
#8234=CARTESIAN_POINT('Ctrl Pts',(4.81393134595185,-2.73970641431444,-30.8497783320016));
#8235=CARTESIAN_POINT('Ctrl Pts',(5.24784281063643,-1.17655907060586,-32.8103550922772));
#8236=CARTESIAN_POINT('Ctrl Pts',(5.27957711549733,-0.318373778833841,-33.9925872158639));
#8237=CARTESIAN_POINT('Ctrl Pts',(3.46630094154858,-5.51139645524705,-29.4384661070269));
#8238=CARTESIAN_POINT('Ctrl Pts',(4.19745162626681,-5.02069303631514,-29.9219200562223));
#8239=CARTESIAN_POINT('Ctrl Pts',(5.5947252294744,-3.53066599256172,-31.38815813063));
#8240=CARTESIAN_POINT('Ctrl Pts',(6.10262130180484,-1.74036675434662,-33.3095865941102));
#8241=CARTESIAN_POINT('Ctrl Pts',(6.14601613290756,-0.762447973709301,-34.4722795240047));
#8242=CARTESIAN_POINT('Ctrl Pts',(4.24370993480724,-6.38415297598577,-29.3937529736925));
#8243=CARTESIAN_POINT('Ctrl Pts',(5.09003597439638,-5.76133223689639,-29.9114005343034));
#8244=CARTESIAN_POINT('Ctrl Pts',(6.62336247659859,-3.94935522382628,-31.4543707581983));
#8245=CARTESIAN_POINT('Ctrl Pts',(7.09947824695202,-1.91355883607334,-33.4269657947947));
#8246=CARTESIAN_POINT('Ctrl Pts',(7.10390205747377,-0.823441573494744,-34.6139419801193));
#8247=CARTESIAN_POINT('Ctrl Pts',(4.76091135288794,-6.72752145564928,-29.0690969186764));
#8248=CARTESIAN_POINT('Ctrl Pts',(5.67453409107481,-6.01512016521373,-29.6289606828078));
#8249=CARTESIAN_POINT('Ctrl Pts',(7.2652510426699,-3.99621901212784,-31.2694635123485));
#8250=CARTESIAN_POINT('Ctrl Pts',(7.69287891643336,-1.82560655997742,-33.3123852309444));
#8251=CARTESIAN_POINT('Ctrl Pts',(7.66157205408999,-0.679025389126971,-34.5337699806568));
#8252=CARTESIAN_POINT('Ctrl Pts',(4.99999999976298,-6.83248951537664,-28.8521935959989));
#8253=CARTESIAN_POINT('Ctrl Pts',(5.94379599310098,-6.07895285812041,-29.4353915324103));
#8254=CARTESIAN_POINT('Ctrl Pts',(7.55766077528591,-3.96650491940788,-31.1302973150828));
#8255=CARTESIAN_POINT('Ctrl Pts',(7.96021842052423,-1.73781716678946,-33.2138987500326));
#8256=CARTESIAN_POINT('Ctrl Pts',(7.9114311263643,-0.567762438764073,-34.4557624540597));
#8257=CARTESIAN_POINT('Ctrl Pts',(5.00014950365002,-0.000189031261164568,
-32.4769127714281));
#8258=CARTESIAN_POINT('Ctrl Pts',(5.0000612196937,0.167974280771962,-32.7246900167683));
#8259=CARTESIAN_POINT('Ctrl Pts',(4.99152346303738,0.334025225444482,-32.9752252894115));
#8260=CARTESIAN_POINT('Ctrl Pts',(4.97522160515535,0.497161924923731,-33.2278812270298));
#8261=CARTESIAN_POINT('Ctrl Pts',(7.9114311263643,-0.567762438764073,-34.4557624540597));
#8262=CARTESIAN_POINT('Ctrl Pts',(7.96021842052423,-1.73781716678946,-33.2138987500326));
#8263=CARTESIAN_POINT('Ctrl Pts',(7.55766077528591,-3.96650491940788,-31.1302973150828));
#8264=CARTESIAN_POINT('Ctrl Pts',(5.94379599310098,-6.07895285812041,-29.4353915324103));
#8265=CARTESIAN_POINT('Ctrl Pts',(4.99999999976298,-6.83248951537664,-28.8521935959989));
#8266=CARTESIAN_POINT('Origin',(0.,10.,-27.));
#8267=CARTESIAN_POINT('',(11.7028411171311,3.89165691725289,-34.4557624540597));
#8268=CARTESIAN_POINT('Origin',(-1.54113942497055E-15,10.,-34.4557624540597));
#8269=CARTESIAN_POINT('Ctrl Pts',(4.99968665899056,-12.9494627458216,-21.2294403007627));
#8270=CARTESIAN_POINT('Ctrl Pts',(5.88875448824473,-12.5791718291701,-21.4505201393812));
#8271=CARTESIAN_POINT('Ctrl Pts',(8.99026076161511,-10.8553031044529,-22.4893897187767));
#8272=CARTESIAN_POINT('Ctrl Pts',(12.391286795179,-6.35527367557204,-25.3722104975408));
#8273=CARTESIAN_POINT('Ctrl Pts',(13.2276744946912,-0.631921446966296,-29.7865971044999));
#8274=CARTESIAN_POINT('Ctrl Pts',(12.3401205837456,2.57046455067876,-32.943428146117));
#8275=CARTESIAN_POINT('Ctrl Pts',(11.7027882173274,3.89158040520021,-34.4557909991509));
#8276=CARTESIAN_POINT('Origin',(0.,10.,-32.));
#8277=CARTESIAN_POINT('Origin',(8.90377678871723,5.35263934515262,-32.));
#8278=CARTESIAN_POINT('Ctrl Pts',(0.288439131500541,-8.95543715694436,-10.0177103412968));
#8279=CARTESIAN_POINT('Ctrl Pts',(-0.190506118960384,-8.94497304579227,
-9.98866388322296));
#8280=CARTESIAN_POINT('Ctrl Pts',(-0.670861557627348,-8.92147383385527,
-9.98824943132747));
#8281=CARTESIAN_POINT('Ctrl Pts',(-1.55715381538704,-8.85183572472525,-10.0380240397786));
#8282=CARTESIAN_POINT('Ctrl Pts',(-1.96455158032535,-8.80967526124199,-10.0819832707346));
#8283=CARTESIAN_POINT('Ctrl Pts',(-3.90480721069083,-8.52648790844411,-10.3470798805943));
#8284=CARTESIAN_POINT('Ctrl Pts',(-6.15321395400105,-7.8400250615593,-10.9911845539458));
#8285=CARTESIAN_POINT('Ctrl Pts',(-8.46612293950144,-5.69430664432595,-11.5341441092753));
#8286=CARTESIAN_POINT('Ctrl Pts',(-9.20774899082568,-4.27720549179349,-11.5547190320546));
#8287=CARTESIAN_POINT('Ctrl Pts',(-9.85034291222808,-2.41031913066981,-11.4720403331085));
#8288=CARTESIAN_POINT('Ctrl Pts',(-10.087592455992,0.0584302864817493,-11.1622272167223));
#8289=CARTESIAN_POINT('Ctrl Pts',(-8.53725669757104,3.1940925124265,-9.91392253249641));
#8290=CARTESIAN_POINT('Ctrl Pts',(-5.75760227109349,5.16807078611274,-8.59217652506612));
#8291=CARTESIAN_POINT('Ctrl Pts',(-3.50074916034798,5.84312223120984,-8.04943596753873));
#8292=CARTESIAN_POINT('Ctrl Pts',(0.00567135904580036,6.27728960162995,
-7.49382735439274));
#8293=CARTESIAN_POINT('Ctrl Pts',(3.6749552683131,5.53623968739957,-7.50844895338624));
#8294=CARTESIAN_POINT('Ctrl Pts',(7.0242243067741,3.29828512760564,-8.71437098999835));
#8295=CARTESIAN_POINT('Ctrl Pts',(8.44015811207155,1.56514457423479,-9.54995108512903));
#8296=CARTESIAN_POINT('Ctrl Pts',(8.8215474583055,0.456739474992626,-9.85595174256813));
#8297=CARTESIAN_POINT('Ctrl Pts',(8.95298443425021,-0.666534124064701,-10.0184110756874));
#8298=CARTESIAN_POINT('Ctrl Pts',(8.86731080863298,-1.78773226226624,-10.0563107791134));
#8299=CARTESIAN_POINT('Ctrl Pts',(7.97276452301978,-3.80500458091295,-9.74687724061654));
#8300=CARTESIAN_POINT('Ctrl Pts',(6.81745389505758,-4.97521688813012,-9.39848599669919));
#8301=CARTESIAN_POINT('Ctrl Pts',(5.69194010709933,-6.14456395948974,-9.39071566738941));
#8302=CARTESIAN_POINT('Ctrl Pts',(5.32432565168838,-6.51752785406653,-9.4297636216994));
#8303=CARTESIAN_POINT('Ctrl Pts',(4.41039010766679,-7.39217146456994,-9.60519983193132));
#8304=CARTESIAN_POINT('Ctrl Pts',(3.84959116716474,-7.87394294626429,-9.7689850985223));
#8305=CARTESIAN_POINT('Ctrl Pts',(3.28365984719621,-8.31647336735184,-9.99663516150619));
#8306=CARTESIAN_POINT('Ctrl Pts',(0.299749473758759,-8.82933520367562,-9.87664357715849));
#8307=CARTESIAN_POINT('Ctrl Pts',(-0.182587310442485,-8.81969105327584,
-9.84837729842893));
#8308=CARTESIAN_POINT('Ctrl Pts',(-0.666095467582574,-8.79649978290394,
-9.84854250679428));
#8309=CARTESIAN_POINT('Ctrl Pts',(-1.55769994437048,-8.72719161499554,-9.89937838405831));
#8310=CARTESIAN_POINT('Ctrl Pts',(-1.96597777658993,-8.68445709937534,-9.94314652766045));
#8311=CARTESIAN_POINT('Ctrl Pts',(-3.90532522186073,-8.40085943464513,-10.2068900905148));
#8312=CARTESIAN_POINT('Ctrl Pts',(-6.13478434449281,-7.70576307837975,-10.8381060542061));
#8313=CARTESIAN_POINT('Ctrl Pts',(-8.37965019264212,-5.6049637686844,-11.3517532265871));
#8314=CARTESIAN_POINT('Ctrl Pts',(-9.09933751584072,-4.229307565869,-11.3697992026868));
#8315=CARTESIAN_POINT('Ctrl Pts',(-9.72614389090906,-2.40433033752033,-11.288403164073));
#8316=CARTESIAN_POINT('Ctrl Pts',(-9.96274226374128,-0.0109971347780506,
-10.9972942560708));
#8317=CARTESIAN_POINT('Ctrl Pts',(-8.46777895704696,3.06226887510297,-9.79854970845252));
#8318=CARTESIAN_POINT('Ctrl Pts',(-5.72307456241365,5.02213648903541,-8.49374626605016));
#8319=CARTESIAN_POINT('Ctrl Pts',(-3.48337152719793,5.68758724878321,-7.95360842923514));
#8320=CARTESIAN_POINT('Ctrl Pts',(-0.0146002178168703,6.11111601947583,
-7.40050024497085));
#8321=CARTESIAN_POINT('Ctrl Pts',(3.62564963587821,5.37489429818235,-7.41135990210461));
#8322=CARTESIAN_POINT('Ctrl Pts',(6.95336841187941,3.15492899309114,-8.61313482874244));
#8323=CARTESIAN_POINT('Ctrl Pts',(8.33760049655001,1.45601742403045,-9.43157924428769));
#8324=CARTESIAN_POINT('Ctrl Pts',(8.7007706199216,0.395823715876691,-9.72395038717461));
#8325=CARTESIAN_POINT('Ctrl Pts',(8.83055997624928,-0.674509058662933,-9.88328526185902));
#8326=CARTESIAN_POINT('Ctrl Pts',(8.75431631727016,-1.74770077995249,-9.92589673627355));
#8327=CARTESIAN_POINT('Ctrl Pts',(7.8970718432827,-3.71135430079925,-9.63616613134608));
#8328=CARTESIAN_POINT('Ctrl Pts',(6.74201220900206,-4.88069401002161,-9.28193909682077));
#8329=CARTESIAN_POINT('Ctrl Pts',(5.59547259550217,-6.05912682704789,-9.26558356808529));
#8330=CARTESIAN_POINT('Ctrl Pts',(5.22401709327278,-6.43426744154183,-9.30396566222901));
#8331=CARTESIAN_POINT('Ctrl Pts',(4.30572584174297,-7.31226115483705,-9.47958271323236));
#8332=CARTESIAN_POINT('Ctrl Pts',(3.74571890790951,-7.79694436052961,-9.64644640763277));
#8333=CARTESIAN_POINT('Ctrl Pts',(3.17904574085077,-8.24367956730706,-9.87807192479436));
#8334=CARTESIAN_POINT('Ctrl Pts',(0.325011440782543,-8.65996108275467,-9.52111831932934));
#8335=CARTESIAN_POINT('Ctrl Pts',(-0.168415313089651,-8.65059024023265,
-9.49500500271761));
#8336=CARTESIAN_POINT('Ctrl Pts',(-0.662977250820284,-8.62732772640534,
-9.49742578915228));
#8337=CARTESIAN_POINT('Ctrl Pts',(-1.57241169879376,-8.55698067699103,-9.55102180055452));
#8338=CARTESIAN_POINT('Ctrl Pts',(-1.98697264853086,-8.51338700538495,-9.59532573901983));
#8339=CARTESIAN_POINT('Ctrl Pts',(-3.9408023842361,-8.22775495460527,-9.85559145913928));
#8340=CARTESIAN_POINT('Ctrl Pts',(-6.15911924939775,-7.51871908407623,-10.460035701984));
#8341=CARTESIAN_POINT('Ctrl Pts',(-8.30871495320352,-5.49704484295904,-10.9093655592198));
#8342=CARTESIAN_POINT('Ctrl Pts',(-8.99746838642332,-4.18531011544884,-10.9193439278332));
#8343=CARTESIAN_POINT('Ctrl Pts',(-9.60149409708772,-2.42467785645985,-10.841932846852));
#8344=CARTESIAN_POINT('Ctrl Pts',(-9.82545700527111,-0.144107486499695,
-10.5893193554714));
#8345=CARTESIAN_POINT('Ctrl Pts',(-8.40195161710137,2.82716303951451,-9.49740910039856));
#8346=CARTESIAN_POINT('Ctrl Pts',(-5.70173455877389,4.77307947505356,-8.21923787797464));
#8347=CARTESIAN_POINT('Ctrl Pts',(-3.47910079122245,5.42654993605503,-7.67683891980545));
#8348=CARTESIAN_POINT('Ctrl Pts',(-0.0558041732700141,5.83713665585758,
-7.11693292358505));
#8349=CARTESIAN_POINT('Ctrl Pts',(3.56261484844734,5.10654875105886,-7.11546445991573));
#8350=CARTESIAN_POINT('Ctrl Pts',(6.87650908015484,2.89775225699141,-8.32687874277145));
#8351=CARTESIAN_POINT('Ctrl Pts',(8.2084577109216,1.25273054414297,-9.11758543478702));
#8352=CARTESIAN_POINT('Ctrl Pts',(8.53888111489919,0.278659983441456,-9.38800367465649));
#8353=CARTESIAN_POINT('Ctrl Pts',(8.66045412386826,-0.697024466585676,-9.545728998252));
#8354=CARTESIAN_POINT('Ctrl Pts',(8.59606226489137,-1.68193175767497,-9.60475067004081));
#8355=CARTESIAN_POINT('Ctrl Pts',(7.79848960940182,-3.54971621696286,-9.36053093189653));
#8356=CARTESIAN_POINT('Ctrl Pts',(6.63873132921038,-4.72793908783044,-8.98533259363822));
#8357=CARTESIAN_POINT('Ctrl Pts',(5.45119557816318,-5.93811381749813,-8.94588252520661));
#8358=CARTESIAN_POINT('Ctrl Pts',(5.0681576289492,-6.32280496284855,-8.98019498789614));
#8359=CARTESIAN_POINT('Ctrl Pts',(4.13454433773828,-7.21500455811323,-9.15784499642949));
#8360=CARTESIAN_POINT('Ctrl Pts',(3.56871110255998,-7.70733677219511,-9.33434879021467));
#8361=CARTESIAN_POINT('Ctrl Pts',(2.99538038543655,-8.16260427292038,-9.57908807227444));
#8362=CARTESIAN_POINT('Ctrl Pts',(0.347643862620801,-8.70911151977127,-9.13022705977887));
#8363=CARTESIAN_POINT('Ctrl Pts',(-0.162187996182729,-8.69683105177741,
-9.10561132792072));
#8364=CARTESIAN_POINT('Ctrl Pts',(-0.672931488735286,-8.67089947177184,
-9.11002121143607));
#8365=CARTESIAN_POINT('Ctrl Pts',(-1.61045314000243,-8.59678052012274,-9.16678366361721));
#8366=CARTESIAN_POINT('Ctrl Pts',(-2.03665040566674,-8.5521296262254,-9.21218847602722));
#8367=CARTESIAN_POINT('Ctrl Pts',(-4.0363542680047,-8.26546926666229,-9.47361586791476));
#8368=CARTESIAN_POINT('Ctrl Pts',(-6.29454168246503,-7.56109142007514,-10.0671050117182));
#8369=CARTESIAN_POINT('Ctrl Pts',(-8.46924281554691,-5.57346977659259,-10.4895740506511));
#8370=CARTESIAN_POINT('Ctrl Pts',(-9.16829435668972,-4.26621838173966,-10.4965447488984));
#8371=CARTESIAN_POINT('Ctrl Pts',(-9.77375073259591,-2.49609079320367,-10.419417588273));
#8372=CARTESIAN_POINT('Ctrl Pts',(-9.96405807891957,-0.214915955590022,
-10.1776788725684));
#8373=CARTESIAN_POINT('Ctrl Pts',(-8.49952475115542,2.72136047036371,-9.14214351708126));
#8374=CARTESIAN_POINT('Ctrl Pts',(-5.78316288483808,4.67862274305972,-7.86827875785442));
#8375=CARTESIAN_POINT('Ctrl Pts',(-3.53632484344342,5.34250343162938,-7.31051218727579));
#8376=CARTESIAN_POINT('Ctrl Pts',(-0.0868745493520905,5.76605604205169,
-6.72847750672496));
#8377=CARTESIAN_POINT('Ctrl Pts',(3.59303800484527,5.03328485656675,-6.71412961599803));
#8378=CARTESIAN_POINT('Ctrl Pts',(6.9518839847669,2.77991344305057,-7.96083239563061));
#8379=CARTESIAN_POINT('Ctrl Pts',(8.27271835341641,1.1410827598174,-8.74743862125444));
#8380=CARTESIAN_POINT('Ctrl Pts',(8.58383376307944,0.204700607963458,-9.0092960270228));
#8381=CARTESIAN_POINT('Ctrl Pts',(8.69007323130542,-0.724998986450554,-9.17131115154062));
#8382=CARTESIAN_POINT('Ctrl Pts',(8.61359023134106,-1.66336025224133,-9.24615620279713));
#8383=CARTESIAN_POINT('Ctrl Pts',(7.82692673469,-3.47611697457911,-9.03866263751638));
#8384=CARTESIAN_POINT('Ctrl Pts',(6.66103223495095,-4.68494487799743,-8.63799612904352));
#8385=CARTESIAN_POINT('Ctrl Pts',(5.44086992514132,-5.95160661952779,-8.57496203062242));
#8386=CARTESIAN_POINT('Ctrl Pts',(5.04712374335569,-6.35330237901892,-8.60553038306893));
#8387=CARTESIAN_POINT('Ctrl Pts',(4.08769228208032,-7.27107008791916,-8.78733747301743));
#8388=CARTESIAN_POINT('Ctrl Pts',(3.50335495305377,-7.77101391007833,-8.97552828558523));
#8389=CARTESIAN_POINT('Ctrl Pts',(2.91156019204636,-8.23201312981221,-9.23578922874017));
#8390=CARTESIAN_POINT('Ctrl Pts',(0.356529416859564,-8.78451807563945,-8.95654817026544));
#8391=CARTESIAN_POINT('Ctrl Pts',(-0.161556608723941,-8.77021856233775,
-8.93203122247111));
#8392=CARTESIAN_POINT('Ctrl Pts',(-0.680344199788724,-8.74265694865874,
-8.93686299696687));
#8393=CARTESIAN_POINT('Ctrl Pts',(-1.63248665289107,-8.66613457096265,-8.9949105470539));
#8394=CARTESIAN_POINT('Ctrl Pts',(-2.06477105212857,-8.62119351085877,-9.04084039360593));
#8395=CARTESIAN_POINT('Ctrl Pts',(-4.09205979880504,-8.3338420249563,-9.30495970685843));
#8396=CARTESIAN_POINT('Ctrl Pts',(-6.3783407244455,-7.63637962568233,-9.9006096042903));
#8397=CARTESIAN_POINT('Ctrl Pts',(-8.59160446975052,-5.65011238999031,-10.327775175308));
#8398=CARTESIAN_POINT('Ctrl Pts',(-9.30345766911967,-4.32972403620305,-10.3357528158448));
#8399=CARTESIAN_POINT('Ctrl Pts',(-9.91756750915701,-2.53701418208931,-10.2582550846531));
#8400=CARTESIAN_POINT('Ctrl Pts',(-10.089006837882,-0.227887829392843,-10.0091514631642));
#8401=CARTESIAN_POINT('Ctrl Pts',(-8.58242702951931,2.70875737856632,-8.97716909952727));
#8402=CARTESIAN_POINT('Ctrl Pts',(-5.84372351045016,4.67673004402058,-7.69850272737556));
#8403=CARTESIAN_POINT('Ctrl Pts',(-3.57606217654463,5.35068421730038,-7.13181162603406));
#8404=CARTESIAN_POINT('Ctrl Pts',(-0.0975198432478381,5.7870820362557,-6.53842561198338));
#8405=CARTESIAN_POINT('Ctrl Pts',(3.62928409445574,5.05144337420078,-6.52000104980604));
#8406=CARTESIAN_POINT('Ctrl Pts',(7.02170113893842,2.76500516476094,-7.78607161377471));
#8407=CARTESIAN_POINT('Ctrl Pts',(8.34840682955401,1.11681667655203,-8.57700342690621));
#8408=CARTESIAN_POINT('Ctrl Pts',(8.65447013838466,0.1839318728219,-8.83788490354901));
#8409=CARTESIAN_POINT('Ctrl Pts',(8.75292220447227,-0.738231192084407,-9.00184544540589));
#8410=CARTESIAN_POINT('Ctrl Pts',(8.66509367584016,-1.66724796364692,-9.08081988742934));
#8411=CARTESIAN_POINT('Ctrl Pts',(7.87125155512311,-3.46569731803457,-8.88435201631271));
#8412=CARTESIAN_POINT('Ctrl Pts',(6.70274330672865,-4.69294231453206,-8.47377890262751));
#8413=CARTESIAN_POINT('Ctrl Pts',(5.46945629344482,-5.99165223452682,-8.40225315779067));
#8414=CARTESIAN_POINT('Ctrl Pts',(5.07196310412607,-6.401783934574,-8.4324696017344));
#8415=CARTESIAN_POINT('Ctrl Pts',(4.09852278932957,-7.33360199416267,-8.61648932775918));
#8416=CARTESIAN_POINT('Ctrl Pts',(3.50328638200987,-7.83665764316421,-8.80946220821328));
#8417=CARTESIAN_POINT('Ctrl Pts',(2.90018590483113,-8.29974807209942,-9.07584269750334));
#8418=CARTESIAN_POINT('Ctrl Pts',(2.90018590483113,-8.29974807209942,-9.07584269750334));
#8419=CARTESIAN_POINT('Ctrl Pts',(2.90710605048753,-8.27099272835405,-9.13833040436914));
#8420=CARTESIAN_POINT('Ctrl Pts',(2.92739110543902,-8.24134737319787,-9.19684453207703));
#8421=CARTESIAN_POINT('Ctrl Pts',(2.99775467862331,-8.17329223170112,-9.32052277658823));
#8422=CARTESIAN_POINT('Ctrl Pts',(3.05332900322336,-8.13594121550293,-9.38083112148633));
#8423=CARTESIAN_POINT('Ctrl Pts',(3.21423086865616,-8.04631052880364,-9.51368604705483));
#8424=CARTESIAN_POINT('Ctrl Pts',(3.33431519612927,-7.99499892775776,-9.57773835422897));
#8425=CARTESIAN_POINT('Ctrl Pts',(3.60123528303772,-7.89556020848333,-9.68829632319416));
#8426=CARTESIAN_POINT('Ctrl Pts',(3.76088085774367,-7.84556516917984,-9.73375374513561));
#8427=CARTESIAN_POINT('Ctrl Pts',(3.91866159397335,-7.80164137787764,-9.76723113874162));
#8428=CARTESIAN_POINT('Origin',(0.312475725792253,-9.70172358668972,-9.3525195364049));
#8429=CARTESIAN_POINT('Ctrl Pts',(0.356529416859564,-8.78451807563945,-8.95654817026544));
#8430=CARTESIAN_POINT('Ctrl Pts',(0.357126164020975,-8.78196379209943,-8.96253115807055));
#8431=CARTESIAN_POINT('Ctrl Pts',(0.358236824922423,-8.77718759696884,-8.97369680396685));
#8432=CARTESIAN_POINT('Ctrl Pts',(0.358644107229483,-8.77542562999679,-8.97780558254869));
#8433=CARTESIAN_POINT('Ctrl Pts',(0.358644372729352,-8.77542494923255,-8.97780164985624));
#8434=CARTESIAN_POINT('Ctrl Pts',(0.347643862620801,-8.70911151977127,-9.13022705977887));
#8435=CARTESIAN_POINT('Ctrl Pts',(0.35170963736899,-8.70819877670272,-9.13592479396604));
#8436=CARTESIAN_POINT('Ctrl Pts',(0.361455604270098,-8.70602388657188,-9.14617075928827));
#8437=CARTESIAN_POINT('Ctrl Pts',(0.370754846188114,-8.70379627684627,-9.14877962327869));
#8438=CARTESIAN_POINT('Ctrl Pts',(0.375509558233347,-8.7025818827614,-9.14778745052044));
#8439=CARTESIAN_POINT('Ctrl Pts',(0.325009375252567,-8.6601327356426,-9.52109053903596));
#8440=CARTESIAN_POINT('Ctrl Pts',(0.341620882554414,-8.66166930522207,-9.52537247766375));
#8441=CARTESIAN_POINT('Ctrl Pts',(0.381176004236201,-8.66251463324756,-9.53171406361404));
#8442=CARTESIAN_POINT('Ctrl Pts',(0.419947573713973,-8.65672507754193,-9.5290568914383));
#8443=CARTESIAN_POINT('Ctrl Pts',(0.441060758185216,-8.65133258981803,-9.52465117217012));
#8444=CARTESIAN_POINT('Ctrl Pts',(0.299749473758759,-8.82933520367562,-9.87664357715849));
#8445=CARTESIAN_POINT('Ctrl Pts',(0.335862414799853,-8.83085417920884,-9.87963322225763));
#8446=CARTESIAN_POINT('Ctrl Pts',(0.421078071905908,-8.82923058495038,-9.88162037837991));
#8447=CARTESIAN_POINT('Ctrl Pts',(0.504407155623817,-8.81539702403112,-9.87158228157393));
#8448=CARTESIAN_POINT('Ctrl Pts',(0.550360193864751,-8.80366022540052,-9.86199319347188));
#8449=CARTESIAN_POINT('Ctrl Pts',(0.288439131500542,-8.95543715694436,-10.0177103412968));
#8450=CARTESIAN_POINT('Ctrl Pts',(0.334525691115321,-8.9564440671955,-10.0205053399325));
#8451=CARTESIAN_POINT('Ctrl Pts',(0.443050056418075,-8.95265301909313,-10.0211171489432));
#8452=CARTESIAN_POINT('Ctrl Pts',(0.54909670868643,-8.93441812055316,-10.0075985274711));
#8453=CARTESIAN_POINT('Ctrl Pts',(0.607759388502935,-8.9194351708616,-9.99535729976136));
#8454=CARTESIAN_POINT('',(0.358644107229483,-8.77542562999679,-8.97780558254869));
#8455=CARTESIAN_POINT('Ctrl Pts',(0.356529416859564,-8.78451807563945,-8.95654817026544));
#8456=CARTESIAN_POINT('Ctrl Pts',(0.357237298426168,-8.78148809853895,-8.96364539175945));
#8457=CARTESIAN_POINT('Ctrl Pts',(0.357942191357109,-8.77845728224113,-8.97073118109226));
#8458=CARTESIAN_POINT('Ctrl Pts',(0.358644107229483,-8.77542562999679,-8.97780558254869));
#8459=CARTESIAN_POINT('Origin',(0.658406004211513,-9.66272143510006,-9.32830374140814));
#8460=CARTESIAN_POINT('Ctrl Pts',(0.358640938239589,-8.77542704438943,-8.97780359332862));
#8461=CARTESIAN_POINT('Ctrl Pts',(0.358644107229483,-8.77542562999679,-8.97780558254869));
#8462=CARTESIAN_POINT('Ctrl Pts',(0.35532533165508,-8.7899142493876,-8.94414664316888));
#8463=CARTESIAN_POINT('Ctrl Pts',(0.346332379027785,-8.82748888482292,-8.85523170335664));
#8464=CARTESIAN_POINT('Ctrl Pts',(0.340880258795871,-8.84939126243191,-8.80251902004265));
#8465=CARTESIAN_POINT('Ctrl Pts',(0.375509558233348,-8.7025818827614,-9.14778745052044));
#8466=CARTESIAN_POINT('Ctrl Pts',(0.388032390558542,-8.69938344437926,-9.14517429267386));
#8467=CARTESIAN_POINT('Ctrl Pts',(0.405598523404915,-8.69312100156007,-9.10384232272851));
#8468=CARTESIAN_POINT('Ctrl Pts',(0.391022008200453,-8.69842102731136,-9.01204011852771));
#8469=CARTESIAN_POINT('Ctrl Pts',(0.376700461004325,-8.70697968125314,-8.96161872165526));
#8470=CARTESIAN_POINT('Ctrl Pts',(0.441038609983832,-8.65122952594047,-9.52467118062449));
#8471=CARTESIAN_POINT('Ctrl Pts',(0.496650421961756,-8.63702579396423,-9.51306658199545));
#8472=CARTESIAN_POINT('Ctrl Pts',(0.590486921784038,-8.57845821854106,-9.44819829859082));
#8473=CARTESIAN_POINT('Ctrl Pts',(0.603118033530014,-8.49518878854018,-9.33571550728491));
#8474=CARTESIAN_POINT('Ctrl Pts',(0.589447107311174,-8.45847121939018,-9.27957200934182));
#8475=CARTESIAN_POINT('Ctrl Pts',(0.550360193864753,-8.80366022540052,-9.86199319347188));
#8476=CARTESIAN_POINT('Ctrl Pts',(0.671394200963699,-8.7727471057646,-9.83673684912897));
#8477=CARTESIAN_POINT('Ctrl Pts',(0.88737293142069,-8.65594930343762,-9.73080421515212));
#8478=CARTESIAN_POINT('Ctrl Pts',(0.982982447230156,-8.47514596576297,-9.55788726965144));
#8479=CARTESIAN_POINT('Ctrl Pts',(0.997600583593775,-8.38264660846065,-9.46871019284482));
#8480=CARTESIAN_POINT('Ctrl Pts',(0.607759388502937,-8.9194351708616,-9.99535729976136));
#8481=CARTESIAN_POINT('Ctrl Pts',(0.762271619322074,-8.87997142681964,-9.96311500521708));
#8482=CARTESIAN_POINT('Ctrl Pts',(1.0406706104307,-8.73593542778789,-9.83397615543199));
#8483=CARTESIAN_POINT('Ctrl Pts',(1.17955660190344,-8.51233311093919,-9.62290873026984));
#8484=CARTESIAN_POINT('Ctrl Pts',(1.20937249015117,-8.39572610141192,-9.5118198999941));
#8485=CARTESIAN_POINT('Ctrl Pts',(0.358644107229483,-8.77542562999679,-8.97780558254869));
#8486=CARTESIAN_POINT('Ctrl Pts',(0.358687603829209,-8.77523776337435,-8.97824397184941));
#8487=CARTESIAN_POINT('Ctrl Pts',(0.358733618048833,-8.77504917630705,-8.978683013041));
#8488=CARTESIAN_POINT('Ctrl Pts',(0.359156029207299,-8.77339335199386,-8.98252975633671));
#8489=CARTESIAN_POINT('Ctrl Pts',(0.359674666187704,-8.77185250149872,-8.98605387376321));
#8490=CARTESIAN_POINT('Ctrl Pts',(0.362611459012441,-8.76429093718311,-9.00316857093615));
#8491=CARTESIAN_POINT('Ctrl Pts',(0.367070232084951,-8.7561040137664,-9.02111714883535));
#8492=CARTESIAN_POINT('Ctrl Pts',(0.384804469779094,-8.73256257097631,-9.07031313656395));
#8493=CARTESIAN_POINT('Ctrl Pts',(0.398051470829192,-8.71880362053778,-9.09763689608666));
#8494=CARTESIAN_POINT('Ctrl Pts',(0.443913442314097,-8.6776821456948,-9.17610345262806));
#8495=CARTESIAN_POINT('Ctrl Pts',(0.487265299089916,-8.64672160082472,-9.23065185134761));
#8496=CARTESIAN_POINT('Ctrl Pts',(0.623202639201511,-8.56955961869309,-9.35323175404374));
#8497=CARTESIAN_POINT('Ctrl Pts',(0.722503950470225,-8.52552937204349,-9.41282630524479));
#8498=CARTESIAN_POINT('Ctrl Pts',(0.954675227455845,-8.44790524905721,-9.4949078172154));
#8499=CARTESIAN_POINT('Ctrl Pts',(1.08098257300285,-8.4168614051701,-9.51443235488438));
#8500=CARTESIAN_POINT('Ctrl Pts',(1.20937249015117,-8.39572610141193,-9.51181989999411));
#8501=CARTESIAN_POINT('Origin',(0.,-5.83788966506631E-16,-33.9087121146357));
#8502=CARTESIAN_POINT('Ctrl Pts',(-13.5339261448318,-5.01287398989747,-15.4584677663309));
#8503=CARTESIAN_POINT('Ctrl Pts',(-8.86675297063663,-4.79043746414463,-15.4584677663309));
#8504=CARTESIAN_POINT('Ctrl Pts',(-4.19957979644144,-4.56800093839178,-15.4584677663309));
#8505=CARTESIAN_POINT('Ctrl Pts',(0.467593377753737,-4.34556441263893,-15.4584677663309));
#8506=CARTESIAN_POINT('Ctrl Pts',(0.577823581137719,-4.34031086352931,-15.4584677663309));
#8507=CARTESIAN_POINT('Ctrl Pts',(0.798283987905682,-4.32980376531005,-15.4584677663309));
#8508=CARTESIAN_POINT('Ctrl Pts',(1.23920480144161,-4.30878956887155,-15.4584677663309));
#8509=CARTESIAN_POINT('Ctrl Pts',(1.79035581836152,-4.28252182332341,-15.4584677663309));
#8510=CARTESIAN_POINT('Ctrl Pts',(2.34150683528143,-4.25625407777527,-15.4584677663309));
#8511=CARTESIAN_POINT('Ctrl Pts',(2.78242764881735,-4.23523988133676,-15.4584677663309));
#8512=CARTESIAN_POINT('Ctrl Pts',(3.00288805558532,-4.22473278311751,-15.4584677663309));
#8513=CARTESIAN_POINT('Ctrl Pts',(3.1131182589693,-4.21947923400788,-15.4584677663309));
#8514=CARTESIAN_POINT('Ctrl Pts',(5.94091777702331,-4.08470688319831,-15.4584677663309));
#8515=CARTESIAN_POINT('Ctrl Pts',(8.76871729507731,-3.94993453238873,-15.4584677663309));
#8516=CARTESIAN_POINT('Ctrl Pts',(11.5965168131313,-3.81516218157916,-15.4584677663309));
#8517=CARTESIAN_POINT('Ctrl Pts',(-13.4346780947149,-6.01137487630885,-14.61540760779));
#8518=CARTESIAN_POINT('Ctrl Pts',(-8.79627423121623,-5.67616361555802,-14.61540760779));
#8519=CARTESIAN_POINT('Ctrl Pts',(-4.15787036771754,-5.34095235480718,-14.61540760779));
#8520=CARTESIAN_POINT('Ctrl Pts',(0.480533495781151,-5.00574109405634,-14.61540760779));
#8521=CARTESIAN_POINT('Ctrl Pts',(0.590084219991996,-4.99782400933074,-14.61540760779));
#8522=CARTESIAN_POINT('Ctrl Pts',(0.809185668413684,-4.98198983987953,-14.61540760779));
#8523=CARTESIAN_POINT('Ctrl Pts',(1.24738856525706,-4.95032150097711,-14.61540760779));
#8524=CARTESIAN_POINT('Ctrl Pts',(1.79514218631129,-4.91073607734909,-14.61540760779));
#8525=CARTESIAN_POINT('Ctrl Pts',(2.34289580736551,-4.87115065372107,-14.61540760779));
#8526=CARTESIAN_POINT('Ctrl Pts',(2.78109870420888,-4.83948231481865,-14.61540760779));
#8527=CARTESIAN_POINT('Ctrl Pts',(3.00020015263057,-4.82364814536745,-14.61540760779));
#8528=CARTESIAN_POINT('Ctrl Pts',(3.10975087684142,-4.81573106064184,-14.61540760779));
#8529=CARTESIAN_POINT('Ctrl Pts',(5.92011932047717,-4.61262948154497,-14.61540760779));
#8530=CARTESIAN_POINT('Ctrl Pts',(8.73048776411292,-4.4095279024481,-14.61540760779));
#8531=CARTESIAN_POINT('Ctrl Pts',(11.5408562077487,-4.20642632335123,-14.61540760779));
#8532=CARTESIAN_POINT('Ctrl Pts',(-13.3354300445981,-7.00987576272023,-13.7723474492491));
#8533=CARTESIAN_POINT('Ctrl Pts',(-8.72579549179584,-6.56188976697141,-13.7723474492491));
#8534=CARTESIAN_POINT('Ctrl Pts',(-4.11616093899364,-6.11390377122258,-13.7723474492491));
#8535=CARTESIAN_POINT('Ctrl Pts',(0.493473613808565,-5.66591777547375,-13.7723474492491));
#8536=CARTESIAN_POINT('Ctrl Pts',(0.602344858846273,-5.65533715513217,-13.7723474492491));
#8537=CARTESIAN_POINT('Ctrl Pts',(0.820087348921687,-5.63417591444901,-13.7723474492491));
#8538=CARTESIAN_POINT('Ctrl Pts',(1.25557232907252,-5.59185343308268,-13.7723474492491));
#8539=CARTESIAN_POINT('Ctrl Pts',(1.79992855426105,-5.53895033137478,-13.7723474492491));
#8540=CARTESIAN_POINT('Ctrl Pts',(2.34428477944959,-5.48604722966687,-13.7723474492491));
#8541=CARTESIAN_POINT('Ctrl Pts',(2.77976975960042,-5.44372474830054,-13.7723474492491));
#8542=CARTESIAN_POINT('Ctrl Pts',(2.99751224967583,-5.42256350761738,-13.7723474492491));
#8543=CARTESIAN_POINT('Ctrl Pts',(3.10638349471354,-5.4119828872758,-13.7723474492491));
#8544=CARTESIAN_POINT('Ctrl Pts',(5.89932086393104,-5.14055207989164,-13.7723474492491));
#8545=CARTESIAN_POINT('Ctrl Pts',(8.69225823314853,-4.86912127250747,-13.7723474492491));
#8546=CARTESIAN_POINT('Ctrl Pts',(11.485195602366,-4.5976904651233,-13.7723474492491));
#8547=CARTESIAN_POINT('Ctrl Pts',(-13.2361819944812,-8.00837664913161,-12.9292872907081));
#8548=CARTESIAN_POINT('Ctrl Pts',(-8.65531675237546,-7.4476159183848,-12.9292872907081));
#8549=CARTESIAN_POINT('Ctrl Pts',(-4.07445151026974,-6.88685518763798,-12.9292872907081));
#8550=CARTESIAN_POINT('Ctrl Pts',(0.506413731835979,-6.32609445689116,-12.9292872907081));
#8551=CARTESIAN_POINT('Ctrl Pts',(0.614605497700549,-6.3128503009336,-12.9292872907081));
#8552=CARTESIAN_POINT('Ctrl Pts',(0.830989029429689,-6.28636198901848,-12.9292872907081));
#8553=CARTESIAN_POINT('Ctrl Pts',(1.26375609288797,-6.23338536518825,-12.9292872907081));
#8554=CARTESIAN_POINT('Ctrl Pts',(1.80471492221082,-6.16716458540046,-12.9292872907081));
#8555=CARTESIAN_POINT('Ctrl Pts',(2.34567375153367,-6.10094380561267,-12.9292872907081));
#8556=CARTESIAN_POINT('Ctrl Pts',(2.77844081499195,-6.04796718178244,-12.9292872907081));
#8557=CARTESIAN_POINT('Ctrl Pts',(2.99482434672109,-6.02147886986732,-12.9292872907081));
#8558=CARTESIAN_POINT('Ctrl Pts',(3.10301611258566,-6.00823471390976,-12.9292872907081));
#8559=CARTESIAN_POINT('Ctrl Pts',(5.8785224073849,-5.6684746782383,-12.9292872907081));
#8560=CARTESIAN_POINT('Ctrl Pts',(8.65402870218415,-5.32871464256683,-12.9292872907081));
#8561=CARTESIAN_POINT('Ctrl Pts',(11.4295349969834,-4.98895460689537,-12.9292872907081));
#8562=CARTESIAN_POINT('Ctrl Pts',(-13.0046844829203,-10.3373944003457,-10.9628372841988));
#8563=CARTESIAN_POINT('Ctrl Pts',(-8.49092407388398,-9.51358497002009,-10.9628372841988));
#8564=CARTESIAN_POINT('Ctrl Pts',(-3.97716366484769,-8.68977553969448,-10.9628372841988));
#8565=CARTESIAN_POINT('Ctrl Pts',(0.536596744188595,-7.86596610936887,-10.9628372841988));
#8566=CARTESIAN_POINT('Ctrl Pts',(0.643203615059727,-7.84650921808476,-10.9628372841988));
#8567=CARTESIAN_POINT('Ctrl Pts',(0.85641735680199,-7.80759543551654,-10.9628372841988));
#8568=CARTESIAN_POINT('Ctrl Pts',(1.28284484028652,-7.7297678703801,-10.9628372841988));
#8569=CARTESIAN_POINT('Ctrl Pts',(1.81587919464218,-7.63248341395955,-10.9628372841988));
#8570=CARTESIAN_POINT('Ctrl Pts',(2.34891354899784,-7.535198957539,-10.9628372841988));
#8571=CARTESIAN_POINT('Ctrl Pts',(2.77534103248236,-7.45737139240256,-10.9628372841988));
#8572=CARTESIAN_POINT('Ctrl Pts',(2.98855477422463,-7.41845760983434,-10.9628372841988));
#8573=CARTESIAN_POINT('Ctrl Pts',(3.09516164509576,-7.39900071855023,-10.9628372841988));
#8574=CARTESIAN_POINT('Ctrl Pts',(5.8300097068425,-6.89986177017712,-10.9628372841988));
#8575=CARTESIAN_POINT('Ctrl Pts',(8.56485776858924,-6.40072282180401,-10.9628372841988));
#8576=CARTESIAN_POINT('Ctrl Pts',(11.299705830336,-5.9015838734309,-10.9628372841988));
#8577=CARTESIAN_POINT('Ctrl Pts',(-12.7349996061574,-13.0506022485903,-8.67200562864277));
#8578=CARTESIAN_POINT('Ctrl Pts',(-8.29941350886426,-11.9203521327877,-8.67200562864281));
#8579=CARTESIAN_POINT('Ctrl Pts',(-3.86382741157109,-10.7901020169852,-8.67200562864286));
#8580=CARTESIAN_POINT('Ctrl Pts',(0.571758685722084,-9.65985190118265,-8.67200562864291));
#8581=CARTESIAN_POINT('Ctrl Pts',(0.676519220500419,-9.63315743421311,-8.67200562864291));
#8582=CARTESIAN_POINT('Ctrl Pts',(0.886040290057084,-9.57976850027408,-8.6720056286429));
#8583=CARTESIAN_POINT('Ctrl Pts',(1.30508242917042,-9.47299063239612,-8.67200562864289));
#8584=CARTESIAN_POINT('Ctrl Pts',(1.8288851030621,-9.3395182975486,-8.6720056286429));
#8585=CARTESIAN_POINT('Ctrl Pts',(2.35268777695377,-9.20604596270106,-8.67200562864289));
#8586=CARTESIAN_POINT('Ctrl Pts',(2.7717299160671,-9.09926809482299,-8.67200562864292));
#8587=CARTESIAN_POINT('Ctrl Pts',(2.98125098562377,-9.04587916088403,-8.67200562864291));
#8588=CARTESIAN_POINT('Ctrl Pts',(3.08601152040211,-9.01918469391452,-8.67200562864291));
#8589=CARTESIAN_POINT('Ctrl Pts',(5.77349444851861,-8.33437600706013,-8.67200562864291));
#8590=CARTESIAN_POINT('Ctrl Pts',(8.46097737663512,-7.64956732020575,-8.67200562864291));
#8591=CARTESIAN_POINT('Ctrl Pts',(11.1484603047516,-6.96475863335136,-8.67200562864291));
#8592=CARTESIAN_POINT('Ctrl Pts',(-14.096310380419,-9.42519338811979,1.14321630659734));
#8593=CARTESIAN_POINT('Ctrl Pts',(-9.79277085118033,-9.97569129302257,0.978030818439852));
#8594=CARTESIAN_POINT('Ctrl Pts',(-5.48923132194161,-10.5261891979253,0.812845330282368));
#8595=CARTESIAN_POINT('Ctrl Pts',(-1.1856917927029,-11.0766871028281,0.647659842124883));
#8596=CARTESIAN_POINT('Ctrl Pts',(-1.08404995944035,-11.0896888693697,0.64375845915149));
#8597=CARTESIAN_POINT('Ctrl Pts',(-0.880766292915259,-11.1156924024527,
0.635955693204701));
#8598=CARTESIAN_POINT('Ctrl Pts',(-0.474198959865065,-11.1676994686189,
0.620350161311118));
#8599=CARTESIAN_POINT('Ctrl Pts',(0.0340102064476744,-11.2327083013266,
0.600843246444148));
#8600=CARTESIAN_POINT('Ctrl Pts',(0.542219372760415,-11.2977171340343,0.58133633157718));
#8601=CARTESIAN_POINT('Ctrl Pts',(0.948786705810607,-11.3497242002005,0.565730799683601));
#8602=CARTESIAN_POINT('Ctrl Pts',(1.1520703723357,-11.3757277332836,0.557928033736812));
#8603=CARTESIAN_POINT('Ctrl Pts',(1.25371220559825,-11.3887294998251,0.554026650763416));
#8604=CARTESIAN_POINT('Ctrl Pts',(3.86118926987192,-11.7222713788318,0.453942204275713));
#8605=CARTESIAN_POINT('Ctrl Pts',(6.46866633414558,-12.0558132578384,0.35385775778801));
#8606=CARTESIAN_POINT('Ctrl Pts',(9.07614339841925,-12.3893551368451,0.253773311300307));
#8607=CARTESIAN_POINT('Ctrl Pts',(-13.838511985497,-9.08337136932277,2.59881142436138));
#8608=CARTESIAN_POINT('Ctrl Pts',(-9.73313638011762,-9.92130969561449,2.42124687698316));
#8609=CARTESIAN_POINT('Ctrl Pts',(-5.6277607747382,-10.7592480219062,2.24368232960494));
#8610=CARTESIAN_POINT('Ctrl Pts',(-1.52238516935879,-11.5971863481979,2.06611778222671));
#8611=CARTESIAN_POINT('Ctrl Pts',(-1.42542361017545,-11.6169769384938,2.061924028226));
#8612=CARTESIAN_POINT('Ctrl Pts',(-1.23150049180877,-11.6565581190856,2.05353652022459));
#8613=CARTESIAN_POINT('Ctrl Pts',(-0.843654255075422,-11.7357204802691,
2.03676150422175));
#8614=CARTESIAN_POINT('Ctrl Pts',(-0.358846459158733,-11.8346734317485,
2.01579273421821));
#8615=CARTESIAN_POINT('Ctrl Pts',(0.125961336757956,-11.9336263832279,1.99482396421467));
#8616=CARTESIAN_POINT('Ctrl Pts',(0.513807573491306,-12.0127887444114,1.97804894821183));
#8617=CARTESIAN_POINT('Ctrl Pts',(0.707730691857982,-12.0523699250032,1.96966144021042));
#8618=CARTESIAN_POINT('Ctrl Pts',(0.80469225104132,-12.0721605152991,1.96546768620971));
#8619=CARTESIAN_POINT('Ctrl Pts',(3.29210352228144,-12.5798600385029,1.85788287571339));
#8620=CARTESIAN_POINT('Ctrl Pts',(5.77951479352157,-13.0875595617068,1.75029806521708));
#8621=CARTESIAN_POINT('Ctrl Pts',(8.26692606476169,-13.5952590849107,1.64271325472076));
#8622=CARTESIAN_POINT('Ctrl Pts',(-13.4341146884967,-9.14696812395051,3.0292549964851));
#8623=CARTESIAN_POINT('Ctrl Pts',(-9.51346745546278,-10.091547380577,2.8568540825969));
#8624=CARTESIAN_POINT('Ctrl Pts',(-5.59282022242887,-11.0361266372034,2.6844531687087));
#8625=CARTESIAN_POINT('Ctrl Pts',(-1.67217298939496,-11.9807058938298,2.51205225482051));
#8626=CARTESIAN_POINT('Ctrl Pts',(-1.57957438082314,-12.0030151503507,2.50798045651944));
#8627=CARTESIAN_POINT('Ctrl Pts',(-1.39437716367951,-12.0476336633923,2.4998368599173));
#8628=CARTESIAN_POINT('Ctrl Pts',(-1.02398272939225,-12.1368706894756,2.48354966671304));
#8629=CARTESIAN_POINT('Ctrl Pts',(-0.560989686533177,-12.2484169720798,
2.4631906752077));
#8630=CARTESIAN_POINT('Ctrl Pts',(-0.097996643674105,-12.3599632546839,
2.44283168370237));
#8631=CARTESIAN_POINT('Ctrl Pts',(0.272397790613157,-12.4492002807672,2.42654449049811));
#8632=CARTESIAN_POINT('Ctrl Pts',(0.457595007756785,-12.4938187938088,2.41840089389598));
#8633=CARTESIAN_POINT('Ctrl Pts',(0.5501936163286,-12.5161280503297,2.41432909559491));
#8634=CARTESIAN_POINT('Ctrl Pts',(2.92567957800921,-13.0884403830755,2.30987288559172));
#8635=CARTESIAN_POINT('Ctrl Pts',(5.30116553968983,-13.6607527158213,2.20541667558853));
#8636=CARTESIAN_POINT('Ctrl Pts',(7.67665150137044,-14.2330650485671,2.10096046558534));
#8637=CARTESIAN_POINT('Ctrl Pts',(-13.1306515550379,-9.28455429022161,3.08266192653075));
#8638=CARTESIAN_POINT('Ctrl Pts',(-9.33013317913188,-10.2584825014908,2.91773068904189));
#8639=CARTESIAN_POINT('Ctrl Pts',(-5.52961480322583,-11.23241071276,2.75279945155303));
#8640=CARTESIAN_POINT('Ctrl Pts',(-1.72909642731979,-12.2063389240292,2.58786821406417));
#8641=CARTESIAN_POINT('Ctrl Pts',(-1.63933504545015,-12.2293413498666,2.5839728360325));
#8642=CARTESIAN_POINT('Ctrl Pts',(-1.45981228171086,-12.2753462015413,2.57618207996915));
#8643=CARTESIAN_POINT('Ctrl Pts',(-1.10076675423229,-12.3673559048908,2.56060056784247));
#8644=CARTESIAN_POINT('Ctrl Pts',(-0.65195984488408,-12.4823680340776,2.5411236776841));
#8645=CARTESIAN_POINT('Ctrl Pts',(-0.203152935535868,-12.5973801632645,
2.52164678752574));
#8646=CARTESIAN_POINT('Ctrl Pts',(0.155892591942701,-12.689389866614,2.50606527539905));
#8647=CARTESIAN_POINT('Ctrl Pts',(0.335415355681986,-12.7353947182887,2.4982745193357));
#8648=CARTESIAN_POINT('Ctrl Pts',(0.425176737551628,-12.7583971441261,2.49437914130403));
#8649=CARTESIAN_POINT('Ctrl Pts',(2.72787767249085,-13.3484917525014,2.3944487430789));
#8650=CARTESIAN_POINT('Ctrl Pts',(5.03057860743008,-13.9385863608767,2.29451834485377));
#8651=CARTESIAN_POINT('Ctrl Pts',(7.3332795423693,-14.5286809692521,2.19458794662864));
#8652=CARTESIAN_POINT('Ctrl Pts',(-12.9497114065355,-9.38466429929403,3.06190171909596));
#8653=CARTESIAN_POINT('Ctrl Pts',(-9.21718214096873,-10.3660821275412,2.90212946783239));
#8654=CARTESIAN_POINT('Ctrl Pts',(-5.48465287540198,-11.3474999557884,2.74235721656881));
#8655=CARTESIAN_POINT('Ctrl Pts',(-1.75212360983522,-12.3289177840355,2.58258496530524));
#8656=CARTESIAN_POINT('Ctrl Pts',(-1.66396800799149,-12.3520971011028,2.5788114332132));
#8657=CARTESIAN_POINT('Ctrl Pts',(-1.48765680430403,-12.3984557352372,2.57126436902914));
#8658=CARTESIAN_POINT('Ctrl Pts',(-1.13503439692912,-12.4911730035062,2.55617024066102));
#8659=CARTESIAN_POINT('Ctrl Pts',(-0.694256387710471,-12.6070695888424,
2.53730258020086));
#8660=CARTESIAN_POINT('Ctrl Pts',(-0.253478378491824,-12.7229661741786,
2.5184349197407));
#8661=CARTESIAN_POINT('Ctrl Pts',(0.0991440288830917,-12.8156834424475,
2.50334079137258));
#8662=CARTESIAN_POINT('Ctrl Pts',(0.27545523257055,-12.862042076582,2.49579372718851));
#8663=CARTESIAN_POINT('Ctrl Pts',(0.363610834414279,-12.8852213936492,2.49202019509648));
#8664=CARTESIAN_POINT('Ctrl Pts',(2.62511776041604,-13.4798538956254,2.39521558162739));
#8665=CARTESIAN_POINT('Ctrl Pts',(4.88662468641781,-14.0744863976016,2.2984109681583));
#8666=CARTESIAN_POINT('Ctrl Pts',(7.14813161241957,-14.6691188995779,2.20160635468921));
#8667=CARTESIAN_POINT('Origin',(0.,10.,-32.));
#8668=CARTESIAN_POINT('Origin',(-8.90377678871723,5.35263934515262,-32.));
#8669=CARTESIAN_POINT('Origin',(0.,0.,-17.3397459621556));
#8670=CARTESIAN_POINT('Origin',(0.,0.,-17.3397459621556));
#8671=CARTESIAN_POINT('Origin',(0.,5.55111512312578E-16,-14.8397459621556));
#8672=CARTESIAN_POINT('Origin',(0.,5.55111512312578E-16,-14.8397459621556));
#8673=CARTESIAN_POINT('Origin',(0.,0.,-16.));
#8674=CARTESIAN_POINT('Ctrl Pts',(11.8297941110343,9.22257942717433,-32.));
#8675=CARTESIAN_POINT('Ctrl Pts',(13.2077785280271,7.4550400885369,-30.273820563863));
#8676=CARTESIAN_POINT('Ctrl Pts',(15.256919310322,3.17872797231558,-26.899038397142));
#8677=CARTESIAN_POINT('Ctrl Pts',(15.0398709063648,-4.70228291314109,-22.3025074299662));
#8678=CARTESIAN_POINT('Ctrl Pts',(10.9289659909303,-11.1334538848586,-19.2563554266275));
#8679=CARTESIAN_POINT('Ctrl Pts',(6.57713826023354,-13.58457755058,-18.182942782455));
#8680=CARTESIAN_POINT('Ctrl Pts',(4.99964529275635,-14.1422610266753,-17.940443757411));
#8681=CARTESIAN_POINT('Ctrl Pts',(-14.7729645417275,2.59990743082558,-18.0820181914535));
#8682=CARTESIAN_POINT('Ctrl Pts',(-14.9817806595716,1.41339091563066,-18.0716736725841));
#8683=CARTESIAN_POINT('Ctrl Pts',(-15.0468906568975,0.20599599748779,-18.0581312040652));
#8684=CARTESIAN_POINT('Ctrl Pts',(-14.9668918808151,-0.996065975721397,
-18.0452947560782));
#8685=CARTESIAN_POINT('Origin',(0.,0.,-16.));
#8686=CARTESIAN_POINT('Ctrl Pts',(8.90377678871723,5.35263934515262,-36.));
#8687=CARTESIAN_POINT('Ctrl Pts',(9.00329647028412,5.54330692973777,-36.));
#8688=CARTESIAN_POINT('Ctrl Pts',(9.06414407932575,6.0616915058547,-36.));
#8689=CARTESIAN_POINT('Ctrl Pts',(8.85149955263753,6.53706299787952,-36.));
#8690=CARTESIAN_POINT('Ctrl Pts',(8.67518234809179,6.76322491326118,-36.));
#8691=CARTESIAN_POINT('Ctrl Pts',(9.51825475492494,5.03191019939921,-36.));
#8692=CARTESIAN_POINT('Ctrl Pts',(9.73910540074809,5.35269563188909,-36.0003728802609));
#8693=CARTESIAN_POINT('Ctrl Pts',(10.0045758720272,6.20320301371592,-35.9985314381057));
#8694=CARTESIAN_POINT('Ctrl Pts',(9.83679990880536,7.04773887767339,-35.9960947371538));
#8695=CARTESIAN_POINT('Ctrl Pts',(9.61903998041446,7.49906206311665,-36.));
#8696=CARTESIAN_POINT('Ctrl Pts',(10.5923310686405,4.47129192255849,-35.677277248972));
#8697=CARTESIAN_POINT('Ctrl Pts',(11.0245004705505,5.01963358703295,-35.6321973259443));
#8698=CARTESIAN_POINT('Ctrl Pts',(11.6477769011848,6.45396101469995,-35.4550450888247));
#8699=CARTESIAN_POINT('Ctrl Pts',(11.5525822412386,7.94271888578694,-35.1813488547262));
#8700=CARTESIAN_POINT('Ctrl Pts',(11.2535823441131,8.77336122967873,-34.9963565437164));
#8701=CARTESIAN_POINT('Ctrl Pts',(11.4199013824574,4.03933840363986,-34.8661142669102));
#8702=CARTESIAN_POINT('Ctrl Pts',(11.9825716255918,4.78008781094098,-34.7180367281594));
#8703=CARTESIAN_POINT('Ctrl Pts',(12.6978380025117,6.67274304326474,-34.1448562432656));
#8704=CARTESIAN_POINT('Ctrl Pts',(12.3249229411796,8.38728074742929,-33.3656509450236));
#8705=CARTESIAN_POINT('Ctrl Pts',(11.8297941110343,9.22257942717433,-32.8975979010257));
#8706=CARTESIAN_POINT('Ctrl Pts',(11.7028411171311,3.89165691725289,-34.4557624540597));
#8707=CARTESIAN_POINT('Ctrl Pts',(12.2986605768778,4.70406745737269,-34.2599701160013));
#8708=CARTESIAN_POINT('Ctrl Pts',(12.9827686623792,6.75650610561933,-33.5070214518539));
#8709=CARTESIAN_POINT('Ctrl Pts',(12.4217079400018,8.46333210559227,-32.5443017111704));
#8710=CARTESIAN_POINT('Ctrl Pts',(11.8297941110343,9.22257942717433,-32.));
#8711=CARTESIAN_POINT('Ctrl Pts',(11.8297941110343,9.22257942717433,-32.));
#8712=CARTESIAN_POINT('Ctrl Pts',(12.4217079400018,8.46333210559227,-32.5443017111704));
#8713=CARTESIAN_POINT('Ctrl Pts',(12.9827686623792,6.75650610561933,-33.5070214518539));
#8714=CARTESIAN_POINT('Ctrl Pts',(12.2986605768778,4.70406745737269,-34.2599701160013));
#8715=CARTESIAN_POINT('Ctrl Pts',(11.7028411171311,3.89165691725289,-34.4557624540597));
#8716=CARTESIAN_POINT('Ctrl Pts',(-8.67518234809168,6.76322491326131,-36.));
#8717=CARTESIAN_POINT('Ctrl Pts',(-8.80742140185502,6.59360200116705,-36.));
#8718=CARTESIAN_POINT('Ctrl Pts',(-8.97497257689941,6.26871721580152,-36.));
#8719=CARTESIAN_POINT('Ctrl Pts',(-9.03830072646552,5.76461007159121,-36.));
#8720=CARTESIAN_POINT('Ctrl Pts',(-8.97012382025124,5.47975217397012,-36.));
#8721=CARTESIAN_POINT('Ctrl Pts',(-8.90377678871723,5.35263934515262,-36.));
#8722=CARTESIAN_POINT('Ctrl Pts',(-9.61903998041432,7.49906206311692,-36.));
#8723=CARTESIAN_POINT('Ctrl Pts',(-9.7823613474482,7.16056672944687,-35.9970710273861));
#8724=CARTESIAN_POINT('Ctrl Pts',(-9.9378001522447,6.56804962338992,-35.9996575930754));
#8725=CARTESIAN_POINT('Ctrl Pts',(-9.86572135804212,5.71530793828366,-35.9973105335043));
#8726=CARTESIAN_POINT('Ctrl Pts',(-9.66548979961181,5.24576901476057,-36.0002485890031));
#8727=CARTESIAN_POINT('Ctrl Pts',(-9.51825475492494,5.03191019939921,-36.));
#8728=CARTESIAN_POINT('Ctrl Pts',(-11.2535823441129,8.77336122967923,-34.9963565437163));
#8729=CARTESIAN_POINT('Ctrl Pts',(-11.4778342177354,8.15037405236411,-35.1351019839271));
#8730=CARTESIAN_POINT('Ctrl Pts',(-11.6155797684871,7.09249128496414,-35.3385259201784));
#8731=CARTESIAN_POINT('Ctrl Pts',(-11.3136705360791,5.63280657288307,-35.559395768076));
#8732=CARTESIAN_POINT('Ctrl Pts',(-10.8804465095772,4.83685621226923,-35.6472237055163));
#8733=CARTESIAN_POINT('Ctrl Pts',(-10.5923310686405,4.47129192255849,-35.677277248972));
#8734=CARTESIAN_POINT('Ctrl Pts',(-11.829794111034,9.22257942717483,-32.8975979010254));
#8735=CARTESIAN_POINT('Ctrl Pts',(-12.2011439640339,8.59609996759022,-33.2486407377627));
#8736=CARTESIAN_POINT('Ctrl Pts',(-12.5497132636565,7.41668983019314,-33.8099854355317));
#8737=CARTESIAN_POINT('Ctrl Pts',(-12.3219859019201,5.59153708512842,-34.4809935977709));
#8738=CARTESIAN_POINT('Ctrl Pts',(-11.795018141039,4.53317563775405,-34.7673950489797));
#8739=CARTESIAN_POINT('Ctrl Pts',(-11.4199013824574,4.03933840363986,-34.8661142669102));
#8740=CARTESIAN_POINT('Ctrl Pts',(-11.8297941110339,9.22257942717479,-31.9999999999997));
#8741=CARTESIAN_POINT('Ctrl Pts',(-12.2737333446091,8.65313898239762,-32.4082298345889));
#8742=CARTESIAN_POINT('Ctrl Pts',(-12.752997809799,7.50187820155151,-33.0916821965783));
#8743=CARTESIAN_POINT('Ctrl Pts',(-12.6312353926273,5.58643767489438,-33.9473718112837));
#8744=CARTESIAN_POINT('Ctrl Pts',(-12.1000575457003,4.43326865550552,-34.3252330932061));
#8745=CARTESIAN_POINT('Ctrl Pts',(-11.7028411171311,3.89165691725288,-34.4557624540597));
#8746=CARTESIAN_POINT('Ctrl Pts',(4.00045318863652,-13.3181044297581,-21.0101468249856));
#8747=CARTESIAN_POINT('Ctrl Pts',(5.26906554912093,-12.9090954456415,-21.2526458500296));
#8748=CARTESIAN_POINT('Ctrl Pts',(8.79756971714782,-11.1102600974977,-22.3260584942021));
#8749=CARTESIAN_POINT('Ctrl Pts',(12.391286795179,-6.35527367557204,-25.3722104975408));
#8750=CARTESIAN_POINT('Ctrl Pts',(13.2621851336508,-0.395767158093821,-29.9687414647167));
#8751=CARTESIAN_POINT('Ctrl Pts',(12.2222151200636,2.97308654453262,-33.3435236314375));
#8752=CARTESIAN_POINT('Ctrl Pts',(11.4329513434384,4.41638901913899,-35.0697030675746));
#8753=CARTESIAN_POINT('Ctrl Pts',(4.23675808630816,-13.6657123988894,-20.5182847960382));
#8754=CARTESIAN_POINT('Ctrl Pts',(5.58063005912825,-13.2313353521654,-20.7641487631851));
#8755=CARTESIAN_POINT('Ctrl Pts',(9.31941033772858,-11.3203807401467,-21.8523641531149));
#8756=CARTESIAN_POINT('Ctrl Pts',(13.1361078654035,-6.25877197384763,-24.9421029523948));
#8757=CARTESIAN_POINT('Ctrl Pts',(14.0682151347343,0.120969686172903,-29.612036114426));
#8758=CARTESIAN_POINT('Ctrl Pts',(12.9530670331442,3.75720069462582,-33.0466175553583));
#8759=CARTESIAN_POINT('Ctrl Pts',(12.1038351711756,5.32435443391734,-34.8069273235375));
#8760=CARTESIAN_POINT('Ctrl Pts',(4.62041931202894,-14.1005643870796,-19.5211313242074));
#8761=CARTESIAN_POINT('Ctrl Pts',(6.08508001038479,-13.6172445312777,-19.7680098369071));
#8762=CARTESIAN_POINT('Ctrl Pts',(10.1564239643988,-11.4909645977337,-20.8609631703245));
#8763=CARTESIAN_POINT('Ctrl Pts',(14.2750315915684,-5.84647138532249,-23.9654942615027));
#8764=CARTESIAN_POINT('Ctrl Pts',(15.1535830176052,1.3008913570936,-28.6619500457607));
#8765=CARTESIAN_POINT('Ctrl Pts',(13.7793815117545,5.39556080819573,-32.123074590987));
#8766=CARTESIAN_POINT('Ctrl Pts',(12.7523472237387,7.16180051840879,-33.8977446182647));
#8767=CARTESIAN_POINT('Ctrl Pts',(4.90245525828137,-14.1766201505416,-18.414612293402));
#8768=CARTESIAN_POINT('Ctrl Pts',(6.45192847154575,-13.6410422666506,-18.6584206655293));
#8769=CARTESIAN_POINT('Ctrl Pts',(10.7381721501296,-11.2861474993318,-19.73768924611));
#8770=CARTESIAN_POINT('Ctrl Pts',(14.8903589182541,-5.07720459308636,-22.8013326449968));
#8771=CARTESIAN_POINT('Ctrl Pts',(15.3472905052675,2.63406250876706,-27.4277023647253));
#8772=CARTESIAN_POINT('Ctrl Pts',(13.5094646624966,6.90810275406862,-30.8283386255441));
#8773=CARTESIAN_POINT('Ctrl Pts',(12.2339273035333,8.7041981545109,-32.5689437620288));
#8774=CARTESIAN_POINT('Ctrl Pts',(4.99964529275635,-14.1422610266753,-17.940443757411));
#8775=CARTESIAN_POINT('Ctrl Pts',(6.57713826023354,-13.58457755058,-18.182942782455));
#8776=CARTESIAN_POINT('Ctrl Pts',(10.9289659909303,-11.1334538848586,-19.2563554266275));
#8777=CARTESIAN_POINT('Ctrl Pts',(15.0398709063648,-4.70228291314109,-22.3025074299662));
#8778=CARTESIAN_POINT('Ctrl Pts',(15.256919310322,3.17872797231558,-26.899038397142));
#8779=CARTESIAN_POINT('Ctrl Pts',(13.2077785280271,7.4550400885369,-30.273820563863));
#8780=CARTESIAN_POINT('Ctrl Pts',(11.8297941110343,9.22257942717433,-32.));
#8781=CARTESIAN_POINT('Origin',(0.,0.,-16.));
#8782=CARTESIAN_POINT('Ctrl Pts',(-13.1915470406634,16.48612576587,-17.8702285336569));
#8783=CARTESIAN_POINT('Ctrl Pts',(-12.5896485838388,16.4099229329009,-17.8628474096349));
#8784=CARTESIAN_POINT('Ctrl Pts',(-11.987749808084,16.3337193746274,-17.8548710112713));
#8785=CARTESIAN_POINT('Ctrl Pts',(-10.7839518376507,16.1813113053732,-17.8381363054908));
#8786=CARTESIAN_POINT('Ctrl Pts',(-10.182052641865,16.1051067918747,-17.8293759316105));
#8787=CARTESIAN_POINT('Ctrl Pts',(-8.37635505606762,15.8764932549257,-17.8030977206264));
#8788=CARTESIAN_POINT('Ctrl Pts',(-7.1725565544911,15.7240839777571,-17.7853716511163));
#8789=CARTESIAN_POINT('Ctrl Pts',(-4.76496539682208,15.4192787170939,-17.760829941999));
#8790=CARTESIAN_POINT('Ctrl Pts',(-3.56117285804273,15.2668830003904,-17.7542332640129));
#8791=CARTESIAN_POINT('Ctrl Pts',(-1.15360221780395,14.9621244000259,-17.7679867555502));
#8792=CARTESIAN_POINT('Ctrl Pts',(0.0501757120821131,14.8097619065534,-17.7886571618632));
#8793=CARTESIAN_POINT('Ctrl Pts',(1.43002424282009,14.6351200744478,-17.8175344630543));
#8794=CARTESIAN_POINT('Ctrl Pts',(1.6060972110816,14.6128353519026,-17.8213226552003));
#8795=CARTESIAN_POINT('Ctrl Pts',(2.80987203785099,14.4604799154714,-17.8477849406169));
#8796=CARTESIAN_POINT('Ctrl Pts',(3.83757250644317,14.3304123625016,-17.8730532720841));
#8797=CARTESIAN_POINT('Ctrl Pts',(4.94296199174365,14.1905118273035,-17.8997749732093));
#8798=CARTESIAN_POINT('Ctrl Pts',(5.02065078185202,14.1806793604038,-17.9016512851975));
#8799=CARTESIAN_POINT('Ctrl Pts',(6.2244242327622,14.0283270529219,-17.9306815727642));
#8800=CARTESIAN_POINT('Ctrl Pts',(7.35050926606881,13.8858063651973,-17.9571402786691));
#8801=CARTESIAN_POINT('Ctrl Pts',(9.68037152295807,13.5909247902603,-18.0055876861827));
#8802=CARTESIAN_POINT('Ctrl Pts',(10.8841490309695,13.438563256206,-18.0270455095169));
#8803=CARTESIAN_POINT('Ctrl Pts',(12.6898186898118,13.2100132301378,-18.0528921668191));
#8804=CARTESIAN_POINT('Ctrl Pts',(13.2917091141491,13.1338286644785,-18.0605034520232));
#8805=CARTESIAN_POINT('Ctrl Pts',(14.4954908692116,12.9814574718721,-18.0740342752681));
#8806=CARTESIAN_POINT('Ctrl Pts',(15.0973821963829,12.905270853007,-18.0799604464313));
#8807=CARTESIAN_POINT('Ctrl Pts',(15.6992738678462,12.8290834511606,-18.0852440064217));
#8808=CARTESIAN_POINT('Ctrl Pts',(-13.2692910143839,15.8720949696969,-17.8909353651593));
#8809=CARTESIAN_POINT('Ctrl Pts',(-12.6673926558196,15.7958923601892,-17.8837376411161));
#8810=CARTESIAN_POINT('Ctrl Pts',(-12.0654939478137,15.7196889559889,-17.875887694251));
#8811=CARTESIAN_POINT('Ctrl Pts',(-10.8616960360022,15.5672810200511,-17.8592624042888));
#8812=CARTESIAN_POINT('Ctrl Pts',(-10.2597968310227,15.4910764856442,-17.8504848703948));
#8813=CARTESIAN_POINT('Ctrl Pts',(-8.45409909538049,15.2624626079213,-17.8239269783482));
#8814=CARTESIAN_POINT('Ctrl Pts',(-7.25030032451793,15.1100527183482,-17.8056982940932));
#8815=CARTESIAN_POINT('Ctrl Pts',(-4.84270839721089,14.8052457073907,-17.7797200774695));
#8816=CARTESIAN_POINT('Ctrl Pts',(-3.63891533583752,14.6528488022151,-17.7721479925993));
#8817=CARTESIAN_POINT('Ctrl Pts',(-1.23134383889106,14.3480882535445,-17.7843024635817));
#8818=CARTESIAN_POINT('Ctrl Pts',(-0.0275656625591653,14.1957251996102,
-17.8045128857536));
#8819=CARTESIAN_POINT('Ctrl Pts',(1.35228321927236,14.0210825690551,-17.8327348808202));
#8820=CARTESIAN_POINT('Ctrl Pts',(1.5283562322616,13.9987977447912,-17.8364395899167));
#8821=CARTESIAN_POINT('Ctrl Pts',(2.73213136432311,13.8464416140711,-17.8623320562773));
#8822=CARTESIAN_POINT('Ctrl Pts',(3.75983208996989,13.7163734765133,-17.8871206026177));
#8823=CARTESIAN_POINT('Ctrl Pts',(4.86522185885573,13.5764722963914,-17.9133129997239));
#8824=CARTESIAN_POINT('Ctrl Pts',(4.9429106689375,13.5666397840687,-17.915152031954));
#8825=CARTESIAN_POINT('Ctrl Pts',(6.14668443008753,13.414286771046,-17.9436032656303));
#8826=CARTESIAN_POINT('Ctrl Pts',(7.27276976193573,13.2717654043846,-17.9695047521599));
#8827=CARTESIAN_POINT('Ctrl Pts',(9.60263271541718,12.9768822452725,-18.0166519901323));
#8828=CARTESIAN_POINT('Ctrl Pts',(10.8064106400593,12.8245197637257,-18.0373321841017));
#8829=CARTESIAN_POINT('Ctrl Pts',(12.6120810126541,12.5959681144571,-18.0618466427675));
#8830=CARTESIAN_POINT('Ctrl Pts',(13.2139716859867,12.519782982538,-18.0689931853338));
#8831=CARTESIAN_POINT('Ctrl Pts',(14.4177539327544,12.3674106717061,-18.0816062546872));
#8832=CARTESIAN_POINT('Ctrl Pts',(15.0196455020846,12.2912235021284,-18.0870804430746));
#8833=CARTESIAN_POINT('Ctrl Pts',(15.6215374026936,12.2150355791638,-18.0919363091722));
#8834=CARTESIAN_POINT('Ctrl Pts',(-13.3470348788302,15.2580639250148,-17.9114382393759));
#8835=CARTESIAN_POINT('Ctrl Pts',(-12.7451366558827,15.1818616239238,-17.9044936402143));
#8836=CARTESIAN_POINT('Ctrl Pts',(-12.1432380550083,15.1056584633597,-17.8968436512748));
#8837=CARTESIAN_POINT('Ctrl Pts',(-10.9394402834377,14.9532508463549,-17.8804801171346));
#8838=CARTESIAN_POINT('Ctrl Pts',(-10.3375411115113,14.8770463871163,-17.8717642756661));
#8839=CARTESIAN_POINT('Ctrl Pts',(-8.53184335844789,14.6484324697746,-17.8451738675119));
#8840=CARTESIAN_POINT('Ctrl Pts',(-7.32804441364408,14.4960221846281,-17.8266205268953));
#8841=CARTESIAN_POINT('Ctrl Pts',(-4.92045193856134,14.1912139279309,-17.7996199024645));
#8842=CARTESIAN_POINT('Ctrl Pts',(-3.71665860080723,14.0388163942162,-17.7915319608009));
#8843=CARTESIAN_POINT('Ctrl Pts',(-1.30908618679213,13.7340537599677,-17.8019747492341));
#8844=CARTESIAN_POINT('Ctrl Pts',(-0.105307311528382,13.5816891165376,-17.8208806349478));
#8845=CARTESIAN_POINT('Ctrl Pts',(1.27454213798161,13.4070451949804,-17.8480430742777));
#8846=CARTESIAN_POINT('Ctrl Pts',(1.45061522188876,13.3847602094365,-17.8516154171131));
#8847=CARTESIAN_POINT('Ctrl Pts',(2.65439082939165,13.2324029974778,-17.8766204856314));
#8848=CARTESIAN_POINT('Ctrl Pts',(3.68209191473772,13.1023340418997,-17.9007376634857));
#8849=CARTESIAN_POINT('Ctrl Pts',(4.78748204891774,12.9624320310336,-17.9262482493777));
#8850=CARTESIAN_POINT('Ctrl Pts',(4.86517088456213,12.9525994605769,-17.9280395696869));
#8851=CARTESIAN_POINT('Ctrl Pts',(6.06894504028764,12.8002455502192,-17.9557543394515));
#8852=CARTESIAN_POINT('Ctrl Pts',(7.19503072030151,12.6577233917669,-17.9810059846548));
#8853=CARTESIAN_POINT('Ctrl Pts',(9.52489444691888,12.3628384744058,-18.0267101864111));
#8854=CARTESIAN_POINT('Ctrl Pts',(10.7286728147069,12.2104749850661,-18.0465632611701));
#8855=CARTESIAN_POINT('Ctrl Pts',(12.5343439407121,11.9819216224075,-18.0696715006071));
#8856=CARTESIAN_POINT('Ctrl Pts',(13.1362348751541,11.9057358966791,-18.0763306899179));
#8857=CARTESIAN_POINT('Ctrl Pts',(14.3400176290934,11.7533624324485,-18.0879971379476));
#8858=CARTESIAN_POINT('Ctrl Pts',(14.9419094436865,11.6771747050992,-18.0930135501402));
#8859=CARTESIAN_POINT('Ctrl Pts',(15.5438015720638,11.6009862641489,-18.097444293173));
#8860=CARTESIAN_POINT('Ctrl Pts',(-13.5025218482314,14.0300001084314,-17.9510264187456));
#8861=CARTESIAN_POINT('Ctrl Pts',(-12.9006239590735,13.9537985664375,-17.9447048282959));
#8862=CARTESIAN_POINT('Ctrl Pts',(-12.2987256392297,13.8775960449871,-17.937579374967));
#8863=CARTESIAN_POINT('Ctrl Pts',(-11.094928284611,13.7251893762053,-17.9219940697274));
#8864=CARTESIAN_POINT('Ctrl Pts',(-10.4930292485332,13.6489852259108,-17.9135317858449));
#8865=CARTESIAN_POINT('Ctrl Pts',(-8.68733168019461,13.4203717286664,-17.8872861613481));
#8866=CARTESIAN_POINT('Ctrl Pts',(-7.48353255531669,13.2679610339991,-17.8683967175024));
#8867=CARTESIAN_POINT('Ctrl Pts',(-5.07593936498546,12.9631511506992,-17.8400611021131));
#8868=CARTESIAN_POINT('Ctrl Pts',(-3.87214565802235,12.8107527773373,-17.8312840423304));
#8869=CARTESIAN_POINT('Ctrl Pts',(-1.46457135384757,12.5059858445284,-17.8381989013997));
#8870=CARTESIAN_POINT('Ctrl Pts',(-0.260790797900367,12.3536173789241,-17.8539678392051));
#8871=CARTESIAN_POINT('Ctrl Pts',(1.11906014351221,12.1789700645141,-17.8783456847567));
#8872=CARTESIAN_POINT('Ctrl Pts',(1.29513341437781,12.1566846537933,-17.8815690749419));
#8873=CARTESIAN_POINT('Ctrl Pts',(2.49891027620648,12.0043245892739,-17.9042329800328));
#8874=CARTESIAN_POINT('Ctrl Pts',(3.52661231006657,11.8742534766055,-17.926579783409));
#8875=CARTESIAN_POINT('Ctrl Pts',(4.63200337189434,11.7343493561029,-17.95035894114));
#8876=CARTESIAN_POINT('Ctrl Pts',(4.70969227225659,11.7245166384663,-17.9520294674014));
#8877=CARTESIAN_POINT('Ctrl Pts',(5.91346742368529,11.5721604637017,-17.9778857854433));
#8878=CARTESIAN_POINT('Ctrl Pts',(7.03955393242881,11.4296364205703,-18.0015906303028));
#8879=CARTESIAN_POINT('Ctrl Pts',(9.36941936321973,11.1347476276143,-18.0441140405347));
#8880=CARTESIAN_POINT('Ctrl Pts',(10.573198640428,10.9823820700906,-18.0622697081854));
#8881=CARTESIAN_POINT('Ctrl Pts',(12.3788713188803,10.7538251768904,-18.0824803493461));
#8882=CARTESIAN_POINT('Ctrl Pts',(12.9807627832584,10.6776382459927,-18.0881504279802));
#8883=CARTESIAN_POINT('Ctrl Pts',(14.1845465338583,10.5252625151778,-18.0979566371585));
#8884=CARTESIAN_POINT('Ctrl Pts',(14.7864388159087,10.4490737247475,-18.1021005538033));
#8885=CARTESIAN_POINT('Ctrl Pts',(15.3883313704994,10.3728843145115,-18.1057357814185));
#8886=CARTESIAN_POINT('Ctrl Pts',(-13.5802649512038,13.4159673320217,-17.9701080235845));
#8887=CARTESIAN_POINT('Ctrl Pts',(-12.9783672599932,13.3397662401953,-17.9641558962111));
#8888=CARTESIAN_POINT('Ctrl Pts',(-12.3764691136761,13.2635641133756,-17.9573543255818));
#8889=CARTESIAN_POINT('Ctrl Pts',(-11.1726720347268,13.1111580715152,-17.9422835493735));
#8890=CARTESIAN_POINT('Ctrl Pts',(-10.5707731007738,13.0349541534707,-17.9340118785246));
#8891=CARTESIAN_POINT('Ctrl Pts',(-8.76507573129681,12.806341108473,-17.9081374234984));
#8892=CARTESIAN_POINT('Ctrl Pts',(-7.56127659133796,12.653930379509,-17.8892198315528));
#8893=CARTESIAN_POINT('Ctrl Pts',(-5.15368322320894,12.3491200918653,-17.8605523616315));
#8894=CARTESIAN_POINT('Ctrl Pts',(-3.94988939944714,12.1967214528823,-17.8515573004133));
#8895=CARTESIAN_POINT('Ctrl Pts',(-1.54231409442825,11.8919522439752,-17.8566041123775));
#8896=CARTESIAN_POINT('Ctrl Pts',(-0.338532617590575,11.7395816841016,-17.8706542342774));
#8897=CARTESIAN_POINT('Ctrl Pts',(1.0413192337178,11.5649323004261,-17.8933337851624));
#8898=CARTESIAN_POINT('Ctrl Pts',(1.2173926191143,11.5426466292416,-17.8963434066855));
#8899=CARTESIAN_POINT('Ctrl Pts',(2.42117025105435,11.3902848133515,-17.9175699207776));
#8900=CARTESIAN_POINT('Ctrl Pts',(3.44887287276215,11.2602123638125,-17.9388195231049));
#8901=CARTESIAN_POINT('Ctrl Pts',(4.55426449818123,11.1203069616026,-17.9615467536536));
#8902=CARTESIAN_POINT('Ctrl Pts',(4.63195343780608,11.1104741546758,-17.9631439973865));
#8903=CARTESIAN_POINT('Ctrl Pts',(5.83572919233816,10.9581166083465,-17.9878746400999));
#8904=CARTESIAN_POINT('Ctrl Pts',(6.96181619215246,10.8155914484325,-18.0106629153153));
#8905=CARTESIAN_POINT('Ctrl Pts',(9.29168255364643,10.5207005388917,-18.0514491947527));
#8906=CARTESIAN_POINT('Ctrl Pts',(10.4954622882358,10.3683339412016,-18.0687511735258));
#8907=CARTESIAN_POINT('Ctrl Pts',(12.3011357726664,10.1397752150629,-18.0874574790818));
#8908=CARTESIAN_POINT('Ctrl Pts',(12.9030275083971,10.0635876670609,-18.0926210857816));
#8909=CARTESIAN_POINT('Ctrl Pts',(14.106811748333,9.91121082340872,-18.1015139633056));
#8910=CARTESIAN_POINT('Ctrl Pts',(14.708704251402,9.83502153034246,-18.1052453548578));
#8911=CARTESIAN_POINT('Ctrl Pts',(15.3105970035963,9.75883167072083,-18.1085117611401));
#8912=CARTESIAN_POINT('Ctrl Pts',(-13.7357497275935,12.1878985281387,-18.005603009284));
#8913=CARTESIAN_POINT('Ctrl Pts',(-13.1338524709451,12.1116984245844,-18.0004619799651));
#8914=CARTESIAN_POINT('Ctrl Pts',(-12.5319547144886,12.0354971843772,-17.9943880729188));
#8915=CARTESIAN_POINT('Ctrl Pts',(-11.3281582656678,11.8830925755416,-17.9804934137252));
#8916=CARTESIAN_POINT('Ctrl Pts',(-10.7262595720202,11.8068892039944,-17.9726702660562));
#8917=CARTESIAN_POINT('Ctrl Pts',(-8.9205627079951,11.5782773084845,-17.947739222653));
#8918=CARTESIAN_POINT('Ctrl Pts',(-7.71676363499256,11.4258667317911,-17.9289466027451));
#8919=CARTESIAN_POINT('Ctrl Pts',(-5.30917012103368,11.1210561125042,-17.9000069455454));
#8920=CARTESIAN_POINT('Ctrl Pts',(-4.10537606623841,10.9686569481099,-17.8905806668961));
#8921=CARTESIAN_POINT('Ctrl Pts',(-1.69779883475963,10.6638833580891,-17.8920317962142));
#8922=CARTESIAN_POINT('Ctrl Pts',(-0.494015630041696,10.5115088687074,-17.9028568787086));
#8923=CARTESIAN_POINT('Ctrl Pts',(0.885838120151415,10.3368551666291,-17.9219922151807));
#8924=CARTESIAN_POINT('Ctrl Pts',(1.06191174716795,10.3145689459575,-17.9245508597695));
#8925=CARTESIAN_POINT('Ctrl Pts',(2.26569101863713,10.1622034014855,-17.9427172393117));
#8926=CARTESIAN_POINT('Ctrl Pts',(3.29339496141312,10.0321279476016,-17.9615011053872));
#8927=CARTESIAN_POINT('Ctrl Pts',(4.39878787080671,9.89221962540455,-17.9818318340126));
#8928=CARTESIAN_POINT('Ctrl Pts',(4.4764769000117,9.88238661475647,-17.9832618789455));
#8929=CARTESIAN_POINT('Ctrl Pts',(5.68025403241435,9.7300259349036,-18.0054207653988));
#8930=CARTESIAN_POINT('Ctrl Pts',(6.80634218099368,9.58749816249281,-18.0260649033154));
#8931=CARTESIAN_POINT('Ctrl Pts',(9.13621069167681,9.29260236531222,-18.0628397822305));
#8932=CARTESIAN_POINT('Ctrl Pts',(10.3399914129182,9.14023352379939,-18.0783002030851));
#8933=CARTESIAN_POINT('Ctrl Pts',(12.1456664785332,8.91167120176495,-18.0940552727402));
#8934=CARTESIAN_POINT('Ctrl Pts',(12.7475587047561,8.83548253829629,-18.0983033897948));
#8935=CARTESIAN_POINT('Ctrl Pts',(13.9513438126515,8.68310372074931,-18.1055762456185));
#8936=CARTESIAN_POINT('Ctrl Pts',(14.5532366984056,8.60691355738889,-18.1085933663617));
#8937=CARTESIAN_POINT('Ctrl Pts',(15.1551297898752,8.5307229261946,-18.1112265248753));
#8938=CARTESIAN_POINT('Ctrl Pts',(-13.8134913984461,11.5738624948328,-18.0220116030824));
#8939=CARTESIAN_POINT('Ctrl Pts',(-13.211594378395,11.4976629293431,-18.0173121760052));
#8940=CARTESIAN_POINT('Ctrl Pts',(-12.6096968378496,11.4214621801562,-18.011641260891));
#8941=CARTESIAN_POINT('Ctrl Pts',(-11.4059007421832,11.2690583744567,-17.9984057543033));
#8942=CARTESIAN_POINT('Ctrl Pts',(-10.8040021861216,11.1928553158047,-17.9908394070154));
#8943=CARTESIAN_POINT('Ctrl Pts',(-8.99830562482494,10.9642441087533,-17.9664733976631));
#8944=CARTESIAN_POINT('Ctrl Pts',(-7.79450663705249,10.8118337258884,-17.9478398572963));
#8945=CARTESIAN_POINT('Ctrl Pts',(-5.38691315130768,10.5070231707653,-17.9189528608504));
#8946=CARTESIAN_POINT('Ctrl Pts',(-4.18311899116585,10.3546237667941,-17.9093299558797));
#8947=CARTESIAN_POINT('Ctrl Pts',(-1.77554083608351,10.049848076334,-17.9090572053836));
#8948=CARTESIAN_POINT('Ctrl Pts',(-0.571756811443045,9.89747172230207,-17.918351925757));
#8949=CARTESIAN_POINT('Ctrl Pts',(0.80809792609616,9.72281577482254,-17.9356444087992));
#8950=CARTESIAN_POINT('Ctrl Pts',(0.984171679870722,9.70052926588052,-17.9379664631369));
#8951=CARTESIAN_POINT('Ctrl Pts',(2.18795181813709,9.54816175015701,-17.9545149903542));
#8952=CARTESIAN_POINT('Ctrl Pts',(3.21565649107865,9.41808463574629,-17.9719360231404));
#8953=CARTESIAN_POINT('Ctrl Pts',(4.32105011937768,9.27817467862992,-17.9909249351641));
#8954=CARTESIAN_POINT('Ctrl Pts',(4.39873919880288,9.26834155377213,-17.9922612455181));
#8955=CARTESIAN_POINT('Ctrl Pts',(5.6025171045649,9.11597911516201,-18.012976678675));
#8956=CARTESIAN_POINT('Ctrl Pts',(6.7286059105901,8.97344984760193,-18.0323937125392));
#8957=CARTESIAN_POINT('Ctrl Pts',(9.05847564917225,8.67855125795979,-18.0668767528207));
#8958=CARTESIAN_POINT('Ctrl Pts',(10.2622569614362,8.52618107235632,-18.0812340469833));
#8959=CARTESIAN_POINT('Ctrl Pts',(12.0679327534941,8.29761709826107,-18.0956332316139));
#8960=CARTESIAN_POINT('Ctrl Pts',(12.6698251882894,8.22142796046151,-18.099492054175));
#8961=CARTESIAN_POINT('Ctrl Pts',(13.8736106656726,8.06904830263328,-18.106075271495));
#8962=CARTESIAN_POINT('Ctrl Pts',(14.47550371207,7.99285777394119,-18.1087925559634));
#8963=CARTESIAN_POINT('Ctrl Pts',(15.077396944414,7.91666682237335,-18.1111627763978));
#8964=CARTESIAN_POINT('Ctrl Pts',(-13.9689725843935,10.3457855256431,-18.050805130219));
#8965=CARTESIAN_POINT('Ctrl Pts',(-13.3670760466425,10.26958705699,-18.0470059025633));
#8966=CARTESIAN_POINT('Ctrl Pts',(-12.765178958609,10.193387336896,-18.0421795881044));
#8967=CARTESIAN_POINT('Ctrl Pts',(-11.5613835984438,10.0409852038574,-18.0303168736058));
#8968=CARTESIAN_POINT('Ctrl Pts',(-10.9594853244412,9.96478278665808,-18.0232769815551));
#8969=CARTESIAN_POINT('Ctrl Pts',(-9.15378942680278,9.73617308888385,-18.0001496712929));
#8970=CARTESIAN_POINT('Ctrl Pts',(-7.94999072849152,9.58376336430533,-17.9820564020054));
#8971=CARTESIAN_POINT('Ctrl Pts',(-5.54239748261241,9.27895335467967,-17.953617108081));
#8972=CARTESIAN_POINT('Ctrl Pts',(-4.33860317739417,9.12655362077879,-17.943723422088));
#8973=CARTESIAN_POINT('Ctrl Pts',(-1.93102339097029,8.82177422035684,-17.9404058189793));
#8974=CARTESIAN_POINT('Ctrl Pts',(-0.727237879358991,8.66939448468781,-17.9469251505268));
#8975=CARTESIAN_POINT('Ctrl Pts',(0.652618754602602,8.49473422440526,-17.9606780150591));
#8976=CARTESIAN_POINT('Ctrl Pts',(0.828692753595166,8.47244715779373,-17.9625423769619));
#8977=CARTESIAN_POINT('Ctrl Pts',(2.03247458075707,8.3200758012203,-17.9759386286351));
#8978=CARTESIAN_POINT('Ctrl Pts',(3.06018073904206,8.1899953088735,-17.9905873101178));
#8979=CARTESIAN_POINT('Ctrl Pts',(4.16557586736814,8.05008194042787,-18.0067764642666));
#8980=CARTESIAN_POINT('Ctrl Pts',(4.24326505178771,8.04024857679415,-18.0079168056198));
#8981=CARTESIAN_POINT('Ctrl Pts',(5.44704457743082,7.88788245428526,-18.0256087767262));
#8982=CARTESIAN_POINT('Ctrl Pts',(6.57313479970748,7.74534996591659,-18.0423824174974));
#8983=CARTESIAN_POINT('Ctrl Pts',(8.90300721748131,7.45044528331432,-18.0718648226074));
#8984=CARTESIAN_POINT('Ctrl Pts',(10.1067898131004,7.29807217913221,-18.0838267708807));
#8985=CARTESIAN_POINT('Ctrl Pts',(11.912466901196,7.06950525761588,-18.0958069379562));
#8986=CARTESIAN_POINT('Ctrl Pts',(12.5143596980753,6.99331529637251,-18.0989899408884));
#8987=CARTESIAN_POINT('Ctrl Pts',(13.718145810762,6.84093419375083,-18.1043873823581));
#8988=CARTESIAN_POINT('Ctrl Pts',(14.3200391274408,6.76474305039061,-18.1066001942949));
#8989=CARTESIAN_POINT('Ctrl Pts',(14.9219325925534,6.68855156946547,-18.1085359587841));
#8990=CARTESIAN_POINT('Ctrl Pts',(-14.0467120953502,9.73174458034865,-18.063182339918));
#8991=CARTESIAN_POINT('Ctrl Pts',(-13.4448158053784,9.65554667518949,-18.0598455849949));
#8992=CARTESIAN_POINT('Ctrl Pts',(-12.8429189538161,9.5793474928732,-18.0554606372968));
#8993=CARTESIAN_POINT('Ctrl Pts',(-11.6391239764291,9.42694623034057,-18.0443123673875));
#8994=CARTESIAN_POINT('Ctrl Pts',(-11.0372258480422,9.35074414429732,-18.0375442629134));
#8995=CARTESIAN_POINT('Ctrl Pts',(-9.23153030664942,9.12213525668933,-18.0150818750776));
#8996=CARTESIAN_POINT('Ctrl Pts',(-8.02773181186054,8.96972599495697,-17.9973684744943));
#8997=CARTESIAN_POINT('Ctrl Pts',(-5.62013878150429,8.66491647546876,-17.969331447856));
#8998=CARTESIAN_POINT('Ctrl Pts',(-4.41634443939703,8.51251665767573,-17.959368909592));
#8999=CARTESIAN_POINT('Ctrl Pts',(-2.00876394527996,8.20773564783309,-17.9547304172182));
#9000=CARTESIAN_POINT('Ctrl Pts',(-0.80497776524204,8.05535439204262,-17.9600021494805));
#9001=CARTESIAN_POINT('Ctrl Pts',(0.574879779267124,7.88069206101236,-17.9720555028358));
#9002=CARTESIAN_POINT('Ctrl Pts',(0.750953896872365,7.85840472465444,-17.9736984775469));
#9003=CARTESIAN_POINT('Ctrl Pts',(1.95473654688793,7.70603149676491,-17.9855588962377));
#9004=CARTESIAN_POINT('Ctrl Pts',(2.98244345951787,7.57594928890303,-17.9987996142962));
#9005=CARTESIAN_POINT('Ctrl Pts',(4.0878393675309,7.43603414731011,-18.013533504909));
#9006=CARTESIAN_POINT('Ctrl Pts',(4.16552860662015,7.42620065934774,-18.0145718068368));
#9007=CARTESIAN_POINT('Ctrl Pts',(5.36930897710716,7.27383261551304,-18.0306869008212));
#9008=CARTESIAN_POINT('Ctrl Pts',(6.49539995811075,7.13129840166389,-18.046044399323));
#9009=CARTESIAN_POINT('Ctrl Pts',(8.82527380796372,6.83639046225805,-18.0728538694196));
#9010=CARTESIAN_POINT('Ctrl Pts',(10.0290570452128,6.68401589889479,-18.0836182335196));
#9011=CARTESIAN_POINT('Ctrl Pts',(11.8347347415354,6.45544759416165,-18.09446316215));
#9012=CARTESIAN_POINT('Ctrl Pts',(12.436627704327,6.37925725560417,-18.0973364945454));
#9013=CARTESIAN_POINT('Ctrl Pts',(13.6404140938118,6.22687552349412,-18.1022173001579));
#9014=CARTESIAN_POINT('Ctrl Pts',(14.2423075221369,6.1506841262304,-18.1042217275534));
#9015=CARTESIAN_POINT('Ctrl Pts',(14.8442010806988,6.07449243278492,-18.1059830716221));
#9016=CARTESIAN_POINT('Ctrl Pts',(-14.2799263548651,7.88961202609211,-18.0923378724413));
#9017=CARTESIAN_POINT('Ctrl Pts',(-13.678030739023,7.81341565402431,-18.0902593615342));
#9018=CARTESIAN_POINT('Ctrl Pts',(-13.0761346080109,7.73721811036792,-18.0872193004122));
#9019=CARTESIAN_POINT('Ctrl Pts',(-11.8723407873902,7.58481947852829,-18.0782301019096));
#9020=CARTESIAN_POINT('Ctrl Pts',(-11.270443110096,7.50861841835038,-18.0723039491521));
#9021=CARTESIAN_POINT('Ctrl Pts',(-9.46474886393271,7.28001247632538,-18.0522590703043));
#9022=CARTESIAN_POINT('Ctrl Pts',(-8.26095124764411,7.12760521245951,-18.0361853655685));
#9023=CARTESIAN_POINT('Ctrl Pts',(-5.85335928812381,6.82279812824336,-18.0101470237865));
#9024=CARTESIAN_POINT('Ctrl Pts',(-4.64956502286771,6.67039848522359,-18.0003279260336));
#9025=CARTESIAN_POINT('Ctrl Pts',(-2.24198285569352,6.36561367055043,-17.9925667200784));
#9026=CARTESIAN_POINT('Ctrl Pts',(-1.03819493369328,6.21322845322671,-17.994587129161));
#9027=CARTESIAN_POINT('Ctrl Pts',(0.341665110224928,6.03856043809414,-18.0019754065402));
#9028=CARTESIAN_POINT('Ctrl Pts',(0.517739555365004,6.01627235686354,-18.0030070467867));
#9029=CARTESIAN_POINT('Ctrl Pts',(1.72152449092085,5.86389393124744,-18.0106015694763));
#9030=CARTESIAN_POINT('Ctrl Pts',(2.74923356932748,5.7338067980228,-18.0197999268808));
#9031=CARTESIAN_POINT('Ctrl Pts',(3.85463176001202,5.5938864652274,-18.0302732759648));
#9032=CARTESIAN_POINT('Ctrl Pts',(3.9323211593708,5.58405261278352,-18.0310124393774));
#9033=CARTESIAN_POINT('Ctrl Pts',(5.13610400959798,5.43167892957705,-18.0424991687878));
#9034=CARTESIAN_POINT('Ctrl Pts',(6.26219726409067,5.28913954540786,-18.0536132644672));
#9035=CARTESIAN_POINT('Ctrl Pts',(8.59207530287825,4.99422207961699,-18.0726042071114));
#9036=CARTESIAN_POINT('Ctrl Pts',(9.79586033913472,4.84184342498971,-18.0800107749519));
#9037=CARTESIAN_POINT('Ctrl Pts',(11.601539822044,4.61327105723973,-18.0875210904373));
#9038=CARTESIAN_POINT('Ctrl Pts',(12.2034332677438,4.53707962046271,-18.0894930883261));
#9039=CARTESIAN_POINT('Ctrl Pts',(13.4072204597064,4.38469606337488,-18.0928760919018));
#9040=CARTESIAN_POINT('Ctrl Pts',(14.0091142028299,4.30850395020349,-18.0942929570912));
#9041=CARTESIAN_POINT('Ctrl Pts',(14.6110080129048,4.23231168477239,-18.095584859162));
#9042=CARTESIAN_POINT('Ctrl Pts',(-14.4353961971115,6.66150925930151,-18.0999587039076));
#9043=CARTESIAN_POINT('Ctrl Pts',(-13.833500795413,6.58531337423436,-18.0982798858387));
#9044=CARTESIAN_POINT('Ctrl Pts',(-13.2316049361172,6.50911644850931,-18.095746975437));
#9045=CARTESIAN_POINT('Ctrl Pts',(-12.0278119365958,6.35671968399612,-18.0882903355092));
#9046=CARTESIAN_POINT('Ctrl Pts',(-11.4259147770603,6.28051980129386,-18.0833305646212));
#9047=CARTESIAN_POINT('Ctrl Pts',(-9.62022206754437,6.05191735387942,-18.066153794553));
#9048=CARTESIAN_POINT('Ctrl Pts',(-8.41642549207038,5.89951245701175,-18.0520227407102));
#9049=CARTESIAN_POINT('Ctrl Pts',(-6.00883492673038,5.59470854341047,-18.0285865968578));
#9050=CARTESIAN_POINT('Ctrl Pts',(-4.80504098876998,5.4423096447195,-18.0193783872085));
#9051=CARTESIAN_POINT('Ctrl Pts',(-2.39745834610048,5.13752374868515,-18.0107296827795));
#9052=CARTESIAN_POINT('Ctrl Pts',(-1.19366962516647,4.98513671444344,-18.0112589046781));
#9053=CARTESIAN_POINT('Ctrl Pts',(0.186191759301091,4.81046565066235,-18.016145084778));
#9054=CARTESIAN_POINT('Ctrl Pts',(0.362266382941438,4.78817716349027,-18.0168435593381));
#9055=CARTESIAN_POINT('Ctrl Pts',(1.56605258303015,4.63579586210072,-18.0220778673624));
#9056=CARTESIAN_POINT('Ctrl Pts',(2.59376295904112,4.50570577789217,-18.0288542831154));
#9057=CARTESIAN_POINT('Ctrl Pts',(3.69916257427418,4.36578220541918,-18.0366687528779));
#9058=CARTESIAN_POINT('Ctrl Pts',(3.77685207392183,4.35594812490051,-18.0372207299618));
#9059=CARTESIAN_POINT('Ctrl Pts',(4.98063647956366,4.20357090440347,-18.0458043221085));
#9060=CARTESIAN_POINT('Ctrl Pts',(6.10673121051976,4.06102816249295,-18.054162640782));
#9061=CARTESIAN_POINT('Ctrl Pts',(8.43661186784531,3.76610474167935,-18.068266156712));
#9062=CARTESIAN_POINT('Ctrl Pts',(9.64039797573002,3.61372364997815,-18.0736725608796));
#9063=CARTESIAN_POINT('Ctrl Pts',(11.4460785773834,3.38514873800443,-18.0790947723187));
#9064=CARTESIAN_POINT('Ctrl Pts',(12.0479723215526,3.3089566224548,-18.0805096856153));
#9065=CARTESIAN_POINT('Ctrl Pts',(13.2517600055037,3.15657194649717,-18.0829744065298));
#9066=CARTESIAN_POINT('Ctrl Pts',(13.8536539382436,3.08037940210421,-18.0840373580517));
#9067=CARTESIAN_POINT('Ctrl Pts',(14.4555478844154,3.00418682716449,-18.0850752391402));
#9068=CARTESIAN_POINT('Ctrl Pts',(-14.7463258241126,4.20528085318906,-18.096428344395));
#9069=CARTESIAN_POINT('Ctrl Pts',(-14.1444305909989,4.12908535151387,-18.0950641850979));
#9070=CARTESIAN_POINT('Ctrl Pts',(-13.5425351133158,4.0528892936441,-18.0932435438661));
#9071=CARTESIAN_POINT('Ctrl Pts',(-12.3387435016691,3.90049568540584,-18.0883773327319));
#9072=CARTESIAN_POINT('Ctrl Pts',(-11.7368473621314,3.82429812236056,-18.0853213586903));
#9073=CARTESIAN_POINT('Ctrl Pts',(-9.93115808213657,3.59570347428925,-18.0745456923149));
#9074=CARTESIAN_POINT('Ctrl Pts',(-8.727364092883,3.44330445894845,-18.0652417454088));
#9075=CARTESIAN_POINT('Ctrl Pts',(-6.31977720882325,3.13850891723556,-18.0486766065554));
#9076=CARTESIAN_POINT('Ctrl Pts',(-5.11598439739973,2.98611258049055,-18.0415710459926));
#9077=CARTESIAN_POINT('Ctrl Pts',(-2.7084019221648,2.6813270652323,-18.0332348534376));
#9078=CARTESIAN_POINT('Ctrl Pts',(-1.50461225134661,2.5289378707844,-18.0319911434926));
#9079=CARTESIAN_POINT('Ctrl Pts',(-0.124748959823691,2.35426247001902,-18.0333178589412));
#9080=CARTESIAN_POINT('Ctrl Pts',(0.0513259216328776,2.33197339652683,-18.0335351268507));
#9081=CARTESIAN_POINT('Ctrl Pts',(1.25511397195528,2.1795878873756,-18.0353160262534));
#9082=CARTESIAN_POINT('Ctrl Pts',(2.28282636386803,2.04949321864656,-18.0383298186082));
#9083=CARTESIAN_POINT('Ctrl Pts',(3.38822824678578,1.90956448905381,-18.0419117193169));
#9084=CARTESIAN_POINT('Ctrl Pts',(3.4659179063485,1.89973004485972,-18.0421652194621));
#9085=CARTESIAN_POINT('Ctrl Pts',(4.66970479598478,1.74734717531593,-18.0461125065449));
#9086=CARTESIAN_POINT('Ctrl Pts',(5.79580192656239,1.60479897623778,-18.0499919998569));
#9087=CARTESIAN_POINT('Ctrl Pts',(8.12568689848265,1.30986574326564,-18.0560424473281));
#9088=CARTESIAN_POINT('Ctrl Pts',(9.3294748412762,1.1574804786542,-18.0580240462657));
#9089=CARTESIAN_POINT('Ctrl Pts',(11.1351574153065,0.92890108114313,-18.0597648720747));
#9090=CARTESIAN_POINT('Ctrl Pts',(11.737051698679,0.852707739349078,-18.0601733778413));
#9091=CARTESIAN_POINT('Ctrl Pts',(12.9408402699951,0.700321045365143,-18.0609818572709));
#9092=CARTESIAN_POINT('Ctrl Pts',(13.5427345523137,0.624127705967658,-18.061392329954));
#9093=CARTESIAN_POINT('Ctrl Pts',(14.144628760388,0.547934535415036,-18.0619413775739));
#9094=CARTESIAN_POINT('Ctrl Pts',(-14.9017861596307,2.97715646640143,-18.086305137607));
#9095=CARTESIAN_POINT('Ctrl Pts',(-14.2998909590659,2.90096103874817,-18.0850017298386));
#9096=CARTESIAN_POINT('Ctrl Pts',(-13.6979956602188,2.82476538758345,-18.0835148809841));
#9097=CARTESIAN_POINT('Ctrl Pts',(-12.4942046857859,2.67237322848304,-18.079838011243));
#9098=CARTESIAN_POINT('Ctrl Pts',(-11.8923090001619,2.59617669771866,-18.0776292543318));
#9099=CARTESIAN_POINT('Ctrl Pts',(-10.0866213404632,2.36758573448982,-18.0698778245281));
#9100=CARTESIAN_POINT('Ctrl Pts',(-8.88282873907966,2.2151898754133,-18.0631642976852));
#9101=CARTESIAN_POINT('Ctrl Pts',(-6.47524400489693,1.91039922290451,-18.0506118432172));
#9102=CARTESIAN_POINT('Ctrl Pts',(-5.27145196615541,1.75800464337627,-18.0449484716372));
#9103=CARTESIAN_POINT('Ctrl Pts',(-2.86387009597641,1.45322050412321,-18.0377415987888));
#9104=CARTESIAN_POINT('Ctrl Pts',(-1.66008026640225,1.30083094863589,-18.0362015753315));
#9105=CARTESIAN_POINT('Ctrl Pts',(-0.280216396760141,1.12615423312428,-18.0364492477371));
#9106=CARTESIAN_POINT('Ctrl Pts',(-0.104141434485933,1.10386497583835,-18.0365156718173));
#9107=CARTESIAN_POINT('Ctrl Pts',(1.09964721198834,0.951478110931348,-18.0371838706859));
#9108=CARTESIAN_POINT('Ctrl Pts',(2.12736033182676,0.821381786769411,-18.0388390104631));
#9109=CARTESIAN_POINT('Ctrl Pts',(3.23276306999183,0.681451112191574,-18.0408246163358));
#9110=CARTESIAN_POINT('Ctrl Pts',(3.31045279004328,0.671616530435326,-18.0409652159883));
#9111=CARTESIAN_POINT('Ctrl Pts',(4.5142406218189,0.519231518298517,-18.0431540267728));
#9112=CARTESIAN_POINT('Ctrl Pts',(5.64033869431993,0.376681177118341,-18.0452754467506));
#9113=CARTESIAN_POINT('Ctrl Pts',(7.97022538831423,0.0817440278424654,-18.0481116919605));
#9114=CARTESIAN_POINT('Ctrl Pts',(9.17401408952009,-0.0706429615339137,
-18.0486777358908));
#9115=CARTESIAN_POINT('Ctrl Pts',(10.9796975088312,-0.299224281364304,-18.0488408691865));
#9116=CARTESIAN_POINT('Ctrl Pts',(11.5815920281875,-0.375418159827735,-18.0488089178149));
#9117=CARTESIAN_POINT('Ctrl Pts',(12.7853809897178,-0.527805741228451,-18.0488890734954));
#9118=CARTESIAN_POINT('Ctrl Pts',(13.3872754271153,-0.603999433302907,-18.0490100959257));
#9119=CARTESIAN_POINT('Ctrl Pts',(13.9891697551642,-0.680192876699275,-18.0493352142892));
#9120=CARTESIAN_POINT('Ctrl Pts',(-15.2127047275199,0.520902909894333,-18.0621332598069));
#9121=CARTESIAN_POINT('Ctrl Pts',(-14.610809593936,0.444707634567828,-18.0609548701768));
#9122=CARTESIAN_POINT('Ctrl Pts',(-14.00891456818,0.368512604460838,-18.0599777379428));
#9123=CARTESIAN_POINT('Ctrl Pts',(-12.8051245634634,0.21612265066846,-18.0581108161897));
#9124=CARTESIAN_POINT('Ctrl Pts',(-12.2032295729554,0.139927700722017,-18.0571994736031));
#9125=CARTESIAN_POINT('Ctrl Pts',(-10.3975444084877,-0.0886575879061824,
-18.0541053215305));
#9126=CARTESIAN_POINT('Ctrl Pts',(-9.19375399175856,-0.241048478688714,
-18.051469390001));
#9127=CARTESIAN_POINT('Ctrl Pts',(-6.78617291398272,-0.545830815875546,
-18.0457415151358));
#9128=CARTESIAN_POINT('Ctrl Pts',(-5.58238232032923,-0.698222109015651,
-18.0427753593165));
#9129=CARTESIAN_POINT('Ctrl Pts',(-3.17480184398199,-1.0030030784465,-18.0381700338396));
#9130=CARTESIAN_POINT('Ctrl Pts',(-1.97101197909231,-1.15539271424763,-18.0365640949654));
#9131=CARTESIAN_POINT('Ctrl Pts',(-0.591147418449015,-1.33007100121928,
-18.0355220332861));
#9132=CARTESIAN_POINT('Ctrl Pts',(-0.415072356484957,-1.35236048521773,
-18.0354023890928));
#9133=CARTESIAN_POINT('Ctrl Pts',(0.78871704305081,-1.50474906272098,-18.0346650200833));
#9134=CARTESIAN_POINT('Ctrl Pts',(1.81643116379079,-1.63484766311173,-18.0344520055281));
#9135=CARTESIAN_POINT('Ctrl Pts',(2.92183510899212,-1.77478108270547,-18.0341847125127));
#9136=CARTESIAN_POINT('Ctrl Pts',(2.99952491457092,-1.78461585896618,-18.0341656777956));
#9137=CARTESIAN_POINT('Ctrl Pts',(4.20331408081995,-1.93700390593373,-18.0338637318738));
#9138=CARTESIAN_POINT('Ctrl Pts',(5.32941351728024,-2.07955734900072,-18.0334393606451));
#9139=CARTESIAN_POINT('Ctrl Pts',(7.6593027724727,-2.37450032289838,-18.0314952022556));
#9140=CARTESIAN_POINT('Ctrl Pts',(8.86309265014318,-2.5268899877653,-18.0298654083973));
#9141=CARTESIAN_POINT('Ctrl Pts',(10.668777422634,-2.75547438496795,-18.0275028701583));
#9142=CARTESIAN_POINT('Ctrl Pts',(11.2706723272521,-2.83166913958552,-18.0267518385482));
#9143=CARTESIAN_POINT('Ctrl Pts',(12.4744619354256,-2.98405819156813,-18.0256250532032));
#9144=CARTESIAN_POINT('Ctrl Pts',(13.0763566348264,-3.06025247948505,-18.0252570537582));
#9145=CARTESIAN_POINT('Ctrl Pts',(13.6782511779901,-3.13644641209085,-18.025180666481));
#9146=CARTESIAN_POINT('Ctrl Pts',(-15.3681630533271,-0.707226047334442,
-18.0482589848623));
#9147=CARTESIAN_POINT('Ctrl Pts',(-14.7662679450451,-0.783421265120193,
-18.0471278202771));
#9148=CARTESIAN_POINT('Ctrl Pts',(-14.1643730005277,-0.859616110475868,
-18.0463023177848));
#9149=CARTESIAN_POINT('Ctrl Pts',(-12.960583313917,-1.0120053408388,-18.0450291315335));
#9150=CARTESIAN_POINT('Ctrl Pts',(-12.3586885581192,-1.08819975701251,-18.0445558687362));
#9151=CARTESIAN_POINT('Ctrl Pts',(-10.5530042760042,-1.31678303901295,-18.043108603093));
#9152=CARTESIAN_POINT('Ctrl Pts',(-9.34921468723736,-1.46917204686148,-18.0420180396282));
#9153=CARTESIAN_POINT('Ctrl Pts',(-6.94163512312387,-1.77395094170996,-18.0391153725222));
#9154=CARTESIAN_POINT('Ctrl Pts',(-5.73784519299229,-1.9263407258828,-18.0373876614993));
#9155=CARTESIAN_POINT('Ctrl Pts',(-3.33026548871904,-2.23111993947958,-18.0342233901921));
#9156=CARTESIAN_POINT('Ctrl Pts',(-2.12647573823991,-2.38350931509069,-18.0328309953593));
#9157=CARTESIAN_POINT('Ctrl Pts',(-0.746611054747504,-2.55818788144315,
-18.0315596393042));
#9158=CARTESIAN_POINT('Ctrl Pts',(-0.570535972643246,-2.580477411244,-18.0314024040011));
#9159=CARTESIAN_POINT('Ctrl Pts',(0.633253592427944,-2.73286636520435,-18.0303560678266));
#9160=CARTESIAN_POINT('Ctrl Pts',(1.66096799333144,-2.86296560273694,-18.0296201360367));
#9161=CARTESIAN_POINT('Ctrl Pts',(2.76637229681795,-3.00289983713514,-18.0286841139116));
#9162=CARTESIAN_POINT('Ctrl Pts',(2.84406212788554,-3.01273467136192,-18.0286175050808));
#9163=CARTESIAN_POINT('Ctrl Pts',(4.04785169334252,-3.16512362619962,-18.0275704488434));
#9164=CARTESIAN_POINT('Ctrl Pts',(5.17395155631742,-3.30767803923696,-18.0263500002282));
#9165=CARTESIAN_POINT('Ctrl Pts',(7.50384166267784,-3.60262294884248,-18.0228171610261));
#9166=CARTESIAN_POINT('Ctrl Pts',(8.70763196751656,-3.75501358516624,-18.0203900697726));
#9167=CARTESIAN_POINT('Ctrl Pts',(10.5133172508041,-3.98359914401185,-18.0170741439333));
#9168=CARTESIAN_POINT('Ctrl Pts',(11.1152123046074,-4.05979423790305,-18.0160446625102));
#9169=CARTESIAN_POINT('Ctrl Pts',(12.3190021703887,-4.21218387573195,-18.0144370593837));
#9170=CARTESIAN_POINT('Ctrl Pts',(12.920896976535,-4.28837840640699,-18.0138698226583));
#9171=CARTESIAN_POINT('Ctrl Pts',(13.522791614342,-4.36457255424847,-18.0136167864074));
#9172=CARTESIAN_POINT('Ctrl Pts',(-15.6790809837507,-3.16348105355213,-18.0228972956035));
#9173=CARTESIAN_POINT('Ctrl Pts',(-15.0771859537125,-3.23967609339727,-18.0219121710469));
#9174=CARTESIAN_POINT('Ctrl Pts',(-14.4752911256645,-3.31587067388097,-18.0213040551834));
#9175=CARTESIAN_POINT('Ctrl Pts',(-13.2715018504375,-3.46825896868391,-18.020798704941));
#9176=CARTESIAN_POINT('Ctrl Pts',(-12.6696073937702,-3.54445270458137,-18.0208837608074));
#9177=CARTESIAN_POINT('Ctrl Pts',(-10.8639242905198,-3.77303330563326,-18.0216368124628));
#9178=CARTESIAN_POINT('Ctrl Pts',(-9.66013587767697,-3.92541963922072,-18.0227410777348));
#9179=CARTESIAN_POINT('Ctrl Pts',(-7.2525584949072,-4.2301935733042,-18.0239098267155));
#9180=CARTESIAN_POINT('Ctrl Pts',(-6.04876951722316,-4.38258119144133,-18.0239598319639));
#9181=CARTESIAN_POINT('Ctrl Pts',(-3.64119090404614,-4.68735792369053,-18.0228320607746));
#9182=CARTESIAN_POINT('Ctrl Pts',(-2.43740130994214,-4.83974694367669,-18.0217315356656));
#9183=CARTESIAN_POINT('Ctrl Pts',(-1.05753647960094,-5.01442584398951,-18.0201860905201));
#9184=CARTESIAN_POINT('Ctrl Pts',(-0.881461373039405,-5.03671542941058,
-18.0199832064017));
#9185=CARTESIAN_POINT('Ctrl Pts',(0.322328393981119,-5.18910484263977,-18.0185599375315));
#9186=CARTESIAN_POINT('Ctrl Pts',(1.35004313965635,-5.31920486424483,-18.0171804990838));
#9187=CARTESIAN_POINT('Ctrl Pts',(2.4554478562165,-5.45914003804623,-18.0154734867434));
#9188=CARTESIAN_POINT('Ctrl Pts',(2.53313771655572,-5.4689749388419,-18.0153522432567));
#9189=CARTESIAN_POINT('Ctrl Pts',(3.73692773857929,-5.62136493199352,-18.0134530184558));
#9190=CARTESIAN_POINT('Ctrl Pts',(4.86302805202791,-5.76392036948849,-18.0113917734473));
#9191=CARTESIAN_POINT('Ctrl Pts',(7.19291906081535,-6.05886733137416,-18.0061745798352));
#9192=CARTESIAN_POINT('Ctrl Pts',(8.39670986814324,-6.21125911044798,-18.0028096068273));
#9193=CARTESIAN_POINT('Ctrl Pts',(10.2023959242139,-6.43984642674024,-17.9980513033365));
#9194=CARTESIAN_POINT('Ctrl Pts',(10.8042912224658,-6.51604207655133,-17.9965655654318));
#9195=CARTESIAN_POINT('Ctrl Pts',(12.0080815101204,-6.66843267379544,-17.9941705477625));
#9196=CARTESIAN_POINT('Ctrl Pts',(12.6099765005128,-6.74462762347905,-17.9932594208793));
#9197=CARTESIAN_POINT('Ctrl Pts',(13.211871319849,-6.8208221841503,-17.9926675655662));
#9198=CARTESIAN_POINT('Ctrl Pts',(-15.8345404836469,-4.39160734069308,-18.0112144243024));
#9199=CARTESIAN_POINT('Ctrl Pts',(-15.2326455054154,-4.46780226272081,-18.0103259952571));
#9200=CARTESIAN_POINT('Ctrl Pts',(-14.6307507246427,-4.54399673569183,-18.0098061175841));
#9201=CARTESIAN_POINT('Ctrl Pts',(-13.4269615610496,-4.69638477661921,-18.0095091289618));
#9202=CARTESIAN_POINT('Ctrl Pts',(-12.8250671780206,-4.77257834505011,-18.0097316285507));
#9203=CARTESIAN_POINT('Ctrl Pts',(-11.0193843971825,-5.00115821287901,-18.0110864535049));
#9204=CARTESIAN_POINT('Ctrl Pts',(-9.81559634553859,-5.15354372503556,-18.0128648863741));
#9205=CARTESIAN_POINT('Ctrl Pts',(-7.40801966708563,-5.4583160573769,-18.0153482226679));
#9206=CARTESIAN_POINT('Ctrl Pts',(-6.20423099268748,-5.61070298578781,-18.0159643023914));
#9207=CARTESIAN_POINT('Ctrl Pts',(-3.79665269932834,-5.91547899071407,-18.015433462178));
#9208=CARTESIAN_POINT('Ctrl Pts',(-2.59286313963916,-6.06786793243476,-18.0143971713794));
#9209=CARTESIAN_POINT('Ctrl Pts',(-1.21299827790265,-6.24254690414612,-18.0127931277763));
#9210=CARTESIAN_POINT('Ctrl Pts',(-1.0369231660814,-6.26483650152874,-18.0125804265363));
#9211=CARTESIAN_POINT('Ctrl Pts',(0.166866643721097,-6.41722601205176,-18.0110773063382));
#9212=CARTESIAN_POINT('Ctrl Pts',(1.19458145947376,-6.5473261930254,-18.009567070353));
#9213=CARTESIAN_POINT('Ctrl Pts',(2.29998623270201,-6.68726149570017,-18.0077542886163));
#9214=CARTESIAN_POINT('Ctrl Pts',(2.37767609693126,-6.69709640534247,-18.0076257845109));
#9215=CARTESIAN_POINT('Ctrl Pts',(3.58146617752924,-6.84948653170275,-18.005617232233));
#9216=CARTESIAN_POINT('Ctrl Pts',(4.70756651061393,-6.99204201385367,-18.0035193370478));
#9217=CARTESIAN_POINT('Ctrl Pts',(7.03745751194119,-7.28698895877354,-17.9983160676599));
#9218=CARTESIAN_POINT('Ctrl Pts',(8.24124830972917,-7.4393807161519,-17.9949689006223));
#9219=CARTESIAN_POINT('Ctrl Pts',(10.0469347459982,-7.66796889708323,-17.9895009675878));
#9220=CARTESIAN_POINT('Ctrl Pts',(10.6488301795835,-7.74416485466646,-17.987762633869));
#9221=CARTESIAN_POINT('Ctrl Pts',(11.852620596362,-7.89655574556137,-17.9851266100928));
#9222=CARTESIAN_POINT('Ctrl Pts',(12.4545156513542,-7.97275084215652,-17.984094909478));
#9223=CARTESIAN_POINT('Ctrl Pts',(13.05641055815,-8.04894560172658,-17.9833398132431));
#9224=CARTESIAN_POINT('Ctrl Pts',(-16.1454608963556,-6.84785670175117,-17.9904858498167));
#9225=CARTESIAN_POINT('Ctrl Pts',(-15.5435660462576,-6.92405133238046,-17.9898365783042));
#9226=CARTESIAN_POINT('Ctrl Pts',(-14.9416713840815,-7.00024553564153,-17.9895380579045));
#9227=CARTESIAN_POINT('Ctrl Pts',(-13.7378824497325,-7.15263305522718,-17.9896689466644));
#9228=CARTESIAN_POINT('Ctrl Pts',(-13.1359881777359,-7.22882637115048,-17.9900986851582));
#9229=CARTESIAN_POINT('Ctrl Pts',(-11.3303058625314,-7.45740518004546,-17.9923226019899));
#9230=CARTESIAN_POINT('Ctrl Pts',(-10.1265183965879,-7.60978936021469,-17.9951942280615));
#9231=CARTESIAN_POINT('Ctrl Pts',(-7.71894248420228,-7.91455995038218,-17.9991074072632));
#9232=CARTESIAN_POINT('Ctrl Pts',(-6.51515392115554,-8.0669466255601,-17.9999313212406));
#9233=CARTESIAN_POINT('Ctrl Pts',(-4.10757559575814,-8.37172270334708,-17.9993406825192));
#9234=CARTESIAN_POINT('Ctrl Pts',(-2.90378591857903,-8.52411191226085,-17.9980851001017));
#9235=CARTESIAN_POINT('Ctrl Pts',(-1.52392091369597,-8.69879120951303,-17.9962138775166));
#9236=CARTESIAN_POINT('Ctrl Pts',(-1.3478457833493,-8.72108084902574,-17.9959665991263));
#9237=CARTESIAN_POINT('Ctrl Pts',(-0.144055846966618,-8.87347064741471,
-17.9942272205996));
#9238=CARTESIAN_POINT('Ctrl Pts',(0.883659077849293,-9.00357107641764,-17.9925134211625));
#9239=CARTESIAN_POINT('Ctrl Pts',(1.98906389592765,-9.14350648108956,-17.9906169279703));
#9240=CARTESIAN_POINT('Ctrl Pts',(2.0667537629236,-9.15334139702384,-17.9904832598915));
#9241=CARTESIAN_POINT('Ctrl Pts',(3.27054388000022,-9.30573160634306,-17.9884066212765));
#9242=CARTESIAN_POINT('Ctrl Pts',(4.39664415091251,-9.44828694710283,-17.9864247691092));
#9243=CARTESIAN_POINT('Ctrl Pts',(6.72653476314212,-9.74323300714519,-17.9819477394332));
#9244=CARTESIAN_POINT('Ctrl Pts',(7.93032511938276,-9.89562376036608,-17.9794247079735));
#9245=CARTESIAN_POINT('Ctrl Pts',(9.73601138207509,-10.1242115465529,-17.9742807509614));
#9246=CARTESIAN_POINT('Ctrl Pts',(10.3379069483163,-10.2004078058197,-17.9722948185347));
#9247=CARTESIAN_POINT('Ctrl Pts',(11.5416978053463,-10.3527996979249,-17.9688370780202));
#9248=CARTESIAN_POINT('Ctrl Pts',(12.1435930942075,-10.4289953263798,-17.967368867621));
#9249=CARTESIAN_POINT('Ctrl Pts',(12.7454882370161,-10.505190622685,-17.9661732602236));
#9250=CARTESIAN_POINT('Ctrl Pts',(-16.3009218057222,-8.07597978350506,-17.98143371482));
#9251=CARTESIAN_POINT('Ctrl Pts',(-15.6990270396518,-8.15217422304028,-17.9809412786823));
#9252=CARTESIAN_POINT('Ctrl Pts',(-15.0971324552763,-8.22836824936913,-17.9807879706997));
#9253=CARTESIAN_POINT('Ctrl Pts',(-13.8933436530559,-8.3807554684707,-17.9811654737854));
#9254=CARTESIAN_POINT('Ctrl Pts',(-13.2914494319529,-8.45694866865296,-17.9816902036683));
#9255=CARTESIAN_POINT('Ctrl Pts',(-11.4857672759891,-8.68552711540605,-17.984211338839));
#9256=CARTESIAN_POINT('Ctrl Pts',(-10.2819801505723,-8.83791052115681,-17.9877185482971));
#9257=CARTESIAN_POINT('Ctrl Pts',(-7.87440418304958,-9.14268123671591,-17.9915288156685));
#9258=CARTESIAN_POINT('Ctrl Pts',(-6.67061536659901,-9.29506848817934,-17.9918797586149));
#9259=CARTESIAN_POINT('Ctrl Pts',(-4.26303665466574,-9.5998454450179,-17.9905676616661));
#9260=CARTESIAN_POINT('Ctrl Pts',(-3.059246837483,-9.75223497232489,-17.9890507664554));
#9261=CARTESIAN_POINT('Ctrl Pts',(-1.67938172519068,-9.9269145138449,-17.9869790675418));
#9262=CARTESIAN_POINT('Ctrl Pts',(-1.50330658197033,-9.94920418263468,-17.9867077607834));
#9263=CARTESIAN_POINT('Ctrl Pts',(-0.299516562772912,-10.1015941693591,
-17.9848138109127));
#9264=CARTESIAN_POINT('Ctrl Pts',(0.728198409164291,-10.2316947055243,-17.9830120609233));
#9265=CARTESIAN_POINT('Ctrl Pts',(1.8336032273612,-10.3716301104658,-17.9811153464613));
#9266=CARTESIAN_POINT('Ctrl Pts',(1.91129309410581,-10.3814650258285,-17.9809821475056));
#9267=CARTESIAN_POINT('Ctrl Pts',(3.11508320335763,-10.5338552173527,-17.9789201136515));
#9268=CARTESIAN_POINT('Ctrl Pts',(4.24118341305725,-10.676410418904,-17.9770525131886));
#9269=CARTESIAN_POINT('Ctrl Pts',(6.57107379042651,-10.971355944832,-17.9730138437005));
#9270=CARTESIAN_POINT('Ctrl Pts',(7.774864020232,-11.1237464105167,-17.9707267998307));
#9271=CARTESIAN_POINT('Ctrl Pts',(9.58055002799363,-11.3523336169457,-17.9660586637276));
#9272=CARTESIAN_POINT('Ctrl Pts',(10.1824454632306,-11.4285295782853,-17.9643172471023));
#9273=CARTESIAN_POINT('Ctrl Pts',(11.3862362754622,-11.5809213685109,-17.9609431214982));
#9274=CARTESIAN_POINT('Ctrl Pts',(11.9881316390324,-11.6571171668675,-17.9593354688337));
#9275=CARTESIAN_POINT('Ctrl Pts',(12.5900268725136,-11.7333126693786,-17.9579706234868));
#9276=CARTESIAN_POINT('Ctrl Pts',(-16.5849230610708,-10.319550756319,-17.9659747295181));
#9277=CARTESIAN_POINT('Ctrl Pts',(-15.9830284475029,-10.3957448490365,-17.9657669347847));
#9278=CARTESIAN_POINT('Ctrl Pts',(-15.3811340085107,-10.4719385447377,-17.9658849807266));
#9279=CARTESIAN_POINT('Ctrl Pts',(-14.1773454786726,-10.6243251443931,-17.9667708777646));
#9280=CARTESIAN_POINT('Ctrl Pts',(-13.5754513900707,-10.7005180432442,-17.9675429171859));
#9281=CARTESIAN_POINT('Ctrl Pts',(-11.7697695659124,-10.9290957354125,-17.9706833578058));
#9282=CARTESIAN_POINT('Ctrl Pts',(-10.5659823167614,-11.0814794225569,-17.9739596209025));
#9283=CARTESIAN_POINT('Ctrl Pts',(-8.15840555926023,-11.3862519346681,-17.9762954158755));
#9284=CARTESIAN_POINT('Ctrl Pts',(-6.9546161380485,-11.5386405614663,-17.9755175893154));
#9285=CARTESIAN_POINT('Ctrl Pts',(-4.54703669371049,-11.843419183924,-17.9728384797407));
#9286=CARTESIAN_POINT('Ctrl Pts',(-3.34324667142915,-11.9958091776618,-17.9709387738071));
#9287=CARTESIAN_POINT('Ctrl Pts',(-1.96338142569769,-12.1704890226462,-17.968618014537));
#9288=CARTESIAN_POINT('Ctrl Pts',(-1.78730626756822,-12.192778725342,-17.9683188803395));
#9289=CARTESIAN_POINT('Ctrl Pts',(-0.583516160757141,-12.3451689113155,
-17.9662614020442));
#9290=CARTESIAN_POINT('Ctrl Pts',(0.444198815538255,-12.475269457392,-17.9644515176097));
#9291=CARTESIAN_POINT('Ctrl Pts',(1.54960361494136,-12.6152048195931,-17.9625898812636));
#9292=CARTESIAN_POINT('Ctrl Pts',(1.62729348019173,-12.6250397315576,-17.9624594712432));
#9293=CARTESIAN_POINT('Ctrl Pts',(2.83108356333383,-12.7774298637036,-17.9604461704543));
#9294=CARTESIAN_POINT('Ctrl Pts',(3.95718370929487,-12.919984920302,-17.9586975362389));
#9295=CARTESIAN_POINT('Ctrl Pts',(6.28707397184559,-13.2149301851121,-17.9548731722878));
#9296=CARTESIAN_POINT('Ctrl Pts',(7.49086413477591,-13.3673204987108,-17.9527109490368));
#9297=CARTESIAN_POINT('Ctrl Pts',(9.29654985978199,-13.5959070621032,-17.9485705681424));
#9298=CARTESIAN_POINT('Ctrl Pts',(9.89844516532838,-13.6721027285033,-17.9470712152613));
#9299=CARTESIAN_POINT('Ctrl Pts',(11.1022357880035,-13.8244940876436,-17.944050891456));
#9300=CARTESIAN_POINT('Ctrl Pts',(11.7041311007163,-13.9006897703415,-17.9425381625833));
#9301=CARTESIAN_POINT('Ctrl Pts',(12.3060263423564,-13.9768852914071,-17.9411580891207));
#9302=CARTESIAN_POINT('Ctrl Pts',(-16.7134632639712,-11.3349989727724,-17.9593008212549));
#9303=CARTESIAN_POINT('Ctrl Pts',(-16.1115687089965,-11.4111929322385,-17.9592023891161));
#9304=CARTESIAN_POINT('Ctrl Pts',(-15.5096743229797,-11.4873865074641,-17.9594193121253));
#9305=CARTESIAN_POINT('Ctrl Pts',(-14.3058858677576,-11.6397729374295,-17.9604444778012));
#9306=CARTESIAN_POINT('Ctrl Pts',(-13.7039918022314,-11.7159657838023,-17.9612595873718));
#9307=CARTESIAN_POINT('Ctrl Pts',(-11.8983098931021,-11.9445436692098,-17.964241432013));
#9308=CARTESIAN_POINT('Ctrl Pts',(-10.6945223331744,-12.096928063116,-17.9669376391388));
#9309=CARTESIAN_POINT('Ctrl Pts',(-8.28694516652724,-12.401701505698,-17.9685097748814));
#9310=CARTESIAN_POINT('Ctrl Pts',(-7.08315552171106,-12.5540906410127,-17.9673145969415));
#9311=CARTESIAN_POINT('Ctrl Pts',(-4.6755758029327,-12.8588698875968,-17.9641232522403));
#9312=CARTESIAN_POINT('Ctrl Pts',(-3.47178570678241,-13.0112600493258,-17.9620856720286));
#9313=CARTESIAN_POINT('Ctrl Pts',(-2.09192043483725,-13.1859399539248,-17.9597159856229));
#9314=CARTESIAN_POINT('Ctrl Pts',(-1.9158452746488,-13.2082296613031,-17.9594130083843));
#9315=CARTESIAN_POINT('Ctrl Pts',(-0.71205516346003,-13.3606198572323,-17.9573473592638));
#9316=CARTESIAN_POINT('Ctrl Pts',(0.315659722089553,-13.4907201969366,-17.9557068493132));
#9317=CARTESIAN_POINT('Ctrl Pts',(1.42106447561304,-13.6306554547992,-17.9539308459609));
#9318=CARTESIAN_POINT('Ctrl Pts',(1.49875433905309,-13.6404903626467,-17.9538038148762));
#9319=CARTESIAN_POINT('Ctrl Pts',(2.70254441692467,-13.7928804828067,-17.9518003513464));
#9320=CARTESIAN_POINT('Ctrl Pts',(3.82864456108719,-13.9354355353148,-17.9500550740226));
#9321=CARTESIAN_POINT('Ctrl Pts',(6.15853483908443,-14.2303808352531,-17.946201879562));
#9322=CARTESIAN_POINT('Ctrl Pts',(7.36232501866346,-14.3827711867139,-17.944008582002));
#9323=CARTESIAN_POINT('Ctrl Pts',(9.16801064977865,-14.6113575365816,-17.940043445784));
#9324=CARTESIAN_POINT('Ctrl Pts',(9.76990591131416,-14.6875531028932,-17.9386262379453));
#9325=CARTESIAN_POINT('Ctrl Pts',(10.9736964459455,-14.8399442618063,-17.9357702453497));
#9326=CARTESIAN_POINT('Ctrl Pts',(11.5755917161257,-14.9161398477773,-17.9343369024759));
#9327=CARTESIAN_POINT('Ctrl Pts',(12.1774869323726,-14.9923353110944,-17.9330042245511));
#9328=CARTESIAN_POINT('Ctrl Pts',(-16.8639892353251,-12.5241332720907,-17.951150034118));
#9329=CARTESIAN_POINT('Ctrl Pts',(-16.26209470358,-12.6003271787285,-17.9510949593445));
#9330=CARTESIAN_POINT('Ctrl Pts',(-15.6602003244468,-12.6765207382997,-17.9513247302732));
#9331=CARTESIAN_POINT('Ctrl Pts',(-14.4564118259589,-12.8289072666592,-17.952269141553));
#9332=CARTESIAN_POINT('Ctrl Pts',(-13.8545177088405,-12.9051002303619,-17.9529879557514));
#9333=CARTESIAN_POINT('Ctrl Pts',(-12.0488355282195,-13.1336787331901,-17.9554630688267));
#9334=CARTESIAN_POINT('Ctrl Pts',(-10.8450476089792,-13.2860639442371,-17.9574886293121));
#9335=CARTESIAN_POINT('Ctrl Pts',(-8.43747000129441,-13.5908383898175,-17.9582375808047));
#9336=CARTESIAN_POINT('Ctrl Pts',(-7.23368029712627,-13.7432276601091,-17.9569316241325));
#9337=CARTESIAN_POINT('Ctrl Pts',(-4.82610038875383,-14.0480073378639,-17.9533864074716));
#9338=CARTESIAN_POINT('Ctrl Pts',(-3.62231022047228,-14.2003976636323,-17.9512141962946));
#9339=CARTESIAN_POINT('Ctrl Pts',(-2.24244483566573,-14.3750778248983,-17.9486338573184));
#9340=CARTESIAN_POINT('Ctrl Pts',(-2.06636966636111,-14.3973675530083,-17.9483138650236));
#9341=CARTESIAN_POINT('Ctrl Pts',(-0.862579589117959,-14.5497576717391,
-17.9463115744296));
#9342=CARTESIAN_POINT('Ctrl Pts',(0.165135118305157,-14.6798576063521,-17.9450035324741));
#9343=CARTESIAN_POINT('Ctrl Pts',(1.27053974711454,-14.8197925805925,-17.9434603044603));
#9344=CARTESIAN_POINT('Ctrl Pts',(1.34822960206155,-14.8296274691254,-17.9433491253713));
#9345=CARTESIAN_POINT('Ctrl Pts',(2.55201955781552,-14.9820173115681,-17.9415735909024));
#9346=CARTESIAN_POINT('Ctrl Pts',(3.67811981624958,-15.1245726239501,-17.9396150289945));
#9347=CARTESIAN_POINT('Ctrl Pts',(6.00801014232972,-15.4195180332375,-17.9356720891794));
#9348=CARTESIAN_POINT('Ctrl Pts',(7.21180033376663,-15.5719084116653,-17.9334566592141));
#9349=CARTESIAN_POINT('Ctrl Pts',(9.01748588925905,-15.8004945895533,-17.9296326707431));
#9350=CARTESIAN_POINT('Ctrl Pts',(9.61938111278637,-15.8766900694274,-17.9282864041167));
#9351=CARTESIAN_POINT('Ctrl Pts',(10.8231715690953,-16.0290810502214,-17.925576598082));
#9352=CARTESIAN_POINT('Ctrl Pts',(11.4250667999999,-16.1052765468727,-17.9242165619485));
#9353=CARTESIAN_POINT('Ctrl Pts',(12.0269619884311,-16.1814719469319,-17.9229358012718));
#9354=CARTESIAN_POINT('Ctrl Pts',(-16.885975153226,-12.6978190150856,-17.9499520944226));
#9355=CARTESIAN_POINT('Ctrl Pts',(-16.2840806238838,-12.7740129162588,-17.9499015045609));
#9356=CARTESIAN_POINT('Ctrl Pts',(-15.6821862445906,-12.8502064761938,-17.9501309769866));
#9357=CARTESIAN_POINT('Ctrl Pts',(-14.478397737253,-13.0025930246793,-17.9510588704162));
#9358=CARTESIAN_POINT('Ctrl Pts',(-13.876503611225,-13.0787860086438,-17.9517610552336));
#9359=CARTESIAN_POINT('Ctrl Pts',(-12.0708213878807,-13.3073646086324,-17.9541564264003));
#9360=CARTESIAN_POINT('Ctrl Pts',(-10.8670334159861,-13.4597499394247,-17.9560837092138));
#9361=CARTESIAN_POINT('Ctrl Pts',(-8.45945574589042,-13.7645245269386,-17.9567161724746));
#9362=CARTESIAN_POINT('Ctrl Pts',(-7.25566603495592,-13.9169138126182,-17.955397586586));
#9363=CARTESIAN_POINT('Ctrl Pts',(-4.84808610163335,-14.221693547114,-17.9518058012059));
#9364=CARTESIAN_POINT('Ctrl Pts',(-3.64429591971659,-14.3740839038913,-17.9496081403197));
#9365=CARTESIAN_POINT('Ctrl Pts',(-2.2644305215717,-14.5487640954911,-17.9470029057025));
#9366=CARTESIAN_POINT('Ctrl Pts',(-2.0883553513387,-14.5710538257124,-17.9466811806203));
#9367=CARTESIAN_POINT('Ctrl Pts',(-0.884565279506381,-14.723443932138,-17.9446889891889));
#9368=CARTESIAN_POINT('Ctrl Pts',(0.143149400738082,-14.8535438049418,-17.9434316754142));
#9369=CARTESIAN_POINT('Ctrl Pts',(1.24855401640857,-14.9934787493021,-17.9419129707806));
#9370=CARTESIAN_POINT('Ctrl Pts',(1.32624387036609,-15.0033136355847,-17.9418036385421));
#9371=CARTESIAN_POINT('Ctrl Pts',(2.5300338098906,-15.1557034411187,-17.9400583959035));
#9372=CARTESIAN_POINT('Ctrl Pts',(3.65613407885267,-15.2982587774433,-17.9380801837615));
#9373=CARTESIAN_POINT('Ctrl Pts',(5.98602441203104,-15.5932042028733,-17.93412399529));
#9374=CARTESIAN_POINT('Ctrl Pts',(7.18981460515673,-15.7455945851417,-17.9319054132565));
#9375=CARTESIAN_POINT('Ctrl Pts',(8.99550015026017,-15.9741807394033,-17.9281008155276));
#9376=CARTESIAN_POINT('Ctrl Pts',(9.59739536853534,-16.050376207333,-17.9267643519153));
#9377=CARTESIAN_POINT('Ctrl Pts',(10.8011858138452,-16.2027671631133,-17.92407507527));
#9378=CARTESIAN_POINT('Ctrl Pts',(11.4030810391364,-16.2789626469986,-17.9227255164766));
#9379=CARTESIAN_POINT('Ctrl Pts',(12.0049762234481,-16.3551580376895,-17.9214524446086));
#9380=CARTESIAN_POINT('Ctrl Pts',(-16.912896342002,-12.9104927835274,-17.9484740852479));
#9381=CARTESIAN_POINT('Ctrl Pts',(-16.3110018144316,-12.9866866806712,-17.9484268025106));
#9382=CARTESIAN_POINT('Ctrl Pts',(-15.7091074336139,-13.0628802440732,-17.9486534294543));
#9383=CARTESIAN_POINT('Ctrl Pts',(-14.5053189127891,-13.2152668232309,-17.9495561494545));
#9384=CARTESIAN_POINT('Ctrl Pts',(-13.9034247745403,-13.2914598349879,-17.950235524347));
#9385=CARTESIAN_POINT('Ctrl Pts',(-12.0977424963767,-13.5200385596451,-17.9525285770611));
#9386=CARTESIAN_POINT('Ctrl Pts',(-10.893954460869,-13.6724240351051,-17.9543371276744));
#9387=CARTESIAN_POINT('Ctrl Pts',(-8.48637671696023,-13.9771987904831,-17.9548318209553));
#9388=CARTESIAN_POINT('Ctrl Pts',(-7.28258699890414,-14.1295880923585,-17.9534999428056));
#9389=CARTESIAN_POINT('Ctrl Pts',(-4.87500703791856,-14.4343678897649,-17.9498565252122));
#9390=CARTESIAN_POINT('Ctrl Pts',(-3.6712168328916,-14.5867582990989,-17.9476157298068));
#9391=CARTESIAN_POINT('Ctrl Pts',(-2.29135143143727,-14.7614384982249,-17.945004318217));
#9392=CARTESIAN_POINT('Ctrl Pts',(-2.11527626153712,-14.7837282276893,-17.9446832143746));
#9393=CARTESIAN_POINT('Ctrl Pts',(-0.911486195586846,-14.9361183207381,
-17.9427020016161));
#9394=CARTESIAN_POINT('Ctrl Pts',(0.116228456864828,-15.0662181303362,-17.9414965622925));
#9395=CARTESIAN_POINT('Ctrl Pts',(1.22163306236815,-15.2061530515745,-17.9399968343737));
#9396=CARTESIAN_POINT('Ctrl Pts',(1.29932291549444,-15.2159879359667,-17.9398890536197));
#9397=CARTESIAN_POINT('Ctrl Pts',(2.50311284002123,-15.3683777073932,-17.9381718037951));
#9398=CARTESIAN_POINT('Ctrl Pts',(3.62921311250431,-15.5109330517252,-17.9361870197885));
#9399=CARTESIAN_POINT('Ctrl Pts',(5.95910345359405,-15.8058784951471,-17.9322160649786));
#9400=CARTESIAN_POINT('Ctrl Pts',(7.16289364860446,-15.9582688817017,-17.9299939651551));
#9401=CARTESIAN_POINT('Ctrl Pts',(8.96857918157488,-16.1868550083707,-17.9262120133624));
#9402=CARTESIAN_POINT('Ctrl Pts',(9.57047439372401,-16.2630504623687,-17.9248869838236));
#9403=CARTESIAN_POINT('Ctrl Pts',(10.7742648260559,-16.4154413886346,-17.9222219302641));
#9404=CARTESIAN_POINT('Ctrl Pts',(11.3761600446418,-16.491636857271,-17.9208848866419));
#9405=CARTESIAN_POINT('Ctrl Pts',(11.9780552238959,-16.56783223646,-17.9196212546546));
#9406=CARTESIAN_POINT('Ctrl Pts',(-16.9178316175161,-12.9494807984243,-17.9482026744587));
#9407=CARTESIAN_POINT('Ctrl Pts',(-16.3159370902226,-13.0256746949385,-17.9481559083907));
#9408=CARTESIAN_POINT('Ctrl Pts',(-15.7140427090709,-13.1018682591,-17.9483819119941));
#9409=CARTESIAN_POINT('Ctrl Pts',(-14.5102541856647,-13.2542548441282,-17.9492798138915));
#9410=CARTESIAN_POINT('Ctrl Pts',(-13.9083600451215,-13.3304478611031,-17.9499549064014));
#9411=CARTESIAN_POINT('Ctrl Pts',(-12.1026777568045,-13.559026608851,-17.9522290080517));
#9412=CARTESIAN_POINT('Ctrl Pts',(-10.8988897096691,-13.7114121107544,-17.9540158558989));
#9413=CARTESIAN_POINT('Ctrl Pts',(-8.49131195233429,-14.0161868966657,-17.9544854898474));
#9414=CARTESIAN_POINT('Ctrl Pts',(-7.28752223302138,-14.1685762013993,-17.953151265889));
#9415=CARTESIAN_POINT('Ctrl Pts',(-4.87994226708609,-14.4733560100623,-17.9494986097908));
#9416=CARTESIAN_POINT('Ctrl Pts',(-3.67615205760491,-14.6257464295259,-17.9472495006916));
#9417=CARTESIAN_POINT('Ctrl Pts',(-2.29628665602876,-14.800426628929,-17.9446378617227));
#9418=CARTESIAN_POINT('Ctrl Pts',(-2.12021148624363,-14.8227163581318,-17.9443169725662));
#9419=CARTESIAN_POINT('Ctrl Pts',(-0.916421421344033,-14.9751064487912,
-17.9423377208723));
#9420=CARTESIAN_POINT('Ctrl Pts',(0.111293226247162,-15.1052062473356,-17.9411413534954));
#9421=CARTESIAN_POINT('Ctrl Pts',(1.21669783009876,-15.2451411648176,-17.9396447084682));
#9422=CARTESIAN_POINT('Ctrl Pts',(1.29438768308632,-15.2549760488943,-17.9395371866492));
#9423=CARTESIAN_POINT('Ctrl Pts',(2.4981776050392,-15.4073658144673,-17.9378247409488));
#9424=CARTESIAN_POINT('Ctrl Pts',(3.62427787782544,-15.5499211594888,-17.935839391124));
#9425=CARTESIAN_POINT('Ctrl Pts',(5.95416822033269,-15.8448666061343,-17.9318657905773));
#9426=CARTESIAN_POINT('Ctrl Pts',(7.15795841568164,-15.9972569934588,-17.9296430588595));
#9427=CARTESIAN_POINT('Ctrl Pts',(8.96364394645204,-16.2258431151246,-17.92586521335));
#9428=CARTESIAN_POINT('Ctrl Pts',(9.56553915749069,-16.3020385665971,-17.9245422565091));
#9429=CARTESIAN_POINT('Ctrl Pts',(10.7693295874635,-16.4544294874981,-17.9218816060674));
#9430=CARTESIAN_POINT('Ctrl Pts',(11.371224804827,-16.5306249533547,-17.9205468439557));
#9431=CARTESIAN_POINT('Ctrl Pts',(11.9731199831534,-16.6068203304336,-17.9192849436884));
#9432=CARTESIAN_POINT('Ctrl Pts',(-16.9227668927765,-12.9884688138982,-17.9479307900984));
#9433=CARTESIAN_POINT('Ctrl Pts',(-16.3208723657125,-13.0646627098906,-17.9478844522968));
#9434=CARTESIAN_POINT('Ctrl Pts',(-15.7189779841735,-13.1408562749327,-17.9481097331197));
#9435=CARTESIAN_POINT('Ctrl Pts',(-14.5151894580814,-13.2932428660691,-17.9490026219125));
#9436=CARTESIAN_POINT('Ctrl Pts',(-13.9132953151932,-13.3694358883771,-17.949673337445));
#9437=CARTESIAN_POINT('Ctrl Pts',(-12.1076130166294,-13.5980146594282,-17.9519283136298));
#9438=CARTESIAN_POINT('Ctrl Pts',(-10.9038249579078,-13.7504001876805,-17.9536935362942));
#9439=CARTESIAN_POINT('Ctrl Pts',(-8.49624718725162,-14.055175003887,-17.954138306243));
#9440=CARTESIAN_POINT('Ctrl Pts',(-7.29245746672138,-14.207564311389,-17.9528018101666));
#9441=CARTESIAN_POINT('Ctrl Pts',(-4.8848774959582,-14.5123441310315,-17.9491401429606));
#9442=CARTESIAN_POINT('Ctrl Pts',(-3.68108728186671,-14.6647345609798,-17.9468824288429));
#9443=CARTESIAN_POINT('Ctrl Pts',(-2.30122188062977,-14.8394147596114,-17.9442714230105));
#9444=CARTESIAN_POINT('Ctrl Pts',(-2.12514671100869,-14.8617044884412,-17.9439508400442));
#9445=CARTESIAN_POINT('Ctrl Pts',(-0.921356647127661,-15.0140945767841,
-17.9419734894818));
#9446=CARTESIAN_POINT('Ctrl Pts',(0.106357995892021,-15.1441943649321,-17.9407856547036));
#9447=CARTESIAN_POINT('Ctrl Pts',(1.21176259826596,-15.2841292790537,-17.9392917676877));
#9448=CARTESIAN_POINT('Ctrl Pts',(1.28945245112663,-15.2939641628418,-17.9391844827066));
#9449=CARTESIAN_POINT('Ctrl Pts',(2.49324237067127,-15.446353922938,-17.9374765319234));
#9450=CARTESIAN_POINT('Ctrl Pts',(3.61934264345883,-15.5889092679625,-17.9354911796338));
#9451=CARTESIAN_POINT('Ctrl Pts',(5.94923298734215,-15.8838547177375,-17.9315150106745));
#9452=CARTESIAN_POINT('Ctrl Pts',(7.15302318302225,-16.036245105815,-17.9292916608899));
#9453=CARTESIAN_POINT('Ctrl Pts',(8.95870871161496,-16.2648312225283,-17.925517879972));
#9454=CARTESIAN_POINT('Ctrl Pts',(9.56060392155511,-16.3410266715027,-17.924196973449));
#9455=CARTESIAN_POINT('Ctrl Pts',(10.7643943491884,-16.4934175870833,-17.9215406896043));
#9456=CARTESIAN_POINT('Ctrl Pts',(11.3662895653365,-16.5696130501757,-17.9202081960766));
#9457=CARTESIAN_POINT('Ctrl Pts',(11.9681847427348,-16.6458084251442,-17.918948027962));
#9458=CARTESIAN_POINT('Ctrl Pts',(-1.75212360983522,-12.3289177840355,2.58258496530524));
#9459=CARTESIAN_POINT('Ctrl Pts',(-1.66396800799149,-12.3520971011028,2.5788114332132));
#9460=CARTESIAN_POINT('Ctrl Pts',(-1.48765680430403,-12.3984557352372,2.57126436902914));
#9461=CARTESIAN_POINT('Ctrl Pts',(-1.13503439692912,-12.4911730035062,2.55617024066102));
#9462=CARTESIAN_POINT('Ctrl Pts',(-0.694256387710471,-12.6070695888424,
2.53730258020086));
#9463=CARTESIAN_POINT('Ctrl Pts',(-0.253478378491824,-12.7229661741786,
2.5184349197407));
#9464=CARTESIAN_POINT('Ctrl Pts',(0.0991440288830915,-12.8156834424475,
2.50334079137258));
#9465=CARTESIAN_POINT('Ctrl Pts',(0.27545523257055,-12.862042076582,2.49579372718851));
#9466=CARTESIAN_POINT('Ctrl Pts',(0.363610834414279,-12.8852213936492,2.49202019509648));
#9467=CARTESIAN_POINT('Ctrl Pts',(-1.76451948126606,-12.3949037893907,2.57974091470074));
#9468=CARTESIAN_POINT('Ctrl Pts',(-1.67722829445591,-12.4181783296117,2.57603297407224));
#9469=CARTESIAN_POINT('Ctrl Pts',(-1.50264592083562,-12.4647274100538,2.56861709281523));
#9470=CARTESIAN_POINT('Ctrl Pts',(-1.15348117359503,-12.557825570938,2.55378533030123));
#9471=CARTESIAN_POINT('Ctrl Pts',(-0.717025239544307,-12.6741982720433,
2.53524562715872));
#9472=CARTESIAN_POINT('Ctrl Pts',(-0.280569305493578,-12.7905709731485,
2.51670592401622));
#9473=CARTESIAN_POINT('Ctrl Pts',(0.0685954417470032,-12.8836691340327,
2.50187416150221));
#9474=CARTESIAN_POINT('Ctrl Pts',(0.243177815367294,-12.9302182144749,2.4944582802452));
#9475=CARTESIAN_POINT('Ctrl Pts',(0.33046900217744,-12.9534927546959,2.49075033961671));
#9476=CARTESIAN_POINT('Ctrl Pts',(-1.78616155436517,-12.532533718281,2.54902066818085));
#9477=CARTESIAN_POINT('Ctrl Pts',(-1.70070767296724,-12.5559003563552,2.54546340463109));
#9478=CARTESIAN_POINT('Ctrl Pts',(-1.52979991017138,-12.6026336325037,2.53834887753155));
#9479=CARTESIAN_POINT('Ctrl Pts',(-1.18798438457965,-12.6961001848005,2.52411982333248));
#9480=CARTESIAN_POINT('Ctrl Pts',(-0.760714977589999,-12.8129333751715,
2.50633350558364));
#9481=CARTESIAN_POINT('Ctrl Pts',(-0.333445570600344,-12.9297665655426,
2.4885471878348));
#9482=CARTESIAN_POINT('Ctrl Pts',(0.00836995499137926,-13.0232331178394,
2.47431813363572));
#9483=CARTESIAN_POINT('Ctrl Pts',(0.179277717787241,-13.0699663939878,2.46720360653619));
#9484=CARTESIAN_POINT('Ctrl Pts',(0.264731599185172,-13.093333032062,2.46364634298642));
#9485=CARTESIAN_POINT('Ctrl Pts',(-1.81872224931195,-12.8231263217816,2.39872247082199));
#9486=CARTESIAN_POINT('Ctrl Pts',(-1.7372296358851,-12.8463270739675,2.39552059934824));
#9487=CARTESIAN_POINT('Ctrl Pts',(-1.57424440903139,-12.8927285783394,2.38911685640074));
#9488=CARTESIAN_POINT('Ctrl Pts',(-1.24827395532397,-12.9855315870831,2.37630937050574));
#9489=CARTESIAN_POINT('Ctrl Pts',(-0.840810888189699,-13.1015353480127,
2.36030001313699));
#9490=CARTESIAN_POINT('Ctrl Pts',(-0.433347821055426,-13.2175391089423,
2.34429065576824));
#9491=CARTESIAN_POINT('Ctrl Pts',(-0.10737736734801,-13.3103421176859,2.33148316987323));
#9492=CARTESIAN_POINT('Ctrl Pts',(0.0556078595056997,-13.3567436220578,
2.32507942692573));
#9493=CARTESIAN_POINT('Ctrl Pts',(0.137100472932554,-13.3799443742437,2.32187755545199));
#9494=CARTESIAN_POINT('Ctrl Pts',(-1.84283269902158,-13.2014304862558,2.06537442275842));
#9495=CARTESIAN_POINT('Ctrl Pts',(-1.76655306977064,-13.2238486885102,2.06267322743671));
#9496=CARTESIAN_POINT('Ctrl Pts',(-1.61399381126877,-13.268685093019,2.05727083679329));
#9497=CARTESIAN_POINT('Ctrl Pts',(-1.30887529426503,-13.3583579020365,2.04646605550646));
#9498=CARTESIAN_POINT('Ctrl Pts',(-0.927477148010346,-13.4704489133084,
2.0329600788979));
#9499=CARTESIAN_POINT('Ctrl Pts',(-0.546079001755667,-13.5825399245803,
2.01945410228936));
#9500=CARTESIAN_POINT('Ctrl Pts',(-0.240960484751922,-13.6722127335978,
2.00864932100252));
#9501=CARTESIAN_POINT('Ctrl Pts',(-0.08840122625005,-13.7170491381065,2.0032469303591));
#9502=CARTESIAN_POINT('Ctrl Pts',(-0.012121596999114,-13.7394673403609,
2.00054573503739));
#9503=CARTESIAN_POINT('Ctrl Pts',(-1.85419872909308,-13.5633245625245,1.59441369083045));
#9504=CARTESIAN_POINT('Ctrl Pts',(-1.78274439513311,-13.5844098525356,1.5921687262961));
#9505=CARTESIAN_POINT('Ctrl Pts',(-1.63983572721318,-13.6265804325578,1.58767879722739));
#9506=CARTESIAN_POINT('Ctrl Pts',(-1.35401839137333,-13.7109215926023,1.57869893908997));
#9507=CARTESIAN_POINT('Ctrl Pts',(-0.996746721573511,-13.8163480426579,
1.5674741164182));
#9508=CARTESIAN_POINT('Ctrl Pts',(-0.639475051773694,-13.9217744927136,
1.55624929374643));
#9509=CARTESIAN_POINT('Ctrl Pts',(-0.353657715933837,-14.0061156527581,
1.54726943560901));
#9510=CARTESIAN_POINT('Ctrl Pts',(-0.21074904801391,-14.0482862327803,1.5427795065403));
#9511=CARTESIAN_POINT('Ctrl Pts',(-0.139294714053947,-14.0693715227914,
1.54053454200595));
#9512=CARTESIAN_POINT('Ctrl Pts',(-1.86127058476359,-13.8210969896139,1.16889012574278));
#9513=CARTESIAN_POINT('Ctrl Pts',(-1.79300214100481,-13.8409156691133,1.16691166255507));
#9514=CARTESIAN_POINT('Ctrl Pts',(-1.65646525348725,-13.8805530281121,1.16295473617966));
#9515=CARTESIAN_POINT('Ctrl Pts',(-1.38339147845214,-13.9598277461097,1.15504088342883));
#9516=CARTESIAN_POINT('Ctrl Pts',(-1.04204925965824,-14.0589211436068,1.1451485674903));
#9517=CARTESIAN_POINT('Ctrl Pts',(-0.700707040864347,-14.1580145411039,
1.13525625155177));
#9518=CARTESIAN_POINT('Ctrl Pts',(-0.427633265829232,-14.2372892591015,
1.12734239880094));
#9519=CARTESIAN_POINT('Ctrl Pts',(-0.291096378311674,-14.2769266181003,
1.12338547242553));
#9520=CARTESIAN_POINT('Ctrl Pts',(-0.222827934552895,-14.2967452975998,
1.12140700923782));
#9521=CARTESIAN_POINT('Ctrl Pts',(-1.86507047036932,-13.9357527950164,0.945512121812735));
#9522=CARTESIAN_POINT('Ctrl Pts',(-1.79809656758383,-13.9548930651326,0.943622112193204));
#9523=CARTESIAN_POINT('Ctrl Pts',(-1.66414876201285,-13.9931736053649,0.939842092954139));
#9524=CARTESIAN_POINT('Ctrl Pts',(-1.3962531508709,-14.0697346858296,0.932282054476008));
#9525=CARTESIAN_POINT('Ctrl Pts',(-1.06138363694346,-14.1654360364104,0.922832006378345));
#9526=CARTESIAN_POINT('Ctrl Pts',(-0.726514123016013,-14.2611373869913,
0.913381958280683));
#9527=CARTESIAN_POINT('Ctrl Pts',(-0.458618511874059,-14.337698467456,0.905821919802552));
#9528=CARTESIAN_POINT('Ctrl Pts',(-0.324670706303082,-14.3759790076883,
0.902041900563487));
#9529=CARTESIAN_POINT('Ctrl Pts',(-0.257696803517593,-14.3951192778045,
0.900151890943954));
#9530=CARTESIAN_POINT('Ctrl Pts',(-1.86727080608964,-13.988610729807,0.832577924116718));
#9531=CARTESIAN_POINT('Ctrl Pts',(-1.80085116722978,-14.0074059332277,0.830717949668967));
#9532=CARTESIAN_POINT('Ctrl Pts',(-1.66801188951006,-14.0449963400689,0.826998000773466));
#9533=CARTESIAN_POINT('Ctrl Pts',(-1.40233333407061,-14.1201771537514,0.819558102982463));
#9534=CARTESIAN_POINT('Ctrl Pts',(-1.0702351397713,-14.2141531708544,0.81025823074371));
#9535=CARTESIAN_POINT('Ctrl Pts',(-0.738136945471994,-14.3081291879575,
0.800958358504955));
#9536=CARTESIAN_POINT('Ctrl Pts',(-0.47245839003255,-14.38331000164,0.793518460713954));
#9537=CARTESIAN_POINT('Ctrl Pts',(-0.339619112312826,-14.4209004084812,
0.789798511818452));
#9538=CARTESIAN_POINT('Ctrl Pts',(-0.273199473452965,-14.4396956119018,
0.787938537370701));
#9539=CARTESIAN_POINT('Ctrl Pts',(-1.86727080608964,-13.988610729807,0.832577924116718));
#9540=CARTESIAN_POINT('Ctrl Pts',(-1.86507047036932,-13.9357527950164,0.945512121812735));
#9541=CARTESIAN_POINT('Ctrl Pts',(-1.86317052756645,-13.8784248923151,1.05720112377776));
#9542=CARTESIAN_POINT('Ctrl Pts',(-1.85950262084596,-13.7566538828415,1.2752710170147));
#9543=CARTESIAN_POINT('Ctrl Pts',(-1.85773465692833,-13.6922107760692,1.38165190828662));
#9544=CARTESIAN_POINT('Ctrl Pts',(-1.85192552307878,-13.4909457472707,1.68860583721605));
#9545=CARTESIAN_POINT('Ctrl Pts',(-1.84283269902158,-13.2014304862558,2.06537442275842));
#9546=CARTESIAN_POINT('Ctrl Pts',(-1.82354433925388,-12.8987871546765,2.33205286120927));
#9547=CARTESIAN_POINT('Ctrl Pts',(-1.80947604764367,-12.7514823982464,2.42659866673737));
#9548=CARTESIAN_POINT('Ctrl Pts',(-1.80244190183856,-12.6778300200313,2.47387156950142));
#9549=CARTESIAN_POINT('Ctrl Pts',(-1.79430172810187,-12.6051818691562,2.51144611884114));
#9550=CARTESIAN_POINT('Ctrl Pts',(-1.78482112295874,-12.534450311496,2.53791345514097));
#9551=CARTESIAN_POINT('Ctrl Pts',(-1.77534051781561,-12.4637187538358,2.5643807914408));
#9552=CARTESIAN_POINT('Ctrl Pts',(-1.76451948126606,-12.3949037893907,2.57974091470074));
#9553=CARTESIAN_POINT('Ctrl Pts',(-1.75212360983522,-12.3289177840355,2.58258496530524));
#9554=CARTESIAN_POINT('Ctrl Pts',(0.363610834414279,-12.8852213936492,2.49202019509648));
#9555=CARTESIAN_POINT('Ctrl Pts',(0.33046900217744,-12.9534927546959,2.49075033961671));
#9556=CARTESIAN_POINT('Ctrl Pts',(0.297600300681306,-13.023412893379,2.47719834130156));
#9557=CARTESIAN_POINT('Ctrl Pts',(0.232823817622017,-13.1649858676075,2.42820414610281));
#9558=CARTESIAN_POINT('Ctrl Pts',(0.200916036058863,-13.2366387031529,2.3927619492192));
#9559=CARTESIAN_POINT('Ctrl Pts',(0.10725605894622,-13.4518489674672,2.25761119136906));
#9560=CARTESIAN_POINT('Ctrl Pts',(-0.0121215969991139,-13.7394673403609,
2.00054573503739));
#9561=CARTESIAN_POINT('Ctrl Pts',(-0.11386009064298,-14.0033906863053,1.63253678061224));
#9562=CARTESIAN_POINT('Ctrl Pts',(-0.181061324303421,-14.1830584101956,
1.33097077562188));
#9563=CARTESIAN_POINT('Ctrl Pts',(-0.201944629428158,-14.2399018538977,
1.22618889242985));
#9564=CARTESIAN_POINT('Ctrl Pts',(-0.240262369035244,-14.3459322877021,
1.01077945009089));
#9565=CARTESIAN_POINT('Ctrl Pts',(-0.257696803517592,-14.3951192778045,
0.900151890943957));
#9566=CARTESIAN_POINT('Ctrl Pts',(-0.273199473452964,-14.4396956119018,
0.787938537370707));
#9567=CARTESIAN_POINT('Ctrl Pts',(0.363610834414279,-12.8852213936492,2.49202019509648));
#9568=CARTESIAN_POINT('Ctrl Pts',(0.808489777090572,-12.7590296801965,3.83369353378582));
#9569=CARTESIAN_POINT('Ctrl Pts',(1.0293514714202,-12.8002232163534,6.53605482178559));
#9570=CARTESIAN_POINT('Ctrl Pts',(1.4540551380706,-12.8840339980809,11.9035948933119));
#9571=CARTESIAN_POINT('Ctrl Pts',(1.65789711039137,-12.9266512436515,14.5687736768385));
#9572=CARTESIAN_POINT('Ctrl Pts',(2.24389344434041,-13.0566385444838,22.5085362707084));
#9573=CARTESIAN_POINT('Ctrl Pts',(3.63639358944788,-13.2893530702142,38.875065975006));
#9574=CARTESIAN_POINT('Ctrl Pts',(11.8166057875832,-13.2643391254989,77.1524875045215));
#9575=CARTESIAN_POINT('Ctrl Pts',(49.1827280061179,-11.6166504343299,114.802674551224));
#9576=CARTESIAN_POINT('Ctrl Pts',(51.3678350610958,-11.3352364879557,209.450891486599));
#9577=CARTESIAN_POINT('Ctrl Pts',(31.068538882037,-10.3918398619987,329.068941244814));
#9578=CARTESIAN_POINT('Ctrl Pts',(8.44585385115167,-11.3285687667731,358.858359621765));
#9579=CARTESIAN_POINT('Ctrl Pts',(1.37604804239271,-9.43982384374851,359.173479744476));
#9580=CARTESIAN_POINT('Ctrl Pts',(-0.884263947631712,-9.58790895584837,
360.8049120156));
#9581=CARTESIAN_POINT('Ctrl Pts',(-2.25140837432893,-9.29743603236054,360.977942126771));
#9582=CARTESIAN_POINT('Ctrl Pts',(-2.93498058767754,-9.15219957061663,361.064457182356));
#9583=CARTESIAN_POINT('Ctrl Pts',(0.33046900217744,-12.9534927546959,2.49075033961671));
#9584=CARTESIAN_POINT('Ctrl Pts',(0.546040126078434,-12.9046579173491,4.35086443487359));
#9585=CARTESIAN_POINT('Ctrl Pts',(0.726577251588755,-12.9489217774261,6.74293342985384));
#9586=CARTESIAN_POINT('Ctrl Pts',(1.18805723316409,-12.9838483954712,11.6924134402327));
#9587=CARTESIAN_POINT('Ctrl Pts',(1.40008704426204,-13.0161032864641,14.3346339291824));
#9588=CARTESIAN_POINT('Ctrl Pts',(1.99988757374726,-13.1234867800703,22.2448528130979));
#9589=CARTESIAN_POINT('Ctrl Pts',(3.37745604233931,-13.3393674824987,38.5483863324216));
#9590=CARTESIAN_POINT('Ctrl Pts',(11.4694313108119,-13.3349686016304,77.1539594808422));
#9591=CARTESIAN_POINT('Ctrl Pts',(49.0759957914427,-11.635797029873,114.787393463523));
#9592=CARTESIAN_POINT('Ctrl Pts',(51.5151302235229,-11.3899922145726,209.46229195977));
#9593=CARTESIAN_POINT('Ctrl Pts',(31.1554151635297,-10.3865773098242,329.068909659555));
#9594=CARTESIAN_POINT('Ctrl Pts',(8.48452324510052,-11.3348068138397,358.859496564539));
#9595=CARTESIAN_POINT('Ctrl Pts',(1.37703784473432,-9.43467897728897,359.175403976057));
#9596=CARTESIAN_POINT('Ctrl Pts',(-0.88042463813543,-9.58467187474882,360.80509739122));
#9597=CARTESIAN_POINT('Ctrl Pts',(-2.25012860449684,-9.29635700532735,360.978003918644));
#9598=CARTESIAN_POINT('Ctrl Pts',(-2.93498058767754,-9.15219957061663,361.064457182356));
#9599=CARTESIAN_POINT('Ctrl Pts',(0.297600300681306,-13.023412893379,2.47719834130156));
#9600=CARTESIAN_POINT('Ctrl Pts',(0.486913454973033,-13.0178386460506,4.61200918431615));
#9601=CARTESIAN_POINT('Ctrl Pts',(0.624397136897678,-13.0399162145726,6.80955572886958));
#9602=CARTESIAN_POINT('Ctrl Pts',(1.01449739556809,-13.0735377012318,11.5418949676782));
#9603=CARTESIAN_POINT('Ctrl Pts',(1.19733657450865,-13.1034143259648,14.0926307872574));
#9604=CARTESIAN_POINT('Ctrl Pts',(1.78951768284024,-13.1967451821208,21.9059041626135));
#9605=CARTESIAN_POINT('Ctrl Pts',(3.14853418554301,-13.398210822261,38.1767145797991));
#9606=CARTESIAN_POINT('Ctrl Pts',(11.1632839089477,-13.412524651792,77.154649006439));
#9607=CARTESIAN_POINT('Ctrl Pts',(48.9487969731108,-11.6601739035724,114.771380435371));
#9608=CARTESIAN_POINT('Ctrl Pts',(51.6630382952836,-11.4440888026168,209.473664039009));
#9609=CARTESIAN_POINT('Ctrl Pts',(31.2405604629474,-10.3811249252058,329.068879512519));
#9610=CARTESIAN_POINT('Ctrl Pts',(8.52263557462132,-11.3408307095081,358.860635872298));
#9611=CARTESIAN_POINT('Ctrl Pts',(1.37793299847521,-9.42952683952584,359.177331587429));
#9612=CARTESIAN_POINT('Ctrl Pts',(-0.876617204530986,-9.58143087324994,
360.805283092439));
#9613=CARTESIAN_POINT('Ctrl Pts',(-2.24885945996202,-9.2952766714944,360.978065819051));
#9614=CARTESIAN_POINT('Ctrl Pts',(-2.93498058767754,-9.15219957061663,361.064457182356));
#9615=CARTESIAN_POINT('Ctrl Pts',(0.232823817622017,-13.1649858676075,2.42820414610281));
#9616=CARTESIAN_POINT('Ctrl Pts',(0.347675944240421,-13.1843395277134,4.46597447080777));
#9617=CARTESIAN_POINT('Ctrl Pts',(0.447234659439405,-13.2100575127344,6.64607790868671));
#9618=CARTESIAN_POINT('Ctrl Pts',(0.741765743997555,-13.2471323770599,11.172547074324));
#9619=CARTESIAN_POINT('Ctrl Pts',(0.899949764602584,-13.2717165052616,13.6230836442624));
#9620=CARTESIAN_POINT('Ctrl Pts',(1.43665212475188,-13.350904754999,21.2250298581785));
#9621=CARTESIAN_POINT('Ctrl Pts',(2.75865803838727,-13.5310247150022,37.4302683024154));
#9622=CARTESIAN_POINT('Ctrl Pts',(10.6438267134545,-13.577402974577,77.1544129656725));
#9623=CARTESIAN_POINT('Ctrl Pts',(48.6604906836597,-11.7178601457741,114.737765280821));
#9624=CARTESIAN_POINT('Ctrl Pts',(51.960632823978,-11.5506720747434,209.496373471915));
#9625=CARTESIAN_POINT('Ctrl Pts',(31.4072689509721,-10.369848599,329.068821963916));
#9626=CARTESIAN_POINT('Ctrl Pts',(8.59770050563079,-11.3524343169806,358.862920154922));
#9627=CARTESIAN_POINT('Ctrl Pts',(1.37953524976835,-9.4192086924897,359.181193285265));
#9628=CARTESIAN_POINT('Ctrl Pts',(-0.86906703667409,-9.57494141849237,360.805655118674));
#9629=CARTESIAN_POINT('Ctrl Pts',(-2.24634273734306,-9.29311351990854,360.978189827795));
#9630=CARTESIAN_POINT('Ctrl Pts',(-2.93498058767754,-9.15219957061663,361.064457182356));
#9631=CARTESIAN_POINT('Ctrl Pts',(0.200916036058863,-13.2366387031529,2.3927619492192));
#9632=CARTESIAN_POINT('Ctrl Pts',(0.30247604466974,-13.2584608390246,4.44619094700064));
#9633=CARTESIAN_POINT('Ctrl Pts',(0.39384044566767,-13.284525858173,6.59450868689808));
#9634=CARTESIAN_POINT('Ctrl Pts',(0.651522453333182,-13.3270647924094,11.0519608845042));
#9635=CARTESIAN_POINT('Ctrl Pts',(0.791247318859573,-13.3525230731179,13.3703774422769));
#9636=CARTESIAN_POINT('Ctrl Pts',(1.29415645757053,-13.4318059258267,20.8831042042279));
#9637=CARTESIAN_POINT('Ctrl Pts',(2.59770374802783,-13.6049952679812,37.0554937776543));
#9638=CARTESIAN_POINT('Ctrl Pts',(10.4305169198255,-13.6647252472006,77.1534873993093));
#9639=CARTESIAN_POINT('Ctrl Pts',(48.4993832125406,-11.7511695142765,114.720163154425));
#9640=CARTESIAN_POINT('Ctrl Pts',(52.1103192809116,-11.6031587588258,209.507710825581));
#9641=CARTESIAN_POINT('Ctrl Pts',(31.4888321395792,-10.3640246574126,329.068794562349));
#9642=CARTESIAN_POINT('Ctrl Pts',(8.63465310711947,-11.3580140287848,358.864065129787));
#9643=CARTESIAN_POINT('Ctrl Pts',(1.38024234732059,-9.41404268321669,359.183127371729));
#9644=CARTESIAN_POINT('Ctrl Pts',(-0.865324302421638,-9.57169296523369,
360.805841443689));
#9645=CARTESIAN_POINT('Ctrl Pts',(-2.24509515925891,-9.29203070215564,360.978251936134));
#9646=CARTESIAN_POINT('Ctrl Pts',(-2.93498058767754,-9.15219957061663,361.064457182356));
#9647=CARTESIAN_POINT('Ctrl Pts',(0.10725605894622,-13.4518489674672,2.25761119136906));
#9648=CARTESIAN_POINT('Ctrl Pts',(0.180982285080594,-13.4802645393817,4.33911649421481));
#9649=CARTESIAN_POINT('Ctrl Pts',(0.254708511214967,-13.5086801112963,6.42062179706056));
#9650=CARTESIAN_POINT('Ctrl Pts',(0.436200753499207,-13.5653904679336,10.7291996773102));
#9651=CARTESIAN_POINT('Ctrl Pts',(0.543966769649074,-13.5936852526564,12.9562722547141));
#9652=CARTESIAN_POINT('Ctrl Pts',(0.969384188145152,-13.6782072452496,20.0741918106001));
#9653=CARTESIAN_POINT('Ctrl Pts',(2.22869650532323,-13.845801784135,36.05683821707));
#9654=CARTESIAN_POINT('Ctrl Pts',(9.9460191389233,-13.9352110103677,77.1482127765115));
#9655=CARTESIAN_POINT('Ctrl Pts',(47.9757346517927,-11.8622042697241,114.664785301855));
#9656=CARTESIAN_POINT('Ctrl Pts',(52.5628750792297,-11.7577665149058,209.541703891652));
#9657=CARTESIAN_POINT('Ctrl Pts',(31.7279683191936,-10.3460076590755,329.068716279384));
#9658=CARTESIAN_POINT('Ctrl Pts',(8.74370292077327,-11.3740630667992,358.867509960751));
#9659=CARTESIAN_POINT('Ctrl Pts',(1.38208341721351,-9.39852485477864,359.188938917024));
#9660=CARTESIAN_POINT('Ctrl Pts',(-0.854194570044744,-9.56193701137613,
360.806401313312));
#9661=CARTESIAN_POINT('Ctrl Pts',(-2.24138524846661,-9.28877871753646,360.978438559341));
#9662=CARTESIAN_POINT('Ctrl Pts',(-2.93498058767754,-9.15219957061663,361.064457182356));
#9663=CARTESIAN_POINT('Ctrl Pts',(-0.0121215969991139,-13.7394673403609,
2.00054573503739));
#9664=CARTESIAN_POINT('Ctrl Pts',(0.0566064432894634,-13.7745088503207,
4.06908687352849));
#9665=CARTESIAN_POINT('Ctrl Pts',(0.125334483578041,-13.8095503602805,6.13762801201959));
#9666=CARTESIAN_POINT('Ctrl Pts',(0.296860279478301,-13.8792338472351,10.4028443670927));
#9667=CARTESIAN_POINT('Ctrl Pts',(0.399658035089984,-13.9138758242299,12.5995195836747));
#9668=CARTESIAN_POINT('Ctrl Pts',(0.810260447894351,-14.0166031563193,19.5739474676934));
#9669=CARTESIAN_POINT('Ctrl Pts',(2.04030185738036,-14.2172634249182,35.0604121728215));
#9670=CARTESIAN_POINT('Ctrl Pts',(9.71450636434601,-14.3185758820476,77.1345188162259));
#9671=CARTESIAN_POINT('Ctrl Pts',(47.1700001777537,-12.0398683434955,114.584090902751));
#9672=CARTESIAN_POINT('Ctrl Pts',(53.1756066170338,-11.9563040665661,209.586977326609));
#9673=CARTESIAN_POINT('Ctrl Pts',(32.0320075287951,-10.3205311984264,329.068622360062));
#9674=CARTESIAN_POINT('Ctrl Pts',(8.88428136347912,-11.3936215244234,358.872129485684));
#9675=CARTESIAN_POINT('Ctrl Pts',(1.38379091636723,-9.37778161521063,359.196712406493));
#9676=CARTESIAN_POINT('Ctrl Pts',(-0.83961751455679,-9.54890082201543,360.807150191691));
#9677=CARTESIAN_POINT('Ctrl Pts',(-2.23652622997063,-9.28443332108289,360.978688185468));
#9678=CARTESIAN_POINT('Ctrl Pts',(-2.93498058767754,-9.15219957061663,361.064457182356));
#9679=CARTESIAN_POINT('Ctrl Pts',(-0.11386009064298,-14.0033906863053,1.63253678061224));
#9680=CARTESIAN_POINT('Ctrl Pts',(-0.00623842847685522,-14.0482954406174,
3.65775103886651));
#9681=CARTESIAN_POINT('Ctrl Pts',(0.10138323368927,-14.0932001949295,5.68296529712078));
#9682=CARTESIAN_POINT('Ctrl Pts',(0.353916339919792,-14.1835393948983,9.9252307606856));
#9683=CARTESIAN_POINT('Ctrl Pts',(0.498827783984191,-14.228973840555,12.1422819659962));
#9684=CARTESIAN_POINT('Ctrl Pts',(1.04543146187221,-14.366866251559,19.3689464230967));
#9685=CARTESIAN_POINT('Ctrl Pts',(2.58611620042752,-14.649007369702,36.1243187019733));
#9686=CARTESIAN_POINT('Ctrl Pts',(10.4844974577585,-14.6819843190765,77.106699547969));
#9687=CARTESIAN_POINT('Ctrl Pts',(46.2615857900571,-12.2523188994658,114.487678501487));
#9688=CARTESIAN_POINT('Ctrl Pts',(53.8158268323518,-12.1349633429375,209.632502451907));
#9689=CARTESIAN_POINT('Ctrl Pts',(32.3045063320592,-10.2922768720816,329.068547261019));
#9690=CARTESIAN_POINT('Ctrl Pts',(9.0144876017036,-11.4092453655052,358.87681683879));
#9691=CARTESIAN_POINT('Ctrl Pts',(1.38402375031838,-9.35694350989716,359.20453086894));
#9692=CARTESIAN_POINT('Ctrl Pts',(-0.825580795524398,-9.53581435550801,
360.807903402653));
#9693=CARTESIAN_POINT('Ctrl Pts',(-2.2318473236265,-9.28007116558042,360.978939255789));
#9694=CARTESIAN_POINT('Ctrl Pts',(-2.93498058767754,-9.15219957061663,361.064457182356));
#9695=CARTESIAN_POINT('Ctrl Pts',(-0.181061324303421,-14.1830584101956,
1.33097077562188));
#9696=CARTESIAN_POINT('Ctrl Pts',(-0.0181238269097795,-14.2377460570685,
3.28992305444814));
#9697=CARTESIAN_POINT('Ctrl Pts',(0.139056286395504,-14.2996642207272,5.41836249064257));
#9698=CARTESIAN_POINT('Ctrl Pts',(0.554019978808247,-14.4188352629867,9.86698679183763));
#9699=CARTESIAN_POINT('Ctrl Pts',(0.769175903784231,-14.4744775457332,12.1995165117405));
#9700=CARTESIAN_POINT('Ctrl Pts',(1.5269081225329,-14.6515304108132,20.0404913410586));
#9701=CARTESIAN_POINT('Ctrl Pts',(3.30475301958453,-14.9497104317795,37.1362069191288));
#9702=CARTESIAN_POINT('Ctrl Pts',(11.5022554788409,-14.9225354302672,77.0802369632142));
#9703=CARTESIAN_POINT('Ctrl Pts',(45.5839173588229,-12.4155333782118,114.408723645677));
#9704=CARTESIAN_POINT('Ctrl Pts',(54.309615646941,-12.2597536860841,209.666873053491));
#9705=CARTESIAN_POINT('Ctrl Pts',(32.4963319021678,-10.2700930752012,329.068497208474));
#9706=CARTESIAN_POINT('Ctrl Pts',(9.10797910863536,-11.4193924787061,358.880363412015));
#9707=CARTESIAN_POINT('Ctrl Pts',(1.38365282240743,-9.34128338284099,359.210409873702));
#9708=CARTESIAN_POINT('Ctrl Pts',(-0.815261567830847,-9.52598298593038,
360.808469771152));
#9709=CARTESIAN_POINT('Ctrl Pts',(-2.22840758106198,-9.27679404238787,360.979128045288));
#9710=CARTESIAN_POINT('Ctrl Pts',(-2.93498058767754,-9.15219957061663,361.064457182356));
#9711=CARTESIAN_POINT('Ctrl Pts',(-0.201944629428158,-14.2399018538977,
1.22618889242985));
#9712=CARTESIAN_POINT('Ctrl Pts',(-0.0162109171554518,-14.2982480415069,
3.15742604157171));
#9713=CARTESIAN_POINT('Ctrl Pts',(0.160886718984718,-14.367440004295,5.34289392676581));
#9714=CARTESIAN_POINT('Ctrl Pts',(0.646939790697287,-14.498445003573,9.89756650821453));
#9715=CARTESIAN_POINT('Ctrl Pts',(0.907510188049855,-14.5658779609946,12.4486032167395));
#9716=CARTESIAN_POINT('Ctrl Pts',(1.73825007611601,-14.7500796035354,20.4018889306142));
#9717=CARTESIAN_POINT('Ctrl Pts',(3.59584463628213,-15.0460939697203,37.5091627115626));
#9718=CARTESIAN_POINT('Ctrl Pts',(11.9148856027056,-14.9973849312339,77.0704830793689));
#9719=CARTESIAN_POINT('Ctrl Pts',(45.3586349416679,-12.4705842980886,114.38129776793));
#9720=CARTESIAN_POINT('Ctrl Pts',(54.4764825273208,-12.299816448111,209.678367713621));
#9721=CARTESIAN_POINT('Ctrl Pts',(32.558182336814,-10.2625329675541,329.068481569581));
#9722=CARTESIAN_POINT('Ctrl Pts',(9.13844908232318,-11.4225130551713,358.881550779489));
#9723=CARTESIAN_POINT('Ctrl Pts',(1.38343825420806,-9.33605808247707,359.212372068278));
#9724=CARTESIAN_POINT('Ctrl Pts',(-0.811856543863121,-9.52270310945499,
360.808658804031));
#9725=CARTESIAN_POINT('Ctrl Pts',(-2.22727257307274,-9.27570075022941,360.979191056248));
#9726=CARTESIAN_POINT('Ctrl Pts',(-2.93498058767754,-9.15219957061663,361.064457182356));
#9727=CARTESIAN_POINT('Ctrl Pts',(-0.240262369035244,-14.3459322877021,
1.01077945009089));
#9728=CARTESIAN_POINT('Ctrl Pts',(0.0591094923945559,-14.4395476472541,
3.07908269706212));
#9729=CARTESIAN_POINT('Ctrl Pts',(0.323837543448318,-14.5208582394989,5.36616471724052));
#9730=CARTESIAN_POINT('Ctrl Pts',(0.988131062954994,-14.6714126553343,10.2431795135443));
#9731=CARTESIAN_POINT('Ctrl Pts',(1.30305229168863,-14.7436476249287,12.9333298602121));
#9732=CARTESIAN_POINT('Ctrl Pts',(2.26916376194451,-14.9360351911502,21.1592951417179));
#9733=CARTESIAN_POINT('Ctrl Pts',(4.28677783867628,-15.2235409533466,38.2332826707385));
#9734=CARTESIAN_POINT('Ctrl Pts',(12.8976842091971,-15.1323286020425,77.0490590766455));
#9735=CARTESIAN_POINT('Ctrl Pts',(44.9163087817306,-12.5804502635887,114.324105610141));
#9736=CARTESIAN_POINT('Ctrl Pts',(54.8153100722861,-12.3765823073043,209.701454682039));
#9737=CARTESIAN_POINT('Ctrl Pts',(32.6775802153328,-10.2470898428049,329.068452251398));
#9738=CARTESIAN_POINT('Ctrl Pts',(9.1979557066106,-11.4282147378303,358.883936804374));
#9739=CARTESIAN_POINT('Ctrl Pts',(1.38282850769733,-9.32559763682279,359.216301225581));
#9740=CARTESIAN_POINT('Ctrl Pts',(-0.805116880689566,-9.51613823897735,
360.80903732914));
#9741=CARTESIAN_POINT('Ctrl Pts',(-2.22502601868155,-9.2735124600702,360.979317231284));
#9742=CARTESIAN_POINT('Ctrl Pts',(-2.93498058767754,-9.15219957061663,361.064457182356));
#9743=CARTESIAN_POINT('Ctrl Pts',(-0.257696803517592,-14.3951192778045,
0.900151890943957));
#9744=CARTESIAN_POINT('Ctrl Pts',(0.0429282725456151,-14.5140639831554,
2.65450141464176));
#9745=CARTESIAN_POINT('Ctrl Pts',(0.457066072218591,-14.5929686636413,5.28117595460782));
#9746=CARTESIAN_POINT('Ctrl Pts',(1.23442671891192,-14.7538927058787,10.4358455036256));
#9747=CARTESIAN_POINT('Ctrl Pts',(1.57831874254446,-14.8283554938762,13.2218219008183));
#9748=CARTESIAN_POINT('Ctrl Pts',(2.58873549418991,-15.0234415860428,21.5553037632661));
#9749=CARTESIAN_POINT('Ctrl Pts',(4.68661942437283,-15.3046043990322,38.5844468374806));
#9750=CARTESIAN_POINT('Ctrl Pts',(13.4678526918239,-15.1924227718843,77.0373889577674));
#9751=CARTESIAN_POINT('Ctrl Pts',(44.6992650389483,-12.6352653092121,114.294339330099));
#9752=CARTESIAN_POINT('Ctrl Pts',(54.9872707368716,-12.4132854044707,209.713046990328));
#9753=CARTESIAN_POINT('Ctrl Pts',(32.7351276592053,-10.2392068257028,329.068438572107));
#9754=CARTESIAN_POINT('Ctrl Pts',(9.2269923572102,-11.4307958440241,358.885135461785));
#9755=CARTESIAN_POINT('Ctrl Pts',(1.38243332938597,-9.32036249153242,359.218268188309));
#9756=CARTESIAN_POINT('Ctrl Pts',(-0.801782241483738,-9.51285324497509,
360.809226821371));
#9757=CARTESIAN_POINT('Ctrl Pts',(-2.22391447227961,-9.27241746206944,360.979380395361));
#9758=CARTESIAN_POINT('Ctrl Pts',(-2.93498058767754,-9.15219957061663,361.064457182356));
#9759=CARTESIAN_POINT('Ctrl Pts',(-0.273199473452964,-14.4396956119018,
0.787938537370707));
#9760=CARTESIAN_POINT('Ctrl Pts',(0.495755522262874,-14.5612592082732,1.9552591972022));
#9761=CARTESIAN_POINT('Ctrl Pts',(0.872750607700668,-14.6574384809454,4.89346937643334));
#9762=CARTESIAN_POINT('Ctrl Pts',(1.60073557110045,-14.8284939380575,10.66614260896));
#9763=CARTESIAN_POINT('Ctrl Pts',(1.95172544906244,-14.9033701224974,13.5006056622555));
#9764=CARTESIAN_POINT('Ctrl Pts',(2.96568727173469,-15.0960440434684,21.8483741332386));
#9765=CARTESIAN_POINT('Ctrl Pts',(5.14366496875636,-15.3741985685476,38.8781596584824));
#9766=CARTESIAN_POINT('Ctrl Pts',(14.1221820830424,-15.2430958133649,77.0247356261167));
#9767=CARTESIAN_POINT('Ctrl Pts',(44.4898529106157,-12.6891983869542,114.263340240238));
#9768=CARTESIAN_POINT('Ctrl Pts',(55.1620545768127,-12.4481628557987,209.724699153841));
#9769=CARTESIAN_POINT('Ctrl Pts',(32.7904635343607,-10.2311664078328,329.068425807127));
#9770=CARTESIAN_POINT('Ctrl Pts',(9.25528954667768,-11.4330992745484,358.886340232733));
#9771=CARTESIAN_POINT('Ctrl Pts',(1.381948466525,-9.31512275932744,359.220237392869));
#9772=CARTESIAN_POINT('Ctrl Pts',(-0.798483268443019,-9.50956588672881,
360.809416529574));
#9773=CARTESIAN_POINT('Ctrl Pts',(-2.22281481459937,-9.27132167598735,360.979443631429));
#9774=CARTESIAN_POINT('Ctrl Pts',(-2.93498058767754,-9.15219957061663,361.064457182356));
#9775=CARTESIAN_POINT('Ctrl Pts',(-2.93498058767754,-9.15219957061663,361.064457182356));
#9776=CARTESIAN_POINT('Ctrl Pts',(-2.22281481459937,-9.27132167598735,360.979443631429));
#9777=CARTESIAN_POINT('Ctrl Pts',(-0.798483268443019,-9.50956588672882,
360.809416529574));
#9778=CARTESIAN_POINT('Ctrl Pts',(1.381948466525,-9.31512275932744,359.220237392869));
#9779=CARTESIAN_POINT('Ctrl Pts',(9.25528954667768,-11.4330992745484,358.886340232733));
#9780=CARTESIAN_POINT('Ctrl Pts',(32.7904635343607,-10.2311664078328,329.068425807127));
#9781=CARTESIAN_POINT('Ctrl Pts',(55.1620545768127,-12.4481628557987,209.724699153841));
#9782=CARTESIAN_POINT('Ctrl Pts',(44.4898529106157,-12.6891983869542,114.263340240238));
#9783=CARTESIAN_POINT('Ctrl Pts',(14.1221820830424,-15.2430958133649,77.0247356261167));
#9784=CARTESIAN_POINT('Ctrl Pts',(5.14366496875638,-15.3741985685476,38.8781596584824));
#9785=CARTESIAN_POINT('Ctrl Pts',(2.9656872717347,-15.0960440434684,21.8483741332385));
#9786=CARTESIAN_POINT('Ctrl Pts',(1.95172544906245,-14.9033701224974,13.5006056622555));
#9787=CARTESIAN_POINT('Ctrl Pts',(1.60073557110046,-14.8284939380575,10.66614260896));
#9788=CARTESIAN_POINT('Ctrl Pts',(0.872750607700682,-14.6574384809454,4.89346937643329));
#9789=CARTESIAN_POINT('Ctrl Pts',(0.49575552226289,-14.5612592082732,1.95525919720216));
#9790=CARTESIAN_POINT('Ctrl Pts',(-0.273199473452965,-14.4396956119018,
0.787938537370701));
#9791=CARTESIAN_POINT('Ctrl Pts',(-1.86727080608964,-13.988610729807,0.832577924116718));
#9792=CARTESIAN_POINT('Ctrl Pts',(-2.68342143527938,-14.0248148003227,1.94195448101034));
#9793=CARTESIAN_POINT('Ctrl Pts',(-3.32334925158311,-14.0827794461602,4.60703610490728));
#9794=CARTESIAN_POINT('Ctrl Pts',(-3.90873956787665,-14.1451106814317,7.26523172454633));
#9795=CARTESIAN_POINT('Ctrl Pts',(-4.49412988417018,-14.2074419167032,9.92342734418538));
#9796=CARTESIAN_POINT('Ctrl Pts',(-5.02498270045352,-14.2741397414087,12.5747369595665));
#9797=CARTESIAN_POINT('Ctrl Pts',(-6.45392864927296,-14.4873329838271,20.5080077929364));
#9798=CARTESIAN_POINT('Ctrl Pts',(-9.14241636819307,-14.9532625283254,36.9773028000231));
#9799=CARTESIAN_POINT('Ctrl Pts',(-15.7803423363548,-16.1808488279429,76.9876514996966));
#9800=CARTESIAN_POINT('Ctrl Pts',(-29.2220364876522,-17.4819887206535,115.277087239954));
#9801=CARTESIAN_POINT('Ctrl Pts',(-71.4248640133777,-15.5644411898596,209.644768051828));
#9802=CARTESIAN_POINT('Ctrl Pts',(-39.0844327491703,-11.2977727433212,329.068597538705));
#9803=CARTESIAN_POINT('Ctrl Pts',(-15.0020836348142,-11.4920754419607,356.624029074712));
#9804=CARTESIAN_POINT('Ctrl Pts',(-7.16383715907444,-9.47395024118716,359.19981891777));
#9805=CARTESIAN_POINT('Ctrl Pts',(-5.01902873882422,-9.64814940821833,360.807449465156));
#9806=CARTESIAN_POINT('Ctrl Pts',(-3.62966330472644,-9.31751618315053,360.97878794329));
#9807=CARTESIAN_POINT('Ctrl Pts',(-2.93498058767755,-9.15219957061663,361.064457182356));
#9808=CARTESIAN_POINT('Ctrl Pts',(-1.86507047036932,-13.9357527950164,0.945512121812735));
#9809=CARTESIAN_POINT('Ctrl Pts',(-2.35712021361067,-14.0202686675197,2.67659845248397));
#9810=CARTESIAN_POINT('Ctrl Pts',(-2.89870803207451,-14.0626118859785,5.06335386100908));
#9811=CARTESIAN_POINT('Ctrl Pts',(-3.48927862591706,-14.1209375082228,7.4955207963879));
#9812=CARTESIAN_POINT('Ctrl Pts',(-4.07984921975961,-14.1792631304671,9.92768773176671));
#9813=CARTESIAN_POINT('Ctrl Pts',(-4.6204235338145,-14.2461985849687,12.5468294568168));
#9814=CARTESIAN_POINT('Ctrl Pts',(-6.0620324362723,-14.4609166187162,20.4261825671107));
#9815=CARTESIAN_POINT('Ctrl Pts',(-8.714406798821,-14.9271299783951,36.8109357986808));
#9816=CARTESIAN_POINT('Ctrl Pts',(-15.2993096696545,-16.1510307683232,76.9764480916412));
#9817=CARTESIAN_POINT('Ctrl Pts',(-29.0879085589342,-17.4134317868659,115.260291002764));
#9818=CARTESIAN_POINT('Ctrl Pts',(-71.3446417251173,-15.568018738199,209.633347308184));
#9819=CARTESIAN_POINT('Ctrl Pts',(-39.0249212018894,-11.2980323868387,329.068617526964));
#9820=CARTESIAN_POINT('Ctrl Pts',(-14.9674171001533,-11.489167389657,356.630822251423));
#9821=CARTESIAN_POINT('Ctrl Pts',(-7.16298272686933,-9.47962388683455,359.197868265919));
#9822=CARTESIAN_POINT('Ctrl Pts',(-5.01499578767152,-9.651889074047,360.807261544274));
#9823=CARTESIAN_POINT('Ctrl Pts',(-3.62831898767554,-9.31876273842675,360.978725302996));
#9824=CARTESIAN_POINT('Ctrl Pts',(-2.93498058767755,-9.15219957061663,361.064457182356));
#9825=CARTESIAN_POINT('Ctrl Pts',(-1.86317052756645,-13.8784248923151,1.05720112377776));
#9826=CARTESIAN_POINT('Ctrl Pts',(-2.36039603674054,-13.9455723830592,3.13998114369536));
#9827=CARTESIAN_POINT('Ctrl Pts',(-2.78669187362001,-14.0099915981555,5.31170513673633));
#9828=CARTESIAN_POINT('Ctrl Pts',(-3.30141634963349,-14.0712418685472,7.64455017480011));
#9829=CARTESIAN_POINT('Ctrl Pts',(-3.81614082564696,-14.132492138939,9.97739521286389));
#9830=CARTESIAN_POINT('Ctrl Pts',(-4.3022949572284,-14.2008539357035,12.5043377030996));
#9831=CARTESIAN_POINT('Ctrl Pts',(-5.70749003491087,-14.4156372316019,20.278281004897));
#9832=CARTESIAN_POINT('Ctrl Pts',(-8.30481092202851,-14.8839954458186,36.5986309328533));
#9833=CARTESIAN_POINT('Ctrl Pts',(-14.8359153363525,-16.1039005983025,76.9638012449357));
#9834=CARTESIAN_POINT('Ctrl Pts',(-28.9891683339851,-17.3250997945447,115.242921464209));
#9835=CARTESIAN_POINT('Ctrl Pts',(-71.2640841558222,-15.5706299636016,209.621986187979));
#9836=CARTESIAN_POINT('Ctrl Pts',(-38.9634377077327,-11.2980282442612,329.06863865691));
#9837=CARTESIAN_POINT('Ctrl Pts',(-14.9320791139678,-11.486008365362,356.637780547513));
#9838=CARTESIAN_POINT('Ctrl Pts',(-7.16203751644422,-9.48528805040751,359.195920344638));
#9839=CARTESIAN_POINT('Ctrl Pts',(-5.01092952180325,-9.65562196503372,360.807073886449));
#9840=CARTESIAN_POINT('Ctrl Pts',(-3.62696356571945,-9.32000703542232,360.978662750387));
#9841=CARTESIAN_POINT('Ctrl Pts',(-2.93498058767755,-9.15219957061663,361.064457182356));
#9842=CARTESIAN_POINT('Ctrl Pts',(-1.85950262084596,-13.7566538828415,1.2752710170147));
#9843=CARTESIAN_POINT('Ctrl Pts',(-2.22543482220828,-13.8161850549118,3.31827369764346));
#9844=CARTESIAN_POINT('Ctrl Pts',(-2.57475367265144,-13.8838877643612,5.49393752037954));
#9845=CARTESIAN_POINT('Ctrl Pts',(-2.98747010347114,-13.9484478137998,7.74041382483853));
#9846=CARTESIAN_POINT('Ctrl Pts',(-3.40018653429084,-14.0130078632384,9.98689012929752));
#9847=CARTESIAN_POINT('Ctrl Pts',(-3.82297051596382,-14.082817960011,12.416257243959));
#9848=CARTESIAN_POINT('Ctrl Pts',(-5.07834806568867,-14.3008147728016,19.9737667284343));
#9849=CARTESIAN_POINT('Ctrl Pts',(-7.53720558396194,-14.7710744882737,36.1664182593488));
#9850=CARTESIAN_POINT('Ctrl Pts',(-13.9610073438406,-15.9812600678759,76.9364888463739));
#9851=CARTESIAN_POINT('Ctrl Pts',(-28.8592043567308,-17.1164047875944,115.207768674265));
#9852=CARTESIAN_POINT('Ctrl Pts',(-71.1014600768911,-15.5737375723485,209.599352549179));
#9853=CARTESIAN_POINT('Ctrl Pts',(-38.8366359851344,-11.2974932395776,329.068683330599));
#9854=CARTESIAN_POINT('Ctrl Pts',(-14.8601073795536,-11.4792033225222,356.652014241886));
#9855=CARTESIAN_POINT('Ctrl Pts',(-7.15996440359945,-9.49659650080518,359.192030247));
#9856=CARTESIAN_POINT('Ctrl Pts',(-5.00273137805546,-9.66307356608057,360.806699124249));
#9857=CARTESIAN_POINT('Ctrl Pts',(-3.62423085113685,-9.32249090243794,360.978537829654));
#9858=CARTESIAN_POINT('Ctrl Pts',(-2.93498058767755,-9.15219957061663,361.064457182356));
#9859=CARTESIAN_POINT('Ctrl Pts',(-1.85773465692833,-13.6922107760692,1.38165190828662));
#9860=CARTESIAN_POINT('Ctrl Pts',(-2.19414175526259,-13.7525843968943,3.44227922192692));
#9861=CARTESIAN_POINT('Ctrl Pts',(-2.51947328631741,-13.8184057093057,5.59134729697211));
#9862=CARTESIAN_POINT('Ctrl Pts',(-2.89085102709801,-13.8828067660543,7.81142582353153));
#9863=CARTESIAN_POINT('Ctrl Pts',(-3.26222876787861,-13.9472078228029,10.031504350091));
#9864=CARTESIAN_POINT('Ctrl Pts',(-3.63739825614117,-14.0131336396476,12.3462308952393));
#9865=CARTESIAN_POINT('Ctrl Pts',(-4.8037484978279,-14.2312717011154,19.8171540141854));
#9866=CARTESIAN_POINT('Ctrl Pts',(-7.17919612268787,-14.7012880633052,35.9465104516718));
#9867=CARTESIAN_POINT('Ctrl Pts',(-13.5494936846306,-15.9057497074702,76.9218232945178));
#9868=CARTESIAN_POINT('Ctrl Pts',(-28.8279806044256,-16.9960417729653,115.189985422876));
#9869=CARTESIAN_POINT('Ctrl Pts',(-71.0193935672549,-15.5742339556929,209.588080030584));
#9870=CARTESIAN_POINT('Ctrl Pts',(-38.7713177566929,-11.2969623774715,329.068706874342));
#9871=CARTESIAN_POINT('Ctrl Pts',(-14.8234736313248,-11.4755573039773,356.659289640167));
#9872=CARTESIAN_POINT('Ctrl Pts',(-7.1588365011798,-9.50224078762989,359.190088070642));
#9873=CARTESIAN_POINT('Ctrl Pts',(-4.99859950017592,-9.6667922761407,360.806512019875));
#9874=CARTESIAN_POINT('Ctrl Pts',(-3.62285355851034,-9.32373047245798,360.978475461529));
#9875=CARTESIAN_POINT('Ctrl Pts',(-2.93498058767755,-9.15219957061663,361.064457182356));
#9876=CARTESIAN_POINT('Ctrl Pts',(-1.85192552307878,-13.4909457472707,1.68860583721605));
#9877=CARTESIAN_POINT('Ctrl Pts',(-2.11139246543438,-13.5514982857392,3.77805230331573));
#9878=CARTESIAN_POINT('Ctrl Pts',(-2.37085940778999,-13.6120508242076,5.86749876941542));
#9879=CARTESIAN_POINT('Ctrl Pts',(-2.64157983751474,-13.6745455153844,8.02664735167035));
#9880=CARTESIAN_POINT('Ctrl Pts',(-2.91230026723949,-13.7370402065612,10.1857959339253));
#9881=CARTESIAN_POINT('Ctrl Pts',(-3.19427418433337,-13.8014770504463,12.4146466323355));
#9882=CARTESIAN_POINT('Ctrl Pts',(-4.10771685982987,-14.0064404983517,19.5194114244976));
#9883=CARTESIAN_POINT('Ctrl Pts',(-6.20468590768223,-14.4629790591623,35.4017917965478));
#9884=CARTESIAN_POINT('Ctrl Pts',(-12.4176797290815,-15.6460143863012,76.8761008394482));
#9885=CARTESIAN_POINT('Ctrl Pts',(-28.8306956541346,-16.5981848377546,115.137114434298));
#9886=CARTESIAN_POINT('Ctrl Pts',(-70.7696730604265,-15.5722775483617,209.554349409309));
#9887=CARTESIAN_POINT('Ctrl Pts',(-38.569774709141,-11.2945809908519,329.068781321899));
#9888=CARTESIAN_POINT('Ctrl Pts',(-14.7116994550815,-11.4639111815667,356.681571783443));
#9889=CARTESIAN_POINT('Ctrl Pts',(-7.15517705259728,-9.51914246408265,359.184270584626));
#9890=CARTESIAN_POINT('Ctrl Pts',(-4.98610697465017,-9.67792618806718,360.805951577937));
#9891=CARTESIAN_POINT('Ctrl Pts',(-3.61868938333509,-9.32744177643348,360.97828864755));
#9892=CARTESIAN_POINT('Ctrl Pts',(-2.93498058767755,-9.15219957061663,361.064457182356));
#9893=CARTESIAN_POINT('Ctrl Pts',(-1.84283269902158,-13.2014304862558,2.06537442275842));
#9894=CARTESIAN_POINT('Ctrl Pts',(-2.03073984168707,-13.2559591052578,4.12910043460323));
#9895=CARTESIAN_POINT('Ctrl Pts',(-2.21864698435257,-13.3104877242598,6.19282644644805));
#9896=CARTESIAN_POINT('Ctrl Pts',(-2.41744769016672,-13.3666288946689,8.31943747468164));
#9897=CARTESIAN_POINT('Ctrl Pts',(-2.61624839598086,-13.422770065078,10.4460485029152));
#9898=CARTESIAN_POINT('Ctrl Pts',(-2.82594266494366,-13.4805237868942,12.6355445475376));
#9899=CARTESIAN_POINT('Ctrl Pts',(-3.52038685072397,-13.6634602607855,19.5813427797374));
#9900=CARTESIAN_POINT('Ctrl Pts',(-5.17072073785224,-14.0680344423385,34.9821796374675));
#9901=CARTESIAN_POINT('Ctrl Pts',(-11.1825331805647,-15.2111559848715,76.8105354340193));
#9902=CARTESIAN_POINT('Ctrl Pts',(-29.0913458714122,-15.9696612139449,115.0678964911));
#9903=CARTESIAN_POINT('Ctrl Pts',(-70.4273231102024,-15.5604808522819,209.509607072972));
#9904=CARTESIAN_POINT('Ctrl Pts',(-38.2861483464656,-11.2893023412221,329.06889076218));
#9905=CARTESIAN_POINT('Ctrl Pts',(-14.5576727359391,-11.4464948402834,356.712497170296));
#9906=CARTESIAN_POINT('Ctrl Pts',(-7.14956247762437,-9.54159487529595,359.176538051426));
#9907=CARTESIAN_POINT('Ctrl Pts',(-4.96919189558345,-9.6927121552921,360.805206645182));
#9908=CARTESIAN_POINT('Ctrl Pts',(-3.61305102364618,-9.33237043217512,360.978040336632));
#9909=CARTESIAN_POINT('Ctrl Pts',(-2.93498058767755,-9.15219957061663,361.064457182356));
#9910=CARTESIAN_POINT('Ctrl Pts',(-1.82354433925388,-12.8987871546765,2.33205286120927));
#9911=CARTESIAN_POINT('Ctrl Pts',(-1.98186300911751,-12.9406707509939,4.33549660830893));
#9912=CARTESIAN_POINT('Ctrl Pts',(-2.14018167898115,-12.9825543473114,6.33894035540859));
#9913=CARTESIAN_POINT('Ctrl Pts',(-2.31199500358615,-13.0267999269549,8.43838450116272));
#9914=CARTESIAN_POINT('Ctrl Pts',(-2.48380832819116,-13.0710455065984,10.5378286469168));
#9915=CARTESIAN_POINT('Ctrl Pts',(-2.66911630753754,-13.1176530695679,12.7332731913254));
#9916=CARTESIAN_POINT('Ctrl Pts',(-3.30600817402489,-13.2716476584327,19.8956092164781));
#9917=CARTESIAN_POINT('Ctrl Pts',(-4.90366362079251,-13.6363244359869,36.5242908344905));
#9918=CARTESIAN_POINT('Ctrl Pts',(-10.7609281998689,-14.6991127903755,76.7496565189827));
#9919=CARTESIAN_POINT('Ctrl Pts',(-29.8139134323818,-15.265347685889,115.012958202689));
#9920=CARTESIAN_POINT('Ctrl Pts',(-70.0527805587198,-15.5273927113049,209.464838063065));
#9921=CARTESIAN_POINT('Ctrl Pts',(-37.9744639367107,-11.2798303992292,329.069022642954));
#9922=CARTESIAN_POINT('Ctrl Pts',(-14.3944113045826,-11.4255413385842,356.745644097005));
#9923=CARTESIAN_POINT('Ctrl Pts',(-7.14245911338674,-9.56386637013887,359.16885828838));
#9924=CARTESIAN_POINT('Ctrl Pts',(-4.95177633850284,-9.70736952528004,360.80446679617));
#9925=CARTESIAN_POINT('Ctrl Pts',(-3.60724583795264,-9.3372562221711,360.977793720294));
#9926=CARTESIAN_POINT('Ctrl Pts',(-2.93498058767755,-9.15219957061663,361.064457182356));
#9927=CARTESIAN_POINT('Ctrl Pts',(-1.80947604764367,-12.7514823982464,2.42659866673737));
#9928=CARTESIAN_POINT('Ctrl Pts',(-1.97125293724467,-12.7832023679384,4.38223684614269));
#9929=CARTESIAN_POINT('Ctrl Pts',(-2.13428490353051,-12.8165314795656,6.45812937072528));
#9930=CARTESIAN_POINT('Ctrl Pts',(-2.32312247693929,-12.8512077420896,8.62479396454153));
#9931=CARTESIAN_POINT('Ctrl Pts',(-2.51196004855804,-12.885884006034,10.7914585519741));
#9932=CARTESIAN_POINT('Ctrl Pts',(-2.70952149046593,-12.9278044919416,13.0556144759825));
#9933=CARTESIAN_POINT('Ctrl Pts',(-3.38764385208868,-13.0694619571832,20.61576322734));
#9934=CARTESIAN_POINT('Ctrl Pts',(-4.96808937770958,-13.4324336409176,37.4040481093097));
#9935=CARTESIAN_POINT('Ctrl Pts',(-10.8199271306571,-14.4487711165299,76.7238613726619));
#9936=CARTESIAN_POINT('Ctrl Pts',(-30.2776408092131,-14.9243198248358,114.991990531758));
#9937=CARTESIAN_POINT('Ctrl Pts',(-69.8541076195757,-15.5047969948535,209.442324308644));
#9938=CARTESIAN_POINT('Ctrl Pts',(-37.8120438579298,-11.2740495157863,329.06909471515));
#9939=CARTESIAN_POINT('Ctrl Pts',(-14.310660474873,-11.4142400965612,356.762720399046));
#9940=CARTESIAN_POINT('Ctrl Pts',(-7.13853069173368,-9.57495323807031,359.165032734524));
#9941=CARTESIAN_POINT('Ctrl Pts',(-4.94294751013844,-9.71466353599406,360.804098251955));
#9942=CARTESIAN_POINT('Ctrl Pts',(-3.60430289516451,-9.33968755907577,360.977670872223));
#9943=CARTESIAN_POINT('Ctrl Pts',(-2.93498058767755,-9.15219957061663,361.064457182356));
#9944=CARTESIAN_POINT('Ctrl Pts',(-1.80244190183856,-12.6778300200313,2.47387156950142));
#9945=CARTESIAN_POINT('Ctrl Pts',(-1.96594790130824,-12.7044681764106,4.40560696505958));
#9946=CARTESIAN_POINT('Ctrl Pts',(-2.13133651580518,-12.7335200456927,6.51772387838362));
#9947=CARTESIAN_POINT('Ctrl Pts',(-2.32868621148926,-12.7634116513581,8.71799868875784));
#9948=CARTESIAN_POINT('Ctrl Pts',(-2.52603590874017,-12.7933032557604,10.918273504491));
#9949=CARTESIAN_POINT('Ctrl Pts',(-2.72972408193013,-12.8328802031285,13.2167851183111));
#9950=CARTESIAN_POINT('Ctrl Pts',(-3.42846169112057,-12.9683691065584,20.975840232771));
#9951=CARTESIAN_POINT('Ctrl Pts',(-5.00030225616811,-13.3304882433829,37.8439267467193));
#9952=CARTESIAN_POINT('Ctrl Pts',(-10.8494265960513,-14.3236002796071,76.7109637995015));
#9953=CARTESIAN_POINT('Ctrl Pts',(-30.5095044976287,-14.7538058943092,114.981506696292));
#9954=CARTESIAN_POINT('Ctrl Pts',(-69.7547711500037,-15.4934991366278,209.431067431434));
#9955=CARTESIAN_POINT('Ctrl Pts',(-37.7308338185393,-11.2711590740649,329.069130751248));
#9956=CARTESIAN_POINT('Ctrl Pts',(-14.2687850600181,-11.4085894755497,356.771258550066));
#9957=CARTESIAN_POINT('Ctrl Pts',(-7.13656648090715,-9.58049667203603,359.163119957597));
#9958=CARTESIAN_POINT('Ctrl Pts',(-4.93853309595624,-9.71831054135107,360.803913979848));
#9959=CARTESIAN_POINT('Ctrl Pts',(-3.60283142377044,-9.34090322752811,360.977609448187));
#9960=CARTESIAN_POINT('Ctrl Pts',(-2.93498058767755,-9.15219957061663,361.064457182356));
#9961=CARTESIAN_POINT('Ctrl Pts',(-1.79430172810187,-12.6051818691562,2.51144611884114));
#9962=CARTESIAN_POINT('Ctrl Pts',(-1.9640999514748,-12.625777933402,4.41486262172168));
#9963=CARTESIAN_POINT('Ctrl Pts',(-2.13672209738863,-12.6499945670019,6.58885140125107));
#9964=CARTESIAN_POINT('Ctrl Pts',(-2.35021340126338,-12.674196134524,8.84293740424527));
#9965=CARTESIAN_POINT('Ctrl Pts',(-2.56370470513813,-12.698397702046,11.0970234072395));
#9966=CARTESIAN_POINT('Ctrl Pts',(-2.79432518142852,-12.7338435191916,13.6216670683262));
#9967=CARTESIAN_POINT('Ctrl Pts',(-3.5164857842558,-12.8657064059154,21.4766724363249));
#9968=CARTESIAN_POINT('Ctrl Pts',(-5.08200371348838,-13.2315338978749,38.3109808032058));
#9969=CARTESIAN_POINT('Ctrl Pts',(-10.9463764167294,-14.1998494235349,76.6992273041405));
#9970=CARTESIAN_POINT('Ctrl Pts',(-30.766979085131,-14.5860741895263,114.972648229145));
#9971=CARTESIAN_POINT('Ctrl Pts',(-69.6525842645809,-15.4806883669113,209.419778241857));
#9972=CARTESIAN_POINT('Ctrl Pts',(-37.6479793106731,-11.2680074042318,329.069168320299));
#9973=CARTESIAN_POINT('Ctrl Pts',(-14.2263796166555,-11.4027327317449,356.779922410757));
#9974=CARTESIAN_POINT('Ctrl Pts',(-7.13450808519706,-9.58602788612925,359.161210762586));
#9975=CARTESIAN_POINT('Ctrl Pts',(-4.93408841931802,-9.72194887813809,360.803730052814));
#9976=CARTESIAN_POINT('Ctrl Pts',(-3.60134986489104,-9.34211600645711,360.977548139175));
#9977=CARTESIAN_POINT('Ctrl Pts',(-2.93498058767755,-9.15219957061663,361.064457182356));
#9978=CARTESIAN_POINT('Ctrl Pts',(-1.78482112295874,-12.534450311496,2.53791345514097));
#9979=CARTESIAN_POINT('Ctrl Pts',(-1.98771693591851,-12.5330737153833,4.53602732099114));
#9980=CARTESIAN_POINT('Ctrl Pts',(-2.18457312467325,-12.5511995229255,6.76201793285797));
#9981=CARTESIAN_POINT('Ctrl Pts',(-2.42236898708811,-12.5725049770287,9.09255619310889));
#9982=CARTESIAN_POINT('Ctrl Pts',(-2.66016484950297,-12.593810431132,11.4230944533598));
#9983=CARTESIAN_POINT('Ctrl Pts',(-2.90323389345167,-12.6306669377754,14.0098689395654));
#9984=CARTESIAN_POINT('Ctrl Pts',(-3.65002915007809,-12.7663563936003,21.9797145150413));
#9985=CARTESIAN_POINT('Ctrl Pts',(-5.21397216245218,-13.1382150488296,38.7574941334294));
#9986=CARTESIAN_POINT('Ctrl Pts',(-11.1190785963392,-14.0806405635219,76.6890859726538));
#9987=CARTESIAN_POINT('Ctrl Pts',(-31.0484351042728,-14.4248842578666,114.965781575264));
#9988=CARTESIAN_POINT('Ctrl Pts',(-69.5471277741715,-15.4662735876118,209.408441417279));
#9989=CARTESIAN_POINT('Ctrl Pts',(-37.5635349140642,-11.2645949326177,329.069207487512));
#9990=CARTESIAN_POINT('Ctrl Pts',(-14.1834677152878,-11.396677340013,356.788705412835));
#9991=CARTESIAN_POINT('Ctrl Pts',(-7.13235493682614,-9.59154642405029,359.159305291382));
#9992=CARTESIAN_POINT('Ctrl Pts',(-4.9296139889337,-9.72557823073378,360.803546484522));
#9993=CARTESIAN_POINT('Ctrl Pts',(-3.59985838809626,-9.34332579065568,360.977486949745));
#9994=CARTESIAN_POINT('Ctrl Pts',(-2.93498058767755,-9.15219957061663,361.064457182356));
#9995=CARTESIAN_POINT('Ctrl Pts',(-1.77534051781561,-12.4637187538358,2.5643807914408));
#9996=CARTESIAN_POINT('Ctrl Pts',(-2.01133392036221,-12.4403694973646,4.6571920202606));
#9997=CARTESIAN_POINT('Ctrl Pts',(-2.23242415195786,-12.452404478849,6.93518446446486));
#9998=CARTESIAN_POINT('Ctrl Pts',(-2.49452457291284,-12.4708138195335,9.34217498197252));
#9999=CARTESIAN_POINT('Ctrl Pts',(-2.75662499386782,-12.4892231602179,11.7491654994802));
#10000=CARTESIAN_POINT('Ctrl Pts',(-3.01214260701669,-12.5274903551016,
14.3980708159118));
#10001=CARTESIAN_POINT('Ctrl Pts',(-3.78357251590037,-12.6670063812853,
22.4827565937577));
#10002=CARTESIAN_POINT('Ctrl Pts',(-5.34594061141598,-13.0448961997842,
39.204007463653));
#10003=CARTESIAN_POINT('Ctrl Pts',(-11.291780775949,-13.9614317035089,76.6789446411671));
#10004=CARTESIAN_POINT('Ctrl Pts',(-31.3298911234146,-14.2636943262068,
114.958914921383));
#10005=CARTESIAN_POINT('Ctrl Pts',(-69.441671283762,-15.4518588083124,209.397104592701));
#10006=CARTESIAN_POINT('Ctrl Pts',(-37.4790905174554,-11.2611824610036,
329.069246654726));
#10007=CARTESIAN_POINT('Ctrl Pts',(-14.1405558139201,-11.3906219482811,
356.797488414914));
#10008=CARTESIAN_POINT('Ctrl Pts',(-7.13020178845522,-9.59706496197133,
359.157399820179));
#10009=CARTESIAN_POINT('Ctrl Pts',(-4.92513955854938,-9.72920758332948,
360.803362916229));
#10010=CARTESIAN_POINT('Ctrl Pts',(-3.59836691130149,-9.34453557485424,
360.977425760314));
#10011=CARTESIAN_POINT('Ctrl Pts',(-2.93498058767755,-9.15219957061663,
361.064457182356));
#10012=CARTESIAN_POINT('Ctrl Pts',(-1.76451948126606,-12.3949037893907,
2.57974091470074));
#10013=CARTESIAN_POINT('Ctrl Pts',(-1.99424339448865,-12.3205152922308,
4.44213297748915));
#10014=CARTESIAN_POINT('Ctrl Pts',(-2.31339617706183,-12.3448918758063,
7.00691424359065));
#10015=CARTESIAN_POINT('Ctrl Pts',(-2.61025497562953,-12.3633794605234,
9.54300053864012));
#10016=CARTESIAN_POINT('Ctrl Pts',(-2.90711377419722,-12.3818670452405,
12.0790868336896));
#10017=CARTESIAN_POINT('Ctrl Pts',(-3.17827887933967,-12.4238493895013,
14.814749120658));
#10018=CARTESIAN_POINT('Ctrl Pts',(-3.96263515440972,-12.5709690572982,
22.9880085476368));
#10019=CARTESIAN_POINT('Ctrl Pts',(-5.52817605202331,-12.9572128472016,
39.6299800676138));
#10020=CARTESIAN_POINT('Ctrl Pts',(-11.5402353144904,-13.8467648395552,
76.6703984735547));
#10021=CARTESIAN_POINT('Ctrl Pts',(-31.6353285741959,-14.1090461676703,
114.954040080767));
#10022=CARTESIAN_POINT('Ctrl Pts',(-69.3329451883659,-15.4358400194298,
209.385720133122));
#10023=CARTESIAN_POINT('Ctrl Pts',(-37.3930562321041,-11.2575091876084,
329.069287420103));
#10024=CARTESIAN_POINT('Ctrl Pts',(-14.0971374545473,-11.3843679086222,
356.806390558378));
#10025=CARTESIAN_POINT('Ctrl Pts',(-7.12795388742348,-9.60257082372019,
359.155498072784));
#10026=CARTESIAN_POINT('Ctrl Pts',(-4.92063537441896,-9.73282795173384,
360.803179706679));
#10027=CARTESIAN_POINT('Ctrl Pts',(-3.59686551659135,-9.34574236432236,
360.977364690464));
#10028=CARTESIAN_POINT('Ctrl Pts',(-2.93498058767755,-9.15219957061663,
361.064457182356));
#10029=CARTESIAN_POINT('Ctrl Pts',(-1.75212360983522,-12.3289177840355,
2.58258496530524));
#10030=CARTESIAN_POINT('Ctrl Pts',(-2.2542062350567,-12.1515965630946,3.86162399471835));
#10031=CARTESIAN_POINT('Ctrl Pts',(-2.55938242799952,-12.1882090581133,
6.74657171533018));
#10032=CARTESIAN_POINT('Ctrl Pts',(-2.84879635159876,-12.2306094709597,
9.57772459092023));
#10033=CARTESIAN_POINT('Ctrl Pts',(-3.138210275198,-12.2730098838061,12.4088774665103));
#10034=CARTESIAN_POINT('Ctrl Pts',(-3.41186192945365,-12.3211982144801,
15.1862354970786));
#10035=CARTESIAN_POINT('Ctrl Pts',(-4.18553008418985,-12.4831269599853,
23.3569250537181));
#10036=CARTESIAN_POINT('Ctrl Pts',(-5.76145689705597,-12.8778094355177,
39.987695799972));
#10037=CARTESIAN_POINT('Ctrl Pts',(-11.8727442156111,-13.7397619868693,
76.6638815558916));
#10038=CARTESIAN_POINT('Ctrl Pts',(-31.9631179891698,-13.9646993296365,
114.951523498365));
#10039=CARTESIAN_POINT('Ctrl Pts',(-69.2205302988469,-15.4181261228719,
209.374272715907));
#10040=CARTESIAN_POINT('Ctrl Pts',(-37.3054866377435,-11.2535755387627,
329.069329848853));
#10041=CARTESIAN_POINT('Ctrl Pts',(-14.0532362076723,-11.3779226959026,
356.815405274945));
#10042=CARTESIAN_POINT('Ctrl Pts',(-7.12561066595366,-9.60806355299719,
359.153600191088));
#10043=CARTESIAN_POINT('Ctrl Pts',(-4.91610194525236,-9.73643902032555,
360.802996869541));
#10044=CARTESIAN_POINT('Ctrl Pts',(-3.59535437353582,-9.34694605385293,
360.977303744751));
#10045=CARTESIAN_POINT('Ctrl Pts',(-2.93498058767755,-9.15219957061663,
361.064457182356));
#10046=CARTESIAN_POINT('Ctrl Pts',(-1.86727080608965,-13.988610729807,0.832577924116723));
#10047=CARTESIAN_POINT('Ctrl Pts',(-2.68342143527938,-14.0248148003227,
1.94195448101035));
#10048=CARTESIAN_POINT('Ctrl Pts',(-3.32334925158311,-14.0827794461602,
4.60703610490729));
#10049=CARTESIAN_POINT('Ctrl Pts',(-4.49412988417018,-14.2074419167032,
9.92342734418538));
#10050=CARTESIAN_POINT('Ctrl Pts',(-5.02498270045352,-14.2741397414087,
12.5747369595665));
#10051=CARTESIAN_POINT('Ctrl Pts',(-6.45392864927296,-14.4873329838271,
20.5080077929364));
#10052=CARTESIAN_POINT('Ctrl Pts',(-9.14241636819307,-14.9532625283254,
36.9773028000231));
#10053=CARTESIAN_POINT('Ctrl Pts',(-15.7803423363548,-16.1808488279429,
76.9876514996966));
#10054=CARTESIAN_POINT('Ctrl Pts',(-29.2220364876523,-17.4819887206536,
115.277087239955));
#10055=CARTESIAN_POINT('Ctrl Pts',(-71.4248640133777,-15.5644411898596,
209.644768051828));
#10056=CARTESIAN_POINT('Ctrl Pts',(-39.0844327491703,-11.2977727433212,
329.068597538705));
#10057=CARTESIAN_POINT('Ctrl Pts',(-15.0020836348142,-11.4920754419606,
356.624029074712));
#10058=CARTESIAN_POINT('Ctrl Pts',(-7.16383715907444,-9.47395024118716,
359.19981891777));
#10059=CARTESIAN_POINT('Ctrl Pts',(-5.01902873882422,-9.64814940821833,
360.807449465156));
#10060=CARTESIAN_POINT('Ctrl Pts',(-3.62966330472644,-9.31751618315053,
360.97878794329));
#10061=CARTESIAN_POINT('Ctrl Pts',(-2.93498058767755,-9.15219957061663,
361.064457182356));
#10062=CARTESIAN_POINT('Ctrl Pts',(-0.273199473452965,-14.4396956119018,
0.787938537370701));
#10063=CARTESIAN_POINT('Ctrl Pts',(0.49575552226289,-14.5612592082732,1.95525919720216));
#10064=CARTESIAN_POINT('Ctrl Pts',(0.872750607700682,-14.6574384809454,
4.89346937643329));
#10065=CARTESIAN_POINT('Ctrl Pts',(1.60073557110046,-14.8284939380575,10.66614260896));
#10066=CARTESIAN_POINT('Ctrl Pts',(1.95172544906245,-14.9033701224974,13.5006056622555));
#10067=CARTESIAN_POINT('Ctrl Pts',(2.9656872717347,-15.0960440434684,21.8483741332385));
#10068=CARTESIAN_POINT('Ctrl Pts',(5.14366496875638,-15.3741985685476,38.8781596584824));
#10069=CARTESIAN_POINT('Ctrl Pts',(14.1221820830424,-15.2430958133649,77.0247356261167));
#10070=CARTESIAN_POINT('Ctrl Pts',(44.4898529106157,-12.6891983869542,114.263340240238));
#10071=CARTESIAN_POINT('Ctrl Pts',(55.1620545768127,-12.4481628557987,209.724699153841));
#10072=CARTESIAN_POINT('Ctrl Pts',(32.7904635343607,-10.2311664078328,329.068425807127));
#10073=CARTESIAN_POINT('Ctrl Pts',(9.25528954667768,-11.4330992745484,358.886340232733));
#10074=CARTESIAN_POINT('Ctrl Pts',(1.381948466525,-9.31512275932744,359.220237392869));
#10075=CARTESIAN_POINT('Ctrl Pts',(-0.798483268443019,-9.50956588672882,
360.809416529574));
#10076=CARTESIAN_POINT('Ctrl Pts',(-2.22281481459937,-9.27132167598735,
360.979443631429));
#10077=CARTESIAN_POINT('Ctrl Pts',(-2.93498058767755,-9.15219957061663,
361.064457182356));
#10078=CARTESIAN_POINT('Ctrl Pts',(-0.227794416818673,-14.4778258892755,
0.798499403221725));
#10079=CARTESIAN_POINT('Ctrl Pts',(0.818150558919625,-14.5979357855689,
1.6460683277907));
#10080=CARTESIAN_POINT('Ctrl Pts',(1.16117772466065,-14.703478434961,4.75508502492087));
#10081=CARTESIAN_POINT('Ctrl Pts',(1.84454773982435,-14.8781108744773,10.8400778024073));
#10082=CARTESIAN_POINT('Ctrl Pts',(2.1974934627204,-14.9527430875505,13.6840949517956));
#10083=CARTESIAN_POINT('Ctrl Pts',(3.21378857252791,-15.1438293709324,22.0412665517004));
#10084=CARTESIAN_POINT('Ctrl Pts',(5.44448221074384,-15.42000390762,39.0714749239649));
#10085=CARTESIAN_POINT('Ctrl Pts',(14.5528471781002,-15.2764476855549,77.0164074838213));
#10086=CARTESIAN_POINT('Ctrl Pts',(44.3520224916173,-12.7246959427178,114.242937326719));
#10087=CARTESIAN_POINT('Ctrl Pts',(55.2770934242999,-12.4711184208293,209.732368349469));
#10088=CARTESIAN_POINT('Ctrl Pts',(32.8268843802737,-10.225874383093,329.068417405501));
#10089=CARTESIAN_POINT('Ctrl Pts',(9.2739141292739,-11.4346153414391,358.887133186254));
#10090=CARTESIAN_POINT('Ctrl Pts',(1.3816293405421,-9.31167408378509,359.221533479641));
#10091=CARTESIAN_POINT('Ctrl Pts',(-0.796311957544805,-9.50740222043074,
360.809541391306));
#10092=CARTESIAN_POINT('Ctrl Pts',(-2.22209104429996,-9.270600453888,360.979485252006));
#10093=CARTESIAN_POINT('Ctrl Pts',(-2.93498058767755,-9.15219957061663,
361.064457182356));
#10094=CARTESIAN_POINT('Ctrl Pts',(0.668543489185599,-14.5789271854434,
0.837424775331526));
#10095=CARTESIAN_POINT('Ctrl Pts',(1.70222512981648,-14.6933641425876,2.12137235810577));
#10096=CARTESIAN_POINT('Ctrl Pts',(1.76840970470747,-14.7653937766948,4.68283958644242));
#10097=CARTESIAN_POINT('Ctrl Pts',(2.30248667767993,-14.9256553189834,10.6388350612301));
#10098=CARTESIAN_POINT('Ctrl Pts',(2.57038820082648,-14.9968574822337,13.5418379221958));
#10099=CARTESIAN_POINT('Ctrl Pts',(3.48674679695847,-15.1852016615778,22.1895663204802));
#10100=CARTESIAN_POINT('Ctrl Pts',(5.77008009599183,-15.4608407786397,39.2399023785983));
#10101=CARTESIAN_POINT('Ctrl Pts',(15.0199706145064,-15.3057183433256,77.0076534156718));
#10102=CARTESIAN_POINT('Ctrl Pts',(44.2174980731042,-12.7598114317165,114.222000362393));
#10103=CARTESIAN_POINT('Ctrl Pts',(55.3933552658413,-12.4932831196457,209.740063474264));
#10104=CARTESIAN_POINT('Ctrl Pts',(32.8623471789347,-10.2205141726477,329.068409399952));
#10105=CARTESIAN_POINT('Ctrl Pts',(9.29221837875087,-11.4360111197718,358.887928788148));
#10106=CARTESIAN_POINT('Ctrl Pts',(1.38127136338735,-9.30822342120029,359.22283053757));
#10107=CARTESIAN_POINT('Ctrl Pts',(-0.794156097159707,-9.50523752994676,
360.809666346598));
#10108=CARTESIAN_POINT('Ctrl Pts',(-2.2213724241716,-9.26987889039334,360.97952690377));
#10109=CARTESIAN_POINT('Ctrl Pts',(-2.93498058767755,-9.15219957061663,
361.064457182356));
#10110=CARTESIAN_POINT('Ctrl Pts',(2.35848123756401,-14.7293896173848,1.00889894364717));
#10111=CARTESIAN_POINT('Ctrl Pts',(2.8208148841525,-14.7939223032467,2.50938892183668));
#10112=CARTESIAN_POINT('Ctrl Pts',(2.61894581115006,-14.8493385370914,4.87803041035582));
#10113=CARTESIAN_POINT('Ctrl Pts',(3.00595809977418,-14.9963611197941,10.6292347307233));
#10114=CARTESIAN_POINT('Ctrl Pts',(3.24174201240357,-15.0681598933197,13.5900552503662));
#10115=CARTESIAN_POINT('Ctrl Pts',(4.10725831661673,-15.2576861287464,22.3705347676046));
#10116=CARTESIAN_POINT('Ctrl Pts',(6.47094919034295,-15.5332582589984,39.5235656353197));
#10117=CARTESIAN_POINT('Ctrl Pts',(16.0108211421481,-15.3566271900845,76.9895547420836));
#10118=CARTESIAN_POINT('Ctrl Pts',(43.9566742231247,-12.8289824050486,114.179405393811));
#10119=CARTESIAN_POINT('Ctrl Pts',(55.6279274784742,-12.5360552857233,209.755484122723));
#10120=CARTESIAN_POINT('Ctrl Pts',(32.9313224253747,-10.2096596920869,329.068394143666));
#10121=CARTESIAN_POINT('Ctrl Pts',(9.32817321016771,-11.4385575712892,358.88952555588));
#10122=CARTESIAN_POINT('Ctrl Pts',(1.38047806057337,-9.30131831328991,359.225426514629));
#10123=CARTESIAN_POINT('Ctrl Pts',(-0.789875547587702,-9.5009062115303,
360.809916436483));
#10124=CARTESIAN_POINT('Ctrl Pts',(-2.21994557431426,-9.26843511758785,
360.979610267065));
#10125=CARTESIAN_POINT('Ctrl Pts',(-2.93498058767755,-9.15219957061663,
361.064457182356));
#10126=CARTESIAN_POINT('Ctrl Pts',(3.15208107993814,-14.7787507531582,1.14144773985301));
#10127=CARTESIAN_POINT('Ctrl Pts',(2.71848798909391,-14.8095381161768,2.44408456866948));
#10128=CARTESIAN_POINT('Ctrl Pts',(3.26278345163804,-14.8894679507427,4.98164293354734));
#10129=CARTESIAN_POINT('Ctrl Pts',(3.49741197440483,-15.0318631834521,10.5710605840442));
#10130=CARTESIAN_POINT('Ctrl Pts',(3.67169175801351,-15.1033753636953,13.717934483769));
#10131=CARTESIAN_POINT('Ctrl Pts',(4.45481161184442,-15.2887983052694,22.4032034459493));
#10132=CARTESIAN_POINT('Ctrl Pts',(6.84622039944608,-15.5648388683375,39.6388014374077));
#10133=CARTESIAN_POINT('Ctrl Pts',(16.5345482333836,-15.3782653790726,76.9802101366449));
#10134=CARTESIAN_POINT('Ctrl Pts',(43.8303747916585,-12.863037889382,114.157747389555));
#10135=CARTESIAN_POINT('Ctrl Pts',(55.7462378495657,-12.5566627529845,209.763209646388));
#10136=CARTESIAN_POINT('Ctrl Pts',(32.9648348731537,-10.2041654219714,329.068386892929));
#10137=CARTESIAN_POINT('Ctrl Pts',(9.34582379210758,-11.439708244474,358.890326721717));
#10138=CARTESIAN_POINT('Ctrl Pts',(1.38004273491414,-9.29786386796435,359.226725433758));
#10139=CARTESIAN_POINT('Ctrl Pts',(-0.787750858400795,-9.49873958359781,
360.810041571077));
#10140=CARTESIAN_POINT('Ctrl Pts',(-2.21923734458529,-9.26771290827702,
360.979651978597));
#10141=CARTESIAN_POINT('Ctrl Pts',(-2.93498058767755,-9.15219957061663,
361.064457182356));
#10142=CARTESIAN_POINT('Ctrl Pts',(5.37877351161536,-14.8492239198868,1.6795292646146));
#10143=CARTESIAN_POINT('Ctrl Pts',(5.12126175716008,-14.9125721143526,3.07280249542251));
#10144=CARTESIAN_POINT('Ctrl Pts',(4.99037178323967,-14.9820752186597,5.26337878322735));
#10145=CARTESIAN_POINT('Ctrl Pts',(4.95628175301062,-15.1198269882675,10.4286772112944));
#10146=CARTESIAN_POINT('Ctrl Pts',(5.05308169670198,-15.1880756535681,13.4033993515565));
#10147=CARTESIAN_POINT('Ctrl Pts',(5.64668593900679,-15.3705936029268,22.2880941587241));
#10148=CARTESIAN_POINT('Ctrl Pts',(8.04671206853929,-15.6467173154715,39.8995973185838));
#10149=CARTESIAN_POINT('Ctrl Pts',(18.1661654475324,-15.4325261829469,76.9516824860239));
#10150=CARTESIAN_POINT('Ctrl Pts',(43.4662334569444,-12.9631705286808,114.092212409422));
#10151=CARTESIAN_POINT('Ctrl Pts',(56.1036455693278,-12.6161860587449,209.786399626496));
#10152=CARTESIAN_POINT('Ctrl Pts',(33.0623953056009,-10.1874849897309,329.068366216917));
#10153=CARTESIAN_POINT('Ctrl Pts',(9.39777553467372,-11.4427858142597,358.89273896594));
#10154=CARTESIAN_POINT('Ctrl Pts',(1.3786212659386,-9.28749514489272,359.230624861273));
#10155=CARTESIAN_POINT('Ctrl Pts',(-0.781423952895296,-9.49223696001249,
360.810417232094));
#10156=CARTESIAN_POINT('Ctrl Pts',(-2.21712837608346,-9.26554536708191,
360.979777198935));
#10157=CARTESIAN_POINT('Ctrl Pts',(-2.93498058767755,-9.15219957061663,
361.064457182356));
#10158=CARTESIAN_POINT('Ctrl Pts',(7.63291919258498,-14.8644609988914,2.22348255419288));
#10159=CARTESIAN_POINT('Ctrl Pts',(7.60166376526586,-14.9645024430057,3.74406250865299));
#10160=CARTESIAN_POINT('Ctrl Pts',(7.62985008699354,-15.0561658623466,5.7104436030092));
#10161=CARTESIAN_POINT('Ctrl Pts',(7.81205392907758,-15.2215850532636,10.2724667349441));
#10162=CARTESIAN_POINT('Ctrl Pts',(7.96607144943394,-15.2953408248398,12.8681087725227));
#10163=CARTESIAN_POINT('Ctrl Pts',(8.6272923592487,-15.4880192705941,21.2054142952375));
#10164=CARTESIAN_POINT('Ctrl Pts',(10.746407573861,-15.7590206862064,40.0815429805829));
#10165=CARTESIAN_POINT('Ctrl Pts',(21.6711436375999,-15.4984327383358,76.8926518475618));
#10166=CARTESIAN_POINT('Ctrl Pts',(42.7969786262551,-13.1553005524733,113.95889857969));
#10167=CARTESIAN_POINT('Ctrl Pts',(56.8283674348031,-12.7260362861727,209.832833223164));
#10168=CARTESIAN_POINT('Ctrl Pts',(33.245608526936,-10.1533336376735,329.068329169695));
#10169=CARTESIAN_POINT('Ctrl Pts',(9.49767900679201,-11.4474431547552,358.897598441235));
#10170=CARTESIAN_POINT('Ctrl Pts',(1.37531635999607,-9.26673615036979,359.238434396818));
#10171=CARTESIAN_POINT('Ctrl Pts',(-0.768958790105181,-9.47922075369038,
360.811169583061));
#10172=CARTESIAN_POINT('Ctrl Pts',(-2.21297332182009,-9.26120663164121,
360.980027982591));
#10173=CARTESIAN_POINT('Ctrl Pts',(-2.93498058767755,-9.15219957061663,
361.064457182356));
#10174=CARTESIAN_POINT('Ctrl Pts',(14.0276472335361,-14.5648843650183,3.91789862019315));
#10175=CARTESIAN_POINT('Ctrl Pts',(14.3896218181802,-14.7151413392292,5.72226518239227));
#10176=CARTESIAN_POINT('Ctrl Pts',(14.823328245959,-14.8461625646617,7.70386353576153));
#10177=CARTESIAN_POINT('Ctrl Pts',(15.8079839429174,-15.0732190182881,11.956014472766));
#10178=CARTESIAN_POINT('Ctrl Pts',(16.358933212097,-15.1692542464821,14.2265670564013));
#10179=CARTESIAN_POINT('Ctrl Pts',(18.1483140144349,-15.4101091856843,21.3733921245947));
#10180=CARTESIAN_POINT('Ctrl Pts',(22.2732075983063,-15.702816082569,37.0077115301319));
#10181=CARTESIAN_POINT('Ctrl Pts',(33.3358705737187,-15.3611945201662,76.714782408591));
#10182=CARTESIAN_POINT('Ctrl Pts',(41.4069744493846,-13.6582493335605,113.550478476943));
#10183=CARTESIAN_POINT('Ctrl Pts',(59.1982785416429,-12.9922612333833,209.979555553135));
#10184=CARTESIAN_POINT('Ctrl Pts',(33.7139249028695,-10.0366537481821,329.068247591389));
#10185=CARTESIAN_POINT('Ctrl Pts',(9.77764787091849,-11.447446145864,358.913525408324));
#10186=CARTESIAN_POINT('Ctrl Pts',(1.36033713389127,-9.20008073254229,359.263533844329));
#10187=CARTESIAN_POINT('Ctrl Pts',(-0.730888533971444,-9.4374502608281,
360.813587600561));
#10188=CARTESIAN_POINT('Ctrl Pts',(-2.20028323644218,-9.24728313402045,
360.980833988424));
#10189=CARTESIAN_POINT('Ctrl Pts',(-2.93498058767755,-9.15219957061663,
361.064457182356));
#10190=CARTESIAN_POINT('Ctrl Pts',(28.1625970616325,-5.98395836285145,6.46633342375559));
#10191=CARTESIAN_POINT('Ctrl Pts',(28.7783256990662,-6.16744129215258,8.46106716260035));
#10192=CARTESIAN_POINT('Ctrl Pts',(29.4165961208395,-6.34610653593067,10.5798909713781));
#10193=CARTESIAN_POINT('Ctrl Pts',(30.7249395911072,-6.69528491424766,15.0164312626892));
#10194=CARTESIAN_POINT('Ctrl Pts',(31.3950126396017,-6.86579804878655,17.3341477452226));
#10195=CARTESIAN_POINT('Ctrl Pts',(33.433014312231,-7.36733418125473,24.5117050042907));
#10196=CARTESIAN_POINT('Ctrl Pts',(37.620147766072,-8.33039336159712,39.7644507682986));
#10197=CARTESIAN_POINT('Ctrl Pts',(46.8993906259421,-10.3880952222922,76.8852125965856));
#10198=CARTESIAN_POINT('Ctrl Pts',(53.0308348095807,-13.5649295560706,112.753365757067));
#10199=CARTESIAN_POINT('Ctrl Pts',(73.4286241348468,-13.2271121146519,210.78271968056));
#10200=CARTESIAN_POINT('Ctrl Pts',(34.3860075627167,-9.17490087570522,329.068247591389));
#10201=CARTESIAN_POINT('Ctrl Pts',(10.7702415458482,-11.157832805904,359.022098515934));
#10202=CARTESIAN_POINT('Ctrl Pts',(1.18719852562976,-8.77569384924984,359.423729610884));
#10203=CARTESIAN_POINT('Ctrl Pts',(-0.524555054522138,-9.17188996639334,
360.829020456872));
#10204=CARTESIAN_POINT('Ctrl Pts',(-2.13150540995908,-9.15876303587553,
360.985978273861));
#10205=CARTESIAN_POINT('Ctrl Pts',(-2.93498058767755,-9.15219957061663,
361.064457182356));
#10206=CARTESIAN_POINT('Ctrl Pts',(13.1683975271059,6.85597065890683,3.95599733578324));
#10207=CARTESIAN_POINT('Ctrl Pts',(13.498378158031,6.8121703524382,5.8918708737503));
#10208=CARTESIAN_POINT('Ctrl Pts',(13.7993669839452,6.77686648948905,7.97282036041022));
#10209=CARTESIAN_POINT('Ctrl Pts',(14.3519077318699,6.7198408293987,12.3729360924452));
#10210=CARTESIAN_POINT('Ctrl Pts',(14.6034596538804,6.69811903225749,14.6921023378203));
#10211=CARTESIAN_POINT('Ctrl Pts',(15.2967801232341,6.64821050769931,21.9290235040126));
#10212=CARTESIAN_POINT('Ctrl Pts',(16.4380798752294,6.60942092604462,37.5205555566649));
#10213=CARTESIAN_POINT('Ctrl Pts',(18.0746548505136,6.65878107135495,76.7156112646213));
#10214=CARTESIAN_POINT('Ctrl Pts',(21.5926106407561,5.54450052492956,117.919508459921));
#10215=CARTESIAN_POINT('Ctrl Pts',(20.1717063712069,0.495476167509235,206.902855861287));
#10216=CARTESIAN_POINT('Ctrl Pts',(0.402065879756408,-6.40294418321696,
329.068247591389));
#10217=CARTESIAN_POINT('Ctrl Pts',(0.40206587975641,-6.12912801098341,359.370822587589));
#10218=CARTESIAN_POINT('Ctrl Pts',(-0.071746869267631,-7.9851983857769,
359.725505195726));
#10219=CARTESIAN_POINT('Ctrl Pts',(-0.628113394218791,-8.68059084107498,
360.858092755966));
#10220=CARTESIAN_POINT('Ctrl Pts',(-2.16602485652463,-8.99499666076941,
360.995669040226));
#10221=CARTESIAN_POINT('Ctrl Pts',(-2.93498058767755,-9.15219957061663,
361.064457182356));
#10222=CARTESIAN_POINT('Ctrl Pts',(-2.95724468750238,17.3441685811147,4.89833754178774));
#10223=CARTESIAN_POINT('Ctrl Pts',(-2.95724468750238,17.2635176388369,6.78459254872831));
#10224=CARTESIAN_POINT('Ctrl Pts',(-2.95724468750238,17.1907797633886,8.81449709915221));
#10225=CARTESIAN_POINT('Ctrl Pts',(-2.95724468750238,17.0589153571158,13.1103549067082));
#10226=CARTESIAN_POINT('Ctrl Pts',(-2.95724468750238,16.9997888262913,15.3763081638403));
#10227=CARTESIAN_POINT('Ctrl Pts',(-2.95724468750238,16.839504067201,22.451365424911));
#10228=CARTESIAN_POINT('Ctrl Pts',(-2.95724468750239,16.5873138825528,37.7102699057507));
#10229=CARTESIAN_POINT('Ctrl Pts',(-2.95724468750238,16.2962832762485,76.137086904007));
#10230=CARTESIAN_POINT('Ctrl Pts',(-2.95724468750238,15.665565381475,116.552787170155));
#10231=CARTESIAN_POINT('Ctrl Pts',(-2.95724468750239,13.7731150961592,206.902855861286));
#10232=CARTESIAN_POINT('Ctrl Pts',(-2.95724468750239,5.58007860502439,331.461850815167));
#10233=CARTESIAN_POINT('Ctrl Pts',(-2.95724468750239,-5.01527355673391,
358.42737356721));
#10234=CARTESIAN_POINT('Ctrl Pts',(-3.01031528547397,-7.5514497976114,359.870822587589));
#10235=CARTESIAN_POINT('Ctrl Pts',(-3.01031528547398,-8.39091763110233,
360.872092267165));
#10236=CARTESIAN_POINT('Ctrl Pts',(-2.96009215360969,-8.89843892411186,
361.000335543959));
#10237=CARTESIAN_POINT('Ctrl Pts',(-2.93498058767755,-9.15219957061663,
361.064457182356));
#10238=CARTESIAN_POINT('Ctrl Pts',(-16.0954333394552,5.90452171403953,5.04370459620142));
#10239=CARTESIAN_POINT('Ctrl Pts',(-16.3349435198156,5.90691775953887,6.84361472661621));
#10240=CARTESIAN_POINT('Ctrl Pts',(-16.5358631071008,5.9096493440521,8.8055962316679));
#10241=CARTESIAN_POINT('Ctrl Pts',(-16.876049199765,5.91792673625784,12.9975179958885));
#10242=CARTESIAN_POINT('Ctrl Pts',(-17.015315705144,5.92347254395035,15.2274582550574));
#10243=CARTESIAN_POINT('Ctrl Pts',(-17.3639277547875,5.94754601952396,22.2349411710052));
#10244=CARTESIAN_POINT('Ctrl Pts',(-17.7844019881008,6.0254371806556,37.5205555566649));
#10245=CARTESIAN_POINT('Ctrl Pts',(-18.1269700933243,6.58616848572578,76.7156112646214));
#10246=CARTESIAN_POINT('Ctrl Pts',(-24.0256863479286,9.43175876954384,117.919508459921));
#10247=CARTESIAN_POINT('Ctrl Pts',(-16.1969439994459,3.4487041175667,206.902855861287));
#10248=CARTESIAN_POINT('Ctrl Pts',(-6.31655525476118,-6.40294418321695,
329.068247591389));
#10249=CARTESIAN_POINT('Ctrl Pts',(-6.42577067436731,-5.97370160372138,
359.370822587588));
#10250=CARTESIAN_POINT('Ctrl Pts',(-5.89704168571015,-7.92735903748692,
359.725645431021));
#10251=CARTESIAN_POINT('Ctrl Pts',(-5.35688892115264,-8.62289052950298,
360.858106265881));
#10252=CARTESIAN_POINT('Ctrl Pts',(-3.74228336550258,-8.97576322357874,
360.995673543531));
#10253=CARTESIAN_POINT('Ctrl Pts',(-2.93498058767755,-9.15219957061663,
361.064457182356));
#10254=CARTESIAN_POINT('Ctrl Pts',(-34.9653058877107,-7.43191824651322,
6.36540487100297));
#10255=CARTESIAN_POINT('Ctrl Pts',(-35.5268036012568,-7.72154976320648,
8.37275467894181));
#10256=CARTESIAN_POINT('Ctrl Pts',(-36.0865161096389,-7.97119415258201,
10.5026175481769));
#10257=CARTESIAN_POINT('Ctrl Pts',(-37.1995190836065,-8.40128417197928,
14.960551137642));
#10258=CARTESIAN_POINT('Ctrl Pts',(-37.7528095491921,-8.58172980200102,
17.2886218578721));
#10259=CARTESIAN_POINT('Ctrl Pts',(-39.3987704330518,-9.03543179595815,
24.4999183876589));
#10260=CARTESIAN_POINT('Ctrl Pts',(-42.6350501491829,-9.59229619944003,
39.8308489236183));
#10261=CARTESIAN_POINT('Ctrl Pts',(-49.4450180549913,-9.34705584914204,
77.4088562776742));
#10262=CARTESIAN_POINT('Ctrl Pts',(-56.0738358993975,-9.715776892023,115.835751929096));
#10263=CARTESIAN_POINT('Ctrl Pts',(-75.6824453619344,-12.7645052373769,
210.692853310215));
#10264=CARTESIAN_POINT('Ctrl Pts',(-40.2510484225904,-10.6202992434215,
329.06824759139));
#10265=CARTESIAN_POINT('Ctrl Pts',(-16.9548271634161,-11.1077293372327,
356.349338684757));
#10266=CARTESIAN_POINT('Ctrl Pts',(-7.04665327471867,-8.81778060859621,
359.424328531483));
#10267=CARTESIAN_POINT('Ctrl Pts',(-5.38540708098641,-9.21457052742207,
360.829078155372));
#10268=CARTESIAN_POINT('Ctrl Pts',(-3.7517894187805,-9.17298988955177,360.985997506695));
#10269=CARTESIAN_POINT('Ctrl Pts',(-2.93498058767755,-9.15219957061663,
361.064457182356));
#10270=CARTESIAN_POINT('Ctrl Pts',(-21.3232666995204,-12.5459604337335,
1.51294635297582));
#10271=CARTESIAN_POINT('Ctrl Pts',(-21.6209942307907,-12.442104068837,3.10072866676105));
#10272=CARTESIAN_POINT('Ctrl Pts',(-21.9373784963356,-12.366398147571,4.92566656540199));
#10273=CARTESIAN_POINT('Ctrl Pts',(-22.6014075391926,-12.2638336796146,
8.96660060999574));
#10274=CARTESIAN_POINT('Ctrl Pts',(-22.9490523165048,-12.2369751329242,
11.1825967559486));
#10275=CARTESIAN_POINT('Ctrl Pts',(-24.0297979809198,-12.2184902856886,
18.2922931811756));
#10276=CARTESIAN_POINT('Ctrl Pts',(-26.3425346396632,-12.42988376256,34.3585179811039));
#10277=CARTESIAN_POINT('Ctrl Pts',(-32.1926996452519,-14.0095285322582,
77.0763884608199));
#10278=CARTESIAN_POINT('Ctrl Pts',(-39.2166695959024,-15.8684665766792,
115.642043963785));
#10279=CARTESIAN_POINT('Ctrl Pts',(-73.6062458769373,-15.1867044798157,
209.994094611032));
#10280=CARTESIAN_POINT('Ctrl Pts',(-40.3442595517846,-11.2171229431838,
329.068247591389));
#10281=CARTESIAN_POINT('Ctrl Pts',(-15.872550081523,-11.5078899604279,356.46401133578));
#10282=CARTESIAN_POINT('Ctrl Pts',(-7.1657388894448,-9.29638234355773,359.260733676529));
#10283=CARTESIAN_POINT('Ctrl Pts',(-5.13413619193284,-9.53097563680653,
360.813317839454));
#10284=CARTESIAN_POINT('Ctrl Pts',(-3.66803245576264,-9.27845825934659,
360.980744068056));
#10285=CARTESIAN_POINT('Ctrl Pts',(-2.93498058767755,-9.15219957061663,
361.064457182356));
#10286=CARTESIAN_POINT('Ctrl Pts',(-14.6000932382761,-13.4803355415546,
0.871381423826715));
#10287=CARTESIAN_POINT('Ctrl Pts',(-14.5505816195131,-13.4618111588187,
2.30603981398733));
#10288=CARTESIAN_POINT('Ctrl Pts',(-14.5614632992606,-13.4713682570871,
4.14950441100143));
#10289=CARTESIAN_POINT('Ctrl Pts',(-14.6941679062773,-13.5326628202243,
8.4396962910685));
#10290=CARTESIAN_POINT('Ctrl Pts',(-14.8159908335465,-13.5844002850933,
10.8864235741215));
#10291=CARTESIAN_POINT('Ctrl Pts',(-15.3331034623871,-13.7819093364889,
18.8099748608364));
#10292=CARTESIAN_POINT('Ctrl Pts',(-16.9739041082005,-14.3461140664356,
36.9905551844907));
#10293=CARTESIAN_POINT('Ctrl Pts',(-24.1038596600982,-15.6508406871902,
77.0796681595805));
#10294=CARTESIAN_POINT('Ctrl Pts',(-33.2922500933235,-17.3899902904518,
115.49987329131));
#10295=CARTESIAN_POINT('Ctrl Pts',(-72.6282922234335,-15.4409325484716,
209.824764958953));
#10296=CARTESIAN_POINT('Ctrl Pts',(-39.871619047425,-11.2752951179442,329.068359130797));
#10297=CARTESIAN_POINT('Ctrl Pts',(-15.4946257258441,-11.5193386807764,
356.530022645582));
#10298=CARTESIAN_POINT('Ctrl Pts',(-7.17090563388175,-9.38471708153922,
359.230462535029));
#10299=CARTESIAN_POINT('Ctrl Pts',(-5.07964962018239,-9.58929795780153,
360.810401593993));
#10300=CARTESIAN_POINT('Ctrl Pts',(-3.64987026517916,-9.29789903301159,
360.979771986235));
#10301=CARTESIAN_POINT('Ctrl Pts',(-2.93498058767755,-9.15219957061663,
361.064457182356));
#10302=CARTESIAN_POINT('Ctrl Pts',(-11.0614070919961,-13.7825412697732,
0.673616122464268));
#10303=CARTESIAN_POINT('Ctrl Pts',(-10.6547132410802,-13.8034963368299,
1.99957590883158));
#10304=CARTESIAN_POINT('Ctrl Pts',(-10.4326013715458,-13.8528023217927,
4.01897555566184));
#10305=CARTESIAN_POINT('Ctrl Pts',(-10.2851099870247,-13.9813080879568,
8.80100113290036));
#10306=CARTESIAN_POINT('Ctrl Pts',(-10.3597304720379,-14.060507869158,11.5636270633086));
#10307=CARTESIAN_POINT('Ctrl Pts',(-10.9200430465759,-14.3027358477585,
20.0008641238784));
#10308=CARTESIAN_POINT('Ctrl Pts',(-13.3864726736446,-14.8057063449466,
37.4727753223983));
#10309=CARTESIAN_POINT('Ctrl Pts',(-20.4078015008306,-16.0687638140081,
77.056120146755));
#10310=CARTESIAN_POINT('Ctrl Pts',(-31.177186744322,-17.6554905244185,115.412822809907));
#10311=CARTESIAN_POINT('Ctrl Pts',(-72.1259474701331,-15.5083882717981,
209.747546654977));
#10312=CARTESIAN_POINT('Ctrl Pts',(-39.5652626594441,-11.2888801080109,
329.068446117475));
#10313=CARTESIAN_POINT('Ctrl Pts',(-15.2942373456082,-11.5116161019261,
356.567657518554));
#10314=CARTESIAN_POINT('Ctrl Pts',(-7.16921580916068,-9.42308844274318,
359.217292828818));
#10315=CARTESIAN_POINT('Ctrl Pts',(-5.05418131471967,-9.61461217299792,
360.809132857696));
#10316=CARTESIAN_POINT('Ctrl Pts',(-3.64138083002492,-9.30633710474373,
360.979349074136));
#10317=CARTESIAN_POINT('Ctrl Pts',(-2.93498058767755,-9.15219957061663,
361.064457182356));
#10318=CARTESIAN_POINT('Ctrl Pts',(-8.45441225671552,-13.9550313766184,
0.479318156859382));
#10319=CARTESIAN_POINT('Ctrl Pts',(-7.75046378671394,-13.9866529392681,
1.7359588214747));
#10320=CARTESIAN_POINT('Ctrl Pts',(-7.7913878813507,-14.0102986711736,3.99757256034159));
#10321=CARTESIAN_POINT('Ctrl Pts',(-7.90949644976928,-14.1438209246001,
9.1651126446289));
#10322=CARTESIAN_POINT('Ctrl Pts',(-8.10580308005569,-14.2252223202912,
12.0697302290222));
#10323=CARTESIAN_POINT('Ctrl Pts',(-9.02151562659159,-14.4591655572197,
20.408367004559));
#10324=CARTESIAN_POINT('Ctrl Pts',(-11.7046365650072,-14.9403539510011,
37.4864492640711));
#10325=CARTESIAN_POINT('Ctrl Pts',(-18.6129751979384,-16.1879847391238,
77.0368747502732));
#10326=CARTESIAN_POINT('Ctrl Pts',(-30.2918467936064,-17.6809761960234,
115.365094007064));
#10327=CARTESIAN_POINT('Ctrl Pts',(-71.8673697549899,-15.5348467607625,
209.708908082405));
#10328=CARTESIAN_POINT('Ctrl Pts',(-39.3964499737987,-11.2936957272935,
329.068497049673));
#10329=CARTESIAN_POINT('Ctrl Pts',(-15.1886365107017,-11.5057561880887,
356.587817386809));
#10330=CARTESIAN_POINT('Ctrl Pts',(-7.16770248737747,-9.44221092015377,
359.210726001685));
#10331=CARTESIAN_POINT('Ctrl Pts',(-5.04118991505598,-9.62722394931045,
360.808500226125));
#10332=CARTESIAN_POINT('Ctrl Pts',(-3.63705036347036,-9.31054103018123,
360.979138196946));
#10333=CARTESIAN_POINT('Ctrl Pts',(-2.93498058767755,-9.15219957061663,
361.064457182356));
#10334=CARTESIAN_POINT('Ctrl Pts',(-7.20933229100903,-13.9959028684832,
0.492341845704043));
#10335=CARTESIAN_POINT('Ctrl Pts',(-7.13606800225569,-13.9905460367973,
1.80827105967821));
#10336=CARTESIAN_POINT('Ctrl Pts',(-6.81485296356272,-14.0572606738052,
3.9977484672931));
#10337=CARTESIAN_POINT('Ctrl Pts',(-7.08911117441264,-14.1876902372774,
9.31705966367386));
#10338=CARTESIAN_POINT('Ctrl Pts',(-7.38815064563719,-14.2633751038105,
12.1078754695292));
#10339=CARTESIAN_POINT('Ctrl Pts',(-8.44000695125037,-14.4939782026778,
20.5128776729792));
#10340=CARTESIAN_POINT('Ctrl Pts',(-11.1626711302348,-14.9693783974858,
37.4531012234152));
#10341=CARTESIAN_POINT('Ctrl Pts',(-18.0235668930979,-16.2127682744469,
77.0292143864344));
#10342=CARTESIAN_POINT('Ctrl Pts',(-30.025432097332,-17.6715940123287,115.348483812425));
#10343=CARTESIAN_POINT('Ctrl Pts',(-71.7799429601933,-15.5424546949675,
209.696023654784));
#10344=CARTESIAN_POINT('Ctrl Pts',(-39.3375733299744,-11.2949714544293,
329.068515266882));
#10345=CARTESIAN_POINT('Ctrl Pts',(-15.1525351249347,-11.5034697794075,
356.594761081523));
#10346=CARTESIAN_POINT('Ctrl Pts',(-7.16708664521263,-9.4485745454254,359.208540063636));
#10347=CARTESIAN_POINT('Ctrl Pts',(-5.03681657401269,-9.63142031953369,
360.808289638364));
#10348=CARTESIAN_POINT('Ctrl Pts',(-3.63559258312259,-9.31193982025565,
360.979068001025));
#10349=CARTESIAN_POINT('Ctrl Pts',(-2.93498058767755,-9.15219957061663,
361.064457182356));
#10350=CARTESIAN_POINT('Ctrl Pts',(-3.96700898503676,-14.0443954313789,
0.67396857815261));
#10351=CARTESIAN_POINT('Ctrl Pts',(-4.86781812130711,-14.0289058224649,
1.64866836919638));
#10352=CARTESIAN_POINT('Ctrl Pts',(-4.97413283060364,-14.0945268854854,
4.02106932139614));
#10353=CARTESIAN_POINT('Ctrl Pts',(-5.72343917363622,-14.2281668716278,
9.57445620059433));
#10354=CARTESIAN_POINT('Ctrl Pts',(-6.12136952653907,-14.3003984097073,
12.3255848384028));
#10355=CARTESIAN_POINT('Ctrl Pts',(-7.37481214991152,-14.5227968956661,
20.6083399651036));
#10356=CARTESIAN_POINT('Ctrl Pts',(-10.120303655312,-14.9904093544636,37.2913270716079));
#10357=CARTESIAN_POINT('Ctrl Pts',(-16.8755692314358,-16.2258327548817,
77.0108519929916));
#10358=CARTESIAN_POINT('Ctrl Pts',(-29.5653431537954,-17.6103411538244,
115.313849326247));
#10359=CARTESIAN_POINT('Ctrl Pts',(-71.6034378729223,-15.5552563623664,
209.670324100566));
#10360=CARTESIAN_POINT('Ctrl Pts',(-39.2147601037968,-11.2968651339651,
329.068554361999));
#10361=CARTESIAN_POINT('Ctrl Pts',(-15.0785955897715,-11.4982515103474,
356.609077709191));
#10362=CARTESIAN_POINT('Ctrl Pts',(-7.16563058112063,-9.46127946117117,
359.204174590203));
#10363=CARTESIAN_POINT('Ctrl Pts',(-5.02798555555011,-9.63979707312451,
360.807869079658));
#10364=CARTESIAN_POINT('Ctrl Pts',(-3.63264891030173,-9.31473207145259,
360.97892781479));
#10365=CARTESIAN_POINT('Ctrl Pts',(-2.93498058767755,-9.15219957061663,
361.064457182356));
#10366=CARTESIAN_POINT('Ctrl Pts',(-1.96976564477097,-14.0520165024098,
0.842571621756516));
#10367=CARTESIAN_POINT('Ctrl Pts',(-3.11084997734273,-14.0351162251082,
1.3552813166871));
#10368=CARTESIAN_POINT('Ctrl Pts',(-3.83842598379511,-14.1094039345226,
4.27917458874177));
#10369=CARTESIAN_POINT('Ctrl Pts',(-4.96278641815681,-14.2398458865053,
9.95469023565383));
#10370=CARTESIAN_POINT('Ctrl Pts',(-5.47630680023808,-14.305310750045,12.6058704243213));
#10371=CARTESIAN_POINT('Ctrl Pts',(-6.89112602391389,-14.5168029431961,
20.5992915888079));
#10372=CARTESIAN_POINT('Ctrl Pts',(-9.61990161516162,-14.9824158649568,
37.1629009604565));
#10373=CARTESIAN_POINT('Ctrl Pts',(-16.3169798746143,-16.2141136999935,
77.0001499633876));
#10374=CARTESIAN_POINT('Ctrl Pts',(-29.3716689065332,-17.5584704790148,
115.295825034707));
#10375=CARTESIAN_POINT('Ctrl Pts',(-71.5143595804479,-15.5604500955603,
209.65750897397));
#10376=CARTESIAN_POINT('Ctrl Pts',(-39.1508235214435,-11.2974830863652,
329.068575239907));
#10377=CARTESIAN_POINT('Ctrl Pts',(-15.0407574403752,-11.4953196499686,
356.616450642145));
#10378=CARTESIAN_POINT('Ctrl Pts',(-7.16479035919347,-9.4676207516453,359.201995054818));
#10379=CARTESIAN_POINT('Ctrl Pts',(-5.02352787813081,-9.6439774564921,360.807659108714));
#10380=CARTESIAN_POINT('Ctrl Pts',(-3.63116301782863,-9.31612553257512,
360.978857824475));
#10381=CARTESIAN_POINT('Ctrl Pts',(-2.93498058767755,-9.15219957061663,
361.064457182356));
#10382=CARTESIAN_POINT('Ctrl Pts',(-1.86727080608965,-13.988610729807,0.832577924116723));
#10383=CARTESIAN_POINT('Ctrl Pts',(-2.68342143527938,-14.0248148003227,
1.94195448101035));
#10384=CARTESIAN_POINT('Ctrl Pts',(-3.32334925158311,-14.0827794461602,
4.60703610490729));
#10385=CARTESIAN_POINT('Ctrl Pts',(-4.49412988417018,-14.2074419167032,
9.92342734418538));
#10386=CARTESIAN_POINT('Ctrl Pts',(-5.02498270045352,-14.2741397414087,
12.5747369595665));
#10387=CARTESIAN_POINT('Ctrl Pts',(-6.45392864927296,-14.4873329838271,
20.5080077929364));
#10388=CARTESIAN_POINT('Ctrl Pts',(-9.14241636819307,-14.9532625283254,
36.9773028000231));
#10389=CARTESIAN_POINT('Ctrl Pts',(-15.7803423363548,-16.1808488279429,
76.9876514996966));
#10390=CARTESIAN_POINT('Ctrl Pts',(-29.2220364876523,-17.4819887206536,
115.277087239955));
#10391=CARTESIAN_POINT('Ctrl Pts',(-71.4248640133777,-15.5644411898596,
209.644768051828));
#10392=CARTESIAN_POINT('Ctrl Pts',(-39.0844327491703,-11.2977727433212,
329.068597538705));
#10393=CARTESIAN_POINT('Ctrl Pts',(-15.0020836348142,-11.4920754419606,
356.624029074712));
#10394=CARTESIAN_POINT('Ctrl Pts',(-7.16383715907444,-9.47395024118716,
359.19981891777));
#10395=CARTESIAN_POINT('Ctrl Pts',(-5.01902873882422,-9.64814940821833,
360.807449465156));
#10396=CARTESIAN_POINT('Ctrl Pts',(-3.62966330472644,-9.31751618315053,
360.97878794329));
#10397=CARTESIAN_POINT('Ctrl Pts',(-2.93498058767755,-9.15219957061663,
361.064457182356));
#10398=CARTESIAN_POINT('Origin',(-31.,0.,-18.));
#10399=CARTESIAN_POINT('',(-31.,-20.,-40.));
#10400=CARTESIAN_POINT('',(-31.,-20.,4.));
#10401=CARTESIAN_POINT('',(-31.,-20.,-40.));
#10402=CARTESIAN_POINT('',(-31.,20.,4.));
#10403=CARTESIAN_POINT('',(-31.,-20.,4.));
#10404=CARTESIAN_POINT('',(-31.,20.,-40.));
#10405=CARTESIAN_POINT('',(-31.,20.,4.));
#10406=CARTESIAN_POINT('',(-31.,20.,-40.));
#10407=CARTESIAN_POINT('Origin',(0.,20.,4.));
#10408=CARTESIAN_POINT('',(31.,-20.,4.));
#10409=CARTESIAN_POINT('',(0.,-20.,4.));
#10410=CARTESIAN_POINT('',(31.,20.,4.));
#10411=CARTESIAN_POINT('',(31.,-20.,4.));
#10412=CARTESIAN_POINT('',(0.,20.,4.));
#10413=CARTESIAN_POINT('Origin',(0.,20.,-40.));
#10414=CARTESIAN_POINT('',(31.,20.,-40.));
#10415=CARTESIAN_POINT('',(31.,20.,4.));
#10416=CARTESIAN_POINT('',(0.,20.,-40.));
#10417=CARTESIAN_POINT('Origin',(0.,-20.,-40.));
#10418=CARTESIAN_POINT('',(31.,-20.,-40.));
#10419=CARTESIAN_POINT('',(31.,20.,-40.));
#10420=CARTESIAN_POINT('',(0.,-20.,-40.));
#10421=CARTESIAN_POINT('Origin',(0.,-20.,4.));
#10422=CARTESIAN_POINT('',(31.,-20.,-40.));
#10423=CARTESIAN_POINT('Origin',(31.,0.,-18.));
#10424=UNCERTAINTY_MEASURE_WITH_UNIT(LENGTH_MEASURE(0.01),#10428,
'DISTANCE_ACCURACY_VALUE',
'Maximum model space distance between geometric entities at asserted c
onnectivities');
#10425=UNCERTAINTY_MEASURE_WITH_UNIT(LENGTH_MEASURE(0.01),#10428,
'DISTANCE_ACCURACY_VALUE',
'Maximum model space distance between geometric entities at asserted c
onnectivities');
#10426=(
GEOMETRIC_REPRESENTATION_CONTEXT(3)
GLOBAL_UNCERTAINTY_ASSIGNED_CONTEXT((#10424))
GLOBAL_UNIT_ASSIGNED_CONTEXT((#10428,#10430,#10431))
REPRESENTATION_CONTEXT('','3D')
);
#10427=(
GEOMETRIC_REPRESENTATION_CONTEXT(3)
GLOBAL_UNCERTAINTY_ASSIGNED_CONTEXT((#10425))
GLOBAL_UNIT_ASSIGNED_CONTEXT((#10428,#10430,#10431))
REPRESENTATION_CONTEXT('','3D')
);
#10428=(
LENGTH_UNIT()
NAMED_UNIT(*)
SI_UNIT(.MILLI.,.METRE.)
);
#10429=(
LENGTH_UNIT()
NAMED_UNIT(*)
SI_UNIT($,.METRE.)
);
#10430=(
NAMED_UNIT(*)
PLANE_ANGLE_UNIT()
SI_UNIT($,.RADIAN.)
);
#10431=(
NAMED_UNIT(*)
SI_UNIT($,.STERADIAN.)
SOLID_ANGLE_UNIT()
);
#10432=SHAPE_DEFINITION_REPRESENTATION(#10433,#10434);
#10433=PRODUCT_DEFINITION_SHAPE('',$,#10436);
#10434=SHAPE_REPRESENTATION('',(#2438),#10426);
#10435=PRODUCT_DEFINITION_CONTEXT('part definition',#10440,'design');
#10436=PRODUCT_DEFINITION('bunny ears 9','bunny ears 9 v7',#10437,#10435);
#10437=PRODUCT_DEFINITION_FORMATION('',$,#10442);
#10438=PRODUCT_RELATED_PRODUCT_CATEGORY('bunny ears 9 v7',
'bunny ears 9 v7',(#10442));
#10439=APPLICATION_PROTOCOL_DEFINITION('international standard',
'automotive_design',2009,#10440);
#10440=APPLICATION_CONTEXT(
'Core Data for Automotive Mechanical Design Process');
#10441=PRODUCT_CONTEXT('part definition',#10440,'mechanical');
#10442=PRODUCT('bunny ears 9','bunny ears 9 v7',$,(#10441));
#10443=PRESENTATION_STYLE_ASSIGNMENT((#10445));
#10444=PRESENTATION_STYLE_ASSIGNMENT((#10446));
#10445=SURFACE_STYLE_USAGE(.BOTH.,#10447);
#10446=SURFACE_STYLE_USAGE(.BOTH.,#10448);
#10447=SURFACE_SIDE_STYLE('',(#10449));
#10448=SURFACE_SIDE_STYLE('',(#10450));
#10449=SURFACE_STYLE_FILL_AREA(#10451);
#10450=SURFACE_STYLE_FILL_AREA(#10452);
#10451=FILL_AREA_STYLE('Steel - Satin',(#10453));
#10452=FILL_AREA_STYLE('Nylon 12 (with Formlabs Fuse 1 3D Printer)',(#10454));
#10453=FILL_AREA_STYLE_COLOUR('Steel - Satin',#10455);
#10454=FILL_AREA_STYLE_COLOUR(
'Nylon 12 (with Formlabs Fuse 1 3D Printer)',#10456);
#10455=COLOUR_RGB('Steel - Satin',0.627450980392157,0.627450980392157,0.627450980392157);
#10456=COLOUR_RGB('Nylon 12 (with Formlabs Fuse 1 3D Printer)',0.247058823529412,
0.247058823529412,0.247058823529412);
ENDSEC;
END-ISO-10303-21;
