ISO-10303-21;
HEADER;
FILE_DESCRIPTION(('STEP AP203'),
    '1');
FILE_NAME('сборка шарнира',
    '',
    ('UNSPECIFIED'),
    ('UNSPECIFIED'),
    'C3D Converter',
    'C3D Toolkit',
    '');
FILE_SCHEMA(('CONFIG_CONTROL_DESIGN'));
ENDSEC;

DATA;
#1=PRODUCT_DEFINITION('','UNSPECIFIED',#15,#18);
#2=SHAPE_DEFINITION_REPRESENTATION(#13,#3);
#3=SHAPE_REPRESENTATION('NONE',(#4,#40,#111,#223,#325,#437),#8);
#4=AXIS2_PLACEMENT_3D('',#5,#6,#7);
#5=CARTESIAN_POINT('',(0.,0.,0.));
#6=DIRECTION('',(0.,0.,1.));
#7=DIRECTION('',(1.,0.,0.));
#8=(GEOMETRIC_REPRESENTATION_CONTEXT(3)GLOBAL_UNCERTAINTY_ASSIGNED_CONTEXT((#10))
GLOBAL_UNIT_ASSIGNED_CONTEXT((#9,#11,#12))REPRESENTATION_CONTEXT('NONE','NONE'));
#9=(LENGTH_UNIT()NAMED_UNIT(*)SI_UNIT(.MILLI.,.METRE.));
#10=UNCERTAINTY_MEASURE_WITH_UNIT(LENGTH_MEASURE(1.E-5),#9,'NONE','NONE');
#11=(NAMED_UNIT(*)PLANE_ANGLE_UNIT()SI_UNIT($,.RADIAN.));
#12=(NAMED_UNIT(*)SI_UNIT($,.STERADIAN.)SOLID_ANGLE_UNIT());
#13=PRODUCT_DEFINITION_SHAPE('NONE','NONE',#1);
#14=MECHANICAL_CONTEXT('NONE',#19,'mechanical');
#15=PRODUCT_DEFINITION_FORMATION_WITH_SPECIFIED_SOURCE('ANY','UNSPECIFIED',#16,.NOT_KNOWN.);
#16=PRODUCT('','\X2\04210431043E0440043A0430\X0\','NONE',(#14));
#17=PRODUCT_RELATED_PRODUCT_CATEGORY('assembly','',(#16));
#18=DESIGN_CONTEXT('detailed design',#19,'design');
#19=APPLICATION_CONTEXT('configuration controlled 3d designs of mechanical parts and assemblies');
#20=APPLICATION_PROTOCOL_DEFINITION('international standard','config_control_design',
1994,#19);
#21=CC_DESIGN_DATE_AND_TIME_ASSIGNMENT(#22,#26,(#1));
#22=DATE_AND_TIME(#23,#24);
#23=CALENDAR_DATE(0,1,1);
#24=LOCAL_TIME(0,0,0.,#25);
#25=COORDINATED_UNIVERSAL_TIME_OFFSET(0,0,.AHEAD.);
#26=DATE_TIME_ROLE('creation_date');
#27=CC_DESIGN_APPROVAL(#28,(#1));
#28=APPROVAL(#29,'UNSPECIFIED');
#29=APPROVAL_STATUS('not_yet_approved');
#30=APPROVAL_DATE_TIME(#31,#28);
#31=DATE_AND_TIME(#32,#33);
#32=CALENDAR_DATE(0,1,1);
#33=LOCAL_TIME(0,0,0.,#34);
#34=COORDINATED_UNIVERSAL_TIME_OFFSET(0,0,.AHEAD.);
#35=PERSON('UNSPECIFIED','User','UNSPECIFIED',('UNSPECIFIED'),('UNSPECIFIED'),('UNSPECIFIED'));
#36=ORGANIZATION('UNSPECIFIED','UNSPECIFIED','UNSPECIFIED');
#37=PERSON_AND_ORGANIZATION(#35,#36);
#38=PERSON_AND_ORGANIZATION_ROLE('creator');
#39=CC_DESIGN_PERSON_AND_ORGANIZATION_ASSIGNMENT(#37,#38,(#15,#1));
#40=AXIS2_PLACEMENT_3D('',#41,#42,#43);
#41=CARTESIAN_POINT('',(0.,30.,0.));
#42=DIRECTION('',(0.,0.,1.));
#43=DIRECTION('',(1.,0.,0.));
#44=PRODUCT_DEFINITION('','UNSPECIFIED',#64,#67);
#45=SHAPE_DEFINITION_REPRESENTATION(#62,#46);
#46=SHAPE_REPRESENTATION('NONE',(#4),#8);
#47=MANIFOLD_SOLID_BREP('',#48);
#48=CLOSED_SHELL('',(#507,#516,#525,#534,#543,#552,#561,#570,#579,#588,#597,#606,
#615,#624,#633,#642,#651,#660,#669,#678,#687,#696,#705,#714,#723,#732,#741,#750,
#759,#768,#777,#786,#795,#804,#813,#822,#831,#840,#849,#858,#867,#876,#885,#894));
#49=COLOUR_RGB('',1.,1.,1.);
#50=FILL_AREA_STYLE_COLOUR('',#49);
#51=FILL_AREA_STYLE($,(#50));
#52=SURFACE_STYLE_FILL_AREA(#51);
#53=SURFACE_SIDE_STYLE('',(#52,#57));
#54=SURFACE_STYLE_USAGE(.BOTH.,#53);
#55=PRESENTATION_STYLE_ASSIGNMENT((#54));
#56=SURFACE_STYLE_TRANSPARENT(0.541000008583069);
#57=SURFACE_STYLE_RENDERING_WITH_PROPERTIES(.UNSPECIFIED.,$,(#56));
#58=MECHANICAL_DESIGN_GEOMETRIC_PRESENTATION_REPRESENTATION('NONE',(#59,#129,#139,
#149,#159,#171,#241,#253,#263,#273,#343,#355,#365,#375,#385,#455,#515,#524,#533,
#542,#551,#560,#569,#578,#587,#596,#605,#614,#623,#632,#641,#650,#659,#668,#677,
#686,#695,#704,#713,#722,#731,#740,#749,#758,#767,#776,#785,#794,#803,#812,#821,
#830,#839,#848,#857,#866,#875,#884,#893,#902,#911,#920,#929,#938,#947,#956,#965,
#974,#983,#992,#1001,#1010,#1019,#1028,#1037,#1103,#1112,#1121,#1130,#1139,#1148,
#1157,#1166,#1175,#1184,#1193,#1202,#1211,#1220,#1229,#1238,#1247,#1256,#1265,#1274,
#1283,#1292,#1301,#1310,#1319,#1328,#1337,#1346,#1355,#1364,#1373,#1382,#1391,#1400,
#1409,#1418,#1427,#1436,#1445,#1454,#1463,#1478,#1487,#1496,#1505,#1514,#1523,#1532,
#1541,#1550,#1559,#1568,#1577,#1586,#1595,#1604,#1613,#1622,#1631,#1640,#1649,#1658,
#1667,#1676,#1685,#1806,#1815,#1824,#1833,#1842,#1851,#1860,#1869,#1878,#1887,#1896,
#1905,#1914,#1923,#1932,#1941,#1950,#1959,#1968,#1977,#1986,#1995,#2004,#2013,#2022,
#2031,#2040,#2049,#2058,#2067,#2076,#2085),#8);
#59=STYLED_ITEM('',(#55),#47);
#60=ADVANCED_BREP_SHAPE_REPRESENTATION('NONE',(#47),#8);
#61=SHAPE_REPRESENTATION_RELATIONSHIP('','',#46,#60);
#62=PRODUCT_DEFINITION_SHAPE('NONE','NONE',#44);
#63=MECHANICAL_CONTEXT('NONE',#68,'mechanical');
#64=PRODUCT_DEFINITION_FORMATION_WITH_SPECIFIED_SOURCE('ANY','UNSPECIFIED',#65,.NOT_KNOWN.);
#65=PRODUCT('','\X2\044804300440043D04380440\X0\','NONE',(#63));
#66=PRODUCT_RELATED_PRODUCT_CATEGORY('detail','',(#65));
#67=DESIGN_CONTEXT('detailed design',#68,'design');
#68=APPLICATION_CONTEXT('configuration controlled 3d designs of mechanical parts and assemblies');
#69=APPLICATION_PROTOCOL_DEFINITION('international standard','config_control_design',
1994,#68);
#70=CC_DESIGN_DATE_AND_TIME_ASSIGNMENT(#71,#75,(#44));
#71=DATE_AND_TIME(#72,#73);
#72=CALENDAR_DATE(0,1,1);
#73=LOCAL_TIME(0,0,0.,#74);
#74=COORDINATED_UNIVERSAL_TIME_OFFSET(0,0,.AHEAD.);
#75=DATE_TIME_ROLE('creation_date');
#76=CC_DESIGN_APPROVAL(#77,(#44));
#77=APPROVAL(#78,'UNSPECIFIED');
#78=APPROVAL_STATUS('not_yet_approved');
#79=APPROVAL_DATE_TIME(#80,#77);
#80=DATE_AND_TIME(#81,#82);
#81=CALENDAR_DATE(0,1,1);
#82=LOCAL_TIME(0,0,0.,#83);
#83=COORDINATED_UNIVERSAL_TIME_OFFSET(0,0,.AHEAD.);
#84=PERSON('UNSPECIFIED','User','UNSPECIFIED',('UNSPECIFIED'),('UNSPECIFIED'),('UNSPECIFIED'));
#85=ORGANIZATION('UNSPECIFIED','UNSPECIFIED','UNSPECIFIED');
#86=PERSON_AND_ORGANIZATION(#84,#85);
#87=PERSON_AND_ORGANIZATION_ROLE('creator');
#88=CC_DESIGN_PERSON_AND_ORGANIZATION_ASSIGNMENT(#86,#87,(#64,#44));
#89=ITEM_DEFINED_TRANSFORMATION('','',#4,#40);
#90=(REPRESENTATION_RELATIONSHIP('','',#46,#3)REPRESENTATION_RELATIONSHIP_WITH_TRANSFORMATION(
#89)SHAPE_REPRESENTATION_RELATIONSHIP());
#91=NEXT_ASSEMBLY_USAGE_OCCURRENCE('','\X2\044804300440043D04380440\X0\','',#1,#44,
'');
#92=CC_DESIGN_SECURITY_CLASSIFICATION(#93,(#91));
#93=SECURITY_CLASSIFICATION('','',#94);
#94=SECURITY_CLASSIFICATION_LEVEL('unclassified');
#95=CC_DESIGN_DATE_AND_TIME_ASSIGNMENT(#96,#100,(#93));
#96=DATE_AND_TIME(#97,#98);
#97=CALENDAR_DATE(0,1,1);
#98=LOCAL_TIME(0,0,0.,#99);
#99=COORDINATED_UNIVERSAL_TIME_OFFSET(0,0,.AHEAD.);
#100=DATE_TIME_ROLE('classification_date');
#101=CC_DESIGN_APPROVAL(#102,(#93));
#102=APPROVAL(#103,'UNSPECIFIED');
#103=APPROVAL_STATUS('not_yet_approved');
#104=APPROVAL_DATE_TIME(#105,#102);
#105=DATE_AND_TIME(#106,#107);
#106=CALENDAR_DATE(0,1,1);
#107=LOCAL_TIME(0,0,0.,#108);
#108=COORDINATED_UNIVERSAL_TIME_OFFSET(0,0,.AHEAD.);
#109=PRODUCT_DEFINITION_SHAPE('NONE','NONE',#91);
#110=CONTEXT_DEPENDENT_SHAPE_REPRESENTATION(#90,#109);
#111=AXIS2_PLACEMENT_3D('',#112,#113,#114);
#112=CARTESIAN_POINT('',(-6.4999999999995,-7.,17.1243556529818));
#113=DIRECTION('',(-2.95651199275671E-19,1.39645239816136E-16,-1.));
#114=DIRECTION('',(1.,-1.22464679914728E-16,-2.95651199275688E-19));
#115=PRODUCT_DEFINITION('','UNSPECIFIED',#176,#179);
#116=SHAPE_DEFINITION_REPRESENTATION(#174,#117);
#117=SHAPE_REPRESENTATION('NONE',(#4),#8);
#118=MANIFOLD_SOLID_BREP('',#119);
#119=CLOSED_SHELL('',(#903,#912,#921,#930,#939,#948,#957,#966,#975,#984,#993,#1002,
#1011,#1020,#1029));
#120=COLOUR_RGB('',1.,1.,1.);
#121=FILL_AREA_STYLE_COLOUR('',#120);
#122=FILL_AREA_STYLE($,(#121));
#123=SURFACE_STYLE_FILL_AREA(#122);
#124=SURFACE_SIDE_STYLE('',(#123,#128));
#125=SURFACE_STYLE_USAGE(.BOTH.,#124);
#126=PRESENTATION_STYLE_ASSIGNMENT((#125));
#127=SURFACE_STYLE_TRANSPARENT(0.541000008583069);
#128=SURFACE_STYLE_RENDERING_WITH_PROPERTIES(.UNSPECIFIED.,$,(#127));
#129=STYLED_ITEM('',(#126),#118);
#130=MANIFOLD_SOLID_BREP('',#131);
#131=CLOSED_SHELL('',(#1038,#1039,#1040,#1041,#1042,#1043,#1044,#1045,#1046,#1047,
#1048,#1049,#1050,#1051,#1052,#1053,#1054,#1055,#1056,#1057));
#132=COLOUR_RGB('',0.2,0.4,0.);
#133=FILL_AREA_STYLE_COLOUR('',#132);
#134=FILL_AREA_STYLE($,(#133));
#135=SURFACE_STYLE_FILL_AREA(#134);
#136=SURFACE_SIDE_STYLE('',(#135));
#137=SURFACE_STYLE_USAGE(.BOTH.,#136);
#138=PRESENTATION_STYLE_ASSIGNMENT((#137));
#139=STYLED_ITEM('',(#138),#130);
#140=MANIFOLD_SOLID_BREP('',#141);
#141=CLOSED_SHELL('',(#1058,#1059,#1060,#1061,#1062,#1063,#1064,#1065,#1066,#1067,
#1068,#1069,#1070,#1071,#1072,#1073,#1074,#1075,#1076,#1077,#1078,#1079,#1080,#1081,
#1082,#1083,#1084,#1085,#1086,#1087,#1088,#1089,#1090,#1091));
#142=COLOUR_RGB('',0.,0.4,0.4);
#143=FILL_AREA_STYLE_COLOUR('',#142);
#144=FILL_AREA_STYLE($,(#143));
#145=SURFACE_STYLE_FILL_AREA(#144);
#146=SURFACE_SIDE_STYLE('',(#145));
#147=SURFACE_STYLE_USAGE(.BOTH.,#146);
#148=PRESENTATION_STYLE_ASSIGNMENT((#147));
#149=STYLED_ITEM('',(#148),#140);
#150=MANIFOLD_SOLID_BREP('',#151);
#151=CLOSED_SHELL('',(#1092,#1093,#1094));
#152=COLOUR_RGB('',0.141176470588235,0.141176470588235,0.141176470588235);
#153=FILL_AREA_STYLE_COLOUR('',#152);
#154=FILL_AREA_STYLE($,(#153));
#155=SURFACE_STYLE_FILL_AREA(#154);
#156=SURFACE_SIDE_STYLE('',(#155));
#157=SURFACE_STYLE_USAGE(.BOTH.,#156);
#158=PRESENTATION_STYLE_ASSIGNMENT((#157));
#159=STYLED_ITEM('',(#158),#150);
#160=MANIFOLD_SOLID_BREP('',#161);
#161=CLOSED_SHELL('',(#1095,#1104,#1113,#1122,#1131,#1140,#1149,#1158,#1167,#1176,
#1185,#1194,#1203,#1212,#1221,#1230,#1239));
#162=COLOUR_RGB('',1.,1.,1.);
#163=FILL_AREA_STYLE_COLOUR('',#162);
#164=FILL_AREA_STYLE($,(#163));
#165=SURFACE_STYLE_FILL_AREA(#164);
#166=SURFACE_SIDE_STYLE('',(#165,#170));
#167=SURFACE_STYLE_USAGE(.BOTH.,#166);
#168=PRESENTATION_STYLE_ASSIGNMENT((#167));
#169=SURFACE_STYLE_TRANSPARENT(0.541000008583069);
#170=SURFACE_STYLE_RENDERING_WITH_PROPERTIES(.UNSPECIFIED.,$,(#169));
#171=STYLED_ITEM('',(#168),#160);
#172=ADVANCED_BREP_SHAPE_REPRESENTATION('NONE',(#118,#130,#140,#150,#160),#8);
#173=SHAPE_REPRESENTATION_RELATIONSHIP('','',#117,#172);
#174=PRODUCT_DEFINITION_SHAPE('NONE','NONE',#115);
#175=MECHANICAL_CONTEXT('NONE',#180,'mechanical');
#176=PRODUCT_DEFINITION_FORMATION_WITH_SPECIFIED_SOURCE('ANY','UNSPECIFIED',#177,
.NOT_KNOWN.);
#177=PRODUCT('','\X2\043C043E0442043E044004470438043A\X0\ 1','NONE',(#175));
#178=PRODUCT_RELATED_PRODUCT_CATEGORY('detail','',(#177));
#179=DESIGN_CONTEXT('detailed design',#180,'design');
#180=APPLICATION_CONTEXT('configuration controlled 3d designs of mechanical parts and assemblies');
#181=APPLICATION_PROTOCOL_DEFINITION('international standard','config_control_design',
1994,#180);
#182=CC_DESIGN_DATE_AND_TIME_ASSIGNMENT(#183,#187,(#115));
#183=DATE_AND_TIME(#184,#185);
#184=CALENDAR_DATE(0,1,1);
#185=LOCAL_TIME(0,0,0.,#186);
#186=COORDINATED_UNIVERSAL_TIME_OFFSET(0,0,.AHEAD.);
#187=DATE_TIME_ROLE('creation_date');
#188=CC_DESIGN_APPROVAL(#189,(#115));
#189=APPROVAL(#190,'UNSPECIFIED');
#190=APPROVAL_STATUS('not_yet_approved');
#191=APPROVAL_DATE_TIME(#192,#189);
#192=DATE_AND_TIME(#193,#194);
#193=CALENDAR_DATE(0,1,1);
#194=LOCAL_TIME(0,0,0.,#195);
#195=COORDINATED_UNIVERSAL_TIME_OFFSET(0,0,.AHEAD.);
#196=PERSON('UNSPECIFIED','User','UNSPECIFIED',('UNSPECIFIED'),('UNSPECIFIED'),(
'UNSPECIFIED'));
#197=ORGANIZATION('UNSPECIFIED','UNSPECIFIED','UNSPECIFIED');
#198=PERSON_AND_ORGANIZATION(#196,#197);
#199=PERSON_AND_ORGANIZATION_ROLE('creator');
#200=CC_DESIGN_PERSON_AND_ORGANIZATION_ASSIGNMENT(#198,#199,(#176,#115));
#201=ITEM_DEFINED_TRANSFORMATION('','',#4,#111);
#202=(REPRESENTATION_RELATIONSHIP('','',#117,#3)REPRESENTATION_RELATIONSHIP_WITH_TRANSFORMATION(
#201)SHAPE_REPRESENTATION_RELATIONSHIP());
#203=NEXT_ASSEMBLY_USAGE_OCCURRENCE('','\X2\043C043E0442043E044004470438043A\X0\ 1',
'',#1,#115,'');
#204=CC_DESIGN_SECURITY_CLASSIFICATION(#205,(#203));
#205=SECURITY_CLASSIFICATION('','',#206);
#206=SECURITY_CLASSIFICATION_LEVEL('unclassified');
#207=CC_DESIGN_DATE_AND_TIME_ASSIGNMENT(#208,#212,(#205));
#208=DATE_AND_TIME(#209,#210);
#209=CALENDAR_DATE(0,1,1);
#210=LOCAL_TIME(0,0,0.,#211);
#211=COORDINATED_UNIVERSAL_TIME_OFFSET(0,0,.AHEAD.);
#212=DATE_TIME_ROLE('classification_date');
#213=CC_DESIGN_APPROVAL(#214,(#205));
#214=APPROVAL(#215,'UNSPECIFIED');
#215=APPROVAL_STATUS('not_yet_approved');
#216=APPROVAL_DATE_TIME(#217,#214);
#217=DATE_AND_TIME(#218,#219);
#218=CALENDAR_DATE(0,1,1);
#219=LOCAL_TIME(0,0,0.,#220);
#220=COORDINATED_UNIVERSAL_TIME_OFFSET(0,0,.AHEAD.);
#221=PRODUCT_DEFINITION_SHAPE('NONE','NONE',#203);
#222=CONTEXT_DEPENDENT_SHAPE_REPRESENTATION(#202,#221);
#223=AXIS2_PLACEMENT_3D('',#224,#225,#226);
#224=CARTESIAN_POINT('',(-5.97574966398141,-8.00000000000038,-27.3157350388261));
#225=DIRECTION('',(1.56230282339157E-16,1.,-1.05701767089767E-16));
#226=DIRECTION('',(0.939692620785908,-1.10656309927586E-16,0.34202014332567));
#227=PRODUCT_DEFINITION('','UNSPECIFIED',#278,#281);
#228=SHAPE_DEFINITION_REPRESENTATION(#276,#229);
#229=SHAPE_REPRESENTATION('NONE',(#4),#8);
#230=MANIFOLD_SOLID_BREP('',#231);
#231=CLOSED_SHELL('',(#1248,#1257,#1266,#1275,#1284,#1293,#1302,#1311,#1320,#1329,
#1338,#1347,#1356,#1365,#1374));
#232=COLOUR_RGB('',1.,1.,1.);
#233=FILL_AREA_STYLE_COLOUR('',#232);
#234=FILL_AREA_STYLE($,(#233));
#235=SURFACE_STYLE_FILL_AREA(#234);
#236=SURFACE_SIDE_STYLE('',(#235,#240));
#237=SURFACE_STYLE_USAGE(.BOTH.,#236);
#238=PRESENTATION_STYLE_ASSIGNMENT((#237));
#239=SURFACE_STYLE_TRANSPARENT(0.541000008583069);
#240=SURFACE_STYLE_RENDERING_WITH_PROPERTIES(.UNSPECIFIED.,$,(#239));
#241=STYLED_ITEM('',(#238),#230);
#242=MANIFOLD_SOLID_BREP('',#243);
#243=CLOSED_SHELL('',(#1383,#1392,#1401,#1410,#1419,#1428,#1437,#1446,#1455));
#244=COLOUR_RGB('',1.,1.,1.);
#245=FILL_AREA_STYLE_COLOUR('',#244);
#246=FILL_AREA_STYLE($,(#245));
#247=SURFACE_STYLE_FILL_AREA(#246);
#248=SURFACE_SIDE_STYLE('',(#247,#252));
#249=SURFACE_STYLE_USAGE(.BOTH.,#248);
#250=PRESENTATION_STYLE_ASSIGNMENT((#249));
#251=SURFACE_STYLE_TRANSPARENT(0.541000008583069);
#252=SURFACE_STYLE_RENDERING_WITH_PROPERTIES(.UNSPECIFIED.,$,(#251));
#253=STYLED_ITEM('',(#250),#242);
#254=MANIFOLD_SOLID_BREP('',#255);
#255=CLOSED_SHELL('',(#1464,#1465,#1466));
#256=COLOUR_RGB('',0.141176470588235,0.141176470588235,0.141176470588235);
#257=FILL_AREA_STYLE_COLOUR('',#256);
#258=FILL_AREA_STYLE($,(#257));
#259=SURFACE_STYLE_FILL_AREA(#258);
#260=SURFACE_SIDE_STYLE('',(#259));
#261=SURFACE_STYLE_USAGE(.BOTH.,#260);
#262=PRESENTATION_STYLE_ASSIGNMENT((#261));
#263=STYLED_ITEM('',(#262),#254);
#264=MANIFOLD_SOLID_BREP('',#265);
#265=CLOSED_SHELL('',(#1467,#1468,#1469));
#266=COLOUR_RGB('',0.141176470588235,0.141176470588235,0.141176470588235);
#267=FILL_AREA_STYLE_COLOUR('',#266);
#268=FILL_AREA_STYLE($,(#267));
#269=SURFACE_STYLE_FILL_AREA(#268);
#270=SURFACE_SIDE_STYLE('',(#269));
#271=SURFACE_STYLE_USAGE(.BOTH.,#270);
#272=PRESENTATION_STYLE_ASSIGNMENT((#271));
#273=STYLED_ITEM('',(#272),#264);
#274=ADVANCED_BREP_SHAPE_REPRESENTATION('NONE',(#230,#242,#254,#264),#8);
#275=SHAPE_REPRESENTATION_RELATIONSHIP('','',#229,#274);
#276=PRODUCT_DEFINITION_SHAPE('NONE','NONE',#227);
#277=MECHANICAL_CONTEXT('NONE',#282,'mechanical');
#278=PRODUCT_DEFINITION_FORMATION_WITH_SPECIFIED_SOURCE('ANY','UNSPECIFIED',#279,
.NOT_KNOWN.);
#279=PRODUCT('','\X2\043C043E0442043E044004470438043A\X0\','NONE',(#277));
#280=PRODUCT_RELATED_PRODUCT_CATEGORY('detail','',(#279));
#281=DESIGN_CONTEXT('detailed design',#282,'design');
#282=APPLICATION_CONTEXT('configuration controlled 3d designs of mechanical parts and assemblies');
#283=APPLICATION_PROTOCOL_DEFINITION('international standard','config_control_design',
1994,#282);
#284=CC_DESIGN_DATE_AND_TIME_ASSIGNMENT(#285,#289,(#227));
#285=DATE_AND_TIME(#286,#287);
#286=CALENDAR_DATE(0,1,1);
#287=LOCAL_TIME(0,0,0.,#288);
#288=COORDINATED_UNIVERSAL_TIME_OFFSET(0,0,.AHEAD.);
#289=DATE_TIME_ROLE('creation_date');
#290=CC_DESIGN_APPROVAL(#291,(#227));
#291=APPROVAL(#292,'UNSPECIFIED');
#292=APPROVAL_STATUS('not_yet_approved');
#293=APPROVAL_DATE_TIME(#294,#291);
#294=DATE_AND_TIME(#295,#296);
#295=CALENDAR_DATE(0,1,1);
#296=LOCAL_TIME(0,0,0.,#297);
#297=COORDINATED_UNIVERSAL_TIME_OFFSET(0,0,.AHEAD.);
#298=PERSON('UNSPECIFIED','User','UNSPECIFIED',('UNSPECIFIED'),('UNSPECIFIED'),(
'UNSPECIFIED'));
#299=ORGANIZATION('UNSPECIFIED','UNSPECIFIED','UNSPECIFIED');
#300=PERSON_AND_ORGANIZATION(#298,#299);
#301=PERSON_AND_ORGANIZATION_ROLE('creator');
#302=CC_DESIGN_PERSON_AND_ORGANIZATION_ASSIGNMENT(#300,#301,(#278,#227));
#303=ITEM_DEFINED_TRANSFORMATION('','',#4,#223);
#304=(REPRESENTATION_RELATIONSHIP('','',#229,#3)REPRESENTATION_RELATIONSHIP_WITH_TRANSFORMATION(
#303)SHAPE_REPRESENTATION_RELATIONSHIP());
#305=NEXT_ASSEMBLY_USAGE_OCCURRENCE('','\X2\043C043E0442043E044004470438043A\X0\',
'',#1,#227,'');
#306=CC_DESIGN_SECURITY_CLASSIFICATION(#307,(#305));
#307=SECURITY_CLASSIFICATION('','',#308);
#308=SECURITY_CLASSIFICATION_LEVEL('unclassified');
#309=CC_DESIGN_DATE_AND_TIME_ASSIGNMENT(#310,#314,(#307));
#310=DATE_AND_TIME(#311,#312);
#311=CALENDAR_DATE(0,1,1);
#312=LOCAL_TIME(0,0,0.,#313);
#313=COORDINATED_UNIVERSAL_TIME_OFFSET(0,0,.AHEAD.);
#314=DATE_TIME_ROLE('classification_date');
#315=CC_DESIGN_APPROVAL(#316,(#307));
#316=APPROVAL(#317,'UNSPECIFIED');
#317=APPROVAL_STATUS('not_yet_approved');
#318=APPROVAL_DATE_TIME(#319,#316);
#319=DATE_AND_TIME(#320,#321);
#320=CALENDAR_DATE(0,1,1);
#321=LOCAL_TIME(0,0,0.,#322);
#322=COORDINATED_UNIVERSAL_TIME_OFFSET(0,0,.AHEAD.);
#323=PRODUCT_DEFINITION_SHAPE('NONE','NONE',#305);
#324=CONTEXT_DEPENDENT_SHAPE_REPRESENTATION(#304,#323);
#325=AXIS2_PLACEMENT_3D('',#326,#327,#328);
#326=CARTESIAN_POINT('',(-3.67132889357819,-8.00000000000038,-8.91783536657472));
#327=DIRECTION('',(0.342020143325669,-2.01399641372763E-16,-0.939692620785909));
#328=DIRECTION('',(0.939692620785909,-1.66689553323749E-16,0.342020143325669));
#329=PRODUCT_DEFINITION('','UNSPECIFIED',#390,#393);
#330=SHAPE_DEFINITION_REPRESENTATION(#388,#331);
#331=SHAPE_REPRESENTATION('NONE',(#4),#8);
#332=MANIFOLD_SOLID_BREP('',#333);
#333=CLOSED_SHELL('',(#1470,#1479,#1488,#1497,#1506,#1515,#1524,#1533,#1542,#1551,
#1560,#1569,#1578,#1587,#1596));
#334=COLOUR_RGB('',1.,1.,1.);
#335=FILL_AREA_STYLE_COLOUR('',#334);
#336=FILL_AREA_STYLE($,(#335));
#337=SURFACE_STYLE_FILL_AREA(#336);
#338=SURFACE_SIDE_STYLE('',(#337,#342));
#339=SURFACE_STYLE_USAGE(.BOTH.,#338);
#340=PRESENTATION_STYLE_ASSIGNMENT((#339));
#341=SURFACE_STYLE_TRANSPARENT(0.541000008583069);
#342=SURFACE_STYLE_RENDERING_WITH_PROPERTIES(.UNSPECIFIED.,$,(#341));
#343=STYLED_ITEM('',(#340),#332);
#344=MANIFOLD_SOLID_BREP('',#345);
#345=CLOSED_SHELL('',(#1605,#1614,#1623,#1632,#1641,#1650,#1659,#1668,#1677));
#346=COLOUR_RGB('',1.,1.,1.);
#347=FILL_AREA_STYLE_COLOUR('',#346);
#348=FILL_AREA_STYLE($,(#347));
#349=SURFACE_STYLE_FILL_AREA(#348);
#350=SURFACE_SIDE_STYLE('',(#349,#354));
#351=SURFACE_STYLE_USAGE(.BOTH.,#350);
#352=PRESENTATION_STYLE_ASSIGNMENT((#351));
#353=SURFACE_STYLE_TRANSPARENT(0.541000008583069);
#354=SURFACE_STYLE_RENDERING_WITH_PROPERTIES(.UNSPECIFIED.,$,(#353));
#355=STYLED_ITEM('',(#352),#344);
#356=MANIFOLD_SOLID_BREP('',#357);
#357=CLOSED_SHELL('',(#1686,#1687,#1688));
#358=COLOUR_RGB('',0.141176470588235,0.141176470588235,0.141176470588235);
#359=FILL_AREA_STYLE_COLOUR('',#358);
#360=FILL_AREA_STYLE($,(#359));
#361=SURFACE_STYLE_FILL_AREA(#360);
#362=SURFACE_SIDE_STYLE('',(#361));
#363=SURFACE_STYLE_USAGE(.BOTH.,#362);
#364=PRESENTATION_STYLE_ASSIGNMENT((#363));
#365=STYLED_ITEM('',(#364),#356);
#366=MANIFOLD_SOLID_BREP('',#367);
#367=CLOSED_SHELL('',(#1689,#1690,#1691,#1692,#1693,#1694,#1695,#1696,#1697,#1698,
#1699,#1700,#1701,#1702,#1703,#1704,#1705,#1706,#1707,#1708,#1709,#1710,#1711,#1712,
#1713,#1714,#1715,#1716,#1717,#1718,#1719,#1720,#1721,#1722,#1723,#1724,#1725,#1726,
#1727,#1728,#1729,#1730,#1731,#1732,#1733,#1734,#1735,#1736,#1737,#1738,#1739,#1740,
#1741,#1742,#1743,#1744,#1745,#1746,#1747,#1748,#1749,#1750,#1751,#1752,#1753));
#368=COLOUR_RGB('',0.,0.4,0.4);
#369=FILL_AREA_STYLE_COLOUR('',#368);
#370=FILL_AREA_STYLE($,(#369));
#371=SURFACE_STYLE_FILL_AREA(#370);
#372=SURFACE_SIDE_STYLE('',(#371));
#373=SURFACE_STYLE_USAGE(.BOTH.,#372);
#374=PRESENTATION_STYLE_ASSIGNMENT((#373));
#375=STYLED_ITEM('',(#374),#366);
#376=MANIFOLD_SOLID_BREP('',#377);
#377=CLOSED_SHELL('',(#1754,#1755,#1756,#1757,#1758,#1759,#1760,#1761,#1762,#1763,
#1764,#1765,#1766,#1767,#1768,#1769,#1770,#1771,#1772,#1773,#1774,#1775,#1776,#1777,
#1778,#1779,#1780,#1781,#1782,#1783,#1784,#1785,#1786,#1787,#1788,#1789,#1790,#1791,
#1792,#1793,#1794,#1795,#1796,#1797));
#378=COLOUR_RGB('',0.2,0.4,0.);
#379=FILL_AREA_STYLE_COLOUR('',#378);
#380=FILL_AREA_STYLE($,(#379));
#381=SURFACE_STYLE_FILL_AREA(#380);
#382=SURFACE_SIDE_STYLE('',(#381));
#383=SURFACE_STYLE_USAGE(.BOTH.,#382);
#384=PRESENTATION_STYLE_ASSIGNMENT((#383));
#385=STYLED_ITEM('',(#384),#376);
#386=ADVANCED_BREP_SHAPE_REPRESENTATION('NONE',(#332,#344,#356,#366,#376),#8);
#387=SHAPE_REPRESENTATION_RELATIONSHIP('','',#331,#386);
#388=PRODUCT_DEFINITION_SHAPE('NONE','NONE',#329);
#389=MECHANICAL_CONTEXT('NONE',#394,'mechanical');
#390=PRODUCT_DEFINITION_FORMATION_WITH_SPECIFIED_SOURCE('ANY','UNSPECIFIED',#391,
.NOT_KNOWN.);
#391=PRODUCT('','\X2\043C043E0442043E044004470438043A\X0\ \X2\04340432043E0439043D043E0439\X0\',
'NONE',(#389));
#392=PRODUCT_RELATED_PRODUCT_CATEGORY('detail','',(#391));
#393=DESIGN_CONTEXT('detailed design',#394,'design');
#394=APPLICATION_CONTEXT('configuration controlled 3d designs of mechanical parts and assemblies');
#395=APPLICATION_PROTOCOL_DEFINITION('international standard','config_control_design',
1994,#394);
#396=CC_DESIGN_DATE_AND_TIME_ASSIGNMENT(#397,#401,(#329));
#397=DATE_AND_TIME(#398,#399);
#398=CALENDAR_DATE(0,1,1);
#399=LOCAL_TIME(0,0,0.,#400);
#400=COORDINATED_UNIVERSAL_TIME_OFFSET(0,0,.AHEAD.);
#401=DATE_TIME_ROLE('creation_date');
#402=CC_DESIGN_APPROVAL(#403,(#329));
#403=APPROVAL(#404,'UNSPECIFIED');
#404=APPROVAL_STATUS('not_yet_approved');
#405=APPROVAL_DATE_TIME(#406,#403);
#406=DATE_AND_TIME(#407,#408);
#407=CALENDAR_DATE(0,1,1);
#408=LOCAL_TIME(0,0,0.,#409);
#409=COORDINATED_UNIVERSAL_TIME_OFFSET(0,0,.AHEAD.);
#410=PERSON('UNSPECIFIED','User','UNSPECIFIED',('UNSPECIFIED'),('UNSPECIFIED'),(
'UNSPECIFIED'));
#411=ORGANIZATION('UNSPECIFIED','UNSPECIFIED','UNSPECIFIED');
#412=PERSON_AND_ORGANIZATION(#410,#411);
#413=PERSON_AND_ORGANIZATION_ROLE('creator');
#414=CC_DESIGN_PERSON_AND_ORGANIZATION_ASSIGNMENT(#412,#413,(#390,#329));
#415=ITEM_DEFINED_TRANSFORMATION('','',#4,#325);
#416=(REPRESENTATION_RELATIONSHIP('','',#331,#3)REPRESENTATION_RELATIONSHIP_WITH_TRANSFORMATION(
#415)SHAPE_REPRESENTATION_RELATIONSHIP());
#417=NEXT_ASSEMBLY_USAGE_OCCURRENCE('','\X2\043C043E0442043E044004470438043A\X0\ \X2\04340432043E0439043D043E0439\X0\',
'',#1,#329,'');
#418=CC_DESIGN_SECURITY_CLASSIFICATION(#419,(#417));
#419=SECURITY_CLASSIFICATION('','',#420);
#420=SECURITY_CLASSIFICATION_LEVEL('unclassified');
#421=CC_DESIGN_DATE_AND_TIME_ASSIGNMENT(#422,#426,(#419));
#422=DATE_AND_TIME(#423,#424);
#423=CALENDAR_DATE(0,1,1);
#424=LOCAL_TIME(0,0,0.,#425);
#425=COORDINATED_UNIVERSAL_TIME_OFFSET(0,0,.AHEAD.);
#426=DATE_TIME_ROLE('classification_date');
#427=CC_DESIGN_APPROVAL(#428,(#419));
#428=APPROVAL(#429,'UNSPECIFIED');
#429=APPROVAL_STATUS('not_yet_approved');
#430=APPROVAL_DATE_TIME(#431,#428);
#431=DATE_AND_TIME(#432,#433);
#432=CALENDAR_DATE(0,1,1);
#433=LOCAL_TIME(0,0,0.,#434);
#434=COORDINATED_UNIVERSAL_TIME_OFFSET(0,0,.AHEAD.);
#435=PRODUCT_DEFINITION_SHAPE('NONE','NONE',#417);
#436=CONTEXT_DEPENDENT_SHAPE_REPRESENTATION(#416,#435);
#437=AXIS2_PLACEMENT_3D('',#438,#439,#440);
#438=CARTESIAN_POINT('',(3.5527136788005E-15,-10.,0.));
#439=DIRECTION('',(0.,0.,1.));
#440=DIRECTION('',(1.,0.,0.));
#441=PRODUCT_DEFINITION('','UNSPECIFIED',#460,#463);
#442=SHAPE_DEFINITION_REPRESENTATION(#458,#443);
#443=SHAPE_REPRESENTATION('NONE',(#4),#8);
#444=MANIFOLD_SOLID_BREP('',#445);
#445=CLOSED_SHELL('',(#1798,#1807,#1816,#1825,#1834,#1843,#1852,#1861,#1870,#1879,
#1888,#1897,#1906,#1915,#1924,#1933,#1942,#1951,#1960,#1969,#1978,#1987,#1996,#2005,
#2014,#2023,#2032,#2041,#2050,#2059,#2068,#2077));
#446=COLOUR_RGB('',1.,1.,1.);
#447=FILL_AREA_STYLE_COLOUR('',#446);
#448=FILL_AREA_STYLE($,(#447));
#449=SURFACE_STYLE_FILL_AREA(#448);
#450=SURFACE_SIDE_STYLE('',(#449,#454));
#451=SURFACE_STYLE_USAGE(.BOTH.,#450);
#452=PRESENTATION_STYLE_ASSIGNMENT((#451));
#453=SURFACE_STYLE_TRANSPARENT(0.541000008583069);
#454=SURFACE_STYLE_RENDERING_WITH_PROPERTIES(.UNSPECIFIED.,$,(#453));
#455=STYLED_ITEM('',(#452),#444);
#456=ADVANCED_BREP_SHAPE_REPRESENTATION('NONE',(#444),#8);
#457=SHAPE_REPRESENTATION_RELATIONSHIP('','',#443,#456);
#458=PRODUCT_DEFINITION_SHAPE('NONE','NONE',#441);
#459=MECHANICAL_CONTEXT('NONE',#464,'mechanical');
#460=PRODUCT_DEFINITION_FORMATION_WITH_SPECIFIED_SOURCE('ANY','UNSPECIFIED',#461,
.NOT_KNOWN.);
#461=PRODUCT('','\X2\0414043504420430043B044C\X0\','NONE',(#459));
#462=PRODUCT_RELATED_PRODUCT_CATEGORY('detail','',(#461));
#463=DESIGN_CONTEXT('detailed design',#464,'design');
#464=APPLICATION_CONTEXT('configuration controlled 3d designs of mechanical parts and assemblies');
#465=APPLICATION_PROTOCOL_DEFINITION('international standard','config_control_design',
1994,#464);
#466=CC_DESIGN_DATE_AND_TIME_ASSIGNMENT(#467,#471,(#441));
#467=DATE_AND_TIME(#468,#469);
#468=CALENDAR_DATE(0,1,1);
#469=LOCAL_TIME(0,0,0.,#470);
#470=COORDINATED_UNIVERSAL_TIME_OFFSET(0,0,.AHEAD.);
#471=DATE_TIME_ROLE('creation_date');
#472=CC_DESIGN_APPROVAL(#473,(#441));
#473=APPROVAL(#474,'UNSPECIFIED');
#474=APPROVAL_STATUS('not_yet_approved');
#475=APPROVAL_DATE_TIME(#476,#473);
#476=DATE_AND_TIME(#477,#478);
#477=CALENDAR_DATE(0,1,1);
#478=LOCAL_TIME(0,0,0.,#479);
#479=COORDINATED_UNIVERSAL_TIME_OFFSET(0,0,.AHEAD.);
#480=PERSON('UNSPECIFIED','User','UNSPECIFIED',('UNSPECIFIED'),('UNSPECIFIED'),(
'UNSPECIFIED'));
#481=ORGANIZATION('UNSPECIFIED','UNSPECIFIED','UNSPECIFIED');
#482=PERSON_AND_ORGANIZATION(#480,#481);
#483=PERSON_AND_ORGANIZATION_ROLE('creator');
#484=CC_DESIGN_PERSON_AND_ORGANIZATION_ASSIGNMENT(#482,#483,(#460,#441));
#485=ITEM_DEFINED_TRANSFORMATION('','',#4,#437);
#486=(REPRESENTATION_RELATIONSHIP('','',#443,#3)REPRESENTATION_RELATIONSHIP_WITH_TRANSFORMATION(
#485)SHAPE_REPRESENTATION_RELATIONSHIP());
#487=NEXT_ASSEMBLY_USAGE_OCCURRENCE('','\X2\0414043504420430043B044C\X0\','',#1,
#441,'');
#488=CC_DESIGN_SECURITY_CLASSIFICATION(#489,(#487));
#489=SECURITY_CLASSIFICATION('','',#490);
#490=SECURITY_CLASSIFICATION_LEVEL('unclassified');
#491=CC_DESIGN_DATE_AND_TIME_ASSIGNMENT(#492,#496,(#489));
#492=DATE_AND_TIME(#493,#494);
#493=CALENDAR_DATE(0,1,1);
#494=LOCAL_TIME(0,0,0.,#495);
#495=COORDINATED_UNIVERSAL_TIME_OFFSET(0,0,.AHEAD.);
#496=DATE_TIME_ROLE('classification_date');
#497=CC_DESIGN_APPROVAL(#498,(#489));
#498=APPROVAL(#499,'UNSPECIFIED');
#499=APPROVAL_STATUS('not_yet_approved');
#500=APPROVAL_DATE_TIME(#501,#498);
#501=DATE_AND_TIME(#502,#503);
#502=CALENDAR_DATE(0,1,1);
#503=LOCAL_TIME(0,0,0.,#504);
#504=COORDINATED_UNIVERSAL_TIME_OFFSET(0,0,.AHEAD.);
#505=PRODUCT_DEFINITION_SHAPE('NONE','NONE',#487);
#506=CONTEXT_DEPENDENT_SHAPE_REPRESENTATION(#486,#505);
#507=ADVANCED_FACE('',(#2086,#2088,#2090,#2092,#2094,#2096,#2098,#2100,#2102,#2104,
#2106,#2108,#2110,#2112,#2114,#2116),#2118,.F.);
#508=COLOUR_RGB('',0.564705882352941,0.564705882352941,0.564705882352941);
#509=FILL_AREA_STYLE_COLOUR('',#508);
#510=FILL_AREA_STYLE($,(#509));
#511=SURFACE_STYLE_FILL_AREA(#510);
#512=SURFACE_SIDE_STYLE('',(#511));
#513=SURFACE_STYLE_USAGE(.BOTH.,#512);
#514=PRESENTATION_STYLE_ASSIGNMENT((#513));
#515=STYLED_ITEM('',(#514),#507);
#516=ADVANCED_FACE('',(#2123,#2125,#2127,#2129,#2131,#2133,#2135,#2137,#2139,#2141,
#2143,#2145,#2147,#2149,#2151,#2153),#2155,.T.);
#517=COLOUR_RGB('',0.564705882352941,0.564705882352941,0.564705882352941);
#518=FILL_AREA_STYLE_COLOUR('',#517);
#519=FILL_AREA_STYLE($,(#518));
#520=SURFACE_STYLE_FILL_AREA(#519);
#521=SURFACE_SIDE_STYLE('',(#520));
#522=SURFACE_STYLE_USAGE(.BOTH.,#521);
#523=PRESENTATION_STYLE_ASSIGNMENT((#522));
#524=STYLED_ITEM('',(#523),#516);
#525=ADVANCED_FACE('',(#2160,#2162),#2164,.F.);
#526=COLOUR_RGB('',0.564705882352941,0.564705882352941,0.564705882352941);
#527=FILL_AREA_STYLE_COLOUR('',#526);
#528=FILL_AREA_STYLE($,(#527));
#529=SURFACE_STYLE_FILL_AREA(#528);
#530=SURFACE_SIDE_STYLE('',(#529));
#531=SURFACE_STYLE_USAGE(.BOTH.,#530);
#532=PRESENTATION_STYLE_ASSIGNMENT((#531));
#533=STYLED_ITEM('',(#532),#525);
#534=ADVANCED_FACE('',(#2169,#2171),#2173,.F.);
#535=COLOUR_RGB('',0.564705882352941,0.564705882352941,0.564705882352941);
#536=FILL_AREA_STYLE_COLOUR('',#535);
#537=FILL_AREA_STYLE($,(#536));
#538=SURFACE_STYLE_FILL_AREA(#537);
#539=SURFACE_SIDE_STYLE('',(#538));
#540=SURFACE_STYLE_USAGE(.BOTH.,#539);
#541=PRESENTATION_STYLE_ASSIGNMENT((#540));
#542=STYLED_ITEM('',(#541),#534);
#543=ADVANCED_FACE('',(#2178,#2180),#2182,.F.);
#544=COLOUR_RGB('',0.564705882352941,0.564705882352941,0.564705882352941);
#545=FILL_AREA_STYLE_COLOUR('',#544);
#546=FILL_AREA_STYLE($,(#545));
#547=SURFACE_STYLE_FILL_AREA(#546);
#548=SURFACE_SIDE_STYLE('',(#547));
#549=SURFACE_STYLE_USAGE(.BOTH.,#548);
#550=PRESENTATION_STYLE_ASSIGNMENT((#549));
#551=STYLED_ITEM('',(#550),#543);
#552=ADVANCED_FACE('',(#2187,#2189),#2191,.F.);
#553=COLOUR_RGB('',0.564705882352941,0.564705882352941,0.564705882352941);
#554=FILL_AREA_STYLE_COLOUR('',#553);
#555=FILL_AREA_STYLE($,(#554));
#556=SURFACE_STYLE_FILL_AREA(#555);
#557=SURFACE_SIDE_STYLE('',(#556));
#558=SURFACE_STYLE_USAGE(.BOTH.,#557);
#559=PRESENTATION_STYLE_ASSIGNMENT((#558));
#560=STYLED_ITEM('',(#559),#552);
#561=ADVANCED_FACE('',(#2196,#2198),#2200,.F.);
#562=COLOUR_RGB('',0.564705882352941,0.564705882352941,0.564705882352941);
#563=FILL_AREA_STYLE_COLOUR('',#562);
#564=FILL_AREA_STYLE($,(#563));
#565=SURFACE_STYLE_FILL_AREA(#564);
#566=SURFACE_SIDE_STYLE('',(#565));
#567=SURFACE_STYLE_USAGE(.BOTH.,#566);
#568=PRESENTATION_STYLE_ASSIGNMENT((#567));
#569=STYLED_ITEM('',(#568),#561);
#570=ADVANCED_FACE('',(#2205,#2207),#2209,.F.);
#571=COLOUR_RGB('',0.564705882352941,0.564705882352941,0.564705882352941);
#572=FILL_AREA_STYLE_COLOUR('',#571);
#573=FILL_AREA_STYLE($,(#572));
#574=SURFACE_STYLE_FILL_AREA(#573);
#575=SURFACE_SIDE_STYLE('',(#574));
#576=SURFACE_STYLE_USAGE(.BOTH.,#575);
#577=PRESENTATION_STYLE_ASSIGNMENT((#576));
#578=STYLED_ITEM('',(#577),#570);
#579=ADVANCED_FACE('',(#2214),#2216,.T.);
#580=COLOUR_RGB('',0.564705882352941,0.564705882352941,0.564705882352941);
#581=FILL_AREA_STYLE_COLOUR('',#580);
#582=FILL_AREA_STYLE($,(#581));
#583=SURFACE_STYLE_FILL_AREA(#582);
#584=SURFACE_SIDE_STYLE('',(#583));
#585=SURFACE_STYLE_USAGE(.BOTH.,#584);
#586=PRESENTATION_STYLE_ASSIGNMENT((#585));
#587=STYLED_ITEM('',(#586),#579);
#588=ADVANCED_FACE('',(#2221),#2223,.T.);
#589=COLOUR_RGB('',0.564705882352941,0.564705882352941,0.564705882352941);
#590=FILL_AREA_STYLE_COLOUR('',#589);
#591=FILL_AREA_STYLE($,(#590));
#592=SURFACE_STYLE_FILL_AREA(#591);
#593=SURFACE_SIDE_STYLE('',(#592));
#594=SURFACE_STYLE_USAGE(.BOTH.,#593);
#595=PRESENTATION_STYLE_ASSIGNMENT((#594));
#596=STYLED_ITEM('',(#595),#588);
#597=ADVANCED_FACE('',(#2228),#2230,.T.);
#598=COLOUR_RGB('',0.564705882352941,0.564705882352941,0.564705882352941);
#599=FILL_AREA_STYLE_COLOUR('',#598);
#600=FILL_AREA_STYLE($,(#599));
#601=SURFACE_STYLE_FILL_AREA(#600);
#602=SURFACE_SIDE_STYLE('',(#601));
#603=SURFACE_STYLE_USAGE(.BOTH.,#602);
#604=PRESENTATION_STYLE_ASSIGNMENT((#603));
#605=STYLED_ITEM('',(#604),#597);
#606=ADVANCED_FACE('',(#2235),#2237,.T.);
#607=COLOUR_RGB('',0.564705882352941,0.564705882352941,0.564705882352941);
#608=FILL_AREA_STYLE_COLOUR('',#607);
#609=FILL_AREA_STYLE($,(#608));
#610=SURFACE_STYLE_FILL_AREA(#609);
#611=SURFACE_SIDE_STYLE('',(#610));
#612=SURFACE_STYLE_USAGE(.BOTH.,#611);
#613=PRESENTATION_STYLE_ASSIGNMENT((#612));
#614=STYLED_ITEM('',(#613),#606);
#615=ADVANCED_FACE('',(#2242),#2244,.T.);
#616=COLOUR_RGB('',0.564705882352941,0.564705882352941,0.564705882352941);
#617=FILL_AREA_STYLE_COLOUR('',#616);
#618=FILL_AREA_STYLE($,(#617));
#619=SURFACE_STYLE_FILL_AREA(#618);
#620=SURFACE_SIDE_STYLE('',(#619));
#621=SURFACE_STYLE_USAGE(.BOTH.,#620);
#622=PRESENTATION_STYLE_ASSIGNMENT((#621));
#623=STYLED_ITEM('',(#622),#615);
#624=ADVANCED_FACE('',(#2249),#2251,.T.);
#625=COLOUR_RGB('',0.564705882352941,0.564705882352941,0.564705882352941);
#626=FILL_AREA_STYLE_COLOUR('',#625);
#627=FILL_AREA_STYLE($,(#626));
#628=SURFACE_STYLE_FILL_AREA(#627);
#629=SURFACE_SIDE_STYLE('',(#628));
#630=SURFACE_STYLE_USAGE(.BOTH.,#629);
#631=PRESENTATION_STYLE_ASSIGNMENT((#630));
#632=STYLED_ITEM('',(#631),#624);
#633=ADVANCED_FACE('',(#2256),#2258,.T.);
#634=COLOUR_RGB('',0.564705882352941,0.564705882352941,0.564705882352941);
#635=FILL_AREA_STYLE_COLOUR('',#634);
#636=FILL_AREA_STYLE($,(#635));
#637=SURFACE_STYLE_FILL_AREA(#636);
#638=SURFACE_SIDE_STYLE('',(#637));
#639=SURFACE_STYLE_USAGE(.BOTH.,#638);
#640=PRESENTATION_STYLE_ASSIGNMENT((#639));
#641=STYLED_ITEM('',(#640),#633);
#642=ADVANCED_FACE('',(#2263),#2265,.T.);
#643=COLOUR_RGB('',0.564705882352941,0.564705882352941,0.564705882352941);
#644=FILL_AREA_STYLE_COLOUR('',#643);
#645=FILL_AREA_STYLE($,(#644));
#646=SURFACE_STYLE_FILL_AREA(#645);
#647=SURFACE_SIDE_STYLE('',(#646));
#648=SURFACE_STYLE_USAGE(.BOTH.,#647);
#649=PRESENTATION_STYLE_ASSIGNMENT((#648));
#650=STYLED_ITEM('',(#649),#642);
#651=ADVANCED_FACE('',(#2270,#2272),#2274,.F.);
#652=COLOUR_RGB('',0.564705882352941,0.564705882352941,0.564705882352941);
#653=FILL_AREA_STYLE_COLOUR('',#652);
#654=FILL_AREA_STYLE($,(#653));
#655=SURFACE_STYLE_FILL_AREA(#654);
#656=SURFACE_SIDE_STYLE('',(#655));
#657=SURFACE_STYLE_USAGE(.BOTH.,#656);
#658=PRESENTATION_STYLE_ASSIGNMENT((#657));
#659=STYLED_ITEM('',(#658),#651);
#660=ADVANCED_FACE('',(#2279,#2281),#2283,.F.);
#661=COLOUR_RGB('',0.564705882352941,0.564705882352941,0.564705882352941);
#662=FILL_AREA_STYLE_COLOUR('',#661);
#663=FILL_AREA_STYLE($,(#662));
#664=SURFACE_STYLE_FILL_AREA(#663);
#665=SURFACE_SIDE_STYLE('',(#664));
#666=SURFACE_STYLE_USAGE(.BOTH.,#665);
#667=PRESENTATION_STYLE_ASSIGNMENT((#666));
#668=STYLED_ITEM('',(#667),#660);
#669=ADVANCED_FACE('',(#2288,#2290),#2292,.F.);
#670=COLOUR_RGB('',0.564705882352941,0.564705882352941,0.564705882352941);
#671=FILL_AREA_STYLE_COLOUR('',#670);
#672=FILL_AREA_STYLE($,(#671));
#673=SURFACE_STYLE_FILL_AREA(#672);
#674=SURFACE_SIDE_STYLE('',(#673));
#675=SURFACE_STYLE_USAGE(.BOTH.,#674);
#676=PRESENTATION_STYLE_ASSIGNMENT((#675));
#677=STYLED_ITEM('',(#676),#669);
#678=ADVANCED_FACE('',(#2297,#2299),#2301,.F.);
#679=COLOUR_RGB('',0.564705882352941,0.564705882352941,0.564705882352941);
#680=FILL_AREA_STYLE_COLOUR('',#679);
#681=FILL_AREA_STYLE($,(#680));
#682=SURFACE_STYLE_FILL_AREA(#681);
#683=SURFACE_SIDE_STYLE('',(#682));
#684=SURFACE_STYLE_USAGE(.BOTH.,#683);
#685=PRESENTATION_STYLE_ASSIGNMENT((#684));
#686=STYLED_ITEM('',(#685),#678);
#687=ADVANCED_FACE('',(#2306,#2308),#2310,.F.);
#688=COLOUR_RGB('',0.564705882352941,0.564705882352941,0.564705882352941);
#689=FILL_AREA_STYLE_COLOUR('',#688);
#690=FILL_AREA_STYLE($,(#689));
#691=SURFACE_STYLE_FILL_AREA(#690);
#692=SURFACE_SIDE_STYLE('',(#691));
#693=SURFACE_STYLE_USAGE(.BOTH.,#692);
#694=PRESENTATION_STYLE_ASSIGNMENT((#693));
#695=STYLED_ITEM('',(#694),#687);
#696=ADVANCED_FACE('',(#2315,#2317),#2319,.F.);
#697=COLOUR_RGB('',0.564705882352941,0.564705882352941,0.564705882352941);
#698=FILL_AREA_STYLE_COLOUR('',#697);
#699=FILL_AREA_STYLE($,(#698));
#700=SURFACE_STYLE_FILL_AREA(#699);
#701=SURFACE_SIDE_STYLE('',(#700));
#702=SURFACE_STYLE_USAGE(.BOTH.,#701);
#703=PRESENTATION_STYLE_ASSIGNMENT((#702));
#704=STYLED_ITEM('',(#703),#696);
#705=ADVANCED_FACE('',(#2324,#2326),#2328,.F.);
#706=COLOUR_RGB('',0.564705882352941,0.564705882352941,0.564705882352941);
#707=FILL_AREA_STYLE_COLOUR('',#706);
#708=FILL_AREA_STYLE($,(#707));
#709=SURFACE_STYLE_FILL_AREA(#708);
#710=SURFACE_SIDE_STYLE('',(#709));
#711=SURFACE_STYLE_USAGE(.BOTH.,#710);
#712=PRESENTATION_STYLE_ASSIGNMENT((#711));
#713=STYLED_ITEM('',(#712),#705);
#714=ADVANCED_FACE('',(#2333,#2335),#2337,.F.);
#715=COLOUR_RGB('',0.564705882352941,0.564705882352941,0.564705882352941);
#716=FILL_AREA_STYLE_COLOUR('',#715);
#717=FILL_AREA_STYLE($,(#716));
#718=SURFACE_STYLE_FILL_AREA(#717);
#719=SURFACE_SIDE_STYLE('',(#718));
#720=SURFACE_STYLE_USAGE(.BOTH.,#719);
#721=PRESENTATION_STYLE_ASSIGNMENT((#720));
#722=STYLED_ITEM('',(#721),#714);
#723=ADVANCED_FACE('',(#2342,#2344),#2346,.F.);
#724=COLOUR_RGB('',0.564705882352941,0.564705882352941,0.564705882352941);
#725=FILL_AREA_STYLE_COLOUR('',#724);
#726=FILL_AREA_STYLE($,(#725));
#727=SURFACE_STYLE_FILL_AREA(#726);
#728=SURFACE_SIDE_STYLE('',(#727));
#729=SURFACE_STYLE_USAGE(.BOTH.,#728);
#730=PRESENTATION_STYLE_ASSIGNMENT((#729));
#731=STYLED_ITEM('',(#730),#723);
#732=ADVANCED_FACE('',(#2351,#2353),#2355,.F.);
#733=COLOUR_RGB('',0.564705882352941,0.564705882352941,0.564705882352941);
#734=FILL_AREA_STYLE_COLOUR('',#733);
#735=FILL_AREA_STYLE($,(#734));
#736=SURFACE_STYLE_FILL_AREA(#735);
#737=SURFACE_SIDE_STYLE('',(#736));
#738=SURFACE_STYLE_USAGE(.BOTH.,#737);
#739=PRESENTATION_STYLE_ASSIGNMENT((#738));
#740=STYLED_ITEM('',(#739),#732);
#741=ADVANCED_FACE('',(#2360,#2362),#2364,.F.);
#742=COLOUR_RGB('',0.564705882352941,0.564705882352941,0.564705882352941);
#743=FILL_AREA_STYLE_COLOUR('',#742);
#744=FILL_AREA_STYLE($,(#743));
#745=SURFACE_STYLE_FILL_AREA(#744);
#746=SURFACE_SIDE_STYLE('',(#745));
#747=SURFACE_STYLE_USAGE(.BOTH.,#746);
#748=PRESENTATION_STYLE_ASSIGNMENT((#747));
#749=STYLED_ITEM('',(#748),#741);
#750=ADVANCED_FACE('',(#2369,#2371),#2373,.F.);
#751=COLOUR_RGB('',0.564705882352941,0.564705882352941,0.564705882352941);
#752=FILL_AREA_STYLE_COLOUR('',#751);
#753=FILL_AREA_STYLE($,(#752));
#754=SURFACE_STYLE_FILL_AREA(#753);
#755=SURFACE_SIDE_STYLE('',(#754));
#756=SURFACE_STYLE_USAGE(.BOTH.,#755);
#757=PRESENTATION_STYLE_ASSIGNMENT((#756));
#758=STYLED_ITEM('',(#757),#750);
#759=ADVANCED_FACE('',(#2378,#2380),#2382,.F.);
#760=COLOUR_RGB('',0.564705882352941,0.564705882352941,0.564705882352941);
#761=FILL_AREA_STYLE_COLOUR('',#760);
#762=FILL_AREA_STYLE($,(#761));
#763=SURFACE_STYLE_FILL_AREA(#762);
#764=SURFACE_SIDE_STYLE('',(#763));
#765=SURFACE_STYLE_USAGE(.BOTH.,#764);
#766=PRESENTATION_STYLE_ASSIGNMENT((#765));
#767=STYLED_ITEM('',(#766),#759);
#768=ADVANCED_FACE('',(#2387,#2389),#2391,.T.);
#769=COLOUR_RGB('',0.564705882352941,0.564705882352941,0.564705882352941);
#770=FILL_AREA_STYLE_COLOUR('',#769);
#771=FILL_AREA_STYLE($,(#770));
#772=SURFACE_STYLE_FILL_AREA(#771);
#773=SURFACE_SIDE_STYLE('',(#772));
#774=SURFACE_STYLE_USAGE(.BOTH.,#773);
#775=PRESENTATION_STYLE_ASSIGNMENT((#774));
#776=STYLED_ITEM('',(#775),#768);
#777=ADVANCED_FACE('',(#2396,#2398),#2400,.T.);
#778=COLOUR_RGB('',0.564705882352941,0.564705882352941,0.564705882352941);
#779=FILL_AREA_STYLE_COLOUR('',#778);
#780=FILL_AREA_STYLE($,(#779));
#781=SURFACE_STYLE_FILL_AREA(#780);
#782=SURFACE_SIDE_STYLE('',(#781));
#783=SURFACE_STYLE_USAGE(.BOTH.,#782);
#784=PRESENTATION_STYLE_ASSIGNMENT((#783));
#785=STYLED_ITEM('',(#784),#777);
#786=ADVANCED_FACE('',(#2405,#2407),#2409,.T.);
#787=COLOUR_RGB('',0.564705882352941,0.564705882352941,0.564705882352941);
#788=FILL_AREA_STYLE_COLOUR('',#787);
#789=FILL_AREA_STYLE($,(#788));
#790=SURFACE_STYLE_FILL_AREA(#789);
#791=SURFACE_SIDE_STYLE('',(#790));
#792=SURFACE_STYLE_USAGE(.BOTH.,#791);
#793=PRESENTATION_STYLE_ASSIGNMENT((#792));
#794=STYLED_ITEM('',(#793),#786);
#795=ADVANCED_FACE('',(#2414,#2416),#2418,.F.);
#796=COLOUR_RGB('',0.564705882352941,0.564705882352941,0.564705882352941);
#797=FILL_AREA_STYLE_COLOUR('',#796);
#798=FILL_AREA_STYLE($,(#797));
#799=SURFACE_STYLE_FILL_AREA(#798);
#800=SURFACE_SIDE_STYLE('',(#799));
#801=SURFACE_STYLE_USAGE(.BOTH.,#800);
#802=PRESENTATION_STYLE_ASSIGNMENT((#801));
#803=STYLED_ITEM('',(#802),#795);
#804=ADVANCED_FACE('',(#2423,#2425),#2427,.T.);
#805=COLOUR_RGB('',0.564705882352941,0.564705882352941,0.564705882352941);
#806=FILL_AREA_STYLE_COLOUR('',#805);
#807=FILL_AREA_STYLE($,(#806));
#808=SURFACE_STYLE_FILL_AREA(#807);
#809=SURFACE_SIDE_STYLE('',(#808));
#810=SURFACE_STYLE_USAGE(.BOTH.,#809);
#811=PRESENTATION_STYLE_ASSIGNMENT((#810));
#812=STYLED_ITEM('',(#811),#804);
#813=ADVANCED_FACE('',(#2432),#2434,.F.);
#814=COLOUR_RGB('',0.564705882352941,0.564705882352941,0.564705882352941);
#815=FILL_AREA_STYLE_COLOUR('',#814);
#816=FILL_AREA_STYLE($,(#815));
#817=SURFACE_STYLE_FILL_AREA(#816);
#818=SURFACE_SIDE_STYLE('',(#817));
#819=SURFACE_STYLE_USAGE(.BOTH.,#818);
#820=PRESENTATION_STYLE_ASSIGNMENT((#819));
#821=STYLED_ITEM('',(#820),#813);
#822=ADVANCED_FACE('',(#2439),#2441,.F.);
#823=COLOUR_RGB('',0.564705882352941,0.564705882352941,0.564705882352941);
#824=FILL_AREA_STYLE_COLOUR('',#823);
#825=FILL_AREA_STYLE($,(#824));
#826=SURFACE_STYLE_FILL_AREA(#825);
#827=SURFACE_SIDE_STYLE('',(#826));
#828=SURFACE_STYLE_USAGE(.BOTH.,#827);
#829=PRESENTATION_STYLE_ASSIGNMENT((#828));
#830=STYLED_ITEM('',(#829),#822);
#831=ADVANCED_FACE('',(#2446),#2448,.T.);
#832=COLOUR_RGB('',0.564705882352941,0.564705882352941,0.564705882352941);
#833=FILL_AREA_STYLE_COLOUR('',#832);
#834=FILL_AREA_STYLE($,(#833));
#835=SURFACE_STYLE_FILL_AREA(#834);
#836=SURFACE_SIDE_STYLE('',(#835));
#837=SURFACE_STYLE_USAGE(.BOTH.,#836);
#838=PRESENTATION_STYLE_ASSIGNMENT((#837));
#839=STYLED_ITEM('',(#838),#831);
#840=ADVANCED_FACE('',(#2530),#2532,.T.);
#841=COLOUR_RGB('',0.564705882352941,0.564705882352941,0.564705882352941);
#842=FILL_AREA_STYLE_COLOUR('',#841);
#843=FILL_AREA_STYLE($,(#842));
#844=SURFACE_STYLE_FILL_AREA(#843);
#845=SURFACE_SIDE_STYLE('',(#844));
#846=SURFACE_STYLE_USAGE(.BOTH.,#845);
#847=PRESENTATION_STYLE_ASSIGNMENT((#846));
#848=STYLED_ITEM('',(#847),#840);
#849=ADVANCED_FACE('',(#2614,#2616),#2618,.T.);
#850=COLOUR_RGB('',0.564705882352941,0.564705882352941,0.564705882352941);
#851=FILL_AREA_STYLE_COLOUR('',#850);
#852=FILL_AREA_STYLE($,(#851));
#853=SURFACE_STYLE_FILL_AREA(#852);
#854=SURFACE_SIDE_STYLE('',(#853));
#855=SURFACE_STYLE_USAGE(.BOTH.,#854);
#856=PRESENTATION_STYLE_ASSIGNMENT((#855));
#857=STYLED_ITEM('',(#856),#849);
#858=ADVANCED_FACE('',(#2623,#2625),#2627,.F.);
#859=COLOUR_RGB('',0.564705882352941,0.564705882352941,0.564705882352941);
#860=FILL_AREA_STYLE_COLOUR('',#859);
#861=FILL_AREA_STYLE($,(#860));
#862=SURFACE_STYLE_FILL_AREA(#861);
#863=SURFACE_SIDE_STYLE('',(#862));
#864=SURFACE_STYLE_USAGE(.BOTH.,#863);
#865=PRESENTATION_STYLE_ASSIGNMENT((#864));
#866=STYLED_ITEM('',(#865),#858);
#867=ADVANCED_FACE('',(#2632,#2634),#2636,.F.);
#868=COLOUR_RGB('',0.564705882352941,0.564705882352941,0.564705882352941);
#869=FILL_AREA_STYLE_COLOUR('',#868);
#870=FILL_AREA_STYLE($,(#869));
#871=SURFACE_STYLE_FILL_AREA(#870);
#872=SURFACE_SIDE_STYLE('',(#871));
#873=SURFACE_STYLE_USAGE(.BOTH.,#872);
#874=PRESENTATION_STYLE_ASSIGNMENT((#873));
#875=STYLED_ITEM('',(#874),#867);
#876=ADVANCED_FACE('',(#2641,#2643),#2645,.F.);
#877=COLOUR_RGB('',0.564705882352941,0.564705882352941,0.564705882352941);
#878=FILL_AREA_STYLE_COLOUR('',#877);
#879=FILL_AREA_STYLE($,(#878));
#880=SURFACE_STYLE_FILL_AREA(#879);
#881=SURFACE_SIDE_STYLE('',(#880));
#882=SURFACE_STYLE_USAGE(.BOTH.,#881);
#883=PRESENTATION_STYLE_ASSIGNMENT((#882));
#884=STYLED_ITEM('',(#883),#876);
#885=ADVANCED_FACE('',(#2650,#2652),#2654,.F.);
#886=COLOUR_RGB('',0.564705882352941,0.564705882352941,0.564705882352941);
#887=FILL_AREA_STYLE_COLOUR('',#886);
#888=FILL_AREA_STYLE($,(#887));
#889=SURFACE_STYLE_FILL_AREA(#888);
#890=SURFACE_SIDE_STYLE('',(#889));
#891=SURFACE_STYLE_USAGE(.BOTH.,#890);
#892=PRESENTATION_STYLE_ASSIGNMENT((#891));
#893=STYLED_ITEM('',(#892),#885);
#894=ADVANCED_FACE('',(#2659,#2661),#2663,.F.);
#895=COLOUR_RGB('',0.564705882352941,0.564705882352941,0.564705882352941);
#896=FILL_AREA_STYLE_COLOUR('',#895);
#897=FILL_AREA_STYLE($,(#896));
#898=SURFACE_STYLE_FILL_AREA(#897);
#899=SURFACE_SIDE_STYLE('',(#898));
#900=SURFACE_STYLE_USAGE(.BOTH.,#899);
#901=PRESENTATION_STYLE_ASSIGNMENT((#900));
#902=STYLED_ITEM('',(#901),#894);
#903=ADVANCED_FACE('',(#2668,#2670),#2672,.T.);
#904=COLOUR_RGB('',0.6,0.298039215686275,0.);
#905=FILL_AREA_STYLE_COLOUR('',#904);
#906=FILL_AREA_STYLE($,(#905));
#907=SURFACE_STYLE_FILL_AREA(#906);
#908=SURFACE_SIDE_STYLE('',(#907));
#909=SURFACE_STYLE_USAGE(.BOTH.,#908);
#910=PRESENTATION_STYLE_ASSIGNMENT((#909));
#911=STYLED_ITEM('',(#910),#903);
#912=ADVANCED_FACE('',(#2677),#2679,.T.);
#913=COLOUR_RGB('',0.564705882352941,0.564705882352941,0.564705882352941);
#914=FILL_AREA_STYLE_COLOUR('',#913);
#915=FILL_AREA_STYLE($,(#914));
#916=SURFACE_STYLE_FILL_AREA(#915);
#917=SURFACE_SIDE_STYLE('',(#916));
#918=SURFACE_STYLE_USAGE(.BOTH.,#917);
#919=PRESENTATION_STYLE_ASSIGNMENT((#918));
#920=STYLED_ITEM('',(#919),#912);
#921=ADVANCED_FACE('',(#2684),#2686,.T.);
#922=COLOUR_RGB('',0.564705882352941,0.564705882352941,0.564705882352941);
#923=FILL_AREA_STYLE_COLOUR('',#922);
#924=FILL_AREA_STYLE($,(#923));
#925=SURFACE_STYLE_FILL_AREA(#924);
#926=SURFACE_SIDE_STYLE('',(#925));
#927=SURFACE_STYLE_USAGE(.BOTH.,#926);
#928=PRESENTATION_STYLE_ASSIGNMENT((#927));
#929=STYLED_ITEM('',(#928),#921);
#930=ADVANCED_FACE('',(#2691),#2693,.T.);
#931=COLOUR_RGB('',0.6,0.298039215686275,0.);
#932=FILL_AREA_STYLE_COLOUR('',#931);
#933=FILL_AREA_STYLE($,(#932));
#934=SURFACE_STYLE_FILL_AREA(#933);
#935=SURFACE_SIDE_STYLE('',(#934));
#936=SURFACE_STYLE_USAGE(.BOTH.,#935);
#937=PRESENTATION_STYLE_ASSIGNMENT((#936));
#938=STYLED_ITEM('',(#937),#930);
#939=ADVANCED_FACE('',(#2698),#2700,.T.);
#940=COLOUR_RGB('',0.6,0.298039215686275,0.);
#941=FILL_AREA_STYLE_COLOUR('',#940);
#942=FILL_AREA_STYLE($,(#941));
#943=SURFACE_STYLE_FILL_AREA(#942);
#944=SURFACE_SIDE_STYLE('',(#943));
#945=SURFACE_STYLE_USAGE(.BOTH.,#944);
#946=PRESENTATION_STYLE_ASSIGNMENT((#945));
#947=STYLED_ITEM('',(#946),#939);
#948=ADVANCED_FACE('',(#2705),#2707,.T.);
#949=COLOUR_RGB('',0.6,0.298039215686275,0.);
#950=FILL_AREA_STYLE_COLOUR('',#949);
#951=FILL_AREA_STYLE($,(#950));
#952=SURFACE_STYLE_FILL_AREA(#951);
#953=SURFACE_SIDE_STYLE('',(#952));
#954=SURFACE_STYLE_USAGE(.BOTH.,#953);
#955=PRESENTATION_STYLE_ASSIGNMENT((#954));
#956=STYLED_ITEM('',(#955),#948);
#957=ADVANCED_FACE('',(#2712),#2714,.T.);
#958=COLOUR_RGB('',0.6,0.298039215686275,0.);
#959=FILL_AREA_STYLE_COLOUR('',#958);
#960=FILL_AREA_STYLE($,(#959));
#961=SURFACE_STYLE_FILL_AREA(#960);
#962=SURFACE_SIDE_STYLE('',(#961));
#963=SURFACE_STYLE_USAGE(.BOTH.,#962);
#964=PRESENTATION_STYLE_ASSIGNMENT((#963));
#965=STYLED_ITEM('',(#964),#957);
#966=ADVANCED_FACE('',(#2719),#2721,.T.);
#967=COLOUR_RGB('',0.564705882352941,0.564705882352941,0.564705882352941);
#968=FILL_AREA_STYLE_COLOUR('',#967);
#969=FILL_AREA_STYLE($,(#968));
#970=SURFACE_STYLE_FILL_AREA(#969);
#971=SURFACE_SIDE_STYLE('',(#970));
#972=SURFACE_STYLE_USAGE(.BOTH.,#971);
#973=PRESENTATION_STYLE_ASSIGNMENT((#972));
#974=STYLED_ITEM('',(#973),#966);
#975=ADVANCED_FACE('',(#2726),#2728,.F.);
#976=COLOUR_RGB('',0.6,0.298039215686275,0.);
#977=FILL_AREA_STYLE_COLOUR('',#976);
#978=FILL_AREA_STYLE($,(#977));
#979=SURFACE_STYLE_FILL_AREA(#978);
#980=SURFACE_SIDE_STYLE('',(#979));
#981=SURFACE_STYLE_USAGE(.BOTH.,#980);
#982=PRESENTATION_STYLE_ASSIGNMENT((#981));
#983=STYLED_ITEM('',(#982),#975);
#984=ADVANCED_FACE('',(#2733),#2735,.T.);
#985=COLOUR_RGB('',0.705882352941176,0.705882352941176,0.705882352941176);
#986=FILL_AREA_STYLE_COLOUR('',#985);
#987=FILL_AREA_STYLE($,(#986));
#988=SURFACE_STYLE_FILL_AREA(#987);
#989=SURFACE_SIDE_STYLE('',(#988));
#990=SURFACE_STYLE_USAGE(.BOTH.,#989);
#991=PRESENTATION_STYLE_ASSIGNMENT((#990));
#992=STYLED_ITEM('',(#991),#984);
#993=ADVANCED_FACE('',(#2740),#2742,.F.);
#994=COLOUR_RGB('',0.705882352941176,0.705882352941176,0.705882352941176);
#995=FILL_AREA_STYLE_COLOUR('',#994);
#996=FILL_AREA_STYLE($,(#995));
#997=SURFACE_STYLE_FILL_AREA(#996);
#998=SURFACE_SIDE_STYLE('',(#997));
#999=SURFACE_STYLE_USAGE(.BOTH.,#998);
#1000=PRESENTATION_STYLE_ASSIGNMENT((#999));
#1001=STYLED_ITEM('',(#1000),#993);
#1002=ADVANCED_FACE('',(#2747),#2749,.T.);
#1003=COLOUR_RGB('',0.705882352941176,0.705882352941176,0.705882352941176);
#1004=FILL_AREA_STYLE_COLOUR('',#1003);
#1005=FILL_AREA_STYLE($,(#1004));
#1006=SURFACE_STYLE_FILL_AREA(#1005);
#1007=SURFACE_SIDE_STYLE('',(#1006));
#1008=SURFACE_STYLE_USAGE(.BOTH.,#1007);
#1009=PRESENTATION_STYLE_ASSIGNMENT((#1008));
#1010=STYLED_ITEM('',(#1009),#1002);
#1011=ADVANCED_FACE('',(#2754),#2756,.F.);
#1012=COLOUR_RGB('',0.6,0.298039215686275,0.);
#1013=FILL_AREA_STYLE_COLOUR('',#1012);
#1014=FILL_AREA_STYLE($,(#1013));
#1015=SURFACE_STYLE_FILL_AREA(#1014);
#1016=SURFACE_SIDE_STYLE('',(#1015));
#1017=SURFACE_STYLE_USAGE(.BOTH.,#1016);
#1018=PRESENTATION_STYLE_ASSIGNMENT((#1017));
#1019=STYLED_ITEM('',(#1018),#1011);
#1020=ADVANCED_FACE('',(#2761),#2763,.F.);
#1021=COLOUR_RGB('',0.6,0.298039215686275,0.);
#1022=FILL_AREA_STYLE_COLOUR('',#1021);
#1023=FILL_AREA_STYLE($,(#1022));
#1024=SURFACE_STYLE_FILL_AREA(#1023);
#1025=SURFACE_SIDE_STYLE('',(#1024));
#1026=SURFACE_STYLE_USAGE(.BOTH.,#1025);
#1027=PRESENTATION_STYLE_ASSIGNMENT((#1026));
#1028=STYLED_ITEM('',(#1027),#1020);
#1029=ADVANCED_FACE('',(#2768),#2770,.F.);
#1030=COLOUR_RGB('',0.6,0.298039215686275,0.);
#1031=FILL_AREA_STYLE_COLOUR('',#1030);
#1032=FILL_AREA_STYLE($,(#1031));
#1033=SURFACE_STYLE_FILL_AREA(#1032);
#1034=SURFACE_SIDE_STYLE('',(#1033));
#1035=SURFACE_STYLE_USAGE(.BOTH.,#1034);
#1036=PRESENTATION_STYLE_ASSIGNMENT((#1035));
#1037=STYLED_ITEM('',(#1036),#1029);
#1038=ADVANCED_FACE('',(#2775,#2777),#2779,.T.);
#1039=ADVANCED_FACE('',(#2784,#2786,#2788),#2790,.T.);
#1040=ADVANCED_FACE('',(#2795,#2797),#2799,.F.);
#1041=ADVANCED_FACE('',(#2804),#2806,.T.);
#1042=ADVANCED_FACE('',(#2811),#2813,.T.);
#1043=ADVANCED_FACE('',(#2818),#2820,.F.);
#1044=ADVANCED_FACE('',(#2825),#2827,.F.);
#1045=ADVANCED_FACE('',(#2832),#2834,.T.);
#1046=ADVANCED_FACE('',(#2839),#2841,.T.);
#1047=ADVANCED_FACE('',(#2846,#2848),#2850,.F.);
#1048=ADVANCED_FACE('',(#2855),#2857,.T.);
#1049=ADVANCED_FACE('',(#2862),#2864,.T.);
#1050=ADVANCED_FACE('',(#2869,#2871),#2873,.T.);
#1051=ADVANCED_FACE('',(#2878),#2880,.F.);
#1052=ADVANCED_FACE('',(#2885),#2887,.T.);
#1053=ADVANCED_FACE('',(#2892),#2894,.T.);
#1054=ADVANCED_FACE('',(#2899),#2901,.T.);
#1055=ADVANCED_FACE('',(#2906),#2908,.T.);
#1056=ADVANCED_FACE('',(#2913),#2915,.T.);
#1057=ADVANCED_FACE('',(#2920),#2922,.T.);
#1058=ADVANCED_FACE('',(#2927,#2929),#2931,.F.);
#1059=ADVANCED_FACE('',(#2936,#2938,#2940),#2942,.T.);
#1060=ADVANCED_FACE('',(#2947,#2949),#2951,.F.);
#1061=ADVANCED_FACE('',(#2956),#2958,.T.);
#1062=ADVANCED_FACE('',(#2963),#2965,.T.);
#1063=ADVANCED_FACE('',(#2970),#2972,.T.);
#1064=ADVANCED_FACE('',(#2977),#2979,.T.);
#1065=ADVANCED_FACE('',(#2984),#2986,.T.);
#1066=ADVANCED_FACE('',(#2991),#2993,.T.);
#1067=ADVANCED_FACE('',(#2998,#3000),#3002,.T.);
#1068=ADVANCED_FACE('',(#3007),#3009,.T.);
#1069=ADVANCED_FACE('',(#3014),#3016,.T.);
#1070=ADVANCED_FACE('',(#3021),#3023,.F.);
#1071=ADVANCED_FACE('',(#3028),#3030,.T.);
#1072=ADVANCED_FACE('',(#3035),#3037,.F.);
#1073=ADVANCED_FACE('',(#3042),#3044,.F.);
#1074=ADVANCED_FACE('',(#3049),#3051,.F.);
#1075=ADVANCED_FACE('',(#3056),#3058,.F.);
#1076=ADVANCED_FACE('',(#3063),#3065,.F.);
#1077=ADVANCED_FACE('',(#3070),#3072,.F.);
#1078=ADVANCED_FACE('',(#3077),#3079,.T.);
#1079=ADVANCED_FACE('',(#3084),#3086,.F.);
#1080=ADVANCED_FACE('',(#3091,#3093),#3095,.T.);
#1081=ADVANCED_FACE('',(#3100),#3102,.T.);
#1082=ADVANCED_FACE('',(#3107),#3109,.T.);
#1083=ADVANCED_FACE('',(#3114),#3116,.F.);
#1084=ADVANCED_FACE('',(#3121,#3123),#3125,.T.);
#1085=ADVANCED_FACE('',(#3130),#3132,.T.);
#1086=ADVANCED_FACE('',(#3137,#3139),#3141,.F.);
#1087=ADVANCED_FACE('',(#3146),#3148,.T.);
#1088=ADVANCED_FACE('',(#3153),#3155,.T.);
#1089=ADVANCED_FACE('',(#3160),#3162,.T.);
#1090=ADVANCED_FACE('',(#3167),#3169,.T.);
#1091=ADVANCED_FACE('',(#3174),#3176,.T.);
#1092=ADVANCED_FACE('',(#3181,#3183),#3185,.T.);
#1093=ADVANCED_FACE('',(#3190),#3192,.T.);
#1094=ADVANCED_FACE('',(#3197),#3199,.F.);
#1095=ADVANCED_FACE('',(#3204,#3206),#3208,.T.);
#1096=COLOUR_RGB('',0.564705882352941,0.564705882352941,0.564705882352941);
#1097=FILL_AREA_STYLE_COLOUR('',#1096);
#1098=FILL_AREA_STYLE($,(#1097));
#1099=SURFACE_STYLE_FILL_AREA(#1098);
#1100=SURFACE_SIDE_STYLE('',(#1099));
#1101=SURFACE_STYLE_USAGE(.BOTH.,#1100);
#1102=PRESENTATION_STYLE_ASSIGNMENT((#1101));
#1103=STYLED_ITEM('',(#1102),#1095);
#1104=ADVANCED_FACE('',(#3213,#3215,#3217),#3219,.F.);
#1105=COLOUR_RGB('',0.564705882352941,0.564705882352941,0.564705882352941);
#1106=FILL_AREA_STYLE_COLOUR('',#1105);
#1107=FILL_AREA_STYLE($,(#1106));
#1108=SURFACE_STYLE_FILL_AREA(#1107);
#1109=SURFACE_SIDE_STYLE('',(#1108));
#1110=SURFACE_STYLE_USAGE(.BOTH.,#1109);
#1111=PRESENTATION_STYLE_ASSIGNMENT((#1110));
#1112=STYLED_ITEM('',(#1111),#1104);
#1113=ADVANCED_FACE('',(#3224,#3226),#3228,.T.);
#1114=COLOUR_RGB('',0.564705882352941,0.564705882352941,0.564705882352941);
#1115=FILL_AREA_STYLE_COLOUR('',#1114);
#1116=FILL_AREA_STYLE($,(#1115));
#1117=SURFACE_STYLE_FILL_AREA(#1116);
#1118=SURFACE_SIDE_STYLE('',(#1117));
#1119=SURFACE_STYLE_USAGE(.BOTH.,#1118);
#1120=PRESENTATION_STYLE_ASSIGNMENT((#1119));
#1121=STYLED_ITEM('',(#1120),#1113);
#1122=ADVANCED_FACE('',(#3233),#3235,.F.);
#1123=COLOUR_RGB('',0.564705882352941,0.564705882352941,0.564705882352941);
#1124=FILL_AREA_STYLE_COLOUR('',#1123);
#1125=FILL_AREA_STYLE($,(#1124));
#1126=SURFACE_STYLE_FILL_AREA(#1125);
#1127=SURFACE_SIDE_STYLE('',(#1126));
#1128=SURFACE_STYLE_USAGE(.BOTH.,#1127);
#1129=PRESENTATION_STYLE_ASSIGNMENT((#1128));
#1130=STYLED_ITEM('',(#1129),#1122);
#1131=ADVANCED_FACE('',(#3240),#3242,.F.);
#1132=COLOUR_RGB('',0.564705882352941,0.564705882352941,0.564705882352941);
#1133=FILL_AREA_STYLE_COLOUR('',#1132);
#1134=FILL_AREA_STYLE($,(#1133));
#1135=SURFACE_STYLE_FILL_AREA(#1134);
#1136=SURFACE_SIDE_STYLE('',(#1135));
#1137=SURFACE_STYLE_USAGE(.BOTH.,#1136);
#1138=PRESENTATION_STYLE_ASSIGNMENT((#1137));
#1139=STYLED_ITEM('',(#1138),#1131);
#1140=ADVANCED_FACE('',(#3247),#3249,.F.);
#1141=COLOUR_RGB('',0.564705882352941,0.564705882352941,0.564705882352941);
#1142=FILL_AREA_STYLE_COLOUR('',#1141);
#1143=FILL_AREA_STYLE($,(#1142));
#1144=SURFACE_STYLE_FILL_AREA(#1143);
#1145=SURFACE_SIDE_STYLE('',(#1144));
#1146=SURFACE_STYLE_USAGE(.BOTH.,#1145);
#1147=PRESENTATION_STYLE_ASSIGNMENT((#1146));
#1148=STYLED_ITEM('',(#1147),#1140);
#1149=ADVANCED_FACE('',(#3254),#3256,.F.);
#1150=COLOUR_RGB('',0.564705882352941,0.564705882352941,0.564705882352941);
#1151=FILL_AREA_STYLE_COLOUR('',#1150);
#1152=FILL_AREA_STYLE($,(#1151));
#1153=SURFACE_STYLE_FILL_AREA(#1152);
#1154=SURFACE_SIDE_STYLE('',(#1153));
#1155=SURFACE_STYLE_USAGE(.BOTH.,#1154);
#1156=PRESENTATION_STYLE_ASSIGNMENT((#1155));
#1157=STYLED_ITEM('',(#1156),#1149);
#1158=ADVANCED_FACE('',(#3261),#3263,.F.);
#1159=COLOUR_RGB('',0.564705882352941,0.564705882352941,0.564705882352941);
#1160=FILL_AREA_STYLE_COLOUR('',#1159);
#1161=FILL_AREA_STYLE($,(#1160));
#1162=SURFACE_STYLE_FILL_AREA(#1161);
#1163=SURFACE_SIDE_STYLE('',(#1162));
#1164=SURFACE_STYLE_USAGE(.BOTH.,#1163);
#1165=PRESENTATION_STYLE_ASSIGNMENT((#1164));
#1166=STYLED_ITEM('',(#1165),#1158);
#1167=ADVANCED_FACE('',(#3268),#3270,.F.);
#1168=COLOUR_RGB('',0.564705882352941,0.564705882352941,0.564705882352941);
#1169=FILL_AREA_STYLE_COLOUR('',#1168);
#1170=FILL_AREA_STYLE($,(#1169));
#1171=SURFACE_STYLE_FILL_AREA(#1170);
#1172=SURFACE_SIDE_STYLE('',(#1171));
#1173=SURFACE_STYLE_USAGE(.BOTH.,#1172);
#1174=PRESENTATION_STYLE_ASSIGNMENT((#1173));
#1175=STYLED_ITEM('',(#1174),#1167);
#1176=ADVANCED_FACE('',(#3275,#3277),#3279,.F.);
#1177=COLOUR_RGB('',0.564705882352941,0.564705882352941,0.564705882352941);
#1178=FILL_AREA_STYLE_COLOUR('',#1177);
#1179=FILL_AREA_STYLE($,(#1178));
#1180=SURFACE_STYLE_FILL_AREA(#1179);
#1181=SURFACE_SIDE_STYLE('',(#1180));
#1182=SURFACE_STYLE_USAGE(.BOTH.,#1181);
#1183=PRESENTATION_STYLE_ASSIGNMENT((#1182));
#1184=STYLED_ITEM('',(#1183),#1176);
#1185=ADVANCED_FACE('',(#3284,#3286,#3288),#3290,.T.);
#1186=COLOUR_RGB('',0.564705882352941,0.564705882352941,0.564705882352941);
#1187=FILL_AREA_STYLE_COLOUR('',#1186);
#1188=FILL_AREA_STYLE($,(#1187));
#1189=SURFACE_STYLE_FILL_AREA(#1188);
#1190=SURFACE_SIDE_STYLE('',(#1189));
#1191=SURFACE_STYLE_USAGE(.BOTH.,#1190);
#1192=PRESENTATION_STYLE_ASSIGNMENT((#1191));
#1193=STYLED_ITEM('',(#1192),#1185);
#1194=ADVANCED_FACE('',(#3295,#3297),#3299,.T.);
#1195=COLOUR_RGB('',0.564705882352941,0.564705882352941,0.564705882352941);
#1196=FILL_AREA_STYLE_COLOUR('',#1195);
#1197=FILL_AREA_STYLE($,(#1196));
#1198=SURFACE_STYLE_FILL_AREA(#1197);
#1199=SURFACE_SIDE_STYLE('',(#1198));
#1200=SURFACE_STYLE_USAGE(.BOTH.,#1199);
#1201=PRESENTATION_STYLE_ASSIGNMENT((#1200));
#1202=STYLED_ITEM('',(#1201),#1194);
#1203=ADVANCED_FACE('',(#3304),#3306,.T.);
#1204=COLOUR_RGB('',0.564705882352941,0.564705882352941,0.564705882352941);
#1205=FILL_AREA_STYLE_COLOUR('',#1204);
#1206=FILL_AREA_STYLE($,(#1205));
#1207=SURFACE_STYLE_FILL_AREA(#1206);
#1208=SURFACE_SIDE_STYLE('',(#1207));
#1209=SURFACE_STYLE_USAGE(.BOTH.,#1208);
#1210=PRESENTATION_STYLE_ASSIGNMENT((#1209));
#1211=STYLED_ITEM('',(#1210),#1203);
#1212=ADVANCED_FACE('',(#3311,#3313,#3315),#3317,.F.);
#1213=COLOUR_RGB('',0.564705882352941,0.564705882352941,0.564705882352941);
#1214=FILL_AREA_STYLE_COLOUR('',#1213);
#1215=FILL_AREA_STYLE($,(#1214));
#1216=SURFACE_STYLE_FILL_AREA(#1215);
#1217=SURFACE_SIDE_STYLE('',(#1216));
#1218=SURFACE_STYLE_USAGE(.BOTH.,#1217);
#1219=PRESENTATION_STYLE_ASSIGNMENT((#1218));
#1220=STYLED_ITEM('',(#1219),#1212);
#1221=ADVANCED_FACE('',(#3322),#3324,.F.);
#1222=COLOUR_RGB('',0.564705882352941,0.564705882352941,0.564705882352941);
#1223=FILL_AREA_STYLE_COLOUR('',#1222);
#1224=FILL_AREA_STYLE($,(#1223));
#1225=SURFACE_STYLE_FILL_AREA(#1224);
#1226=SURFACE_SIDE_STYLE('',(#1225));
#1227=SURFACE_STYLE_USAGE(.BOTH.,#1226);
#1228=PRESENTATION_STYLE_ASSIGNMENT((#1227));
#1229=STYLED_ITEM('',(#1228),#1221);
#1230=ADVANCED_FACE('',(#3329),#3331,.F.);
#1231=COLOUR_RGB('',0.564705882352941,0.564705882352941,0.564705882352941);
#1232=FILL_AREA_STYLE_COLOUR('',#1231);
#1233=FILL_AREA_STYLE($,(#1232));
#1234=SURFACE_STYLE_FILL_AREA(#1233);
#1235=SURFACE_SIDE_STYLE('',(#1234));
#1236=SURFACE_STYLE_USAGE(.BOTH.,#1235);
#1237=PRESENTATION_STYLE_ASSIGNMENT((#1236));
#1238=STYLED_ITEM('',(#1237),#1230);
#1239=ADVANCED_FACE('',(#3336,#3338),#3340,.T.);
#1240=COLOUR_RGB('',0.564705882352941,0.564705882352941,0.564705882352941);
#1241=FILL_AREA_STYLE_COLOUR('',#1240);
#1242=FILL_AREA_STYLE($,(#1241));
#1243=SURFACE_STYLE_FILL_AREA(#1242);
#1244=SURFACE_SIDE_STYLE('',(#1243));
#1245=SURFACE_STYLE_USAGE(.BOTH.,#1244);
#1246=PRESENTATION_STYLE_ASSIGNMENT((#1245));
#1247=STYLED_ITEM('',(#1246),#1239);
#1248=ADVANCED_FACE('',(#3345,#3347),#3349,.T.);
#1249=COLOUR_RGB('',0.6,0.298039215686275,0.);
#1250=FILL_AREA_STYLE_COLOUR('',#1249);
#1251=FILL_AREA_STYLE($,(#1250));
#1252=SURFACE_STYLE_FILL_AREA(#1251);
#1253=SURFACE_SIDE_STYLE('',(#1252));
#1254=SURFACE_STYLE_USAGE(.BOTH.,#1253);
#1255=PRESENTATION_STYLE_ASSIGNMENT((#1254));
#1256=STYLED_ITEM('',(#1255),#1248);
#1257=ADVANCED_FACE('',(#3354),#3356,.T.);
#1258=COLOUR_RGB('',0.564705882352941,0.564705882352941,0.564705882352941);
#1259=FILL_AREA_STYLE_COLOUR('',#1258);
#1260=FILL_AREA_STYLE($,(#1259));
#1261=SURFACE_STYLE_FILL_AREA(#1260);
#1262=SURFACE_SIDE_STYLE('',(#1261));
#1263=SURFACE_STYLE_USAGE(.BOTH.,#1262);
#1264=PRESENTATION_STYLE_ASSIGNMENT((#1263));
#1265=STYLED_ITEM('',(#1264),#1257);
#1266=ADVANCED_FACE('',(#3361),#3363,.T.);
#1267=COLOUR_RGB('',0.564705882352941,0.564705882352941,0.564705882352941);
#1268=FILL_AREA_STYLE_COLOUR('',#1267);
#1269=FILL_AREA_STYLE($,(#1268));
#1270=SURFACE_STYLE_FILL_AREA(#1269);
#1271=SURFACE_SIDE_STYLE('',(#1270));
#1272=SURFACE_STYLE_USAGE(.BOTH.,#1271);
#1273=PRESENTATION_STYLE_ASSIGNMENT((#1272));
#1274=STYLED_ITEM('',(#1273),#1266);
#1275=ADVANCED_FACE('',(#3368),#3370,.T.);
#1276=COLOUR_RGB('',0.6,0.298039215686275,0.);
#1277=FILL_AREA_STYLE_COLOUR('',#1276);
#1278=FILL_AREA_STYLE($,(#1277));
#1279=SURFACE_STYLE_FILL_AREA(#1278);
#1280=SURFACE_SIDE_STYLE('',(#1279));
#1281=SURFACE_STYLE_USAGE(.BOTH.,#1280);
#1282=PRESENTATION_STYLE_ASSIGNMENT((#1281));
#1283=STYLED_ITEM('',(#1282),#1275);
#1284=ADVANCED_FACE('',(#3375),#3377,.T.);
#1285=COLOUR_RGB('',0.6,0.298039215686275,0.);
#1286=FILL_AREA_STYLE_COLOUR('',#1285);
#1287=FILL_AREA_STYLE($,(#1286));
#1288=SURFACE_STYLE_FILL_AREA(#1287);
#1289=SURFACE_SIDE_STYLE('',(#1288));
#1290=SURFACE_STYLE_USAGE(.BOTH.,#1289);
#1291=PRESENTATION_STYLE_ASSIGNMENT((#1290));
#1292=STYLED_ITEM('',(#1291),#1284);
#1293=ADVANCED_FACE('',(#3382),#3384,.T.);
#1294=COLOUR_RGB('',0.6,0.298039215686275,0.);
#1295=FILL_AREA_STYLE_COLOUR('',#1294);
#1296=FILL_AREA_STYLE($,(#1295));
#1297=SURFACE_STYLE_FILL_AREA(#1296);
#1298=SURFACE_SIDE_STYLE('',(#1297));
#1299=SURFACE_STYLE_USAGE(.BOTH.,#1298);
#1300=PRESENTATION_STYLE_ASSIGNMENT((#1299));
#1301=STYLED_ITEM('',(#1300),#1293);
#1302=ADVANCED_FACE('',(#3389),#3391,.T.);
#1303=COLOUR_RGB('',0.6,0.298039215686275,0.);
#1304=FILL_AREA_STYLE_COLOUR('',#1303);
#1305=FILL_AREA_STYLE($,(#1304));
#1306=SURFACE_STYLE_FILL_AREA(#1305);
#1307=SURFACE_SIDE_STYLE('',(#1306));
#1308=SURFACE_STYLE_USAGE(.BOTH.,#1307);
#1309=PRESENTATION_STYLE_ASSIGNMENT((#1308));
#1310=STYLED_ITEM('',(#1309),#1302);
#1311=ADVANCED_FACE('',(#3396),#3398,.T.);
#1312=COLOUR_RGB('',0.564705882352941,0.564705882352941,0.564705882352941);
#1313=FILL_AREA_STYLE_COLOUR('',#1312);
#1314=FILL_AREA_STYLE($,(#1313));
#1315=SURFACE_STYLE_FILL_AREA(#1314);
#1316=SURFACE_SIDE_STYLE('',(#1315));
#1317=SURFACE_STYLE_USAGE(.BOTH.,#1316);
#1318=PRESENTATION_STYLE_ASSIGNMENT((#1317));
#1319=STYLED_ITEM('',(#1318),#1311);
#1320=ADVANCED_FACE('',(#3403),#3405,.F.);
#1321=COLOUR_RGB('',0.6,0.298039215686275,0.);
#1322=FILL_AREA_STYLE_COLOUR('',#1321);
#1323=FILL_AREA_STYLE($,(#1322));
#1324=SURFACE_STYLE_FILL_AREA(#1323);
#1325=SURFACE_SIDE_STYLE('',(#1324));
#1326=SURFACE_STYLE_USAGE(.BOTH.,#1325);
#1327=PRESENTATION_STYLE_ASSIGNMENT((#1326));
#1328=STYLED_ITEM('',(#1327),#1320);
#1329=ADVANCED_FACE('',(#3410),#3412,.T.);
#1330=COLOUR_RGB('',0.705882352941176,0.705882352941176,0.705882352941176);
#1331=FILL_AREA_STYLE_COLOUR('',#1330);
#1332=FILL_AREA_STYLE($,(#1331));
#1333=SURFACE_STYLE_FILL_AREA(#1332);
#1334=SURFACE_SIDE_STYLE('',(#1333));
#1335=SURFACE_STYLE_USAGE(.BOTH.,#1334);
#1336=PRESENTATION_STYLE_ASSIGNMENT((#1335));
#1337=STYLED_ITEM('',(#1336),#1329);
#1338=ADVANCED_FACE('',(#3417),#3419,.F.);
#1339=COLOUR_RGB('',0.705882352941176,0.705882352941176,0.705882352941176);
#1340=FILL_AREA_STYLE_COLOUR('',#1339);
#1341=FILL_AREA_STYLE($,(#1340));
#1342=SURFACE_STYLE_FILL_AREA(#1341);
#1343=SURFACE_SIDE_STYLE('',(#1342));
#1344=SURFACE_STYLE_USAGE(.BOTH.,#1343);
#1345=PRESENTATION_STYLE_ASSIGNMENT((#1344));
#1346=STYLED_ITEM('',(#1345),#1338);
#1347=ADVANCED_FACE('',(#3424),#3426,.T.);
#1348=COLOUR_RGB('',0.705882352941176,0.705882352941176,0.705882352941176);
#1349=FILL_AREA_STYLE_COLOUR('',#1348);
#1350=FILL_AREA_STYLE($,(#1349));
#1351=SURFACE_STYLE_FILL_AREA(#1350);
#1352=SURFACE_SIDE_STYLE('',(#1351));
#1353=SURFACE_STYLE_USAGE(.BOTH.,#1352);
#1354=PRESENTATION_STYLE_ASSIGNMENT((#1353));
#1355=STYLED_ITEM('',(#1354),#1347);
#1356=ADVANCED_FACE('',(#3431),#3433,.F.);
#1357=COLOUR_RGB('',0.6,0.298039215686275,0.);
#1358=FILL_AREA_STYLE_COLOUR('',#1357);
#1359=FILL_AREA_STYLE($,(#1358));
#1360=SURFACE_STYLE_FILL_AREA(#1359);
#1361=SURFACE_SIDE_STYLE('',(#1360));
#1362=SURFACE_STYLE_USAGE(.BOTH.,#1361);
#1363=PRESENTATION_STYLE_ASSIGNMENT((#1362));
#1364=STYLED_ITEM('',(#1363),#1356);
#1365=ADVANCED_FACE('',(#3438),#3440,.F.);
#1366=COLOUR_RGB('',0.6,0.298039215686275,0.);
#1367=FILL_AREA_STYLE_COLOUR('',#1366);
#1368=FILL_AREA_STYLE($,(#1367));
#1369=SURFACE_STYLE_FILL_AREA(#1368);
#1370=SURFACE_SIDE_STYLE('',(#1369));
#1371=SURFACE_STYLE_USAGE(.BOTH.,#1370);
#1372=PRESENTATION_STYLE_ASSIGNMENT((#1371));
#1373=STYLED_ITEM('',(#1372),#1365);
#1374=ADVANCED_FACE('',(#3445),#3447,.F.);
#1375=COLOUR_RGB('',0.6,0.298039215686275,0.);
#1376=FILL_AREA_STYLE_COLOUR('',#1375);
#1377=FILL_AREA_STYLE($,(#1376));
#1378=SURFACE_STYLE_FILL_AREA(#1377);
#1379=SURFACE_SIDE_STYLE('',(#1378));
#1380=SURFACE_STYLE_USAGE(.BOTH.,#1379);
#1381=PRESENTATION_STYLE_ASSIGNMENT((#1380));
#1382=STYLED_ITEM('',(#1381),#1374);
#1383=ADVANCED_FACE('',(#3452,#3454),#3456,.T.);
#1384=COLOUR_RGB('',0.564705882352941,0.564705882352941,0.564705882352941);
#1385=FILL_AREA_STYLE_COLOUR('',#1384);
#1386=FILL_AREA_STYLE($,(#1385));
#1387=SURFACE_STYLE_FILL_AREA(#1386);
#1388=SURFACE_SIDE_STYLE('',(#1387));
#1389=SURFACE_STYLE_USAGE(.BOTH.,#1388);
#1390=PRESENTATION_STYLE_ASSIGNMENT((#1389));
#1391=STYLED_ITEM('',(#1390),#1383);
#1392=ADVANCED_FACE('',(#3461,#3463),#3465,.T.);
#1393=COLOUR_RGB('',0.564705882352941,0.564705882352941,0.564705882352941);
#1394=FILL_AREA_STYLE_COLOUR('',#1393);
#1395=FILL_AREA_STYLE($,(#1394));
#1396=SURFACE_STYLE_FILL_AREA(#1395);
#1397=SURFACE_SIDE_STYLE('',(#1396));
#1398=SURFACE_STYLE_USAGE(.BOTH.,#1397);
#1399=PRESENTATION_STYLE_ASSIGNMENT((#1398));
#1400=STYLED_ITEM('',(#1399),#1392);
#1401=ADVANCED_FACE('',(#3470,#3472),#3474,.F.);
#1402=COLOUR_RGB('',0.564705882352941,0.564705882352941,0.564705882352941);
#1403=FILL_AREA_STYLE_COLOUR('',#1402);
#1404=FILL_AREA_STYLE($,(#1403));
#1405=SURFACE_STYLE_FILL_AREA(#1404);
#1406=SURFACE_SIDE_STYLE('',(#1405));
#1407=SURFACE_STYLE_USAGE(.BOTH.,#1406);
#1408=PRESENTATION_STYLE_ASSIGNMENT((#1407));
#1409=STYLED_ITEM('',(#1408),#1401);
#1410=ADVANCED_FACE('',(#3479,#3481),#3483,.T.);
#1411=COLOUR_RGB('',0.564705882352941,0.564705882352941,0.564705882352941);
#1412=FILL_AREA_STYLE_COLOUR('',#1411);
#1413=FILL_AREA_STYLE($,(#1412));
#1414=SURFACE_STYLE_FILL_AREA(#1413);
#1415=SURFACE_SIDE_STYLE('',(#1414));
#1416=SURFACE_STYLE_USAGE(.BOTH.,#1415);
#1417=PRESENTATION_STYLE_ASSIGNMENT((#1416));
#1418=STYLED_ITEM('',(#1417),#1410);
#1419=ADVANCED_FACE('',(#3488,#3490),#3492,.F.);
#1420=COLOUR_RGB('',0.564705882352941,0.564705882352941,0.564705882352941);
#1421=FILL_AREA_STYLE_COLOUR('',#1420);
#1422=FILL_AREA_STYLE($,(#1421));
#1423=SURFACE_STYLE_FILL_AREA(#1422);
#1424=SURFACE_SIDE_STYLE('',(#1423));
#1425=SURFACE_STYLE_USAGE(.BOTH.,#1424);
#1426=PRESENTATION_STYLE_ASSIGNMENT((#1425));
#1427=STYLED_ITEM('',(#1426),#1419);
#1428=ADVANCED_FACE('',(#3497,#3499),#3501,.T.);
#1429=COLOUR_RGB('',0.564705882352941,0.564705882352941,0.564705882352941);
#1430=FILL_AREA_STYLE_COLOUR('',#1429);
#1431=FILL_AREA_STYLE($,(#1430));
#1432=SURFACE_STYLE_FILL_AREA(#1431);
#1433=SURFACE_SIDE_STYLE('',(#1432));
#1434=SURFACE_STYLE_USAGE(.BOTH.,#1433);
#1435=PRESENTATION_STYLE_ASSIGNMENT((#1434));
#1436=STYLED_ITEM('',(#1435),#1428);
#1437=ADVANCED_FACE('',(#3506,#3508),#3510,.T.);
#1438=COLOUR_RGB('',0.564705882352941,0.564705882352941,0.564705882352941);
#1439=FILL_AREA_STYLE_COLOUR('',#1438);
#1440=FILL_AREA_STYLE($,(#1439));
#1441=SURFACE_STYLE_FILL_AREA(#1440);
#1442=SURFACE_SIDE_STYLE('',(#1441));
#1443=SURFACE_STYLE_USAGE(.BOTH.,#1442);
#1444=PRESENTATION_STYLE_ASSIGNMENT((#1443));
#1445=STYLED_ITEM('',(#1444),#1437);
#1446=ADVANCED_FACE('',(#3515),#3517,.F.);
#1447=COLOUR_RGB('',0.564705882352941,0.564705882352941,0.564705882352941);
#1448=FILL_AREA_STYLE_COLOUR('',#1447);
#1449=FILL_AREA_STYLE($,(#1448));
#1450=SURFACE_STYLE_FILL_AREA(#1449);
#1451=SURFACE_SIDE_STYLE('',(#1450));
#1452=SURFACE_STYLE_USAGE(.BOTH.,#1451);
#1453=PRESENTATION_STYLE_ASSIGNMENT((#1452));
#1454=STYLED_ITEM('',(#1453),#1446);
#1455=ADVANCED_FACE('',(#3522),#3524,.F.);
#1456=COLOUR_RGB('',0.564705882352941,0.564705882352941,0.564705882352941);
#1457=FILL_AREA_STYLE_COLOUR('',#1456);
#1458=FILL_AREA_STYLE($,(#1457));
#1459=SURFACE_STYLE_FILL_AREA(#1458);
#1460=SURFACE_SIDE_STYLE('',(#1459));
#1461=SURFACE_STYLE_USAGE(.BOTH.,#1460);
#1462=PRESENTATION_STYLE_ASSIGNMENT((#1461));
#1463=STYLED_ITEM('',(#1462),#1455);
#1464=ADVANCED_FACE('',(#3529,#3531),#3533,.T.);
#1465=ADVANCED_FACE('',(#3538),#3540,.T.);
#1466=ADVANCED_FACE('',(#3545),#3547,.F.);
#1467=ADVANCED_FACE('',(#3552,#3554),#3556,.T.);
#1468=ADVANCED_FACE('',(#3561),#3563,.F.);
#1469=ADVANCED_FACE('',(#3568),#3570,.T.);
#1470=ADVANCED_FACE('',(#3575,#3577),#3579,.T.);
#1471=COLOUR_RGB('',0.6,0.298039215686275,0.);
#1472=FILL_AREA_STYLE_COLOUR('',#1471);
#1473=FILL_AREA_STYLE($,(#1472));
#1474=SURFACE_STYLE_FILL_AREA(#1473);
#1475=SURFACE_SIDE_STYLE('',(#1474));
#1476=SURFACE_STYLE_USAGE(.BOTH.,#1475);
#1477=PRESENTATION_STYLE_ASSIGNMENT((#1476));
#1478=STYLED_ITEM('',(#1477),#1470);
#1479=ADVANCED_FACE('',(#3584),#3586,.T.);
#1480=COLOUR_RGB('',0.564705882352941,0.564705882352941,0.564705882352941);
#1481=FILL_AREA_STYLE_COLOUR('',#1480);
#1482=FILL_AREA_STYLE($,(#1481));
#1483=SURFACE_STYLE_FILL_AREA(#1482);
#1484=SURFACE_SIDE_STYLE('',(#1483));
#1485=SURFACE_STYLE_USAGE(.BOTH.,#1484);
#1486=PRESENTATION_STYLE_ASSIGNMENT((#1485));
#1487=STYLED_ITEM('',(#1486),#1479);
#1488=ADVANCED_FACE('',(#3591),#3593,.T.);
#1489=COLOUR_RGB('',0.564705882352941,0.564705882352941,0.564705882352941);
#1490=FILL_AREA_STYLE_COLOUR('',#1489);
#1491=FILL_AREA_STYLE($,(#1490));
#1492=SURFACE_STYLE_FILL_AREA(#1491);
#1493=SURFACE_SIDE_STYLE('',(#1492));
#1494=SURFACE_STYLE_USAGE(.BOTH.,#1493);
#1495=PRESENTATION_STYLE_ASSIGNMENT((#1494));
#1496=STYLED_ITEM('',(#1495),#1488);
#1497=ADVANCED_FACE('',(#3598),#3600,.T.);
#1498=COLOUR_RGB('',0.6,0.298039215686275,0.);
#1499=FILL_AREA_STYLE_COLOUR('',#1498);
#1500=FILL_AREA_STYLE($,(#1499));
#1501=SURFACE_STYLE_FILL_AREA(#1500);
#1502=SURFACE_SIDE_STYLE('',(#1501));
#1503=SURFACE_STYLE_USAGE(.BOTH.,#1502);
#1504=PRESENTATION_STYLE_ASSIGNMENT((#1503));
#1505=STYLED_ITEM('',(#1504),#1497);
#1506=ADVANCED_FACE('',(#3605),#3607,.T.);
#1507=COLOUR_RGB('',0.6,0.298039215686275,0.);
#1508=FILL_AREA_STYLE_COLOUR('',#1507);
#1509=FILL_AREA_STYLE($,(#1508));
#1510=SURFACE_STYLE_FILL_AREA(#1509);
#1511=SURFACE_SIDE_STYLE('',(#1510));
#1512=SURFACE_STYLE_USAGE(.BOTH.,#1511);
#1513=PRESENTATION_STYLE_ASSIGNMENT((#1512));
#1514=STYLED_ITEM('',(#1513),#1506);
#1515=ADVANCED_FACE('',(#3612),#3614,.T.);
#1516=COLOUR_RGB('',0.6,0.298039215686275,0.);
#1517=FILL_AREA_STYLE_COLOUR('',#1516);
#1518=FILL_AREA_STYLE($,(#1517));
#1519=SURFACE_STYLE_FILL_AREA(#1518);
#1520=SURFACE_SIDE_STYLE('',(#1519));
#1521=SURFACE_STYLE_USAGE(.BOTH.,#1520);
#1522=PRESENTATION_STYLE_ASSIGNMENT((#1521));
#1523=STYLED_ITEM('',(#1522),#1515);
#1524=ADVANCED_FACE('',(#3619),#3621,.T.);
#1525=COLOUR_RGB('',0.6,0.298039215686275,0.);
#1526=FILL_AREA_STYLE_COLOUR('',#1525);
#1527=FILL_AREA_STYLE($,(#1526));
#1528=SURFACE_STYLE_FILL_AREA(#1527);
#1529=SURFACE_SIDE_STYLE('',(#1528));
#1530=SURFACE_STYLE_USAGE(.BOTH.,#1529);
#1531=PRESENTATION_STYLE_ASSIGNMENT((#1530));
#1532=STYLED_ITEM('',(#1531),#1524);
#1533=ADVANCED_FACE('',(#3626),#3628,.T.);
#1534=COLOUR_RGB('',0.564705882352941,0.564705882352941,0.564705882352941);
#1535=FILL_AREA_STYLE_COLOUR('',#1534);
#1536=FILL_AREA_STYLE($,(#1535));
#1537=SURFACE_STYLE_FILL_AREA(#1536);
#1538=SURFACE_SIDE_STYLE('',(#1537));
#1539=SURFACE_STYLE_USAGE(.BOTH.,#1538);
#1540=PRESENTATION_STYLE_ASSIGNMENT((#1539));
#1541=STYLED_ITEM('',(#1540),#1533);
#1542=ADVANCED_FACE('',(#3633),#3635,.F.);
#1543=COLOUR_RGB('',0.6,0.298039215686275,0.);
#1544=FILL_AREA_STYLE_COLOUR('',#1543);
#1545=FILL_AREA_STYLE($,(#1544));
#1546=SURFACE_STYLE_FILL_AREA(#1545);
#1547=SURFACE_SIDE_STYLE('',(#1546));
#1548=SURFACE_STYLE_USAGE(.BOTH.,#1547);
#1549=PRESENTATION_STYLE_ASSIGNMENT((#1548));
#1550=STYLED_ITEM('',(#1549),#1542);
#1551=ADVANCED_FACE('',(#3640),#3642,.T.);
#1552=COLOUR_RGB('',0.705882352941176,0.705882352941176,0.705882352941176);
#1553=FILL_AREA_STYLE_COLOUR('',#1552);
#1554=FILL_AREA_STYLE($,(#1553));
#1555=SURFACE_STYLE_FILL_AREA(#1554);
#1556=SURFACE_SIDE_STYLE('',(#1555));
#1557=SURFACE_STYLE_USAGE(.BOTH.,#1556);
#1558=PRESENTATION_STYLE_ASSIGNMENT((#1557));
#1559=STYLED_ITEM('',(#1558),#1551);
#1560=ADVANCED_FACE('',(#3647),#3649,.F.);
#1561=COLOUR_RGB('',0.705882352941176,0.705882352941176,0.705882352941176);
#1562=FILL_AREA_STYLE_COLOUR('',#1561);
#1563=FILL_AREA_STYLE($,(#1562));
#1564=SURFACE_STYLE_FILL_AREA(#1563);
#1565=SURFACE_SIDE_STYLE('',(#1564));
#1566=SURFACE_STYLE_USAGE(.BOTH.,#1565);
#1567=PRESENTATION_STYLE_ASSIGNMENT((#1566));
#1568=STYLED_ITEM('',(#1567),#1560);
#1569=ADVANCED_FACE('',(#3654),#3656,.T.);
#1570=COLOUR_RGB('',0.705882352941176,0.705882352941176,0.705882352941176);
#1571=FILL_AREA_STYLE_COLOUR('',#1570);
#1572=FILL_AREA_STYLE($,(#1571));
#1573=SURFACE_STYLE_FILL_AREA(#1572);
#1574=SURFACE_SIDE_STYLE('',(#1573));
#1575=SURFACE_STYLE_USAGE(.BOTH.,#1574);
#1576=PRESENTATION_STYLE_ASSIGNMENT((#1575));
#1577=STYLED_ITEM('',(#1576),#1569);
#1578=ADVANCED_FACE('',(#3661),#3663,.F.);
#1579=COLOUR_RGB('',0.6,0.298039215686275,0.);
#1580=FILL_AREA_STYLE_COLOUR('',#1579);
#1581=FILL_AREA_STYLE($,(#1580));
#1582=SURFACE_STYLE_FILL_AREA(#1581);
#1583=SURFACE_SIDE_STYLE('',(#1582));
#1584=SURFACE_STYLE_USAGE(.BOTH.,#1583);
#1585=PRESENTATION_STYLE_ASSIGNMENT((#1584));
#1586=STYLED_ITEM('',(#1585),#1578);
#1587=ADVANCED_FACE('',(#3668),#3670,.F.);
#1588=COLOUR_RGB('',0.6,0.298039215686275,0.);
#1589=FILL_AREA_STYLE_COLOUR('',#1588);
#1590=FILL_AREA_STYLE($,(#1589));
#1591=SURFACE_STYLE_FILL_AREA(#1590);
#1592=SURFACE_SIDE_STYLE('',(#1591));
#1593=SURFACE_STYLE_USAGE(.BOTH.,#1592);
#1594=PRESENTATION_STYLE_ASSIGNMENT((#1593));
#1595=STYLED_ITEM('',(#1594),#1587);
#1596=ADVANCED_FACE('',(#3675),#3677,.F.);
#1597=COLOUR_RGB('',0.6,0.298039215686275,0.);
#1598=FILL_AREA_STYLE_COLOUR('',#1597);
#1599=FILL_AREA_STYLE($,(#1598));
#1600=SURFACE_STYLE_FILL_AREA(#1599);
#1601=SURFACE_SIDE_STYLE('',(#1600));
#1602=SURFACE_STYLE_USAGE(.BOTH.,#1601);
#1603=PRESENTATION_STYLE_ASSIGNMENT((#1602));
#1604=STYLED_ITEM('',(#1603),#1596);
#1605=ADVANCED_FACE('',(#3682,#3684),#3686,.T.);
#1606=COLOUR_RGB('',0.564705882352941,0.564705882352941,0.564705882352941);
#1607=FILL_AREA_STYLE_COLOUR('',#1606);
#1608=FILL_AREA_STYLE($,(#1607));
#1609=SURFACE_STYLE_FILL_AREA(#1608);
#1610=SURFACE_SIDE_STYLE('',(#1609));
#1611=SURFACE_STYLE_USAGE(.BOTH.,#1610);
#1612=PRESENTATION_STYLE_ASSIGNMENT((#1611));
#1613=STYLED_ITEM('',(#1612),#1605);
#1614=ADVANCED_FACE('',(#3691,#3693),#3695,.T.);
#1615=COLOUR_RGB('',0.564705882352941,0.564705882352941,0.564705882352941);
#1616=FILL_AREA_STYLE_COLOUR('',#1615);
#1617=FILL_AREA_STYLE($,(#1616));
#1618=SURFACE_STYLE_FILL_AREA(#1617);
#1619=SURFACE_SIDE_STYLE('',(#1618));
#1620=SURFACE_STYLE_USAGE(.BOTH.,#1619);
#1621=PRESENTATION_STYLE_ASSIGNMENT((#1620));
#1622=STYLED_ITEM('',(#1621),#1614);
#1623=ADVANCED_FACE('',(#3700,#3702),#3704,.F.);
#1624=COLOUR_RGB('',0.564705882352941,0.564705882352941,0.564705882352941);
#1625=FILL_AREA_STYLE_COLOUR('',#1624);
#1626=FILL_AREA_STYLE($,(#1625));
#1627=SURFACE_STYLE_FILL_AREA(#1626);
#1628=SURFACE_SIDE_STYLE('',(#1627));
#1629=SURFACE_STYLE_USAGE(.BOTH.,#1628);
#1630=PRESENTATION_STYLE_ASSIGNMENT((#1629));
#1631=STYLED_ITEM('',(#1630),#1623);
#1632=ADVANCED_FACE('',(#3709,#3711),#3713,.T.);
#1633=COLOUR_RGB('',0.564705882352941,0.564705882352941,0.564705882352941);
#1634=FILL_AREA_STYLE_COLOUR('',#1633);
#1635=FILL_AREA_STYLE($,(#1634));
#1636=SURFACE_STYLE_FILL_AREA(#1635);
#1637=SURFACE_SIDE_STYLE('',(#1636));
#1638=SURFACE_STYLE_USAGE(.BOTH.,#1637);
#1639=PRESENTATION_STYLE_ASSIGNMENT((#1638));
#1640=STYLED_ITEM('',(#1639),#1632);
#1641=ADVANCED_FACE('',(#3718,#3720),#3722,.F.);
#1642=COLOUR_RGB('',0.564705882352941,0.564705882352941,0.564705882352941);
#1643=FILL_AREA_STYLE_COLOUR('',#1642);
#1644=FILL_AREA_STYLE($,(#1643));
#1645=SURFACE_STYLE_FILL_AREA(#1644);
#1646=SURFACE_SIDE_STYLE('',(#1645));
#1647=SURFACE_STYLE_USAGE(.BOTH.,#1646);
#1648=PRESENTATION_STYLE_ASSIGNMENT((#1647));
#1649=STYLED_ITEM('',(#1648),#1641);
#1650=ADVANCED_FACE('',(#3727,#3729),#3731,.T.);
#1651=COLOUR_RGB('',0.564705882352941,0.564705882352941,0.564705882352941);
#1652=FILL_AREA_STYLE_COLOUR('',#1651);
#1653=FILL_AREA_STYLE($,(#1652));
#1654=SURFACE_STYLE_FILL_AREA(#1653);
#1655=SURFACE_SIDE_STYLE('',(#1654));
#1656=SURFACE_STYLE_USAGE(.BOTH.,#1655);
#1657=PRESENTATION_STYLE_ASSIGNMENT((#1656));
#1658=STYLED_ITEM('',(#1657),#1650);
#1659=ADVANCED_FACE('',(#3736,#3738),#3740,.T.);
#1660=COLOUR_RGB('',0.564705882352941,0.564705882352941,0.564705882352941);
#1661=FILL_AREA_STYLE_COLOUR('',#1660);
#1662=FILL_AREA_STYLE($,(#1661));
#1663=SURFACE_STYLE_FILL_AREA(#1662);
#1664=SURFACE_SIDE_STYLE('',(#1663));
#1665=SURFACE_STYLE_USAGE(.BOTH.,#1664);
#1666=PRESENTATION_STYLE_ASSIGNMENT((#1665));
#1667=STYLED_ITEM('',(#1666),#1659);
#1668=ADVANCED_FACE('',(#3745),#3747,.F.);
#1669=COLOUR_RGB('',0.564705882352941,0.564705882352941,0.564705882352941);
#1670=FILL_AREA_STYLE_COLOUR('',#1669);
#1671=FILL_AREA_STYLE($,(#1670));
#1672=SURFACE_STYLE_FILL_AREA(#1671);
#1673=SURFACE_SIDE_STYLE('',(#1672));
#1674=SURFACE_STYLE_USAGE(.BOTH.,#1673);
#1675=PRESENTATION_STYLE_ASSIGNMENT((#1674));
#1676=STYLED_ITEM('',(#1675),#1668);
#1677=ADVANCED_FACE('',(#3752),#3754,.F.);
#1678=COLOUR_RGB('',0.564705882352941,0.564705882352941,0.564705882352941);
#1679=FILL_AREA_STYLE_COLOUR('',#1678);
#1680=FILL_AREA_STYLE($,(#1679));
#1681=SURFACE_STYLE_FILL_AREA(#1680);
#1682=SURFACE_SIDE_STYLE('',(#1681));
#1683=SURFACE_STYLE_USAGE(.BOTH.,#1682);
#1684=PRESENTATION_STYLE_ASSIGNMENT((#1683));
#1685=STYLED_ITEM('',(#1684),#1677);
#1686=ADVANCED_FACE('',(#3759,#3761),#3763,.T.);
#1687=ADVANCED_FACE('',(#3768),#3770,.T.);
#1688=ADVANCED_FACE('',(#3775),#3777,.F.);
#1689=ADVANCED_FACE('',(#3782,#3784),#3786,.F.);
#1690=ADVANCED_FACE('',(#3791,#3793),#3795,.F.);
#1691=ADVANCED_FACE('',(#3800,#3802,#3804,#3806),#3808,.T.);
#1692=ADVANCED_FACE('',(#3813,#3815),#3817,.T.);
#1693=ADVANCED_FACE('',(#3822),#3824,.F.);
#1694=ADVANCED_FACE('',(#3829),#3831,.F.);
#1695=ADVANCED_FACE('',(#3836),#3838,.F.);
#1696=ADVANCED_FACE('',(#3843),#3845,.F.);
#1697=ADVANCED_FACE('',(#3850),#3852,.F.);
#1698=ADVANCED_FACE('',(#3857),#3859,.F.);
#1699=ADVANCED_FACE('',(#3864,#3866),#3868,.T.);
#1700=ADVANCED_FACE('',(#3873),#3875,.F.);
#1701=ADVANCED_FACE('',(#3880),#3882,.F.);
#1702=ADVANCED_FACE('',(#3887),#3889,.F.);
#1703=ADVANCED_FACE('',(#3894),#3896,.F.);
#1704=ADVANCED_FACE('',(#3901),#3903,.F.);
#1705=ADVANCED_FACE('',(#3908),#3910,.F.);
#1706=ADVANCED_FACE('',(#3915,#3917),#3919,.T.);
#1707=ADVANCED_FACE('',(#3924,#3926),#3928,.T.);
#1708=ADVANCED_FACE('',(#3933),#3935,.T.);
#1709=ADVANCED_FACE('',(#3940),#3942,.F.);
#1710=ADVANCED_FACE('',(#3947),#3949,.F.);
#1711=ADVANCED_FACE('',(#3954),#3956,.T.);
#1712=ADVANCED_FACE('',(#3961),#3963,.T.);
#1713=ADVANCED_FACE('',(#3968),#3970,.F.);
#1714=ADVANCED_FACE('',(#3975),#3977,.T.);
#1715=ADVANCED_FACE('',(#3982),#3984,.F.);
#1716=ADVANCED_FACE('',(#3989),#3991,.T.);
#1717=ADVANCED_FACE('',(#3996),#3998,.T.);
#1718=ADVANCED_FACE('',(#4003),#4005,.T.);
#1719=ADVANCED_FACE('',(#4010),#4012,.T.);
#1720=ADVANCED_FACE('',(#4017),#4019,.F.);
#1721=ADVANCED_FACE('',(#4024),#4026,.T.);
#1722=ADVANCED_FACE('',(#4031),#4033,.T.);
#1723=ADVANCED_FACE('',(#4038),#4040,.T.);
#1724=ADVANCED_FACE('',(#4045),#4047,.F.);
#1725=ADVANCED_FACE('',(#4052),#4054,.F.);
#1726=ADVANCED_FACE('',(#4059),#4061,.T.);
#1727=ADVANCED_FACE('',(#4066),#4068,.T.);
#1728=ADVANCED_FACE('',(#4073),#4075,.T.);
#1729=ADVANCED_FACE('',(#4080),#4082,.F.);
#1730=ADVANCED_FACE('',(#4087),#4089,.F.);
#1731=ADVANCED_FACE('',(#4094),#4096,.F.);
#1732=ADVANCED_FACE('',(#4101),#4103,.F.);
#1733=ADVANCED_FACE('',(#4108),#4110,.F.);
#1734=ADVANCED_FACE('',(#4115),#4117,.F.);
#1735=ADVANCED_FACE('',(#4122),#4124,.T.);
#1736=ADVANCED_FACE('',(#4129),#4131,.T.);
#1737=ADVANCED_FACE('',(#4136),#4138,.T.);
#1738=ADVANCED_FACE('',(#4143),#4145,.T.);
#1739=ADVANCED_FACE('',(#4150),#4152,.T.);
#1740=ADVANCED_FACE('',(#4157,#4159),#4161,.T.);
#1741=ADVANCED_FACE('',(#4166),#4168,.T.);
#1742=ADVANCED_FACE('',(#4173),#4175,.F.);
#1743=ADVANCED_FACE('',(#4180),#4182,.T.);
#1744=ADVANCED_FACE('',(#4195),#4197,.F.);
#1745=ADVANCED_FACE('',(#4202),#4204,.F.);
#1746=ADVANCED_FACE('',(#4217),#4219,.T.);
#1747=ADVANCED_FACE('',(#4224),#4226,.T.);
#1748=ADVANCED_FACE('',(#4231,#4233),#4235,.T.);
#1749=ADVANCED_FACE('',(#4240),#4242,.T.);
#1750=ADVANCED_FACE('',(#4247),#4249,.T.);
#1751=ADVANCED_FACE('',(#4254),#4256,.T.);
#1752=ADVANCED_FACE('',(#4261,#4263),#4265,.F.);
#1753=ADVANCED_FACE('',(#4270),#4272,.T.);
#1754=ADVANCED_FACE('',(#4277,#4279),#4281,.T.);
#1755=ADVANCED_FACE('',(#4286,#4288),#4290,.T.);
#1756=ADVANCED_FACE('',(#4295,#4297,#4299,#4301),#4303,.T.);
#1757=ADVANCED_FACE('',(#4308,#4310),#4312,.F.);
#1758=ADVANCED_FACE('',(#4317,#4319),#4321,.F.);
#1759=ADVANCED_FACE('',(#4326),#4328,.F.);
#1760=ADVANCED_FACE('',(#4333),#4335,.T.);
#1761=ADVANCED_FACE('',(#4340),#4342,.T.);
#1762=ADVANCED_FACE('',(#4347),#4349,.T.);
#1763=ADVANCED_FACE('',(#4354),#4356,.F.);
#1764=ADVANCED_FACE('',(#4361),#4363,.T.);
#1765=ADVANCED_FACE('',(#4368),#4370,.F.);
#1766=ADVANCED_FACE('',(#4375),#4377,.T.);
#1767=ADVANCED_FACE('',(#4382),#4384,.T.);
#1768=ADVANCED_FACE('',(#4389),#4391,.F.);
#1769=ADVANCED_FACE('',(#4396),#4398,.T.);
#1770=ADVANCED_FACE('',(#4403),#4405,.T.);
#1771=ADVANCED_FACE('',(#4410),#4412,.F.);
#1772=ADVANCED_FACE('',(#4417),#4419,.T.);
#1773=ADVANCED_FACE('',(#4424),#4426,.T.);
#1774=ADVANCED_FACE('',(#4431),#4433,.F.);
#1775=ADVANCED_FACE('',(#4438,#4440),#4442,.F.);
#1776=ADVANCED_FACE('',(#4447),#4449,.T.);
#1777=ADVANCED_FACE('',(#4454),#4456,.T.);
#1778=ADVANCED_FACE('',(#4461),#4463,.F.);
#1779=ADVANCED_FACE('',(#4468),#4470,.F.);
#1780=ADVANCED_FACE('',(#4475),#4477,.T.);
#1781=ADVANCED_FACE('',(#4482),#4484,.T.);
#1782=ADVANCED_FACE('',(#4489),#4491,.T.);
#1783=ADVANCED_FACE('',(#4496),#4498,.T.);
#1784=ADVANCED_FACE('',(#4503,#4505),#4507,.T.);
#1785=ADVANCED_FACE('',(#4512),#4514,.T.);
#1786=ADVANCED_FACE('',(#4519),#4521,.T.);
#1787=ADVANCED_FACE('',(#4526),#4528,.T.);
#1788=ADVANCED_FACE('',(#4533),#4535,.F.);
#1789=ADVANCED_FACE('',(#4548),#4550,.T.);
#1790=ADVANCED_FACE('',(#4555),#4557,.T.);
#1791=ADVANCED_FACE('',(#4562),#4564,.F.);
#1792=ADVANCED_FACE('',(#4577),#4579,.T.);
#1793=ADVANCED_FACE('',(#4584),#4586,.T.);
#1794=ADVANCED_FACE('',(#4591),#4593,.T.);
#1795=ADVANCED_FACE('',(#4598),#4600,.T.);
#1796=ADVANCED_FACE('',(#4605),#4607,.T.);
#1797=ADVANCED_FACE('',(#4612),#4614,.F.);
#1798=ADVANCED_FACE('',(#4619,#4621,#4623,#4625,#4627,#4629,#4631),#4633,.F.);
#1799=COLOUR_RGB('',0.564705882352941,0.564705882352941,0.564705882352941);
#1800=FILL_AREA_STYLE_COLOUR('',#1799);
#1801=FILL_AREA_STYLE($,(#1800));
#1802=SURFACE_STYLE_FILL_AREA(#1801);
#1803=SURFACE_SIDE_STYLE('',(#1802));
#1804=SURFACE_STYLE_USAGE(.BOTH.,#1803);
#1805=PRESENTATION_STYLE_ASSIGNMENT((#1804));
#1806=STYLED_ITEM('',(#1805),#1798);
#1807=ADVANCED_FACE('',(#4638,#4640,#4642,#4644,#4646,#4648,#4650),#4652,.T.);
#1808=COLOUR_RGB('',0.564705882352941,0.564705882352941,0.564705882352941);
#1809=FILL_AREA_STYLE_COLOUR('',#1808);
#1810=FILL_AREA_STYLE($,(#1809));
#1811=SURFACE_STYLE_FILL_AREA(#1810);
#1812=SURFACE_SIDE_STYLE('',(#1811));
#1813=SURFACE_STYLE_USAGE(.BOTH.,#1812);
#1814=PRESENTATION_STYLE_ASSIGNMENT((#1813));
#1815=STYLED_ITEM('',(#1814),#1807);
#1816=ADVANCED_FACE('',(#4657,#4659),#4661,.F.);
#1817=COLOUR_RGB('',0.564705882352941,0.564705882352941,0.564705882352941);
#1818=FILL_AREA_STYLE_COLOUR('',#1817);
#1819=FILL_AREA_STYLE($,(#1818));
#1820=SURFACE_STYLE_FILL_AREA(#1819);
#1821=SURFACE_SIDE_STYLE('',(#1820));
#1822=SURFACE_STYLE_USAGE(.BOTH.,#1821);
#1823=PRESENTATION_STYLE_ASSIGNMENT((#1822));
#1824=STYLED_ITEM('',(#1823),#1816);
#1825=ADVANCED_FACE('',(#4666,#4668),#4670,.F.);
#1826=COLOUR_RGB('',0.564705882352941,0.564705882352941,0.564705882352941);
#1827=FILL_AREA_STYLE_COLOUR('',#1826);
#1828=FILL_AREA_STYLE($,(#1827));
#1829=SURFACE_STYLE_FILL_AREA(#1828);
#1830=SURFACE_SIDE_STYLE('',(#1829));
#1831=SURFACE_STYLE_USAGE(.BOTH.,#1830);
#1832=PRESENTATION_STYLE_ASSIGNMENT((#1831));
#1833=STYLED_ITEM('',(#1832),#1825);
#1834=ADVANCED_FACE('',(#4675,#4677),#4679,.F.);
#1835=COLOUR_RGB('',0.564705882352941,0.564705882352941,0.564705882352941);
#1836=FILL_AREA_STYLE_COLOUR('',#1835);
#1837=FILL_AREA_STYLE($,(#1836));
#1838=SURFACE_STYLE_FILL_AREA(#1837);
#1839=SURFACE_SIDE_STYLE('',(#1838));
#1840=SURFACE_STYLE_USAGE(.BOTH.,#1839);
#1841=PRESENTATION_STYLE_ASSIGNMENT((#1840));
#1842=STYLED_ITEM('',(#1841),#1834);
#1843=ADVANCED_FACE('',(#4684,#4686),#4688,.F.);
#1844=COLOUR_RGB('',0.564705882352941,0.564705882352941,0.564705882352941);
#1845=FILL_AREA_STYLE_COLOUR('',#1844);
#1846=FILL_AREA_STYLE($,(#1845));
#1847=SURFACE_STYLE_FILL_AREA(#1846);
#1848=SURFACE_SIDE_STYLE('',(#1847));
#1849=SURFACE_STYLE_USAGE(.BOTH.,#1848);
#1850=PRESENTATION_STYLE_ASSIGNMENT((#1849));
#1851=STYLED_ITEM('',(#1850),#1843);
#1852=ADVANCED_FACE('',(#4693,#4695),#4697,.F.);
#1853=COLOUR_RGB('',0.564705882352941,0.564705882352941,0.564705882352941);
#1854=FILL_AREA_STYLE_COLOUR('',#1853);
#1855=FILL_AREA_STYLE($,(#1854));
#1856=SURFACE_STYLE_FILL_AREA(#1855);
#1857=SURFACE_SIDE_STYLE('',(#1856));
#1858=SURFACE_STYLE_USAGE(.BOTH.,#1857);
#1859=PRESENTATION_STYLE_ASSIGNMENT((#1858));
#1860=STYLED_ITEM('',(#1859),#1852);
#1861=ADVANCED_FACE('',(#4702,#4704),#4706,.F.);
#1862=COLOUR_RGB('',0.564705882352941,0.564705882352941,0.564705882352941);
#1863=FILL_AREA_STYLE_COLOUR('',#1862);
#1864=FILL_AREA_STYLE($,(#1863));
#1865=SURFACE_STYLE_FILL_AREA(#1864);
#1866=SURFACE_SIDE_STYLE('',(#1865));
#1867=SURFACE_STYLE_USAGE(.BOTH.,#1866);
#1868=PRESENTATION_STYLE_ASSIGNMENT((#1867));
#1869=STYLED_ITEM('',(#1868),#1861);
#1870=ADVANCED_FACE('',(#4711),#4713,.T.);
#1871=COLOUR_RGB('',0.564705882352941,0.564705882352941,0.564705882352941);
#1872=FILL_AREA_STYLE_COLOUR('',#1871);
#1873=FILL_AREA_STYLE($,(#1872));
#1874=SURFACE_STYLE_FILL_AREA(#1873);
#1875=SURFACE_SIDE_STYLE('',(#1874));
#1876=SURFACE_STYLE_USAGE(.BOTH.,#1875);
#1877=PRESENTATION_STYLE_ASSIGNMENT((#1876));
#1878=STYLED_ITEM('',(#1877),#1870);
#1879=ADVANCED_FACE('',(#4718),#4720,.T.);
#1880=COLOUR_RGB('',0.564705882352941,0.564705882352941,0.564705882352941);
#1881=FILL_AREA_STYLE_COLOUR('',#1880);
#1882=FILL_AREA_STYLE($,(#1881));
#1883=SURFACE_STYLE_FILL_AREA(#1882);
#1884=SURFACE_SIDE_STYLE('',(#1883));
#1885=SURFACE_STYLE_USAGE(.BOTH.,#1884);
#1886=PRESENTATION_STYLE_ASSIGNMENT((#1885));
#1887=STYLED_ITEM('',(#1886),#1879);
#1888=ADVANCED_FACE('',(#4725),#4727,.F.);
#1889=COLOUR_RGB('',0.564705882352941,0.564705882352941,0.564705882352941);
#1890=FILL_AREA_STYLE_COLOUR('',#1889);
#1891=FILL_AREA_STYLE($,(#1890));
#1892=SURFACE_STYLE_FILL_AREA(#1891);
#1893=SURFACE_SIDE_STYLE('',(#1892));
#1894=SURFACE_STYLE_USAGE(.BOTH.,#1893);
#1895=PRESENTATION_STYLE_ASSIGNMENT((#1894));
#1896=STYLED_ITEM('',(#1895),#1888);
#1897=ADVANCED_FACE('',(#4732),#4734,.T.);
#1898=COLOUR_RGB('',0.564705882352941,0.564705882352941,0.564705882352941);
#1899=FILL_AREA_STYLE_COLOUR('',#1898);
#1900=FILL_AREA_STYLE($,(#1899));
#1901=SURFACE_STYLE_FILL_AREA(#1900);
#1902=SURFACE_SIDE_STYLE('',(#1901));
#1903=SURFACE_STYLE_USAGE(.BOTH.,#1902);
#1904=PRESENTATION_STYLE_ASSIGNMENT((#1903));
#1905=STYLED_ITEM('',(#1904),#1897);
#1906=ADVANCED_FACE('',(#4739),#4741,.T.);
#1907=COLOUR_RGB('',0.564705882352941,0.564705882352941,0.564705882352941);
#1908=FILL_AREA_STYLE_COLOUR('',#1907);
#1909=FILL_AREA_STYLE($,(#1908));
#1910=SURFACE_STYLE_FILL_AREA(#1909);
#1911=SURFACE_SIDE_STYLE('',(#1910));
#1912=SURFACE_STYLE_USAGE(.BOTH.,#1911);
#1913=PRESENTATION_STYLE_ASSIGNMENT((#1912));
#1914=STYLED_ITEM('',(#1913),#1906);
#1915=ADVANCED_FACE('',(#4746),#4748,.T.);
#1916=COLOUR_RGB('',0.564705882352941,0.564705882352941,0.564705882352941);
#1917=FILL_AREA_STYLE_COLOUR('',#1916);
#1918=FILL_AREA_STYLE($,(#1917));
#1919=SURFACE_STYLE_FILL_AREA(#1918);
#1920=SURFACE_SIDE_STYLE('',(#1919));
#1921=SURFACE_STYLE_USAGE(.BOTH.,#1920);
#1922=PRESENTATION_STYLE_ASSIGNMENT((#1921));
#1923=STYLED_ITEM('',(#1922),#1915);
#1924=ADVANCED_FACE('',(#4753),#4755,.T.);
#1925=COLOUR_RGB('',0.564705882352941,0.564705882352941,0.564705882352941);
#1926=FILL_AREA_STYLE_COLOUR('',#1925);
#1927=FILL_AREA_STYLE($,(#1926));
#1928=SURFACE_STYLE_FILL_AREA(#1927);
#1929=SURFACE_SIDE_STYLE('',(#1928));
#1930=SURFACE_STYLE_USAGE(.BOTH.,#1929);
#1931=PRESENTATION_STYLE_ASSIGNMENT((#1930));
#1932=STYLED_ITEM('',(#1931),#1924);
#1933=ADVANCED_FACE('',(#4760),#4762,.T.);
#1934=COLOUR_RGB('',0.564705882352941,0.564705882352941,0.564705882352941);
#1935=FILL_AREA_STYLE_COLOUR('',#1934);
#1936=FILL_AREA_STYLE($,(#1935));
#1937=SURFACE_STYLE_FILL_AREA(#1936);
#1938=SURFACE_SIDE_STYLE('',(#1937));
#1939=SURFACE_STYLE_USAGE(.BOTH.,#1938);
#1940=PRESENTATION_STYLE_ASSIGNMENT((#1939));
#1941=STYLED_ITEM('',(#1940),#1933);
#1942=ADVANCED_FACE('',(#4767),#4769,.T.);
#1943=COLOUR_RGB('',0.564705882352941,0.564705882352941,0.564705882352941);
#1944=FILL_AREA_STYLE_COLOUR('',#1943);
#1945=FILL_AREA_STYLE($,(#1944));
#1946=SURFACE_STYLE_FILL_AREA(#1945);
#1947=SURFACE_SIDE_STYLE('',(#1946));
#1948=SURFACE_STYLE_USAGE(.BOTH.,#1947);
#1949=PRESENTATION_STYLE_ASSIGNMENT((#1948));
#1950=STYLED_ITEM('',(#1949),#1942);
#1951=ADVANCED_FACE('',(#4774),#4776,.F.);
#1952=COLOUR_RGB('',0.564705882352941,0.564705882352941,0.564705882352941);
#1953=FILL_AREA_STYLE_COLOUR('',#1952);
#1954=FILL_AREA_STYLE($,(#1953));
#1955=SURFACE_STYLE_FILL_AREA(#1954);
#1956=SURFACE_SIDE_STYLE('',(#1955));
#1957=SURFACE_STYLE_USAGE(.BOTH.,#1956);
#1958=PRESENTATION_STYLE_ASSIGNMENT((#1957));
#1959=STYLED_ITEM('',(#1958),#1951);
#1960=ADVANCED_FACE('',(#4781),#4783,.T.);
#1961=COLOUR_RGB('',0.564705882352941,0.564705882352941,0.564705882352941);
#1962=FILL_AREA_STYLE_COLOUR('',#1961);
#1963=FILL_AREA_STYLE($,(#1962));
#1964=SURFACE_STYLE_FILL_AREA(#1963);
#1965=SURFACE_SIDE_STYLE('',(#1964));
#1966=SURFACE_STYLE_USAGE(.BOTH.,#1965);
#1967=PRESENTATION_STYLE_ASSIGNMENT((#1966));
#1968=STYLED_ITEM('',(#1967),#1960);
#1969=ADVANCED_FACE('',(#4788),#4790,.F.);
#1970=COLOUR_RGB('',0.564705882352941,0.564705882352941,0.564705882352941);
#1971=FILL_AREA_STYLE_COLOUR('',#1970);
#1972=FILL_AREA_STYLE($,(#1971));
#1973=SURFACE_STYLE_FILL_AREA(#1972);
#1974=SURFACE_SIDE_STYLE('',(#1973));
#1975=SURFACE_STYLE_USAGE(.BOTH.,#1974);
#1976=PRESENTATION_STYLE_ASSIGNMENT((#1975));
#1977=STYLED_ITEM('',(#1976),#1969);
#1978=ADVANCED_FACE('',(#4795),#4797,.T.);
#1979=COLOUR_RGB('',0.564705882352941,0.564705882352941,0.564705882352941);
#1980=FILL_AREA_STYLE_COLOUR('',#1979);
#1981=FILL_AREA_STYLE($,(#1980));
#1982=SURFACE_STYLE_FILL_AREA(#1981);
#1983=SURFACE_SIDE_STYLE('',(#1982));
#1984=SURFACE_STYLE_USAGE(.BOTH.,#1983);
#1985=PRESENTATION_STYLE_ASSIGNMENT((#1984));
#1986=STYLED_ITEM('',(#1985),#1978);
#1987=ADVANCED_FACE('',(#4802),#4804,.F.);
#1988=COLOUR_RGB('',0.564705882352941,0.564705882352941,0.564705882352941);
#1989=FILL_AREA_STYLE_COLOUR('',#1988);
#1990=FILL_AREA_STYLE($,(#1989));
#1991=SURFACE_STYLE_FILL_AREA(#1990);
#1992=SURFACE_SIDE_STYLE('',(#1991));
#1993=SURFACE_STYLE_USAGE(.BOTH.,#1992);
#1994=PRESENTATION_STYLE_ASSIGNMENT((#1993));
#1995=STYLED_ITEM('',(#1994),#1987);
#1996=ADVANCED_FACE('',(#4809),#4811,.T.);
#1997=COLOUR_RGB('',0.564705882352941,0.564705882352941,0.564705882352941);
#1998=FILL_AREA_STYLE_COLOUR('',#1997);
#1999=FILL_AREA_STYLE($,(#1998));
#2000=SURFACE_STYLE_FILL_AREA(#1999);
#2001=SURFACE_SIDE_STYLE('',(#2000));
#2002=SURFACE_STYLE_USAGE(.BOTH.,#2001);
#2003=PRESENTATION_STYLE_ASSIGNMENT((#2002));
#2004=STYLED_ITEM('',(#2003),#1996);
#2005=ADVANCED_FACE('',(#4816),#4818,.F.);
#2006=COLOUR_RGB('',0.564705882352941,0.564705882352941,0.564705882352941);
#2007=FILL_AREA_STYLE_COLOUR('',#2006);
#2008=FILL_AREA_STYLE($,(#2007));
#2009=SURFACE_STYLE_FILL_AREA(#2008);
#2010=SURFACE_SIDE_STYLE('',(#2009));
#2011=SURFACE_STYLE_USAGE(.BOTH.,#2010);
#2012=PRESENTATION_STYLE_ASSIGNMENT((#2011));
#2013=STYLED_ITEM('',(#2012),#2005);
#2014=ADVANCED_FACE('',(#4823),#4825,.T.);
#2015=COLOUR_RGB('',0.564705882352941,0.564705882352941,0.564705882352941);
#2016=FILL_AREA_STYLE_COLOUR('',#2015);
#2017=FILL_AREA_STYLE($,(#2016));
#2018=SURFACE_STYLE_FILL_AREA(#2017);
#2019=SURFACE_SIDE_STYLE('',(#2018));
#2020=SURFACE_STYLE_USAGE(.BOTH.,#2019);
#2021=PRESENTATION_STYLE_ASSIGNMENT((#2020));
#2022=STYLED_ITEM('',(#2021),#2014);
#2023=ADVANCED_FACE('',(#4830),#4832,.T.);
#2024=COLOUR_RGB('',0.564705882352941,0.564705882352941,0.564705882352941);
#2025=FILL_AREA_STYLE_COLOUR('',#2024);
#2026=FILL_AREA_STYLE($,(#2025));
#2027=SURFACE_STYLE_FILL_AREA(#2026);
#2028=SURFACE_SIDE_STYLE('',(#2027));
#2029=SURFACE_STYLE_USAGE(.BOTH.,#2028);
#2030=PRESENTATION_STYLE_ASSIGNMENT((#2029));
#2031=STYLED_ITEM('',(#2030),#2023);
#2032=ADVANCED_FACE('',(#4837),#4839,.T.);
#2033=COLOUR_RGB('',0.564705882352941,0.564705882352941,0.564705882352941);
#2034=FILL_AREA_STYLE_COLOUR('',#2033);
#2035=FILL_AREA_STYLE($,(#2034));
#2036=SURFACE_STYLE_FILL_AREA(#2035);
#2037=SURFACE_SIDE_STYLE('',(#2036));
#2038=SURFACE_STYLE_USAGE(.BOTH.,#2037);
#2039=PRESENTATION_STYLE_ASSIGNMENT((#2038));
#2040=STYLED_ITEM('',(#2039),#2032);
#2041=ADVANCED_FACE('',(#4844),#4846,.T.);
#2042=COLOUR_RGB('',0.564705882352941,0.564705882352941,0.564705882352941);
#2043=FILL_AREA_STYLE_COLOUR('',#2042);
#2044=FILL_AREA_STYLE($,(#2043));
#2045=SURFACE_STYLE_FILL_AREA(#2044);
#2046=SURFACE_SIDE_STYLE('',(#2045));
#2047=SURFACE_STYLE_USAGE(.BOTH.,#2046);
#2048=PRESENTATION_STYLE_ASSIGNMENT((#2047));
#2049=STYLED_ITEM('',(#2048),#2041);
#2050=ADVANCED_FACE('',(#4851),#4853,.T.);
#2051=COLOUR_RGB('',0.564705882352941,0.564705882352941,0.564705882352941);
#2052=FILL_AREA_STYLE_COLOUR('',#2051);
#2053=FILL_AREA_STYLE($,(#2052));
#2054=SURFACE_STYLE_FILL_AREA(#2053);
#2055=SURFACE_SIDE_STYLE('',(#2054));
#2056=SURFACE_STYLE_USAGE(.BOTH.,#2055);
#2057=PRESENTATION_STYLE_ASSIGNMENT((#2056));
#2058=STYLED_ITEM('',(#2057),#2050);
#2059=ADVANCED_FACE('',(#4858),#4860,.T.);
#2060=COLOUR_RGB('',0.564705882352941,0.564705882352941,0.564705882352941);
#2061=FILL_AREA_STYLE_COLOUR('',#2060);
#2062=FILL_AREA_STYLE($,(#2061));
#2063=SURFACE_STYLE_FILL_AREA(#2062);
#2064=SURFACE_SIDE_STYLE('',(#2063));
#2065=SURFACE_STYLE_USAGE(.BOTH.,#2064);
#2066=PRESENTATION_STYLE_ASSIGNMENT((#2065));
#2067=STYLED_ITEM('',(#2066),#2059);
#2068=ADVANCED_FACE('',(#4865),#4867,.F.);
#2069=COLOUR_RGB('',0.564705882352941,0.564705882352941,0.564705882352941);
#2070=FILL_AREA_STYLE_COLOUR('',#2069);
#2071=FILL_AREA_STYLE($,(#2070));
#2072=SURFACE_STYLE_FILL_AREA(#2071);
#2073=SURFACE_SIDE_STYLE('',(#2072));
#2074=SURFACE_STYLE_USAGE(.BOTH.,#2073);
#2075=PRESENTATION_STYLE_ASSIGNMENT((#2074));
#2076=STYLED_ITEM('',(#2075),#2068);
#2077=ADVANCED_FACE('',(#4872),#4874,.T.);
#2078=COLOUR_RGB('',0.564705882352941,0.564705882352941,0.564705882352941);
#2079=FILL_AREA_STYLE_COLOUR('',#2078);
#2080=FILL_AREA_STYLE($,(#2079));
#2081=SURFACE_STYLE_FILL_AREA(#2080);
#2082=SURFACE_SIDE_STYLE('',(#2081));
#2083=SURFACE_STYLE_USAGE(.BOTH.,#2082);
#2084=PRESENTATION_STYLE_ASSIGNMENT((#2083));
#2085=STYLED_ITEM('',(#2084),#2077);
#2086=FACE_BOUND('',#2087,.T.);
#2087=EDGE_LOOP('',(#4879,#4880,#4881,#4882,#4883,#4884,#4885,#4886));
#2088=FACE_BOUND('',#2089,.T.);
#2089=EDGE_LOOP('',(#4887));
#2090=FACE_BOUND('',#2091,.T.);
#2091=EDGE_LOOP('',(#4888));
#2092=FACE_BOUND('',#2093,.T.);
#2093=EDGE_LOOP('',(#4889));
#2094=FACE_BOUND('',#2095,.T.);
#2095=EDGE_LOOP('',(#4890));
#2096=FACE_BOUND('',#2097,.T.);
#2097=EDGE_LOOP('',(#4891));
#2098=FACE_BOUND('',#2099,.T.);
#2099=EDGE_LOOP('',(#4892));
#2100=FACE_BOUND('',#2101,.T.);
#2101=EDGE_LOOP('',(#4893));
#2102=FACE_BOUND('',#2103,.T.);
#2103=EDGE_LOOP('',(#4894));
#2104=FACE_BOUND('',#2105,.T.);
#2105=EDGE_LOOP('',(#4895));
#2106=FACE_BOUND('',#2107,.T.);
#2107=EDGE_LOOP('',(#4896));
#2108=FACE_BOUND('',#2109,.T.);
#2109=EDGE_LOOP('',(#4897));
#2110=FACE_BOUND('',#2111,.T.);
#2111=EDGE_LOOP('',(#4898));
#2112=FACE_BOUND('',#2113,.T.);
#2113=EDGE_LOOP('',(#4899));
#2114=FACE_BOUND('',#2115,.T.);
#2115=EDGE_LOOP('',(#4900));
#2116=FACE_BOUND('',#2117,.T.);
#2117=EDGE_LOOP('',(#4901));
#2118=PLANE('',#2119);
#2119=AXIS2_PLACEMENT_3D('',#2120,#2121,#2122);
#2120=CARTESIAN_POINT('',(-9.79717439317883E-16,-30.,0.));
#2121=DIRECTION('',(1.22464679914735E-16,1.,0.));
#2122=DIRECTION('',(-6.12323399573677E-17,7.49879891330929E-33,-1.));
#2123=FACE_BOUND('',#2124,.T.);
#2124=EDGE_LOOP('',(#4902,#4903,#4904,#4905,#4906,#4907,#4908,#4909));
#2125=FACE_BOUND('',#2126,.T.);
#2126=EDGE_LOOP('',(#4910));
#2127=FACE_BOUND('',#2128,.T.);
#2128=EDGE_LOOP('',(#4911));
#2129=FACE_BOUND('',#2130,.T.);
#2130=EDGE_LOOP('',(#4912));
#2131=FACE_BOUND('',#2132,.T.);
#2132=EDGE_LOOP('',(#4913));
#2133=FACE_BOUND('',#2134,.T.);
#2134=EDGE_LOOP('',(#4914));
#2135=FACE_BOUND('',#2136,.T.);
#2136=EDGE_LOOP('',(#4915));
#2137=FACE_BOUND('',#2138,.T.);
#2138=EDGE_LOOP('',(#4916));
#2139=FACE_BOUND('',#2140,.T.);
#2140=EDGE_LOOP('',(#4917));
#2141=FACE_BOUND('',#2142,.T.);
#2142=EDGE_LOOP('',(#4918));
#2143=FACE_BOUND('',#2144,.T.);
#2144=EDGE_LOOP('',(#4919));
#2145=FACE_BOUND('',#2146,.T.);
#2146=EDGE_LOOP('',(#4920));
#2147=FACE_BOUND('',#2148,.T.);
#2148=EDGE_LOOP('',(#4921));
#2149=FACE_BOUND('',#2150,.T.);
#2150=EDGE_LOOP('',(#4922));
#2151=FACE_BOUND('',#2152,.T.);
#2152=EDGE_LOOP('',(#4923));
#2153=FACE_BOUND('',#2154,.T.);
#2154=EDGE_LOOP('',(#4924));
#2155=PLANE('',#2156);
#2156=AXIS2_PLACEMENT_3D('',#2157,#2158,#2159);
#2157=CARTESIAN_POINT('',(0.,-22.,0.));
#2158=DIRECTION('',(1.22464679914735E-16,1.,0.));
#2159=DIRECTION('',(-6.12323399573677E-17,7.49879891330929E-33,-1.));
#2160=FACE_OUTER_BOUND('',#2161,.T.);
#2161=EDGE_LOOP('',(#4925));
#2162=FACE_OUTER_BOUND('',#2163,.T.);
#2163=EDGE_LOOP('',(#4926));
#2164=CYLINDRICAL_SURFACE('',#2165,1.7);
#2165=AXIS2_PLACEMENT_3D('',#2166,#2167,#2168);
#2166=CARTESIAN_POINT('',(6.,-30.,-46.));
#2167=DIRECTION('',(1.22464679914735E-16,1.,0.));
#2168=DIRECTION('',(6.12323399573677E-17,-7.49879891330928E-33,-1.));
#2169=FACE_OUTER_BOUND('',#2170,.T.);
#2170=EDGE_LOOP('',(#4927));
#2171=FACE_OUTER_BOUND('',#2172,.T.);
#2172=EDGE_LOOP('',(#4928));
#2173=CYLINDRICAL_SURFACE('',#2174,1.7);
#2174=AXIS2_PLACEMENT_3D('',#2175,#2176,#2177);
#2175=CARTESIAN_POINT('',(-8.,-30.,-46.));
#2176=DIRECTION('',(1.22464679914735E-16,1.,0.));
#2177=DIRECTION('',(6.12323399573677E-17,-7.49879891330928E-33,-1.));
#2178=FACE_OUTER_BOUND('',#2179,.T.);
#2179=EDGE_LOOP('',(#4929));
#2180=FACE_OUTER_BOUND('',#2181,.T.);
#2181=EDGE_LOOP('',(#4930));
#2182=CYLINDRICAL_SURFACE('',#2183,1.7);
#2183=AXIS2_PLACEMENT_3D('',#2184,#2185,#2186);
#2184=CARTESIAN_POINT('',(-22.,-30.,-46.));
#2185=DIRECTION('',(1.22464679914735E-16,1.,0.));
#2186=DIRECTION('',(6.12323399573677E-17,-7.49879891330928E-33,-1.));
#2187=FACE_OUTER_BOUND('',#2188,.T.);
#2188=EDGE_LOOP('',(#4931));
#2189=FACE_OUTER_BOUND('',#2190,.T.);
#2190=EDGE_LOOP('',(#4932));
#2191=CYLINDRICAL_SURFACE('',#2192,1.7);
#2192=AXIS2_PLACEMENT_3D('',#2193,#2194,#2195);
#2193=CARTESIAN_POINT('',(5.99999999999999,-30.,36.));
#2194=DIRECTION('',(1.22464679914735E-16,1.,0.));
#2195=DIRECTION('',(6.12323399573677E-17,-7.49879891330928E-33,-1.));
#2196=FACE_OUTER_BOUND('',#2197,.T.);
#2197=EDGE_LOOP('',(#4933));
#2198=FACE_OUTER_BOUND('',#2199,.T.);
#2199=EDGE_LOOP('',(#4934));
#2200=CYLINDRICAL_SURFACE('',#2201,1.7);
#2201=AXIS2_PLACEMENT_3D('',#2202,#2203,#2204);
#2202=CARTESIAN_POINT('',(-8.00000000000001,-30.,36.));
#2203=DIRECTION('',(1.22464679914735E-16,1.,0.));
#2204=DIRECTION('',(6.12323399573677E-17,-7.49879891330928E-33,-1.));
#2205=FACE_OUTER_BOUND('',#2206,.T.);
#2206=EDGE_LOOP('',(#4935));
#2207=FACE_OUTER_BOUND('',#2208,.T.);
#2208=EDGE_LOOP('',(#4936));
#2209=CYLINDRICAL_SURFACE('',#2210,1.7);
#2210=AXIS2_PLACEMENT_3D('',#2211,#2212,#2213);
#2211=CARTESIAN_POINT('',(-22.,-30.,36.));
#2212=DIRECTION('',(1.22464679914735E-16,1.,0.));
#2213=DIRECTION('',(6.12323399573677E-17,-7.49879891330928E-33,-1.));
#2214=FACE_BOUND('',#2215,.T.);
#2215=EDGE_LOOP('',(#4937,#4938,#4939,#4940));
#2216=CYLINDRICAL_SURFACE('',#2217,10.);
#2217=AXIS2_PLACEMENT_3D('',#2218,#2219,#2220);
#2218=CARTESIAN_POINT('',(5.99999999999998,-70.,-40.));
#2219=DIRECTION('',(-4.03717463500057E-16,-1.,0.));
#2220=DIRECTION('',(2.66453525910037E-16,0.,-1.));
#2221=FACE_BOUND('',#2222,.T.);
#2222=EDGE_LOOP('',(#4941,#4942,#4943,#4944));
#2223=PLANE('',#2224);
#2224=AXIS2_PLACEMENT_3D('',#2225,#2226,#2227);
#2225=CARTESIAN_POINT('',(16.,-30.,40.));
#2226=DIRECTION('',(1.,-4.44089209850063E-16,-3.94745964311167E-17));
#2227=DIRECTION('',(-3.94745964311167E-17,0.,-1.));
#2228=FACE_BOUND('',#2229,.T.);
#2229=EDGE_LOOP('',(#4945,#4946,#4947,#4948));
#2230=CYLINDRICAL_SURFACE('',#2231,10.);
#2231=AXIS2_PLACEMENT_3D('',#2232,#2233,#2234);
#2232=CARTESIAN_POINT('',(5.99999999999999,-70.,30.));
#2233=DIRECTION('',(-3.22973970800045E-16,-1.,0.));
#2234=DIRECTION('',(1.,-3.22973970800045E-16,0.));
#2235=FACE_BOUND('',#2236,.T.);
#2236=EDGE_LOOP('',(#4949,#4950,#4951,#4952));
#2237=PLANE('',#2238);
#2238=AXIS2_PLACEMENT_3D('',#2239,#2240,#2241);
#2239=CARTESIAN_POINT('',(-30.,-30.,40.));
#2240=DIRECTION('',(0.,0.,1.));
#2241=DIRECTION('',(1.,-1.54465812121761E-16,0.));
#2242=FACE_BOUND('',#2243,.T.);
#2243=EDGE_LOOP('',(#4953,#4954,#4955,#4956));
#2244=CYLINDRICAL_SURFACE('',#2245,10.);
#2245=AXIS2_PLACEMENT_3D('',#2246,#2247,#2248);
#2246=CARTESIAN_POINT('',(-20.,-70.,30.));
#2247=DIRECTION('',(-8.07434927000114E-17,-1.,0.));
#2248=DIRECTION('',(-3.5527136788005E-16,0.,1.));
#2249=FACE_BOUND('',#2250,.T.);
#2250=EDGE_LOOP('',(#4957,#4958,#4959,#4960));
#2251=PLANE('',#2252);
#2252=AXIS2_PLACEMENT_3D('',#2253,#2254,#2255);
#2253=CARTESIAN_POINT('',(-30.,-30.,-50.));
#2254=DIRECTION('',(-1.,0.,3.94745964311167E-17));
#2255=DIRECTION('',(3.94745964311167E-17,0.,1.));
#2256=FACE_BOUND('',#2257,.T.);
#2257=EDGE_LOOP('',(#4961,#4962,#4963,#4964));
#2258=CYLINDRICAL_SURFACE('',#2259,10.);
#2259=AXIS2_PLACEMENT_3D('',#2260,#2261,#2262);
#2260=CARTESIAN_POINT('',(-20.,-70.,-40.));
#2261=DIRECTION('',(-8.07434927000114E-17,-1.,0.));
#2262=DIRECTION('',(-1.,8.07434927000114E-17,0.));
#2263=FACE_BOUND('',#2264,.T.);
#2264=EDGE_LOOP('',(#4965,#4966,#4967,#4968));
#2265=PLANE('',#2266);
#2266=AXIS2_PLACEMENT_3D('',#2267,#2268,#2269);
#2267=CARTESIAN_POINT('',(16.,-30.,-50.));
#2268=DIRECTION('',(0.,0.,-1.));
#2269=DIRECTION('',(-1.,1.54465812121761E-16,0.));
#2270=FACE_OUTER_BOUND('',#2271,.T.);
#2271=EDGE_LOOP('',(#4969));
#2272=FACE_OUTER_BOUND('',#2273,.T.);
#2273=EDGE_LOOP('',(#4970));
#2274=CYLINDRICAL_SURFACE('',#2275,1.5);
#2275=AXIS2_PLACEMENT_3D('',#2276,#2277,#2278);
#2276=CARTESIAN_POINT('',(7.0000000000005,-30.,12.1243556529818));
#2277=DIRECTION('',(1.22464679914735E-16,1.,0.));
#2278=DIRECTION('',(-6.12323399573676E-17,7.49879891330929E-33,-1.));
#2279=FACE_OUTER_BOUND('',#2280,.T.);
#2280=EDGE_LOOP('',(#4971));
#2281=FACE_OUTER_BOUND('',#2282,.T.);
#2282=EDGE_LOOP('',(#4972));
#2283=CYLINDRICAL_SURFACE('',#2284,1.5);
#2284=AXIS2_PLACEMENT_3D('',#2285,#2286,#2287);
#2285=CARTESIAN_POINT('',(10.7246222036698,-30.,-8.99902653560666));
#2286=DIRECTION('',(1.22464679914735E-16,1.,0.));
#2287=DIRECTION('',(-6.12323399573676E-17,7.49879891330929E-33,-1.));
#2288=FACE_OUTER_BOUND('',#2289,.T.);
#2289=EDGE_LOOP('',(#4973));
#2290=FACE_OUTER_BOUND('',#2291,.T.);
#2291=EDGE_LOOP('',(#4974));
#2292=CYLINDRICAL_SURFACE('',#2293,1.5);
#2293=AXIS2_PLACEMENT_3D('',#2294,#2295,#2296);
#2294=CARTESIAN_POINT('',(5.,-30.,-18.));
#2295=DIRECTION('',(1.22464679914735E-16,1.,0.));
#2296=DIRECTION('',(-6.12323399573676E-17,7.49879891330929E-33,-1.));
#2297=FACE_OUTER_BOUND('',#2298,.T.);
#2298=EDGE_LOOP('',(#4975));
#2299=FACE_OUTER_BOUND('',#2300,.T.);
#2300=EDGE_LOOP('',(#4976));
#2301=CYLINDRICAL_SURFACE('',#2302,1.5);
#2302=AXIS2_PLACEMENT_3D('',#2303,#2304,#2305);
#2303=CARTESIAN_POINT('',(-9.79717439317883E-16,-30.,0.));
#2304=DIRECTION('',(1.22464679914735E-16,1.,0.));
#2305=DIRECTION('',(-1.83697019872103E-16,2.24963967399279E-32,-1.));
#2306=FACE_OUTER_BOUND('',#2307,.T.);
#2307=EDGE_LOOP('',(#4977));
#2308=FACE_OUTER_BOUND('',#2309,.T.);
#2309=EDGE_LOOP('',(#4978));
#2310=CYLINDRICAL_SURFACE('',#2311,1.6);
#2311=AXIS2_PLACEMENT_3D('',#2312,#2313,#2314);
#2312=CARTESIAN_POINT('',(-12.4999999999995,10.7758795171944,9.12435565298181));
#2313=DIRECTION('',(-1.22464679914735E-16,-1.,0.));
#2314=DIRECTION('',(1.,-1.22464679914735E-16,6.12323399573677E-17));
#2315=FACE_OUTER_BOUND('',#2316,.T.);
#2316=EDGE_LOOP('',(#4979));
#2317=FACE_OUTER_BOUND('',#2318,.T.);
#2318=EDGE_LOOP('',(#4980));
#2319=CYLINDRICAL_SURFACE('',#2320,1.6);
#2320=AXIS2_PLACEMENT_3D('',#2321,#2322,#2323);
#2321=CARTESIAN_POINT('',(-12.4999999999995,10.7758795171944,25.1243556529818));
#2322=DIRECTION('',(-1.22464679914735E-16,-1.,0.));
#2323=DIRECTION('',(1.,-1.22464679914735E-16,6.12323399573677E-17));
#2324=FACE_OUTER_BOUND('',#2325,.T.);
#2325=EDGE_LOOP('',(#4981));
#2326=FACE_OUTER_BOUND('',#2327,.T.);
#2327=EDGE_LOOP('',(#4982));
#2328=CYLINDRICAL_SURFACE('',#2329,1.7);
#2329=AXIS2_PLACEMENT_3D('',#2330,#2331,#2332);
#2330=CARTESIAN_POINT('',(-2.63822109751946,10.7758795171944,-35.1467109094133));
#2331=DIRECTION('',(-1.22464679914735E-16,-1.,0.));
#2332=DIRECTION('',(0.939692620785908,-1.15079156022785E-16,0.34202014332567));
#2333=FACE_OUTER_BOUND('',#2334,.T.);
#2334=EDGE_LOOP('',(#4983));
#2335=FACE_OUTER_BOUND('',#2336,.T.);
#2336=EDGE_LOOP('',(#4984));
#2337=CYLINDRICAL_SURFACE('',#2338,1.7);
#2338=AXIS2_PLACEMENT_3D('',#2339,#2340,#2341);
#2339=CARTESIAN_POINT('',(-4.69393823011647,10.7758795171944,-17.8034569061647));
#2340=DIRECTION('',(-1.22464679914735E-16,-1.,0.));
#2341=DIRECTION('',(0.939692620785909,-1.15079156022785E-16,0.342020143325668));
#2342=FACE_OUTER_BOUND('',#2343,.T.);
#2343=EDGE_LOOP('',(#4985));
#2344=FACE_OUTER_BOUND('',#2345,.T.);
#2345=EDGE_LOOP('',(#4986));
#2346=CYLINDRICAL_SURFACE('',#2347,1.7);
#2347=AXIS2_PLACEMENT_3D('',#2348,#2349,#2350);
#2348=CARTESIAN_POINT('',(-13.9250310064708,10.7758795171944,-4.1364555468928));
#2349=DIRECTION('',(-1.22464679914735E-16,-1.,0.));
#2350=DIRECTION('',(0.939692620785909,-1.15079156022785E-16,0.342020143325668));
#2351=FACE_OUTER_BOUND('',#2352,.T.);
#2352=EDGE_LOOP('',(#4987));
#2353=FACE_OUTER_BOUND('',#2354,.T.);
#2354=EDGE_LOOP('',(#4988));
#2355=CYLINDRICAL_SURFACE('',#2356,2.3);
#2356=AXIS2_PLACEMENT_3D('',#2357,#2358,#2359);
#2357=CARTESIAN_POINT('',(7.0000000000005,-29.,12.1243556529818));
#2358=DIRECTION('',(1.22464679914735E-16,1.,0.));
#2359=DIRECTION('',(-6.12323399573677E-17,7.49879891330929E-33,-1.));
#2360=FACE_OUTER_BOUND('',#2361,.T.);
#2361=EDGE_LOOP('',(#4989));
#2362=FACE_OUTER_BOUND('',#2363,.T.);
#2363=EDGE_LOOP('',(#4990));
#2364=CYLINDRICAL_SURFACE('',#2365,2.3);
#2365=AXIS2_PLACEMENT_3D('',#2366,#2367,#2368);
#2366=CARTESIAN_POINT('',(5.,-29.,-18.));
#2367=DIRECTION('',(1.22464679914735E-16,1.,0.));
#2368=DIRECTION('',(-6.12323399573677E-17,7.49879891330929E-33,-1.));
#2369=FACE_OUTER_BOUND('',#2370,.T.);
#2370=EDGE_LOOP('',(#4991));
#2371=FACE_OUTER_BOUND('',#2372,.T.);
#2372=EDGE_LOOP('',(#4992));
#2373=CYLINDRICAL_SURFACE('',#2374,2.3);
#2374=AXIS2_PLACEMENT_3D('',#2375,#2376,#2377);
#2375=CARTESIAN_POINT('',(10.7246222036698,-29.,-8.99902653560666));
#2376=DIRECTION('',(1.22464679914735E-16,1.,0.));
#2377=DIRECTION('',(-6.12323399573677E-17,7.49879891330929E-33,-1.));
#2378=FACE_OUTER_BOUND('',#2379,.T.);
#2379=EDGE_LOOP('',(#4993));
#2380=FACE_OUTER_BOUND('',#2381,.T.);
#2381=EDGE_LOOP('',(#4994));
#2382=TOROIDAL_SURFACE('',#2383,8.,3.);
#2383=AXIS2_PLACEMENT_3D('',#2384,#2385,#2386);
#2384=CARTESIAN_POINT('',(-1.01788828729203E-15,-19.,0.));
#2385=DIRECTION('',(-1.22464679914735E-16,-1.,0.));
#2386=DIRECTION('',(1.60635527888879E-17,-1.96721785058461E-33,-1.));
#2387=FACE_BOUND('',#2388,.T.);
#2388=EDGE_LOOP('',(#4995));
#2389=FACE_BOUND('',#2390,.T.);
#2390=EDGE_LOOP('',(#4996));
#2391=PLANE('',#2392);
#2392=AXIS2_PLACEMENT_3D('',#2393,#2394,#2395);
#2393=CARTESIAN_POINT('',(-8.57252759403147E-16,-29.,0.));
#2394=DIRECTION('',(1.22464679914735E-16,1.,0.));
#2395=DIRECTION('',(-6.12323399573677E-17,7.49879891330929E-33,-1.));
#2396=FACE_BOUND('',#2397,.T.);
#2397=EDGE_LOOP('',(#4997));
#2398=FACE_BOUND('',#2399,.T.);
#2399=EDGE_LOOP('',(#4998));
#2400=PLANE('',#2401);
#2401=AXIS2_PLACEMENT_3D('',#2402,#2403,#2404);
#2402=CARTESIAN_POINT('',(-8.57252759403147E-16,-29.,0.));
#2403=DIRECTION('',(1.22464679914735E-16,1.,0.));
#2404=DIRECTION('',(-6.12323399573677E-17,7.49879891330929E-33,-1.));
#2405=FACE_BOUND('',#2406,.T.);
#2406=EDGE_LOOP('',(#4999));
#2407=FACE_BOUND('',#2408,.T.);
#2408=EDGE_LOOP('',(#5000));
#2409=PLANE('',#2410);
#2410=AXIS2_PLACEMENT_3D('',#2411,#2412,#2413);
#2411=CARTESIAN_POINT('',(-8.57252759403147E-16,-29.,0.));
#2412=DIRECTION('',(1.22464679914735E-16,1.,0.));
#2413=DIRECTION('',(-6.12323399573677E-17,7.49879891330929E-33,-1.));
#2414=FACE_BOUND('',#2415,.T.);
#2415=EDGE_LOOP('',(#5001,#5002));
#2416=FACE_OUTER_BOUND('',#2417,.T.);
#2417=EDGE_LOOP('',(#5003));
#2418=CONICAL_SURFACE('',#2419,2.15282524672791,0.044089057398072);
#2419=AXIS2_PLACEMENT_3D('',#2420,#2421,#2422);
#2420=CARTESIAN_POINT('',(0.,-7.20262774083407,0.));
#2421=DIRECTION('',(0.,1.,0.));
#2422=DIRECTION('',(1.83697019872103E-16,0.,1.));
#2423=FACE_BOUND('',#2424,.T.);
#2424=EDGE_LOOP('',(#5004,#5005));
#2425=FACE_OUTER_BOUND('',#2426,.T.);
#2426=EDGE_LOOP('',(#5006));
#2427=CYLINDRICAL_SURFACE('',#2428,5.);
#2428=AXIS2_PLACEMENT_3D('',#2429,#2430,#2431);
#2429=CARTESIAN_POINT('',(0.,-10.6883113727099,0.));
#2430=DIRECTION('',(0.,-1.,0.));
#2431=DIRECTION('',(-1.83697019872103E-16,0.,-1.));
#2432=FACE_BOUND('',#2433,.T.);
#2433=EDGE_LOOP('',(#5007,#5008,#5009,#5010));
#2434=CONICAL_SURFACE('',#2435,3.8070101725869,0.561872600604062);
#2435=AXIS2_PLACEMENT_3D('',#2436,#2437,#2438);
#2436=CARTESIAN_POINT('',(0.,9.18531201776313,0.));
#2437=DIRECTION('',(0.,1.,0.));
#2438=DIRECTION('',(0.999876632481661,0.,-0.0157073173118137));
#2439=FACE_BOUND('',#2440,.T.);
#2440=EDGE_LOOP('',(#5011,#5012,#5013,#5014));
#2441=CONICAL_SURFACE('',#2442,3.8070101725869,0.561872600604063);
#2442=AXIS2_PLACEMENT_3D('',#2443,#2444,#2445);
#2443=CARTESIAN_POINT('',(0.,9.18531201776313,0.));
#2444=DIRECTION('',(0.,1.,0.));
#2445=DIRECTION('',(-0.999876632481661,0.,0.0157073173118133));
#2446=FACE_BOUND('',#2447,.T.);
#2447=EDGE_LOOP('',(#5015,#5016,#5017,#5018));
#2448=(BOUNDED_SURFACE()B_SPLINE_SURFACE(3,2,(
(#2449,#2450,#2451),
(#2452,#2453,#2454),
(#2455,#2456,#2457),
(#2458,#2459,#2460),
(#2461,#2462,#2463),
(#2464,#2465,#2466),
(#2467,#2468,#2469),
(#2470,#2471,#2472),
(#2473,#2474,#2475),
(#2476,#2477,#2478),
(#2479,#2480,#2481),
(#2482,#2483,#2484),
(#2485,#2486,#2487),
(#2488,#2489,#2490),
(#2491,#2492,#2493),
(#2494,#2495,#2496),
(#2497,#2498,#2499),
(#2500,#2501,#2502),
(#2503,#2504,#2505),
(#2506,#2507,#2508),
(#2509,#2510,#2511),
(#2512,#2513,#2514),
(#2515,#2516,#2517),
(#2518,#2519,#2520),
(#2521,#2522,#2523),
(#2524,#2525,#2526),
(#2527,#2528,#2529)),
.UNSPECIFIED.,.F.,.F.,.F.)B_SPLINE_SURFACE_WITH_KNOTS((4,1,1,1,1,1,1,1,1,1,1,1,1,
1,1,1,1,1,1,1,1,1,1,1,4),
(3,3),
(0.248743430485172,0.294096514849199,0.312953197009848,0.331809879170497,0.351158793186697,
0.37108602997329,0.390738531181668,0.410458410631253,0.430157504072501,0.449862445749062,
0.469565731439455,0.489269476727689,0.508973094898493,0.528676753055219,0.548380380531509,
0.568084081627469,0.587787560463215,0.607491686532883,0.627194111282467,0.646900373166837,
0.666603092192026,0.686293606643468,0.706126603682612,0.725481744062851,0.751256569514828),
(0.,1.),
.UNSPECIFIED.)GEOMETRIC_REPRESENTATION_ITEM()RATIONAL_B_SPLINE_SURFACE((
(1.,0.944809474601487,1.),
(1.,0.944809474601487,1.),
(1.,0.944809474601487,1.),
(1.,0.944809474601487,1.),
(1.,0.944809474601487,1.),
(1.,0.944809474601487,1.),
(1.,0.944809474601487,1.),
(1.,0.944809474601487,1.),
(1.,0.944809474601487,1.),
(1.,0.944809474601487,1.),
(1.,0.944809474601487,1.),
(1.,0.944809474601487,1.),
(1.,0.944809474601487,1.),
(1.,0.944809474601487,1.),
(1.,0.944809474601487,1.),
(1.,0.944809474601487,1.),
(1.,0.944809474601487,1.),
(1.,0.944809474601487,1.),
(1.,0.944809474601487,1.),
(1.,0.944809474601487,1.),
(1.,0.944809474601487,1.),
(1.,0.944809474601487,1.),
(1.,0.944809474601487,1.),
(1.,0.944809474601487,1.),
(1.,0.944809474601487,1.),
(1.,0.944809474601487,1.),
(1.,0.944809474601487,1.)))REPRESENTATION_ITEM('')SURFACE());
#2449=CARTESIAN_POINT('',(-1.28725199871342E-5,-9.38960397935547,-7.1467011348388));
#2450=CARTESIAN_POINT('',(-9.00591737785086E-6,-11.023520752368,-5.00000000038446));
#2451=CARTESIAN_POINT('',(-9.00591737831626E-6,-13.1040690682304,-4.99999999999189));
#2452=CARTESIAN_POINT('',(0.664214010038231,-9.38960397935547,-7.14705218183078));
#2453=CARTESIAN_POINT('',(0.472589771050086,-11.023520752368,-5.00025828103042));
#2454=CARTESIAN_POINT('',(0.464699724743804,-13.1040690682304,-5.00024560071407));
#2455=CARTESIAN_POINT('',(1.62033123360866,-9.38960397935547,-7.01235164777487));
#2456=CARTESIAN_POINT('',(1.14150331927665,-11.023520752368,-4.90439044160347));
#2457=CARTESIAN_POINT('',(1.13362179489164,-13.1040690682304,-4.9060059427836));
#2458=CARTESIAN_POINT('',(2.79108523942754,-9.38960397935547,-6.59803394904908));
#2459=CARTESIAN_POINT('',(1.95817217404428,-11.023520752368,-4.61319937156578));
#2460=CARTESIAN_POINT('',(1.95270880002034,-13.1040690682304,-4.61613954784972));
#2461=CARTESIAN_POINT('',(3.56629159362577,-9.38960397935546,-6.21311427921772));
#2462=CARTESIAN_POINT('',(2.49176557266263,-11.023520752368,-4.34859250165));
#2463=CARTESIAN_POINT('',(2.4950613761047,-13.1040690682304,-4.34684070453142));
#2464=CARTESIAN_POINT('',(4.2902419108794,-9.38960397935547,-5.73786406433219));
#2465=CARTESIAN_POINT('',(2.99942603231033,-11.023520752368,-4.01613959799221));
#2466=CARTESIAN_POINT('',(3.00155402466624,-13.1040690682304,-4.0143444899017));
#2467=CARTESIAN_POINT('',(4.95951329113622,-9.38960397935547,-5.17084023101055));
#2468=CARTESIAN_POINT('',(3.46894340569851,-11.023520752368,-3.61860744226326));
#2469=CARTESIAN_POINT('',(3.4697920044197,-13.1040690682304,-3.61764129592274));
#2470=CARTESIAN_POINT('',(5.55721600462808,-9.38960397935547,-4.52242594365131));
#2471=CARTESIAN_POINT('',(3.88841553704613,-11.023520752368,-3.16334770470259));
#2472=CARTESIAN_POINT('',(3.88795886365578,-13.1040690682304,-3.16399542832288));
#2473=CARTESIAN_POINT('',(6.07116452456521,-9.38960397935547,-3.80462541614923));
#2474=CARTESIAN_POINT('',(4.24744411186191,-11.023520752368,-2.66196623934144));
#2475=CARTESIAN_POINT('',(4.2475293215772,-13.1040690682304,-2.66180531713872));
#2476=CARTESIAN_POINT('',(6.49258740512309,-9.38960397935547,-3.02996369199899));
#2477=CARTESIAN_POINT('',(4.54238724209323,-11.023520752368,-2.11977993844205));
#2478=CARTESIAN_POINT('',(4.54236666863152,-13.1040690682304,-2.11983377703006));
#2479=CARTESIAN_POINT('',(6.8156986413131,-9.38960397935547,-2.20920133223184));
#2480=CARTESIAN_POINT('',(4.76841901777861,-11.023520752368,-1.5456248396133));
#2481=CARTESIAN_POINT('',(4.76842287980731,-13.1040690682304,-1.54560914927506));
#2482=CARTESIAN_POINT('',(7.03549929698546,-9.38960397935547,-1.35502134602945));
#2483=CARTESIAN_POINT('',(4.92220112500498,-11.023520752368,-0.948000199315941));
#2484=CARTESIAN_POINT('',(4.92220058194216,-13.1040690682304,-0.948004765038924));
#2485=CARTESIAN_POINT('',(7.14868184410963,-9.38960397935547,-0.480288338983527));
#2486=CARTESIAN_POINT('',(5.00138575524426,-11.023520752368,-0.336022298606661));
#2487=CARTESIAN_POINT('',(5.0013857507274,-13.1040690682304,-0.336021004601296));
#2488=CARTESIAN_POINT('',(7.15352729218965,-9.38960397935547,0.401718067200855));
#2489=CARTESIAN_POINT('',(5.00477569663753,-11.023520752368,0.281051803254118));
#2490=CARTESIAN_POINT('',(5.00477574003057,-13.1040690682304,0.281051396735974));
#2491=CARTESIAN_POINT('',(7.0499624562811,-9.38960397935547,1.27763818623161));
#2492=CARTESIAN_POINT('',(4.93231939247531,-11.023520752368,0.893865404703825));
#2493=CARTESIAN_POINT('',(4.93231934794533,-13.1040690682304,0.893865688605121));
#2494=CARTESIAN_POINT('',(6.83955711691761,-9.38960397935547,2.13419492781759));
#2495=CARTESIAN_POINT('',(4.7851146845805,-11.023520752368,1.49313351190855));
#2496=CARTESIAN_POINT('',(4.78511482980936,-13.1040690682304,1.49313290674094));
#2497=CARTESIAN_POINT('',(6.52549917287738,-9.38960397935547,2.95841029889083));
#2498=CARTESIAN_POINT('',(4.56539311517694,-11.023520752368,2.06977171957872));
#2499=CARTESIAN_POINT('',(4.56539251449612,-13.1040690682304,2.06977334232178));
#2500=CARTESIAN_POINT('',(6.11255052910617,-9.38960397935547,3.73778725416752));
#2501=CARTESIAN_POINT('',(4.27648191008327,-11.023520752368,2.61504770236997));
#2502=CARTESIAN_POINT('',(4.27648394256949,-13.1040690682304,2.61504376889392));
#2503=CARTESIAN_POINT('',(5.60696258554169,-9.38960397935547,4.46052740381628));
#2504=CARTESIAN_POINT('',(3.92276819533635,-11.023520752368,3.12068180087923));
#2505=CARTESIAN_POINT('',(3.92276274028007,-13.1040690682304,3.12068975577055));
#2506=CARTESIAN_POINT('',(5.01640052332235,-9.38960397935546,5.11566867221567));
#2507=CARTESIAN_POINT('',(3.50958850527781,-11.023520752368,3.57904560733333));
#2508=CARTESIAN_POINT('',(3.50959164841819,-13.1040690682304,3.57904197733235));
#2509=CARTESIAN_POINT('',(4.34985351964949,-9.38960397935547,5.69324654692338));
#2510=CARTESIAN_POINT('',(3.04322885933607,-11.023520752368,3.98315694253463));
#2511=CARTESIAN_POINT('',(3.04325970652231,-13.1040690682304,3.98312902659428));
#2512=CARTESIAN_POINT('',(3.61692714453337,-9.38960397935547,6.18487048261801));
#2513=CARTESIAN_POINT('',(2.53085105534131,-11.023520752368,4.32683157575));
#2514=CARTESIAN_POINT('',(2.53048719701994,-13.1040690682304,4.32708068094377));
#2515=CARTESIAN_POINT('',(2.83013196621861,-9.38960397935547,6.58211045669234));
#2516=CARTESIAN_POINT('',(1.97896060958798,-11.023520752368,4.60556597957259));
#2517=CARTESIAN_POINT('',(1.98002680734589,-13.1040690682304,4.60499909853172));
#2518=CARTESIAN_POINT('',(2.01414007603855,-9.38960397935547,6.87487859328276));
#2519=CARTESIAN_POINT('',(1.40032754262701,-11.023520752368,4.81294571325925));
#2520=CARTESIAN_POINT('',(1.40913971217905,-13.1040690682304,4.80982656442557));
#2521=CARTESIAN_POINT('',(1.07000438605533,-9.38960397935547,7.09055794475707));
#2522=CARTESIAN_POINT('',(0.738786229059206,-11.023520752368,4.96201879661829));
#2523=CARTESIAN_POINT('',(0.748600204391872,-13.1040690682304,4.96072090532823));
#2524=CARTESIAN_POINT('',(0.395514650839378,-9.38960397935546,7.14672787905027));
#2525=CARTESIAN_POINT('',(0.268555805567388,-11.023520752368,5.00001690560218));
#2526=CARTESIAN_POINT('',(0.276711340922515,-13.1040690682304,5.00001871087049));
#2527=CARTESIAN_POINT('',(-1.28725199869707E-5,-9.38960397935547,7.1467011348388));
#2528=CARTESIAN_POINT('',(-9.00591737663633E-6,-11.023520752368,5.00000000038446));
#2529=CARTESIAN_POINT('',(-9.00591737475674E-6,-13.1040690682304,4.99999999999189));
#2530=FACE_BOUND('',#2531,.T.);
#2531=EDGE_LOOP('',(#5019,#5020,#5021,#5022));
#2532=(BOUNDED_SURFACE()B_SPLINE_SURFACE(3,2,(
(#2533,#2534,#2535),
(#2536,#2537,#2538),
(#2539,#2540,#2541),
(#2542,#2543,#2544),
(#2545,#2546,#2547),
(#2548,#2549,#2550),
(#2551,#2552,#2553),
(#2554,#2555,#2556),
(#2557,#2558,#2559),
(#2560,#2561,#2562),
(#2563,#2564,#2565),
(#2566,#2567,#2568),
(#2569,#2570,#2571),
(#2572,#2573,#2574),
(#2575,#2576,#2577),
(#2578,#2579,#2580),
(#2581,#2582,#2583),
(#2584,#2585,#2586),
(#2587,#2588,#2589),
(#2590,#2591,#2592),
(#2593,#2594,#2595),
(#2596,#2597,#2598),
(#2599,#2600,#2601),
(#2602,#2603,#2604),
(#2605,#2606,#2607),
(#2608,#2609,#2610),
(#2611,#2612,#2613)),
.UNSPECIFIED.,.F.,.F.,.F.)B_SPLINE_SURFACE_WITH_KNOTS((4,1,1,1,1,1,1,1,1,1,1,1,1,
1,1,1,1,1,1,1,1,1,1,1,4),
(3,3),
(0.248743430485172,0.294096514849178,0.312953197009839,0.3318098791705,0.351158793186705,
0.371086029973305,0.390738531181681,0.410458410631266,0.430157504072519,0.44986244574907,
0.469565731439471,0.4892694767277,0.508973094898512,0.528676753055231,0.548380380531526,
0.568084081627486,0.587787560463232,0.607491686532911,0.627194111282487,0.64690037316686,
0.666603092192027,0.686293606643487,0.706126603682623,0.725481744062863,0.751256569514828),
(0.,1.),
.UNSPECIFIED.)GEOMETRIC_REPRESENTATION_ITEM()RATIONAL_B_SPLINE_SURFACE((
(1.,0.944809474601487,1.),
(1.,0.944809474601487,1.),
(1.,0.944809474601487,1.),
(1.,0.944809474601487,1.),
(1.,0.944809474601486,1.),
(1.,0.944809474601487,1.),
(1.,0.944809474601487,1.),
(1.,0.944809474601487,1.),
(1.,0.944809474601487,1.),
(1.,0.944809474601487,1.),
(1.,0.944809474601487,1.),
(1.,0.944809474601487,1.),
(1.,0.944809474601487,1.),
(1.,0.944809474601487,1.),
(1.,0.944809474601487,1.),
(1.,0.944809474601487,1.),
(1.,0.944809474601487,1.),
(1.,0.944809474601487,1.),
(1.,0.944809474601487,1.),
(1.,0.944809474601486,1.),
(1.,0.944809474601487,1.),
(1.,0.944809474601487,1.),
(1.,0.944809474601487,1.),
(1.,0.944809474601487,1.),
(1.,0.944809474601487,1.),
(1.,0.944809474601487,1.),
(1.,0.944809474601487,1.)))REPRESENTATION_ITEM('')SURFACE());
#2533=CARTESIAN_POINT('',(1.2872519986259E-5,-9.38960397935547,7.14670113483881));
#2534=CARTESIAN_POINT('',(9.00591737727508E-6,-11.023520752368,5.00000000038446));
#2535=CARTESIAN_POINT('',(9.00591737781836E-6,-13.1040690682304,4.99999999999189));
#2536=CARTESIAN_POINT('',(-0.664214010038032,-9.38960397935547,7.14705218183078));
#2537=CARTESIAN_POINT('',(-0.472589771049874,-11.023520752368,5.00025828103041));
#2538=CARTESIAN_POINT('',(-0.464699724743648,-13.1040690682304,5.00024560071406));
#2539=CARTESIAN_POINT('',(-1.62033123360828,-9.38960397935547,7.01235164777493));
#2540=CARTESIAN_POINT('',(-1.14150331927632,-11.023520752368,4.90439044160353));
#2541=CARTESIAN_POINT('',(-1.13362179489139,-13.1040690682304,4.90600594278364));
#2542=CARTESIAN_POINT('',(-2.79108523942722,-9.38960397935547,6.59803394904922));
#2543=CARTESIAN_POINT('',(-1.95817217404402,-11.023520752368,4.61319937156591));
#2544=CARTESIAN_POINT('',(-1.95270880002012,-13.1040690682304,4.61613954784982));
#2545=CARTESIAN_POINT('',(-3.56629159362578,-9.38960397935546,6.21311427921773));
#2546=CARTESIAN_POINT('',(-2.49176557266266,-11.023520752368,4.34859250164999));
#2547=CARTESIAN_POINT('',(-2.49506137610471,-13.1040690682304,4.34684070453143));
#2548=CARTESIAN_POINT('',(-4.29024191087968,-9.38960397935547,5.73786406433199));
#2549=CARTESIAN_POINT('',(-2.99942603231056,-11.023520752368,4.01613959799205));
#2550=CARTESIAN_POINT('',(-3.00155402466643,-13.1040690682304,4.01434448990157));
#2551=CARTESIAN_POINT('',(-4.95951329113659,-9.38960397935547,5.17084023101019));
#2552=CARTESIAN_POINT('',(-3.46894340569879,-11.023520752368,3.618607442263));
#2553=CARTESIAN_POINT('',(-3.46979200441997,-13.1040690682304,3.61764129592249));
#2554=CARTESIAN_POINT('',(-5.55721600462847,-9.38960397935547,4.52242594365084));
#2555=CARTESIAN_POINT('',(-3.8884155370464,-11.023520752368,3.16334770470225));
#2556=CARTESIAN_POINT('',(-3.88795886365605,-13.1040690682304,3.16399542832255));
#2557=CARTESIAN_POINT('',(-6.07116452456555,-9.38960397935547,3.80462541614869));
#2558=CARTESIAN_POINT('',(-4.24744411186216,-11.023520752368,2.66196623934105));
#2559=CARTESIAN_POINT('',(-4.24752932157743,-13.1040690682304,2.66180531713835));
#2560=CARTESIAN_POINT('',(-6.49258740512336,-9.38960397935547,3.02996369199842));
#2561=CARTESIAN_POINT('',(-4.54238724209341,-11.023520752368,2.11977993844167));
#2562=CARTESIAN_POINT('',(-4.54236666863171,-13.1040690682304,2.11983377702966));
#2563=CARTESIAN_POINT('',(-6.81569864131327,-9.38960397935547,2.2092013322313));
#2564=CARTESIAN_POINT('',(-4.76841901777874,-11.023520752368,1.54562483961289));
#2565=CARTESIAN_POINT('',(-4.76842287980743,-13.1040690682304,1.54560914927467));
#2566=CARTESIAN_POINT('',(-7.03549929698558,-9.38960397935547,1.35502134602885));
#2567=CARTESIAN_POINT('',(-4.92220112500506,-11.023520752368,0.948000199315579));
#2568=CARTESIAN_POINT('',(-4.92220058194224,-13.1040690682304,0.948004765038506));
#2569=CARTESIAN_POINT('',(-7.14868184410967,-9.38960397935547,0.480288338982925));
#2570=CARTESIAN_POINT('',(-5.00138575524429,-11.023520752368,0.336022298606187));
#2571=CARTESIAN_POINT('',(-5.00138575072743,-13.1040690682304,0.336021004600873));
#2572=CARTESIAN_POINT('',(-7.15352729218961,-9.38960397935547,-0.401718067201527));
#2573=CARTESIAN_POINT('',(-5.00477569663751,-11.023520752368,-0.281051803254553));
#2574=CARTESIAN_POINT('',(-5.00477574003055,-13.1040690682304,-0.281051396736437));
#2575=CARTESIAN_POINT('',(-7.04996245628098,-9.38960397935547,-1.27763818623227));
#2576=CARTESIAN_POINT('',(-4.93231939247522,-11.023520752368,-0.893865404704306));
#2577=CARTESIAN_POINT('',(-4.93231934794526,-13.1040690682304,-0.893865688605574));
#2578=CARTESIAN_POINT('',(-6.83955711691739,-9.38960397935547,-2.13419492781826));
#2579=CARTESIAN_POINT('',(-4.78511468458036,-11.023520752368,-1.493133511909));
#2580=CARTESIAN_POINT('',(-4.78511482980921,-13.1040690682304,-1.49313290674141));
#2581=CARTESIAN_POINT('',(-6.52549917287707,-9.38960397935547,-2.95841029889154));
#2582=CARTESIAN_POINT('',(-4.56539311517673,-11.023520752368,-2.0697717195792));
#2583=CARTESIAN_POINT('',(-4.5653925144959,-13.1040690682304,-2.06977334232228));
#2584=CARTESIAN_POINT('',(-6.11255052910571,-9.38960397935547,-3.73778725416828));
#2585=CARTESIAN_POINT('',(-4.27648191008294,-11.023520752368,-2.61504770237052));
#2586=CARTESIAN_POINT('',(-4.27648394256917,-13.1040690682304,-2.61504376889445));
#2587=CARTESIAN_POINT('',(-5.60696258554107,-9.38960397935547,-4.46052740381707));
#2588=CARTESIAN_POINT('',(-3.92276819533592,-11.023520752368,-3.12068180087978));
#2589=CARTESIAN_POINT('',(-3.92276274027964,-13.1040690682304,-3.1206897557711));
#2590=CARTESIAN_POINT('',(-5.01640052332171,-9.38960397935547,-5.1156686722163));
#2591=CARTESIAN_POINT('',(-3.50958850527728,-11.023520752368,-3.57904560733385));
#2592=CARTESIAN_POINT('',(-3.50959164841774,-13.1040690682304,-3.57904197733279));
#2593=CARTESIAN_POINT('',(-4.34985351964886,-9.38960397935547,-5.69324654692385));
#2594=CARTESIAN_POINT('',(-3.04322885933569,-11.023520752368,-3.98315694253491));
#2595=CARTESIAN_POINT('',(-3.04325970652186,-13.1040690682304,-3.98312902659461));
#2596=CARTESIAN_POINT('',(-3.61692714453285,-9.38960397935547,-6.18487048261831));
#2597=CARTESIAN_POINT('',(-2.53085105534093,-11.023520752368,-4.32683157575022));
#2598=CARTESIAN_POINT('',(-2.53048719701959,-13.1040690682304,-4.32708068094397));
#2599=CARTESIAN_POINT('',(-2.83013196621808,-9.38960397935547,-6.58211045669256));
#2600=CARTESIAN_POINT('',(-1.97896060958768,-11.023520752368,-4.60556597957273));
#2601=CARTESIAN_POINT('',(-1.98002680734552,-13.1040690682304,-4.60499909853188));
#2602=CARTESIAN_POINT('',(-2.01414007603829,-9.38960397935547,-6.87487859328282));
#2603=CARTESIAN_POINT('',(-1.40032754262659,-11.023520752368,-4.81294571325937));
#2604=CARTESIAN_POINT('',(-1.40913971217887,-13.1040690682304,-4.80982656442561));
#2605=CARTESIAN_POINT('',(-1.07000438605522,-9.38960397935547,-7.09055794475707));
#2606=CARTESIAN_POINT('',(-0.738786229058964,-11.023520752368,-4.96201879661832));
#2607=CARTESIAN_POINT('',(-0.748600204391798,-13.1040690682304,-4.96072090532823));
#2608=CARTESIAN_POINT('',(-0.39551465083948,-9.38960397935547,-7.14672787905028));
#2609=CARTESIAN_POINT('',(-0.268555805567266,-11.023520752368,-5.00001690560218));
#2610=CARTESIAN_POINT('',(-0.276711340922591,-13.1040690682304,-5.00001871087049));
#2611=CARTESIAN_POINT('',(1.2872519986259E-5,-9.38960397935547,-7.1467011348388));
#2612=CARTESIAN_POINT('',(9.00591737468381E-6,-11.023520752368,-5.00000000038446));
#2613=CARTESIAN_POINT('',(9.00591736970352E-6,-13.1040690682304,-4.99999999999189));
#2614=FACE_BOUND('',#2615,.T.);
#2615=EDGE_LOOP('',(#5023,#5024));
#2616=FACE_BOUND('',#2617,.T.);
#2617=EDGE_LOOP('',(#5025,#5026));
#2618=SPHERICAL_SURFACE('',#2619,11.8);
#2619=AXIS2_PLACEMENT_3D('',#2620,#2621,#2622);
#2620=CARTESIAN_POINT('',(0.,0.,0.));
#2621=DIRECTION('',(0.,1.,0.));
#2622=DIRECTION('',(1.83697019872103E-16,0.,1.));
#2623=FACE_OUTER_BOUND('',#2624,.T.);
#2624=EDGE_LOOP('',(#5027));
#2625=FACE_OUTER_BOUND('',#2626,.T.);
#2626=EDGE_LOOP('',(#5028));
#2627=CONICAL_SURFACE('',#2628,2.7,0.785398163397448);
#2628=AXIS2_PLACEMENT_3D('',#2629,#2630,#2631);
#2629=CARTESIAN_POINT('',(-2.63822109751947,-23.,-35.1467109094133));
#2630=DIRECTION('',(1.22464679914735E-16,1.,0.));
#2631=DIRECTION('',(-0.939692620785908,1.15079156022785E-16,-0.34202014332567));
#2632=FACE_OUTER_BOUND('',#2633,.T.);
#2633=EDGE_LOOP('',(#5029));
#2634=FACE_OUTER_BOUND('',#2635,.T.);
#2635=EDGE_LOOP('',(#5030));
#2636=CONICAL_SURFACE('',#2637,2.7,0.785398163397448);
#2637=AXIS2_PLACEMENT_3D('',#2638,#2639,#2640);
#2638=CARTESIAN_POINT('',(-4.69393823011648,-23.,-17.8034569061647));
#2639=DIRECTION('',(1.22464679914735E-16,1.,6.16297582203915E-33));
#2640=DIRECTION('',(-0.939692620785909,1.15079156022785E-16,-0.342020143325669));
#2641=FACE_OUTER_BOUND('',#2642,.T.);
#2642=EDGE_LOOP('',(#5031));
#2643=FACE_OUTER_BOUND('',#2644,.T.);
#2644=EDGE_LOOP('',(#5032));
#2645=CONICAL_SURFACE('',#2646,2.7,0.785398163397448);
#2646=AXIS2_PLACEMENT_3D('',#2647,#2648,#2649);
#2647=CARTESIAN_POINT('',(-13.9250310064708,-23.,-4.1364555468928));
#2648=DIRECTION('',(1.22464679914735E-16,1.,0.));
#2649=DIRECTION('',(-0.939692620785909,1.15079156022785E-16,-0.342020143325668));
#2650=FACE_OUTER_BOUND('',#2651,.T.);
#2651=EDGE_LOOP('',(#5033));
#2652=FACE_OUTER_BOUND('',#2653,.T.);
#2653=EDGE_LOOP('',(#5034));
#2654=CONICAL_SURFACE('',#2655,2.6,0.785398163397448);
#2655=AXIS2_PLACEMENT_3D('',#2656,#2657,#2658);
#2656=CARTESIAN_POINT('',(-12.4999999999995,-23.,9.12435565298181));
#2657=DIRECTION('',(1.22464679914735E-16,1.,0.));
#2658=DIRECTION('',(-1.,1.22464679914735E-16,0.));
#2659=FACE_OUTER_BOUND('',#2660,.T.);
#2660=EDGE_LOOP('',(#5035));
#2661=FACE_OUTER_BOUND('',#2662,.T.);
#2662=EDGE_LOOP('',(#5036));
#2663=CONICAL_SURFACE('',#2664,2.6,0.785398163397448);
#2664=AXIS2_PLACEMENT_3D('',#2665,#2666,#2667);
#2665=CARTESIAN_POINT('',(-12.4999999999995,-23.,25.1243556529818));
#2666=DIRECTION('',(1.22464679914735E-16,1.,0.));
#2667=DIRECTION('',(-1.,1.22464679914735E-16,0.));
#2668=FACE_BOUND('',#2669,.T.);
#2669=EDGE_LOOP('',(#5037,#5038,#5039,#5040));
#2670=FACE_BOUND('',#2671,.T.);
#2671=EDGE_LOOP('',(#5041,#5042));
#2672=PLANE('',#2673);
#2673=AXIS2_PLACEMENT_3D('',#2674,#2675,#2676);
#2674=CARTESIAN_POINT('',(9.,0.,-1.65327317884893E-15));
#2675=DIRECTION('',(1.,0.,-1.83697019872103E-16));
#2676=DIRECTION('',(-1.83697019872103E-16,1.22464679914735E-16,-1.));
#2677=FACE_BOUND('',#2678,.T.);
#2678=EDGE_LOOP('',(#5043,#5044,#5045,#5046));
#2679=PLANE('',#2680);
#2680=AXIS2_PLACEMENT_3D('',#2681,#2682,#2683);
#2681=CARTESIAN_POINT('',(2.05379511836527E-16,-1.,1.11803398868158));
#2682=DIRECTION('',(-2.75616657652184E-32,-1.,-1.48952049203937E-16));
#2683=DIRECTION('',(-1.83697019872103E-16,1.48952049203937E-16,-1.));
#2684=FACE_BOUND('',#2685,.T.);
#2685=EDGE_LOOP('',(#5047,#5048,#5049,#5050));
#2686=CYLINDRICAL_SURFACE('',#2687,1.5);
#2687=AXIS2_PLACEMENT_3D('',#2688,#2689,#2690);
#2688=CARTESIAN_POINT('',(0.,0.,0.));
#2689=DIRECTION('',(1.,0.,-1.83697019872103E-16));
#2690=DIRECTION('',(-1.36919674566051E-16,-0.666666666666667,-0.74535599249993));
#2691=FACE_BOUND('',#2692,.T.);
#2692=EDGE_LOOP('',(#5051,#5052,#5053,#5054,#5055,#5056,#5057,#5058));
#2693=PLANE('',#2694);
#2694=AXIS2_PLACEMENT_3D('',#2695,#2696,#2697);
#2695=CARTESIAN_POINT('',(-1.10218211923262E-15,5.,-6.));
#2696=DIRECTION('',(2.92170705637412E-32,1.,1.48029736616688E-16));
#2697=DIRECTION('',(1.83697019872103E-16,-1.48029736616688E-16,1.));
#2698=FACE_BOUND('',#2699,.T.);
#2699=EDGE_LOOP('',(#5059,#5060,#5061,#5062,#5063));
#2700=PLANE('',#2701);
#2701=AXIS2_PLACEMENT_3D('',#2702,#2703,#2704);
#2702=CARTESIAN_POINT('',(1.10218211923262E-15,5.,6.));
#2703=DIRECTION('',(1.97372982155583E-16,-1.77635683940025E-16,1.));
#2704=DIRECTION('',(-3.94430452610506E-32,-1.,-1.77635683940025E-16));
#2705=FACE_BOUND('',#2706,.T.);
#2706=EDGE_LOOP('',(#5064,#5065,#5066,#5067,#5068,#5069,#5070,#5071));
#2707=PLANE('',#2708);
#2708=AXIS2_PLACEMENT_3D('',#2709,#2710,#2711);
#2709=CARTESIAN_POINT('',(1.10218211923262E-15,-5.,6.));
#2710=DIRECTION('',(-2.92170705637412E-32,-1.,-1.48029736616688E-16));
#2711=DIRECTION('',(-1.83697019872103E-16,1.48029736616688E-16,-1.));
#2712=FACE_BOUND('',#2713,.T.);
#2713=EDGE_LOOP('',(#5072,#5073,#5074,#5075,#5076));
#2714=PLANE('',#2715);
#2715=AXIS2_PLACEMENT_3D('',#2716,#2717,#2718);
#2716=CARTESIAN_POINT('',(-1.10218211923262E-15,-5.,-6.));
#2717=DIRECTION('',(-1.97372982155583E-16,1.77635683940025E-16,-1.));
#2718=DIRECTION('',(3.94430452610506E-32,1.,1.77635683940025E-16));
#2719=FACE_BOUND('',#2720,.T.);
#2720=EDGE_LOOP('',(#5077,#5078));
#2721=PLANE('',#2722);
#2722=AXIS2_PLACEMENT_3D('',#2723,#2724,#2725);
#2723=CARTESIAN_POINT('',(17.,0.,-3.12284933782575E-15));
#2724=DIRECTION('',(1.,0.,-1.83697019872103E-16));
#2725=DIRECTION('',(-1.83697019872103E-16,1.22464679914735E-16,-1.));
#2726=FACE_BOUND('',#2727,.T.);
#2727=EDGE_LOOP('',(#5079,#5080,#5081));
#2728=PLANE('',#2729);
#2729=AXIS2_PLACEMENT_3D('',#2730,#2731,#2732);
#2730=CARTESIAN_POINT('',(0.,0.,0.));
#2731=DIRECTION('',(1.,0.,-1.83697019872103E-16));
#2732=DIRECTION('',(-1.83697019872103E-16,1.22464679914735E-16,-1.));
#2733=FACE_BOUND('',#2734,.T.);
#2734=EDGE_LOOP('',(#5082,#5083,#5084,#5085,#5086));
#2735=CYLINDRICAL_SURFACE('',#2736,6.2499999987019);
#2736=AXIS2_PLACEMENT_3D('',#2737,#2738,#2739);
#2737=CARTESIAN_POINT('',(-16.,-1.53080839757969E-17,0.249999998701898));
#2738=DIRECTION('',(1.,0.,-1.83697019872103E-16));
#2739=DIRECTION('',(-1.10218211870328E-16,-0.800000000216118,-0.599999999711843));
#2740=FACE_BOUND('',#2741,.T.);
#2741=EDGE_LOOP('',(#5087,#5088,#5089,#5090));
#2742=PLANE('',#2743);
#2743=AXIS2_PLACEMENT_3D('',#2744,#2745,#2746);
#2744=CARTESIAN_POINT('',(-16.,0.,2.93915231795365E-15));
#2745=DIRECTION('',(1.,0.,-1.83697019872103E-16));
#2746=DIRECTION('',(-1.83697019872103E-16,1.22464679914735E-16,-1.));
#2747=FACE_BOUND('',#2748,.T.);
#2748=EDGE_LOOP('',(#5091,#5092,#5093,#5094,#5095));
#2749=CYLINDRICAL_SURFACE('',#2750,6.2499999987019);
#2750=AXIS2_PLACEMENT_3D('',#2751,#2752,#2753);
#2751=CARTESIAN_POINT('',(-16.,1.53080891254809E-17,-0.249999998701892));
#2752=DIRECTION('',(1.,0.,-1.83697019872103E-16));
#2753=DIRECTION('',(1.10218211896186E-16,0.800000000110547,0.599999999852604));
#2754=FACE_BOUND('',#2755,.T.);
#2755=EDGE_LOOP('',(#5096,#5097,#5098));
#2756=PLANE('',#2757);
#2757=AXIS2_PLACEMENT_3D('',#2758,#2759,#2760);
#2758=CARTESIAN_POINT('',(0.,0.,0.));
#2759=DIRECTION('',(1.,0.,-1.83697019872103E-16));
#2760=DIRECTION('',(-1.83697019872103E-16,1.22464679914735E-16,-1.));
#2761=FACE_BOUND('',#2762,.T.);
#2762=EDGE_LOOP('',(#5099,#5100,#5101));
#2763=PLANE('',#2764);
#2764=AXIS2_PLACEMENT_3D('',#2765,#2766,#2767);
#2765=CARTESIAN_POINT('',(0.,0.,0.));
#2766=DIRECTION('',(1.,0.,-1.83697019872103E-16));
#2767=DIRECTION('',(-1.83697019872103E-16,1.22464679914735E-16,-1.));
#2768=FACE_BOUND('',#2769,.T.);
#2769=EDGE_LOOP('',(#5102,#5103,#5104));
#2770=PLANE('',#2771);
#2771=AXIS2_PLACEMENT_3D('',#2772,#2773,#2774);
#2772=CARTESIAN_POINT('',(0.,0.,0.));
#2773=DIRECTION('',(1.,0.,-1.83697019872103E-16));
#2774=DIRECTION('',(-1.83697019872103E-16,1.22464679914735E-16,-1.));
#2775=FACE_BOUND('',#2776,.T.);
#2776=EDGE_LOOP('',(#5105,#5106,#5107,#5108,#5109));
#2777=FACE_BOUND('',#2778,.T.);
#2778=EDGE_LOOP('',(#5110));
#2779=PLANE('',#2780);
#2780=AXIS2_PLACEMENT_3D('',#2781,#2782,#2783);
#2781=CARTESIAN_POINT('',(-2.20436423846524E-15,1.46957615897682E-15,-12.));
#2782=DIRECTION('',(2.17540971751502E-32,1.,1.22464679914735E-16));
#2783=DIRECTION('',(1.83697019872103E-16,-1.22464679914735E-16,1.));
#2784=FACE_BOUND('',#2785,.T.);
#2785=EDGE_LOOP('',(#5111,#5112,#5113,#5114,#5115,#5116,#5117,#5118));
#2786=FACE_BOUND('',#2787,.T.);
#2787=EDGE_LOOP('',(#5119));
#2788=FACE_BOUND('',#2789,.T.);
#2789=EDGE_LOOP('',(#5120));
#2790=PLANE('',#2791);
#2791=AXIS2_PLACEMENT_3D('',#2792,#2793,#2794);
#2792=CARTESIAN_POINT('',(2.20436423846524E-15,-7.,12.));
#2793=DIRECTION('',(-2.62953635073671E-32,-1.,-1.48029736616688E-16));
#2794=DIRECTION('',(-1.83697019872103E-16,1.48029736616688E-16,-1.));
#2795=FACE_OUTER_BOUND('',#2796,.T.);
#2796=EDGE_LOOP('',(#5121));
#2797=FACE_OUTER_BOUND('',#2798,.T.);
#2798=EDGE_LOOP('',(#5122));
#2799=CYLINDRICAL_SURFACE('',#2800,1.6);
#2800=AXIS2_PLACEMENT_3D('',#2801,#2802,#2803);
#2801=CARTESIAN_POINT('',(-6.,-33.,-7.99999999999999));
#2802=DIRECTION('',(-2.6295363507367E-32,-1.,1.48029736616688E-16));
#2803=DIRECTION('',(1.,-2.6295363507367E-32,3.8924957342356E-48));
#2804=FACE_BOUND('',#2805,.T.);
#2805=EDGE_LOOP('',(#5123,#5124,#5125,#5126));
#2806=PLANE('',#2807);
#2807=AXIS2_PLACEMENT_3D('',#2808,#2809,#2810);
#2808=CARTESIAN_POINT('',(9.,0.,-1.65327317884893E-15));
#2809=DIRECTION('',(1.,0.,-1.83697019872103E-16));
#2810=DIRECTION('',(-1.83697019872103E-16,1.22464679914735E-16,-1.));
#2811=FACE_BOUND('',#2812,.T.);
#2812=EDGE_LOOP('',(#5127,#5128,#5129,#5130));
#2813=PLANE('',#2814);
#2814=AXIS2_PLACEMENT_3D('',#2815,#2816,#2817);
#2815=CARTESIAN_POINT('',(-2.20436423846524E-15,-7.,-12.));
#2816=DIRECTION('',(-1.77635683940025E-16,0.,-1.));
#2817=DIRECTION('',(0.,1.,0.));
#2818=FACE_BOUND('',#2819,.T.);
#2819=EDGE_LOOP('',(#5131,#5132,#5133,#5134,#5135,#5136));
#2820=PLANE('',#2821);
#2821=AXIS2_PLACEMENT_3D('',#2822,#2823,#2824);
#2822=CARTESIAN_POINT('',(-14.,0.,2.57175827820944E-15));
#2823=DIRECTION('',(1.,0.,-1.83697019872103E-16));
#2824=DIRECTION('',(-1.83697019872103E-16,1.22464679914735E-16,-1.));
#2825=FACE_BOUND('',#2826,.T.);
#2826=EDGE_LOOP('',(#5137,#5138,#5139,#5140));
#2827=CYLINDRICAL_SURFACE('',#2828,6.24999999967128);
#2828=AXIS2_PLACEMENT_3D('',#2829,#2830,#2831);
#2829=CARTESIAN_POINT('',(-17.,2.0909686889017E-10,0.249999999671287));
#2830=DIRECTION('',(-1.,0.,1.83697019872103E-16));
#2831=DIRECTION('',(-1.83697019872103E-16,1.22464679914735E-16,-1.));
#2832=FACE_BOUND('',#2833,.T.);
#2833=EDGE_LOOP('',(#5141,#5142,#5143,#5144));
#2834=PLANE('',#2835);
#2835=AXIS2_PLACEMENT_3D('',#2836,#2837,#2838);
#2836=CARTESIAN_POINT('',(-1.10218211923262E-15,7.34788079488412E-16,-6.));
#2837=DIRECTION('',(1.77635683940025E-16,-1.77635683940025E-16,1.));
#2838=DIRECTION('',(-3.94430452610506E-32,-1.,-1.77635683940025E-16));
#2839=FACE_BOUND('',#2840,.T.);
#2840=EDGE_LOOP('',(#5145,#5146,#5147,#5148));
#2841=PLANE('',#2842);
#2842=AXIS2_PLACEMENT_3D('',#2843,#2844,#2845);
#2843=CARTESIAN_POINT('',(2.20436423846524E-15,-1.46957615897682E-15,12.));
#2844=DIRECTION('',(1.77635683940025E-16,-2.53765262771464E-16,1.));
#2845=DIRECTION('',(-5.63472075157866E-32,-1.,-2.53765262771464E-16));
#2846=FACE_OUTER_BOUND('',#2847,.T.);
#2847=EDGE_LOOP('',(#5149));
#2848=FACE_OUTER_BOUND('',#2849,.T.);
#2849=EDGE_LOOP('',(#5150));
#2850=CYLINDRICAL_SURFACE('',#2851,1.6);
#2851=AXIS2_PLACEMENT_3D('',#2852,#2853,#2854);
#2852=CARTESIAN_POINT('',(-6.,-33.,7.99999999999999));
#2853=DIRECTION('',(2.6295363507367E-32,1.,1.48029736616688E-16));
#2854=DIRECTION('',(1.,-2.6295363507367E-32,-3.8924957342356E-48));
#2855=FACE_BOUND('',#2856,.T.);
#2856=EDGE_LOOP('',(#5151,#5152,#5153,#5154,#5155,#5156,#5157,#5158));
#2857=PLANE('',#2858);
#2858=AXIS2_PLACEMENT_3D('',#2859,#2860,#2861);
#2859=CARTESIAN_POINT('',(-1.10218211923262E-15,-5.,-6.));
#2860=DIRECTION('',(2.62953635073671E-32,1.,1.48029736616688E-16));
#2861=DIRECTION('',(1.83697019872103E-16,-1.48029736616688E-16,1.));
#2862=FACE_BOUND('',#2863,.T.);
#2863=EDGE_LOOP('',(#5159,#5160,#5161,#5162));
#2864=PLANE('',#2865);
#2865=AXIS2_PLACEMENT_3D('',#2866,#2867,#2868);
#2866=CARTESIAN_POINT('',(1.10218211923262E-15,-5.,6.));
#2867=DIRECTION('',(-1.77635683940025E-16,1.77635683940025E-16,-1.));
#2868=DIRECTION('',(3.94430452610506E-32,1.,1.77635683940025E-16));
#2869=FACE_BOUND('',#2870,.T.);
#2870=EDGE_LOOP('',(#5163,#5164,#5165,#5166,#5167));
#2871=FACE_BOUND('',#2872,.T.);
#2872=EDGE_LOOP('',(#5168));
#2873=PLANE('',#2874);
#2874=AXIS2_PLACEMENT_3D('',#2875,#2876,#2877);
#2875=CARTESIAN_POINT('',(1.10218211923262E-15,-7.34788079488412E-16,6.));
#2876=DIRECTION('',(2.17540971751502E-32,1.,1.22464679914735E-16));
#2877=DIRECTION('',(1.83697019872103E-16,-1.22464679914735E-16,1.));
#2878=FACE_BOUND('',#2879,.T.);
#2879=EDGE_LOOP('',(#5169,#5170,#5171,#5172));
#2880=CYLINDRICAL_SURFACE('',#2881,6.24999999967128);
#2881=AXIS2_PLACEMENT_3D('',#2882,#2883,#2884);
#2882=CARTESIAN_POINT('',(-17.,8.54630159951108E-16,-0.249999999671282));
#2883=DIRECTION('',(-1.,0.,1.83697019872103E-16));
#2884=DIRECTION('',(1.10218211916314E-16,-0.800000000028365,0.599999999962181));
#2885=FACE_BOUND('',#2886,.T.);
#2886=EDGE_LOOP('',(#5173,#5174,#5175));
#2887=PLANE('',#2888);
#2888=AXIS2_PLACEMENT_3D('',#2889,#2890,#2891);
#2889=CARTESIAN_POINT('',(0.,0.,0.));
#2890=DIRECTION('',(1.,0.,-1.83697019872103E-16));
#2891=DIRECTION('',(-1.83697019872103E-16,1.22464679914735E-16,-1.));
#2892=FACE_BOUND('',#2893,.T.);
#2893=EDGE_LOOP('',(#5176,#5177,#5178));
#2894=PLANE('',#2895);
#2895=AXIS2_PLACEMENT_3D('',#2896,#2897,#2898);
#2896=CARTESIAN_POINT('',(0.,0.,0.));
#2897=DIRECTION('',(1.,0.,-1.83697019872103E-16));
#2898=DIRECTION('',(-1.83697019872103E-16,1.22464679914735E-16,-1.));
#2899=FACE_BOUND('',#2900,.T.);
#2900=EDGE_LOOP('',(#5179,#5180,#5181,#5182,#5183));
#2901=CYLINDRICAL_SURFACE('',#2902,6.);
#2902=AXIS2_PLACEMENT_3D('',#2903,#2904,#2905);
#2903=CARTESIAN_POINT('',(3.,24.,6.00000000000001));
#2904=DIRECTION('',(0.,1.,2.58379176640036E-16));
#2905=DIRECTION('',(2.96059473233375E-16,-2.58379176640036E-16,1.));
#2906=FACE_BOUND('',#2907,.T.);
#2907=EDGE_LOOP('',(#5184,#5185,#5186,#5187,#5188));
#2908=CYLINDRICAL_SURFACE('',#2909,6.);
#2909=AXIS2_PLACEMENT_3D('',#2910,#2911,#2912);
#2910=CARTESIAN_POINT('',(3.,-31.,-6.));
#2911=DIRECTION('',(3.22973970800046E-17,-1.,-3.22973970800046E-17));
#2912=DIRECTION('',(-1.04312185814349E-33,3.22973970800046E-17,-1.));
#2913=FACE_BOUND('',#2914,.T.);
#2914=EDGE_LOOP('',(#5189,#5190,#5191,#5192));
#2915=CYLINDRICAL_SURFACE('',#2916,6.);
#2916=AXIS2_PLACEMENT_3D('',#2917,#2918,#2919);
#2917=CARTESIAN_POINT('',(-8.,-31.,-6.));
#2918=DIRECTION('',(3.22973970800046E-17,1.,0.));
#2919=DIRECTION('',(-2.96059473233375E-16,9.56195036631529E-33,-1.));
#2920=FACE_BOUND('',#2921,.T.);
#2921=EDGE_LOOP('',(#5193,#5194,#5195,#5196));
#2922=CYLINDRICAL_SURFACE('',#2923,6.);
#2923=AXIS2_PLACEMENT_3D('',#2924,#2925,#2926);
#2924=CARTESIAN_POINT('',(-8.,24.,6.00000000000001));
#2925=DIRECTION('',(3.22973970800046E-17,-1.,-2.90676573720041E-16));
#2926=DIRECTION('',(9.38809672329138E-33,-2.90676573720041E-16,1.));
#2927=FACE_OUTER_BOUND('',#2928,.T.);
#2928=EDGE_LOOP('',(#5197));
#2929=FACE_OUTER_BOUND('',#2930,.T.);
#2930=EDGE_LOOP('',(#5198));
#2931=CYLINDRICAL_SURFACE('',#2932,1.6);
#2932=AXIS2_PLACEMENT_3D('',#2933,#2934,#2935);
#2933=CARTESIAN_POINT('',(-6.,-33.,-7.99999999999999));
#2934=DIRECTION('',(-2.6295363507367E-32,-1.,1.48029736616688E-16));
#2935=DIRECTION('',(1.,-2.6295363507367E-32,3.8924957342356E-48));
#2936=FACE_BOUND('',#2937,.T.);
#2937=EDGE_LOOP('',(#5199,#5200,#5201,#5202,#5203,#5204,#5205,#5206));
#2938=FACE_BOUND('',#2939,.T.);
#2939=EDGE_LOOP('',(#5207,#5208,#5209,#5210,#5211,#5212));
#2940=FACE_BOUND('',#2941,.T.);
#2941=EDGE_LOOP('',(#5213,#5214,#5215,#5216,#5217,#5218));
#2942=PLANE('',#2943);
#2943=AXIS2_PLACEMENT_3D('',#2944,#2945,#2946);
#2944=CARTESIAN_POINT('',(-2.20436423846524E-15,7.,-12.));
#2945=DIRECTION('',(2.6295363507367E-32,1.,1.48029736616688E-16));
#2946=DIRECTION('',(1.83697019872103E-16,-1.48029736616688E-16,1.));
#2947=FACE_BOUND('',#2948,.T.);
#2948=EDGE_LOOP('',(#5219,#5220,#5221,#5222,#5223,#5224));
#2949=FACE_BOUND('',#2950,.T.);
#2950=EDGE_LOOP('',(#5225));
#2951=PLANE('',#2952);
#2952=AXIS2_PLACEMENT_3D('',#2953,#2954,#2955);
#2953=CARTESIAN_POINT('',(-7.88860905221011E-32,4.,-1.33226762955019E-15));
#2954=DIRECTION('',(-2.6295363507367E-32,-1.,1.48029736616688E-16));
#2955=DIRECTION('',(6.12323399573677E-17,-1.48029736616688E-16,-1.));
#2956=FACE_BOUND('',#2957,.T.);
#2957=EDGE_LOOP('',(#5226,#5227,#5228,#5229));
#2958=PLANE('',#2959);
#2959=AXIS2_PLACEMENT_3D('',#2960,#2961,#2962);
#2960=CARTESIAN_POINT('',(-7.64544826719043,4.,-10.85));
#2961=DIRECTION('',(0.,0.,1.));
#2962=DIRECTION('',(1.,0.,0.));
#2963=FACE_BOUND('',#2964,.T.);
#2964=EDGE_LOOP('',(#5230,#5231,#5232,#5233));
#2965=PLANE('',#2966);
#2966=AXIS2_PLACEMENT_3D('',#2967,#2968,#2969);
#2967=CARTESIAN_POINT('',(-9.29089653438087,4.,-8.));
#2968=DIRECTION('',(0.866025403784439,1.48029736616687E-16,0.499999999999999));
#2969=DIRECTION('',(0.499999999999999,-1.34944749921654E-16,-0.866025403784439));
#2970=FACE_BOUND('',#2971,.T.);
#2971=EDGE_LOOP('',(#5234,#5235,#5236,#5237));
#2972=PLANE('',#2973);
#2973=AXIS2_PLACEMENT_3D('',#2974,#2975,#2976);
#2974=CARTESIAN_POINT('',(-7.64544826719043,4.,-5.15));
#2975=DIRECTION('',(0.866025403784439,-1.48029736616688E-16,-0.5));
#2976=DIRECTION('',(-0.5,-1.34944749921654E-16,-0.866025403784439));
#2977=FACE_BOUND('',#2978,.T.);
#2978=EDGE_LOOP('',(#5238,#5239,#5240,#5241));
#2979=PLANE('',#2980);
#2980=AXIS2_PLACEMENT_3D('',#2981,#2982,#2983);
#2981=CARTESIAN_POINT('',(-4.35455173280957,4.,-5.15));
#2982=DIRECTION('',(-8.09668499529922E-16,0.,-1.));
#2983=DIRECTION('',(-1.,0.,8.09668499529922E-16));
#2984=FACE_BOUND('',#2985,.T.);
#2985=EDGE_LOOP('',(#5242,#5243,#5244,#5245));
#2986=PLANE('',#2987);
#2987=AXIS2_PLACEMENT_3D('',#2988,#2989,#2990);
#2988=CARTESIAN_POINT('',(-2.70910346561913,4.,-8.));
#2989=DIRECTION('',(-0.866025403784439,0.,-0.5));
#2990=DIRECTION('',(-0.5,1.34944749921654E-16,0.866025403784439));
#2991=FACE_BOUND('',#2992,.T.);
#2992=EDGE_LOOP('',(#5246,#5247,#5248,#5249));
#2993=PLANE('',#2994);
#2994=AXIS2_PLACEMENT_3D('',#2995,#2996,#2997);
#2995=CARTESIAN_POINT('',(-4.35455173280957,4.,-10.85));
#2996=DIRECTION('',(-0.866025403784439,0.,0.5));
#2997=DIRECTION('',(0.5,1.34944749921654E-16,0.866025403784439));
#2998=FACE_BOUND('',#2999,.T.);
#2999=EDGE_LOOP('',(#5250,#5251,#5252,#5253,#5254));
#3000=FACE_BOUND('',#3001,.T.);
#3001=EDGE_LOOP('',(#5255));
#3002=PLANE('',#3003);
#3003=AXIS2_PLACEMENT_3D('',#3004,#3005,#3006);
#3004=CARTESIAN_POINT('',(-1.10218211923262E-15,7.34788079488412E-16,-6.));
#3005=DIRECTION('',(-2.17540971751502E-32,-1.,-1.22464679914735E-16));
#3006=DIRECTION('',(-1.83697019872103E-16,1.22464679914735E-16,-1.));
#3007=FACE_BOUND('',#3008,.T.);
#3008=EDGE_LOOP('',(#5256,#5257,#5258,#5259));
#3009=PLANE('',#3010);
#3010=AXIS2_PLACEMENT_3D('',#3011,#3012,#3013);
#3011=CARTESIAN_POINT('',(9.,0.,-1.65327317884893E-15));
#3012=DIRECTION('',(1.,0.,-1.83697019872103E-16));
#3013=DIRECTION('',(-1.83697019872103E-16,1.22464679914735E-16,-1.));
#3014=FACE_BOUND('',#3015,.T.);
#3015=EDGE_LOOP('',(#5260,#5261,#5262,#5263));
#3016=PLANE('',#3017);
#3017=AXIS2_PLACEMENT_3D('',#3018,#3019,#3020);
#3018=CARTESIAN_POINT('',(-2.20436423846524E-15,1.46957615897682E-15,-12.));
#3019=DIRECTION('',(-1.77635683940025E-16,0.,-1.));
#3020=DIRECTION('',(0.,1.,0.));
#3021=FACE_BOUND('',#3022,.T.);
#3022=EDGE_LOOP('',(#5264,#5265,#5266,#5267,#5268,#5269));
#3023=PLANE('',#3024);
#3024=AXIS2_PLACEMENT_3D('',#3025,#3026,#3027);
#3025=CARTESIAN_POINT('',(-14.,0.,2.57175827820944E-15));
#3026=DIRECTION('',(1.,0.,-1.83697019872103E-16));
#3027=DIRECTION('',(-1.83697019872103E-16,1.22464679914735E-16,-1.));
#3028=FACE_BOUND('',#3029,.T.);
#3029=EDGE_LOOP('',(#5270,#5271,#5272,#5273));
#3030=PLANE('',#3031);
#3031=AXIS2_PLACEMENT_3D('',#3032,#3033,#3034);
#3032=CARTESIAN_POINT('',(2.20436423846524E-15,7.,12.));
#3033=DIRECTION('',(1.77635683940025E-16,0.,1.));
#3034=DIRECTION('',(0.,-1.,0.));
#3035=FACE_BOUND('',#3036,.T.);
#3036=EDGE_LOOP('',(#5274,#5275,#5276,#5277));
#3037=PLANE('',#3038);
#3038=AXIS2_PLACEMENT_3D('',#3039,#3040,#3041);
#3039=CARTESIAN_POINT('',(-4.35455173280957,4.,10.85));
#3040=DIRECTION('',(0.866025403784439,0.,0.5));
#3041=DIRECTION('',(0.5,1.34944749921654E-16,-0.866025403784439));
#3042=FACE_BOUND('',#3043,.T.);
#3043=EDGE_LOOP('',(#5278,#5279,#5280,#5281));
#3044=PLANE('',#3045);
#3045=AXIS2_PLACEMENT_3D('',#3046,#3047,#3048);
#3046=CARTESIAN_POINT('',(-7.64544826719043,4.,10.85));
#3047=DIRECTION('',(0.,0.,1.));
#3048=DIRECTION('',(1.,0.,0.));
#3049=FACE_BOUND('',#3050,.T.);
#3050=EDGE_LOOP('',(#5282,#5283,#5284,#5285));
#3051=PLANE('',#3052);
#3052=AXIS2_PLACEMENT_3D('',#3053,#3054,#3055);
#3053=CARTESIAN_POINT('',(-9.29089653438087,4.,8.));
#3054=DIRECTION('',(-0.866025403784439,-1.48029736616687E-16,0.499999999999999));
#3055=DIRECTION('',(0.499999999999999,-1.34944749921654E-16,0.866025403784439));
#3056=FACE_BOUND('',#3057,.T.);
#3057=EDGE_LOOP('',(#5286,#5287,#5288,#5289));
#3058=PLANE('',#3059);
#3059=AXIS2_PLACEMENT_3D('',#3060,#3061,#3062);
#3060=CARTESIAN_POINT('',(-7.64544826719043,4.,5.15));
#3061=DIRECTION('',(-0.866025403784439,1.48029736616688E-16,-0.5));
#3062=DIRECTION('',(-0.5,-1.34944749921654E-16,0.866025403784439));
#3063=FACE_BOUND('',#3064,.T.);
#3064=EDGE_LOOP('',(#5290,#5291,#5292,#5293));
#3065=PLANE('',#3066);
#3066=AXIS2_PLACEMENT_3D('',#3067,#3068,#3069);
#3067=CARTESIAN_POINT('',(-4.35455173280957,4.,5.15));
#3068=DIRECTION('',(8.09668499529922E-16,0.,-1.));
#3069=DIRECTION('',(-1.,0.,-8.09668499529922E-16));
#3070=FACE_BOUND('',#3071,.T.);
#3071=EDGE_LOOP('',(#5294,#5295,#5296,#5297));
#3072=PLANE('',#3073);
#3073=AXIS2_PLACEMENT_3D('',#3074,#3075,#3076);
#3074=CARTESIAN_POINT('',(-2.70910346561913,4.,8.));
#3075=DIRECTION('',(0.866025403784439,0.,-0.5));
#3076=DIRECTION('',(-0.5,1.34944749921654E-16,-0.866025403784439));
#3077=FACE_BOUND('',#3078,.T.);
#3078=EDGE_LOOP('',(#5298,#5299,#5300,#5301));
#3079=PLANE('',#3080);
#3080=AXIS2_PLACEMENT_3D('',#3081,#3082,#3083);
#3081=CARTESIAN_POINT('',(-1.10218211923262E-15,5.,-6.));
#3082=DIRECTION('',(1.77635683940025E-16,-1.77635683947454E-16,1.));
#3083=DIRECTION('',(-3.94430452627001E-32,-1.,-1.77635683947454E-16));
#3084=FACE_BOUND('',#3085,.T.);
#3085=EDGE_LOOP('',(#5302,#5303,#5304,#5305));
#3086=CYLINDRICAL_SURFACE('',#3087,6.24999999967128);
#3087=AXIS2_PLACEMENT_3D('',#3088,#3089,#3090);
#3088=CARTESIAN_POINT('',(-15.,2.0909686889017E-10,0.249999999671287));
#3089=DIRECTION('',(-1.,0.,1.83697019872103E-16));
#3090=DIRECTION('',(-1.10218211920792E-16,0.800000000010083,-0.599999999986557));
#3091=FACE_BOUND('',#3092,.T.);
#3092=EDGE_LOOP('',(#5306,#5307,#5308,#5309,#5310));
#3093=FACE_BOUND('',#3094,.T.);
#3094=EDGE_LOOP('',(#5311));
#3095=PLANE('',#3096);
#3096=AXIS2_PLACEMENT_3D('',#3097,#3098,#3099);
#3097=CARTESIAN_POINT('',(2.20436423846524E-15,-1.46957615897682E-15,12.));
#3098=DIRECTION('',(-2.17540971751502E-32,-1.,-1.22464679914735E-16));
#3099=DIRECTION('',(-1.83697019872103E-16,1.22464679914735E-16,-1.));
#3100=FACE_BOUND('',#3101,.T.);
#3101=EDGE_LOOP('',(#5312,#5313,#5314,#5315));
#3102=PLANE('',#3103);
#3103=AXIS2_PLACEMENT_3D('',#3104,#3105,#3106);
#3104=CARTESIAN_POINT('',(1.10218211923262E-15,1.53390340211713E-16,6.));
#3105=DIRECTION('',(-1.77635683940025E-16,1.77635683940025E-16,-1.));
#3106=DIRECTION('',(3.94430452610506E-32,1.,1.77635683940025E-16));
#3107=FACE_BOUND('',#3108,.T.);
#3108=EDGE_LOOP('',(#5316,#5317,#5318,#5319,#5320,#5321,#5322,#5323));
#3109=PLANE('',#3110);
#3110=AXIS2_PLACEMENT_3D('',#3111,#3112,#3113);
#3111=CARTESIAN_POINT('',(1.10218211923262E-15,5.,6.));
#3112=DIRECTION('',(0.,-1.,0.));
#3113=DIRECTION('',(-1.83697019872103E-16,0.,-1.));
#3114=FACE_BOUND('',#3115,.T.);
#3115=EDGE_LOOP('',(#5324,#5325,#5326,#5327));
#3116=CYLINDRICAL_SURFACE('',#3117,6.24999999967128);
#3117=AXIS2_PLACEMENT_3D('',#3118,#3119,#3120);
#3118=CARTESIAN_POINT('',(-15.,8.54630159951108E-16,-0.249999999671282));
#3119=DIRECTION('',(-1.,0.,1.83697019872103E-16));
#3120=DIRECTION('',(1.83697019872103E-16,0.,1.));
#3121=FACE_BOUND('',#3122,.T.);
#3122=EDGE_LOOP('',(#5328,#5329,#5330,#5331,#5332,#5333));
#3123=FACE_BOUND('',#3124,.T.);
#3124=EDGE_LOOP('',(#5334));
#3125=PLANE('',#3126);
#3126=AXIS2_PLACEMENT_3D('',#3127,#3128,#3129);
#3127=CARTESIAN_POINT('',(-7.88860905221011E-32,4.,1.33226762955019E-15));
#3128=DIRECTION('',(2.6295363507367E-32,1.,1.48029736616688E-16));
#3129=DIRECTION('',(6.12323399573677E-17,-1.48029736616688E-16,1.));
#3130=FACE_BOUND('',#3131,.T.);
#3131=EDGE_LOOP('',(#5335,#5336,#5337));
#3132=PLANE('',#3133);
#3133=AXIS2_PLACEMENT_3D('',#3134,#3135,#3136);
#3134=CARTESIAN_POINT('',(0.,0.,0.));
#3135=DIRECTION('',(1.,0.,-1.83697019872103E-16));
#3136=DIRECTION('',(-1.83697019872103E-16,1.22464679914735E-16,-1.));
#3137=FACE_OUTER_BOUND('',#3138,.T.);
#3138=EDGE_LOOP('',(#5338));
#3139=FACE_OUTER_BOUND('',#3140,.T.);
#3140=EDGE_LOOP('',(#5339));
#3141=CYLINDRICAL_SURFACE('',#3142,1.6);
#3142=AXIS2_PLACEMENT_3D('',#3143,#3144,#3145);
#3143=CARTESIAN_POINT('',(-6.,-33.,7.99999999999999));
#3144=DIRECTION('',(2.6295363507367E-32,1.,1.48029736616688E-16));
#3145=DIRECTION('',(1.,-2.6295363507367E-32,-3.8924957342356E-48));
#3146=FACE_BOUND('',#3147,.T.);
#3147=EDGE_LOOP('',(#5340,#5341,#5342));
#3148=PLANE('',#3149);
#3149=AXIS2_PLACEMENT_3D('',#3150,#3151,#3152);
#3150=CARTESIAN_POINT('',(0.,0.,0.));
#3151=DIRECTION('',(1.,0.,-1.83697019872103E-16));
#3152=DIRECTION('',(-1.83697019872103E-16,1.22464679914735E-16,-1.));
#3153=FACE_BOUND('',#3154,.T.);
#3154=EDGE_LOOP('',(#5343,#5344,#5345,#5346,#5347));
#3155=CYLINDRICAL_SURFACE('',#3156,6.);
#3156=AXIS2_PLACEMENT_3D('',#3157,#3158,#3159);
#3157=CARTESIAN_POINT('',(3.,-24.,-6.));
#3158=DIRECTION('',(3.22973970800046E-17,-1.,0.));
#3159=DIRECTION('',(0.,0.,-1.));
#3160=FACE_BOUND('',#3161,.T.);
#3161=EDGE_LOOP('',(#5348,#5349,#5350,#5351,#5352));
#3162=CYLINDRICAL_SURFACE('',#3163,6.);
#3163=AXIS2_PLACEMENT_3D('',#3164,#3165,#3166);
#3164=CARTESIAN_POINT('',(3.,31.,6.));
#3165=DIRECTION('',(0.,1.,0.));
#3166=DIRECTION('',(2.96059473233375E-16,0.,1.));
#3167=FACE_BOUND('',#3168,.T.);
#3168=EDGE_LOOP('',(#5353,#5354,#5355,#5356));
#3169=CYLINDRICAL_SURFACE('',#3170,6.);
#3170=AXIS2_PLACEMENT_3D('',#3171,#3172,#3173);
#3171=CARTESIAN_POINT('',(-8.,-24.,-6.));
#3172=DIRECTION('',(3.22973970800046E-17,1.,3.22973970800046E-17));
#3173=DIRECTION('',(-2.96059473233375E-16,3.22973970800046E-17,-1.));
#3174=FACE_BOUND('',#3175,.T.);
#3175=EDGE_LOOP('',(#5357,#5358,#5359,#5360));
#3176=CYLINDRICAL_SURFACE('',#3177,6.);
#3177=AXIS2_PLACEMENT_3D('',#3178,#3179,#3180);
#3178=CARTESIAN_POINT('',(-8.,31.,6.));
#3179=DIRECTION('',(3.22973970800045E-17,-1.,0.));
#3180=DIRECTION('',(3.82478014652612E-32,0.,1.));
#3181=FACE_OUTER_BOUND('',#3182,.T.);
#3182=EDGE_LOOP('',(#5361));
#3183=FACE_OUTER_BOUND('',#3184,.T.);
#3184=EDGE_LOOP('',(#5362));
#3185=CYLINDRICAL_SURFACE('',#3186,1.);
#3186=AXIS2_PLACEMENT_3D('',#3187,#3188,#3189);
#3187=CARTESIAN_POINT('',(13.5,-20.,5.));
#3188=DIRECTION('',(0.,1.,6.12323399573677E-17));
#3189=DIRECTION('',(1.,0.,0.));
#3190=FACE_BOUND('',#3191,.T.);
#3191=EDGE_LOOP('',(#5363));
#3192=PLANE('',#3193);
#3193=AXIS2_PLACEMENT_3D('',#3194,#3195,#3196);
#3194=CARTESIAN_POINT('',(0.,0.,0.));
#3195=DIRECTION('',(0.,1.,6.12323399573677E-17));
#3196=DIRECTION('',(1.,0.,0.));
#3197=FACE_BOUND('',#3198,.T.);
#3198=EDGE_LOOP('',(#5364));
#3199=PLANE('',#3200);
#3200=AXIS2_PLACEMENT_3D('',#3201,#3202,#3203);
#3201=CARTESIAN_POINT('',(0.,-20.,-1.22464679914735E-15));
#3202=DIRECTION('',(0.,1.,6.12323399573677E-17));
#3203=DIRECTION('',(1.,0.,0.));
#3204=FACE_OUTER_BOUND('',#3205,.T.);
#3205=EDGE_LOOP('',(#5365));
#3206=FACE_OUTER_BOUND('',#3207,.T.);
#3207=EDGE_LOOP('',(#5366));
#3208=CYLINDRICAL_SURFACE('',#3209,6.5);
#3209=AXIS2_PLACEMENT_3D('',#3210,#3211,#3212);
#3210=CARTESIAN_POINT('',(10.,0.,-3.55147571752732E-15));
#3211=DIRECTION('',(1.,0.,6.12323399573677E-17));
#3212=DIRECTION('',(6.12323399573677E-17,0.,-1.));
#3213=FACE_OUTER_BOUND('',#3214,.T.);
#3214=EDGE_LOOP('',(#5367));
#3215=FACE_BOUND('',#3216,.T.);
#3216=EDGE_LOOP('',(#5368,#5369,#5370,#5371));
#3217=FACE_OUTER_BOUND('',#3218,.T.);
#3218=EDGE_LOOP('',(#5372));
#3219=CYLINDRICAL_SURFACE('',#3220,0.8);
#3220=AXIS2_PLACEMENT_3D('',#3221,#3222,#3223);
#3221=CARTESIAN_POINT('',(10.,-5.,-3.55147571752732E-15));
#3222=DIRECTION('',(1.,0.,6.12323399573677E-17));
#3223=DIRECTION('',(-6.10360819526619E-17,0.0800000000000001,0.996794863550169));
#3224=FACE_BOUND('',#3225,.T.);
#3225=EDGE_LOOP('',(#5373,#5374,#5375,#5376,#5377,#5378));
#3226=FACE_BOUND('',#3227,.T.);
#3227=EDGE_LOOP('',(#5379,#5380));
#3228=PLANE('',#3229);
#3229=AXIS2_PLACEMENT_3D('',#3230,#3231,#3232);
#3230=CARTESIAN_POINT('',(19.,0.,-6.12323399573677E-17));
#3231=DIRECTION('',(1.,0.,6.12323399573677E-17));
#3232=DIRECTION('',(6.12323399573677E-17,0.,-1.));
#3233=FACE_BOUND('',#3234,.T.);
#3234=EDGE_LOOP('',(#5381,#5382,#5383,#5384));
#3235=PLANE('',#3236);
#3236=AXIS2_PLACEMENT_3D('',#3237,#3238,#3239);
#3237=CARTESIAN_POINT('',(19.,3.59999999976186,2.07846096894516));
#3238=DIRECTION('',(0.,0.5,0.866025403784439));
#3239=DIRECTION('',(0.,-0.866025403784439,0.5));
#3240=FACE_BOUND('',#3241,.T.);
#3241=EDGE_LOOP('',(#5385,#5386,#5387,#5388));
#3242=PLANE('',#3243);
#3243=AXIS2_PLACEMENT_3D('',#3244,#3245,#3246);
#3244=CARTESIAN_POINT('',(19.,-6.55870592862445E-17,4.15692193789033));
#3245=DIRECTION('',(-1.92296268638356E-16,-0.5,0.866025403784439));
#3246=DIRECTION('',(0.,-0.866025403784439,-0.5));
#3247=FACE_BOUND('',#3248,.T.);
#3248=EDGE_LOOP('',(#5389,#5390,#5391,#5392));
#3249=PLANE('',#3250);
#3250=AXIS2_PLACEMENT_3D('',#3251,#3252,#3253);
#3251=CARTESIAN_POINT('',(19.,-3.59999999976186,2.07846096894516));
#3252=DIRECTION('',(0.,-1.,2.13662520723418E-16));
#3253=DIRECTION('',(0.,-2.13662520723418E-16,-1.));
#3254=FACE_BOUND('',#3255,.T.);
#3255=EDGE_LOOP('',(#5393,#5394,#5395,#5396));
#3256=PLANE('',#3257);
#3257=AXIS2_PLACEMENT_3D('',#3258,#3259,#3260);
#3258=CARTESIAN_POINT('',(19.,-3.59999999976186,-2.07846096894517));
#3259=DIRECTION('',(0.,-0.5,-0.866025403784439));
#3260=DIRECTION('',(0.,0.866025403784439,-0.5));
#3261=FACE_BOUND('',#3262,.T.);
#3262=EDGE_LOOP('',(#5397,#5398,#5399,#5400));
#3263=PLANE('',#3264);
#3264=AXIS2_PLACEMENT_3D('',#3265,#3266,#3267);
#3265=CARTESIAN_POINT('',(19.,-5.80667977263832E-17,-4.15692193789033));
#3266=DIRECTION('',(1.92296268638356E-16,0.5,-0.866025403784439));
#3267=DIRECTION('',(0.,0.866025403784439,0.5));
#3268=FACE_BOUND('',#3269,.T.);
#3269=EDGE_LOOP('',(#5401,#5402,#5403,#5404));
#3270=PLANE('',#3271);
#3271=AXIS2_PLACEMENT_3D('',#3272,#3273,#3274);
#3272=CARTESIAN_POINT('',(19.,3.59999999976186,-2.07846096894517));
#3273=DIRECTION('',(0.,1.,-2.13662520723418E-16));
#3274=DIRECTION('',(0.,2.13662520723418E-16,1.));
#3275=FACE_BOUND('',#3276,.T.);
#3276=EDGE_LOOP('',(#5405));
#3277=FACE_BOUND('',#3278,.T.);
#3278=EDGE_LOOP('',(#5406,#5407));
#3279=PLANE('',#3280);
#3280=AXIS2_PLACEMENT_3D('',#3281,#3282,#3283);
#3281=CARTESIAN_POINT('',(18.,0.,-1.22464679914735E-16));
#3282=DIRECTION('',(1.,0.,6.12323399573677E-17));
#3283=DIRECTION('',(6.12323399573677E-17,0.,-1.));
#3284=FACE_BOUND('',#3285,.T.);
#3285=EDGE_LOOP('',(#5408));
#3286=FACE_BOUND('',#3287,.T.);
#3287=EDGE_LOOP('',(#5409));
#3288=FACE_BOUND('',#3289,.T.);
#3289=EDGE_LOOP('',(#5410,#5411,#5412,#5413,#5414,#5415));
#3290=PLANE('',#3291);
#3291=AXIS2_PLACEMENT_3D('',#3292,#3293,#3294);
#3292=CARTESIAN_POINT('',(23.,0.,1.40834381901946E-15));
#3293=DIRECTION('',(1.,0.,6.12323399573677E-17));
#3294=DIRECTION('',(6.12323399573677E-17,-1.22464679914735E-16,-1.));
#3295=FACE_BOUND('',#3296,.T.);
#3296=EDGE_LOOP('',(#5416));
#3297=FACE_BOUND('',#3298,.T.);
#3298=EDGE_LOOP('',(#5417,#5418));
#3299=PLANE('',#3300);
#3300=AXIS2_PLACEMENT_3D('',#3301,#3302,#3303);
#3301=CARTESIAN_POINT('',(11.,0.,-5.51091059616309E-16));
#3302=DIRECTION('',(1.,0.,6.12323399573677E-17));
#3303=DIRECTION('',(6.12323399573677E-17,0.,-1.));
#3304=FACE_BOUND('',#3305,.T.);
#3305=EDGE_LOOP('',(#5419,#5420,#5421,#5422));
#3306=CYLINDRICAL_SURFACE('',#3307,5.);
#3307=AXIS2_PLACEMENT_3D('',#3308,#3309,#3310);
#3308=CARTESIAN_POINT('',(11.,0.,-3.49024337756996E-15));
#3309=DIRECTION('',(1.,0.,6.12323399573677E-17));
#3310=DIRECTION('',(9.76577311242586E-18,-0.9872,-0.159487178168027));
#3311=FACE_BOUND('',#3312,.T.);
#3312=EDGE_LOOP('',(#5423));
#3313=FACE_BOUND('',#3314,.T.);
#3314=EDGE_LOOP('',(#5424));
#3315=FACE_BOUND('',#3316,.T.);
#3316=EDGE_LOOP('',(#5425,#5426));
#3317=PLANE('',#3318);
#3318=AXIS2_PLACEMENT_3D('',#3319,#3320,#3321);
#3319=CARTESIAN_POINT('',(10.,0.,-6.12323399573677E-16));
#3320=DIRECTION('',(1.,0.,6.12323399573677E-17));
#3321=DIRECTION('',(6.12323399573677E-17,0.,-1.));
#3322=FACE_BOUND('',#3323,.T.);
#3323=EDGE_LOOP('',(#5427,#5428,#5429,#5430));
#3324=CYLINDRICAL_SURFACE('',#3325,1.5);
#3325=AXIS2_PLACEMENT_3D('',#3326,#3327,#3328);
#3326=CARTESIAN_POINT('',(10.,0.,-3.55147571752732E-15));
#3327=DIRECTION('',(1.,0.,6.12323399573677E-17));
#3328=DIRECTION('',(4.56398915220169E-17,-0.666666666666667,-0.74535599249993));
#3329=FACE_BOUND('',#3330,.T.);
#3330=EDGE_LOOP('',(#5431,#5432,#5433,#5434));
#3331=PLANE('',#3332);
#3332=AXIS2_PLACEMENT_3D('',#3333,#3334,#3335);
#3333=CARTESIAN_POINT('',(10.,-1.,1.11803398868158));
#3334=DIRECTION('',(7.34977753739158E-33,-1.,-9.93013661359583E-17));
#3335=DIRECTION('',(0.,9.93013661359583E-17,-1.));
#3336=FACE_OUTER_BOUND('',#3337,.T.);
#3337=EDGE_LOOP('',(#5435));
#3338=FACE_OUTER_BOUND('',#3339,.T.);
#3339=EDGE_LOOP('',(#5436));
#3340=CYLINDRICAL_SURFACE('',#3341,6.5);
#3341=AXIS2_PLACEMENT_3D('',#3342,#3343,#3344);
#3342=CARTESIAN_POINT('',(10.,0.,-3.55147571752732E-15));
#3343=DIRECTION('',(1.,0.,6.12323399573677E-17));
#3344=DIRECTION('',(6.12323399573677E-17,0.,-1.));
#3345=FACE_BOUND('',#3346,.T.);
#3346=EDGE_LOOP('',(#5437,#5438,#5439,#5440));
#3347=FACE_BOUND('',#3348,.T.);
#3348=EDGE_LOOP('',(#5441,#5442));
#3349=PLANE('',#3350);
#3350=AXIS2_PLACEMENT_3D('',#3351,#3352,#3353);
#3351=CARTESIAN_POINT('',(9.,0.,-1.65327317884893E-15));
#3352=DIRECTION('',(1.,0.,-1.83697019872103E-16));
#3353=DIRECTION('',(-1.83697019872103E-16,1.22464679914735E-16,-1.));
#3354=FACE_BOUND('',#3355,.T.);
#3355=EDGE_LOOP('',(#5443,#5444,#5445,#5446));
#3356=PLANE('',#3357);
#3357=AXIS2_PLACEMENT_3D('',#3358,#3359,#3360);
#3358=CARTESIAN_POINT('',(2.05379511836527E-16,-1.,1.11803398868158));
#3359=DIRECTION('',(-2.75616657652184E-32,-1.,-1.48952049203937E-16));
#3360=DIRECTION('',(-1.83697019872103E-16,1.48952049203937E-16,-1.));
#3361=FACE_BOUND('',#3362,.T.);
#3362=EDGE_LOOP('',(#5447,#5448,#5449,#5450));
#3363=CYLINDRICAL_SURFACE('',#3364,1.5);
#3364=AXIS2_PLACEMENT_3D('',#3365,#3366,#3367);
#3365=CARTESIAN_POINT('',(0.,0.,0.));
#3366=DIRECTION('',(1.,0.,-1.83697019872103E-16));
#3367=DIRECTION('',(-1.36919674566051E-16,-0.666666666666667,-0.74535599249993));
#3368=FACE_BOUND('',#3369,.T.);
#3369=EDGE_LOOP('',(#5451,#5452,#5453,#5454,#5455,#5456,#5457,#5458));
#3370=PLANE('',#3371);
#3371=AXIS2_PLACEMENT_3D('',#3372,#3373,#3374);
#3372=CARTESIAN_POINT('',(-1.10218211923262E-15,5.,-6.));
#3373=DIRECTION('',(2.92170705637412E-32,1.,1.48029736616688E-16));
#3374=DIRECTION('',(1.83697019872103E-16,-1.48029736616688E-16,1.));
#3375=FACE_BOUND('',#3376,.T.);
#3376=EDGE_LOOP('',(#5459,#5460,#5461,#5462,#5463));
#3377=PLANE('',#3378);
#3378=AXIS2_PLACEMENT_3D('',#3379,#3380,#3381);
#3379=CARTESIAN_POINT('',(1.10218211923262E-15,5.,6.));
#3380=DIRECTION('',(1.97372982155583E-16,-1.77635683940025E-16,1.));
#3381=DIRECTION('',(-3.94430452610506E-32,-1.,-1.77635683940025E-16));
#3382=FACE_BOUND('',#3383,.T.);
#3383=EDGE_LOOP('',(#5464,#5465,#5466,#5467,#5468,#5469,#5470,#5471));
#3384=PLANE('',#3385);
#3385=AXIS2_PLACEMENT_3D('',#3386,#3387,#3388);
#3386=CARTESIAN_POINT('',(1.10218211923262E-15,-5.,6.));
#3387=DIRECTION('',(-2.92170705637412E-32,-1.,-1.48029736616688E-16));
#3388=DIRECTION('',(-1.83697019872103E-16,1.48029736616688E-16,-1.));
#3389=FACE_BOUND('',#3390,.T.);
#3390=EDGE_LOOP('',(#5472,#5473,#5474,#5475,#5476));
#3391=PLANE('',#3392);
#3392=AXIS2_PLACEMENT_3D('',#3393,#3394,#3395);
#3393=CARTESIAN_POINT('',(-1.10218211923262E-15,-5.,-6.));
#3394=DIRECTION('',(-1.97372982155583E-16,1.77635683940025E-16,-1.));
#3395=DIRECTION('',(3.94430452610506E-32,1.,1.77635683940025E-16));
#3396=FACE_BOUND('',#3397,.T.);
#3397=EDGE_LOOP('',(#5477,#5478));
#3398=PLANE('',#3399);
#3399=AXIS2_PLACEMENT_3D('',#3400,#3401,#3402);
#3400=CARTESIAN_POINT('',(17.,0.,-3.12284933782575E-15));
#3401=DIRECTION('',(1.,0.,-1.83697019872103E-16));
#3402=DIRECTION('',(-1.83697019872103E-16,1.22464679914735E-16,-1.));
#3403=FACE_BOUND('',#3404,.T.);
#3404=EDGE_LOOP('',(#5479,#5480,#5481));
#3405=PLANE('',#3406);
#3406=AXIS2_PLACEMENT_3D('',#3407,#3408,#3409);
#3407=CARTESIAN_POINT('',(0.,0.,0.));
#3408=DIRECTION('',(1.,0.,-1.83697019872103E-16));
#3409=DIRECTION('',(-1.83697019872103E-16,1.22464679914735E-16,-1.));
#3410=FACE_BOUND('',#3411,.T.);
#3411=EDGE_LOOP('',(#5482,#5483,#5484,#5485,#5486));
#3412=CYLINDRICAL_SURFACE('',#3413,6.2499999987019);
#3413=AXIS2_PLACEMENT_3D('',#3414,#3415,#3416);
#3414=CARTESIAN_POINT('',(-16.,-1.53080839757969E-17,0.249999998701898));
#3415=DIRECTION('',(1.,0.,-1.83697019872103E-16));
#3416=DIRECTION('',(-1.10218211870328E-16,-0.800000000216118,-0.599999999711843));
#3417=FACE_BOUND('',#3418,.T.);
#3418=EDGE_LOOP('',(#5487,#5488,#5489,#5490));
#3419=PLANE('',#3420);
#3420=AXIS2_PLACEMENT_3D('',#3421,#3422,#3423);
#3421=CARTESIAN_POINT('',(-16.,0.,2.93915231795365E-15));
#3422=DIRECTION('',(1.,0.,-1.83697019872103E-16));
#3423=DIRECTION('',(-1.83697019872103E-16,1.22464679914735E-16,-1.));
#3424=FACE_BOUND('',#3425,.T.);
#3425=EDGE_LOOP('',(#5491,#5492,#5493,#5494,#5495));
#3426=CYLINDRICAL_SURFACE('',#3427,6.2499999987019);
#3427=AXIS2_PLACEMENT_3D('',#3428,#3429,#3430);
#3428=CARTESIAN_POINT('',(-16.,1.53080891254809E-17,-0.249999998701892));
#3429=DIRECTION('',(1.,0.,-1.83697019872103E-16));
#3430=DIRECTION('',(1.10218211896186E-16,0.800000000110547,0.599999999852604));
#3431=FACE_BOUND('',#3432,.T.);
#3432=EDGE_LOOP('',(#5496,#5497,#5498));
#3433=PLANE('',#3434);
#3434=AXIS2_PLACEMENT_3D('',#3435,#3436,#3437);
#3435=CARTESIAN_POINT('',(0.,0.,0.));
#3436=DIRECTION('',(1.,0.,-1.83697019872103E-16));
#3437=DIRECTION('',(-1.83697019872103E-16,1.22464679914735E-16,-1.));
#3438=FACE_BOUND('',#3439,.T.);
#3439=EDGE_LOOP('',(#5499,#5500,#5501));
#3440=PLANE('',#3441);
#3441=AXIS2_PLACEMENT_3D('',#3442,#3443,#3444);
#3442=CARTESIAN_POINT('',(0.,0.,0.));
#3443=DIRECTION('',(1.,0.,-1.83697019872103E-16));
#3444=DIRECTION('',(-1.83697019872103E-16,1.22464679914735E-16,-1.));
#3445=FACE_BOUND('',#3446,.T.);
#3446=EDGE_LOOP('',(#5502,#5503,#5504));
#3447=PLANE('',#3448);
#3448=AXIS2_PLACEMENT_3D('',#3449,#3450,#3451);
#3449=CARTESIAN_POINT('',(0.,0.,0.));
#3450=DIRECTION('',(1.,0.,-1.83697019872103E-16));
#3451=DIRECTION('',(-1.83697019872103E-16,1.22464679914735E-16,-1.));
#3452=FACE_OUTER_BOUND('',#3453,.T.);
#3453=EDGE_LOOP('',(#5505));
#3454=FACE_OUTER_BOUND('',#3455,.T.);
#3455=EDGE_LOOP('',(#5506));
#3456=CYLINDRICAL_SURFACE('',#3457,5.);
#3457=AXIS2_PLACEMENT_3D('',#3458,#3459,#3460);
#3458=CARTESIAN_POINT('',(10.,0.,-3.55147571752732E-15));
#3459=DIRECTION('',(1.,0.,6.12323399573677E-17));
#3460=DIRECTION('',(6.12323399573677E-17,0.,-1.));
#3461=FACE_OUTER_BOUND('',#3462,.T.);
#3462=EDGE_LOOP('',(#5507));
#3463=FACE_OUTER_BOUND('',#3464,.T.);
#3464=EDGE_LOOP('',(#5508));
#3465=CYLINDRICAL_SURFACE('',#3466,5.);
#3466=AXIS2_PLACEMENT_3D('',#3467,#3468,#3469);
#3467=CARTESIAN_POINT('',(10.,0.,-3.55147571752732E-15));
#3468=DIRECTION('',(1.,0.,6.12323399573677E-17));
#3469=DIRECTION('',(6.12323399573677E-17,0.,-1.));
#3470=FACE_BOUND('',#3471,.T.);
#3471=EDGE_LOOP('',(#5509));
#3472=FACE_BOUND('',#3473,.T.);
#3473=EDGE_LOOP('',(#5510));
#3474=PLANE('',#3475);
#3475=AXIS2_PLACEMENT_3D('',#3476,#3477,#3478);
#3476=CARTESIAN_POINT('',(16.,0.,-2.44929359829471E-16));
#3477=DIRECTION('',(1.,0.,6.12323399573677E-17));
#3478=DIRECTION('',(6.12323399573677E-17,0.,-1.));
#3479=FACE_BOUND('',#3480,.T.);
#3480=EDGE_LOOP('',(#5511));
#3481=FACE_BOUND('',#3482,.T.);
#3482=EDGE_LOOP('',(#5512));
#3483=PLANE('',#3484);
#3484=AXIS2_PLACEMENT_3D('',#3485,#3486,#3487);
#3485=CARTESIAN_POINT('',(11.,0.,-5.51091059616309E-16));
#3486=DIRECTION('',(1.,0.,6.12323399573677E-17));
#3487=DIRECTION('',(6.12323399573677E-17,0.,-1.));
#3488=FACE_BOUND('',#3489,.T.);
#3489=EDGE_LOOP('',(#5513));
#3490=FACE_BOUND('',#3491,.T.);
#3491=EDGE_LOOP('',(#5514,#5515));
#3492=PLANE('',#3493);
#3493=AXIS2_PLACEMENT_3D('',#3494,#3495,#3496);
#3494=CARTESIAN_POINT('',(10.,0.,-6.12323399573677E-16));
#3495=DIRECTION('',(1.,0.,6.12323399573677E-17));
#3496=DIRECTION('',(6.12323399573677E-17,0.,-1.));
#3497=FACE_BOUND('',#3498,.T.);
#3498=EDGE_LOOP('',(#5516));
#3499=FACE_BOUND('',#3500,.T.);
#3500=EDGE_LOOP('',(#5517,#5518));
#3501=PLANE('',#3502);
#3502=AXIS2_PLACEMENT_3D('',#3503,#3504,#3505);
#3503=CARTESIAN_POINT('',(17.,0.,-1.83697019872103E-16));
#3504=DIRECTION('',(1.,0.,6.12323399573677E-17));
#3505=DIRECTION('',(6.12323399573677E-17,0.,-1.));
#3506=FACE_OUTER_BOUND('',#3507,.T.);
#3507=EDGE_LOOP('',(#5519));
#3508=FACE_OUTER_BOUND('',#3509,.T.);
#3509=EDGE_LOOP('',(#5520));
#3510=CYLINDRICAL_SURFACE('',#3511,4.);
#3511=AXIS2_PLACEMENT_3D('',#3512,#3513,#3514);
#3512=CARTESIAN_POINT('',(11.,0.,-3.49024337756996E-15));
#3513=DIRECTION('',(1.,0.,6.12323399573677E-17));
#3514=DIRECTION('',(6.12323399573677E-17,0.,-1.));
#3515=FACE_BOUND('',#3516,.T.);
#3516=EDGE_LOOP('',(#5521,#5522,#5523,#5524));
#3517=CYLINDRICAL_SURFACE('',#3518,1.5);
#3518=AXIS2_PLACEMENT_3D('',#3519,#3520,#3521);
#3519=CARTESIAN_POINT('',(10.,0.,-3.55147571752732E-15));
#3520=DIRECTION('',(1.,0.,6.12323399573677E-17));
#3521=DIRECTION('',(4.56398915220169E-17,-0.666666666666667,-0.74535599249993));
#3522=FACE_BOUND('',#3523,.T.);
#3523=EDGE_LOOP('',(#5525,#5526,#5527,#5528));
#3524=PLANE('',#3525);
#3525=AXIS2_PLACEMENT_3D('',#3526,#3527,#3528);
#3526=CARTESIAN_POINT('',(10.,-1.,1.11803398868158));
#3527=DIRECTION('',(6.29980931776421E-33,-1.,-9.93013661359583E-17));
#3528=DIRECTION('',(0.,9.93013661359583E-17,-1.));
#3529=FACE_OUTER_BOUND('',#3530,.T.);
#3530=EDGE_LOOP('',(#5529));
#3531=FACE_OUTER_BOUND('',#3532,.T.);
#3532=EDGE_LOOP('',(#5530));
#3533=CYLINDRICAL_SURFACE('',#3534,1.);
#3534=AXIS2_PLACEMENT_3D('',#3535,#3536,#3537);
#3535=CARTESIAN_POINT('',(13.5,-5.,0.));
#3536=DIRECTION('',(0.,0.,1.));
#3537=DIRECTION('',(1.,0.,0.));
#3538=FACE_BOUND('',#3539,.T.);
#3539=EDGE_LOOP('',(#5531));
#3540=PLANE('',#3541);
#3541=AXIS2_PLACEMENT_3D('',#3542,#3543,#3544);
#3542=CARTESIAN_POINT('',(0.,0.,10.));
#3543=DIRECTION('',(0.,0.,1.));
#3544=DIRECTION('',(1.,0.,0.));
#3545=FACE_BOUND('',#3546,.T.);
#3546=EDGE_LOOP('',(#5532));
#3547=PLANE('',#3548);
#3548=AXIS2_PLACEMENT_3D('',#3549,#3550,#3551);
#3549=CARTESIAN_POINT('',(0.,0.,0.));
#3550=DIRECTION('',(0.,0.,1.));
#3551=DIRECTION('',(1.,0.,0.));
#3552=FACE_OUTER_BOUND('',#3553,.T.);
#3553=EDGE_LOOP('',(#5533));
#3554=FACE_OUTER_BOUND('',#3555,.T.);
#3555=EDGE_LOOP('',(#5534));
#3556=CYLINDRICAL_SURFACE('',#3557,1.);
#3557=AXIS2_PLACEMENT_3D('',#3558,#3559,#3560);
#3558=CARTESIAN_POINT('',(13.5,5.,6.12323399573677E-16));
#3559=DIRECTION('',(0.,1.22464679914735E-16,-1.));
#3560=DIRECTION('',(1.,0.,0.));
#3561=FACE_BOUND('',#3562,.T.);
#3562=EDGE_LOOP('',(#5535));
#3563=PLANE('',#3564);
#3564=AXIS2_PLACEMENT_3D('',#3565,#3566,#3567);
#3565=CARTESIAN_POINT('',(0.,-1.22464679914735E-15,10.));
#3566=DIRECTION('',(0.,1.22464679914735E-16,-1.));
#3567=DIRECTION('',(1.,0.,0.));
#3568=FACE_BOUND('',#3569,.T.);
#3569=EDGE_LOOP('',(#5536));
#3570=PLANE('',#3571);
#3571=AXIS2_PLACEMENT_3D('',#3572,#3573,#3574);
#3572=CARTESIAN_POINT('',(0.,0.,0.));
#3573=DIRECTION('',(0.,1.22464679914735E-16,-1.));
#3574=DIRECTION('',(1.,0.,0.));
#3575=FACE_BOUND('',#3576,.T.);
#3576=EDGE_LOOP('',(#5537,#5538,#5539,#5540));
#3577=FACE_BOUND('',#3578,.T.);
#3578=EDGE_LOOP('',(#5541,#5542));
#3579=PLANE('',#3580);
#3580=AXIS2_PLACEMENT_3D('',#3581,#3582,#3583);
#3581=CARTESIAN_POINT('',(9.,0.,-1.65327317884893E-15));
#3582=DIRECTION('',(1.,0.,-1.83697019872103E-16));
#3583=DIRECTION('',(1.12481983699639E-32,1.,6.12323399573677E-17));
#3584=FACE_BOUND('',#3585,.T.);
#3585=EDGE_LOOP('',(#5543,#5544,#5545,#5546));
#3586=PLANE('',#3587);
#3587=AXIS2_PLACEMENT_3D('',#3588,#3589,#3590);
#3588=CARTESIAN_POINT('',(-1.83697019872103E-16,-1.11803398868158,-1.));
#3589=DIRECTION('',(-1.85037170770859E-16,4.96506830679791E-17,-1.));
#3590=DIRECTION('',(2.20493326121747E-32,1.,4.96506830679791E-17));
#3591=FACE_BOUND('',#3592,.T.);
#3592=EDGE_LOOP('',(#5547,#5548,#5549,#5550));
#3593=CYLINDRICAL_SURFACE('',#3594,1.5);
#3594=AXIS2_PLACEMENT_3D('',#3595,#3596,#3597);
#3595=CARTESIAN_POINT('',(0.,0.,0.));
#3596=DIRECTION('',(1.,0.,-1.83697019872103E-16));
#3597=DIRECTION('',(-1.22464679914735E-16,0.74535599249993,-0.666666666666667));
#3598=FACE_BOUND('',#3599,.T.);
#3599=EDGE_LOOP('',(#5551,#5552,#5553,#5554,#5555,#5556,#5557,#5558));
#3600=PLANE('',#3601);
#3601=AXIS2_PLACEMENT_3D('',#3602,#3603,#3604);
#3602=CARTESIAN_POINT('',(9.18485099360515E-16,6.,5.));
#3603=DIRECTION('',(9.86864910777917E-17,0.,1.));
#3604=DIRECTION('',(0.,-1.,0.));
#3605=FACE_BOUND('',#3606,.T.);
#3606=EDGE_LOOP('',(#5559,#5560,#5561,#5562,#5563));
#3607=PLANE('',#3608);
#3608=AXIS2_PLACEMENT_3D('',#3609,#3610,#3611);
#3609=CARTESIAN_POINT('',(9.18485099360515E-16,-6.,5.));
#3610=DIRECTION('',(0.,-1.,0.));
#3611=DIRECTION('',(-1.83697019872103E-16,0.,-1.));
#3612=FACE_BOUND('',#3613,.T.);
#3613=EDGE_LOOP('',(#5564,#5565,#5566,#5567,#5568,#5569,#5570,#5571));
#3614=PLANE('',#3615);
#3615=AXIS2_PLACEMENT_3D('',#3616,#3617,#3618);
#3616=CARTESIAN_POINT('',(-9.18485099360515E-16,-6.,-5.));
#3617=DIRECTION('',(-1.97372982155583E-16,0.,-1.));
#3618=DIRECTION('',(0.,1.,0.));
#3619=FACE_BOUND('',#3620,.T.);
#3620=EDGE_LOOP('',(#5572,#5573,#5574,#5575,#5576));
#3621=PLANE('',#3622);
#3622=AXIS2_PLACEMENT_3D('',#3623,#3624,#3625);
#3623=CARTESIAN_POINT('',(-9.18485099360515E-16,6.,-5.));
#3624=DIRECTION('',(0.,1.,0.));
#3625=DIRECTION('',(1.83697019872103E-16,0.,1.));
#3626=FACE_BOUND('',#3627,.T.);
#3627=EDGE_LOOP('',(#5577,#5578));
#3628=PLANE('',#3629);
#3629=AXIS2_PLACEMENT_3D('',#3630,#3631,#3632);
#3630=CARTESIAN_POINT('',(17.,0.,-3.12284933782575E-15));
#3631=DIRECTION('',(1.,0.,-1.83697019872103E-16));
#3632=DIRECTION('',(1.12481983699639E-32,1.,6.12323399573677E-17));
#3633=FACE_BOUND('',#3634,.T.);
#3634=EDGE_LOOP('',(#5579,#5580,#5581));
#3635=PLANE('',#3636);
#3636=AXIS2_PLACEMENT_3D('',#3637,#3638,#3639);
#3637=CARTESIAN_POINT('',(0.,0.,0.));
#3638=DIRECTION('',(1.,0.,-1.83697019872103E-16));
#3639=DIRECTION('',(1.12481983699639E-32,1.,6.12323399573677E-17));
#3640=FACE_BOUND('',#3641,.T.);
#3641=EDGE_LOOP('',(#5582,#5583,#5584,#5585,#5586));
#3642=CYLINDRICAL_SURFACE('',#3643,6.);
#3643=AXIS2_PLACEMENT_3D('',#3644,#3645,#3646);
#3644=CARTESIAN_POINT('',(-16.,-7.3164121796371E-18,0.126602827660397));
#3645=DIRECTION('',(1.,0.,-1.83697019872103E-16));
#3646=DIRECTION('',(-1.56956943584257E-16,0.519560269405872,-0.854433804606827));
#3647=FACE_BOUND('',#3648,.T.);
#3648=EDGE_LOOP('',(#5587,#5588,#5589,#5590));
#3649=PLANE('',#3650);
#3650=AXIS2_PLACEMENT_3D('',#3651,#3652,#3653);
#3651=CARTESIAN_POINT('',(-16.,0.,2.93915231795365E-15));
#3652=DIRECTION('',(1.,0.,-1.83697019872103E-16));
#3653=DIRECTION('',(1.12481983699639E-32,1.,6.12323399573677E-17));
#3654=FACE_BOUND('',#3655,.T.);
#3655=EDGE_LOOP('',(#5591,#5592,#5593,#5594,#5595));
#3656=CYLINDRICAL_SURFACE('',#3657,6.);
#3657=AXIS2_PLACEMENT_3D('',#3658,#3659,#3660);
#3658=CARTESIAN_POINT('',(-16.,-7.3164121801073E-18,0.126602827531816));
#3659=DIRECTION('',(1.,0.,-1.83697019872103E-16));
#3660=DIRECTION('',(1.49204756205935E-16,-0.58333333331846,0.812232862078096));
#3661=FACE_BOUND('',#3662,.T.);
#3662=EDGE_LOOP('',(#5596,#5597,#5598));
#3663=PLANE('',#3664);
#3664=AXIS2_PLACEMENT_3D('',#3665,#3666,#3667);
#3665=CARTESIAN_POINT('',(0.,0.,0.));
#3666=DIRECTION('',(1.,0.,-1.83697019872103E-16));
#3667=DIRECTION('',(1.12481983699639E-32,1.,6.12323399573677E-17));
#3668=FACE_BOUND('',#3669,.T.);
#3669=EDGE_LOOP('',(#5599,#5600,#5601));
#3670=PLANE('',#3671);
#3671=AXIS2_PLACEMENT_3D('',#3672,#3673,#3674);
#3672=CARTESIAN_POINT('',(0.,0.,0.));
#3673=DIRECTION('',(1.,0.,-1.83697019872103E-16));
#3674=DIRECTION('',(1.12481983699639E-32,1.,6.12323399573677E-17));
#3675=FACE_BOUND('',#3676,.T.);
#3676=EDGE_LOOP('',(#5602,#5603,#5604));
#3677=PLANE('',#3678);
#3678=AXIS2_PLACEMENT_3D('',#3679,#3680,#3681);
#3679=CARTESIAN_POINT('',(0.,0.,0.));
#3680=DIRECTION('',(1.,0.,-1.83697019872103E-16));
#3681=DIRECTION('',(1.12481983699639E-32,1.,6.12323399573677E-17));
#3682=FACE_OUTER_BOUND('',#3683,.T.);
#3683=EDGE_LOOP('',(#5605));
#3684=FACE_OUTER_BOUND('',#3685,.T.);
#3685=EDGE_LOOP('',(#5606));
#3686=CYLINDRICAL_SURFACE('',#3687,5.);
#3687=AXIS2_PLACEMENT_3D('',#3688,#3689,#3690);
#3688=CARTESIAN_POINT('',(10.,0.,-3.55147571752732E-15));
#3689=DIRECTION('',(1.,0.,6.12323399573677E-17));
#3690=DIRECTION('',(6.12323399573677E-17,0.,-1.));
#3691=FACE_OUTER_BOUND('',#3692,.T.);
#3692=EDGE_LOOP('',(#5607));
#3693=FACE_OUTER_BOUND('',#3694,.T.);
#3694=EDGE_LOOP('',(#5608));
#3695=CYLINDRICAL_SURFACE('',#3696,5.);
#3696=AXIS2_PLACEMENT_3D('',#3697,#3698,#3699);
#3697=CARTESIAN_POINT('',(10.,0.,-3.55147571752732E-15));
#3698=DIRECTION('',(1.,0.,6.12323399573677E-17));
#3699=DIRECTION('',(6.12323399573677E-17,0.,-1.));
#3700=FACE_BOUND('',#3701,.T.);
#3701=EDGE_LOOP('',(#5609));
#3702=FACE_BOUND('',#3703,.T.);
#3703=EDGE_LOOP('',(#5610));
#3704=PLANE('',#3705);
#3705=AXIS2_PLACEMENT_3D('',#3706,#3707,#3708);
#3706=CARTESIAN_POINT('',(16.,0.,-2.44929359829471E-16));
#3707=DIRECTION('',(1.,0.,6.12323399573677E-17));
#3708=DIRECTION('',(6.12323399573677E-17,0.,-1.));
#3709=FACE_BOUND('',#3710,.T.);
#3710=EDGE_LOOP('',(#5611));
#3711=FACE_BOUND('',#3712,.T.);
#3712=EDGE_LOOP('',(#5612));
#3713=PLANE('',#3714);
#3714=AXIS2_PLACEMENT_3D('',#3715,#3716,#3717);
#3715=CARTESIAN_POINT('',(11.,0.,-5.51091059616309E-16));
#3716=DIRECTION('',(1.,0.,6.12323399573677E-17));
#3717=DIRECTION('',(6.12323399573677E-17,0.,-1.));
#3718=FACE_BOUND('',#3719,.T.);
#3719=EDGE_LOOP('',(#5613));
#3720=FACE_BOUND('',#3721,.T.);
#3721=EDGE_LOOP('',(#5614,#5615));
#3722=PLANE('',#3723);
#3723=AXIS2_PLACEMENT_3D('',#3724,#3725,#3726);
#3724=CARTESIAN_POINT('',(10.,0.,-6.12323399573677E-16));
#3725=DIRECTION('',(1.,0.,6.12323399573677E-17));
#3726=DIRECTION('',(6.12323399573677E-17,0.,-1.));
#3727=FACE_BOUND('',#3728,.T.);
#3728=EDGE_LOOP('',(#5616));
#3729=FACE_BOUND('',#3730,.T.);
#3730=EDGE_LOOP('',(#5617,#5618));
#3731=PLANE('',#3732);
#3732=AXIS2_PLACEMENT_3D('',#3733,#3734,#3735);
#3733=CARTESIAN_POINT('',(17.,0.,-1.83697019872103E-16));
#3734=DIRECTION('',(1.,0.,6.12323399573677E-17));
#3735=DIRECTION('',(6.12323399573677E-17,0.,-1.));
#3736=FACE_OUTER_BOUND('',#3737,.T.);
#3737=EDGE_LOOP('',(#5619));
#3738=FACE_OUTER_BOUND('',#3739,.T.);
#3739=EDGE_LOOP('',(#5620));
#3740=CYLINDRICAL_SURFACE('',#3741,4.);
#3741=AXIS2_PLACEMENT_3D('',#3742,#3743,#3744);
#3742=CARTESIAN_POINT('',(11.,0.,-3.49024337756996E-15));
#3743=DIRECTION('',(1.,0.,6.12323399573677E-17));
#3744=DIRECTION('',(6.12323399573677E-17,0.,-1.));
#3745=FACE_BOUND('',#3746,.T.);
#3746=EDGE_LOOP('',(#5621,#5622,#5623,#5624));
#3747=CYLINDRICAL_SURFACE('',#3748,1.5);
#3748=AXIS2_PLACEMENT_3D('',#3749,#3750,#3751);
#3749=CARTESIAN_POINT('',(10.,0.,-3.55147571752732E-15));
#3750=DIRECTION('',(1.,0.,6.12323399573677E-17));
#3751=DIRECTION('',(4.08215599715785E-17,0.74535599249993,-0.666666666666667));
#3752=FACE_BOUND('',#3753,.T.);
#3753=EDGE_LOOP('',(#5625,#5626,#5627,#5628));
#3754=PLANE('',#3755);
#3755=AXIS2_PLACEMENT_3D('',#3756,#3757,#3758);
#3756=CARTESIAN_POINT('',(10.,-1.11803398868158,-1.));
#3757=DIRECTION('',(6.34413156928661E-17,0.,-1.));
#3758=DIRECTION('',(0.,1.,0.));
#3759=FACE_OUTER_BOUND('',#3760,.T.);
#3760=EDGE_LOOP('',(#5629));
#3761=FACE_OUTER_BOUND('',#3762,.T.);
#3762=EDGE_LOOP('',(#5630));
#3763=CYLINDRICAL_SURFACE('',#3764,1.);
#3764=AXIS2_PLACEMENT_3D('',#3765,#3766,#3767);
#3765=CARTESIAN_POINT('',(13.5,-20.,5.));
#3766=DIRECTION('',(0.,1.,6.12323399573677E-17));
#3767=DIRECTION('',(1.,0.,0.));
#3768=FACE_BOUND('',#3769,.T.);
#3769=EDGE_LOOP('',(#5631));
#3770=PLANE('',#3771);
#3771=AXIS2_PLACEMENT_3D('',#3772,#3773,#3774);
#3772=CARTESIAN_POINT('',(0.,0.,0.));
#3773=DIRECTION('',(0.,1.,6.12323399573677E-17));
#3774=DIRECTION('',(1.,0.,0.));
#3775=FACE_BOUND('',#3776,.T.);
#3776=EDGE_LOOP('',(#5632));
#3777=PLANE('',#3778);
#3778=AXIS2_PLACEMENT_3D('',#3779,#3780,#3781);
#3779=CARTESIAN_POINT('',(0.,-20.,-1.22464679914735E-15));
#3780=DIRECTION('',(0.,1.,6.12323399573677E-17));
#3781=DIRECTION('',(1.,0.,0.));
#3782=FACE_OUTER_BOUND('',#3783,.T.);
#3783=EDGE_LOOP('',(#5633));
#3784=FACE_OUTER_BOUND('',#3785,.T.);
#3785=EDGE_LOOP('',(#5634));
#3786=CYLINDRICAL_SURFACE('',#3787,1.7);
#3787=AXIS2_PLACEMENT_3D('',#3788,#3789,#3790);
#3788=CARTESIAN_POINT('',(-8.,-32.,25.0004244755963));
#3789=DIRECTION('',(1.4791141972894E-32,1.,1.66533453693773E-16));
#3790=DIRECTION('',(1.,-1.4791141972894E-32,-2.46321995682097E-48));
#3791=FACE_OUTER_BOUND('',#3792,.T.);
#3792=EDGE_LOOP('',(#5635));
#3793=FACE_OUTER_BOUND('',#3794,.T.);
#3794=EDGE_LOOP('',(#5636));
#3795=CYLINDRICAL_SURFACE('',#3796,1.7);
#3796=AXIS2_PLACEMENT_3D('',#3797,#3798,#3799);
#3797=CARTESIAN_POINT('',(-4.,-32.,7.99999999999999));
#3798=DIRECTION('',(1.4791141972894E-32,1.,1.66533453693773E-16));
#3799=DIRECTION('',(1.,-1.4791141972894E-32,-2.46321995682097E-48));
#3800=FACE_BOUND('',#3801,.T.);
#3801=EDGE_LOOP('',(#5637,#5638,#5639,#5640,#5641,#5642,#5643,#5644,#5645,#5646,
#5647,#5648,#5649,#5650,#5651,#5652,#5653,#5654,#5655,#5656,#5657));
#3802=FACE_BOUND('',#3803,.T.);
#3803=EDGE_LOOP('',(#5658,#5659,#5660,#5661,#5662,#5663));
#3804=FACE_BOUND('',#3805,.T.);
#3805=EDGE_LOOP('',(#5664,#5665,#5666,#5667,#5668,#5669));
#3806=FACE_BOUND('',#3807,.T.);
#3807=EDGE_LOOP('',(#5670,#5671,#5672,#5673,#5674,#5675));
#3808=PLANE('',#3809);
#3809=AXIS2_PLACEMENT_3D('',#3810,#3811,#3812);
#3810=CARTESIAN_POINT('',(-1.46957615897682E-15,8.,-8.));
#3811=DIRECTION('',(1.4791141972894E-32,1.,1.66533453693773E-16));
#3812=DIRECTION('',(1.83697019872103E-16,-1.66533453693773E-16,1.));
#3813=FACE_BOUND('',#3814,.T.);
#3814=EDGE_LOOP('',(#5676,#5677,#5678,#5679,#5680,#5681));
#3815=FACE_BOUND('',#3816,.T.);
#3816=EDGE_LOOP('',(#5682));
#3817=PLANE('',#3818);
#3818=AXIS2_PLACEMENT_3D('',#3819,#3820,#3821);
#3819=CARTESIAN_POINT('',(-2.66453525910038E-15,5.,33.0004244755963));
#3820=DIRECTION('',(1.4791141972894E-32,1.,1.66533453693773E-16));
#3821=DIRECTION('',(6.12323399573677E-17,-1.66533453693773E-16,1.));
#3822=FACE_BOUND('',#3823,.T.);
#3823=EDGE_LOOP('',(#5683,#5684,#5685,#5686));
#3824=PLANE('',#3825);
#3825=AXIS2_PLACEMENT_3D('',#3826,#3827,#3828);
#3826=CARTESIAN_POINT('',(-6.35455173280957,5.,27.8504244755963));
#3827=DIRECTION('',(0.866025403784439,-1.48029736616688E-16,0.5));
#3828=DIRECTION('',(0.5,0.,-0.866025403784439));
#3829=FACE_BOUND('',#3830,.T.);
#3830=EDGE_LOOP('',(#5687,#5688,#5689,#5690));
#3831=PLANE('',#3832);
#3832=AXIS2_PLACEMENT_3D('',#3833,#3834,#3835);
#3833=CARTESIAN_POINT('',(-9.64544826719044,5.,27.8504244755963));
#3834=DIRECTION('',(-5.39778999686615E-16,-2.96059473233375E-16,1.));
#3835=DIRECTION('',(1.,0.,5.39778999686615E-16));
#3836=FACE_BOUND('',#3837,.T.);
#3837=EDGE_LOOP('',(#5691,#5692,#5693,#5694));
#3838=PLANE('',#3839);
#3839=AXIS2_PLACEMENT_3D('',#3840,#3841,#3842);
#3840=CARTESIAN_POINT('',(-11.2908965343809,5.,25.0004244755963));
#3841=DIRECTION('',(-0.866025403784439,-1.48029736616687E-16,0.499999999999999));
#3842=DIRECTION('',(0.499999999999999,-2.69889499843307E-16,0.866025403784439));
#3843=FACE_BOUND('',#3844,.T.);
#3844=EDGE_LOOP('',(#5695,#5696,#5697,#5698));
#3845=PLANE('',#3846);
#3846=AXIS2_PLACEMENT_3D('',#3847,#3848,#3849);
#3847=CARTESIAN_POINT('',(-9.64544826719043,5.,22.1504244755963));
#3848=DIRECTION('',(-0.866025403784439,2.96059473233375E-16,-0.5));
#3849=DIRECTION('',(-0.5,0.,0.866025403784439));
#3850=FACE_BOUND('',#3851,.T.);
#3851=EDGE_LOOP('',(#5699,#5700,#5701,#5702));
#3852=PLANE('',#3853);
#3853=AXIS2_PLACEMENT_3D('',#3854,#3855,#3856);
#3854=CARTESIAN_POINT('',(-6.35455173280957,5.,22.1504244755963));
#3855=DIRECTION('',(5.39778999686615E-16,0.,-1.));
#3856=DIRECTION('',(-1.,0.,-5.39778999686615E-16));
#3857=FACE_BOUND('',#3858,.T.);
#3858=EDGE_LOOP('',(#5703,#5704,#5705,#5706));
#3859=PLANE('',#3860);
#3860=AXIS2_PLACEMENT_3D('',#3861,#3862,#3863);
#3861=CARTESIAN_POINT('',(-4.70910346561914,5.,25.0004244755963));
#3862=DIRECTION('',(0.866025403784439,1.48029736616687E-16,-0.499999999999999));
#3863=DIRECTION('',(-0.499999999999999,2.69889499843307E-16,-0.866025403784439));
#3864=FACE_BOUND('',#3865,.T.);
#3865=EDGE_LOOP('',(#5707,#5708,#5709,#5710,#5711,#5712));
#3866=FACE_BOUND('',#3867,.T.);
#3867=EDGE_LOOP('',(#5713));
#3868=PLANE('',#3869);
#3869=AXIS2_PLACEMENT_3D('',#3870,#3871,#3872);
#3870=CARTESIAN_POINT('',(4.,5.,16.));
#3871=DIRECTION('',(1.4791141972894E-32,1.,1.66533453693773E-16));
#3872=DIRECTION('',(6.12323399573677E-17,-1.66533453693773E-16,1.));
#3873=FACE_BOUND('',#3874,.T.);
#3874=EDGE_LOOP('',(#5714,#5715,#5716,#5717));
#3875=PLANE('',#3876);
#3876=AXIS2_PLACEMENT_3D('',#3877,#3878,#3879);
#3877=CARTESIAN_POINT('',(-2.35455173280957,5.,10.85));
#3878=DIRECTION('',(0.866025403784439,-1.48029736616688E-16,0.5));
#3879=DIRECTION('',(0.5,0.,-0.866025403784439));
#3880=FACE_BOUND('',#3881,.T.);
#3881=EDGE_LOOP('',(#5718,#5719,#5720,#5721));
#3882=PLANE('',#3883);
#3883=AXIS2_PLACEMENT_3D('',#3884,#3885,#3886);
#3884=CARTESIAN_POINT('',(-5.64544826719044,5.,10.85));
#3885=DIRECTION('',(-5.39778999686615E-16,-2.96059473233375E-16,1.));
#3886=DIRECTION('',(1.,0.,5.39778999686615E-16));
#3887=FACE_BOUND('',#3888,.T.);
#3888=EDGE_LOOP('',(#5722,#5723,#5724,#5725));
#3889=PLANE('',#3890);
#3890=AXIS2_PLACEMENT_3D('',#3891,#3892,#3893);
#3891=CARTESIAN_POINT('',(-7.29089653438087,5.,8.));
#3892=DIRECTION('',(-0.866025403784439,-1.48029736616687E-16,0.499999999999999));
#3893=DIRECTION('',(0.499999999999999,-2.69889499843307E-16,0.866025403784439));
#3894=FACE_BOUND('',#3895,.T.);
#3895=EDGE_LOOP('',(#5726,#5727,#5728,#5729));
#3896=PLANE('',#3897);
#3897=AXIS2_PLACEMENT_3D('',#3898,#3899,#3900);
#3898=CARTESIAN_POINT('',(-5.64544826719043,5.,5.15));
#3899=DIRECTION('',(-0.866025403784439,2.96059473233375E-16,-0.5));
#3900=DIRECTION('',(-0.5,0.,0.866025403784439));
#3901=FACE_BOUND('',#3902,.T.);
#3902=EDGE_LOOP('',(#5730,#5731,#5732,#5733));
#3903=PLANE('',#3904);
#3904=AXIS2_PLACEMENT_3D('',#3905,#3906,#3907);
#3905=CARTESIAN_POINT('',(-2.35455173280957,5.,5.15));
#3906=DIRECTION('',(5.39778999686615E-16,0.,-1.));
#3907=DIRECTION('',(-1.,0.,-5.39778999686615E-16));
#3908=FACE_BOUND('',#3909,.T.);
#3909=EDGE_LOOP('',(#5734,#5735,#5736,#5737));
#3910=PLANE('',#3911);
#3911=AXIS2_PLACEMENT_3D('',#3912,#3913,#3914);
#3912=CARTESIAN_POINT('',(-0.709103465619134,5.,8.));
#3913=DIRECTION('',(0.866025403784439,1.48029736616687E-16,-0.499999999999999));
#3914=DIRECTION('',(-0.499999999999999,2.69889499843307E-16,-0.866025403784439));
#3915=FACE_BOUND('',#3916,.T.);
#3916=EDGE_LOOP('',(#5738,#5739,#5740,#5741,#5742,#5743,#5744));
#3917=FACE_BOUND('',#3918,.T.);
#3918=EDGE_LOOP('',(#5745));
#3919=PLANE('',#3920);
#3920=AXIS2_PLACEMENT_3D('',#3921,#3922,#3923);
#3921=CARTESIAN_POINT('',(-8.45789947592837,-2.05132237602284E-15,25.0004244755963));
#3922=DIRECTION('',(-4.35081943503005E-32,-1.,-1.22464679914735E-16));
#3923=DIRECTION('',(0.,1.22464679914735E-16,-1.));
#3924=FACE_BOUND('',#3925,.T.);
#3925=EDGE_LOOP('',(#5746,#5747,#5748,#5749,#5750,#5751,#5752,#5753,#5754));
#3926=FACE_BOUND('',#3927,.T.);
#3927=EDGE_LOOP('',(#5755));
#3928=PLANE('',#3929);
#3929=AXIS2_PLACEMENT_3D('',#3930,#3931,#3932);
#3930=CARTESIAN_POINT('',(1.46957615897682E-15,-9.79717439317883E-16,8.));
#3931=DIRECTION('',(-2.17540971751502E-32,-1.,-1.22464679914735E-16));
#3932=DIRECTION('',(-1.83697019872103E-16,1.22464679914735E-16,-1.));
#3933=FACE_BOUND('',#3934,.T.);
#3934=EDGE_LOOP('',(#5756,#5757,#5758,#5759));
#3935=CYLINDRICAL_SURFACE('',#3936,4.);
#3936=AXIS2_PLACEMENT_3D('',#3937,#3938,#3939);
#3937=CARTESIAN_POINT('',(-10.,-16.,-8.99999999999999));
#3938=DIRECTION('',(0.,-1.,1.33226762955019E-16));
#3939=DIRECTION('',(-1.,5.91645678915759E-32,4.44089209850062E-16));
#3940=FACE_BOUND('',#3941,.T.);
#3941=EDGE_LOOP('',(#5760,#5761,#5762,#5763,#5764,#5765));
#3942=PLANE('',#3943);
#3943=AXIS2_PLACEMENT_3D('',#3944,#3945,#3946);
#3944=CARTESIAN_POINT('',(-14.,0.,2.57175827820944E-15));
#3945=DIRECTION('',(1.,0.,-1.83697019872103E-16));
#3946=DIRECTION('',(1.12481983699639E-32,1.,6.12323399573677E-17));
#3947=FACE_BOUND('',#3948,.T.);
#3948=EDGE_LOOP('',(#5766,#5767,#5768,#5769,#5770));
#3949=CYLINDRICAL_SURFACE('',#3950,3.);
#3950=AXIS2_PLACEMENT_3D('',#3951,#3952,#3953);
#3951=CARTESIAN_POINT('',(-17.,-12.,5.));
#3952=DIRECTION('',(0.,1.,1.94289029309402E-16));
#3953=DIRECTION('',(0.,-1.94289029309402E-16,1.));
#3954=FACE_BOUND('',#3955,.T.);
#3955=EDGE_LOOP('',(#5771,#5772,#5773,#5774,#5775,#5776));
#3956=PLANE('',#3957);
#3957=AXIS2_PLACEMENT_3D('',#3958,#3959,#3960);
#3958=CARTESIAN_POINT('',(-23.4578994759284,3.06291657956911E-17,8.));
#3959=DIRECTION('',(-2.368475785867E-16,2.22044604925031E-16,-1.));
#3960=DIRECTION('',(0.,1.,2.22044604925031E-16));
#3961=FACE_BOUND('',#3962,.T.);
#3962=EDGE_LOOP('',(#5777,#5778,#5779,#5780));
#3963=CYLINDRICAL_SURFACE('',#3964,4.);
#3964=AXIS2_PLACEMENT_3D('',#3965,#3966,#3967);
#3965=CARTESIAN_POINT('',(-18.4578994759284,-16.,12.));
#3966=DIRECTION('',(0.,1.,1.77635683940025E-16));
#3967=DIRECTION('',(0.,1.77635683940025E-16,-1.));
#3968=FACE_BOUND('',#3969,.T.);
#3969=EDGE_LOOP('',(#5781,#5782,#5783,#5784));
#3970=PLANE('',#3971);
#3971=AXIS2_PLACEMENT_3D('',#3972,#3973,#3974);
#3972=CARTESIAN_POINT('',(-22.4578994759284,-1.01034660511357E-15,16.5002122377981));
#3973=DIRECTION('',(1.,0.,-1.83697019872103E-16));
#3974=DIRECTION('',(-1.83697019872103E-16,1.22464679914735E-16,-1.));
#3975=FACE_BOUND('',#3976,.T.);
#3976=EDGE_LOOP('',(#5785,#5786,#5787,#5788));
#3977=CYLINDRICAL_SURFACE('',#3978,4.);
#3978=AXIS2_PLACEMENT_3D('',#3979,#3980,#3981);
#3979=CARTESIAN_POINT('',(-18.4578994759284,-16.,21.1995943227574));
#3980=DIRECTION('',(0.,-1.,-1.77635683940025E-16));
#3981=DIRECTION('',(-0.342020143325669,-1.66922941386699E-16,0.939692620785908));
#3982=FACE_BOUND('',#3983,.T.);
#3983=EDGE_LOOP('',(#5789,#5790,#5791,#5792,#5793,#5794));
#3984=PLANE('',#3985);
#3985=AXIS2_PLACEMENT_3D('',#3986,#3987,#3988);
#3986=CARTESIAN_POINT('',(-22.4578994759284,-44.9697290334555,24.0004244755963));
#3987=DIRECTION('',(0.342020143325669,1.36347857896179E-16,-0.939692620785908));
#3988=DIRECTION('',(0.,1.,1.45098359697818E-16));
#3989=FACE_BOUND('',#3990,.T.);
#3990=EDGE_LOOP('',(#5795,#5796,#5797,#5798));
#3991=CYLINDRICAL_SURFACE('',#3992,4.);
#3992=AXIS2_PLACEMENT_3D('',#3993,#3994,#3995);
#3993=CARTESIAN_POINT('',(-5.2677270363668,-16.,26.0004244755963));
#3994=DIRECTION('',(0.,1.,0.));
#3995=DIRECTION('',(-0.342020143325668,1.97215226305253E-31,0.939692620785909));
#3996=FACE_BOUND('',#3997,.T.);
#3997=EDGE_LOOP('',(#5799,#5800,#5801,#5802));
#3998=PLANE('',#3999);
#3999=AXIS2_PLACEMENT_3D('',#4000,#4001,#4002);
#4000=CARTESIAN_POINT('',(-22.4578994759284,-1.83699619035504E-15,30.0004244755963));
#4001=DIRECTION('',(0.,0.,1.));
#4002=DIRECTION('',(1.,0.,0.));
#4003=FACE_BOUND('',#4004,.T.);
#4004=EDGE_LOOP('',(#5803,#5804,#5805,#5806));
#4005=CYLINDRICAL_SURFACE('',#4006,4.);
#4006=AXIS2_PLACEMENT_3D('',#4007,#4008,#4009);
#4007=CARTESIAN_POINT('',(-3.45789947592837,-16.,26.0004244755963));
#4008=DIRECTION('',(0.,-1.,0.));
#4009=DIRECTION('',(1.,0.,0.));
#4010=FACE_BOUND('',#4011,.T.);
#4011=EDGE_LOOP('',(#5807,#5808,#5809,#5810,#5811,#5812,#5813,#5814));
#4012=PLANE('',#4013);
#4013=AXIS2_PLACEMENT_3D('',#4014,#4015,#4016);
#4014=CARTESIAN_POINT('',(0.542100524071625,-1.01034660511357E-15,16.5002122377981));
#4015=DIRECTION('',(1.,0.,-1.83697019872103E-16));
#4016=DIRECTION('',(-1.83697019872103E-16,1.22464679914735E-16,-1.));
#4017=FACE_BOUND('',#4018,.T.);
#4018=EDGE_LOOP('',(#5815,#5816,#5817,#5818));
#4019=CYLINDRICAL_SURFACE('',#4020,3.);
#4020=AXIS2_PLACEMENT_3D('',#4021,#4022,#4023);
#4021=CARTESIAN_POINT('',(3.54210052407162,-12.,11.));
#4022=DIRECTION('',(0.,-1.,0.));
#4023=DIRECTION('',(-1.,0.,5.9211894646675E-16));
#4024=FACE_BOUND('',#4025,.T.);
#4025=EDGE_LOOP('',(#5819,#5820,#5821,#5822));
#4026=PLANE('',#4027);
#4027=AXIS2_PLACEMENT_3D('',#4028,#4029,#4030);
#4028=CARTESIAN_POINT('',(1.46957615897682E-15,8.,8.));
#4029=DIRECTION('',(2.66453525910038E-16,-2.22044604925031E-16,1.));
#4030=DIRECTION('',(-2.46519032881566E-32,-1.,-2.22044604925031E-16));
#4031=FACE_BOUND('',#4032,.T.);
#4032=EDGE_LOOP('',(#5823,#5824,#5825,#5826,#5827));
#4033=CYLINDRICAL_SURFACE('',#4034,4.);
#4034=AXIS2_PLACEMENT_3D('',#4035,#4036,#4037);
#4035=CARTESIAN_POINT('',(5.12701665379258,24.,4.));
#4036=DIRECTION('',(4.44089209850063E-17,1.,2.44249065417534E-16));
#4037=DIRECTION('',(-1.08468374467889E-32,-2.44249065417534E-16,1.));
#4038=FACE_BOUND('',#4039,.T.);
#4039=EDGE_LOOP('',(#5828,#5829,#5830,#5831));
#4040=PLANE('',#4041);
#4041=AXIS2_PLACEMENT_3D('',#4042,#4043,#4044);
#4042=CARTESIAN_POINT('',(9.,0.,-1.65327317884893E-15));
#4043=DIRECTION('',(1.,0.,-1.83697019872103E-16));
#4044=DIRECTION('',(1.12481983699639E-32,1.,6.12323399573677E-17));
#4045=FACE_BOUND('',#4046,.T.);
#4046=EDGE_LOOP('',(#5832,#5833,#5834,#5835,#5836));
#4047=PLANE('',#4048);
#4048=AXIS2_PLACEMENT_3D('',#4049,#4050,#4051);
#4049=CARTESIAN_POINT('',(9.,-22.4848645167277,-5.));
#4050=DIRECTION('',(-0.342020143325669,-4.72693398000785E-17,0.939692620785909));
#4051=DIRECTION('',(0.,1.,5.03029807348546E-17));
#4052=FACE_BOUND('',#4053,.T.);
#4053=EDGE_LOOP('',(#5837,#5838,#5839,#5840));
#4054=CYLINDRICAL_SURFACE('',#4055,4.);
#4055=AXIS2_PLACEMENT_3D('',#4056,#4057,#4058);
#4056=CARTESIAN_POINT('',(2.95894766917845,-16.,-11.4554743219672));
#4057=DIRECTION('',(4.77395900588817E-16,1.,3.33066907387547E-16));
#4058=DIRECTION('',(-0.707106781196191,1.02056009822261E-16,0.707106781176904));
#4059=FACE_BOUND('',#4060,.T.);
#4060=EDGE_LOOP('',(#5841,#5842,#5843,#5844));
#4061=PLANE('',#4062);
#4062=AXIS2_PLACEMENT_3D('',#4063,#4064,#4065);
#4063=CARTESIAN_POINT('',(0.757567741636132,4.89858719658941E-16,-8.));
#4064=DIRECTION('',(0.70710678119619,6.97818870516606E-17,-0.707106781176905));
#4065=DIRECTION('',(-0.707106781176905,4.32978028123651E-17,-0.70710678119619));
#4066=FACE_BOUND('',#4067,.T.);
#4067=EDGE_LOOP('',(#5845,#5846,#5847,#5848));
#4068=CYLINDRICAL_SURFACE('',#4069,4.);
#4069=AXIS2_PLACEMENT_3D('',#4070,#4071,#4072);
#4070=CARTESIAN_POINT('',(-5.89928650775183,-16.,-9.));
#4071=DIRECTION('',(0.,-1.,0.));
#4072=DIRECTION('',(0.,0.,-1.));
#4073=FACE_BOUND('',#4074,.T.);
#4074=EDGE_LOOP('',(#5849,#5850,#5851,#5852));
#4075=PLANE('',#4076);
#4076=AXIS2_PLACEMENT_3D('',#4077,#4078,#4079);
#4077=CARTESIAN_POINT('',(-4.24243225822749,7.96020419445779E-16,-13.));
#4078=DIRECTION('',(0.,0.,-1.));
#4079=DIRECTION('',(-1.,1.01057574758599E-32,0.));
#4080=FACE_BOUND('',#4081,.T.);
#4081=EDGE_LOOP('',(#5853,#5854,#5855,#5856));
#4082=PLANE('',#4083);
#4083=AXIS2_PLACEMENT_3D('',#4084,#4085,#4086);
#4084=CARTESIAN_POINT('',(-4.70910346561913,5.,-8.));
#4085=DIRECTION('',(0.866025403784439,1.48029736616687E-16,-0.499999999999999));
#4086=DIRECTION('',(-0.499999999999999,2.69889499843307E-16,-0.866025403784439));
#4087=FACE_BOUND('',#4088,.T.);
#4088=EDGE_LOOP('',(#5857,#5858,#5859,#5860));
#4089=PLANE('',#4090);
#4090=AXIS2_PLACEMENT_3D('',#4091,#4092,#4093);
#4091=CARTESIAN_POINT('',(-6.35455173280957,5.,-5.15));
#4092=DIRECTION('',(0.866025403784439,-1.48029736616688E-16,0.5));
#4093=DIRECTION('',(0.5,0.,-0.866025403784439));
#4094=FACE_BOUND('',#4095,.T.);
#4095=EDGE_LOOP('',(#5861,#5862,#5863,#5864));
#4096=PLANE('',#4097);
#4097=AXIS2_PLACEMENT_3D('',#4098,#4099,#4100);
#4098=CARTESIAN_POINT('',(-9.64544826719043,5.,-5.15));
#4099=DIRECTION('',(-5.39778999686615E-16,-2.96059473233375E-16,1.));
#4100=DIRECTION('',(1.,0.,5.39778999686615E-16));
#4101=FACE_BOUND('',#4102,.T.);
#4102=EDGE_LOOP('',(#5865,#5866,#5867,#5868));
#4103=PLANE('',#4104);
#4104=AXIS2_PLACEMENT_3D('',#4105,#4106,#4107);
#4105=CARTESIAN_POINT('',(-11.2908965343809,5.,-8.));
#4106=DIRECTION('',(-0.866025403784439,-1.48029736616687E-16,0.499999999999999));
#4107=DIRECTION('',(0.499999999999999,-2.69889499843307E-16,0.866025403784439));
#4108=FACE_BOUND('',#4109,.T.);
#4109=EDGE_LOOP('',(#5869,#5870,#5871,#5872));
#4110=PLANE('',#4111);
#4111=AXIS2_PLACEMENT_3D('',#4112,#4113,#4114);
#4112=CARTESIAN_POINT('',(-9.64544826719043,5.,-10.85));
#4113=DIRECTION('',(-0.866025403784439,2.96059473233375E-16,-0.5));
#4114=DIRECTION('',(-0.5,0.,0.866025403784439));
#4115=FACE_BOUND('',#4116,.T.);
#4116=EDGE_LOOP('',(#5873,#5874,#5875,#5876));
#4117=PLANE('',#4118);
#4118=AXIS2_PLACEMENT_3D('',#4119,#4120,#4121);
#4119=CARTESIAN_POINT('',(-6.35455173280956,5.,-10.85));
#4120=DIRECTION('',(5.39778999686615E-16,0.,-1.));
#4121=DIRECTION('',(-1.,0.,-5.39778999686615E-16));
#4122=FACE_BOUND('',#4123,.T.);
#4123=EDGE_LOOP('',(#5877,#5878,#5879,#5880));
#4124=CYLINDRICAL_SURFACE('',#4125,4.);
#4125=AXIS2_PLACEMENT_3D('',#4126,#4127,#4128);
#4126=CARTESIAN_POINT('',(-18.4695332569744,4.07010258210249E-16,21.1953599727448));
#4127=DIRECTION('',(0.,-1.,0.));
#4128=DIRECTION('',(-0.34202014332564,0.,0.939692620785919));
#4129=FACE_BOUND('',#4130,.T.);
#4130=EDGE_LOOP('',(#5881,#5882,#5883,#5884,#5885,#5886));
#4131=PLANE('',#4132);
#4132=AXIS2_PLACEMENT_3D('',#4133,#4134,#4135);
#4133=CARTESIAN_POINT('',(-8.45789947592837,-2.06675921453731E-15,21.5002122377981));
#4134=DIRECTION('',(-7.105427357601E-16,0.,-1.));
#4135=DIRECTION('',(0.,1.,0.));
#4136=FACE_BOUND('',#4137,.T.);
#4137=EDGE_LOOP('',(#5887,#5888,#5889,#5890,#5891,#5892));
#4138=PLANE('',#4139);
#4139=AXIS2_PLACEMENT_3D('',#4140,#4141,#4142);
#4140=CARTESIAN_POINT('',(-8.45789947592838,6.,11.5002122377981));
#4141=DIRECTION('',(3.5527136788005E-16,0.,1.));
#4142=DIRECTION('',(0.,-1.,0.));
#4143=FACE_BOUND('',#4144,.T.);
#4144=EDGE_LOOP('',(#5893,#5894,#5895,#5896));
#4145=CYLINDRICAL_SURFACE('',#4146,4.);
#4146=AXIS2_PLACEMENT_3D('',#4147,#4148,#4149);
#4147=CARTESIAN_POINT('',(-18.4892457756475,-4.82262556018332E-16,12.));
#4148=DIRECTION('',(0.,1.,0.));
#4149=DIRECTION('',(1.77635683940025E-15,0.,-1.));
#4150=FACE_BOUND('',#4151,.T.);
#4151=EDGE_LOOP('',(#5897,#5898,#5899,#5900,#5901,#5902));
#4152=PLANE('',#4153);
#4153=AXIS2_PLACEMENT_3D('',#4154,#4155,#4156);
#4154=CARTESIAN_POINT('',(9.18485099360515E-16,-6.12323399573677E-16,5.));
#4155=DIRECTION('',(-1.77635683940025E-16,1.48029736616688E-16,-1.));
#4156=DIRECTION('',(3.28692043842088E-32,1.,1.48029736616688E-16));
#4157=FACE_BOUND('',#4158,.T.);
#4158=EDGE_LOOP('',(#5903,#5904,#5905,#5906,#5907,#5908,#5909,#5910));
#4159=FACE_BOUND('',#4160,.T.);
#4160=EDGE_LOOP('',(#5911));
#4161=PLANE('',#4162);
#4162=AXIS2_PLACEMENT_3D('',#4163,#4164,#4165);
#4163=CARTESIAN_POINT('',(-9.18485099360515E-16,6.12323399573677E-16,-5.));
#4164=DIRECTION('',(-2.17540971751502E-32,-1.,-1.22464679914735E-16));
#4165=DIRECTION('',(-1.83697019872103E-16,1.22464679914735E-16,-1.));
#4166=FACE_BOUND('',#4167,.T.);
#4167=EDGE_LOOP('',(#5912,#5913,#5914,#5915,#5916,#5917));
#4168=PLANE('',#4169);
#4169=AXIS2_PLACEMENT_3D('',#4170,#4171,#4172);
#4170=CARTESIAN_POINT('',(-9.18485099360514E-16,6.,-5.));
#4171=DIRECTION('',(1.77635683940025E-16,-2.96059473233375E-16,1.));
#4172=DIRECTION('',(-6.57384087684176E-32,-1.,-2.96059473233375E-16));
#4173=FACE_BOUND('',#4174,.T.);
#4174=EDGE_LOOP('',(#5918,#5919,#5920,#5921,#5922));
#4175=CYLINDRICAL_SURFACE('',#4176,6.);
#4176=AXIS2_PLACEMENT_3D('',#4177,#4178,#4179);
#4177=CARTESIAN_POINT('',(-15.,-7.3164121796371E-18,0.126602827660397));
#4178=DIRECTION('',(-1.,0.,1.83697019872103E-16));
#4179=DIRECTION('',(1.49204756201998E-16,0.583333333348299,0.812232862056665));
#4180=FACE_BOUND('',#4181,.T.);
#4181=EDGE_LOOP('',(#5923,#5924,#5925,#5926));
#4182=(BOUNDED_SURFACE()B_SPLINE_SURFACE(3,2,(
(#4183,#4184,#4185),
(#4186,#4187,#4188),
(#4189,#4190,#4191),
(#4192,#4193,#4194)),
.UNSPECIFIED.,.F.,.F.,.F.)B_SPLINE_SURFACE_WITH_KNOTS((4,4),
(3,3),
(-1.35481741617982E-5,1.00001323349079),
(0.,1.),
.UNSPECIFIED.)GEOMETRIC_REPRESENTATION_ITEM()RATIONAL_B_SPLINE_SURFACE((
(1.,0.74998283595744,1.),
(1.,0.737122229457896,1.),
(1.,0.722879326842439,1.),
(1.,0.707106154946172,1.)))REPRESENTATION_ITEM('')SURFACE());
#4183=CARTESIAN_POINT('',(-22.4578994759284,3.49999163779305,11.5002059661539));
#4184=CARTESIAN_POINT('',(-22.0190701136231,3.45835753120194,8.));
#4185=CARTESIAN_POINT('',(-18.5069884752897,3.12514741846261,8.));
#4186=CARTESIAN_POINT('',(-22.4578994759284,3.70574020870316,11.6545112648027));
#4187=CARTESIAN_POINT('',(-22.1384206960197,3.68849465326706,8.00000000000001));
#4188=CARTESIAN_POINT('',(-18.4797818147706,3.41463820829578,8.00000000000001));
#4189=CARTESIAN_POINT('',(-22.4578994759284,3.90194863328249,11.8215349605088));
#4190=CARTESIAN_POINT('',(-22.28320254023,3.90565876843438,8.));
#4191=CARTESIAN_POINT('',(-18.4582063731666,3.73012199079364,7.99999999999999));
#4192=CARTESIAN_POINT('',(-22.4578994759284,4.08712503665853,12.0000070850979));
#4193=CARTESIAN_POINT('',(-22.4579065610383,4.08712503664644,8.));
#4194=CARTESIAN_POINT('',(-18.4578994759402,4.08713186500403,8.));
#4195=FACE_BOUND('',#4196,.T.);
#4196=EDGE_LOOP('',(#5927,#5928,#5929,#5930,#5931,#5932,#5933));
#4197=CYLINDRICAL_SURFACE('',#4198,6.24999999999994);
#4198=AXIS2_PLACEMENT_3D('',#4199,#4200,#4201);
#4199=CARTESIAN_POINT('',(-23.4578994759284,-0.249999999999948,16.5002122377981));
#4200=DIRECTION('',(-1.,0.,2.368475785867E-16));
#4201=DIRECTION('',(1.89478062869361E-16,0.599999999999994,0.800000000000004));
#4202=FACE_BOUND('',#4203,.T.);
#4203=EDGE_LOOP('',(#5934,#5935,#5936,#5937));
#4204=(BOUNDED_SURFACE()B_SPLINE_SURFACE(3,2,(
(#4205,#4206,#4207),
(#4208,#4209,#4210),
(#4211,#4212,#4213),
(#4214,#4215,#4216)),
.UNSPECIFIED.,.F.,.F.,.F.)B_SPLINE_SURFACE_WITH_KNOTS((4,4),
(3,3),
(-2.0947032590213E-5,1.00002032045004),
(0.,1.),
.UNSPECIFIED.)GEOMETRIC_REPRESENTATION_ITEM()RATIONAL_B_SPLINE_SURFACE((
(1.,0.84042955131259,1.),
(1.,0.833759515606503,1.),
(1.,0.826670854027616,1.),
(1.,0.819151585919998,1.)))REPRESENTATION_ITEM('')SURFACE());
#4205=CARTESIAN_POINT('',(-22.4578994759284,3.49999200302643,21.5002182355183));
#4206=CARTESIAN_POINT('',(-22.2633260415392,3.43265674250062,24.0712434140929));
#4207=CARTESIAN_POINT('',(-19.8444733508183,3.26947657806772,24.95163379459));
#4208=CARTESIAN_POINT('',(-22.4578994759284,3.62725480347292,21.4047722724635));
#4209=CARTESIAN_POINT('',(-22.3205836910114,3.58191883784758,24.050403334001));
#4210=CARTESIAN_POINT('',(-19.833193313589,3.45918645305804,24.9557393923829));
#4211=CARTESIAN_POINT('',(-22.4578994759284,3.7508713412333,21.3044647764963));
#4212=CARTESIAN_POINT('',(-22.3851304219275,3.7287205014457,24.0269102452283));
#4213=CARTESIAN_POINT('',(-19.8260025686409,3.65891981131064,24.9583566095062));
#4214=CARTESIAN_POINT('',(-22.4578994759284,3.87048153825252,21.1995879296236));
#4215=CARTESIAN_POINT('',(-22.4579039524561,3.87048296685898,24.0004228462734));
#4216=CARTESIAN_POINT('',(-19.82598004924,3.87048714384319,24.9583648058978));
#4217=FACE_BOUND('',#4218,.T.);
#4218=EDGE_LOOP('',(#5938,#5939,#5940,#5941,#5942));
#4219=PLANE('',#4220);
#4220=AXIS2_PLACEMENT_3D('',#4221,#4222,#4223);
#4221=CARTESIAN_POINT('',(-8.45789947592837,6.,21.5002122377981));
#4222=DIRECTION('',(-1.26217744835362E-31,-1.,-1.77635683940025E-16));
#4223=DIRECTION('',(-3.5527136788005E-16,1.77635683940025E-16,-1.));
#4224=FACE_BOUND('',#4225,.T.);
#4225=EDGE_LOOP('',(#5943,#5944,#5945,#5946,#5947));
#4226=PLANE('',#4227);
#4227=AXIS2_PLACEMENT_3D('',#4228,#4229,#4230);
#4228=CARTESIAN_POINT('',(9.18485099360515E-16,6.,5.));
#4229=DIRECTION('',(-3.15544362088405E-32,-1.,-1.77635683940025E-16));
#4230=DIRECTION('',(-1.83697019872103E-16,1.77635683940025E-16,-1.));
#4231=FACE_BOUND('',#4232,.T.);
#4232=EDGE_LOOP('',(#5948,#5949,#5950,#5951,#5952,#5953));
#4233=FACE_BOUND('',#4234,.T.);
#4234=EDGE_LOOP('',(#5954));
#4235=PLANE('',#4236);
#4236=AXIS2_PLACEMENT_3D('',#4237,#4238,#4239);
#4237=CARTESIAN_POINT('',(1.52841800386571E-31,5.,3.88578058618805E-16));
#4238=DIRECTION('',(1.4791141972894E-32,1.,1.66533453693773E-16));
#4239=DIRECTION('',(6.12323399573677E-17,-1.66533453693773E-16,1.));
#4240=FACE_BOUND('',#4241,.T.);
#4241=EDGE_LOOP('',(#5955,#5956,#5957));
#4242=PLANE('',#4243);
#4243=AXIS2_PLACEMENT_3D('',#4244,#4245,#4246);
#4244=CARTESIAN_POINT('',(-8.45789947592838,-1.01034660511357E-15,16.5002122377981));
#4245=DIRECTION('',(1.,0.,-1.83697019872103E-16));
#4246=DIRECTION('',(-1.83697019872103E-16,1.22464679914735E-16,-1.));
#4247=FACE_BOUND('',#4248,.T.);
#4248=EDGE_LOOP('',(#5958,#5959,#5960));
#4249=PLANE('',#4250);
#4250=AXIS2_PLACEMENT_3D('',#4251,#4252,#4253);
#4251=CARTESIAN_POINT('',(-8.45789947592838,-1.01034660511357E-15,16.5002122377981));
#4252=DIRECTION('',(1.,0.,-1.83697019872103E-16));
#4253=DIRECTION('',(-1.83697019872103E-16,1.22464679914735E-16,-1.));
#4254=FACE_BOUND('',#4255,.T.);
#4255=EDGE_LOOP('',(#5961,#5962,#5963));
#4256=PLANE('',#4257);
#4257=AXIS2_PLACEMENT_3D('',#4258,#4259,#4260);
#4258=CARTESIAN_POINT('',(0.,0.,0.));
#4259=DIRECTION('',(1.,0.,-1.83697019872103E-16));
#4260=DIRECTION('',(-1.83697019872103E-16,1.22464679914735E-16,-1.));
#4261=FACE_OUTER_BOUND('',#4262,.T.);
#4262=EDGE_LOOP('',(#5964));
#4263=FACE_OUTER_BOUND('',#4264,.T.);
#4264=EDGE_LOOP('',(#5965));
#4265=CYLINDRICAL_SURFACE('',#4266,1.7);
#4266=AXIS2_PLACEMENT_3D('',#4267,#4268,#4269);
#4267=CARTESIAN_POINT('',(-8.,-32.,-8.));
#4268=DIRECTION('',(1.4791141972894E-32,1.,1.66533453693773E-16));
#4269=DIRECTION('',(1.,-1.4791141972894E-32,-2.46321995682097E-48));
#4270=FACE_BOUND('',#4271,.T.);
#4271=EDGE_LOOP('',(#5966,#5967,#5968));
#4272=PLANE('',#4273);
#4273=AXIS2_PLACEMENT_3D('',#4274,#4275,#4276);
#4274=CARTESIAN_POINT('',(0.,0.,0.));
#4275=DIRECTION('',(1.,0.,-1.83697019872103E-16));
#4276=DIRECTION('',(-1.83697019872103E-16,1.22464679914735E-16,-1.));
#4277=FACE_BOUND('',#4278,.T.);
#4278=EDGE_LOOP('',(#5969,#5970,#5971,#5972,#5973,#5974,#5975,#5976,#5977));
#4279=FACE_BOUND('',#4280,.T.);
#4280=EDGE_LOOP('',(#5978));
#4281=PLANE('',#4282);
#4282=AXIS2_PLACEMENT_3D('',#4283,#4284,#4285);
#4283=CARTESIAN_POINT('',(9.18485099360515E-16,-6.12323399573677E-16,5.));
#4284=DIRECTION('',(2.17540971751502E-32,1.,1.22464679914735E-16));
#4285=DIRECTION('',(1.83697019872103E-16,-1.22464679914735E-16,1.));
#4286=FACE_BOUND('',#4287,.T.);
#4287=EDGE_LOOP('',(#5979,#5980,#5981,#5982,#5983,#5984,#5985));
#4288=FACE_BOUND('',#4289,.T.);
#4289=EDGE_LOOP('',(#5986));
#4290=PLANE('',#4291);
#4291=AXIS2_PLACEMENT_3D('',#4292,#4293,#4294);
#4292=CARTESIAN_POINT('',(-8.45789947592837,-1.62267000468725E-15,21.5002122377981));
#4293=DIRECTION('',(0.,1.,1.22464679914735E-16));
#4294=DIRECTION('',(0.,-1.22464679914735E-16,1.));
#4295=FACE_BOUND('',#4296,.T.);
#4296=EDGE_LOOP('',(#5987,#5988,#5989,#5990,#5991,#5992,#5993,#5994,#5995,#5996,
#5997,#5998,#5999,#6000,#6001,#6002,#6003,#6004,#6005,#6006,#6007));
#4297=FACE_BOUND('',#4298,.T.);
#4298=EDGE_LOOP('',(#6008));
#4299=FACE_BOUND('',#4300,.T.);
#4300=EDGE_LOOP('',(#6009));
#4301=FACE_BOUND('',#4302,.T.);
#4302=EDGE_LOOP('',(#6010));
#4303=PLANE('',#4304);
#4304=AXIS2_PLACEMENT_3D('',#4305,#4306,#4307);
#4305=CARTESIAN_POINT('',(1.46957615897682E-15,-8.,8.));
#4306=DIRECTION('',(-2.95822839457879E-32,-1.,-1.66533453693773E-16));
#4307=DIRECTION('',(-1.83697019872103E-16,1.66533453693773E-16,-1.));
#4308=FACE_OUTER_BOUND('',#4309,.T.);
#4309=EDGE_LOOP('',(#6011));
#4310=FACE_OUTER_BOUND('',#4311,.T.);
#4311=EDGE_LOOP('',(#6012));
#4312=CYLINDRICAL_SURFACE('',#4313,1.7);
#4313=AXIS2_PLACEMENT_3D('',#4314,#4315,#4316);
#4314=CARTESIAN_POINT('',(-4.,-32.,7.99999999999999));
#4315=DIRECTION('',(1.4791141972894E-32,1.,1.66533453693773E-16));
#4316=DIRECTION('',(1.,-1.4791141972894E-32,-2.46321995682097E-48));
#4317=FACE_OUTER_BOUND('',#4318,.T.);
#4318=EDGE_LOOP('',(#6013));
#4319=FACE_OUTER_BOUND('',#4320,.T.);
#4320=EDGE_LOOP('',(#6014));
#4321=CYLINDRICAL_SURFACE('',#4322,1.7);
#4322=AXIS2_PLACEMENT_3D('',#4323,#4324,#4325);
#4323=CARTESIAN_POINT('',(-8.,-32.,25.0004244755963));
#4324=DIRECTION('',(1.4791141972894E-32,1.,1.66533453693773E-16));
#4325=DIRECTION('',(1.,-1.4791141972894E-32,-2.46321995682097E-48));
#4326=FACE_BOUND('',#4327,.T.);
#4327=EDGE_LOOP('',(#6015,#6016,#6017,#6018));
#4328=CYLINDRICAL_SURFACE('',#4329,3.);
#4329=AXIS2_PLACEMENT_3D('',#4330,#4331,#4332);
#4330=CARTESIAN_POINT('',(3.54210052407162,-20.,11.));
#4331=DIRECTION('',(0.,-1.,0.));
#4332=DIRECTION('',(-1.,0.,5.9211894646675E-16));
#4333=FACE_BOUND('',#4334,.T.);
#4334=EDGE_LOOP('',(#6019,#6020,#6021,#6022));
#4335=PLANE('',#4336);
#4336=AXIS2_PLACEMENT_3D('',#4337,#4338,#4339);
#4337=CARTESIAN_POINT('',(1.46957615897682E-15,-9.79717439317883E-16,8.));
#4338=DIRECTION('',(1.77635683940025E-16,-1.11022302462516E-16,1.));
#4339=DIRECTION('',(-2.46519032881566E-32,-1.,-1.11022302462516E-16));
#4340=FACE_BOUND('',#4341,.T.);
#4341=EDGE_LOOP('',(#6023,#6024,#6025,#6026));
#4342=PLANE('',#4343);
#4343=AXIS2_PLACEMENT_3D('',#4344,#4345,#4346);
#4344=CARTESIAN_POINT('',(9.,0.,-1.65327317884893E-15));
#4345=DIRECTION('',(1.,0.,-1.83697019872103E-16));
#4346=DIRECTION('',(1.12481983699639E-32,1.,6.12323399573677E-17));
#4347=FACE_BOUND('',#4348,.T.);
#4348=EDGE_LOOP('',(#6027,#6028,#6029,#6030,#6031,#6032));
#4349=PLANE('',#4350);
#4350=AXIS2_PLACEMENT_3D('',#4351,#4352,#4353);
#4351=CARTESIAN_POINT('',(9.18485099360515E-16,-6.,5.));
#4352=DIRECTION('',(-1.77635683940025E-16,1.48029736616688E-16,-1.));
#4353=DIRECTION('',(3.28692043842088E-32,1.,1.48029736616688E-16));
#4354=FACE_BOUND('',#4355,.T.);
#4355=EDGE_LOOP('',(#6033,#6034,#6035,#6036,#6037));
#4356=CYLINDRICAL_SURFACE('',#4357,3.);
#4357=AXIS2_PLACEMENT_3D('',#4358,#4359,#4360);
#4358=CARTESIAN_POINT('',(-17.,-20.,5.));
#4359=DIRECTION('',(0.,1.,1.94289029309402E-16));
#4360=DIRECTION('',(0.,-1.94289029309402E-16,1.));
#4361=FACE_BOUND('',#4362,.T.);
#4362=EDGE_LOOP('',(#6038,#6039,#6040,#6041,#6042,#6043));
#4363=PLANE('',#4364);
#4364=AXIS2_PLACEMENT_3D('',#4365,#4366,#4367);
#4365=CARTESIAN_POINT('',(-22.4578994759284,-8.,8.));
#4366=DIRECTION('',(-1.90323947078598E-16,2.22044604925031E-16,-1.));
#4367=DIRECTION('',(0.,1.,2.22044604925031E-16));
#4368=FACE_BOUND('',#4369,.T.);
#4369=EDGE_LOOP('',(#6044,#6045,#6046,#6047));
#4370=PLANE('',#4371);
#4371=AXIS2_PLACEMENT_3D('',#4372,#4373,#4374);
#4372=CARTESIAN_POINT('',(-22.4578994759284,-1.01034660511357E-15,16.5002122377981));
#4373=DIRECTION('',(1.,0.,-1.83697019872103E-16));
#4374=DIRECTION('',(-1.83697019872103E-16,1.22464679914735E-16,-1.));
#4375=FACE_BOUND('',#4376,.T.);
#4376=EDGE_LOOP('',(#6048,#6049,#6050,#6051,#6052,#6053));
#4377=PLANE('',#4378);
#4378=AXIS2_PLACEMENT_3D('',#4379,#4380,#4381);
#4379=CARTESIAN_POINT('',(-8.45789947592838,-3.98023205539897E-16,11.5002122377981));
#4380=DIRECTION('',(0.,0.,1.));
#4381=DIRECTION('',(0.,-1.,0.));
#4382=FACE_BOUND('',#4383,.T.);
#4383=EDGE_LOOP('',(#6054,#6055,#6056,#6057,#6058,#6059,#6060,#6061));
#4384=PLANE('',#4385);
#4385=AXIS2_PLACEMENT_3D('',#4386,#4387,#4388);
#4386=CARTESIAN_POINT('',(0.542100524071625,-1.01034660511357E-15,16.5002122377981));
#4387=DIRECTION('',(1.,0.,-1.83697019872103E-16));
#4388=DIRECTION('',(-1.83697019872103E-16,1.22464679914735E-16,-1.));
#4389=FACE_BOUND('',#4390,.T.);
#4390=EDGE_LOOP('',(#6062,#6063,#6064,#6065,#6066,#6067));
#4391=PLANE('',#4392);
#4392=AXIS2_PLACEMENT_3D('',#4393,#4394,#4395);
#4393=CARTESIAN_POINT('',(-22.4578994759284,-52.9697290334555,24.0004244755963));
#4394=DIRECTION('',(0.342020143325668,-6.81739289480895E-17,-0.939692620785909));
#4395=DIRECTION('',(0.,1.,-7.2549179848909E-17));
#4396=FACE_BOUND('',#4397,.T.);
#4397=EDGE_LOOP('',(#6068,#6069,#6070,#6071));
#4398=PLANE('',#4399);
#4399=AXIS2_PLACEMENT_3D('',#4400,#4401,#4402);
#4400=CARTESIAN_POINT('',(-22.4578994759284,-9.00000000000001,30.0004244755963));
#4401=DIRECTION('',(0.,0.,1.));
#4402=DIRECTION('',(1.,0.,0.));
#4403=FACE_BOUND('',#4404,.T.);
#4404=EDGE_LOOP('',(#6072,#6073,#6074,#6075,#6076,#6077));
#4405=PLANE('',#4406);
#4406=AXIS2_PLACEMENT_3D('',#4407,#4408,#4409);
#4407=CARTESIAN_POINT('',(-8.45789947592837,-6.,21.5002122377981));
#4408=DIRECTION('',(0.,0.,-1.));
#4409=DIRECTION('',(0.,1.,0.));
#4410=FACE_BOUND('',#4411,.T.);
#4411=EDGE_LOOP('',(#6078,#6079,#6080,#6081,#6082,#6083));
#4412=PLANE('',#4413);
#4413=AXIS2_PLACEMENT_3D('',#4414,#4415,#4416);
#4414=CARTESIAN_POINT('',(-14.,0.,2.57175827820944E-15));
#4415=DIRECTION('',(1.,0.,-1.83697019872103E-16));
#4416=DIRECTION('',(1.12481983699639E-32,1.,6.12323399573677E-17));
#4417=FACE_BOUND('',#4418,.T.);
#4418=EDGE_LOOP('',(#6084,#6085,#6086,#6087));
#4419=PLANE('',#4420);
#4420=AXIS2_PLACEMENT_3D('',#4421,#4422,#4423);
#4421=CARTESIAN_POINT('',(-4.24243225822749,-9.00000000000001,-13.));
#4422=DIRECTION('',(0.,0.,-1.));
#4423=DIRECTION('',(-1.,0.,0.));
#4424=FACE_BOUND('',#4425,.T.);
#4425=EDGE_LOOP('',(#6088,#6089,#6090,#6091));
#4426=PLANE('',#4427);
#4427=AXIS2_PLACEMENT_3D('',#4428,#4429,#4430);
#4428=CARTESIAN_POINT('',(0.757567741636132,-9.00000000000001,-8.));
#4429=DIRECTION('',(0.70710678119619,6.97818870516606E-17,-0.707106781176905));
#4430=DIRECTION('',(-0.707106781176905,0.,-0.70710678119619));
#4431=FACE_BOUND('',#4432,.T.);
#4432=EDGE_LOOP('',(#6092,#6093,#6094,#6095,#6096));
#4433=PLANE('',#4434);
#4434=AXIS2_PLACEMENT_3D('',#4435,#4436,#4437);
#4435=CARTESIAN_POINT('',(9.,-30.4848645167277,-5.00000000000001));
#4436=DIRECTION('',(-0.342020143325668,-2.83616038800471E-16,0.939692620785909));
#4437=DIRECTION('',(2.03743779544198E-32,1.,3.01817884409127E-16));
#4438=FACE_OUTER_BOUND('',#4439,.T.);
#4439=EDGE_LOOP('',(#6097));
#4440=FACE_OUTER_BOUND('',#4441,.T.);
#4441=EDGE_LOOP('',(#6098));
#4442=CYLINDRICAL_SURFACE('',#4443,1.7);
#4443=AXIS2_PLACEMENT_3D('',#4444,#4445,#4446);
#4444=CARTESIAN_POINT('',(-8.,-32.,-8.));
#4445=DIRECTION('',(1.4791141972894E-32,1.,1.66533453693773E-16));
#4446=DIRECTION('',(1.,-1.4791141972894E-32,-2.46321995682097E-48));
#4447=FACE_BOUND('',#4448,.T.);
#4448=EDGE_LOOP('',(#6099,#6100,#6101,#6102,#6103,#6104));
#4449=PLANE('',#4450);
#4450=AXIS2_PLACEMENT_3D('',#4451,#4452,#4453);
#4451=CARTESIAN_POINT('',(-9.18485099360515E-16,-6.,-5.));
#4452=DIRECTION('',(3.15544362088405E-32,1.,1.77635683940025E-16));
#4453=DIRECTION('',(1.83697019872103E-16,-1.77635683940025E-16,1.));
#4454=FACE_BOUND('',#4455,.T.);
#4455=EDGE_LOOP('',(#6105,#6106,#6107));
#4456=PLANE('',#4457);
#4457=AXIS2_PLACEMENT_3D('',#4458,#4459,#4460);
#4458=CARTESIAN_POINT('',(0.,0.,0.));
#4459=DIRECTION('',(1.,0.,-1.83697019872103E-16));
#4460=DIRECTION('',(-1.83697019872103E-16,1.22464679914735E-16,-1.));
#4461=FACE_BOUND('',#4462,.T.);
#4462=EDGE_LOOP('',(#6108,#6109,#6110,#6111,#6112));
#4463=CYLINDRICAL_SURFACE('',#4464,6.);
#4464=AXIS2_PLACEMENT_3D('',#4465,#4466,#4467);
#4465=CARTESIAN_POINT('',(-17.,-7.3164121801073E-18,0.126602827531816));
#4466=DIRECTION('',(-1.,0.,1.83697019872103E-16));
#4467=DIRECTION('',(-1.5695694358032E-16,-0.519560269441115,-0.854433804585397));
#4468=FACE_BOUND('',#4469,.T.);
#4469=EDGE_LOOP('',(#6113,#6114,#6115,#6116,#6117,#6118,#6119));
#4470=CYLINDRICAL_SURFACE('',#4471,6.24999999999994);
#4471=AXIS2_PLACEMENT_3D('',#4472,#4473,#4474);
#4472=CARTESIAN_POINT('',(-22.4578994759284,0.249999999999944,16.5002122377981));
#4473=DIRECTION('',(-1.,0.,2.53765262771464E-16));
#4474=DIRECTION('',(-2.03012210217172E-16,-0.599999999999996,-0.800000000000003));
#4475=FACE_BOUND('',#4476,.T.);
#4476=EDGE_LOOP('',(#6120,#6121,#6122));
#4477=PLANE('',#4478);
#4478=AXIS2_PLACEMENT_3D('',#4479,#4480,#4481);
#4479=CARTESIAN_POINT('',(-8.45789947592838,-1.01034660511357E-15,16.5002122377981));
#4480=DIRECTION('',(1.,0.,-1.83697019872103E-16));
#4481=DIRECTION('',(-1.83697019872103E-16,1.22464679914735E-16,-1.));
#4482=FACE_BOUND('',#4483,.T.);
#4483=EDGE_LOOP('',(#6123,#6124,#6125,#6126,#6127));
#4484=PLANE('',#4485);
#4485=AXIS2_PLACEMENT_3D('',#4486,#4487,#4488);
#4486=CARTESIAN_POINT('',(-8.45789947592838,-6.,11.5002122377981));
#4487=DIRECTION('',(0.,1.,1.77635683940025E-16));
#4488=DIRECTION('',(3.5527136788005E-16,-1.77635683940025E-16,1.));
#4489=FACE_BOUND('',#4490,.T.);
#4490=EDGE_LOOP('',(#6128,#6129,#6130));
#4491=PLANE('',#4492);
#4492=AXIS2_PLACEMENT_3D('',#4493,#4494,#4495);
#4493=CARTESIAN_POINT('',(-8.45789947592838,-1.01034660511357E-15,16.5002122377981));
#4494=DIRECTION('',(1.,0.,-1.83697019872103E-16));
#4495=DIRECTION('',(-1.83697019872103E-16,1.22464679914735E-16,-1.));
#4496=FACE_BOUND('',#4497,.T.);
#4497=EDGE_LOOP('',(#6131,#6132,#6133,#6134,#6135,#6136));
#4498=PLANE('',#4499);
#4499=AXIS2_PLACEMENT_3D('',#4500,#4501,#4502);
#4500=CARTESIAN_POINT('',(-9.18485099360515E-16,6.12323399573677E-16,-5.));
#4501=DIRECTION('',(1.77635683940025E-16,0.,1.));
#4502=DIRECTION('',(0.,-1.,0.));
#4503=FACE_BOUND('',#4504,.T.);
#4504=EDGE_LOOP('',(#6137,#6138,#6139,#6140,#6141,#6142,#6143,#6144));
#4505=FACE_BOUND('',#4506,.T.);
#4506=EDGE_LOOP('',(#6145));
#4507=PLANE('',#4508);
#4508=AXIS2_PLACEMENT_3D('',#4509,#4510,#4511);
#4509=CARTESIAN_POINT('',(-1.46957615897682E-15,9.79717439317883E-16,-8.));
#4510=DIRECTION('',(2.17540971751502E-32,1.,1.22464679914735E-16));
#4511=DIRECTION('',(1.83697019872103E-16,-1.22464679914735E-16,1.));
#4512=FACE_BOUND('',#4513,.T.);
#4513=EDGE_LOOP('',(#6146,#6147,#6148));
#4514=PLANE('',#4515);
#4515=AXIS2_PLACEMENT_3D('',#4516,#4517,#4518);
#4516=CARTESIAN_POINT('',(0.,0.,0.));
#4517=DIRECTION('',(1.,0.,-1.83697019872103E-16));
#4518=DIRECTION('',(-1.83697019872103E-16,1.22464679914735E-16,-1.));
#4519=FACE_BOUND('',#4520,.T.);
#4520=EDGE_LOOP('',(#6149,#6150,#6151,#6152,#6153,#6154));
#4521=CYLINDRICAL_SURFACE('',#4522,4.);
#4522=AXIS2_PLACEMENT_3D('',#4523,#4524,#4525);
#4523=CARTESIAN_POINT('',(5.,16.,4.));
#4524=DIRECTION('',(0.,1.,1.33226762955019E-16));
#4525=DIRECTION('',(0.,-1.33226762955019E-16,1.));
#4526=FACE_BOUND('',#4527,.T.);
#4527=EDGE_LOOP('',(#6155,#6156,#6157,#6158));
#4528=CYLINDRICAL_SURFACE('',#4529,4.);
#4529=AXIS2_PLACEMENT_3D('',#4530,#4531,#4532);
#4530=CARTESIAN_POINT('',(-18.4578994759284,-24.,12.));
#4531=DIRECTION('',(0.,-1.,-2.22044604925031E-16));
#4532=DIRECTION('',(-1.,0.,4.44089209850064E-16));
#4533=FACE_BOUND('',#4534,.T.);
#4534=EDGE_LOOP('',(#6159,#6160,#6161,#6162));
#4535=(BOUNDED_SURFACE()B_SPLINE_SURFACE(3,2,(
(#4536,#4537,#4538),
(#4539,#4540,#4541),
(#4542,#4543,#4544),
(#4545,#4546,#4547)),
.UNSPECIFIED.,.F.,.F.,.F.)B_SPLINE_SURFACE_WITH_KNOTS((4,4),
(3,3),
(-1.32334907862477E-5,1.00001354817416),
(0.,1.),
.UNSPECIFIED.)GEOMETRIC_REPRESENTATION_ITEM()RATIONAL_B_SPLINE_SURFACE((
(1.,0.707106154946171,1.),
(1.,0.72287932684244,1.),
(1.,0.737122229457897,1.),
(1.,0.749982835957442,1.)))REPRESENTATION_ITEM('')SURFACE());
#4536=CARTESIAN_POINT('',(-18.4578994759402,-4.08713186500406,8.));
#4537=CARTESIAN_POINT('',(-22.4579065610383,-4.08712503664646,8.));
#4538=CARTESIAN_POINT('',(-22.4578994759284,-4.08712503665856,12.0000070850979));
#4539=CARTESIAN_POINT('',(-18.4582063731666,-3.73012199079365,8.00000000000001));
#4540=CARTESIAN_POINT('',(-22.28320254023,-3.9056587684344,8.));
#4541=CARTESIAN_POINT('',(-22.4578994759284,-3.90194863328251,11.8215349605088));
#4542=CARTESIAN_POINT('',(-18.4797818147705,-3.41463820829578,8.));
#4543=CARTESIAN_POINT('',(-22.1384206960196,-3.68849465326707,8.00000000000001));
#4544=CARTESIAN_POINT('',(-22.4578994759284,-3.70574020870318,11.6545112648027));
#4545=CARTESIAN_POINT('',(-18.5069884752897,-3.12514741846261,8.));
#4546=CARTESIAN_POINT('',(-22.0190701136231,-3.45835753120194,8.));
#4547=CARTESIAN_POINT('',(-22.4578994759284,-3.49999163779306,11.5002059661539));
#4548=FACE_BOUND('',#4549,.T.);
#4549=EDGE_LOOP('',(#6163,#6164,#6165,#6166));
#4550=CYLINDRICAL_SURFACE('',#4551,4.);
#4551=AXIS2_PLACEMENT_3D('',#4552,#4553,#4554);
#4552=CARTESIAN_POINT('',(-18.4892457756475,-3.49999999999999,12.));
#4553=DIRECTION('',(0.,-1.,0.));
#4554=DIRECTION('',(-0.992163425070224,0.,-0.124946940550466));
#4555=FACE_BOUND('',#4556,.T.);
#4556=EDGE_LOOP('',(#6167,#6168,#6169,#6170));
#4557=CYLINDRICAL_SURFACE('',#4558,4.);
#4558=AXIS2_PLACEMENT_3D('',#4559,#4560,#4561);
#4559=CARTESIAN_POINT('',(-18.4578994759284,-24.,21.1995943227574));
#4560=DIRECTION('',(0.,-1.,0.));
#4561=DIRECTION('',(-0.342020143325668,0.,0.939692620785909));
#4562=FACE_BOUND('',#4563,.T.);
#4563=EDGE_LOOP('',(#6171,#6172,#6173,#6174));
#4564=(BOUNDED_SURFACE()B_SPLINE_SURFACE(3,2,(
(#4565,#4566,#4567),
(#4568,#4569,#4570),
(#4571,#4572,#4573),
(#4574,#4575,#4576)),
.UNSPECIFIED.,.F.,.F.,.F.)B_SPLINE_SURFACE_WITH_KNOTS((4,4),
(3,3),
(-2.03204500426246E-5,1.00002094703259),
(0.,1.),
.UNSPECIFIED.)GEOMETRIC_REPRESENTATION_ITEM()RATIONAL_B_SPLINE_SURFACE((
(1.,0.819151585919997,1.),
(1.,0.826670854027616,1.),
(1.,0.833759515606502,1.),
(1.,0.840429551312589,1.)))REPRESENTATION_ITEM('')SURFACE());
#4565=CARTESIAN_POINT('',(-22.4578994759284,-3.87048153825251,21.1995879296236));
#4566=CARTESIAN_POINT('',(-22.4579039524561,-3.87048296685897,24.0004228462734));
#4567=CARTESIAN_POINT('',(-19.82598004924,-3.87048714384318,24.9583648058978));
#4568=CARTESIAN_POINT('',(-22.4578994759284,-3.75087134123328,21.3044647764963));
#4569=CARTESIAN_POINT('',(-22.3851304219275,-3.72872050144569,24.0269102452283));
#4570=CARTESIAN_POINT('',(-19.8260025686409,-3.65891981131062,24.9583566095062));
#4571=CARTESIAN_POINT('',(-22.4578994759284,-3.62725480347291,21.4047722724634));
#4572=CARTESIAN_POINT('',(-22.3205836910114,-3.58191883784757,24.0504033340009));
#4573=CARTESIAN_POINT('',(-19.833193313589,-3.45918645305805,24.9557393923829));
#4574=CARTESIAN_POINT('',(-22.4578994759284,-3.49999200302642,21.5002182355183));
#4575=CARTESIAN_POINT('',(-22.2633260415393,-3.43265674250061,24.0712434140929));
#4576=CARTESIAN_POINT('',(-19.8444733508183,-3.26947657806772,24.95163379459));
#4577=FACE_BOUND('',#4578,.T.);
#4578=EDGE_LOOP('',(#6175,#6176,#6177,#6178));
#4579=CYLINDRICAL_SURFACE('',#4580,4.);
#4580=AXIS2_PLACEMENT_3D('',#4581,#4582,#4583);
#4581=CARTESIAN_POINT('',(-18.4695332569744,-3.49999999999994,21.1953599727448));
#4582=DIRECTION('',(0.,-1.,0.));
#4583=DIRECTION('',(-0.342020143325639,0.,0.939692620785919));
#4584=FACE_BOUND('',#4585,.T.);
#4585=EDGE_LOOP('',(#6179,#6180,#6181,#6182));
#4586=CYLINDRICAL_SURFACE('',#4587,4.);
#4587=AXIS2_PLACEMENT_3D('',#4588,#4589,#4590);
#4588=CARTESIAN_POINT('',(-3.45789947592837,-24.,26.0004244755963));
#4589=DIRECTION('',(0.,-1.,0.));
#4590=DIRECTION('',(1.,0.,0.));
#4591=FACE_BOUND('',#4592,.T.);
#4592=EDGE_LOOP('',(#6183,#6184,#6185,#6186));
#4593=CYLINDRICAL_SURFACE('',#4594,4.);
#4594=AXIS2_PLACEMENT_3D('',#4595,#4596,#4597);
#4595=CARTESIAN_POINT('',(-5.26772703636678,-24.,26.0004244755963));
#4596=DIRECTION('',(0.,1.,0.));
#4597=DIRECTION('',(-0.342020143325669,0.,0.939692620785908));
#4598=FACE_BOUND('',#4599,.T.);
#4599=EDGE_LOOP('',(#6187,#6188,#6189,#6190));
#4600=CYLINDRICAL_SURFACE('',#4601,4.);
#4601=AXIS2_PLACEMENT_3D('',#4602,#4603,#4604);
#4602=CARTESIAN_POINT('',(-10.,-24.,-9.));
#4603=DIRECTION('',(0.,-1.,0.));
#4604=DIRECTION('',(-1.,0.,-4.44089209850063E-16));
#4605=FACE_BOUND('',#4606,.T.);
#4606=EDGE_LOOP('',(#6191,#6192,#6193,#6194));
#4607=CYLINDRICAL_SURFACE('',#4608,4.);
#4608=AXIS2_PLACEMENT_3D('',#4609,#4610,#4611);
#4609=CARTESIAN_POINT('',(-5.89928650775183,-24.,-8.99999999999999));
#4610=DIRECTION('',(4.44089209850062E-17,-1.,0.));
#4611=DIRECTION('',(-2.22044604925031E-16,0.,-1.));
#4612=FACE_BOUND('',#4613,.T.);
#4613=EDGE_LOOP('',(#6195,#6196,#6197,#6198));
#4614=CYLINDRICAL_SURFACE('',#4615,4.);
#4615=AXIS2_PLACEMENT_3D('',#4616,#4617,#4618);
#4616=CARTESIAN_POINT('',(2.95894766917847,-24.,-11.4554743219672));
#4617=DIRECTION('',(-9.99200722162641E-17,1.,1.55431223447522E-16));
#4618=DIRECTION('',(-0.70710678119619,-1.80560632748099E-16,0.707106781176905));
#4619=FACE_BOUND('',#4620,.T.);
#4620=EDGE_LOOP('',(#6199,#6200,#6201,#6202,#6203,#6204,#6205,#6206,#6207,#6208,
#6209,#6210,#6211,#6212,#6213,#6214,#6215,#6216,#6217,#6218,#6219,#6220,#6221,#6222));
#4621=FACE_BOUND('',#4622,.T.);
#4622=EDGE_LOOP('',(#6223));
#4623=FACE_BOUND('',#4624,.T.);
#4624=EDGE_LOOP('',(#6224));
#4625=FACE_BOUND('',#4626,.T.);
#4626=EDGE_LOOP('',(#6225));
#4627=FACE_BOUND('',#4628,.T.);
#4628=EDGE_LOOP('',(#6226));
#4629=FACE_BOUND('',#4630,.T.);
#4630=EDGE_LOOP('',(#6227));
#4631=FACE_BOUND('',#4632,.T.);
#4632=EDGE_LOOP('',(#6228));
#4633=PLANE('',#4634);
#4634=AXIS2_PLACEMENT_3D('',#4635,#4636,#4637);
#4635=CARTESIAN_POINT('',(0.,0.,0.));
#4636=DIRECTION('',(0.,1.,6.12323399573677E-17));
#4637=DIRECTION('',(6.12323399573677E-17,6.12323399573677E-17,-1.));
#4638=FACE_BOUND('',#4639,.T.);
#4639=EDGE_LOOP('',(#6229,#6230,#6231,#6232,#6233,#6234,#6235,#6236,#6237,#6238,
#6239,#6240,#6241,#6242,#6243,#6244,#6245,#6246,#6247,#6248,#6249,#6250,#6251,#6252));
#4640=FACE_BOUND('',#4641,.T.);
#4641=EDGE_LOOP('',(#6253));
#4642=FACE_BOUND('',#4643,.T.);
#4643=EDGE_LOOP('',(#6254));
#4644=FACE_BOUND('',#4645,.T.);
#4645=EDGE_LOOP('',(#6255));
#4646=FACE_BOUND('',#4647,.T.);
#4647=EDGE_LOOP('',(#6256));
#4648=FACE_BOUND('',#4649,.T.);
#4649=EDGE_LOOP('',(#6257));
#4650=FACE_BOUND('',#4651,.T.);
#4651=EDGE_LOOP('',(#6258));
#4652=PLANE('',#4653);
#4653=AXIS2_PLACEMENT_3D('',#4654,#4655,#4656);
#4654=CARTESIAN_POINT('',(0.,10.,6.12323399573677E-16));
#4655=DIRECTION('',(0.,1.,6.12323399573677E-17));
#4656=DIRECTION('',(6.12323399573677E-17,6.12323399573677E-17,-1.));
#4657=FACE_OUTER_BOUND('',#4658,.T.);
#4658=EDGE_LOOP('',(#6259));
#4659=FACE_OUTER_BOUND('',#4660,.T.);
#4660=EDGE_LOOP('',(#6260));
#4661=CYLINDRICAL_SURFACE('',#4662,1.7);
#4662=AXIS2_PLACEMENT_3D('',#4663,#4664,#4665);
#4663=CARTESIAN_POINT('',(6.,2.81668763803891E-15,-46.));
#4664=DIRECTION('',(0.,1.,6.12323399573677E-17));
#4665=DIRECTION('',(6.12323399573677E-17,6.12323399573677E-17,-1.));
#4666=FACE_OUTER_BOUND('',#4667,.T.);
#4667=EDGE_LOOP('',(#6261));
#4668=FACE_OUTER_BOUND('',#4669,.T.);
#4669=EDGE_LOOP('',(#6262));
#4670=CYLINDRICAL_SURFACE('',#4671,1.7);
#4671=AXIS2_PLACEMENT_3D('',#4672,#4673,#4674);
#4672=CARTESIAN_POINT('',(-8.,2.81668763803891E-15,-46.));
#4673=DIRECTION('',(0.,1.,6.12323399573677E-17));
#4674=DIRECTION('',(6.12323399573677E-17,6.12323399573677E-17,-1.));
#4675=FACE_OUTER_BOUND('',#4676,.T.);
#4676=EDGE_LOOP('',(#6263));
#4677=FACE_OUTER_BOUND('',#4678,.T.);
#4678=EDGE_LOOP('',(#6264));
#4679=CYLINDRICAL_SURFACE('',#4680,1.7);
#4680=AXIS2_PLACEMENT_3D('',#4681,#4682,#4683);
#4681=CARTESIAN_POINT('',(-22.,2.81668763803891E-15,-46.));
#4682=DIRECTION('',(0.,1.,6.12323399573677E-17));
#4683=DIRECTION('',(6.12323399573677E-17,6.12323399573677E-17,-1.));
#4684=FACE_OUTER_BOUND('',#4685,.T.);
#4685=EDGE_LOOP('',(#6265));
#4686=FACE_OUTER_BOUND('',#4687,.T.);
#4687=EDGE_LOOP('',(#6266));
#4688=CYLINDRICAL_SURFACE('',#4689,1.7);
#4689=AXIS2_PLACEMENT_3D('',#4690,#4691,#4692);
#4690=CARTESIAN_POINT('',(5.99999999999999,-2.20436423846524E-15,36.));
#4691=DIRECTION('',(0.,1.,6.12323399573677E-17));
#4692=DIRECTION('',(6.12323399573677E-17,6.12323399573677E-17,-1.));
#4693=FACE_OUTER_BOUND('',#4694,.T.);
#4694=EDGE_LOOP('',(#6267));
#4695=FACE_OUTER_BOUND('',#4696,.T.);
#4696=EDGE_LOOP('',(#6268));
#4697=CYLINDRICAL_SURFACE('',#4698,1.7);
#4698=AXIS2_PLACEMENT_3D('',#4699,#4700,#4701);
#4699=CARTESIAN_POINT('',(-8.00000000000001,-2.20436423846524E-15,36.));
#4700=DIRECTION('',(0.,1.,6.12323399573677E-17));
#4701=DIRECTION('',(6.12323399573677E-17,6.12323399573677E-17,-1.));
#4702=FACE_OUTER_BOUND('',#4703,.T.);
#4703=EDGE_LOOP('',(#6269));
#4704=FACE_OUTER_BOUND('',#4705,.T.);
#4705=EDGE_LOOP('',(#6270));
#4706=CYLINDRICAL_SURFACE('',#4707,1.7);
#4707=AXIS2_PLACEMENT_3D('',#4708,#4709,#4710);
#4708=CARTESIAN_POINT('',(-22.,-2.20436423846524E-15,36.));
#4709=DIRECTION('',(0.,1.,6.12323399573677E-17));
#4710=DIRECTION('',(6.12323399573677E-17,6.12323399573677E-17,-1.));
#4711=FACE_BOUND('',#4712,.T.);
#4712=EDGE_LOOP('',(#6271,#6272,#6273,#6274));
#4713=CYLINDRICAL_SURFACE('',#4714,8.);
#4714=AXIS2_PLACEMENT_3D('',#4715,#4716,#4717);
#4715=CARTESIAN_POINT('',(-88.,-32.,-4.44089209850063E-15));
#4716=DIRECTION('',(0.,-1.,4.80096443081149E-17));
#4717=DIRECTION('',(-1.,0.,8.81375475580762E-17));
#4718=FACE_BOUND('',#4719,.T.);
#4719=EDGE_LOOP('',(#6275,#6276,#6277,#6278));
#4720=PLANE('',#4721);
#4721=AXIS2_PLACEMENT_3D('',#4722,#4723,#4724);
#4722=CARTESIAN_POINT('',(-36.,4.89858719658941E-16,-8.));
#4723=DIRECTION('',(5.9211894646675E-17,0.,-1.));
#4724=DIRECTION('',(-1.,4.93038065763132E-33,-5.9211894646675E-17));
#4725=FACE_BOUND('',#4726,.T.);
#4726=EDGE_LOOP('',(#6279,#6280,#6281,#6282));
#4727=CYLINDRICAL_SURFACE('',#4728,10.);
#4728=AXIS2_PLACEMENT_3D('',#4729,#4730,#4731);
#4729=CARTESIAN_POINT('',(-46.,-40.,-18.));
#4730=DIRECTION('',(0.,1.,3.94745964311167E-17));
#4731=DIRECTION('',(0.,-3.94745964311167E-17,1.));
#4732=FACE_BOUND('',#4733,.T.);
#4733=EDGE_LOOP('',(#6283,#6284,#6285,#6286));
#4734=PLANE('',#4735);
#4735=AXIS2_PLACEMENT_3D('',#4736,#4737,#4738);
#4736=CARTESIAN_POINT('',(-36.,3.06161699786838E-15,-50.));
#4737=DIRECTION('',(-1.,0.,0.));
#4738=DIRECTION('',(0.,-6.12323399573677E-17,1.));
#4739=FACE_BOUND('',#4740,.T.);
#4740=EDGE_LOOP('',(#6287,#6288,#6289,#6290));
#4741=CYLINDRICAL_SURFACE('',#4742,10.);
#4742=AXIS2_PLACEMENT_3D('',#4743,#4744,#4745);
#4743=CARTESIAN_POINT('',(-26.,-40.,-40.));
#4744=DIRECTION('',(0.,-1.,0.));
#4745=DIRECTION('',(-1.,0.,0.));
#4746=FACE_BOUND('',#4747,.T.);
#4747=EDGE_LOOP('',(#6291,#6292,#6293,#6294));
#4748=PLANE('',#4749);
#4749=AXIS2_PLACEMENT_3D('',#4750,#4751,#4752);
#4750=CARTESIAN_POINT('',(16.,3.06161699786838E-15,-50.));
#4751=DIRECTION('',(0.,0.,-1.));
#4752=DIRECTION('',(-1.,0.,0.));
#4753=FACE_BOUND('',#4754,.T.);
#4754=EDGE_LOOP('',(#6295,#6296,#6297,#6298));
#4755=CYLINDRICAL_SURFACE('',#4756,10.);
#4756=AXIS2_PLACEMENT_3D('',#4757,#4758,#4759);
#4757=CARTESIAN_POINT('',(6.,-40.,-40.));
#4758=DIRECTION('',(0.,-1.,0.));
#4759=DIRECTION('',(0.,0.,-1.));
#4760=FACE_BOUND('',#4761,.T.);
#4761=EDGE_LOOP('',(#6299,#6300,#6301,#6302));
#4762=PLANE('',#4763);
#4763=AXIS2_PLACEMENT_3D('',#4764,#4765,#4766);
#4764=CARTESIAN_POINT('',(16.,1.95943487863374E-15,-31.999999999967));
#4765=DIRECTION('',(1.,0.,0.));
#4766=DIRECTION('',(0.,6.12323399573677E-17,-1.));
#4767=FACE_BOUND('',#4768,.T.);
#4768=EDGE_LOOP('',(#6303,#6304,#6305,#6306));
#4769=PLANE('',#4770);
#4770=AXIS2_PLACEMENT_3D('',#4771,#4772,#4773);
#4771=CARTESIAN_POINT('',(5.99999999997822,2.57175827820944E-15,-42.));
#4772=DIRECTION('',(-0.707106781186945,3.08148791101958E-33,0.70710678118615));
#4773=DIRECTION('',(0.70710678118615,-4.3297802811799E-17,0.707106781186945));
#4774=FACE_BOUND('',#4775,.T.);
#4775=EDGE_LOOP('',(#6307,#6308,#6309,#6310));
#4776=CYLINDRICAL_SURFACE('',#4777,8.);
#4777=AXIS2_PLACEMENT_3D('',#4778,#4779,#4780);
#4778=CARTESIAN_POINT('',(2.68629150099081,-32.,-34.));
#4779=DIRECTION('',(2.40048221540574E-17,1.,0.));
#4780=DIRECTION('',(0.707106781186945,-1.69739725263206E-17,-0.70710678118615));
#4781=FACE_BOUND('',#4782,.T.);
#4782=EDGE_LOOP('',(#6311,#6312,#6313,#6314));
#4783=PLANE('',#4784);
#4784=AXIS2_PLACEMENT_3D('',#4785,#4786,#4787);
#4785=CARTESIAN_POINT('',(-26.,2.57175827820944E-15,-42.));
#4786=DIRECTION('',(0.,0.,1.));
#4787=DIRECTION('',(1.,0.,0.));
#4788=FACE_BOUND('',#4789,.T.);
#4789=EDGE_LOOP('',(#6315,#6316,#6317,#6318));
#4790=CYLINDRICAL_SURFACE('',#4791,8.);
#4791=AXIS2_PLACEMENT_3D('',#4792,#4793,#4794);
#4792=CARTESIAN_POINT('',(-18.,-32.,-34.));
#4793=DIRECTION('',(0.,1.,0.));
#4794=DIRECTION('',(0.,0.,-1.));
#4795=FACE_BOUND('',#4796,.T.);
#4796=EDGE_LOOP('',(#6319,#6320,#6321,#6322));
#4797=PLANE('',#4798);
#4798=AXIS2_PLACEMENT_3D('',#4799,#4800,#4801);
#4799=CARTESIAN_POINT('',(-26.,-1.95943487863576E-15,32.));
#4800=DIRECTION('',(1.,0.,9.60192886162297E-17));
#4801=DIRECTION('',(9.60192886162297E-17,6.12323399573677E-17,-1.));
#4802=FACE_BOUND('',#4803,.T.);
#4803=EDGE_LOOP('',(#6323,#6324,#6325,#6326));
#4804=CYLINDRICAL_SURFACE('',#4805,8.);
#4805=AXIS2_PLACEMENT_3D('',#4806,#4807,#4808);
#4806=CARTESIAN_POINT('',(-18.,-32.,24.));
#4807=DIRECTION('',(0.,1.,0.));
#4808=DIRECTION('',(-1.,0.,-4.44089209850062E-16));
#4809=FACE_BOUND('',#4810,.T.);
#4810=EDGE_LOOP('',(#6327,#6328,#6329,#6330));
#4811=PLANE('',#4812);
#4812=AXIS2_PLACEMENT_3D('',#4813,#4814,#4815);
#4813=CARTESIAN_POINT('',(6.,-1.95943487863576E-15,32.));
#4814=DIRECTION('',(0.,0.,-1.));
#4815=DIRECTION('',(-1.,0.,0.));
#4816=FACE_BOUND('',#4817,.T.);
#4817=EDGE_LOOP('',(#6331,#6332,#6333,#6334));
#4818=CYLINDRICAL_SURFACE('',#4819,8.);
#4819=AXIS2_PLACEMENT_3D('',#4820,#4821,#4822);
#4820=CARTESIAN_POINT('',(2.68629150100239,-32.,24.));
#4821=DIRECTION('',(-2.40048221540574E-17,1.,0.));
#4822=DIRECTION('',(0.,0.,1.));
#4823=FACE_BOUND('',#4824,.T.);
#4824=EDGE_LOOP('',(#6335,#6336,#6337,#6338));
#4825=PLANE('',#4826);
#4826=AXIS2_PLACEMENT_3D('',#4827,#4828,#4829);
#4827=CARTESIAN_POINT('',(16.,-1.34711147905873E-15,21.9999999999452));
#4828=DIRECTION('',(-0.707106781188486,0.,-0.707106781184609));
#4829=DIRECTION('',(-0.707106781184609,-4.32978028118934E-17,0.707106781188486));
#4830=FACE_BOUND('',#4831,.T.);
#4831=EDGE_LOOP('',(#6339,#6340,#6341,#6342));
#4832=PLANE('',#4833);
#4833=AXIS2_PLACEMENT_3D('',#4834,#4835,#4836);
#4834=CARTESIAN_POINT('',(16.,-2.44929359829471E-15,40.));
#4835=DIRECTION('',(1.,0.,0.));
#4836=DIRECTION('',(0.,6.12323399573677E-17,-1.));
#4837=FACE_BOUND('',#4838,.T.);
#4838=EDGE_LOOP('',(#6343,#6344,#6345,#6346));
#4839=CYLINDRICAL_SURFACE('',#4840,10.);
#4840=AXIS2_PLACEMENT_3D('',#4841,#4842,#4843);
#4841=CARTESIAN_POINT('',(6.,-40.,30.));
#4842=DIRECTION('',(0.,-1.,0.));
#4843=DIRECTION('',(1.,0.,-3.5527136788005E-16));
#4844=FACE_BOUND('',#4845,.T.);
#4845=EDGE_LOOP('',(#6347,#6348,#6349,#6350));
#4846=PLANE('',#4847);
#4847=AXIS2_PLACEMENT_3D('',#4848,#4849,#4850);
#4848=CARTESIAN_POINT('',(-36.,-2.44929359829471E-15,40.));
#4849=DIRECTION('',(0.,0.,1.));
#4850=DIRECTION('',(1.,0.,0.));
#4851=FACE_BOUND('',#4852,.T.);
#4852=EDGE_LOOP('',(#6351,#6352,#6353,#6354));
#4853=CYLINDRICAL_SURFACE('',#4854,10.);
#4854=AXIS2_PLACEMENT_3D('',#4855,#4856,#4857);
#4855=CARTESIAN_POINT('',(-26.,-40.,30.));
#4856=DIRECTION('',(0.,-1.,-7.89491928622334E-17));
#4857=DIRECTION('',(0.,-7.89491928622333E-17,1.));
#4858=FACE_BOUND('',#4859,.T.);
#4859=EDGE_LOOP('',(#6355,#6356,#6357,#6358));
#4860=PLANE('',#4861);
#4861=AXIS2_PLACEMENT_3D('',#4862,#4863,#4864);
#4862=CARTESIAN_POINT('',(-36.,-4.89858719658941E-16,7.99999999999999));
#4863=DIRECTION('',(-1.,0.,0.));
#4864=DIRECTION('',(0.,-6.12323399573677E-17,1.));
#4865=FACE_BOUND('',#4866,.T.);
#4866=EDGE_LOOP('',(#6359,#6360,#6361,#6362));
#4867=CYLINDRICAL_SURFACE('',#4868,10.);
#4868=AXIS2_PLACEMENT_3D('',#4869,#4870,#4871);
#4869=CARTESIAN_POINT('',(-46.,-40.,18.));
#4870=DIRECTION('',(0.,1.,3.94745964311167E-17));
#4871=DIRECTION('',(1.,1.40241938705958E-32,-3.5527136788005E-16));
#4872=FACE_BOUND('',#4873,.T.);
#4873=EDGE_LOOP('',(#6363,#6364,#6365,#6366));
#4874=PLANE('',#4875);
#4875=AXIS2_PLACEMENT_3D('',#4876,#4877,#4878);
#4876=CARTESIAN_POINT('',(-96.,-4.89858719658941E-16,7.99999999999999));
#4877=DIRECTION('',(-7.40148683083438E-17,0.,1.));
#4878=DIRECTION('',(1.,-4.93038065763132E-33,7.40148683083438E-17));
#4879=ORIENTED_EDGE('',*,*,#6367,.F.);
#4880=ORIENTED_EDGE('',*,*,#6368,.F.);
#4881=ORIENTED_EDGE('',*,*,#6369,.F.);
#4882=ORIENTED_EDGE('',*,*,#6370,.F.);
#4883=ORIENTED_EDGE('',*,*,#6371,.F.);
#4884=ORIENTED_EDGE('',*,*,#6372,.F.);
#4885=ORIENTED_EDGE('',*,*,#6373,.F.);
#4886=ORIENTED_EDGE('',*,*,#6374,.F.);
#4887=ORIENTED_EDGE('',*,*,#6375,.T.);
#4888=ORIENTED_EDGE('',*,*,#6376,.T.);
#4889=ORIENTED_EDGE('',*,*,#6377,.T.);
#4890=ORIENTED_EDGE('',*,*,#6378,.T.);
#4891=ORIENTED_EDGE('',*,*,#6379,.T.);
#4892=ORIENTED_EDGE('',*,*,#6380,.T.);
#4893=ORIENTED_EDGE('',*,*,#6381,.T.);
#4894=ORIENTED_EDGE('',*,*,#6382,.T.);
#4895=ORIENTED_EDGE('',*,*,#6383,.T.);
#4896=ORIENTED_EDGE('',*,*,#6384,.T.);
#4897=ORIENTED_EDGE('',*,*,#6385,.T.);
#4898=ORIENTED_EDGE('',*,*,#6386,.T.);
#4899=ORIENTED_EDGE('',*,*,#6387,.T.);
#4900=ORIENTED_EDGE('',*,*,#6388,.T.);
#4901=ORIENTED_EDGE('',*,*,#6389,.T.);
#4902=ORIENTED_EDGE('',*,*,#6390,.F.);
#4903=ORIENTED_EDGE('',*,*,#6391,.T.);
#4904=ORIENTED_EDGE('',*,*,#6392,.F.);
#4905=ORIENTED_EDGE('',*,*,#6393,.T.);
#4906=ORIENTED_EDGE('',*,*,#6394,.F.);
#4907=ORIENTED_EDGE('',*,*,#6395,.T.);
#4908=ORIENTED_EDGE('',*,*,#6396,.F.);
#4909=ORIENTED_EDGE('',*,*,#6397,.T.);
#4910=ORIENTED_EDGE('',*,*,#6398,.T.);
#4911=ORIENTED_EDGE('',*,*,#6399,.T.);
#4912=ORIENTED_EDGE('',*,*,#6400,.T.);
#4913=ORIENTED_EDGE('',*,*,#6401,.T.);
#4914=ORIENTED_EDGE('',*,*,#6402,.T.);
#4915=ORIENTED_EDGE('',*,*,#6403,.T.);
#4916=ORIENTED_EDGE('',*,*,#6404,.T.);
#4917=ORIENTED_EDGE('',*,*,#6405,.T.);
#4918=ORIENTED_EDGE('',*,*,#6406,.T.);
#4919=ORIENTED_EDGE('',*,*,#6407,.T.);
#4920=ORIENTED_EDGE('',*,*,#6408,.T.);
#4921=ORIENTED_EDGE('',*,*,#6409,.T.);
#4922=ORIENTED_EDGE('',*,*,#6410,.T.);
#4923=ORIENTED_EDGE('',*,*,#6411,.T.);
#4924=ORIENTED_EDGE('',*,*,#6412,.T.);
#4925=ORIENTED_EDGE('',*,*,#6405,.F.);
#4926=ORIENTED_EDGE('',*,*,#6380,.F.);
#4927=ORIENTED_EDGE('',*,*,#6406,.F.);
#4928=ORIENTED_EDGE('',*,*,#6379,.F.);
#4929=ORIENTED_EDGE('',*,*,#6407,.F.);
#4930=ORIENTED_EDGE('',*,*,#6378,.F.);
#4931=ORIENTED_EDGE('',*,*,#6408,.F.);
#4932=ORIENTED_EDGE('',*,*,#6377,.F.);
#4933=ORIENTED_EDGE('',*,*,#6409,.F.);
#4934=ORIENTED_EDGE('',*,*,#6376,.F.);
#4935=ORIENTED_EDGE('',*,*,#6410,.F.);
#4936=ORIENTED_EDGE('',*,*,#6375,.F.);
#4937=ORIENTED_EDGE('',*,*,#6413,.F.);
#4938=ORIENTED_EDGE('',*,*,#6367,.T.);
#4939=ORIENTED_EDGE('',*,*,#6414,.T.);
#4940=ORIENTED_EDGE('',*,*,#6390,.T.);
#4941=ORIENTED_EDGE('',*,*,#6413,.T.);
#4942=ORIENTED_EDGE('',*,*,#6397,.F.);
#4943=ORIENTED_EDGE('',*,*,#6415,.F.);
#4944=ORIENTED_EDGE('',*,*,#6368,.T.);
#4945=ORIENTED_EDGE('',*,*,#6416,.F.);
#4946=ORIENTED_EDGE('',*,*,#6369,.T.);
#4947=ORIENTED_EDGE('',*,*,#6415,.T.);
#4948=ORIENTED_EDGE('',*,*,#6396,.T.);
#4949=ORIENTED_EDGE('',*,*,#6416,.T.);
#4950=ORIENTED_EDGE('',*,*,#6395,.F.);
#4951=ORIENTED_EDGE('',*,*,#6417,.F.);
#4952=ORIENTED_EDGE('',*,*,#6370,.T.);
#4953=ORIENTED_EDGE('',*,*,#6418,.F.);
#4954=ORIENTED_EDGE('',*,*,#6371,.T.);
#4955=ORIENTED_EDGE('',*,*,#6417,.T.);
#4956=ORIENTED_EDGE('',*,*,#6394,.T.);
#4957=ORIENTED_EDGE('',*,*,#6419,.F.);
#4958=ORIENTED_EDGE('',*,*,#6372,.T.);
#4959=ORIENTED_EDGE('',*,*,#6418,.T.);
#4960=ORIENTED_EDGE('',*,*,#6393,.F.);
#4961=ORIENTED_EDGE('',*,*,#6420,.F.);
#4962=ORIENTED_EDGE('',*,*,#6373,.T.);
#4963=ORIENTED_EDGE('',*,*,#6419,.T.);
#4964=ORIENTED_EDGE('',*,*,#6392,.T.);
#4965=ORIENTED_EDGE('',*,*,#6414,.F.);
#4966=ORIENTED_EDGE('',*,*,#6374,.T.);
#4967=ORIENTED_EDGE('',*,*,#6420,.T.);
#4968=ORIENTED_EDGE('',*,*,#6391,.F.);
#4969=ORIENTED_EDGE('',*,*,#6421,.F.);
#4970=ORIENTED_EDGE('',*,*,#6381,.F.);
#4971=ORIENTED_EDGE('',*,*,#6422,.F.);
#4972=ORIENTED_EDGE('',*,*,#6382,.F.);
#4973=ORIENTED_EDGE('',*,*,#6423,.F.);
#4974=ORIENTED_EDGE('',*,*,#6383,.F.);
#4975=ORIENTED_EDGE('',*,*,#6424,.T.);
#4976=ORIENTED_EDGE('',*,*,#6384,.F.);
#4977=ORIENTED_EDGE('',*,*,#6425,.F.);
#4978=ORIENTED_EDGE('',*,*,#6385,.F.);
#4979=ORIENTED_EDGE('',*,*,#6426,.F.);
#4980=ORIENTED_EDGE('',*,*,#6386,.F.);
#4981=ORIENTED_EDGE('',*,*,#6427,.F.);
#4982=ORIENTED_EDGE('',*,*,#6387,.F.);
#4983=ORIENTED_EDGE('',*,*,#6428,.F.);
#4984=ORIENTED_EDGE('',*,*,#6388,.F.);
#4985=ORIENTED_EDGE('',*,*,#6429,.F.);
#4986=ORIENTED_EDGE('',*,*,#6389,.F.);
#4987=ORIENTED_EDGE('',*,*,#6404,.F.);
#4988=ORIENTED_EDGE('',*,*,#6430,.F.);
#4989=ORIENTED_EDGE('',*,*,#6403,.F.);
#4990=ORIENTED_EDGE('',*,*,#6431,.F.);
#4991=ORIENTED_EDGE('',*,*,#6402,.F.);
#4992=ORIENTED_EDGE('',*,*,#6432,.F.);
#4993=ORIENTED_EDGE('',*,*,#6433,.T.);
#4994=ORIENTED_EDGE('',*,*,#6401,.F.);
#4995=ORIENTED_EDGE('',*,*,#6430,.T.);
#4996=ORIENTED_EDGE('',*,*,#6421,.T.);
#4997=ORIENTED_EDGE('',*,*,#6432,.T.);
#4998=ORIENTED_EDGE('',*,*,#6422,.T.);
#4999=ORIENTED_EDGE('',*,*,#6431,.T.);
#5000=ORIENTED_EDGE('',*,*,#6423,.T.);
#5001=ORIENTED_EDGE('',*,*,#6434,.T.);
#5002=ORIENTED_EDGE('',*,*,#6435,.T.);
#5003=ORIENTED_EDGE('',*,*,#6424,.F.);
#5004=ORIENTED_EDGE('',*,*,#6436,.T.);
#5005=ORIENTED_EDGE('',*,*,#6437,.T.);
#5006=ORIENTED_EDGE('',*,*,#6433,.F.);
#5007=ORIENTED_EDGE('',*,*,#6435,.F.);
#5008=ORIENTED_EDGE('',*,*,#6438,.F.);
#5009=ORIENTED_EDGE('',*,*,#6439,.T.);
#5010=ORIENTED_EDGE('',*,*,#6440,.T.);
#5011=ORIENTED_EDGE('',*,*,#6434,.F.);
#5012=ORIENTED_EDGE('',*,*,#6440,.F.);
#5013=ORIENTED_EDGE('',*,*,#6441,.T.);
#5014=ORIENTED_EDGE('',*,*,#6438,.T.);
#5015=ORIENTED_EDGE('',*,*,#6442,.T.);
#5016=ORIENTED_EDGE('',*,*,#6443,.T.);
#5017=ORIENTED_EDGE('',*,*,#6437,.F.);
#5018=ORIENTED_EDGE('',*,*,#6444,.F.);
#5019=ORIENTED_EDGE('',*,*,#6445,.T.);
#5020=ORIENTED_EDGE('',*,*,#6444,.T.);
#5021=ORIENTED_EDGE('',*,*,#6436,.F.);
#5022=ORIENTED_EDGE('',*,*,#6443,.F.);
#5023=ORIENTED_EDGE('',*,*,#6439,.F.);
#5024=ORIENTED_EDGE('',*,*,#6441,.F.);
#5025=ORIENTED_EDGE('',*,*,#6442,.F.);
#5026=ORIENTED_EDGE('',*,*,#6445,.F.);
#5027=ORIENTED_EDGE('',*,*,#6400,.F.);
#5028=ORIENTED_EDGE('',*,*,#6427,.T.);
#5029=ORIENTED_EDGE('',*,*,#6411,.F.);
#5030=ORIENTED_EDGE('',*,*,#6428,.T.);
#5031=ORIENTED_EDGE('',*,*,#6399,.F.);
#5032=ORIENTED_EDGE('',*,*,#6429,.T.);
#5033=ORIENTED_EDGE('',*,*,#6412,.F.);
#5034=ORIENTED_EDGE('',*,*,#6425,.T.);
#5035=ORIENTED_EDGE('',*,*,#6398,.F.);
#5036=ORIENTED_EDGE('',*,*,#6426,.T.);
#5037=ORIENTED_EDGE('',*,*,#6446,.T.);
#5038=ORIENTED_EDGE('',*,*,#6447,.T.);
#5039=ORIENTED_EDGE('',*,*,#6448,.T.);
#5040=ORIENTED_EDGE('',*,*,#6449,.T.);
#5041=ORIENTED_EDGE('',*,*,#6450,.F.);
#5042=ORIENTED_EDGE('',*,*,#6451,.F.);
#5043=ORIENTED_EDGE('',*,*,#6451,.T.);
#5044=ORIENTED_EDGE('',*,*,#6452,.T.);
#5045=ORIENTED_EDGE('',*,*,#6453,.F.);
#5046=ORIENTED_EDGE('',*,*,#6454,.F.);
#5047=ORIENTED_EDGE('',*,*,#6450,.T.);
#5048=ORIENTED_EDGE('',*,*,#6454,.T.);
#5049=ORIENTED_EDGE('',*,*,#6455,.F.);
#5050=ORIENTED_EDGE('',*,*,#6452,.F.);
#5051=ORIENTED_EDGE('',*,*,#6456,.T.);
#5052=ORIENTED_EDGE('',*,*,#6457,.F.);
#5053=ORIENTED_EDGE('',*,*,#6458,.T.);
#5054=ORIENTED_EDGE('',*,*,#6459,.T.);
#5055=ORIENTED_EDGE('',*,*,#6460,.T.);
#5056=ORIENTED_EDGE('',*,*,#6461,.T.);
#5057=ORIENTED_EDGE('',*,*,#6446,.F.);
#5058=ORIENTED_EDGE('',*,*,#6462,.F.);
#5059=ORIENTED_EDGE('',*,*,#6463,.T.);
#5060=ORIENTED_EDGE('',*,*,#6464,.T.);
#5061=ORIENTED_EDGE('',*,*,#6465,.T.);
#5062=ORIENTED_EDGE('',*,*,#6447,.F.);
#5063=ORIENTED_EDGE('',*,*,#6461,.F.);
#5064=ORIENTED_EDGE('',*,*,#6466,.T.);
#5065=ORIENTED_EDGE('',*,*,#6467,.F.);
#5066=ORIENTED_EDGE('',*,*,#6468,.T.);
#5067=ORIENTED_EDGE('',*,*,#6469,.T.);
#5068=ORIENTED_EDGE('',*,*,#6470,.T.);
#5069=ORIENTED_EDGE('',*,*,#6471,.T.);
#5070=ORIENTED_EDGE('',*,*,#6448,.F.);
#5071=ORIENTED_EDGE('',*,*,#6465,.F.);
#5072=ORIENTED_EDGE('',*,*,#6472,.T.);
#5073=ORIENTED_EDGE('',*,*,#6473,.T.);
#5074=ORIENTED_EDGE('',*,*,#6462,.T.);
#5075=ORIENTED_EDGE('',*,*,#6449,.F.);
#5076=ORIENTED_EDGE('',*,*,#6471,.F.);
#5077=ORIENTED_EDGE('',*,*,#6453,.T.);
#5078=ORIENTED_EDGE('',*,*,#6455,.T.);
#5079=ORIENTED_EDGE('',*,*,#6474,.F.);
#5080=ORIENTED_EDGE('',*,*,#6456,.F.);
#5081=ORIENTED_EDGE('',*,*,#6473,.F.);
#5082=ORIENTED_EDGE('',*,*,#6475,.T.);
#5083=ORIENTED_EDGE('',*,*,#6469,.F.);
#5084=ORIENTED_EDGE('',*,*,#6476,.T.);
#5085=ORIENTED_EDGE('',*,*,#6457,.T.);
#5086=ORIENTED_EDGE('',*,*,#6474,.T.);
#5087=ORIENTED_EDGE('',*,*,#6477,.F.);
#5088=ORIENTED_EDGE('',*,*,#6458,.F.);
#5089=ORIENTED_EDGE('',*,*,#6476,.F.);
#5090=ORIENTED_EDGE('',*,*,#6468,.F.);
#5091=ORIENTED_EDGE('',*,*,#6478,.T.);
#5092=ORIENTED_EDGE('',*,*,#6459,.F.);
#5093=ORIENTED_EDGE('',*,*,#6477,.T.);
#5094=ORIENTED_EDGE('',*,*,#6467,.T.);
#5095=ORIENTED_EDGE('',*,*,#6479,.T.);
#5096=ORIENTED_EDGE('',*,*,#6478,.F.);
#5097=ORIENTED_EDGE('',*,*,#6463,.F.);
#5098=ORIENTED_EDGE('',*,*,#6460,.F.);
#5099=ORIENTED_EDGE('',*,*,#6479,.F.);
#5100=ORIENTED_EDGE('',*,*,#6466,.F.);
#5101=ORIENTED_EDGE('',*,*,#6464,.F.);
#5102=ORIENTED_EDGE('',*,*,#6475,.F.);
#5103=ORIENTED_EDGE('',*,*,#6472,.F.);
#5104=ORIENTED_EDGE('',*,*,#6470,.F.);
#5105=ORIENTED_EDGE('',*,*,#6480,.F.);
#5106=ORIENTED_EDGE('',*,*,#6481,.T.);
#5107=ORIENTED_EDGE('',*,*,#6482,.T.);
#5108=ORIENTED_EDGE('',*,*,#6483,.F.);
#5109=ORIENTED_EDGE('',*,*,#6484,.F.);
#5110=ORIENTED_EDGE('',*,*,#6485,.T.);
#5111=ORIENTED_EDGE('',*,*,#6486,.F.);
#5112=ORIENTED_EDGE('',*,*,#6487,.F.);
#5113=ORIENTED_EDGE('',*,*,#6488,.F.);
#5114=ORIENTED_EDGE('',*,*,#6489,.T.);
#5115=ORIENTED_EDGE('',*,*,#6490,.F.);
#5116=ORIENTED_EDGE('',*,*,#6491,.F.);
#5117=ORIENTED_EDGE('',*,*,#6492,.F.);
#5118=ORIENTED_EDGE('',*,*,#6493,.F.);
#5119=ORIENTED_EDGE('',*,*,#6494,.T.);
#5120=ORIENTED_EDGE('',*,*,#6495,.T.);
#5121=ORIENTED_EDGE('',*,*,#6485,.F.);
#5122=ORIENTED_EDGE('',*,*,#6494,.F.);
#5123=ORIENTED_EDGE('',*,*,#6496,.T.);
#5124=ORIENTED_EDGE('',*,*,#6497,.T.);
#5125=ORIENTED_EDGE('',*,*,#6498,.T.);
#5126=ORIENTED_EDGE('',*,*,#6491,.T.);
#5127=ORIENTED_EDGE('',*,*,#6499,.F.);
#5128=ORIENTED_EDGE('',*,*,#6484,.T.);
#5129=ORIENTED_EDGE('',*,*,#6500,.F.);
#5130=ORIENTED_EDGE('',*,*,#6489,.F.);
#5131=ORIENTED_EDGE('',*,*,#6501,.T.);
#5132=ORIENTED_EDGE('',*,*,#6502,.T.);
#5133=ORIENTED_EDGE('',*,*,#6503,.T.);
#5134=ORIENTED_EDGE('',*,*,#6504,.T.);
#5135=ORIENTED_EDGE('',*,*,#6505,.T.);
#5136=ORIENTED_EDGE('',*,*,#6487,.T.);
#5137=ORIENTED_EDGE('',*,*,#6504,.F.);
#5138=ORIENTED_EDGE('',*,*,#6506,.T.);
#5139=ORIENTED_EDGE('',*,*,#6507,.F.);
#5140=ORIENTED_EDGE('',*,*,#6481,.F.);
#5141=ORIENTED_EDGE('',*,*,#6508,.F.);
#5142=ORIENTED_EDGE('',*,*,#6509,.T.);
#5143=ORIENTED_EDGE('',*,*,#6510,.F.);
#5144=ORIENTED_EDGE('',*,*,#6482,.F.);
#5145=ORIENTED_EDGE('',*,*,#6511,.F.);
#5146=ORIENTED_EDGE('',*,*,#6493,.T.);
#5147=ORIENTED_EDGE('',*,*,#6512,.F.);
#5148=ORIENTED_EDGE('',*,*,#6513,.F.);
#5149=ORIENTED_EDGE('',*,*,#6514,.F.);
#5150=ORIENTED_EDGE('',*,*,#6495,.F.);
#5151=ORIENTED_EDGE('',*,*,#6515,.F.);
#5152=ORIENTED_EDGE('',*,*,#6516,.T.);
#5153=ORIENTED_EDGE('',*,*,#6497,.F.);
#5154=ORIENTED_EDGE('',*,*,#6509,.F.);
#5155=ORIENTED_EDGE('',*,*,#6517,.F.);
#5156=ORIENTED_EDGE('',*,*,#6506,.F.);
#5157=ORIENTED_EDGE('',*,*,#6503,.F.);
#5158=ORIENTED_EDGE('',*,*,#6518,.T.);
#5159=ORIENTED_EDGE('',*,*,#6519,.F.);
#5160=ORIENTED_EDGE('',*,*,#6520,.T.);
#5161=ORIENTED_EDGE('',*,*,#6521,.F.);
#5162=ORIENTED_EDGE('',*,*,#6516,.F.);
#5163=ORIENTED_EDGE('',*,*,#6522,.F.);
#5164=ORIENTED_EDGE('',*,*,#6513,.T.);
#5165=ORIENTED_EDGE('',*,*,#6523,.F.);
#5166=ORIENTED_EDGE('',*,*,#6520,.F.);
#5167=ORIENTED_EDGE('',*,*,#6524,.F.);
#5168=ORIENTED_EDGE('',*,*,#6514,.T.);
#5169=ORIENTED_EDGE('',*,*,#6502,.F.);
#5170=ORIENTED_EDGE('',*,*,#6524,.T.);
#5171=ORIENTED_EDGE('',*,*,#6525,.F.);
#5172=ORIENTED_EDGE('',*,*,#6518,.F.);
#5173=ORIENTED_EDGE('',*,*,#6508,.T.);
#5174=ORIENTED_EDGE('',*,*,#6507,.T.);
#5175=ORIENTED_EDGE('',*,*,#6517,.T.);
#5176=ORIENTED_EDGE('',*,*,#6519,.T.);
#5177=ORIENTED_EDGE('',*,*,#6515,.T.);
#5178=ORIENTED_EDGE('',*,*,#6525,.T.);
#5179=ORIENTED_EDGE('',*,*,#6521,.T.);
#5180=ORIENTED_EDGE('',*,*,#6523,.T.);
#5181=ORIENTED_EDGE('',*,*,#6512,.T.);
#5182=ORIENTED_EDGE('',*,*,#6492,.T.);
#5183=ORIENTED_EDGE('',*,*,#6498,.F.);
#5184=ORIENTED_EDGE('',*,*,#6496,.F.);
#5185=ORIENTED_EDGE('',*,*,#6490,.T.);
#5186=ORIENTED_EDGE('',*,*,#6500,.T.);
#5187=ORIENTED_EDGE('',*,*,#6483,.T.);
#5188=ORIENTED_EDGE('',*,*,#6510,.T.);
#5189=ORIENTED_EDGE('',*,*,#6505,.F.);
#5190=ORIENTED_EDGE('',*,*,#6480,.T.);
#5191=ORIENTED_EDGE('',*,*,#6499,.T.);
#5192=ORIENTED_EDGE('',*,*,#6488,.T.);
#5193=ORIENTED_EDGE('',*,*,#6501,.F.);
#5194=ORIENTED_EDGE('',*,*,#6486,.T.);
#5195=ORIENTED_EDGE('',*,*,#6511,.T.);
#5196=ORIENTED_EDGE('',*,*,#6522,.T.);
#5197=ORIENTED_EDGE('',*,*,#6526,.T.);
#5198=ORIENTED_EDGE('',*,*,#6527,.F.);
#5199=ORIENTED_EDGE('',*,*,#6528,.F.);
#5200=ORIENTED_EDGE('',*,*,#6529,.T.);
#5201=ORIENTED_EDGE('',*,*,#6530,.F.);
#5202=ORIENTED_EDGE('',*,*,#6531,.F.);
#5203=ORIENTED_EDGE('',*,*,#6532,.F.);
#5204=ORIENTED_EDGE('',*,*,#6533,.F.);
#5205=ORIENTED_EDGE('',*,*,#6534,.F.);
#5206=ORIENTED_EDGE('',*,*,#6535,.F.);
#5207=ORIENTED_EDGE('',*,*,#6536,.T.);
#5208=ORIENTED_EDGE('',*,*,#6537,.T.);
#5209=ORIENTED_EDGE('',*,*,#6538,.T.);
#5210=ORIENTED_EDGE('',*,*,#6539,.T.);
#5211=ORIENTED_EDGE('',*,*,#6540,.T.);
#5212=ORIENTED_EDGE('',*,*,#6541,.T.);
#5213=ORIENTED_EDGE('',*,*,#6542,.T.);
#5214=ORIENTED_EDGE('',*,*,#6543,.T.);
#5215=ORIENTED_EDGE('',*,*,#6544,.T.);
#5216=ORIENTED_EDGE('',*,*,#6545,.T.);
#5217=ORIENTED_EDGE('',*,*,#6546,.T.);
#5218=ORIENTED_EDGE('',*,*,#6547,.T.);
#5219=ORIENTED_EDGE('',*,*,#6548,.F.);
#5220=ORIENTED_EDGE('',*,*,#6549,.F.);
#5221=ORIENTED_EDGE('',*,*,#6550,.F.);
#5222=ORIENTED_EDGE('',*,*,#6551,.F.);
#5223=ORIENTED_EDGE('',*,*,#6552,.F.);
#5224=ORIENTED_EDGE('',*,*,#6553,.F.);
#5225=ORIENTED_EDGE('',*,*,#6526,.F.);
#5226=ORIENTED_EDGE('',*,*,#6541,.F.);
#5227=ORIENTED_EDGE('',*,*,#6554,.F.);
#5228=ORIENTED_EDGE('',*,*,#6548,.T.);
#5229=ORIENTED_EDGE('',*,*,#6555,.T.);
#5230=ORIENTED_EDGE('',*,*,#6540,.F.);
#5231=ORIENTED_EDGE('',*,*,#6556,.F.);
#5232=ORIENTED_EDGE('',*,*,#6549,.T.);
#5233=ORIENTED_EDGE('',*,*,#6554,.T.);
#5234=ORIENTED_EDGE('',*,*,#6539,.F.);
#5235=ORIENTED_EDGE('',*,*,#6557,.F.);
#5236=ORIENTED_EDGE('',*,*,#6550,.T.);
#5237=ORIENTED_EDGE('',*,*,#6556,.T.);
#5238=ORIENTED_EDGE('',*,*,#6538,.F.);
#5239=ORIENTED_EDGE('',*,*,#6558,.F.);
#5240=ORIENTED_EDGE('',*,*,#6551,.T.);
#5241=ORIENTED_EDGE('',*,*,#6557,.T.);
#5242=ORIENTED_EDGE('',*,*,#6537,.F.);
#5243=ORIENTED_EDGE('',*,*,#6559,.F.);
#5244=ORIENTED_EDGE('',*,*,#6552,.T.);
#5245=ORIENTED_EDGE('',*,*,#6558,.T.);
#5246=ORIENTED_EDGE('',*,*,#6536,.F.);
#5247=ORIENTED_EDGE('',*,*,#6555,.F.);
#5248=ORIENTED_EDGE('',*,*,#6553,.T.);
#5249=ORIENTED_EDGE('',*,*,#6559,.T.);
#5250=ORIENTED_EDGE('',*,*,#6560,.F.);
#5251=ORIENTED_EDGE('',*,*,#6561,.T.);
#5252=ORIENTED_EDGE('',*,*,#6562,.F.);
#5253=ORIENTED_EDGE('',*,*,#6563,.F.);
#5254=ORIENTED_EDGE('',*,*,#6564,.F.);
#5255=ORIENTED_EDGE('',*,*,#6527,.T.);
#5256=ORIENTED_EDGE('',*,*,#6565,.T.);
#5257=ORIENTED_EDGE('',*,*,#6566,.T.);
#5258=ORIENTED_EDGE('',*,*,#6567,.T.);
#5259=ORIENTED_EDGE('',*,*,#6531,.T.);
#5260=ORIENTED_EDGE('',*,*,#6568,.F.);
#5261=ORIENTED_EDGE('',*,*,#6533,.T.);
#5262=ORIENTED_EDGE('',*,*,#6569,.F.);
#5263=ORIENTED_EDGE('',*,*,#6561,.F.);
#5264=ORIENTED_EDGE('',*,*,#6570,.T.);
#5265=ORIENTED_EDGE('',*,*,#6535,.T.);
#5266=ORIENTED_EDGE('',*,*,#6571,.T.);
#5267=ORIENTED_EDGE('',*,*,#6572,.T.);
#5268=ORIENTED_EDGE('',*,*,#6573,.T.);
#5269=ORIENTED_EDGE('',*,*,#6574,.T.);
#5270=ORIENTED_EDGE('',*,*,#6575,.F.);
#5271=ORIENTED_EDGE('',*,*,#6576,.T.);
#5272=ORIENTED_EDGE('',*,*,#6577,.F.);
#5273=ORIENTED_EDGE('',*,*,#6529,.F.);
#5274=ORIENTED_EDGE('',*,*,#6542,.F.);
#5275=ORIENTED_EDGE('',*,*,#6578,.F.);
#5276=ORIENTED_EDGE('',*,*,#6579,.F.);
#5277=ORIENTED_EDGE('',*,*,#6580,.T.);
#5278=ORIENTED_EDGE('',*,*,#6543,.F.);
#5279=ORIENTED_EDGE('',*,*,#6580,.F.);
#5280=ORIENTED_EDGE('',*,*,#6581,.F.);
#5281=ORIENTED_EDGE('',*,*,#6582,.T.);
#5282=ORIENTED_EDGE('',*,*,#6544,.F.);
#5283=ORIENTED_EDGE('',*,*,#6582,.F.);
#5284=ORIENTED_EDGE('',*,*,#6583,.F.);
#5285=ORIENTED_EDGE('',*,*,#6584,.T.);
#5286=ORIENTED_EDGE('',*,*,#6545,.F.);
#5287=ORIENTED_EDGE('',*,*,#6584,.F.);
#5288=ORIENTED_EDGE('',*,*,#6585,.F.);
#5289=ORIENTED_EDGE('',*,*,#6586,.T.);
#5290=ORIENTED_EDGE('',*,*,#6546,.F.);
#5291=ORIENTED_EDGE('',*,*,#6586,.F.);
#5292=ORIENTED_EDGE('',*,*,#6587,.F.);
#5293=ORIENTED_EDGE('',*,*,#6588,.T.);
#5294=ORIENTED_EDGE('',*,*,#6547,.F.);
#5295=ORIENTED_EDGE('',*,*,#6588,.F.);
#5296=ORIENTED_EDGE('',*,*,#6589,.F.);
#5297=ORIENTED_EDGE('',*,*,#6578,.T.);
#5298=ORIENTED_EDGE('',*,*,#6590,.F.);
#5299=ORIENTED_EDGE('',*,*,#6563,.T.);
#5300=ORIENTED_EDGE('',*,*,#6591,.F.);
#5301=ORIENTED_EDGE('',*,*,#6592,.F.);
#5302=ORIENTED_EDGE('',*,*,#6572,.F.);
#5303=ORIENTED_EDGE('',*,*,#6564,.T.);
#5304=ORIENTED_EDGE('',*,*,#6593,.F.);
#5305=ORIENTED_EDGE('',*,*,#6594,.F.);
#5306=ORIENTED_EDGE('',*,*,#6595,.F.);
#5307=ORIENTED_EDGE('',*,*,#6596,.T.);
#5308=ORIENTED_EDGE('',*,*,#6597,.T.);
#5309=ORIENTED_EDGE('',*,*,#6598,.F.);
#5310=ORIENTED_EDGE('',*,*,#6576,.F.);
#5311=ORIENTED_EDGE('',*,*,#6599,.T.);
#5312=ORIENTED_EDGE('',*,*,#6600,.F.);
#5313=ORIENTED_EDGE('',*,*,#6601,.T.);
#5314=ORIENTED_EDGE('',*,*,#6602,.F.);
#5315=ORIENTED_EDGE('',*,*,#6597,.F.);
#5316=ORIENTED_EDGE('',*,*,#6603,.F.);
#5317=ORIENTED_EDGE('',*,*,#6592,.T.);
#5318=ORIENTED_EDGE('',*,*,#6566,.F.);
#5319=ORIENTED_EDGE('',*,*,#6601,.F.);
#5320=ORIENTED_EDGE('',*,*,#6604,.F.);
#5321=ORIENTED_EDGE('',*,*,#6605,.F.);
#5322=ORIENTED_EDGE('',*,*,#6573,.F.);
#5323=ORIENTED_EDGE('',*,*,#6594,.T.);
#5324=ORIENTED_EDGE('',*,*,#6574,.F.);
#5325=ORIENTED_EDGE('',*,*,#6605,.T.);
#5326=ORIENTED_EDGE('',*,*,#6606,.F.);
#5327=ORIENTED_EDGE('',*,*,#6596,.F.);
#5328=ORIENTED_EDGE('',*,*,#6579,.T.);
#5329=ORIENTED_EDGE('',*,*,#6589,.T.);
#5330=ORIENTED_EDGE('',*,*,#6587,.T.);
#5331=ORIENTED_EDGE('',*,*,#6585,.T.);
#5332=ORIENTED_EDGE('',*,*,#6583,.T.);
#5333=ORIENTED_EDGE('',*,*,#6581,.T.);
#5334=ORIENTED_EDGE('',*,*,#6607,.F.);
#5335=ORIENTED_EDGE('',*,*,#6603,.T.);
#5336=ORIENTED_EDGE('',*,*,#6593,.T.);
#5337=ORIENTED_EDGE('',*,*,#6590,.T.);
#5338=ORIENTED_EDGE('',*,*,#6607,.T.);
#5339=ORIENTED_EDGE('',*,*,#6599,.F.);
#5340=ORIENTED_EDGE('',*,*,#6604,.T.);
#5341=ORIENTED_EDGE('',*,*,#6600,.T.);
#5342=ORIENTED_EDGE('',*,*,#6606,.T.);
#5343=ORIENTED_EDGE('',*,*,#6591,.T.);
#5344=ORIENTED_EDGE('',*,*,#6562,.T.);
#5345=ORIENTED_EDGE('',*,*,#6569,.T.);
#5346=ORIENTED_EDGE('',*,*,#6532,.T.);
#5347=ORIENTED_EDGE('',*,*,#6567,.F.);
#5348=ORIENTED_EDGE('',*,*,#6565,.F.);
#5349=ORIENTED_EDGE('',*,*,#6530,.T.);
#5350=ORIENTED_EDGE('',*,*,#6577,.T.);
#5351=ORIENTED_EDGE('',*,*,#6598,.T.);
#5352=ORIENTED_EDGE('',*,*,#6602,.T.);
#5353=ORIENTED_EDGE('',*,*,#6571,.F.);
#5354=ORIENTED_EDGE('',*,*,#6534,.T.);
#5355=ORIENTED_EDGE('',*,*,#6568,.T.);
#5356=ORIENTED_EDGE('',*,*,#6560,.T.);
#5357=ORIENTED_EDGE('',*,*,#6570,.F.);
#5358=ORIENTED_EDGE('',*,*,#6595,.T.);
#5359=ORIENTED_EDGE('',*,*,#6575,.T.);
#5360=ORIENTED_EDGE('',*,*,#6528,.T.);
#5361=ORIENTED_EDGE('',*,*,#6608,.F.);
#5362=ORIENTED_EDGE('',*,*,#6609,.T.);
#5363=ORIENTED_EDGE('',*,*,#6608,.T.);
#5364=ORIENTED_EDGE('',*,*,#6609,.F.);
#5365=ORIENTED_EDGE('',*,*,#6610,.F.);
#5366=ORIENTED_EDGE('',*,*,#6611,.T.);
#5367=ORIENTED_EDGE('',*,*,#6612,.F.);
#5368=ORIENTED_EDGE('',*,*,#6613,.T.);
#5369=ORIENTED_EDGE('',*,*,#6614,.T.);
#5370=ORIENTED_EDGE('',*,*,#6615,.T.);
#5371=ORIENTED_EDGE('',*,*,#6616,.T.);
#5372=ORIENTED_EDGE('',*,*,#6617,.F.);
#5373=ORIENTED_EDGE('',*,*,#6618,.F.);
#5374=ORIENTED_EDGE('',*,*,#6619,.F.);
#5375=ORIENTED_EDGE('',*,*,#6620,.F.);
#5376=ORIENTED_EDGE('',*,*,#6621,.F.);
#5377=ORIENTED_EDGE('',*,*,#6622,.F.);
#5378=ORIENTED_EDGE('',*,*,#6623,.F.);
#5379=ORIENTED_EDGE('',*,*,#6624,.T.);
#5380=ORIENTED_EDGE('',*,*,#6625,.T.);
#5381=ORIENTED_EDGE('',*,*,#6619,.T.);
#5382=ORIENTED_EDGE('',*,*,#6626,.T.);
#5383=ORIENTED_EDGE('',*,*,#6627,.F.);
#5384=ORIENTED_EDGE('',*,*,#6628,.F.);
#5385=ORIENTED_EDGE('',*,*,#6620,.T.);
#5386=ORIENTED_EDGE('',*,*,#6628,.T.);
#5387=ORIENTED_EDGE('',*,*,#6629,.F.);
#5388=ORIENTED_EDGE('',*,*,#6630,.F.);
#5389=ORIENTED_EDGE('',*,*,#6621,.T.);
#5390=ORIENTED_EDGE('',*,*,#6630,.T.);
#5391=ORIENTED_EDGE('',*,*,#6631,.F.);
#5392=ORIENTED_EDGE('',*,*,#6632,.F.);
#5393=ORIENTED_EDGE('',*,*,#6622,.T.);
#5394=ORIENTED_EDGE('',*,*,#6632,.T.);
#5395=ORIENTED_EDGE('',*,*,#6633,.F.);
#5396=ORIENTED_EDGE('',*,*,#6634,.F.);
#5397=ORIENTED_EDGE('',*,*,#6623,.T.);
#5398=ORIENTED_EDGE('',*,*,#6634,.T.);
#5399=ORIENTED_EDGE('',*,*,#6635,.F.);
#5400=ORIENTED_EDGE('',*,*,#6636,.F.);
#5401=ORIENTED_EDGE('',*,*,#6618,.T.);
#5402=ORIENTED_EDGE('',*,*,#6636,.T.);
#5403=ORIENTED_EDGE('',*,*,#6637,.F.);
#5404=ORIENTED_EDGE('',*,*,#6626,.F.);
#5405=ORIENTED_EDGE('',*,*,#6611,.F.);
#5406=ORIENTED_EDGE('',*,*,#6616,.F.);
#5407=ORIENTED_EDGE('',*,*,#6638,.F.);
#5408=ORIENTED_EDGE('',*,*,#6610,.T.);
#5409=ORIENTED_EDGE('',*,*,#6612,.T.);
#5410=ORIENTED_EDGE('',*,*,#6627,.T.);
#5411=ORIENTED_EDGE('',*,*,#6637,.T.);
#5412=ORIENTED_EDGE('',*,*,#6635,.T.);
#5413=ORIENTED_EDGE('',*,*,#6633,.T.);
#5414=ORIENTED_EDGE('',*,*,#6631,.T.);
#5415=ORIENTED_EDGE('',*,*,#6629,.T.);
#5416=ORIENTED_EDGE('',*,*,#6639,.F.);
#5417=ORIENTED_EDGE('',*,*,#6614,.F.);
#5418=ORIENTED_EDGE('',*,*,#6640,.F.);
#5419=ORIENTED_EDGE('',*,*,#6613,.F.);
#5420=ORIENTED_EDGE('',*,*,#6638,.T.);
#5421=ORIENTED_EDGE('',*,*,#6615,.F.);
#5422=ORIENTED_EDGE('',*,*,#6640,.T.);
#5423=ORIENTED_EDGE('',*,*,#6641,.F.);
#5424=ORIENTED_EDGE('',*,*,#6617,.T.);
#5425=ORIENTED_EDGE('',*,*,#6642,.T.);
#5426=ORIENTED_EDGE('',*,*,#6643,.T.);
#5427=ORIENTED_EDGE('',*,*,#6624,.F.);
#5428=ORIENTED_EDGE('',*,*,#6644,.F.);
#5429=ORIENTED_EDGE('',*,*,#6642,.F.);
#5430=ORIENTED_EDGE('',*,*,#6645,.T.);
#5431=ORIENTED_EDGE('',*,*,#6625,.F.);
#5432=ORIENTED_EDGE('',*,*,#6645,.F.);
#5433=ORIENTED_EDGE('',*,*,#6643,.F.);
#5434=ORIENTED_EDGE('',*,*,#6644,.T.);
#5435=ORIENTED_EDGE('',*,*,#6639,.T.);
#5436=ORIENTED_EDGE('',*,*,#6641,.T.);
#5437=ORIENTED_EDGE('',*,*,#6646,.T.);
#5438=ORIENTED_EDGE('',*,*,#6647,.T.);
#5439=ORIENTED_EDGE('',*,*,#6648,.T.);
#5440=ORIENTED_EDGE('',*,*,#6649,.T.);
#5441=ORIENTED_EDGE('',*,*,#6650,.F.);
#5442=ORIENTED_EDGE('',*,*,#6651,.F.);
#5443=ORIENTED_EDGE('',*,*,#6651,.T.);
#5444=ORIENTED_EDGE('',*,*,#6652,.T.);
#5445=ORIENTED_EDGE('',*,*,#6653,.F.);
#5446=ORIENTED_EDGE('',*,*,#6654,.F.);
#5447=ORIENTED_EDGE('',*,*,#6650,.T.);
#5448=ORIENTED_EDGE('',*,*,#6654,.T.);
#5449=ORIENTED_EDGE('',*,*,#6655,.F.);
#5450=ORIENTED_EDGE('',*,*,#6652,.F.);
#5451=ORIENTED_EDGE('',*,*,#6656,.T.);
#5452=ORIENTED_EDGE('',*,*,#6657,.F.);
#5453=ORIENTED_EDGE('',*,*,#6658,.T.);
#5454=ORIENTED_EDGE('',*,*,#6659,.T.);
#5455=ORIENTED_EDGE('',*,*,#6660,.T.);
#5456=ORIENTED_EDGE('',*,*,#6661,.T.);
#5457=ORIENTED_EDGE('',*,*,#6646,.F.);
#5458=ORIENTED_EDGE('',*,*,#6662,.F.);
#5459=ORIENTED_EDGE('',*,*,#6663,.T.);
#5460=ORIENTED_EDGE('',*,*,#6664,.T.);
#5461=ORIENTED_EDGE('',*,*,#6665,.T.);
#5462=ORIENTED_EDGE('',*,*,#6647,.F.);
#5463=ORIENTED_EDGE('',*,*,#6661,.F.);
#5464=ORIENTED_EDGE('',*,*,#6666,.T.);
#5465=ORIENTED_EDGE('',*,*,#6667,.F.);
#5466=ORIENTED_EDGE('',*,*,#6668,.T.);
#5467=ORIENTED_EDGE('',*,*,#6669,.T.);
#5468=ORIENTED_EDGE('',*,*,#6670,.T.);
#5469=ORIENTED_EDGE('',*,*,#6671,.T.);
#5470=ORIENTED_EDGE('',*,*,#6648,.F.);
#5471=ORIENTED_EDGE('',*,*,#6665,.F.);
#5472=ORIENTED_EDGE('',*,*,#6672,.T.);
#5473=ORIENTED_EDGE('',*,*,#6673,.T.);
#5474=ORIENTED_EDGE('',*,*,#6662,.T.);
#5475=ORIENTED_EDGE('',*,*,#6649,.F.);
#5476=ORIENTED_EDGE('',*,*,#6671,.F.);
#5477=ORIENTED_EDGE('',*,*,#6653,.T.);
#5478=ORIENTED_EDGE('',*,*,#6655,.T.);
#5479=ORIENTED_EDGE('',*,*,#6674,.F.);
#5480=ORIENTED_EDGE('',*,*,#6656,.F.);
#5481=ORIENTED_EDGE('',*,*,#6673,.F.);
#5482=ORIENTED_EDGE('',*,*,#6675,.T.);
#5483=ORIENTED_EDGE('',*,*,#6669,.F.);
#5484=ORIENTED_EDGE('',*,*,#6676,.T.);
#5485=ORIENTED_EDGE('',*,*,#6657,.T.);
#5486=ORIENTED_EDGE('',*,*,#6674,.T.);
#5487=ORIENTED_EDGE('',*,*,#6677,.F.);
#5488=ORIENTED_EDGE('',*,*,#6658,.F.);
#5489=ORIENTED_EDGE('',*,*,#6676,.F.);
#5490=ORIENTED_EDGE('',*,*,#6668,.F.);
#5491=ORIENTED_EDGE('',*,*,#6678,.T.);
#5492=ORIENTED_EDGE('',*,*,#6659,.F.);
#5493=ORIENTED_EDGE('',*,*,#6677,.T.);
#5494=ORIENTED_EDGE('',*,*,#6667,.T.);
#5495=ORIENTED_EDGE('',*,*,#6679,.T.);
#5496=ORIENTED_EDGE('',*,*,#6678,.F.);
#5497=ORIENTED_EDGE('',*,*,#6663,.F.);
#5498=ORIENTED_EDGE('',*,*,#6660,.F.);
#5499=ORIENTED_EDGE('',*,*,#6679,.F.);
#5500=ORIENTED_EDGE('',*,*,#6666,.F.);
#5501=ORIENTED_EDGE('',*,*,#6664,.F.);
#5502=ORIENTED_EDGE('',*,*,#6675,.F.);
#5503=ORIENTED_EDGE('',*,*,#6672,.F.);
#5504=ORIENTED_EDGE('',*,*,#6670,.F.);
#5505=ORIENTED_EDGE('',*,*,#6680,.T.);
#5506=ORIENTED_EDGE('',*,*,#6681,.T.);
#5507=ORIENTED_EDGE('',*,*,#6682,.F.);
#5508=ORIENTED_EDGE('',*,*,#6683,.T.);
#5509=ORIENTED_EDGE('',*,*,#6683,.F.);
#5510=ORIENTED_EDGE('',*,*,#6684,.F.);
#5511=ORIENTED_EDGE('',*,*,#6680,.F.);
#5512=ORIENTED_EDGE('',*,*,#6685,.F.);
#5513=ORIENTED_EDGE('',*,*,#6681,.F.);
#5514=ORIENTED_EDGE('',*,*,#6686,.T.);
#5515=ORIENTED_EDGE('',*,*,#6687,.T.);
#5516=ORIENTED_EDGE('',*,*,#6682,.T.);
#5517=ORIENTED_EDGE('',*,*,#6688,.T.);
#5518=ORIENTED_EDGE('',*,*,#6689,.T.);
#5519=ORIENTED_EDGE('',*,*,#6684,.T.);
#5520=ORIENTED_EDGE('',*,*,#6685,.T.);
#5521=ORIENTED_EDGE('',*,*,#6688,.F.);
#5522=ORIENTED_EDGE('',*,*,#6690,.F.);
#5523=ORIENTED_EDGE('',*,*,#6686,.F.);
#5524=ORIENTED_EDGE('',*,*,#6691,.T.);
#5525=ORIENTED_EDGE('',*,*,#6689,.F.);
#5526=ORIENTED_EDGE('',*,*,#6691,.F.);
#5527=ORIENTED_EDGE('',*,*,#6687,.F.);
#5528=ORIENTED_EDGE('',*,*,#6690,.T.);
#5529=ORIENTED_EDGE('',*,*,#6692,.F.);
#5530=ORIENTED_EDGE('',*,*,#6693,.T.);
#5531=ORIENTED_EDGE('',*,*,#6692,.T.);
#5532=ORIENTED_EDGE('',*,*,#6693,.F.);
#5533=ORIENTED_EDGE('',*,*,#6694,.T.);
#5534=ORIENTED_EDGE('',*,*,#6695,.F.);
#5535=ORIENTED_EDGE('',*,*,#6694,.F.);
#5536=ORIENTED_EDGE('',*,*,#6695,.T.);
#5537=ORIENTED_EDGE('',*,*,#6696,.T.);
#5538=ORIENTED_EDGE('',*,*,#6697,.T.);
#5539=ORIENTED_EDGE('',*,*,#6698,.T.);
#5540=ORIENTED_EDGE('',*,*,#6699,.T.);
#5541=ORIENTED_EDGE('',*,*,#6700,.F.);
#5542=ORIENTED_EDGE('',*,*,#6701,.F.);
#5543=ORIENTED_EDGE('',*,*,#6701,.T.);
#5544=ORIENTED_EDGE('',*,*,#6702,.T.);
#5545=ORIENTED_EDGE('',*,*,#6703,.F.);
#5546=ORIENTED_EDGE('',*,*,#6704,.F.);
#5547=ORIENTED_EDGE('',*,*,#6700,.T.);
#5548=ORIENTED_EDGE('',*,*,#6704,.T.);
#5549=ORIENTED_EDGE('',*,*,#6705,.F.);
#5550=ORIENTED_EDGE('',*,*,#6702,.F.);
#5551=ORIENTED_EDGE('',*,*,#6706,.T.);
#5552=ORIENTED_EDGE('',*,*,#6707,.F.);
#5553=ORIENTED_EDGE('',*,*,#6708,.T.);
#5554=ORIENTED_EDGE('',*,*,#6709,.T.);
#5555=ORIENTED_EDGE('',*,*,#6710,.T.);
#5556=ORIENTED_EDGE('',*,*,#6711,.T.);
#5557=ORIENTED_EDGE('',*,*,#6696,.F.);
#5558=ORIENTED_EDGE('',*,*,#6712,.F.);
#5559=ORIENTED_EDGE('',*,*,#6713,.T.);
#5560=ORIENTED_EDGE('',*,*,#6714,.T.);
#5561=ORIENTED_EDGE('',*,*,#6715,.T.);
#5562=ORIENTED_EDGE('',*,*,#6697,.F.);
#5563=ORIENTED_EDGE('',*,*,#6711,.F.);
#5564=ORIENTED_EDGE('',*,*,#6716,.T.);
#5565=ORIENTED_EDGE('',*,*,#6717,.F.);
#5566=ORIENTED_EDGE('',*,*,#6718,.T.);
#5567=ORIENTED_EDGE('',*,*,#6719,.T.);
#5568=ORIENTED_EDGE('',*,*,#6720,.T.);
#5569=ORIENTED_EDGE('',*,*,#6721,.T.);
#5570=ORIENTED_EDGE('',*,*,#6698,.F.);
#5571=ORIENTED_EDGE('',*,*,#6715,.F.);
#5572=ORIENTED_EDGE('',*,*,#6722,.T.);
#5573=ORIENTED_EDGE('',*,*,#6723,.T.);
#5574=ORIENTED_EDGE('',*,*,#6712,.T.);
#5575=ORIENTED_EDGE('',*,*,#6699,.F.);
#5576=ORIENTED_EDGE('',*,*,#6721,.F.);
#5577=ORIENTED_EDGE('',*,*,#6703,.T.);
#5578=ORIENTED_EDGE('',*,*,#6705,.T.);
#5579=ORIENTED_EDGE('',*,*,#6724,.F.);
#5580=ORIENTED_EDGE('',*,*,#6706,.F.);
#5581=ORIENTED_EDGE('',*,*,#6723,.F.);
#5582=ORIENTED_EDGE('',*,*,#6725,.T.);
#5583=ORIENTED_EDGE('',*,*,#6719,.F.);
#5584=ORIENTED_EDGE('',*,*,#6726,.T.);
#5585=ORIENTED_EDGE('',*,*,#6707,.T.);
#5586=ORIENTED_EDGE('',*,*,#6724,.T.);
#5587=ORIENTED_EDGE('',*,*,#6727,.F.);
#5588=ORIENTED_EDGE('',*,*,#6708,.F.);
#5589=ORIENTED_EDGE('',*,*,#6726,.F.);
#5590=ORIENTED_EDGE('',*,*,#6718,.F.);
#5591=ORIENTED_EDGE('',*,*,#6728,.T.);
#5592=ORIENTED_EDGE('',*,*,#6709,.F.);
#5593=ORIENTED_EDGE('',*,*,#6727,.T.);
#5594=ORIENTED_EDGE('',*,*,#6717,.T.);
#5595=ORIENTED_EDGE('',*,*,#6729,.T.);
#5596=ORIENTED_EDGE('',*,*,#6728,.F.);
#5597=ORIENTED_EDGE('',*,*,#6713,.F.);
#5598=ORIENTED_EDGE('',*,*,#6710,.F.);
#5599=ORIENTED_EDGE('',*,*,#6729,.F.);
#5600=ORIENTED_EDGE('',*,*,#6716,.F.);
#5601=ORIENTED_EDGE('',*,*,#6714,.F.);
#5602=ORIENTED_EDGE('',*,*,#6725,.F.);
#5603=ORIENTED_EDGE('',*,*,#6722,.F.);
#5604=ORIENTED_EDGE('',*,*,#6720,.F.);
#5605=ORIENTED_EDGE('',*,*,#6730,.T.);
#5606=ORIENTED_EDGE('',*,*,#6731,.T.);
#5607=ORIENTED_EDGE('',*,*,#6732,.F.);
#5608=ORIENTED_EDGE('',*,*,#6733,.T.);
#5609=ORIENTED_EDGE('',*,*,#6733,.F.);
#5610=ORIENTED_EDGE('',*,*,#6734,.F.);
#5611=ORIENTED_EDGE('',*,*,#6730,.F.);
#5612=ORIENTED_EDGE('',*,*,#6735,.F.);
#5613=ORIENTED_EDGE('',*,*,#6731,.F.);
#5614=ORIENTED_EDGE('',*,*,#6736,.T.);
#5615=ORIENTED_EDGE('',*,*,#6737,.T.);
#5616=ORIENTED_EDGE('',*,*,#6732,.T.);
#5617=ORIENTED_EDGE('',*,*,#6738,.T.);
#5618=ORIENTED_EDGE('',*,*,#6739,.T.);
#5619=ORIENTED_EDGE('',*,*,#6734,.T.);
#5620=ORIENTED_EDGE('',*,*,#6735,.T.);
#5621=ORIENTED_EDGE('',*,*,#6738,.F.);
#5622=ORIENTED_EDGE('',*,*,#6740,.F.);
#5623=ORIENTED_EDGE('',*,*,#6736,.F.);
#5624=ORIENTED_EDGE('',*,*,#6741,.T.);
#5625=ORIENTED_EDGE('',*,*,#6739,.F.);
#5626=ORIENTED_EDGE('',*,*,#6741,.F.);
#5627=ORIENTED_EDGE('',*,*,#6737,.F.);
#5628=ORIENTED_EDGE('',*,*,#6740,.T.);
#5629=ORIENTED_EDGE('',*,*,#6742,.F.);
#5630=ORIENTED_EDGE('',*,*,#6743,.T.);
#5631=ORIENTED_EDGE('',*,*,#6742,.T.);
#5632=ORIENTED_EDGE('',*,*,#6743,.F.);
#5633=ORIENTED_EDGE('',*,*,#6744,.T.);
#5634=ORIENTED_EDGE('',*,*,#6745,.F.);
#5635=ORIENTED_EDGE('',*,*,#6746,.T.);
#5636=ORIENTED_EDGE('',*,*,#6747,.F.);
#5637=ORIENTED_EDGE('',*,*,#6748,.F.);
#5638=ORIENTED_EDGE('',*,*,#6749,.F.);
#5639=ORIENTED_EDGE('',*,*,#6750,.F.);
#5640=ORIENTED_EDGE('',*,*,#6751,.F.);
#5641=ORIENTED_EDGE('',*,*,#6752,.F.);
#5642=ORIENTED_EDGE('',*,*,#6753,.F.);
#5643=ORIENTED_EDGE('',*,*,#6754,.F.);
#5644=ORIENTED_EDGE('',*,*,#6755,.F.);
#5645=ORIENTED_EDGE('',*,*,#6756,.F.);
#5646=ORIENTED_EDGE('',*,*,#6757,.T.);
#5647=ORIENTED_EDGE('',*,*,#6758,.F.);
#5648=ORIENTED_EDGE('',*,*,#6759,.F.);
#5649=ORIENTED_EDGE('',*,*,#6760,.F.);
#5650=ORIENTED_EDGE('',*,*,#6761,.T.);
#5651=ORIENTED_EDGE('',*,*,#6762,.F.);
#5652=ORIENTED_EDGE('',*,*,#6763,.F.);
#5653=ORIENTED_EDGE('',*,*,#6764,.F.);
#5654=ORIENTED_EDGE('',*,*,#6765,.F.);
#5655=ORIENTED_EDGE('',*,*,#6766,.T.);
#5656=ORIENTED_EDGE('',*,*,#6767,.F.);
#5657=ORIENTED_EDGE('',*,*,#6768,.T.);
#5658=ORIENTED_EDGE('',*,*,#6769,.T.);
#5659=ORIENTED_EDGE('',*,*,#6770,.T.);
#5660=ORIENTED_EDGE('',*,*,#6771,.T.);
#5661=ORIENTED_EDGE('',*,*,#6772,.T.);
#5662=ORIENTED_EDGE('',*,*,#6773,.T.);
#5663=ORIENTED_EDGE('',*,*,#6774,.T.);
#5664=ORIENTED_EDGE('',*,*,#6775,.T.);
#5665=ORIENTED_EDGE('',*,*,#6776,.T.);
#5666=ORIENTED_EDGE('',*,*,#6777,.T.);
#5667=ORIENTED_EDGE('',*,*,#6778,.T.);
#5668=ORIENTED_EDGE('',*,*,#6779,.T.);
#5669=ORIENTED_EDGE('',*,*,#6780,.T.);
#5670=ORIENTED_EDGE('',*,*,#6781,.T.);
#5671=ORIENTED_EDGE('',*,*,#6782,.T.);
#5672=ORIENTED_EDGE('',*,*,#6783,.T.);
#5673=ORIENTED_EDGE('',*,*,#6784,.T.);
#5674=ORIENTED_EDGE('',*,*,#6785,.T.);
#5675=ORIENTED_EDGE('',*,*,#6786,.T.);
#5676=ORIENTED_EDGE('',*,*,#6787,.T.);
#5677=ORIENTED_EDGE('',*,*,#6788,.T.);
#5678=ORIENTED_EDGE('',*,*,#6789,.T.);
#5679=ORIENTED_EDGE('',*,*,#6790,.T.);
#5680=ORIENTED_EDGE('',*,*,#6791,.T.);
#5681=ORIENTED_EDGE('',*,*,#6792,.T.);
#5682=ORIENTED_EDGE('',*,*,#6744,.F.);
#5683=ORIENTED_EDGE('',*,*,#6776,.F.);
#5684=ORIENTED_EDGE('',*,*,#6793,.F.);
#5685=ORIENTED_EDGE('',*,*,#6792,.F.);
#5686=ORIENTED_EDGE('',*,*,#6794,.T.);
#5687=ORIENTED_EDGE('',*,*,#6777,.F.);
#5688=ORIENTED_EDGE('',*,*,#6794,.F.);
#5689=ORIENTED_EDGE('',*,*,#6791,.F.);
#5690=ORIENTED_EDGE('',*,*,#6795,.T.);
#5691=ORIENTED_EDGE('',*,*,#6778,.F.);
#5692=ORIENTED_EDGE('',*,*,#6795,.F.);
#5693=ORIENTED_EDGE('',*,*,#6790,.F.);
#5694=ORIENTED_EDGE('',*,*,#6796,.T.);
#5695=ORIENTED_EDGE('',*,*,#6779,.F.);
#5696=ORIENTED_EDGE('',*,*,#6796,.F.);
#5697=ORIENTED_EDGE('',*,*,#6789,.F.);
#5698=ORIENTED_EDGE('',*,*,#6797,.T.);
#5699=ORIENTED_EDGE('',*,*,#6780,.F.);
#5700=ORIENTED_EDGE('',*,*,#6797,.F.);
#5701=ORIENTED_EDGE('',*,*,#6788,.F.);
#5702=ORIENTED_EDGE('',*,*,#6798,.T.);
#5703=ORIENTED_EDGE('',*,*,#6775,.F.);
#5704=ORIENTED_EDGE('',*,*,#6798,.F.);
#5705=ORIENTED_EDGE('',*,*,#6787,.F.);
#5706=ORIENTED_EDGE('',*,*,#6793,.T.);
#5707=ORIENTED_EDGE('',*,*,#6799,.T.);
#5708=ORIENTED_EDGE('',*,*,#6800,.T.);
#5709=ORIENTED_EDGE('',*,*,#6801,.T.);
#5710=ORIENTED_EDGE('',*,*,#6802,.T.);
#5711=ORIENTED_EDGE('',*,*,#6803,.T.);
#5712=ORIENTED_EDGE('',*,*,#6804,.T.);
#5713=ORIENTED_EDGE('',*,*,#6746,.F.);
#5714=ORIENTED_EDGE('',*,*,#6770,.F.);
#5715=ORIENTED_EDGE('',*,*,#6805,.F.);
#5716=ORIENTED_EDGE('',*,*,#6804,.F.);
#5717=ORIENTED_EDGE('',*,*,#6806,.T.);
#5718=ORIENTED_EDGE('',*,*,#6771,.F.);
#5719=ORIENTED_EDGE('',*,*,#6806,.F.);
#5720=ORIENTED_EDGE('',*,*,#6803,.F.);
#5721=ORIENTED_EDGE('',*,*,#6807,.T.);
#5722=ORIENTED_EDGE('',*,*,#6772,.F.);
#5723=ORIENTED_EDGE('',*,*,#6807,.F.);
#5724=ORIENTED_EDGE('',*,*,#6802,.F.);
#5725=ORIENTED_EDGE('',*,*,#6808,.T.);
#5726=ORIENTED_EDGE('',*,*,#6773,.F.);
#5727=ORIENTED_EDGE('',*,*,#6808,.F.);
#5728=ORIENTED_EDGE('',*,*,#6801,.F.);
#5729=ORIENTED_EDGE('',*,*,#6809,.T.);
#5730=ORIENTED_EDGE('',*,*,#6774,.F.);
#5731=ORIENTED_EDGE('',*,*,#6809,.F.);
#5732=ORIENTED_EDGE('',*,*,#6800,.F.);
#5733=ORIENTED_EDGE('',*,*,#6810,.T.);
#5734=ORIENTED_EDGE('',*,*,#6769,.F.);
#5735=ORIENTED_EDGE('',*,*,#6810,.F.);
#5736=ORIENTED_EDGE('',*,*,#6799,.F.);
#5737=ORIENTED_EDGE('',*,*,#6805,.T.);
#5738=ORIENTED_EDGE('',*,*,#6811,.F.);
#5739=ORIENTED_EDGE('',*,*,#6812,.F.);
#5740=ORIENTED_EDGE('',*,*,#6813,.F.);
#5741=ORIENTED_EDGE('',*,*,#6814,.T.);
#5742=ORIENTED_EDGE('',*,*,#6815,.F.);
#5743=ORIENTED_EDGE('',*,*,#6816,.F.);
#5744=ORIENTED_EDGE('',*,*,#6817,.F.);
#5745=ORIENTED_EDGE('',*,*,#6745,.T.);
#5746=ORIENTED_EDGE('',*,*,#6818,.F.);
#5747=ORIENTED_EDGE('',*,*,#6819,.F.);
#5748=ORIENTED_EDGE('',*,*,#6820,.F.);
#5749=ORIENTED_EDGE('',*,*,#6821,.F.);
#5750=ORIENTED_EDGE('',*,*,#6822,.F.);
#5751=ORIENTED_EDGE('',*,*,#6823,.F.);
#5752=ORIENTED_EDGE('',*,*,#6824,.T.);
#5753=ORIENTED_EDGE('',*,*,#6825,.F.);
#5754=ORIENTED_EDGE('',*,*,#6826,.T.);
#5755=ORIENTED_EDGE('',*,*,#6747,.T.);
#5756=ORIENTED_EDGE('',*,*,#6827,.F.);
#5757=ORIENTED_EDGE('',*,*,#6828,.T.);
#5758=ORIENTED_EDGE('',*,*,#6829,.T.);
#5759=ORIENTED_EDGE('',*,*,#6748,.T.);
#5760=ORIENTED_EDGE('',*,*,#6829,.F.);
#5761=ORIENTED_EDGE('',*,*,#6830,.T.);
#5762=ORIENTED_EDGE('',*,*,#6831,.T.);
#5763=ORIENTED_EDGE('',*,*,#6832,.T.);
#5764=ORIENTED_EDGE('',*,*,#6833,.F.);
#5765=ORIENTED_EDGE('',*,*,#6749,.T.);
#5766=ORIENTED_EDGE('',*,*,#6833,.T.);
#5767=ORIENTED_EDGE('',*,*,#6834,.T.);
#5768=ORIENTED_EDGE('',*,*,#6825,.T.);
#5769=ORIENTED_EDGE('',*,*,#6835,.F.);
#5770=ORIENTED_EDGE('',*,*,#6750,.T.);
#5771=ORIENTED_EDGE('',*,*,#6836,.F.);
#5772=ORIENTED_EDGE('',*,*,#6751,.T.);
#5773=ORIENTED_EDGE('',*,*,#6835,.T.);
#5774=ORIENTED_EDGE('',*,*,#6824,.F.);
#5775=ORIENTED_EDGE('',*,*,#6837,.F.);
#5776=ORIENTED_EDGE('',*,*,#6838,.F.);
#5777=ORIENTED_EDGE('',*,*,#6839,.F.);
#5778=ORIENTED_EDGE('',*,*,#6752,.T.);
#5779=ORIENTED_EDGE('',*,*,#6836,.T.);
#5780=ORIENTED_EDGE('',*,*,#6840,.T.);
#5781=ORIENTED_EDGE('',*,*,#6839,.T.);
#5782=ORIENTED_EDGE('',*,*,#6841,.T.);
#5783=ORIENTED_EDGE('',*,*,#6842,.T.);
#5784=ORIENTED_EDGE('',*,*,#6753,.T.);
#5785=ORIENTED_EDGE('',*,*,#6842,.F.);
#5786=ORIENTED_EDGE('',*,*,#6843,.F.);
#5787=ORIENTED_EDGE('',*,*,#6844,.T.);
#5788=ORIENTED_EDGE('',*,*,#6754,.T.);
#5789=ORIENTED_EDGE('',*,*,#6845,.T.);
#5790=ORIENTED_EDGE('',*,*,#6755,.T.);
#5791=ORIENTED_EDGE('',*,*,#6844,.F.);
#5792=ORIENTED_EDGE('',*,*,#6846,.F.);
#5793=ORIENTED_EDGE('',*,*,#6847,.F.);
#5794=ORIENTED_EDGE('',*,*,#6812,.T.);
#5795=ORIENTED_EDGE('',*,*,#6848,.T.);
#5796=ORIENTED_EDGE('',*,*,#6756,.T.);
#5797=ORIENTED_EDGE('',*,*,#6845,.F.);
#5798=ORIENTED_EDGE('',*,*,#6811,.T.);
#5799=ORIENTED_EDGE('',*,*,#6848,.F.);
#5800=ORIENTED_EDGE('',*,*,#6817,.T.);
#5801=ORIENTED_EDGE('',*,*,#6849,.T.);
#5802=ORIENTED_EDGE('',*,*,#6757,.F.);
#5803=ORIENTED_EDGE('',*,*,#6849,.F.);
#5804=ORIENTED_EDGE('',*,*,#6816,.T.);
#5805=ORIENTED_EDGE('',*,*,#6850,.T.);
#5806=ORIENTED_EDGE('',*,*,#6758,.T.);
#5807=ORIENTED_EDGE('',*,*,#6850,.F.);
#5808=ORIENTED_EDGE('',*,*,#6815,.T.);
#5809=ORIENTED_EDGE('',*,*,#6851,.T.);
#5810=ORIENTED_EDGE('',*,*,#6852,.T.);
#5811=ORIENTED_EDGE('',*,*,#6853,.T.);
#5812=ORIENTED_EDGE('',*,*,#6821,.T.);
#5813=ORIENTED_EDGE('',*,*,#6854,.T.);
#5814=ORIENTED_EDGE('',*,*,#6759,.T.);
#5815=ORIENTED_EDGE('',*,*,#6855,.T.);
#5816=ORIENTED_EDGE('',*,*,#6760,.T.);
#5817=ORIENTED_EDGE('',*,*,#6854,.F.);
#5818=ORIENTED_EDGE('',*,*,#6820,.T.);
#5819=ORIENTED_EDGE('',*,*,#6856,.F.);
#5820=ORIENTED_EDGE('',*,*,#6761,.F.);
#5821=ORIENTED_EDGE('',*,*,#6855,.F.);
#5822=ORIENTED_EDGE('',*,*,#6819,.T.);
#5823=ORIENTED_EDGE('',*,*,#6857,.F.);
#5824=ORIENTED_EDGE('',*,*,#6762,.T.);
#5825=ORIENTED_EDGE('',*,*,#6856,.T.);
#5826=ORIENTED_EDGE('',*,*,#6818,.T.);
#5827=ORIENTED_EDGE('',*,*,#6858,.T.);
#5828=ORIENTED_EDGE('',*,*,#6857,.T.);
#5829=ORIENTED_EDGE('',*,*,#6859,.T.);
#5830=ORIENTED_EDGE('',*,*,#6860,.T.);
#5831=ORIENTED_EDGE('',*,*,#6763,.T.);
#5832=ORIENTED_EDGE('',*,*,#6861,.F.);
#5833=ORIENTED_EDGE('',*,*,#6764,.T.);
#5834=ORIENTED_EDGE('',*,*,#6860,.F.);
#5835=ORIENTED_EDGE('',*,*,#6862,.T.);
#5836=ORIENTED_EDGE('',*,*,#6863,.T.);
#5837=ORIENTED_EDGE('',*,*,#6861,.T.);
#5838=ORIENTED_EDGE('',*,*,#6864,.T.);
#5839=ORIENTED_EDGE('',*,*,#6865,.F.);
#5840=ORIENTED_EDGE('',*,*,#6765,.T.);
#5841=ORIENTED_EDGE('',*,*,#6866,.T.);
#5842=ORIENTED_EDGE('',*,*,#6766,.F.);
#5843=ORIENTED_EDGE('',*,*,#6865,.T.);
#5844=ORIENTED_EDGE('',*,*,#6867,.T.);
#5845=ORIENTED_EDGE('',*,*,#6866,.F.);
#5846=ORIENTED_EDGE('',*,*,#6868,.T.);
#5847=ORIENTED_EDGE('',*,*,#6869,.T.);
#5848=ORIENTED_EDGE('',*,*,#6767,.T.);
#5849=ORIENTED_EDGE('',*,*,#6827,.T.);
#5850=ORIENTED_EDGE('',*,*,#6768,.F.);
#5851=ORIENTED_EDGE('',*,*,#6869,.F.);
#5852=ORIENTED_EDGE('',*,*,#6870,.T.);
#5853=ORIENTED_EDGE('',*,*,#6781,.F.);
#5854=ORIENTED_EDGE('',*,*,#6871,.F.);
#5855=ORIENTED_EDGE('',*,*,#6872,.F.);
#5856=ORIENTED_EDGE('',*,*,#6873,.T.);
#5857=ORIENTED_EDGE('',*,*,#6782,.F.);
#5858=ORIENTED_EDGE('',*,*,#6873,.F.);
#5859=ORIENTED_EDGE('',*,*,#6874,.F.);
#5860=ORIENTED_EDGE('',*,*,#6875,.T.);
#5861=ORIENTED_EDGE('',*,*,#6783,.F.);
#5862=ORIENTED_EDGE('',*,*,#6875,.F.);
#5863=ORIENTED_EDGE('',*,*,#6876,.F.);
#5864=ORIENTED_EDGE('',*,*,#6877,.T.);
#5865=ORIENTED_EDGE('',*,*,#6784,.F.);
#5866=ORIENTED_EDGE('',*,*,#6877,.F.);
#5867=ORIENTED_EDGE('',*,*,#6878,.F.);
#5868=ORIENTED_EDGE('',*,*,#6879,.T.);
#5869=ORIENTED_EDGE('',*,*,#6785,.F.);
#5870=ORIENTED_EDGE('',*,*,#6879,.F.);
#5871=ORIENTED_EDGE('',*,*,#6880,.F.);
#5872=ORIENTED_EDGE('',*,*,#6881,.T.);
#5873=ORIENTED_EDGE('',*,*,#6786,.F.);
#5874=ORIENTED_EDGE('',*,*,#6881,.F.);
#5875=ORIENTED_EDGE('',*,*,#6882,.F.);
#5876=ORIENTED_EDGE('',*,*,#6871,.T.);
#5877=ORIENTED_EDGE('',*,*,#6883,.F.);
#5878=ORIENTED_EDGE('',*,*,#6813,.T.);
#5879=ORIENTED_EDGE('',*,*,#6847,.T.);
#5880=ORIENTED_EDGE('',*,*,#6884,.T.);
#5881=ORIENTED_EDGE('',*,*,#6883,.T.);
#5882=ORIENTED_EDGE('',*,*,#6885,.T.);
#5883=ORIENTED_EDGE('',*,*,#6886,.F.);
#5884=ORIENTED_EDGE('',*,*,#6887,.T.);
#5885=ORIENTED_EDGE('',*,*,#6851,.F.);
#5886=ORIENTED_EDGE('',*,*,#6814,.F.);
#5887=ORIENTED_EDGE('',*,*,#6888,.T.);
#5888=ORIENTED_EDGE('',*,*,#6822,.T.);
#5889=ORIENTED_EDGE('',*,*,#6853,.F.);
#5890=ORIENTED_EDGE('',*,*,#6889,.F.);
#5891=ORIENTED_EDGE('',*,*,#6890,.F.);
#5892=ORIENTED_EDGE('',*,*,#6891,.F.);
#5893=ORIENTED_EDGE('',*,*,#6888,.F.);
#5894=ORIENTED_EDGE('',*,*,#6892,.F.);
#5895=ORIENTED_EDGE('',*,*,#6837,.T.);
#5896=ORIENTED_EDGE('',*,*,#6823,.T.);
#5897=ORIENTED_EDGE('',*,*,#6893,.F.);
#5898=ORIENTED_EDGE('',*,*,#6894,.T.);
#5899=ORIENTED_EDGE('',*,*,#6858,.F.);
#5900=ORIENTED_EDGE('',*,*,#6826,.F.);
#5901=ORIENTED_EDGE('',*,*,#6834,.F.);
#5902=ORIENTED_EDGE('',*,*,#6895,.T.);
#5903=ORIENTED_EDGE('',*,*,#6828,.F.);
#5904=ORIENTED_EDGE('',*,*,#6870,.F.);
#5905=ORIENTED_EDGE('',*,*,#6868,.F.);
#5906=ORIENTED_EDGE('',*,*,#6867,.F.);
#5907=ORIENTED_EDGE('',*,*,#6864,.F.);
#5908=ORIENTED_EDGE('',*,*,#6863,.F.);
#5909=ORIENTED_EDGE('',*,*,#6896,.F.);
#5910=ORIENTED_EDGE('',*,*,#6830,.F.);
#5911=ORIENTED_EDGE('',*,*,#6897,.T.);
#5912=ORIENTED_EDGE('',*,*,#6898,.F.);
#5913=ORIENTED_EDGE('',*,*,#6899,.F.);
#5914=ORIENTED_EDGE('',*,*,#6831,.F.);
#5915=ORIENTED_EDGE('',*,*,#6896,.T.);
#5916=ORIENTED_EDGE('',*,*,#6862,.F.);
#5917=ORIENTED_EDGE('',*,*,#6900,.F.);
#5918=ORIENTED_EDGE('',*,*,#6832,.F.);
#5919=ORIENTED_EDGE('',*,*,#6899,.T.);
#5920=ORIENTED_EDGE('',*,*,#6901,.F.);
#5921=ORIENTED_EDGE('',*,*,#6902,.F.);
#5922=ORIENTED_EDGE('',*,*,#6895,.F.);
#5923=ORIENTED_EDGE('',*,*,#6903,.F.);
#5924=ORIENTED_EDGE('',*,*,#6840,.F.);
#5925=ORIENTED_EDGE('',*,*,#6838,.T.);
#5926=ORIENTED_EDGE('',*,*,#6892,.T.);
#5927=ORIENTED_EDGE('',*,*,#6903,.T.);
#5928=ORIENTED_EDGE('',*,*,#6891,.T.);
#5929=ORIENTED_EDGE('',*,*,#6904,.F.);
#5930=ORIENTED_EDGE('',*,*,#6905,.F.);
#5931=ORIENTED_EDGE('',*,*,#6885,.F.);
#5932=ORIENTED_EDGE('',*,*,#6906,.T.);
#5933=ORIENTED_EDGE('',*,*,#6841,.F.);
#5934=ORIENTED_EDGE('',*,*,#6906,.F.);
#5935=ORIENTED_EDGE('',*,*,#6884,.F.);
#5936=ORIENTED_EDGE('',*,*,#6846,.T.);
#5937=ORIENTED_EDGE('',*,*,#6843,.T.);
#5938=ORIENTED_EDGE('',*,*,#6907,.F.);
#5939=ORIENTED_EDGE('',*,*,#6889,.T.);
#5940=ORIENTED_EDGE('',*,*,#6852,.F.);
#5941=ORIENTED_EDGE('',*,*,#6887,.F.);
#5942=ORIENTED_EDGE('',*,*,#6908,.F.);
#5943=ORIENTED_EDGE('',*,*,#6909,.F.);
#5944=ORIENTED_EDGE('',*,*,#6900,.T.);
#5945=ORIENTED_EDGE('',*,*,#6859,.F.);
#5946=ORIENTED_EDGE('',*,*,#6894,.F.);
#5947=ORIENTED_EDGE('',*,*,#6910,.F.);
#5948=ORIENTED_EDGE('',*,*,#6872,.T.);
#5949=ORIENTED_EDGE('',*,*,#6882,.T.);
#5950=ORIENTED_EDGE('',*,*,#6880,.T.);
#5951=ORIENTED_EDGE('',*,*,#6878,.T.);
#5952=ORIENTED_EDGE('',*,*,#6876,.T.);
#5953=ORIENTED_EDGE('',*,*,#6874,.T.);
#5954=ORIENTED_EDGE('',*,*,#6911,.F.);
#5955=ORIENTED_EDGE('',*,*,#6908,.T.);
#5956=ORIENTED_EDGE('',*,*,#6886,.T.);
#5957=ORIENTED_EDGE('',*,*,#6905,.T.);
#5958=ORIENTED_EDGE('',*,*,#6904,.T.);
#5959=ORIENTED_EDGE('',*,*,#6890,.T.);
#5960=ORIENTED_EDGE('',*,*,#6907,.T.);
#5961=ORIENTED_EDGE('',*,*,#6910,.T.);
#5962=ORIENTED_EDGE('',*,*,#6893,.T.);
#5963=ORIENTED_EDGE('',*,*,#6902,.T.);
#5964=ORIENTED_EDGE('',*,*,#6911,.T.);
#5965=ORIENTED_EDGE('',*,*,#6897,.F.);
#5966=ORIENTED_EDGE('',*,*,#6901,.T.);
#5967=ORIENTED_EDGE('',*,*,#6898,.T.);
#5968=ORIENTED_EDGE('',*,*,#6909,.T.);
#5969=ORIENTED_EDGE('',*,*,#6912,.F.);
#5970=ORIENTED_EDGE('',*,*,#6913,.T.);
#5971=ORIENTED_EDGE('',*,*,#6914,.F.);
#5972=ORIENTED_EDGE('',*,*,#6915,.F.);
#5973=ORIENTED_EDGE('',*,*,#6916,.T.);
#5974=ORIENTED_EDGE('',*,*,#6917,.F.);
#5975=ORIENTED_EDGE('',*,*,#6918,.F.);
#5976=ORIENTED_EDGE('',*,*,#6919,.F.);
#5977=ORIENTED_EDGE('',*,*,#6920,.F.);
#5978=ORIENTED_EDGE('',*,*,#6921,.T.);
#5979=ORIENTED_EDGE('',*,*,#6922,.F.);
#5980=ORIENTED_EDGE('',*,*,#6923,.T.);
#5981=ORIENTED_EDGE('',*,*,#6924,.F.);
#5982=ORIENTED_EDGE('',*,*,#6925,.T.);
#5983=ORIENTED_EDGE('',*,*,#6926,.F.);
#5984=ORIENTED_EDGE('',*,*,#6927,.F.);
#5985=ORIENTED_EDGE('',*,*,#6928,.F.);
#5986=ORIENTED_EDGE('',*,*,#6929,.T.);
#5987=ORIENTED_EDGE('',*,*,#6930,.F.);
#5988=ORIENTED_EDGE('',*,*,#6931,.F.);
#5989=ORIENTED_EDGE('',*,*,#6932,.F.);
#5990=ORIENTED_EDGE('',*,*,#6933,.F.);
#5991=ORIENTED_EDGE('',*,*,#6934,.F.);
#5992=ORIENTED_EDGE('',*,*,#6935,.F.);
#5993=ORIENTED_EDGE('',*,*,#6936,.F.);
#5994=ORIENTED_EDGE('',*,*,#6937,.F.);
#5995=ORIENTED_EDGE('',*,*,#6938,.T.);
#5996=ORIENTED_EDGE('',*,*,#6939,.F.);
#5997=ORIENTED_EDGE('',*,*,#6940,.F.);
#5998=ORIENTED_EDGE('',*,*,#6941,.F.);
#5999=ORIENTED_EDGE('',*,*,#6942,.T.);
#6000=ORIENTED_EDGE('',*,*,#6943,.F.);
#6001=ORIENTED_EDGE('',*,*,#6944,.T.);
#6002=ORIENTED_EDGE('',*,*,#6945,.F.);
#6003=ORIENTED_EDGE('',*,*,#6946,.F.);
#6004=ORIENTED_EDGE('',*,*,#6947,.F.);
#6005=ORIENTED_EDGE('',*,*,#6948,.T.);
#6006=ORIENTED_EDGE('',*,*,#6949,.F.);
#6007=ORIENTED_EDGE('',*,*,#6950,.T.);
#6008=ORIENTED_EDGE('',*,*,#6951,.T.);
#6009=ORIENTED_EDGE('',*,*,#6952,.T.);
#6010=ORIENTED_EDGE('',*,*,#6953,.T.);
#6011=ORIENTED_EDGE('',*,*,#6921,.F.);
#6012=ORIENTED_EDGE('',*,*,#6952,.F.);
#6013=ORIENTED_EDGE('',*,*,#6929,.F.);
#6014=ORIENTED_EDGE('',*,*,#6951,.F.);
#6015=ORIENTED_EDGE('',*,*,#6954,.T.);
#6016=ORIENTED_EDGE('',*,*,#6915,.T.);
#6017=ORIENTED_EDGE('',*,*,#6955,.F.);
#6018=ORIENTED_EDGE('',*,*,#6935,.T.);
#6019=ORIENTED_EDGE('',*,*,#6956,.F.);
#6020=ORIENTED_EDGE('',*,*,#6916,.F.);
#6021=ORIENTED_EDGE('',*,*,#6954,.F.);
#6022=ORIENTED_EDGE('',*,*,#6934,.T.);
#6023=ORIENTED_EDGE('',*,*,#6957,.T.);
#6024=ORIENTED_EDGE('',*,*,#6932,.T.);
#6025=ORIENTED_EDGE('',*,*,#6958,.T.);
#6026=ORIENTED_EDGE('',*,*,#6959,.T.);
#6027=ORIENTED_EDGE('',*,*,#6960,.F.);
#6028=ORIENTED_EDGE('',*,*,#6961,.F.);
#6029=ORIENTED_EDGE('',*,*,#6962,.F.);
#6030=ORIENTED_EDGE('',*,*,#6963,.F.);
#6031=ORIENTED_EDGE('',*,*,#6964,.F.);
#6032=ORIENTED_EDGE('',*,*,#6918,.T.);
#6033=ORIENTED_EDGE('',*,*,#6964,.T.);
#6034=ORIENTED_EDGE('',*,*,#6965,.T.);
#6035=ORIENTED_EDGE('',*,*,#6945,.T.);
#6036=ORIENTED_EDGE('',*,*,#6966,.F.);
#6037=ORIENTED_EDGE('',*,*,#6919,.T.);
#6038=ORIENTED_EDGE('',*,*,#6967,.T.);
#6039=ORIENTED_EDGE('',*,*,#6968,.T.);
#6040=ORIENTED_EDGE('',*,*,#6969,.T.);
#6041=ORIENTED_EDGE('',*,*,#6920,.T.);
#6042=ORIENTED_EDGE('',*,*,#6966,.T.);
#6043=ORIENTED_EDGE('',*,*,#6944,.F.);
#6044=ORIENTED_EDGE('',*,*,#6970,.T.);
#6045=ORIENTED_EDGE('',*,*,#6971,.F.);
#6046=ORIENTED_EDGE('',*,*,#6972,.F.);
#6047=ORIENTED_EDGE('',*,*,#6942,.F.);
#6048=ORIENTED_EDGE('',*,*,#6973,.F.);
#6049=ORIENTED_EDGE('',*,*,#6974,.T.);
#6050=ORIENTED_EDGE('',*,*,#6975,.F.);
#6051=ORIENTED_EDGE('',*,*,#6976,.T.);
#6052=ORIENTED_EDGE('',*,*,#6977,.F.);
#6053=ORIENTED_EDGE('',*,*,#6913,.F.);
#6054=ORIENTED_EDGE('',*,*,#6978,.F.);
#6055=ORIENTED_EDGE('',*,*,#6936,.T.);
#6056=ORIENTED_EDGE('',*,*,#6955,.T.);
#6057=ORIENTED_EDGE('',*,*,#6914,.T.);
#6058=ORIENTED_EDGE('',*,*,#6977,.T.);
#6059=ORIENTED_EDGE('',*,*,#6979,.T.);
#6060=ORIENTED_EDGE('',*,*,#6980,.T.);
#6061=ORIENTED_EDGE('',*,*,#6925,.F.);
#6062=ORIENTED_EDGE('',*,*,#6981,.T.);
#6063=ORIENTED_EDGE('',*,*,#6928,.T.);
#6064=ORIENTED_EDGE('',*,*,#6982,.F.);
#6065=ORIENTED_EDGE('',*,*,#6983,.F.);
#6066=ORIENTED_EDGE('',*,*,#6984,.F.);
#6067=ORIENTED_EDGE('',*,*,#6940,.T.);
#6068=ORIENTED_EDGE('',*,*,#6985,.F.);
#6069=ORIENTED_EDGE('',*,*,#6938,.F.);
#6070=ORIENTED_EDGE('',*,*,#6986,.T.);
#6071=ORIENTED_EDGE('',*,*,#6923,.F.);
#6072=ORIENTED_EDGE('',*,*,#6987,.T.);
#6073=ORIENTED_EDGE('',*,*,#6926,.T.);
#6074=ORIENTED_EDGE('',*,*,#6980,.F.);
#6075=ORIENTED_EDGE('',*,*,#6988,.F.);
#6076=ORIENTED_EDGE('',*,*,#6989,.F.);
#6077=ORIENTED_EDGE('',*,*,#6990,.F.);
#6078=ORIENTED_EDGE('',*,*,#6991,.F.);
#6079=ORIENTED_EDGE('',*,*,#6946,.T.);
#6080=ORIENTED_EDGE('',*,*,#6965,.F.);
#6081=ORIENTED_EDGE('',*,*,#6992,.T.);
#6082=ORIENTED_EDGE('',*,*,#6993,.T.);
#6083=ORIENTED_EDGE('',*,*,#6994,.F.);
#6084=ORIENTED_EDGE('',*,*,#6995,.F.);
#6085=ORIENTED_EDGE('',*,*,#6948,.F.);
#6086=ORIENTED_EDGE('',*,*,#6996,.T.);
#6087=ORIENTED_EDGE('',*,*,#6997,.F.);
#6088=ORIENTED_EDGE('',*,*,#6998,.T.);
#6089=ORIENTED_EDGE('',*,*,#6950,.F.);
#6090=ORIENTED_EDGE('',*,*,#6999,.T.);
#6091=ORIENTED_EDGE('',*,*,#7000,.F.);
#6092=ORIENTED_EDGE('',*,*,#7001,.F.);
#6093=ORIENTED_EDGE('',*,*,#7002,.T.);
#6094=ORIENTED_EDGE('',*,*,#7003,.T.);
#6095=ORIENTED_EDGE('',*,*,#6958,.F.);
#6096=ORIENTED_EDGE('',*,*,#6931,.T.);
#6097=ORIENTED_EDGE('',*,*,#7004,.F.);
#6098=ORIENTED_EDGE('',*,*,#6953,.F.);
#6099=ORIENTED_EDGE('',*,*,#7005,.F.);
#6100=ORIENTED_EDGE('',*,*,#6959,.F.);
#6101=ORIENTED_EDGE('',*,*,#7006,.F.);
#6102=ORIENTED_EDGE('',*,*,#7007,.F.);
#6103=ORIENTED_EDGE('',*,*,#7008,.F.);
#6104=ORIENTED_EDGE('',*,*,#6961,.T.);
#6105=ORIENTED_EDGE('',*,*,#7008,.T.);
#6106=ORIENTED_EDGE('',*,*,#7009,.T.);
#6107=ORIENTED_EDGE('',*,*,#6962,.T.);
#6108=ORIENTED_EDGE('',*,*,#6992,.F.);
#6109=ORIENTED_EDGE('',*,*,#6963,.T.);
#6110=ORIENTED_EDGE('',*,*,#7009,.F.);
#6111=ORIENTED_EDGE('',*,*,#7010,.F.);
#6112=ORIENTED_EDGE('',*,*,#7011,.F.);
#6113=ORIENTED_EDGE('',*,*,#7012,.T.);
#6114=ORIENTED_EDGE('',*,*,#6990,.T.);
#6115=ORIENTED_EDGE('',*,*,#7013,.F.);
#6116=ORIENTED_EDGE('',*,*,#7014,.F.);
#6117=ORIENTED_EDGE('',*,*,#6974,.F.);
#6118=ORIENTED_EDGE('',*,*,#7015,.F.);
#6119=ORIENTED_EDGE('',*,*,#6971,.T.);
#6120=ORIENTED_EDGE('',*,*,#6975,.T.);
#6121=ORIENTED_EDGE('',*,*,#7014,.T.);
#6122=ORIENTED_EDGE('',*,*,#7016,.T.);
#6123=ORIENTED_EDGE('',*,*,#7017,.F.);
#6124=ORIENTED_EDGE('',*,*,#6988,.T.);
#6125=ORIENTED_EDGE('',*,*,#6979,.F.);
#6126=ORIENTED_EDGE('',*,*,#6976,.F.);
#6127=ORIENTED_EDGE('',*,*,#7016,.F.);
#6128=ORIENTED_EDGE('',*,*,#6989,.T.);
#6129=ORIENTED_EDGE('',*,*,#7017,.T.);
#6130=ORIENTED_EDGE('',*,*,#7013,.T.);
#6131=ORIENTED_EDGE('',*,*,#7018,.F.);
#6132=ORIENTED_EDGE('',*,*,#7006,.T.);
#6133=ORIENTED_EDGE('',*,*,#7003,.F.);
#6134=ORIENTED_EDGE('',*,*,#7019,.F.);
#6135=ORIENTED_EDGE('',*,*,#6993,.F.);
#6136=ORIENTED_EDGE('',*,*,#7011,.T.);
#6137=ORIENTED_EDGE('',*,*,#7020,.F.);
#6138=ORIENTED_EDGE('',*,*,#7000,.T.);
#6139=ORIENTED_EDGE('',*,*,#7021,.F.);
#6140=ORIENTED_EDGE('',*,*,#6997,.T.);
#6141=ORIENTED_EDGE('',*,*,#7022,.F.);
#6142=ORIENTED_EDGE('',*,*,#6994,.T.);
#6143=ORIENTED_EDGE('',*,*,#7019,.T.);
#6144=ORIENTED_EDGE('',*,*,#7002,.F.);
#6145=ORIENTED_EDGE('',*,*,#7004,.T.);
#6146=ORIENTED_EDGE('',*,*,#7007,.T.);
#6147=ORIENTED_EDGE('',*,*,#7018,.T.);
#6148=ORIENTED_EDGE('',*,*,#7010,.T.);
#6149=ORIENTED_EDGE('',*,*,#6957,.F.);
#6150=ORIENTED_EDGE('',*,*,#7005,.T.);
#6151=ORIENTED_EDGE('',*,*,#6960,.T.);
#6152=ORIENTED_EDGE('',*,*,#6917,.T.);
#6153=ORIENTED_EDGE('',*,*,#6956,.T.);
#6154=ORIENTED_EDGE('',*,*,#6933,.T.);
#6155=ORIENTED_EDGE('',*,*,#6967,.F.);
#6156=ORIENTED_EDGE('',*,*,#6943,.T.);
#6157=ORIENTED_EDGE('',*,*,#6972,.T.);
#6158=ORIENTED_EDGE('',*,*,#7023,.T.);
#6159=ORIENTED_EDGE('',*,*,#6968,.F.);
#6160=ORIENTED_EDGE('',*,*,#7023,.F.);
#6161=ORIENTED_EDGE('',*,*,#7015,.T.);
#6162=ORIENTED_EDGE('',*,*,#7024,.T.);
#6163=ORIENTED_EDGE('',*,*,#6969,.F.);
#6164=ORIENTED_EDGE('',*,*,#7024,.F.);
#6165=ORIENTED_EDGE('',*,*,#6973,.T.);
#6166=ORIENTED_EDGE('',*,*,#6912,.T.);
#6167=ORIENTED_EDGE('',*,*,#6970,.F.);
#6168=ORIENTED_EDGE('',*,*,#6941,.T.);
#6169=ORIENTED_EDGE('',*,*,#6984,.T.);
#6170=ORIENTED_EDGE('',*,*,#7025,.T.);
#6171=ORIENTED_EDGE('',*,*,#7012,.F.);
#6172=ORIENTED_EDGE('',*,*,#7025,.F.);
#6173=ORIENTED_EDGE('',*,*,#6983,.T.);
#6174=ORIENTED_EDGE('',*,*,#7026,.T.);
#6175=ORIENTED_EDGE('',*,*,#6987,.F.);
#6176=ORIENTED_EDGE('',*,*,#7026,.F.);
#6177=ORIENTED_EDGE('',*,*,#6982,.T.);
#6178=ORIENTED_EDGE('',*,*,#6927,.T.);
#6179=ORIENTED_EDGE('',*,*,#6986,.F.);
#6180=ORIENTED_EDGE('',*,*,#6937,.T.);
#6181=ORIENTED_EDGE('',*,*,#6978,.T.);
#6182=ORIENTED_EDGE('',*,*,#6924,.T.);
#6183=ORIENTED_EDGE('',*,*,#6985,.T.);
#6184=ORIENTED_EDGE('',*,*,#6922,.T.);
#6185=ORIENTED_EDGE('',*,*,#6981,.F.);
#6186=ORIENTED_EDGE('',*,*,#6939,.T.);
#6187=ORIENTED_EDGE('',*,*,#6996,.F.);
#6188=ORIENTED_EDGE('',*,*,#6947,.T.);
#6189=ORIENTED_EDGE('',*,*,#6991,.T.);
#6190=ORIENTED_EDGE('',*,*,#7022,.T.);
#6191=ORIENTED_EDGE('',*,*,#6999,.F.);
#6192=ORIENTED_EDGE('',*,*,#6949,.T.);
#6193=ORIENTED_EDGE('',*,*,#6995,.T.);
#6194=ORIENTED_EDGE('',*,*,#7021,.T.);
#6195=ORIENTED_EDGE('',*,*,#7001,.T.);
#6196=ORIENTED_EDGE('',*,*,#6930,.T.);
#6197=ORIENTED_EDGE('',*,*,#6998,.F.);
#6198=ORIENTED_EDGE('',*,*,#7020,.T.);
#6199=ORIENTED_EDGE('',*,*,#7027,.F.);
#6200=ORIENTED_EDGE('',*,*,#7028,.F.);
#6201=ORIENTED_EDGE('',*,*,#7029,.F.);
#6202=ORIENTED_EDGE('',*,*,#7030,.F.);
#6203=ORIENTED_EDGE('',*,*,#7031,.F.);
#6204=ORIENTED_EDGE('',*,*,#7032,.F.);
#6205=ORIENTED_EDGE('',*,*,#7033,.F.);
#6206=ORIENTED_EDGE('',*,*,#7034,.F.);
#6207=ORIENTED_EDGE('',*,*,#7035,.F.);
#6208=ORIENTED_EDGE('',*,*,#7036,.F.);
#6209=ORIENTED_EDGE('',*,*,#7037,.F.);
#6210=ORIENTED_EDGE('',*,*,#7038,.F.);
#6211=ORIENTED_EDGE('',*,*,#7039,.F.);
#6212=ORIENTED_EDGE('',*,*,#7040,.F.);
#6213=ORIENTED_EDGE('',*,*,#7041,.F.);
#6214=ORIENTED_EDGE('',*,*,#7042,.F.);
#6215=ORIENTED_EDGE('',*,*,#7043,.F.);
#6216=ORIENTED_EDGE('',*,*,#7044,.F.);
#6217=ORIENTED_EDGE('',*,*,#7045,.F.);
#6218=ORIENTED_EDGE('',*,*,#7046,.F.);
#6219=ORIENTED_EDGE('',*,*,#7047,.F.);
#6220=ORIENTED_EDGE('',*,*,#7048,.F.);
#6221=ORIENTED_EDGE('',*,*,#7049,.F.);
#6222=ORIENTED_EDGE('',*,*,#7050,.F.);
#6223=ORIENTED_EDGE('',*,*,#7051,.T.);
#6224=ORIENTED_EDGE('',*,*,#7052,.T.);
#6225=ORIENTED_EDGE('',*,*,#7053,.T.);
#6226=ORIENTED_EDGE('',*,*,#7054,.T.);
#6227=ORIENTED_EDGE('',*,*,#7055,.T.);
#6228=ORIENTED_EDGE('',*,*,#7056,.T.);
#6229=ORIENTED_EDGE('',*,*,#7057,.T.);
#6230=ORIENTED_EDGE('',*,*,#7058,.F.);
#6231=ORIENTED_EDGE('',*,*,#7059,.T.);
#6232=ORIENTED_EDGE('',*,*,#7060,.F.);
#6233=ORIENTED_EDGE('',*,*,#7061,.T.);
#6234=ORIENTED_EDGE('',*,*,#7062,.F.);
#6235=ORIENTED_EDGE('',*,*,#7063,.T.);
#6236=ORIENTED_EDGE('',*,*,#7064,.T.);
#6237=ORIENTED_EDGE('',*,*,#7065,.F.);
#6238=ORIENTED_EDGE('',*,*,#7066,.T.);
#6239=ORIENTED_EDGE('',*,*,#7067,.F.);
#6240=ORIENTED_EDGE('',*,*,#7068,.T.);
#6241=ORIENTED_EDGE('',*,*,#7069,.F.);
#6242=ORIENTED_EDGE('',*,*,#7070,.T.);
#6243=ORIENTED_EDGE('',*,*,#7071,.F.);
#6244=ORIENTED_EDGE('',*,*,#7072,.T.);
#6245=ORIENTED_EDGE('',*,*,#7073,.T.);
#6246=ORIENTED_EDGE('',*,*,#7074,.F.);
#6247=ORIENTED_EDGE('',*,*,#7075,.T.);
#6248=ORIENTED_EDGE('',*,*,#7076,.F.);
#6249=ORIENTED_EDGE('',*,*,#7077,.T.);
#6250=ORIENTED_EDGE('',*,*,#7078,.F.);
#6251=ORIENTED_EDGE('',*,*,#7079,.T.);
#6252=ORIENTED_EDGE('',*,*,#7080,.F.);
#6253=ORIENTED_EDGE('',*,*,#7081,.T.);
#6254=ORIENTED_EDGE('',*,*,#7082,.T.);
#6255=ORIENTED_EDGE('',*,*,#7083,.T.);
#6256=ORIENTED_EDGE('',*,*,#7084,.T.);
#6257=ORIENTED_EDGE('',*,*,#7085,.T.);
#6258=ORIENTED_EDGE('',*,*,#7086,.T.);
#6259=ORIENTED_EDGE('',*,*,#7086,.F.);
#6260=ORIENTED_EDGE('',*,*,#7056,.F.);
#6261=ORIENTED_EDGE('',*,*,#7085,.F.);
#6262=ORIENTED_EDGE('',*,*,#7055,.F.);
#6263=ORIENTED_EDGE('',*,*,#7084,.F.);
#6264=ORIENTED_EDGE('',*,*,#7054,.F.);
#6265=ORIENTED_EDGE('',*,*,#7083,.F.);
#6266=ORIENTED_EDGE('',*,*,#7053,.F.);
#6267=ORIENTED_EDGE('',*,*,#7082,.F.);
#6268=ORIENTED_EDGE('',*,*,#7052,.F.);
#6269=ORIENTED_EDGE('',*,*,#7081,.F.);
#6270=ORIENTED_EDGE('',*,*,#7051,.F.);
#6271=ORIENTED_EDGE('',*,*,#7087,.F.);
#6272=ORIENTED_EDGE('',*,*,#7027,.T.);
#6273=ORIENTED_EDGE('',*,*,#7088,.T.);
#6274=ORIENTED_EDGE('',*,*,#7080,.T.);
#6275=ORIENTED_EDGE('',*,*,#7087,.T.);
#6276=ORIENTED_EDGE('',*,*,#7079,.F.);
#6277=ORIENTED_EDGE('',*,*,#7089,.F.);
#6278=ORIENTED_EDGE('',*,*,#7028,.T.);
#6279=ORIENTED_EDGE('',*,*,#7090,.F.);
#6280=ORIENTED_EDGE('',*,*,#7029,.T.);
#6281=ORIENTED_EDGE('',*,*,#7089,.T.);
#6282=ORIENTED_EDGE('',*,*,#7078,.T.);
#6283=ORIENTED_EDGE('',*,*,#7091,.F.);
#6284=ORIENTED_EDGE('',*,*,#7030,.T.);
#6285=ORIENTED_EDGE('',*,*,#7090,.T.);
#6286=ORIENTED_EDGE('',*,*,#7077,.F.);
#6287=ORIENTED_EDGE('',*,*,#7092,.F.);
#6288=ORIENTED_EDGE('',*,*,#7031,.T.);
#6289=ORIENTED_EDGE('',*,*,#7091,.T.);
#6290=ORIENTED_EDGE('',*,*,#7076,.T.);
#6291=ORIENTED_EDGE('',*,*,#7092,.T.);
#6292=ORIENTED_EDGE('',*,*,#7075,.F.);
#6293=ORIENTED_EDGE('',*,*,#7093,.F.);
#6294=ORIENTED_EDGE('',*,*,#7032,.T.);
#6295=ORIENTED_EDGE('',*,*,#7094,.F.);
#6296=ORIENTED_EDGE('',*,*,#7033,.T.);
#6297=ORIENTED_EDGE('',*,*,#7093,.T.);
#6298=ORIENTED_EDGE('',*,*,#7074,.T.);
#6299=ORIENTED_EDGE('',*,*,#7094,.T.);
#6300=ORIENTED_EDGE('',*,*,#7073,.F.);
#6301=ORIENTED_EDGE('',*,*,#7095,.F.);
#6302=ORIENTED_EDGE('',*,*,#7034,.T.);
#6303=ORIENTED_EDGE('',*,*,#7096,.F.);
#6304=ORIENTED_EDGE('',*,*,#7035,.T.);
#6305=ORIENTED_EDGE('',*,*,#7095,.T.);
#6306=ORIENTED_EDGE('',*,*,#7072,.F.);
#6307=ORIENTED_EDGE('',*,*,#7097,.F.);
#6308=ORIENTED_EDGE('',*,*,#7036,.T.);
#6309=ORIENTED_EDGE('',*,*,#7096,.T.);
#6310=ORIENTED_EDGE('',*,*,#7071,.T.);
#6311=ORIENTED_EDGE('',*,*,#7097,.T.);
#6312=ORIENTED_EDGE('',*,*,#7070,.F.);
#6313=ORIENTED_EDGE('',*,*,#7098,.F.);
#6314=ORIENTED_EDGE('',*,*,#7037,.T.);
#6315=ORIENTED_EDGE('',*,*,#7099,.F.);
#6316=ORIENTED_EDGE('',*,*,#7038,.T.);
#6317=ORIENTED_EDGE('',*,*,#7098,.T.);
#6318=ORIENTED_EDGE('',*,*,#7069,.T.);
#6319=ORIENTED_EDGE('',*,*,#7099,.T.);
#6320=ORIENTED_EDGE('',*,*,#7068,.F.);
#6321=ORIENTED_EDGE('',*,*,#7100,.F.);
#6322=ORIENTED_EDGE('',*,*,#7039,.T.);
#6323=ORIENTED_EDGE('',*,*,#7101,.F.);
#6324=ORIENTED_EDGE('',*,*,#7040,.T.);
#6325=ORIENTED_EDGE('',*,*,#7100,.T.);
#6326=ORIENTED_EDGE('',*,*,#7067,.T.);
#6327=ORIENTED_EDGE('',*,*,#7101,.T.);
#6328=ORIENTED_EDGE('',*,*,#7066,.F.);
#6329=ORIENTED_EDGE('',*,*,#7102,.F.);
#6330=ORIENTED_EDGE('',*,*,#7041,.T.);
#6331=ORIENTED_EDGE('',*,*,#7103,.F.);
#6332=ORIENTED_EDGE('',*,*,#7042,.T.);
#6333=ORIENTED_EDGE('',*,*,#7102,.T.);
#6334=ORIENTED_EDGE('',*,*,#7065,.T.);
#6335=ORIENTED_EDGE('',*,*,#7103,.T.);
#6336=ORIENTED_EDGE('',*,*,#7064,.F.);
#6337=ORIENTED_EDGE('',*,*,#7104,.F.);
#6338=ORIENTED_EDGE('',*,*,#7043,.T.);
#6339=ORIENTED_EDGE('',*,*,#7105,.F.);
#6340=ORIENTED_EDGE('',*,*,#7044,.T.);
#6341=ORIENTED_EDGE('',*,*,#7104,.T.);
#6342=ORIENTED_EDGE('',*,*,#7063,.F.);
#6343=ORIENTED_EDGE('',*,*,#7106,.F.);
#6344=ORIENTED_EDGE('',*,*,#7045,.T.);
#6345=ORIENTED_EDGE('',*,*,#7105,.T.);
#6346=ORIENTED_EDGE('',*,*,#7062,.T.);
#6347=ORIENTED_EDGE('',*,*,#7107,.F.);
#6348=ORIENTED_EDGE('',*,*,#7046,.T.);
#6349=ORIENTED_EDGE('',*,*,#7106,.T.);
#6350=ORIENTED_EDGE('',*,*,#7061,.F.);
#6351=ORIENTED_EDGE('',*,*,#7108,.F.);
#6352=ORIENTED_EDGE('',*,*,#7047,.T.);
#6353=ORIENTED_EDGE('',*,*,#7107,.T.);
#6354=ORIENTED_EDGE('',*,*,#7060,.T.);
#6355=ORIENTED_EDGE('',*,*,#7108,.T.);
#6356=ORIENTED_EDGE('',*,*,#7059,.F.);
#6357=ORIENTED_EDGE('',*,*,#7109,.F.);
#6358=ORIENTED_EDGE('',*,*,#7048,.T.);
#6359=ORIENTED_EDGE('',*,*,#7110,.F.);
#6360=ORIENTED_EDGE('',*,*,#7049,.T.);
#6361=ORIENTED_EDGE('',*,*,#7109,.T.);
#6362=ORIENTED_EDGE('',*,*,#7058,.T.);
#6363=ORIENTED_EDGE('',*,*,#7088,.F.);
#6364=ORIENTED_EDGE('',*,*,#7050,.T.);
#6365=ORIENTED_EDGE('',*,*,#7110,.T.);
#6366=ORIENTED_EDGE('',*,*,#7057,.F.);
#6367=EDGE_CURVE('',#7111,#7112,#7113,.F.);
#6368=EDGE_CURVE('',#7114,#7111,#7115,.T.);
#6369=EDGE_CURVE('',#7116,#7114,#7117,.F.);
#6370=EDGE_CURVE('',#7118,#7116,#7119,.T.);
#6371=EDGE_CURVE('',#7120,#7118,#7121,.F.);
#6372=EDGE_CURVE('',#7122,#7120,#7123,.T.);
#6373=EDGE_CURVE('',#7124,#7122,#7125,.F.);
#6374=EDGE_CURVE('',#7112,#7124,#7126,.T.);
#6375=EDGE_CURVE('',#7127,#7127,#7128,.T.);
#6376=EDGE_CURVE('',#7129,#7129,#7130,.T.);
#6377=EDGE_CURVE('',#7131,#7131,#7132,.T.);
#6378=EDGE_CURVE('',#7133,#7133,#7134,.T.);
#6379=EDGE_CURVE('',#7135,#7135,#7136,.T.);
#6380=EDGE_CURVE('',#7137,#7137,#7138,.T.);
#6381=EDGE_CURVE('',#7139,#7139,#7140,.T.);
#6382=EDGE_CURVE('',#7141,#7141,#7142,.T.);
#6383=EDGE_CURVE('',#7143,#7143,#7144,.T.);
#6384=EDGE_CURVE('',#7145,#7145,#7146,.T.);
#6385=EDGE_CURVE('',#7147,#7147,#7148,.F.);
#6386=EDGE_CURVE('',#7149,#7149,#7150,.F.);
#6387=EDGE_CURVE('',#7151,#7151,#7152,.F.);
#6388=EDGE_CURVE('',#7153,#7153,#7154,.F.);
#6389=EDGE_CURVE('',#7155,#7155,#7156,.F.);
#6390=EDGE_CURVE('',#7157,#7158,#7159,.F.);
#6391=EDGE_CURVE('',#7157,#7160,#7161,.T.);
#6392=EDGE_CURVE('',#7162,#7160,#7163,.F.);
#6393=EDGE_CURVE('',#7162,#7164,#7165,.T.);
#6394=EDGE_CURVE('',#7166,#7164,#7167,.F.);
#6395=EDGE_CURVE('',#7166,#7168,#7169,.T.);
#6396=EDGE_CURVE('',#7170,#7168,#7171,.F.);
#6397=EDGE_CURVE('',#7170,#7158,#7172,.T.);
#6398=EDGE_CURVE('',#7173,#7173,#7174,.T.);
#6399=EDGE_CURVE('',#7175,#7175,#7176,.T.);
#6400=EDGE_CURVE('',#7177,#7177,#7178,.T.);
#6401=EDGE_CURVE('',#7179,#7179,#7180,.T.);
#6402=EDGE_CURVE('',#7181,#7181,#7182,.F.);
#6403=EDGE_CURVE('',#7183,#7183,#7184,.F.);
#6404=EDGE_CURVE('',#7185,#7185,#7186,.F.);
#6405=EDGE_CURVE('',#7187,#7187,#7188,.F.);
#6406=EDGE_CURVE('',#7189,#7189,#7190,.F.);
#6407=EDGE_CURVE('',#7191,#7191,#7192,.F.);
#6408=EDGE_CURVE('',#7193,#7193,#7194,.F.);
#6409=EDGE_CURVE('',#7195,#7195,#7196,.F.);
#6410=EDGE_CURVE('',#7197,#7197,#7198,.F.);
#6411=EDGE_CURVE('',#7199,#7199,#7200,.T.);
#6412=EDGE_CURVE('',#7201,#7201,#7202,.T.);
#6413=EDGE_CURVE('',#7111,#7158,#7203,.T.);
#6414=EDGE_CURVE('',#7112,#7157,#7204,.T.);
#6415=EDGE_CURVE('',#7114,#7170,#7205,.T.);
#6416=EDGE_CURVE('',#7116,#7168,#7206,.T.);
#6417=EDGE_CURVE('',#7118,#7166,#7207,.T.);
#6418=EDGE_CURVE('',#7120,#7164,#7208,.T.);
#6419=EDGE_CURVE('',#7122,#7162,#7209,.T.);
#6420=EDGE_CURVE('',#7124,#7160,#7210,.T.);
#6421=EDGE_CURVE('',#7211,#7211,#7212,.F.);
#6422=EDGE_CURVE('',#7213,#7213,#7214,.F.);
#6423=EDGE_CURVE('',#7215,#7215,#7216,.F.);
#6424=EDGE_CURVE('',#7217,#7217,#7218,.F.);
#6425=EDGE_CURVE('',#7219,#7219,#7220,.T.);
#6426=EDGE_CURVE('',#7221,#7221,#7222,.T.);
#6427=EDGE_CURVE('',#7223,#7223,#7224,.T.);
#6428=EDGE_CURVE('',#7225,#7225,#7226,.T.);
#6429=EDGE_CURVE('',#7227,#7227,#7228,.T.);
#6430=EDGE_CURVE('',#7229,#7229,#7230,.T.);
#6431=EDGE_CURVE('',#7231,#7231,#7232,.T.);
#6432=EDGE_CURVE('',#7233,#7233,#7234,.T.);
#6433=EDGE_CURVE('',#7235,#7235,#7236,.T.);
#6434=EDGE_CURVE('',#7237,#7238,#7239,.T.);
#6435=EDGE_CURVE('',#7238,#7237,#7240,.T.);
#6436=EDGE_CURVE('',#7241,#7242,#7243,.T.);
#6437=EDGE_CURVE('',#7242,#7241,#7244,.T.);
#6438=EDGE_CURVE('',#7245,#7238,#7246,.F.);
#6439=EDGE_CURVE('',#7245,#7247,#7248,.T.);
#6440=EDGE_CURVE('',#7247,#7237,#7249,.F.);
#6441=EDGE_CURVE('',#7247,#7245,#7250,.T.);
#6442=EDGE_CURVE('',#7251,#7252,#7253,.T.);
#6443=EDGE_CURVE('',#7252,#7241,#7254,.T.);
#6444=EDGE_CURVE('',#7251,#7242,#7255,.T.);
#6445=EDGE_CURVE('',#7252,#7251,#7256,.T.);
#6446=EDGE_CURVE('',#7257,#7258,#7259,.T.);
#6447=EDGE_CURVE('',#7258,#7260,#7261,.T.);
#6448=EDGE_CURVE('',#7260,#7262,#7263,.T.);
#6449=EDGE_CURVE('',#7262,#7257,#7264,.T.);
#6450=EDGE_CURVE('',#7265,#7266,#7267,.T.);
#6451=EDGE_CURVE('',#7266,#7265,#7268,.T.);
#6452=EDGE_CURVE('',#7265,#7269,#7270,.T.);
#6453=EDGE_CURVE('',#7271,#7269,#7272,.T.);
#6454=EDGE_CURVE('',#7266,#7271,#7273,.T.);
#6455=EDGE_CURVE('',#7269,#7271,#7274,.T.);
#6456=EDGE_CURVE('',#7275,#7276,#7277,.T.);
#6457=EDGE_CURVE('',#7278,#7276,#7279,.T.);
#6458=EDGE_CURVE('',#7278,#7280,#7281,.T.);
#6459=EDGE_CURVE('',#7280,#7282,#7283,.T.);
#6460=EDGE_CURVE('',#7282,#7284,#7285,.T.);
#6461=EDGE_CURVE('',#7284,#7258,#7286,.T.);
#6462=EDGE_CURVE('',#7275,#7257,#7287,.T.);
#6463=EDGE_CURVE('',#7284,#7288,#7289,.T.);
#6464=EDGE_CURVE('',#7288,#7290,#7291,.T.);
#6465=EDGE_CURVE('',#7290,#7260,#7292,.T.);
#6466=EDGE_CURVE('',#7290,#7293,#7294,.T.);
#6467=EDGE_CURVE('',#7295,#7293,#7296,.T.);
#6468=EDGE_CURVE('',#7295,#7297,#7298,.T.);
#6469=EDGE_CURVE('',#7297,#7299,#7300,.T.);
#6470=EDGE_CURVE('',#7299,#7301,#7302,.T.);
#6471=EDGE_CURVE('',#7301,#7262,#7303,.T.);
#6472=EDGE_CURVE('',#7301,#7304,#7305,.T.);
#6473=EDGE_CURVE('',#7304,#7275,#7306,.T.);
#6474=EDGE_CURVE('',#7276,#7304,#7307,.F.);
#6475=EDGE_CURVE('',#7304,#7299,#7308,.F.);
#6476=EDGE_CURVE('',#7297,#7278,#7309,.T.);
#6477=EDGE_CURVE('',#7280,#7295,#7310,.T.);
#6478=EDGE_CURVE('',#7288,#7282,#7311,.F.);
#6479=EDGE_CURVE('',#7293,#7288,#7312,.F.);
#6480=EDGE_CURVE('',#7313,#7314,#7315,.F.);
#6481=EDGE_CURVE('',#7313,#7316,#7317,.T.);
#6482=EDGE_CURVE('',#7316,#7318,#7319,.T.);
#6483=EDGE_CURVE('',#7320,#7318,#7321,.F.);
#6484=EDGE_CURVE('',#7314,#7320,#7322,.T.);
#6485=EDGE_CURVE('',#7323,#7323,#7324,.T.);
#6486=EDGE_CURVE('',#7325,#7326,#7327,.F.);
#6487=EDGE_CURVE('',#7328,#7325,#7329,.F.);
#6488=EDGE_CURVE('',#7330,#7328,#7331,.F.);
#6489=EDGE_CURVE('',#7330,#7332,#7333,.T.);
#6490=EDGE_CURVE('',#7334,#7332,#7335,.F.);
#6491=EDGE_CURVE('',#7336,#7334,#7337,.T.);
#6492=EDGE_CURVE('',#7338,#7336,#7339,.F.);
#6493=EDGE_CURVE('',#7326,#7338,#7340,.T.);
#6494=EDGE_CURVE('',#7341,#7341,#7342,.F.);
#6495=EDGE_CURVE('',#7343,#7343,#7344,.T.);
#6496=EDGE_CURVE('',#7334,#7345,#7346,.T.);
#6497=EDGE_CURVE('',#7345,#7347,#7348,.T.);
#6498=EDGE_CURVE('',#7347,#7336,#7349,.T.);
#6499=EDGE_CURVE('',#7314,#7330,#7350,.F.);
#6500=EDGE_CURVE('',#7332,#7320,#7351,.T.);
#6501=EDGE_CURVE('',#7325,#7352,#7353,.F.);
#6502=EDGE_CURVE('',#7352,#7354,#7355,.F.);
#6503=EDGE_CURVE('',#7354,#7356,#7357,.F.);
#6504=EDGE_CURVE('',#7356,#7313,#7358,.F.);
#6505=EDGE_CURVE('',#7313,#7328,#7359,.F.);
#6506=EDGE_CURVE('',#7356,#7360,#7361,.T.);
#6507=EDGE_CURVE('',#7316,#7360,#7362,.T.);
#6508=EDGE_CURVE('',#7363,#7316,#7364,.T.);
#6509=EDGE_CURVE('',#7363,#7345,#7365,.T.);
#6510=EDGE_CURVE('',#7318,#7345,#7366,.T.);
#6511=EDGE_CURVE('',#7326,#7367,#7368,.F.);
#6512=EDGE_CURVE('',#7369,#7338,#7370,.T.);
#6513=EDGE_CURVE('',#7367,#7369,#7371,.T.);
#6514=EDGE_CURVE('',#7372,#7372,#7373,.F.);
#6515=EDGE_CURVE('',#7374,#7375,#7376,.T.);
#6516=EDGE_CURVE('',#7374,#7347,#7377,.T.);
#6517=EDGE_CURVE('',#7360,#7363,#7378,.T.);
#6518=EDGE_CURVE('',#7354,#7375,#7379,.T.);
#6519=EDGE_CURVE('',#7380,#7374,#7381,.T.);
#6520=EDGE_CURVE('',#7380,#7382,#7383,.T.);
#6521=EDGE_CURVE('',#7347,#7382,#7384,.T.);
#6522=EDGE_CURVE('',#7367,#7352,#7385,.F.);
#6523=EDGE_CURVE('',#7382,#7369,#7386,.F.);
#6524=EDGE_CURVE('',#7352,#7380,#7387,.T.);
#6525=EDGE_CURVE('',#7375,#7380,#7388,.T.);
#6526=EDGE_CURVE('',#7389,#7389,#7390,.F.);
#6527=EDGE_CURVE('',#7391,#7391,#7392,.F.);
#6528=EDGE_CURVE('',#7393,#7394,#7395,.F.);
#6529=EDGE_CURVE('',#7393,#7396,#7397,.T.);
#6530=EDGE_CURVE('',#7398,#7396,#7399,.F.);
#6531=EDGE_CURVE('',#7400,#7398,#7401,.T.);
#6532=EDGE_CURVE('',#7402,#7400,#7403,.F.);
#6533=EDGE_CURVE('',#7404,#7402,#7405,.T.);
#6534=EDGE_CURVE('',#7406,#7404,#7407,.F.);
#6535=EDGE_CURVE('',#7394,#7406,#7408,.F.);
#6536=EDGE_CURVE('',#7409,#7410,#7411,.T.);
#6537=EDGE_CURVE('',#7410,#7412,#7413,.T.);
#6538=EDGE_CURVE('',#7412,#7414,#7415,.T.);
#6539=EDGE_CURVE('',#7414,#7416,#7417,.T.);
#6540=EDGE_CURVE('',#7416,#7418,#7419,.T.);
#6541=EDGE_CURVE('',#7418,#7409,#7420,.T.);
#6542=EDGE_CURVE('',#7421,#7422,#7423,.F.);
#6543=EDGE_CURVE('',#7422,#7424,#7425,.F.);
#6544=EDGE_CURVE('',#7424,#7426,#7427,.F.);
#6545=EDGE_CURVE('',#7426,#7428,#7429,.F.);
#6546=EDGE_CURVE('',#7428,#7430,#7431,.F.);
#6547=EDGE_CURVE('',#7430,#7421,#7432,.F.);
#6548=EDGE_CURVE('',#7433,#7434,#7435,.T.);
#6549=EDGE_CURVE('',#7436,#7433,#7437,.T.);
#6550=EDGE_CURVE('',#7438,#7436,#7439,.T.);
#6551=EDGE_CURVE('',#7440,#7438,#7441,.T.);
#6552=EDGE_CURVE('',#7442,#7440,#7443,.T.);
#6553=EDGE_CURVE('',#7434,#7442,#7444,.T.);
#6554=EDGE_CURVE('',#7433,#7418,#7445,.T.);
#6555=EDGE_CURVE('',#7434,#7409,#7446,.T.);
#6556=EDGE_CURVE('',#7436,#7416,#7447,.T.);
#6557=EDGE_CURVE('',#7438,#7414,#7448,.T.);
#6558=EDGE_CURVE('',#7440,#7412,#7449,.T.);
#6559=EDGE_CURVE('',#7442,#7410,#7450,.T.);
#6560=EDGE_CURVE('',#7451,#7452,#7453,.F.);
#6561=EDGE_CURVE('',#7451,#7454,#7455,.T.);
#6562=EDGE_CURVE('',#7456,#7454,#7457,.F.);
#6563=EDGE_CURVE('',#7458,#7456,#7459,.T.);
#6564=EDGE_CURVE('',#7452,#7458,#7460,.T.);
#6565=EDGE_CURVE('',#7398,#7461,#7462,.T.);
#6566=EDGE_CURVE('',#7461,#7463,#7464,.T.);
#6567=EDGE_CURVE('',#7463,#7400,#7465,.T.);
#6568=EDGE_CURVE('',#7404,#7451,#7466,.F.);
#6569=EDGE_CURVE('',#7454,#7402,#7467,.T.);
#6570=EDGE_CURVE('',#7468,#7394,#7469,.F.);
#6571=EDGE_CURVE('',#7406,#7452,#7470,.F.);
#6572=EDGE_CURVE('',#7452,#7471,#7472,.F.);
#6573=EDGE_CURVE('',#7471,#7473,#7474,.F.);
#6574=EDGE_CURVE('',#7473,#7468,#7475,.F.);
#6575=EDGE_CURVE('',#7476,#7393,#7477,.F.);
#6576=EDGE_CURVE('',#7476,#7478,#7479,.T.);
#6577=EDGE_CURVE('',#7396,#7478,#7480,.T.);
#6578=EDGE_CURVE('',#7481,#7421,#7482,.T.);
#6579=EDGE_CURVE('',#7483,#7481,#7484,.T.);
#6580=EDGE_CURVE('',#7483,#7422,#7485,.T.);
#6581=EDGE_CURVE('',#7486,#7483,#7487,.T.);
#6582=EDGE_CURVE('',#7486,#7424,#7488,.T.);
#6583=EDGE_CURVE('',#7489,#7486,#7490,.T.);
#6584=EDGE_CURVE('',#7489,#7426,#7491,.T.);
#6585=EDGE_CURVE('',#7492,#7489,#7493,.T.);
#6586=EDGE_CURVE('',#7492,#7428,#7494,.T.);
#6587=EDGE_CURVE('',#7495,#7492,#7496,.T.);
#6588=EDGE_CURVE('',#7495,#7430,#7497,.T.);
#6589=EDGE_CURVE('',#7481,#7495,#7498,.T.);
#6590=EDGE_CURVE('',#7458,#7499,#7500,.T.);
#6591=EDGE_CURVE('',#7463,#7456,#7501,.T.);
#6592=EDGE_CURVE('',#7499,#7463,#7502,.T.);
#6593=EDGE_CURVE('',#7503,#7458,#7504,.T.);
#6594=EDGE_CURVE('',#7471,#7503,#7505,.T.);
#6595=EDGE_CURVE('',#7468,#7476,#7506,.F.);
#6596=EDGE_CURVE('',#7468,#7507,#7508,.T.);
#6597=EDGE_CURVE('',#7507,#7509,#7510,.T.);
#6598=EDGE_CURVE('',#7478,#7509,#7511,.F.);
#6599=EDGE_CURVE('',#7512,#7512,#7513,.T.);
#6600=EDGE_CURVE('',#7514,#7507,#7515,.T.);
#6601=EDGE_CURVE('',#7514,#7461,#7516,.T.);
#6602=EDGE_CURVE('',#7509,#7461,#7517,.T.);
#6603=EDGE_CURVE('',#7499,#7503,#7518,.T.);
#6604=EDGE_CURVE('',#7519,#7514,#7520,.T.);
#6605=EDGE_CURVE('',#7473,#7519,#7521,.T.);
#6606=EDGE_CURVE('',#7507,#7519,#7522,.T.);
#6607=EDGE_CURVE('',#7523,#7523,#7524,.T.);
#6608=EDGE_CURVE('',#7525,#7525,#7526,.T.);
#6609=EDGE_CURVE('',#7527,#7527,#7528,.T.);
#6610=EDGE_CURVE('',#7529,#7529,#7530,.T.);
#6611=EDGE_CURVE('',#7531,#7531,#7532,.T.);
#6612=EDGE_CURVE('',#7533,#7533,#7534,.F.);
#6613=EDGE_CURVE('',#7535,#7536,#7537,.F.);
#6614=EDGE_CURVE('',#7536,#7538,#7539,.T.);
#6615=EDGE_CURVE('',#7538,#7540,#7541,.T.);
#6616=EDGE_CURVE('',#7540,#7535,#7542,.F.);
#6617=EDGE_CURVE('',#7543,#7543,#7544,.T.);
#6618=EDGE_CURVE('',#7545,#7546,#7547,.F.);
#6619=EDGE_CURVE('',#7548,#7545,#7549,.F.);
#6620=EDGE_CURVE('',#7550,#7548,#7551,.F.);
#6621=EDGE_CURVE('',#7552,#7550,#7553,.F.);
#6622=EDGE_CURVE('',#7554,#7552,#7555,.F.);
#6623=EDGE_CURVE('',#7546,#7554,#7556,.F.);
#6624=EDGE_CURVE('',#7557,#7558,#7559,.F.);
#6625=EDGE_CURVE('',#7558,#7557,#7560,.F.);
#6626=EDGE_CURVE('',#7545,#7561,#7562,.T.);
#6627=EDGE_CURVE('',#7563,#7561,#7564,.F.);
#6628=EDGE_CURVE('',#7548,#7563,#7565,.T.);
#6629=EDGE_CURVE('',#7566,#7563,#7567,.F.);
#6630=EDGE_CURVE('',#7550,#7566,#7568,.T.);
#6631=EDGE_CURVE('',#7569,#7566,#7570,.F.);
#6632=EDGE_CURVE('',#7552,#7569,#7571,.T.);
#6633=EDGE_CURVE('',#7572,#7569,#7573,.F.);
#6634=EDGE_CURVE('',#7554,#7572,#7574,.T.);
#6635=EDGE_CURVE('',#7575,#7572,#7576,.F.);
#6636=EDGE_CURVE('',#7546,#7575,#7577,.T.);
#6637=EDGE_CURVE('',#7561,#7575,#7578,.F.);
#6638=EDGE_CURVE('',#7535,#7540,#7579,.F.);
#6639=EDGE_CURVE('',#7580,#7580,#7581,.F.);
#6640=EDGE_CURVE('',#7538,#7536,#7582,.T.);
#6641=EDGE_CURVE('',#7583,#7583,#7584,.T.);
#6642=EDGE_CURVE('',#7585,#7586,#7587,.T.);
#6643=EDGE_CURVE('',#7586,#7585,#7588,.T.);
#6644=EDGE_CURVE('',#7586,#7557,#7589,.T.);
#6645=EDGE_CURVE('',#7585,#7558,#7590,.T.);
#6646=EDGE_CURVE('',#7591,#7592,#7593,.T.);
#6647=EDGE_CURVE('',#7592,#7594,#7595,.T.);
#6648=EDGE_CURVE('',#7594,#7596,#7597,.T.);
#6649=EDGE_CURVE('',#7596,#7591,#7598,.T.);
#6650=EDGE_CURVE('',#7599,#7600,#7601,.T.);
#6651=EDGE_CURVE('',#7600,#7599,#7602,.T.);
#6652=EDGE_CURVE('',#7599,#7603,#7604,.T.);
#6653=EDGE_CURVE('',#7605,#7603,#7606,.T.);
#6654=EDGE_CURVE('',#7600,#7605,#7607,.T.);
#6655=EDGE_CURVE('',#7603,#7605,#7608,.T.);
#6656=EDGE_CURVE('',#7609,#7610,#7611,.T.);
#6657=EDGE_CURVE('',#7612,#7610,#7613,.T.);
#6658=EDGE_CURVE('',#7612,#7614,#7615,.T.);
#6659=EDGE_CURVE('',#7614,#7616,#7617,.T.);
#6660=EDGE_CURVE('',#7616,#7618,#7619,.T.);
#6661=EDGE_CURVE('',#7618,#7592,#7620,.T.);
#6662=EDGE_CURVE('',#7609,#7591,#7621,.T.);
#6663=EDGE_CURVE('',#7618,#7622,#7623,.T.);
#6664=EDGE_CURVE('',#7622,#7624,#7625,.T.);
#6665=EDGE_CURVE('',#7624,#7594,#7626,.T.);
#6666=EDGE_CURVE('',#7624,#7627,#7628,.T.);
#6667=EDGE_CURVE('',#7629,#7627,#7630,.T.);
#6668=EDGE_CURVE('',#7629,#7631,#7632,.T.);
#6669=EDGE_CURVE('',#7631,#7633,#7634,.T.);
#6670=EDGE_CURVE('',#7633,#7635,#7636,.T.);
#6671=EDGE_CURVE('',#7635,#7596,#7637,.T.);
#6672=EDGE_CURVE('',#7635,#7638,#7639,.T.);
#6673=EDGE_CURVE('',#7638,#7609,#7640,.T.);
#6674=EDGE_CURVE('',#7610,#7638,#7641,.F.);
#6675=EDGE_CURVE('',#7638,#7633,#7642,.F.);
#6676=EDGE_CURVE('',#7631,#7612,#7643,.T.);
#6677=EDGE_CURVE('',#7614,#7629,#7644,.T.);
#6678=EDGE_CURVE('',#7622,#7616,#7645,.F.);
#6679=EDGE_CURVE('',#7627,#7622,#7646,.F.);
#6680=EDGE_CURVE('',#7647,#7647,#7648,.F.);
#6681=EDGE_CURVE('',#7649,#7649,#7650,.T.);
#6682=EDGE_CURVE('',#7651,#7651,#7652,.T.);
#6683=EDGE_CURVE('',#7653,#7653,#7654,.T.);
#6684=EDGE_CURVE('',#7655,#7655,#7656,.F.);
#6685=EDGE_CURVE('',#7657,#7657,#7658,.T.);
#6686=EDGE_CURVE('',#7659,#7660,#7661,.T.);
#6687=EDGE_CURVE('',#7660,#7659,#7662,.T.);
#6688=EDGE_CURVE('',#7663,#7664,#7665,.F.);
#6689=EDGE_CURVE('',#7664,#7663,#7666,.F.);
#6690=EDGE_CURVE('',#7660,#7663,#7667,.T.);
#6691=EDGE_CURVE('',#7659,#7664,#7668,.T.);
#6692=EDGE_CURVE('',#7669,#7669,#7670,.T.);
#6693=EDGE_CURVE('',#7671,#7671,#7672,.T.);
#6694=EDGE_CURVE('',#7673,#7673,#7674,.T.);
#6695=EDGE_CURVE('',#7675,#7675,#7676,.T.);
#6696=EDGE_CURVE('',#7677,#7678,#7679,.T.);
#6697=EDGE_CURVE('',#7678,#7680,#7681,.T.);
#6698=EDGE_CURVE('',#7680,#7682,#7683,.T.);
#6699=EDGE_CURVE('',#7682,#7677,#7684,.T.);
#6700=EDGE_CURVE('',#7685,#7686,#7687,.T.);
#6701=EDGE_CURVE('',#7686,#7685,#7688,.T.);
#6702=EDGE_CURVE('',#7685,#7689,#7690,.T.);
#6703=EDGE_CURVE('',#7691,#7689,#7692,.T.);
#6704=EDGE_CURVE('',#7686,#7691,#7693,.T.);
#6705=EDGE_CURVE('',#7689,#7691,#7694,.T.);
#6706=EDGE_CURVE('',#7695,#7696,#7697,.T.);
#6707=EDGE_CURVE('',#7698,#7696,#7699,.T.);
#6708=EDGE_CURVE('',#7698,#7700,#7701,.T.);
#6709=EDGE_CURVE('',#7700,#7702,#7703,.T.);
#6710=EDGE_CURVE('',#7702,#7704,#7705,.T.);
#6711=EDGE_CURVE('',#7704,#7678,#7706,.T.);
#6712=EDGE_CURVE('',#7695,#7677,#7707,.T.);
#6713=EDGE_CURVE('',#7704,#7708,#7709,.T.);
#6714=EDGE_CURVE('',#7708,#7710,#7711,.T.);
#6715=EDGE_CURVE('',#7710,#7680,#7712,.T.);
#6716=EDGE_CURVE('',#7710,#7713,#7714,.T.);
#6717=EDGE_CURVE('',#7715,#7713,#7716,.T.);
#6718=EDGE_CURVE('',#7715,#7717,#7718,.T.);
#6719=EDGE_CURVE('',#7717,#7719,#7720,.T.);
#6720=EDGE_CURVE('',#7719,#7721,#7722,.T.);
#6721=EDGE_CURVE('',#7721,#7682,#7723,.T.);
#6722=EDGE_CURVE('',#7721,#7724,#7725,.T.);
#6723=EDGE_CURVE('',#7724,#7695,#7726,.T.);
#6724=EDGE_CURVE('',#7696,#7724,#7727,.F.);
#6725=EDGE_CURVE('',#7724,#7719,#7728,.F.);
#6726=EDGE_CURVE('',#7717,#7698,#7729,.T.);
#6727=EDGE_CURVE('',#7700,#7715,#7730,.T.);
#6728=EDGE_CURVE('',#7708,#7702,#7731,.F.);
#6729=EDGE_CURVE('',#7713,#7708,#7732,.F.);
#6730=EDGE_CURVE('',#7733,#7733,#7734,.F.);
#6731=EDGE_CURVE('',#7735,#7735,#7736,.T.);
#6732=EDGE_CURVE('',#7737,#7737,#7738,.T.);
#6733=EDGE_CURVE('',#7739,#7739,#7740,.T.);
#6734=EDGE_CURVE('',#7741,#7741,#7742,.F.);
#6735=EDGE_CURVE('',#7743,#7743,#7744,.T.);
#6736=EDGE_CURVE('',#7745,#7746,#7747,.T.);
#6737=EDGE_CURVE('',#7746,#7745,#7748,.T.);
#6738=EDGE_CURVE('',#7749,#7750,#7751,.F.);
#6739=EDGE_CURVE('',#7750,#7749,#7752,.F.);
#6740=EDGE_CURVE('',#7746,#7749,#7753,.T.);
#6741=EDGE_CURVE('',#7745,#7750,#7754,.T.);
#6742=EDGE_CURVE('',#7755,#7755,#7756,.T.);
#6743=EDGE_CURVE('',#7757,#7757,#7758,.T.);
#6744=EDGE_CURVE('',#7759,#7759,#7760,.T.);
#6745=EDGE_CURVE('',#7761,#7761,#7762,.T.);
#6746=EDGE_CURVE('',#7763,#7763,#7764,.T.);
#6747=EDGE_CURVE('',#7765,#7765,#7766,.T.);
#6748=EDGE_CURVE('',#7767,#7768,#7769,.F.);
#6749=EDGE_CURVE('',#7770,#7767,#7771,.F.);
#6750=EDGE_CURVE('',#7772,#7770,#7773,.F.);
#6751=EDGE_CURVE('',#7774,#7772,#7775,.T.);
#6752=EDGE_CURVE('',#7776,#7774,#7777,.F.);
#6753=EDGE_CURVE('',#7778,#7776,#7779,.F.);
#6754=EDGE_CURVE('',#7780,#7778,#7781,.F.);
#6755=EDGE_CURVE('',#7782,#7780,#7783,.F.);
#6756=EDGE_CURVE('',#7784,#7782,#7785,.F.);
#6757=EDGE_CURVE('',#7784,#7786,#7787,.T.);
#6758=EDGE_CURVE('',#7788,#7786,#7789,.F.);
#6759=EDGE_CURVE('',#7790,#7788,#7791,.T.);
#6760=EDGE_CURVE('',#7792,#7790,#7793,.F.);
#6761=EDGE_CURVE('',#7792,#7794,#7795,.T.);
#6762=EDGE_CURVE('',#7796,#7794,#7797,.F.);
#6763=EDGE_CURVE('',#7798,#7796,#7799,.T.);
#6764=EDGE_CURVE('',#7800,#7798,#7801,.F.);
#6765=EDGE_CURVE('',#7802,#7800,#7803,.F.);
#6766=EDGE_CURVE('',#7802,#7804,#7805,.T.);
#6767=EDGE_CURVE('',#7806,#7804,#7807,.F.);
#6768=EDGE_CURVE('',#7806,#7768,#7808,.T.);
#6769=EDGE_CURVE('',#7809,#7810,#7811,.F.);
#6770=EDGE_CURVE('',#7810,#7812,#7813,.F.);
#6771=EDGE_CURVE('',#7812,#7814,#7815,.F.);
#6772=EDGE_CURVE('',#7814,#7816,#7817,.F.);
#6773=EDGE_CURVE('',#7816,#7818,#7819,.F.);
#6774=EDGE_CURVE('',#7818,#7809,#7820,.F.);
#6775=EDGE_CURVE('',#7821,#7822,#7823,.F.);
#6776=EDGE_CURVE('',#7822,#7824,#7825,.F.);
#6777=EDGE_CURVE('',#7824,#7826,#7827,.F.);
#6778=EDGE_CURVE('',#7826,#7828,#7829,.F.);
#6779=EDGE_CURVE('',#7828,#7830,#7831,.F.);
#6780=EDGE_CURVE('',#7830,#7821,#7832,.F.);
#6781=EDGE_CURVE('',#7833,#7834,#7835,.F.);
#6782=EDGE_CURVE('',#7834,#7836,#7837,.F.);
#6783=EDGE_CURVE('',#7836,#7838,#7839,.F.);
#6784=EDGE_CURVE('',#7838,#7840,#7841,.F.);
#6785=EDGE_CURVE('',#7840,#7842,#7843,.F.);
#6786=EDGE_CURVE('',#7842,#7833,#7844,.F.);
#6787=EDGE_CURVE('',#7845,#7846,#7847,.T.);
#6788=EDGE_CURVE('',#7846,#7848,#7849,.T.);
#6789=EDGE_CURVE('',#7848,#7850,#7851,.T.);
#6790=EDGE_CURVE('',#7850,#7852,#7853,.T.);
#6791=EDGE_CURVE('',#7852,#7854,#7855,.T.);
#6792=EDGE_CURVE('',#7854,#7845,#7856,.T.);
#6793=EDGE_CURVE('',#7845,#7822,#7857,.T.);
#6794=EDGE_CURVE('',#7854,#7824,#7858,.T.);
#6795=EDGE_CURVE('',#7852,#7826,#7859,.T.);
#6796=EDGE_CURVE('',#7850,#7828,#7860,.T.);
#6797=EDGE_CURVE('',#7848,#7830,#7861,.T.);
#6798=EDGE_CURVE('',#7846,#7821,#7862,.T.);
#6799=EDGE_CURVE('',#7863,#7864,#7865,.T.);
#6800=EDGE_CURVE('',#7864,#7866,#7867,.T.);
#6801=EDGE_CURVE('',#7866,#7868,#7869,.T.);
#6802=EDGE_CURVE('',#7868,#7870,#7871,.T.);
#6803=EDGE_CURVE('',#7870,#7872,#7873,.T.);
#6804=EDGE_CURVE('',#7872,#7863,#7874,.T.);
#6805=EDGE_CURVE('',#7863,#7810,#7875,.T.);
#6806=EDGE_CURVE('',#7872,#7812,#7876,.T.);
#6807=EDGE_CURVE('',#7870,#7814,#7877,.T.);
#6808=EDGE_CURVE('',#7868,#7816,#7878,.T.);
#6809=EDGE_CURVE('',#7866,#7818,#7879,.T.);
#6810=EDGE_CURVE('',#7864,#7809,#7880,.T.);
#6811=EDGE_CURVE('',#7881,#7882,#7883,.F.);
#6812=EDGE_CURVE('',#7884,#7881,#7885,.F.);
#6813=EDGE_CURVE('',#7886,#7884,#7887,.F.);
#6814=EDGE_CURVE('',#7886,#7888,#7889,.T.);
#6815=EDGE_CURVE('',#7890,#7888,#7891,.T.);
#6816=EDGE_CURVE('',#7892,#7890,#7893,.F.);
#6817=EDGE_CURVE('',#7882,#7892,#7894,.T.);
#6818=EDGE_CURVE('',#7895,#7896,#7897,.F.);
#6819=EDGE_CURVE('',#7898,#7895,#7899,.T.);
#6820=EDGE_CURVE('',#7900,#7898,#7901,.F.);
#6821=EDGE_CURVE('',#7902,#7900,#7903,.T.);
#6822=EDGE_CURVE('',#7904,#7902,#7905,.T.);
#6823=EDGE_CURVE('',#7906,#7904,#7907,.F.);
#6824=EDGE_CURVE('',#7906,#7908,#7909,.T.);
#6825=EDGE_CURVE('',#7910,#7908,#7911,.F.);
#6826=EDGE_CURVE('',#7910,#7896,#7912,.T.);
#6827=EDGE_CURVE('',#7913,#7768,#7914,.T.);
#6828=EDGE_CURVE('',#7913,#7915,#7916,.F.);
#6829=EDGE_CURVE('',#7915,#7767,#7917,.T.);
#6830=EDGE_CURVE('',#7915,#7918,#7919,.T.);
#6831=EDGE_CURVE('',#7918,#7920,#7921,.F.);
#6832=EDGE_CURVE('',#7920,#7922,#7923,.F.);
#6833=EDGE_CURVE('',#7770,#7922,#7924,.F.);
#6834=EDGE_CURVE('',#7922,#7910,#7925,.F.);
#6835=EDGE_CURVE('',#7772,#7908,#7926,.F.);
#6836=EDGE_CURVE('',#7774,#7927,#7928,.F.);
#6837=EDGE_CURVE('',#7929,#7906,#7930,.F.);
#6838=EDGE_CURVE('',#7927,#7929,#7931,.F.);
#6839=EDGE_CURVE('',#7776,#7932,#7933,.F.);
#6840=EDGE_CURVE('',#7927,#7932,#7934,.F.);
#6841=EDGE_CURVE('',#7932,#7935,#7936,.F.);
#6842=EDGE_CURVE('',#7935,#7778,#7937,.T.);
#6843=EDGE_CURVE('',#7938,#7935,#7939,.F.);
#6844=EDGE_CURVE('',#7938,#7780,#7940,.T.);
#6845=EDGE_CURVE('',#7881,#7782,#7941,.T.);
#6846=EDGE_CURVE('',#7942,#7938,#7943,.T.);
#6847=EDGE_CURVE('',#7884,#7942,#7944,.T.);
#6848=EDGE_CURVE('',#7882,#7784,#7945,.T.);
#6849=EDGE_CURVE('',#7892,#7786,#7946,.T.);
#6850=EDGE_CURVE('',#7890,#7788,#7947,.T.);
#6851=EDGE_CURVE('',#7888,#7948,#7949,.T.);
#6852=EDGE_CURVE('',#7948,#7950,#7951,.T.);
#6853=EDGE_CURVE('',#7950,#7902,#7952,.T.);
#6854=EDGE_CURVE('',#7900,#7790,#7953,.T.);
#6855=EDGE_CURVE('',#7898,#7792,#7954,.T.);
#6856=EDGE_CURVE('',#7794,#7895,#7955,.T.);
#6857=EDGE_CURVE('',#7796,#7956,#7957,.T.);
#6858=EDGE_CURVE('',#7896,#7956,#7958,.T.);
#6859=EDGE_CURVE('',#7956,#7959,#7960,.T.);
#6860=EDGE_CURVE('',#7959,#7798,#7961,.T.);
#6861=EDGE_CURVE('',#7800,#7962,#7963,.F.);
#6862=EDGE_CURVE('',#7959,#7964,#7965,.T.);
#6863=EDGE_CURVE('',#7964,#7962,#7966,.F.);
#6864=EDGE_CURVE('',#7962,#7967,#7968,.F.);
#6865=EDGE_CURVE('',#7802,#7967,#7969,.F.);
#6866=EDGE_CURVE('',#7970,#7804,#7971,.T.);
#6867=EDGE_CURVE('',#7967,#7970,#7972,.T.);
#6868=EDGE_CURVE('',#7970,#7973,#7974,.F.);
#6869=EDGE_CURVE('',#7973,#7806,#7975,.T.);
#6870=EDGE_CURVE('',#7973,#7913,#7976,.T.);
#6871=EDGE_CURVE('',#7977,#7833,#7978,.T.);
#6872=EDGE_CURVE('',#7979,#7977,#7980,.T.);
#6873=EDGE_CURVE('',#7979,#7834,#7981,.T.);
#6874=EDGE_CURVE('',#7982,#7979,#7983,.T.);
#6875=EDGE_CURVE('',#7982,#7836,#7984,.T.);
#6876=EDGE_CURVE('',#7985,#7982,#7986,.T.);
#6877=EDGE_CURVE('',#7985,#7838,#7987,.T.);
#6878=EDGE_CURVE('',#7988,#7985,#7989,.T.);
#6879=EDGE_CURVE('',#7988,#7840,#7990,.T.);
#6880=EDGE_CURVE('',#7991,#7988,#7992,.T.);
#6881=EDGE_CURVE('',#7991,#7842,#7993,.T.);
#6882=EDGE_CURVE('',#7977,#7991,#7994,.T.);
#6883=EDGE_CURVE('',#7886,#7995,#7996,.T.);
#6884=EDGE_CURVE('',#7942,#7995,#7997,.F.);
#6885=EDGE_CURVE('',#7995,#7998,#7999,.T.);
#6886=EDGE_CURVE('',#8000,#7998,#8001,.T.);
#6887=EDGE_CURVE('',#8000,#7948,#8002,.T.);
#6888=EDGE_CURVE('',#8003,#7904,#8004,.F.);
#6889=EDGE_CURVE('',#8005,#7950,#8006,.T.);
#6890=EDGE_CURVE('',#8007,#8005,#8008,.T.);
#6891=EDGE_CURVE('',#8003,#8007,#8009,.T.);
#6892=EDGE_CURVE('',#7929,#8003,#8010,.F.);
#6893=EDGE_CURVE('',#8011,#8012,#8013,.T.);
#6894=EDGE_CURVE('',#8011,#7956,#8014,.T.);
#6895=EDGE_CURVE('',#7922,#8012,#8015,.T.);
#6896=EDGE_CURVE('',#7918,#7964,#8016,.T.);
#6897=EDGE_CURVE('',#8017,#8017,#8018,.T.);
#6898=EDGE_CURVE('',#8019,#8020,#8021,.T.);
#6899=EDGE_CURVE('',#7920,#8019,#8022,.T.);
#6900=EDGE_CURVE('',#8020,#7959,#8023,.T.);
#6901=EDGE_CURVE('',#8024,#8019,#8025,.T.);
#6902=EDGE_CURVE('',#8012,#8024,#8026,.T.);
#6903=EDGE_CURVE('',#7932,#8003,#8027,.F.);
#6904=EDGE_CURVE('',#8028,#8007,#8029,.T.);
#6905=EDGE_CURVE('',#7998,#8028,#8030,.T.);
#6906=EDGE_CURVE('',#7995,#7935,#8031,.T.);
#6907=EDGE_CURVE('',#8005,#8028,#8032,.T.);
#6908=EDGE_CURVE('',#8028,#8000,#8033,.T.);
#6909=EDGE_CURVE('',#8020,#8024,#8034,.T.);
#6910=EDGE_CURVE('',#8024,#8011,#8035,.T.);
#6911=EDGE_CURVE('',#8036,#8036,#8037,.T.);
#6912=EDGE_CURVE('',#8038,#8039,#8040,.F.);
#6913=EDGE_CURVE('',#8038,#8041,#8042,.T.);
#6914=EDGE_CURVE('',#8043,#8041,#8044,.T.);
#6915=EDGE_CURVE('',#8045,#8043,#8046,.F.);
#6916=EDGE_CURVE('',#8045,#8047,#8048,.T.);
#6917=EDGE_CURVE('',#8049,#8047,#8050,.F.);
#6918=EDGE_CURVE('',#8051,#8049,#8052,.T.);
#6919=EDGE_CURVE('',#8053,#8051,#8054,.F.);
#6920=EDGE_CURVE('',#8039,#8053,#8055,.T.);
#6921=EDGE_CURVE('',#8056,#8056,#8057,.F.);
#6922=EDGE_CURVE('',#8058,#8059,#8060,.F.);
#6923=EDGE_CURVE('',#8058,#8061,#8062,.T.);
#6924=EDGE_CURVE('',#8063,#8061,#8064,.F.);
#6925=EDGE_CURVE('',#8063,#8065,#8066,.T.);
#6926=EDGE_CURVE('',#8067,#8065,#8068,.T.);
#6927=EDGE_CURVE('',#8069,#8067,#8070,.F.);
#6928=EDGE_CURVE('',#8059,#8069,#8071,.F.);
#6929=EDGE_CURVE('',#8072,#8072,#8073,.F.);
#6930=EDGE_CURVE('',#8074,#8075,#8076,.F.);
#6931=EDGE_CURVE('',#8077,#8074,#8078,.F.);
#6932=EDGE_CURVE('',#8079,#8077,#8080,.T.);
#6933=EDGE_CURVE('',#8081,#8079,#8082,.F.);
#6934=EDGE_CURVE('',#8083,#8081,#8084,.T.);
#6935=EDGE_CURVE('',#8085,#8083,#8086,.F.);
#6936=EDGE_CURVE('',#8087,#8085,#8088,.T.);
#6937=EDGE_CURVE('',#8089,#8087,#8090,.F.);
#6938=EDGE_CURVE('',#8089,#8091,#8092,.T.);
#6939=EDGE_CURVE('',#8093,#8091,#8094,.F.);
#6940=EDGE_CURVE('',#8095,#8093,#8096,.F.);
#6941=EDGE_CURVE('',#8097,#8095,#8098,.F.);
#6942=EDGE_CURVE('',#8097,#8099,#8100,.T.);
#6943=EDGE_CURVE('',#8101,#8099,#8102,.F.);
#6944=EDGE_CURVE('',#8101,#8103,#8104,.T.);
#6945=EDGE_CURVE('',#8105,#8103,#8106,.F.);
#6946=EDGE_CURVE('',#8107,#8105,#8108,.F.);
#6947=EDGE_CURVE('',#8109,#8107,#8110,.F.);
#6948=EDGE_CURVE('',#8109,#8111,#8112,.T.);
#6949=EDGE_CURVE('',#8113,#8111,#8114,.F.);
#6950=EDGE_CURVE('',#8113,#8075,#8115,.T.);
#6951=EDGE_CURVE('',#8116,#8116,#8117,.T.);
#6952=EDGE_CURVE('',#8118,#8118,#8119,.T.);
#6953=EDGE_CURVE('',#8120,#8120,#8121,.T.);
#6954=EDGE_CURVE('',#8083,#8045,#8122,.T.);
#6955=EDGE_CURVE('',#8085,#8043,#8123,.T.);
#6956=EDGE_CURVE('',#8047,#8081,#8124,.T.);
#6957=EDGE_CURVE('',#8125,#8079,#8126,.T.);
#6958=EDGE_CURVE('',#8077,#8127,#8128,.T.);
#6959=EDGE_CURVE('',#8127,#8125,#8129,.T.);
#6960=EDGE_CURVE('',#8130,#8049,#8131,.F.);
#6961=EDGE_CURVE('',#8132,#8130,#8133,.T.);
#6962=EDGE_CURVE('',#8134,#8132,#8135,.T.);
#6963=EDGE_CURVE('',#8136,#8134,#8137,.T.);
#6964=EDGE_CURVE('',#8051,#8136,#8138,.F.);
#6965=EDGE_CURVE('',#8136,#8105,#8139,.F.);
#6966=EDGE_CURVE('',#8053,#8103,#8140,.F.);
#6967=EDGE_CURVE('',#8101,#8141,#8142,.T.);
#6968=EDGE_CURVE('',#8141,#8143,#8144,.T.);
#6969=EDGE_CURVE('',#8143,#8039,#8145,.T.);
#6970=EDGE_CURVE('',#8097,#8146,#8147,.T.);
#6971=EDGE_CURVE('',#8148,#8146,#8149,.T.);
#6972=EDGE_CURVE('',#8099,#8148,#8150,.T.);
#6973=EDGE_CURVE('',#8151,#8038,#8152,.T.);
#6974=EDGE_CURVE('',#8151,#8153,#8154,.T.);
#6975=EDGE_CURVE('',#8155,#8153,#8156,.T.);
#6976=EDGE_CURVE('',#8155,#8157,#8158,.T.);
#6977=EDGE_CURVE('',#8041,#8157,#8159,.T.);
#6978=EDGE_CURVE('',#8087,#8063,#8160,.T.);
#6979=EDGE_CURVE('',#8157,#8161,#8162,.T.);
#6980=EDGE_CURVE('',#8161,#8065,#8163,.T.);
#6981=EDGE_CURVE('',#8093,#8059,#8164,.T.);
#6982=EDGE_CURVE('',#8165,#8069,#8166,.T.);
#6983=EDGE_CURVE('',#8167,#8165,#8168,.T.);
#6984=EDGE_CURVE('',#8095,#8167,#8169,.T.);
#6985=EDGE_CURVE('',#8091,#8058,#8170,.T.);
#6986=EDGE_CURVE('',#8089,#8061,#8171,.T.);
#6987=EDGE_CURVE('',#8172,#8067,#8173,.T.);
#6988=EDGE_CURVE('',#8174,#8161,#8175,.T.);
#6989=EDGE_CURVE('',#8176,#8174,#8177,.T.);
#6990=EDGE_CURVE('',#8172,#8176,#8178,.T.);
#6991=EDGE_CURVE('',#8107,#8179,#8180,.T.);
#6992=EDGE_CURVE('',#8136,#8181,#8182,.F.);
#6993=EDGE_CURVE('',#8181,#8183,#8184,.F.);
#6994=EDGE_CURVE('',#8179,#8183,#8185,.T.);
#6995=EDGE_CURVE('',#8111,#8186,#8187,.T.);
#6996=EDGE_CURVE('',#8109,#8188,#8189,.T.);
#6997=EDGE_CURVE('',#8186,#8188,#8190,.T.);
#6998=EDGE_CURVE('',#8191,#8075,#8192,.F.);
#6999=EDGE_CURVE('',#8113,#8193,#8194,.T.);
#7000=EDGE_CURVE('',#8191,#8193,#8195,.T.);
#7001=EDGE_CURVE('',#8196,#8074,#8197,.F.);
#7002=EDGE_CURVE('',#8196,#8198,#8199,.F.);
#7003=EDGE_CURVE('',#8198,#8127,#8200,.T.);
#7004=EDGE_CURVE('',#8201,#8201,#8202,.F.);
#7005=EDGE_CURVE('',#8125,#8130,#8203,.F.);
#7006=EDGE_CURVE('',#8204,#8127,#8205,.T.);
#7007=EDGE_CURVE('',#8206,#8204,#8207,.T.);
#7008=EDGE_CURVE('',#8132,#8206,#8208,.T.);
#7009=EDGE_CURVE('',#8206,#8134,#8209,.T.);
#7010=EDGE_CURVE('',#8210,#8206,#8211,.T.);
#7011=EDGE_CURVE('',#8181,#8210,#8212,.T.);
#7012=EDGE_CURVE('',#8146,#8172,#8213,.T.);
#7013=EDGE_CURVE('',#8214,#8176,#8215,.T.);
#7014=EDGE_CURVE('',#8153,#8214,#8216,.T.);
#7015=EDGE_CURVE('',#8148,#8151,#8217,.T.);
#7016=EDGE_CURVE('',#8214,#8155,#8218,.T.);
#7017=EDGE_CURVE('',#8174,#8214,#8219,.T.);
#7018=EDGE_CURVE('',#8204,#8210,#8220,.T.);
#7019=EDGE_CURVE('',#8183,#8198,#8221,.T.);
#7020=EDGE_CURVE('',#8191,#8196,#8222,.F.);
#7021=EDGE_CURVE('',#8186,#8193,#8223,.F.);
#7022=EDGE_CURVE('',#8179,#8188,#8224,.F.);
#7023=EDGE_CURVE('',#8148,#8141,#8225,.F.);
#7024=EDGE_CURVE('',#8151,#8143,#8226,.F.);
#7025=EDGE_CURVE('',#8167,#8146,#8227,.F.);
#7026=EDGE_CURVE('',#8165,#8172,#8228,.F.);
#7027=EDGE_CURVE('',#8229,#8230,#8231,.F.);
#7028=EDGE_CURVE('',#8232,#8229,#8233,.T.);
#7029=EDGE_CURVE('',#8234,#8232,#8235,.F.);
#7030=EDGE_CURVE('',#8236,#8234,#8237,.T.);
#7031=EDGE_CURVE('',#8238,#8236,#8239,.F.);
#7032=EDGE_CURVE('',#8240,#8238,#8241,.T.);
#7033=EDGE_CURVE('',#8242,#8240,#8243,.F.);
#7034=EDGE_CURVE('',#8244,#8242,#8245,.T.);
#7035=EDGE_CURVE('',#8246,#8244,#8247,.T.);
#7036=EDGE_CURVE('',#8248,#8246,#8249,.F.);
#7037=EDGE_CURVE('',#8250,#8248,#8251,.T.);
#7038=EDGE_CURVE('',#8252,#8250,#8253,.F.);
#7039=EDGE_CURVE('',#8254,#8252,#8255,.T.);
#7040=EDGE_CURVE('',#8256,#8254,#8257,.F.);
#7041=EDGE_CURVE('',#8258,#8256,#8259,.T.);
#7042=EDGE_CURVE('',#8260,#8258,#8261,.F.);
#7043=EDGE_CURVE('',#8262,#8260,#8263,.T.);
#7044=EDGE_CURVE('',#8264,#8262,#8265,.T.);
#7045=EDGE_CURVE('',#8266,#8264,#8267,.F.);
#7046=EDGE_CURVE('',#8268,#8266,#8269,.T.);
#7047=EDGE_CURVE('',#8270,#8268,#8271,.F.);
#7048=EDGE_CURVE('',#8272,#8270,#8273,.T.);
#7049=EDGE_CURVE('',#8274,#8272,#8275,.F.);
#7050=EDGE_CURVE('',#8230,#8274,#8276,.T.);
#7051=EDGE_CURVE('',#8277,#8277,#8278,.T.);
#7052=EDGE_CURVE('',#8279,#8279,#8280,.T.);
#7053=EDGE_CURVE('',#8281,#8281,#8282,.T.);
#7054=EDGE_CURVE('',#8283,#8283,#8284,.T.);
#7055=EDGE_CURVE('',#8285,#8285,#8286,.T.);
#7056=EDGE_CURVE('',#8287,#8287,#8288,.T.);
#7057=EDGE_CURVE('',#8289,#8290,#8291,.T.);
#7058=EDGE_CURVE('',#8292,#8290,#8293,.F.);
#7059=EDGE_CURVE('',#8292,#8294,#8295,.T.);
#7060=EDGE_CURVE('',#8296,#8294,#8297,.F.);
#7061=EDGE_CURVE('',#8296,#8298,#8299,.T.);
#7062=EDGE_CURVE('',#8300,#8298,#8301,.F.);
#7063=EDGE_CURVE('',#8300,#8302,#8303,.T.);
#7064=EDGE_CURVE('',#8302,#8304,#8305,.T.);
#7065=EDGE_CURVE('',#8306,#8304,#8307,.F.);
#7066=EDGE_CURVE('',#8306,#8308,#8309,.T.);
#7067=EDGE_CURVE('',#8310,#8308,#8311,.F.);
#7068=EDGE_CURVE('',#8310,#8312,#8313,.T.);
#7069=EDGE_CURVE('',#8314,#8312,#8315,.F.);
#7070=EDGE_CURVE('',#8314,#8316,#8317,.T.);
#7071=EDGE_CURVE('',#8318,#8316,#8319,.F.);
#7072=EDGE_CURVE('',#8318,#8320,#8321,.T.);
#7073=EDGE_CURVE('',#8320,#8322,#8323,.T.);
#7074=EDGE_CURVE('',#8324,#8322,#8325,.F.);
#7075=EDGE_CURVE('',#8324,#8326,#8327,.T.);
#7076=EDGE_CURVE('',#8328,#8326,#8329,.F.);
#7077=EDGE_CURVE('',#8328,#8330,#8331,.T.);
#7078=EDGE_CURVE('',#8332,#8330,#8333,.F.);
#7079=EDGE_CURVE('',#8332,#8334,#8335,.T.);
#7080=EDGE_CURVE('',#8289,#8334,#8336,.F.);
#7081=EDGE_CURVE('',#8337,#8337,#8338,.F.);
#7082=EDGE_CURVE('',#8339,#8339,#8340,.F.);
#7083=EDGE_CURVE('',#8341,#8341,#8342,.F.);
#7084=EDGE_CURVE('',#8343,#8343,#8344,.F.);
#7085=EDGE_CURVE('',#8345,#8345,#8346,.F.);
#7086=EDGE_CURVE('',#8347,#8347,#8348,.F.);
#7087=EDGE_CURVE('',#8229,#8334,#8349,.T.);
#7088=EDGE_CURVE('',#8230,#8289,#8350,.T.);
#7089=EDGE_CURVE('',#8232,#8332,#8351,.T.);
#7090=EDGE_CURVE('',#8234,#8330,#8352,.T.);
#7091=EDGE_CURVE('',#8236,#8328,#8353,.T.);
#7092=EDGE_CURVE('',#8238,#8326,#8354,.T.);
#7093=EDGE_CURVE('',#8240,#8324,#8355,.T.);
#7094=EDGE_CURVE('',#8242,#8322,#8356,.T.);
#7095=EDGE_CURVE('',#8244,#8320,#8357,.T.);
#7096=EDGE_CURVE('',#8246,#8318,#8358,.T.);
#7097=EDGE_CURVE('',#8248,#8316,#8359,.T.);
#7098=EDGE_CURVE('',#8250,#8314,#8360,.T.);
#7099=EDGE_CURVE('',#8252,#8312,#8361,.T.);
#7100=EDGE_CURVE('',#8254,#8310,#8362,.T.);
#7101=EDGE_CURVE('',#8256,#8308,#8363,.T.);
#7102=EDGE_CURVE('',#8258,#8306,#8364,.T.);
#7103=EDGE_CURVE('',#8260,#8304,#8365,.T.);
#7104=EDGE_CURVE('',#8262,#8302,#8366,.T.);
#7105=EDGE_CURVE('',#8264,#8300,#8367,.T.);
#7106=EDGE_CURVE('',#8266,#8298,#8368,.T.);
#7107=EDGE_CURVE('',#8268,#8296,#8369,.T.);
#7108=EDGE_CURVE('',#8270,#8294,#8370,.T.);
#7109=EDGE_CURVE('',#8272,#8292,#8371,.T.);
#7110=EDGE_CURVE('',#8274,#8290,#8372,.T.);
#7111=VERTEX_POINT('',#8373);
#7112=VERTEX_POINT('',#8374);
#7113=CIRCLE('',#8375,10.);
#7114=VERTEX_POINT('',#8379);
#7115=LINE('',#8380,#8381);
#7116=VERTEX_POINT('',#8383);
#7117=CIRCLE('',#8384,10.);
#7118=VERTEX_POINT('',#8388);
#7119=LINE('',#8389,#8390);
#7120=VERTEX_POINT('',#8392);
#7121=CIRCLE('',#8393,10.);
#7122=VERTEX_POINT('',#8397);
#7123=LINE('',#8398,#8399);
#7124=VERTEX_POINT('',#8401);
#7125=CIRCLE('',#8402,10.);
#7126=LINE('',#8406,#8407);
#7127=VERTEX_POINT('',#8409);
#7128=CIRCLE('',#8410,1.7);
#7129=VERTEX_POINT('',#8414);
#7130=CIRCLE('',#8415,1.7);
#7131=VERTEX_POINT('',#8419);
#7132=CIRCLE('',#8420,1.7);
#7133=VERTEX_POINT('',#8424);
#7134=CIRCLE('',#8425,1.7);
#7135=VERTEX_POINT('',#8429);
#7136=CIRCLE('',#8430,1.7);
#7137=VERTEX_POINT('',#8434);
#7138=CIRCLE('',#8435,1.7);
#7139=VERTEX_POINT('',#8439);
#7140=CIRCLE('',#8440,1.5);
#7141=VERTEX_POINT('',#8444);
#7142=CIRCLE('',#8445,1.5);
#7143=VERTEX_POINT('',#8449);
#7144=CIRCLE('',#8450,1.5);
#7145=VERTEX_POINT('',#8454);
#7146=CIRCLE('',#8455,1.5);
#7147=VERTEX_POINT('',#8459);
#7148=CIRCLE('',#8460,1.6);
#7149=VERTEX_POINT('',#8464);
#7150=CIRCLE('',#8465,1.6);
#7151=VERTEX_POINT('',#8469);
#7152=CIRCLE('',#8470,1.7);
#7153=VERTEX_POINT('',#8474);
#7154=CIRCLE('',#8475,1.7);
#7155=VERTEX_POINT('',#8479);
#7156=CIRCLE('',#8480,1.7);
#7157=VERTEX_POINT('',#8484);
#7158=VERTEX_POINT('',#8485);
#7159=CIRCLE('',#8486,10.);
#7160=VERTEX_POINT('',#8490);
#7161=LINE('',#8491,#8492);
#7162=VERTEX_POINT('',#8494);
#7163=CIRCLE('',#8495,10.);
#7164=VERTEX_POINT('',#8499);
#7165=LINE('',#8500,#8501);
#7166=VERTEX_POINT('',#8503);
#7167=CIRCLE('',#8504,10.);
#7168=VERTEX_POINT('',#8508);
#7169=LINE('',#8509,#8510);
#7170=VERTEX_POINT('',#8512);
#7171=CIRCLE('',#8513,10.);
#7172=LINE('',#8517,#8518);
#7173=VERTEX_POINT('',#8520);
#7174=CIRCLE('',#8521,3.6);
#7175=VERTEX_POINT('',#8525);
#7176=CIRCLE('',#8526,3.7);
#7177=VERTEX_POINT('',#8530);
#7178=CIRCLE('',#8531,3.7);
#7179=VERTEX_POINT('',#8535);
#7180=CIRCLE('',#8536,8.);
#7181=VERTEX_POINT('',#8540);
#7182=CIRCLE('',#8541,2.3);
#7183=VERTEX_POINT('',#8545);
#7184=CIRCLE('',#8546,2.3);
#7185=VERTEX_POINT('',#8550);
#7186=CIRCLE('',#8551,2.3);
#7187=VERTEX_POINT('',#8555);
#7188=CIRCLE('',#8556,1.7);
#7189=VERTEX_POINT('',#8560);
#7190=CIRCLE('',#8561,1.7);
#7191=VERTEX_POINT('',#8565);
#7192=CIRCLE('',#8566,1.7);
#7193=VERTEX_POINT('',#8570);
#7194=CIRCLE('',#8571,1.7);
#7195=VERTEX_POINT('',#8575);
#7196=CIRCLE('',#8576,1.7);
#7197=VERTEX_POINT('',#8580);
#7198=CIRCLE('',#8581,1.7);
#7199=VERTEX_POINT('',#8585);
#7200=CIRCLE('',#8586,3.7);
#7201=VERTEX_POINT('',#8590);
#7202=CIRCLE('',#8591,3.6);
#7203=LINE('',#8595,#8596);
#7204=LINE('',#8598,#8599);
#7205=LINE('',#8601,#8602);
#7206=LINE('',#8604,#8605);
#7207=LINE('',#8607,#8608);
#7208=LINE('',#8610,#8611);
#7209=LINE('',#8613,#8614);
#7210=LINE('',#8616,#8617);
#7211=VERTEX_POINT('',#8619);
#7212=CIRCLE('',#8620,1.5);
#7213=VERTEX_POINT('',#8624);
#7214=CIRCLE('',#8625,1.5);
#7215=VERTEX_POINT('',#8629);
#7216=CIRCLE('',#8630,1.5);
#7217=VERTEX_POINT('',#8634);
#7218=CIRCLE('',#8635,1.5);
#7219=VERTEX_POINT('',#8639);
#7220=CIRCLE('',#8640,1.6);
#7221=VERTEX_POINT('',#8644);
#7222=CIRCLE('',#8645,1.6);
#7223=VERTEX_POINT('',#8649);
#7224=CIRCLE('',#8650,1.7);
#7225=VERTEX_POINT('',#8654);
#7226=CIRCLE('',#8655,1.7);
#7227=VERTEX_POINT('',#8659);
#7228=CIRCLE('',#8660,1.7);
#7229=VERTEX_POINT('',#8664);
#7230=CIRCLE('',#8665,2.3);
#7231=VERTEX_POINT('',#8669);
#7232=CIRCLE('',#8670,2.3);
#7233=VERTEX_POINT('',#8674);
#7234=CIRCLE('',#8675,2.3);
#7235=VERTEX_POINT('',#8679);
#7236=CIRCLE('',#8680,5.);
#7237=VERTEX_POINT('',#8684);
#7238=VERTEX_POINT('',#8685);
#7239=CIRCLE('',#8686,2.80565049345582);
#7240=CIRCLE('',#8690,2.80565049345582);
#7241=VERTEX_POINT('',#8694);
#7242=VERTEX_POINT('',#8695);
#7243=CIRCLE('',#8696,5.);
#7244=CIRCLE('',#8700,5.);
#7245=VERTEX_POINT('',#8704);
#7246=LINE('',#8705,#8706);
#7247=VERTEX_POINT('',#8708);
#7248=CIRCLE('',#8709,4.80836985171797);
#7249=LINE('',#8713,#8714);
#7250=CIRCLE('',#8716,4.80836985171798);
#7251=VERTEX_POINT('',#8720);
#7252=VERTEX_POINT('',#8721);
#7253=CIRCLE('',#8722,7.1467011348504);
#7254=(BOUNDED_CURVE()B_SPLINE_CURVE(2,
(#8726,#8727,#8728),
.UNSPECIFIED.,.F.,.F.)B_SPLINE_CURVE_WITH_KNOTS((3,3),
(0.,1.),
.UNSPECIFIED.)CURVE()GEOMETRIC_REPRESENTATION_ITEM()RATIONAL_B_SPLINE_CURVE((1.,
0.944809474601487,1.))REPRESENTATION_ITEM(''));
#7255=(BOUNDED_CURVE()B_SPLINE_CURVE(2,
(#8729,#8730,#8731),
.UNSPECIFIED.,.F.,.F.)B_SPLINE_CURVE_WITH_KNOTS((3,3),
(0.,1.),
.UNSPECIFIED.)CURVE()GEOMETRIC_REPRESENTATION_ITEM()RATIONAL_B_SPLINE_CURVE((1.,
0.944809474601487,1.))REPRESENTATION_ITEM(''));
#7256=CIRCLE('',#8732,7.1467011348504);
#7257=VERTEX_POINT('',#8736);
#7258=VERTEX_POINT('',#8737);
#7259=LINE('',#8738,#8739);
#7260=VERTEX_POINT('',#8741);
#7261=LINE('',#8742,#8743);
#7262=VERTEX_POINT('',#8745);
#7263=LINE('',#8746,#8747);
#7264=LINE('',#8749,#8750);
#7265=VERTEX_POINT('',#8752);
#7266=VERTEX_POINT('',#8753);
#7267=CIRCLE('',#8754,1.5);
#7268=LINE('',#8758,#8759);
#7269=VERTEX_POINT('',#8761);
#7270=LINE('',#8762,#8763);
#7271=VERTEX_POINT('',#8765);
#7272=LINE('',#8766,#8767);
#7273=LINE('',#8769,#8770);
#7274=CIRCLE('',#8772,1.5);
#7275=VERTEX_POINT('',#8776);
#7276=VERTEX_POINT('',#8777);
#7277=LINE('',#8778,#8779);
#7278=VERTEX_POINT('',#8781);
#7279=LINE('',#8782,#8783);
#7280=VERTEX_POINT('',#8785);
#7281=LINE('',#8786,#8787);
#7282=VERTEX_POINT('',#8789);
#7283=LINE('',#8790,#8791);
#7284=VERTEX_POINT('',#8793);
#7285=LINE('',#8794,#8795);
#7286=LINE('',#8797,#8798);
#7287=LINE('',#8800,#8801);
#7288=VERTEX_POINT('',#8803);
#7289=LINE('',#8804,#8805);
#7290=VERTEX_POINT('',#8807);
#7291=LINE('',#8808,#8809);
#7292=LINE('',#8811,#8812);
#7293=VERTEX_POINT('',#8814);
#7294=LINE('',#8815,#8816);
#7295=VERTEX_POINT('',#8818);
#7296=LINE('',#8819,#8820);
#7297=VERTEX_POINT('',#8822);
#7298=LINE('',#8823,#8824);
#7299=VERTEX_POINT('',#8826);
#7300=LINE('',#8827,#8828);
#7301=VERTEX_POINT('',#8830);
#7302=LINE('',#8831,#8832);
#7303=LINE('',#8834,#8835);
#7304=VERTEX_POINT('',#8837);
#7305=LINE('',#8838,#8839);
#7306=LINE('',#8841,#8842);
#7307=CIRCLE('',#8844,6.2499999987019);
#7308=CIRCLE('',#8848,6.2499999987019);
#7309=CIRCLE('',#8852,6.2499999987019);
#7310=CIRCLE('',#8856,6.2499999987019);
#7311=CIRCLE('',#8860,6.2499999987019);
#7312=CIRCLE('',#8864,6.2499999987019);
#7313=VERTEX_POINT('',#8868);
#7314=VERTEX_POINT('',#8869);
#7315=CIRCLE('',#8870,6.);
#7316=VERTEX_POINT('',#8874);
#7317=LINE('',#8875,#8876);
#7318=VERTEX_POINT('',#8878);
#7319=LINE('',#8879,#8880);
#7320=VERTEX_POINT('',#8882);
#7321=CIRCLE('',#8883,6.);
#7322=LINE('',#8887,#8888);
#7323=VERTEX_POINT('',#8890);
#7324=CIRCLE('',#8891,1.6);
#7325=VERTEX_POINT('',#8895);
#7326=VERTEX_POINT('',#8896);
#7327=CIRCLE('',#8897,5.99999999999999);
#7328=VERTEX_POINT('',#8901);
#7329=LINE('',#8902,#8903);
#7330=VERTEX_POINT('',#8905);
#7331=CIRCLE('',#8906,6.);
#7332=VERTEX_POINT('',#8910);
#7333=LINE('',#8911,#8912);
#7334=VERTEX_POINT('',#8914);
#7335=CIRCLE('',#8915,6.);
#7336=VERTEX_POINT('',#8919);
#7337=LINE('',#8920,#8921);
#7338=VERTEX_POINT('',#8923);
#7339=CIRCLE('',#8924,6.);
#7340=LINE('',#8928,#8929);
#7341=VERTEX_POINT('',#8931);
#7342=CIRCLE('',#8932,1.6);
#7343=VERTEX_POINT('',#8936);
#7344=CIRCLE('',#8937,1.6);
#7345=VERTEX_POINT('',#8941);
#7346=LINE('',#8942,#8943);
#7347=VERTEX_POINT('',#8945);
#7348=LINE('',#8946,#8947);
#7349=LINE('',#8949,#8950);
#7350=LINE('',#8952,#8953);
#7351=LINE('',#8955,#8956);
#7352=VERTEX_POINT('',#8958);
#7353=LINE('',#8959,#8960);
#7354=VERTEX_POINT('',#8962);
#7355=CIRCLE('',#8963,6.24999999967128);
#7356=VERTEX_POINT('',#8967);
#7357=LINE('',#8968,#8969);
#7358=CIRCLE('',#8971,6.24999999967128);
#7359=LINE('',#8975,#8976);
#7360=VERTEX_POINT('',#8978);
#7361=LINE('',#8979,#8980);
#7362=CIRCLE('',#8982,6.24999999967128);
#7363=VERTEX_POINT('',#8986);
#7364=LINE('',#8987,#8988);
#7365=LINE('',#8990,#8991);
#7366=LINE('',#8993,#8994);
#7367=VERTEX_POINT('',#8996);
#7368=LINE('',#8997,#8998);
#7369=VERTEX_POINT('',#9000);
#7370=LINE('',#9001,#9002);
#7371=LINE('',#9004,#9005);
#7372=VERTEX_POINT('',#9007);
#7373=CIRCLE('',#9008,1.6);
#7374=VERTEX_POINT('',#9012);
#7375=VERTEX_POINT('',#9013);
#7376=LINE('',#9014,#9015);
#7377=LINE('',#9017,#9018);
#7378=LINE('',#9020,#9021);
#7379=LINE('',#9023,#9024);
#7380=VERTEX_POINT('',#9026);
#7381=LINE('',#9027,#9028);
#7382=VERTEX_POINT('',#9030);
#7383=LINE('',#9031,#9032);
#7384=LINE('',#9034,#9035);
#7385=CIRCLE('',#9037,6.);
#7386=CIRCLE('',#9041,6.);
#7387=LINE('',#9045,#9046);
#7388=CIRCLE('',#9048,6.24999999967128);
#7389=VERTEX_POINT('',#9052);
#7390=CIRCLE('',#9053,1.6);
#7391=VERTEX_POINT('',#9057);
#7392=CIRCLE('',#9058,1.6);
#7393=VERTEX_POINT('',#9062);
#7394=VERTEX_POINT('',#9063);
#7395=CIRCLE('',#9064,6.);
#7396=VERTEX_POINT('',#9068);
#7397=LINE('',#9069,#9070);
#7398=VERTEX_POINT('',#9072);
#7399=CIRCLE('',#9073,6.);
#7400=VERTEX_POINT('',#9077);
#7401=LINE('',#9078,#9079);
#7402=VERTEX_POINT('',#9081);
#7403=CIRCLE('',#9082,6.);
#7404=VERTEX_POINT('',#9086);
#7405=LINE('',#9087,#9088);
#7406=VERTEX_POINT('',#9090);
#7407=CIRCLE('',#9091,6.);
#7408=LINE('',#9095,#9096);
#7409=VERTEX_POINT('',#9098);
#7410=VERTEX_POINT('',#9099);
#7411=LINE('',#9100,#9101);
#7412=VERTEX_POINT('',#9103);
#7413=LINE('',#9104,#9105);
#7414=VERTEX_POINT('',#9107);
#7415=LINE('',#9108,#9109);
#7416=VERTEX_POINT('',#9111);
#7417=LINE('',#9112,#9113);
#7418=VERTEX_POINT('',#9115);
#7419=LINE('',#9116,#9117);
#7420=LINE('',#9119,#9120);
#7421=VERTEX_POINT('',#9122);
#7422=VERTEX_POINT('',#9123);
#7423=LINE('',#9124,#9125);
#7424=VERTEX_POINT('',#9127);
#7425=LINE('',#9128,#9129);
#7426=VERTEX_POINT('',#9131);
#7427=LINE('',#9132,#9133);
#7428=VERTEX_POINT('',#9135);
#7429=LINE('',#9136,#9137);
#7430=VERTEX_POINT('',#9139);
#7431=LINE('',#9140,#9141);
#7432=LINE('',#9143,#9144);
#7433=VERTEX_POINT('',#9146);
#7434=VERTEX_POINT('',#9147);
#7435=LINE('',#9148,#9149);
#7436=VERTEX_POINT('',#9151);
#7437=LINE('',#9152,#9153);
#7438=VERTEX_POINT('',#9155);
#7439=LINE('',#9156,#9157);
#7440=VERTEX_POINT('',#9159);
#7441=LINE('',#9160,#9161);
#7442=VERTEX_POINT('',#9163);
#7443=LINE('',#9164,#9165);
#7444=LINE('',#9167,#9168);
#7445=LINE('',#9170,#9171);
#7446=LINE('',#9173,#9174);
#7447=LINE('',#9176,#9177);
#7448=LINE('',#9179,#9180);
#7449=LINE('',#9182,#9183);
#7450=LINE('',#9185,#9186);
#7451=VERTEX_POINT('',#9188);
#7452=VERTEX_POINT('',#9189);
#7453=CIRCLE('',#9190,6.);
#7454=VERTEX_POINT('',#9194);
#7455=LINE('',#9195,#9196);
#7456=VERTEX_POINT('',#9198);
#7457=CIRCLE('',#9199,6.);
#7458=VERTEX_POINT('',#9203);
#7459=LINE('',#9204,#9205);
#7460=LINE('',#9207,#9208);
#7461=VERTEX_POINT('',#9210);
#7462=LINE('',#9211,#9212);
#7463=VERTEX_POINT('',#9214);
#7464=LINE('',#9215,#9216);
#7465=LINE('',#9218,#9219);
#7466=LINE('',#9221,#9222);
#7467=LINE('',#9224,#9225);
#7468=VERTEX_POINT('',#9227);
#7469=LINE('',#9228,#9229);
#7470=LINE('',#9231,#9232);
#7471=VERTEX_POINT('',#9234);
#7472=CIRCLE('',#9235,6.24999999967128);
#7473=VERTEX_POINT('',#9239);
#7474=LINE('',#9240,#9241);
#7475=CIRCLE('',#9243,6.24999999967128);
#7476=VERTEX_POINT('',#9247);
#7477=LINE('',#9248,#9249);
#7478=VERTEX_POINT('',#9251);
#7479=LINE('',#9252,#9253);
#7480=LINE('',#9255,#9256);
#7481=VERTEX_POINT('',#9258);
#7482=LINE('',#9259,#9260);
#7483=VERTEX_POINT('',#9262);
#7484=LINE('',#9263,#9264);
#7485=LINE('',#9266,#9267);
#7486=VERTEX_POINT('',#9269);
#7487=LINE('',#9270,#9271);
#7488=LINE('',#9273,#9274);
#7489=VERTEX_POINT('',#9276);
#7490=LINE('',#9277,#9278);
#7491=LINE('',#9280,#9281);
#7492=VERTEX_POINT('',#9283);
#7493=LINE('',#9284,#9285);
#7494=LINE('',#9287,#9288);
#7495=VERTEX_POINT('',#9290);
#7496=LINE('',#9291,#9292);
#7497=LINE('',#9294,#9295);
#7498=LINE('',#9297,#9298);
#7499=VERTEX_POINT('',#9300);
#7500=LINE('',#9301,#9302);
#7501=LINE('',#9304,#9305);
#7502=LINE('',#9307,#9308);
#7503=VERTEX_POINT('',#9310);
#7504=CIRCLE('',#9311,6.24999999967128);
#7505=LINE('',#9315,#9316);
#7506=CIRCLE('',#9318,6.);
#7507=VERTEX_POINT('',#9322);
#7508=LINE('',#9323,#9324);
#7509=VERTEX_POINT('',#9326);
#7510=LINE('',#9327,#9328);
#7511=CIRCLE('',#9330,6.);
#7512=VERTEX_POINT('',#9334);
#7513=CIRCLE('',#9335,1.6);
#7514=VERTEX_POINT('',#9339);
#7515=LINE('',#9340,#9341);
#7516=LINE('',#9343,#9344);
#7517=LINE('',#9346,#9347);
#7518=LINE('',#9349,#9350);
#7519=VERTEX_POINT('',#9352);
#7520=LINE('',#9353,#9354);
#7521=LINE('',#9356,#9357);
#7522=CIRCLE('',#9359,6.24999999967128);
#7523=VERTEX_POINT('',#9363);
#7524=CIRCLE('',#9364,1.6);
#7525=VERTEX_POINT('',#9368);
#7526=CIRCLE('',#9369,1.);
#7527=VERTEX_POINT('',#9373);
#7528=CIRCLE('',#9374,1.);
#7529=VERTEX_POINT('',#9378);
#7530=CIRCLE('',#9379,6.5);
#7531=VERTEX_POINT('',#9383);
#7532=CIRCLE('',#9384,6.5);
#7533=VERTEX_POINT('',#9388);
#7534=CIRCLE('',#9389,0.8);
#7535=VERTEX_POINT('',#9393);
#7536=VERTEX_POINT('',#9394);
#7537=LINE('',#9395,#9396);
#7538=VERTEX_POINT('',#9398);
#7539=CIRCLE('',#9399,0.8);
#7540=VERTEX_POINT('',#9403);
#7541=LINE('',#9404,#9405);
#7542=CIRCLE('',#9407,0.8);
#7543=VERTEX_POINT('',#9411);
#7544=CIRCLE('',#9412,0.8);
#7545=VERTEX_POINT('',#9416);
#7546=VERTEX_POINT('',#9417);
#7547=LINE('',#9418,#9419);
#7548=VERTEX_POINT('',#9421);
#7549=LINE('',#9422,#9423);
#7550=VERTEX_POINT('',#9425);
#7551=LINE('',#9426,#9427);
#7552=VERTEX_POINT('',#9429);
#7553=LINE('',#9430,#9431);
#7554=VERTEX_POINT('',#9433);
#7555=LINE('',#9434,#9435);
#7556=LINE('',#9437,#9438);
#7557=VERTEX_POINT('',#9440);
#7558=VERTEX_POINT('',#9441);
#7559=CIRCLE('',#9442,1.5);
#7560=LINE('',#9446,#9447);
#7561=VERTEX_POINT('',#9449);
#7562=LINE('',#9450,#9451);
#7563=VERTEX_POINT('',#9453);
#7564=LINE('',#9454,#9455);
#7565=LINE('',#9457,#9458);
#7566=VERTEX_POINT('',#9460);
#7567=LINE('',#9461,#9462);
#7568=LINE('',#9464,#9465);
#7569=VERTEX_POINT('',#9467);
#7570=LINE('',#9468,#9469);
#7571=LINE('',#9471,#9472);
#7572=VERTEX_POINT('',#9474);
#7573=LINE('',#9475,#9476);
#7574=LINE('',#9478,#9479);
#7575=VERTEX_POINT('',#9481);
#7576=LINE('',#9482,#9483);
#7577=LINE('',#9485,#9486);
#7578=LINE('',#9488,#9489);
#7579=CIRCLE('',#9491,5.);
#7580=VERTEX_POINT('',#9495);
#7581=CIRCLE('',#9496,6.5);
#7582=CIRCLE('',#9500,5.);
#7583=VERTEX_POINT('',#9504);
#7584=CIRCLE('',#9505,6.5);
#7585=VERTEX_POINT('',#9509);
#7586=VERTEX_POINT('',#9510);
#7587=CIRCLE('',#9511,1.5);
#7588=LINE('',#9515,#9516);
#7589=LINE('',#9518,#9519);
#7590=LINE('',#9521,#9522);
#7591=VERTEX_POINT('',#9524);
#7592=VERTEX_POINT('',#9525);
#7593=LINE('',#9526,#9527);
#7594=VERTEX_POINT('',#9529);
#7595=LINE('',#9530,#9531);
#7596=VERTEX_POINT('',#9533);
#7597=LINE('',#9534,#9535);
#7598=LINE('',#9537,#9538);
#7599=VERTEX_POINT('',#9540);
#7600=VERTEX_POINT('',#9541);
#7601=CIRCLE('',#9542,1.5);
#7602=LINE('',#9546,#9547);
#7603=VERTEX_POINT('',#9549);
#7604=LINE('',#9550,#9551);
#7605=VERTEX_POINT('',#9553);
#7606=LINE('',#9554,#9555);
#7607=LINE('',#9557,#9558);
#7608=CIRCLE('',#9560,1.5);
#7609=VERTEX_POINT('',#9564);
#7610=VERTEX_POINT('',#9565);
#7611=LINE('',#9566,#9567);
#7612=VERTEX_POINT('',#9569);
#7613=LINE('',#9570,#9571);
#7614=VERTEX_POINT('',#9573);
#7615=LINE('',#9574,#9575);
#7616=VERTEX_POINT('',#9577);
#7617=LINE('',#9578,#9579);
#7618=VERTEX_POINT('',#9581);
#7619=LINE('',#9582,#9583);
#7620=LINE('',#9585,#9586);
#7621=LINE('',#9588,#9589);
#7622=VERTEX_POINT('',#9591);
#7623=LINE('',#9592,#9593);
#7624=VERTEX_POINT('',#9595);
#7625=LINE('',#9596,#9597);
#7626=LINE('',#9599,#9600);
#7627=VERTEX_POINT('',#9602);
#7628=LINE('',#9603,#9604);
#7629=VERTEX_POINT('',#9606);
#7630=LINE('',#9607,#9608);
#7631=VERTEX_POINT('',#9610);
#7632=LINE('',#9611,#9612);
#7633=VERTEX_POINT('',#9614);
#7634=LINE('',#9615,#9616);
#7635=VERTEX_POINT('',#9618);
#7636=LINE('',#9619,#9620);
#7637=LINE('',#9622,#9623);
#7638=VERTEX_POINT('',#9625);
#7639=LINE('',#9626,#9627);
#7640=LINE('',#9629,#9630);
#7641=CIRCLE('',#9632,6.2499999987019);
#7642=CIRCLE('',#9636,6.2499999987019);
#7643=CIRCLE('',#9640,6.2499999987019);
#7644=CIRCLE('',#9644,6.2499999987019);
#7645=CIRCLE('',#9648,6.2499999987019);
#7646=CIRCLE('',#9652,6.2499999987019);
#7647=VERTEX_POINT('',#9656);
#7648=CIRCLE('',#9657,5.);
#7649=VERTEX_POINT('',#9661);
#7650=CIRCLE('',#9662,5.);
#7651=VERTEX_POINT('',#9666);
#7652=CIRCLE('',#9667,5.);
#7653=VERTEX_POINT('',#9671);
#7654=CIRCLE('',#9672,5.);
#7655=VERTEX_POINT('',#9676);
#7656=CIRCLE('',#9677,4.);
#7657=VERTEX_POINT('',#9681);
#7658=CIRCLE('',#9682,4.);
#7659=VERTEX_POINT('',#9686);
#7660=VERTEX_POINT('',#9687);
#7661=CIRCLE('',#9688,1.5);
#7662=LINE('',#9692,#9693);
#7663=VERTEX_POINT('',#9695);
#7664=VERTEX_POINT('',#9696);
#7665=CIRCLE('',#9697,1.5);
#7666=LINE('',#9701,#9702);
#7667=LINE('',#9704,#9705);
#7668=LINE('',#9707,#9708);
#7669=VERTEX_POINT('',#9710);
#7670=CIRCLE('',#9711,1.);
#7671=VERTEX_POINT('',#9715);
#7672=CIRCLE('',#9716,1.);
#7673=VERTEX_POINT('',#9720);
#7674=CIRCLE('',#9721,1.);
#7675=VERTEX_POINT('',#9725);
#7676=CIRCLE('',#9726,1.);
#7677=VERTEX_POINT('',#9730);
#7678=VERTEX_POINT('',#9731);
#7679=LINE('',#9732,#9733);
#7680=VERTEX_POINT('',#9735);
#7681=LINE('',#9736,#9737);
#7682=VERTEX_POINT('',#9739);
#7683=LINE('',#9740,#9741);
#7684=LINE('',#9743,#9744);
#7685=VERTEX_POINT('',#9746);
#7686=VERTEX_POINT('',#9747);
#7687=CIRCLE('',#9748,1.5);
#7688=LINE('',#9752,#9753);
#7689=VERTEX_POINT('',#9755);
#7690=LINE('',#9756,#9757);
#7691=VERTEX_POINT('',#9759);
#7692=LINE('',#9760,#9761);
#7693=LINE('',#9763,#9764);
#7694=CIRCLE('',#9766,1.5);
#7695=VERTEX_POINT('',#9770);
#7696=VERTEX_POINT('',#9771);
#7697=LINE('',#9772,#9773);
#7698=VERTEX_POINT('',#9775);
#7699=LINE('',#9776,#9777);
#7700=VERTEX_POINT('',#9779);
#7701=LINE('',#9780,#9781);
#7702=VERTEX_POINT('',#9783);
#7703=LINE('',#9784,#9785);
#7704=VERTEX_POINT('',#9787);
#7705=LINE('',#9788,#9789);
#7706=LINE('',#9791,#9792);
#7707=LINE('',#9794,#9795);
#7708=VERTEX_POINT('',#9797);
#7709=LINE('',#9798,#9799);
#7710=VERTEX_POINT('',#9801);
#7711=LINE('',#9802,#9803);
#7712=LINE('',#9805,#9806);
#7713=VERTEX_POINT('',#9808);
#7714=LINE('',#9809,#9810);
#7715=VERTEX_POINT('',#9812);
#7716=LINE('',#9813,#9814);
#7717=VERTEX_POINT('',#9816);
#7718=LINE('',#9817,#9818);
#7719=VERTEX_POINT('',#9820);
#7720=LINE('',#9821,#9822);
#7721=VERTEX_POINT('',#9824);
#7722=LINE('',#9825,#9826);
#7723=LINE('',#9828,#9829);
#7724=VERTEX_POINT('',#9831);
#7725=LINE('',#9832,#9833);
#7726=LINE('',#9835,#9836);
#7727=CIRCLE('',#9838,6.);
#7728=CIRCLE('',#9842,6.);
#7729=CIRCLE('',#9846,6.);
#7730=CIRCLE('',#9850,6.);
#7731=CIRCLE('',#9854,6.);
#7732=CIRCLE('',#9858,6.);
#7733=VERTEX_POINT('',#9862);
#7734=CIRCLE('',#9863,5.);
#7735=VERTEX_POINT('',#9867);
#7736=CIRCLE('',#9868,5.);
#7737=VERTEX_POINT('',#9872);
#7738=CIRCLE('',#9873,5.);
#7739=VERTEX_POINT('',#9877);
#7740=CIRCLE('',#9878,5.);
#7741=VERTEX_POINT('',#9882);
#7742=CIRCLE('',#9883,4.);
#7743=VERTEX_POINT('',#9887);
#7744=CIRCLE('',#9888,4.);
#7745=VERTEX_POINT('',#9892);
#7746=VERTEX_POINT('',#9893);
#7747=CIRCLE('',#9894,1.5);
#7748=LINE('',#9898,#9899);
#7749=VERTEX_POINT('',#9901);
#7750=VERTEX_POINT('',#9902);
#7751=CIRCLE('',#9903,1.5);
#7752=LINE('',#9907,#9908);
#7753=LINE('',#9910,#9911);
#7754=LINE('',#9913,#9914);
#7755=VERTEX_POINT('',#9916);
#7756=CIRCLE('',#9917,1.);
#7757=VERTEX_POINT('',#9921);
#7758=CIRCLE('',#9922,1.);
#7759=VERTEX_POINT('',#9926);
#7760=CIRCLE('',#9927,1.7);
#7761=VERTEX_POINT('',#9931);
#7762=CIRCLE('',#9932,1.7);
#7763=VERTEX_POINT('',#9936);
#7764=CIRCLE('',#9937,1.7);
#7765=VERTEX_POINT('',#9941);
#7766=CIRCLE('',#9942,1.7);
#7767=VERTEX_POINT('',#9946);
#7768=VERTEX_POINT('',#9947);
#7769=CIRCLE('',#9948,4.00000000000001);
#7770=VERTEX_POINT('',#9952);
#7771=LINE('',#9953,#9954);
#7772=VERTEX_POINT('',#9956);
#7773=CIRCLE('',#9957,3.);
#7774=VERTEX_POINT('',#9961);
#7775=LINE('',#9962,#9963);
#7776=VERTEX_POINT('',#9965);
#7777=CIRCLE('',#9966,4.);
#7778=VERTEX_POINT('',#9970);
#7779=LINE('',#9971,#9972);
#7780=VERTEX_POINT('',#9974);
#7781=CIRCLE('',#9975,4.);
#7782=VERTEX_POINT('',#9979);
#7783=LINE('',#9980,#9981);
#7784=VERTEX_POINT('',#9983);
#7785=CIRCLE('',#9984,4.);
#7786=VERTEX_POINT('',#9988);
#7787=LINE('',#9989,#9990);
#7788=VERTEX_POINT('',#9992);
#7789=CIRCLE('',#9993,4.);
#7790=VERTEX_POINT('',#9997);
#7791=LINE('',#9998,#9999);
#7792=VERTEX_POINT('',#10001);
#7793=CIRCLE('',#10002,3.);
#7794=VERTEX_POINT('',#10006);
#7795=LINE('',#10007,#10008);
#7796=VERTEX_POINT('',#10010);
#7797=CIRCLE('',#10011,4.);
#7798=VERTEX_POINT('',#10015);
#7799=LINE('',#10016,#10017);
#7800=VERTEX_POINT('',#10019);
#7801=LINE('',#10020,#10021);
#7802=VERTEX_POINT('',#10023);
#7803=CIRCLE('',#10024,4.);
#7804=VERTEX_POINT('',#10028);
#7805=LINE('',#10029,#10030);
#7806=VERTEX_POINT('',#10032);
#7807=CIRCLE('',#10033,4.);
#7808=LINE('',#10037,#10038);
#7809=VERTEX_POINT('',#10040);
#7810=VERTEX_POINT('',#10041);
#7811=LINE('',#10042,#10043);
#7812=VERTEX_POINT('',#10045);
#7813=LINE('',#10046,#10047);
#7814=VERTEX_POINT('',#10049);
#7815=LINE('',#10050,#10051);
#7816=VERTEX_POINT('',#10053);
#7817=LINE('',#10054,#10055);
#7818=VERTEX_POINT('',#10057);
#7819=LINE('',#10058,#10059);
#7820=LINE('',#10061,#10062);
#7821=VERTEX_POINT('',#10064);
#7822=VERTEX_POINT('',#10065);
#7823=LINE('',#10066,#10067);
#7824=VERTEX_POINT('',#10069);
#7825=LINE('',#10070,#10071);
#7826=VERTEX_POINT('',#10073);
#7827=LINE('',#10074,#10075);
#7828=VERTEX_POINT('',#10077);
#7829=LINE('',#10078,#10079);
#7830=VERTEX_POINT('',#10081);
#7831=LINE('',#10082,#10083);
#7832=LINE('',#10085,#10086);
#7833=VERTEX_POINT('',#10088);
#7834=VERTEX_POINT('',#10089);
#7835=LINE('',#10090,#10091);
#7836=VERTEX_POINT('',#10093);
#7837=LINE('',#10094,#10095);
#7838=VERTEX_POINT('',#10097);
#7839=LINE('',#10098,#10099);
#7840=VERTEX_POINT('',#10101);
#7841=LINE('',#10102,#10103);
#7842=VERTEX_POINT('',#10105);
#7843=LINE('',#10106,#10107);
#7844=LINE('',#10109,#10110);
#7845=VERTEX_POINT('',#10112);
#7846=VERTEX_POINT('',#10113);
#7847=LINE('',#10114,#10115);
#7848=VERTEX_POINT('',#10117);
#7849=LINE('',#10118,#10119);
#7850=VERTEX_POINT('',#10121);
#7851=LINE('',#10122,#10123);
#7852=VERTEX_POINT('',#10125);
#7853=LINE('',#10126,#10127);
#7854=VERTEX_POINT('',#10129);
#7855=LINE('',#10130,#10131);
#7856=LINE('',#10133,#10134);
#7857=LINE('',#10136,#10137);
#7858=LINE('',#10139,#10140);
#7859=LINE('',#10142,#10143);
#7860=LINE('',#10145,#10146);
#7861=LINE('',#10148,#10149);
#7862=LINE('',#10151,#10152);
#7863=VERTEX_POINT('',#10154);
#7864=VERTEX_POINT('',#10155);
#7865=LINE('',#10156,#10157);
#7866=VERTEX_POINT('',#10159);
#7867=LINE('',#10160,#10161);
#7868=VERTEX_POINT('',#10163);
#7869=LINE('',#10164,#10165);
#7870=VERTEX_POINT('',#10167);
#7871=LINE('',#10168,#10169);
#7872=VERTEX_POINT('',#10171);
#7873=LINE('',#10172,#10173);
#7874=LINE('',#10175,#10176);
#7875=LINE('',#10178,#10179);
#7876=LINE('',#10181,#10182);
#7877=LINE('',#10184,#10185);
#7878=LINE('',#10187,#10188);
#7879=LINE('',#10190,#10191);
#7880=LINE('',#10193,#10194);
#7881=VERTEX_POINT('',#10196);
#7882=VERTEX_POINT('',#10197);
#7883=CIRCLE('',#10198,4.);
#7884=VERTEX_POINT('',#10202);
#7885=LINE('',#10203,#10204);
#7886=VERTEX_POINT('',#10206);
#7887=CIRCLE('',#10207,3.99999999999994);
#7888=VERTEX_POINT('',#10211);
#7889=LINE('',#10212,#10213);
#7890=VERTEX_POINT('',#10215);
#7891=LINE('',#10216,#10217);
#7892=VERTEX_POINT('',#10219);
#7893=CIRCLE('',#10220,4.);
#7894=LINE('',#10224,#10225);
#7895=VERTEX_POINT('',#10227);
#7896=VERTEX_POINT('',#10228);
#7897=CIRCLE('',#10229,4.);
#7898=VERTEX_POINT('',#10233);
#7899=LINE('',#10234,#10235);
#7900=VERTEX_POINT('',#10237);
#7901=CIRCLE('',#10238,3.);
#7902=VERTEX_POINT('',#10242);
#7903=LINE('',#10243,#10244);
#7904=VERTEX_POINT('',#10246);
#7905=LINE('',#10247,#10248);
#7906=VERTEX_POINT('',#10250);
#7907=CIRCLE('',#10251,4.);
#7908=VERTEX_POINT('',#10255);
#7909=LINE('',#10256,#10257);
#7910=VERTEX_POINT('',#10259);
#7911=CIRCLE('',#10260,3.);
#7912=LINE('',#10264,#10265);
#7913=VERTEX_POINT('',#10267);
#7914=LINE('',#10268,#10269);
#7915=VERTEX_POINT('',#10271);
#7916=CIRCLE('',#10272,4.);
#7917=LINE('',#10276,#10277);
#7918=VERTEX_POINT('',#10279);
#7919=LINE('',#10280,#10281);
#7920=VERTEX_POINT('',#10283);
#7921=LINE('',#10284,#10285);
#7922=VERTEX_POINT('',#10287);
#7923=CIRCLE('',#10288,6.);
#7924=LINE('',#10292,#10293);
#7925=LINE('',#10295,#10296);
#7926=LINE('',#10298,#10299);
#7927=VERTEX_POINT('',#10301);
#7928=LINE('',#10302,#10303);
#7929=VERTEX_POINT('',#10305);
#7930=LINE('',#10306,#10307);
#7931=B_SPLINE_CURVE_WITH_KNOTS('',3,
(#10309,#10310,#10311,#10312,#10313,#10314),
.UNSPECIFIED.,.F.,.F.,
(4,1,1,4),
(0.,0.333333333333333,0.666666666666667,1.),
.UNSPECIFIED.);
#7932=VERTEX_POINT('',#10315);
#7933=LINE('',#10316,#10317);
#7934=B_SPLINE_CURVE_WITH_KNOTS('',3,
(#10319,#10320,#10321,#10322,#10323,#10324,#10325,#10326,#10327,#10328,#10329,#10330,
#10331,#10332,#10333,#10334,#10335,#10336,#10337,#10338,#10339,#10340,#10341,#10342,
#10343,#10344,#10345,#10346,#10347,#10348,#10349,#10350,#10351,#10352,#10353,#10354,
#10355,#10356,#10357,#10358,#10359,#10360,#10361,#10362,#10363,#10364,#10365,#10366,
#10367,#10368,#10369,#10370,#10371,#10372,#10373,#10374,#10375,#10376,#10377,#10378,
#10379,#10380,#10381,#10382,#10383,#10384,#10385,#10386),
.UNSPECIFIED.,.F.,.F.,
(4,1,1,1,1,1,1,1,1,1,1,1,1,1,1,1,1,1,1,1,1,1,1,1,1,1,1,1,1,1,1,1,1,1,1,1,1,1,1,1,
1,1,1,1,1,1,1,1,1,1,1,1,1,1,1,1,1,1,1,1,1,1,1,1,1,4),
(0.,0.0156109887296056,0.0312002194968651,0.0365928291959978,0.046744216499004,0.067163686778194,
0.0951647981757873,0.110169836748982,0.130906427642513,0.169640237202366,0.18539868068223,
0.210463266349397,0.248639946543531,0.263515564895796,0.283982564099854,0.314869171255838,
0.343657925557895,0.345902925677522,0.374965824400449,0.401932682280615,0.423726052206739,
0.424871413048485,0.442462633371604,0.457766190728836,0.472690033788349,0.48648468666779,
0.499524147514155,0.506696982332274,0.515186182951084,0.530156602493057,0.544439496292438,
0.558123576136187,0.571892113603741,0.585733805918683,0.588770889152222,0.599725388424549,
0.613770751475011,0.627873387043255,0.642046011075239,0.656626896398628,0.670689415733685,
0.671603533103843,0.683833686693637,0.696463776620829,0.717908945401975,0.747865291595938,
0.752075578341978,0.779927701876817,0.80571551979455,0.823225056781551,0.832597635698885,
0.838809756040996,0.852148532476328,0.86515962826551,0.881518121261293,0.897651698473527,
0.911488754901519,0.913545470428065,0.925625742305131,0.937799681529606,0.950118633797282,
0.962489666713992,0.974960677681994,0.975197672890305,0.987472104275622,1.),
.UNSPECIFIED.);
#7935=VERTEX_POINT('',#10387);
#7936=CIRCLE('',#10388,6.24999999999994);
#7937=LINE('',#10392,#10393);
#7938=VERTEX_POINT('',#10395);
#7939=B_SPLINE_CURVE_WITH_KNOTS('',3,
(#10396,#10397,#10398,#10399,#10400,#10401,#10402,#10403,#10404,#10405,#10406,#10407,
#10408,#10409,#10410,#10411,#10412,#10413,#10414,#10415,#10416,#10417,#10418,#10419,
#10420,#10421,#10422,#10423,#10424,#10425,#10426,#10427,#10428,#10429,#10430,#10431,
#10432,#10433,#10434,#10435,#10436,#10437,#10438,#10439,#10440),
.UNSPECIFIED.,.F.,.F.,
(4,1,1,1,1,1,1,1,1,1,1,1,1,1,1,1,1,1,1,1,1,1,1,1,1,1,1,1,1,1,1,1,1,1,1,1,1,1,1,1,
1,1,4),
(0.,0.0207129365219333,0.0413697897376003,0.0488940992770028,0.0619462382708311,
0.0889506849154843,0.125943325428673,0.14709481158466,0.173061848266359,0.223963162258888,
0.246919647831591,0.27732177851299,0.327007386579714,0.349237892081959,0.372840113623673,
0.433095793797353,0.452926128186552,0.515006909325844,0.557200129838998,0.597610987818526,
0.660484017046925,0.661552274105074,0.698874441244497,0.733808271505668,0.761267589669433,
0.765470701476227,0.784734758389711,0.803685716153294,0.822107998103334,0.84011047243225,
0.858214786316153,0.868530544212018,0.881241034968034,0.903019500188942,0.923556901229583,
0.936708477089349,0.948540464663871,0.958992889742619,0.95992572941467,0.969387961627498,
0.979663290875551,0.989868489828036,1.),
.UNSPECIFIED.);
#7940=LINE('',#10441,#10442);
#7941=LINE('',#10444,#10445);
#7942=VERTEX_POINT('',#10447);
#7943=B_SPLINE_CURVE_WITH_KNOTS('',3,
(#10448,#10449,#10450,#10451,#10452,#10453),
.UNSPECIFIED.,.F.,.F.,
(4,1,1,4),
(0.,0.333333333333333,0.666666666666667,1.),
.UNSPECIFIED.);
#7944=LINE('',#10454,#10455);
#7945=LINE('',#10457,#10458);
#7946=LINE('',#10460,#10461);
#7947=LINE('',#10463,#10464);
#7948=VERTEX_POINT('',#10466);
#7949=LINE('',#10467,#10468);
#7950=VERTEX_POINT('',#10470);
#7951=LINE('',#10471,#10472);
#7952=LINE('',#10474,#10475);
#7953=LINE('',#10477,#10478);
#7954=LINE('',#10480,#10481);
#7955=LINE('',#10483,#10484);
#7956=VERTEX_POINT('',#10486);
#7957=LINE('',#10487,#10488);
#7958=LINE('',#10490,#10491);
#7959=VERTEX_POINT('',#10493);
#7960=LINE('',#10494,#10495);
#7961=LINE('',#10497,#10498);
#7962=VERTEX_POINT('',#10500);
#7963=LINE('',#10501,#10502);
#7964=VERTEX_POINT('',#10504);
#7965=LINE('',#10505,#10506);
#7966=LINE('',#10508,#10509);
#7967=VERTEX_POINT('',#10511);
#7968=CIRCLE('',#10512,4.);
#7969=LINE('',#10516,#10517);
#7970=VERTEX_POINT('',#10519);
#7971=LINE('',#10520,#10521);
#7972=LINE('',#10523,#10524);
#7973=VERTEX_POINT('',#10526);
#7974=CIRCLE('',#10527,4.);
#7975=LINE('',#10531,#10532);
#7976=LINE('',#10534,#10535);
#7977=VERTEX_POINT('',#10537);
#7978=LINE('',#10538,#10539);
#7979=VERTEX_POINT('',#10541);
#7980=LINE('',#10542,#10543);
#7981=LINE('',#10545,#10546);
#7982=VERTEX_POINT('',#10548);
#7983=LINE('',#10549,#10550);
#7984=LINE('',#10552,#10553);
#7985=VERTEX_POINT('',#10555);
#7986=LINE('',#10556,#10557);
#7987=LINE('',#10559,#10560);
#7988=VERTEX_POINT('',#10562);
#7989=LINE('',#10563,#10564);
#7990=LINE('',#10566,#10567);
#7991=VERTEX_POINT('',#10569);
#7992=LINE('',#10570,#10571);
#7993=LINE('',#10573,#10574);
#7994=LINE('',#10576,#10577);
#7995=VERTEX_POINT('',#10579);
#7996=LINE('',#10580,#10581);
#7997=B_SPLINE_CURVE_WITH_KNOTS('',3,
(#10583,#10584,#10585,#10586,#10587,#10588,#10589,#10590,#10591,#10592,#10593,#10594,
#10595,#10596,#10597,#10598,#10599,#10600,#10601,#10602,#10603,#10604,#10605,#10606,
#10607,#10608,#10609,#10610,#10611,#10612,#10613,#10614,#10615,#10616,#10617,#10618,
#10619,#10620,#10621,#10622,#10623,#10624,#10625,#10626,#10627,#10628,#10629,#10630,
#10631,#10632,#10633,#10634,#10635,#10636,#10637,#10638,#10639,#10640,#10641),
.UNSPECIFIED.,.F.,.F.,
(4,1,1,1,1,1,1,1,1,1,1,1,1,1,1,1,1,1,1,1,1,1,1,1,1,1,1,1,1,1,1,1,1,1,1,1,1,1,1,1,
1,1,1,1,1,1,1,1,1,1,1,1,1,1,1,1,4),
(0.,0.0138951291924904,0.0278313006313199,0.0418039732039464,0.0558205736456571,
0.0698578644999289,0.0839171329978901,0.0979812374702721,0.112041601088137,0.126091273126223,
0.140137413639431,0.154184803368683,0.168240000980577,0.182300306605652,0.196376739207366,
0.210465530450992,0.224570563674011,0.238677781579316,0.258529784327553,0.279423066257303,
0.301362446704527,0.326415939206846,0.353011600367138,0.381122247538545,0.403469321372891,
0.426339627712181,0.449757931551301,0.473197959342089,0.496148038780999,0.5185999214038,
0.540061760085099,0.561032543639585,0.581057268049677,0.600617596239329,0.619768226566357,
0.638968766769937,0.658250570655522,0.677566925058998,0.696882788315773,0.716154607810106,
0.735324206339411,0.754430783298232,0.773454248391667,0.792460702939397,0.810778958239042,
0.828418768731297,0.849758497585885,0.869758106732807,0.888422791263408,0.905577840723777,
0.922556071670889,0.939356677719484,0.95169504284091,0.963957048712484,0.976062574970364,
0.9880781463943,1.),
.UNSPECIFIED.);
#7998=VERTEX_POINT('',#10642);
#7999=LINE('',#10643,#10644);
#8000=VERTEX_POINT('',#10646);
#8001=LINE('',#10647,#10648);
#8002=LINE('',#10650,#10651);
#8003=VERTEX_POINT('',#10653);
#8004=LINE('',#10654,#10655);
#8005=VERTEX_POINT('',#10657);
#8006=LINE('',#10658,#10659);
#8007=VERTEX_POINT('',#10661);
#8008=LINE('',#10662,#10663);
#8009=LINE('',#10665,#10666);
#8010=B_SPLINE_CURVE_WITH_KNOTS('',3,
(#10668,#10669,#10670,#10671,#10672,#10673,#10674,#10675,#10676,#10677,#10678,#10679,
#10680,#10681,#10682,#10683,#10684,#10685,#10686,#10687,#10688,#10689,#10690,#10691,
#10692,#10693,#10694,#10695,#10696,#10697,#10698,#10699,#10700,#10701,#10702,#10703,
#10704,#10705,#10706,#10707,#10708,#10709,#10710,#10711,#10712,#10713,#10714,#10715,
#10716,#10717,#10718,#10719,#10720,#10721,#10722,#10723,#10724,#10725,#10726,#10727),
.UNSPECIFIED.,.F.,.F.,
(4,1,1,1,1,1,1,1,1,1,1,1,1,1,1,1,1,1,1,1,1,1,1,1,1,1,1,1,1,1,1,1,1,1,1,1,1,1,1,1,
1,1,1,1,1,1,1,1,1,1,1,1,1,1,1,1,1,4),
(0.,0.0108770426789204,0.0217959415887453,0.0327520999354636,0.0437530815592906,
0.0547751408760286,0.0658194523189189,0.0768684485133037,0.0879133710179747,0.0989476515150079,
0.110390899448197,0.122247507427726,0.134936270542887,0.14804278451011,0.164451651983014,
0.183751009537889,0.214112779156856,0.245270616135891,0.277245717780656,0.305049662214864,
0.329943500666259,0.351937321618992,0.366997913614425,0.381245953018061,0.398390553590188,
0.414798979139433,0.430473886366614,0.445523406649036,0.461126522807026,0.477275716987515,
0.490640437428491,0.504486555404107,0.519772485257132,0.536018770879411,0.559899989205712,
0.587753834208954,0.619594588273356,0.658360466252256,0.696985227634164,0.735518354507275,
0.76074219078297,0.782370521972088,0.805467800301441,0.827184837640207,0.84749417335975,
0.860930680051251,0.873945403875541,0.886125779504603,0.897895230155297,0.909263495071446,
0.920649448369349,0.932049674184313,0.94344983686337,0.954832299541065,0.966192078761639,
0.977504417648452,0.988775481111798,1.),
.UNSPECIFIED.);
#8011=VERTEX_POINT('',#10728);
#8012=VERTEX_POINT('',#10729);
#8013=LINE('',#10730,#10731);
#8014=LINE('',#10733,#10734);
#8015=LINE('',#10736,#10737);
#8016=LINE('',#10739,#10740);
#8017=VERTEX_POINT('',#10742);
#8018=CIRCLE('',#10743,1.7);
#8019=VERTEX_POINT('',#10747);
#8020=VERTEX_POINT('',#10748);
#8021=LINE('',#10749,#10750);
#8022=LINE('',#10752,#10753);
#8023=LINE('',#10755,#10756);
#8024=VERTEX_POINT('',#10758);
#8025=CIRCLE('',#10759,6.);
#8026=CIRCLE('',#10763,6.);
#8027=CIRCLE('',#10767,6.24999999999994);
#8028=VERTEX_POINT('',#10771);
#8029=CIRCLE('',#10772,6.24999999999994);
#8030=CIRCLE('',#10776,6.24999999999994);
#8031=CIRCLE('',#10780,6.24999999999994);
#8032=LINE('',#10784,#10785);
#8033=LINE('',#10787,#10788);
#8034=LINE('',#10790,#10791);
#8035=LINE('',#10793,#10794);
#8036=VERTEX_POINT('',#10796);
#8037=CIRCLE('',#10797,1.7);
#8038=VERTEX_POINT('',#10801);
#8039=VERTEX_POINT('',#10802);
#8040=CIRCLE('',#10803,4.);
#8041=VERTEX_POINT('',#10807);
#8042=LINE('',#10808,#10809);
#8043=VERTEX_POINT('',#10811);
#8044=LINE('',#10812,#10813);
#8045=VERTEX_POINT('',#10815);
#8046=CIRCLE('',#10816,3.);
#8047=VERTEX_POINT('',#10820);
#8048=LINE('',#10821,#10822);
#8049=VERTEX_POINT('',#10824);
#8050=CIRCLE('',#10825,4.);
#8051=VERTEX_POINT('',#10829);
#8052=LINE('',#10830,#10831);
#8053=VERTEX_POINT('',#10833);
#8054=CIRCLE('',#10834,3.);
#8055=LINE('',#10838,#10839);
#8056=VERTEX_POINT('',#10841);
#8057=CIRCLE('',#10842,1.7);
#8058=VERTEX_POINT('',#10846);
#8059=VERTEX_POINT('',#10847);
#8060=CIRCLE('',#10848,4.);
#8061=VERTEX_POINT('',#10852);
#8062=LINE('',#10853,#10854);
#8063=VERTEX_POINT('',#10856);
#8064=CIRCLE('',#10857,4.);
#8065=VERTEX_POINT('',#10861);
#8066=LINE('',#10862,#10863);
#8067=VERTEX_POINT('',#10865);
#8068=LINE('',#10866,#10867);
#8069=VERTEX_POINT('',#10869);
#8070=CIRCLE('',#10870,4.00000000000013);
#8071=LINE('',#10874,#10875);
#8072=VERTEX_POINT('',#10877);
#8073=CIRCLE('',#10878,1.7);
#8074=VERTEX_POINT('',#10882);
#8075=VERTEX_POINT('',#10883);
#8076=CIRCLE('',#10884,4.);
#8077=VERTEX_POINT('',#10888);
#8078=LINE('',#10889,#10890);
#8079=VERTEX_POINT('',#10892);
#8080=LINE('',#10893,#10894);
#8081=VERTEX_POINT('',#10896);
#8082=CIRCLE('',#10897,4.);
#8083=VERTEX_POINT('',#10901);
#8084=LINE('',#10902,#10903);
#8085=VERTEX_POINT('',#10905);
#8086=CIRCLE('',#10906,3.);
#8087=VERTEX_POINT('',#10910);
#8088=LINE('',#10911,#10912);
#8089=VERTEX_POINT('',#10914);
#8090=CIRCLE('',#10915,4.);
#8091=VERTEX_POINT('',#10919);
#8092=LINE('',#10920,#10921);
#8093=VERTEX_POINT('',#10923);
#8094=CIRCLE('',#10924,4.);
#8095=VERTEX_POINT('',#10928);
#8096=LINE('',#10929,#10930);
#8097=VERTEX_POINT('',#10932);
#8098=CIRCLE('',#10933,4.);
#8099=VERTEX_POINT('',#10937);
#8100=LINE('',#10938,#10939);
#8101=VERTEX_POINT('',#10941);
#8102=CIRCLE('',#10942,4.);
#8103=VERTEX_POINT('',#10946);
#8104=LINE('',#10947,#10948);
#8105=VERTEX_POINT('',#10950);
#8106=CIRCLE('',#10951,3.);
#8107=VERTEX_POINT('',#10955);
#8108=LINE('',#10956,#10957);
#8109=VERTEX_POINT('',#10959);
#8110=CIRCLE('',#10960,4.);
#8111=VERTEX_POINT('',#10964);
#8112=LINE('',#10965,#10966);
#8113=VERTEX_POINT('',#10968);
#8114=CIRCLE('',#10969,4.00000000000001);
#8115=LINE('',#10973,#10974);
#8116=VERTEX_POINT('',#10976);
#8117=CIRCLE('',#10977,1.7);
#8118=VERTEX_POINT('',#10981);
#8119=CIRCLE('',#10982,1.7);
#8120=VERTEX_POINT('',#10986);
#8121=CIRCLE('',#10987,1.7);
#8122=LINE('',#10991,#10992);
#8123=LINE('',#10994,#10995);
#8124=LINE('',#10997,#10998);
#8125=VERTEX_POINT('',#11000);
#8126=LINE('',#11001,#11002);
#8127=VERTEX_POINT('',#11004);
#8128=LINE('',#11005,#11006);
#8129=LINE('',#11008,#11009);
#8130=VERTEX_POINT('',#11011);
#8131=LINE('',#11012,#11013);
#8132=VERTEX_POINT('',#11015);
#8133=LINE('',#11016,#11017);
#8134=VERTEX_POINT('',#11019);
#8135=LINE('',#11020,#11021);
#8136=VERTEX_POINT('',#11023);
#8137=LINE('',#11024,#11025);
#8138=LINE('',#11027,#11028);
#8139=LINE('',#11030,#11031);
#8140=LINE('',#11033,#11034);
#8141=VERTEX_POINT('',#11036);
#8142=LINE('',#11037,#11038);
#8143=VERTEX_POINT('',#11040);
#8144=B_SPLINE_CURVE_WITH_KNOTS('',3,
(#11041,#11042,#11043,#11044,#11045,#11046),
.UNSPECIFIED.,.F.,.F.,
(4,1,1,4),
(0.,0.333333333333333,0.666666666666667,1.),
.UNSPECIFIED.);
#8145=LINE('',#11047,#11048);
#8146=VERTEX_POINT('',#11050);
#8147=LINE('',#11051,#11052);
#8148=VERTEX_POINT('',#11054);
#8149=CIRCLE('',#11055,6.24999999999994);
#8150=LINE('',#11059,#11060);
#8151=VERTEX_POINT('',#11062);
#8152=LINE('',#11063,#11064);
#8153=VERTEX_POINT('',#11066);
#8154=LINE('',#11067,#11068);
#8155=VERTEX_POINT('',#11070);
#8156=LINE('',#11071,#11072);
#8157=VERTEX_POINT('',#11074);
#8158=LINE('',#11075,#11076);
#8159=LINE('',#11078,#11079);
#8160=LINE('',#11081,#11082);
#8161=VERTEX_POINT('',#11084);
#8162=LINE('',#11085,#11086);
#8163=LINE('',#11088,#11089);
#8164=LINE('',#11091,#11092);
#8165=VERTEX_POINT('',#11094);
#8166=LINE('',#11095,#11096);
#8167=VERTEX_POINT('',#11098);
#8168=B_SPLINE_CURVE_WITH_KNOTS('',3,
(#11099,#11100,#11101,#11102,#11103,#11104),
.UNSPECIFIED.,.F.,.F.,
(4,1,1,4),
(0.,0.333333333333333,0.666666666666667,1.),
.UNSPECIFIED.);
#8169=LINE('',#11105,#11106);
#8170=LINE('',#11108,#11109);
#8171=LINE('',#11111,#11112);
#8172=VERTEX_POINT('',#11114);
#8173=LINE('',#11115,#11116);
#8174=VERTEX_POINT('',#11118);
#8175=LINE('',#11119,#11120);
#8176=VERTEX_POINT('',#11122);
#8177=LINE('',#11123,#11124);
#8178=LINE('',#11126,#11127);
#8179=VERTEX_POINT('',#11129);
#8180=LINE('',#11130,#11131);
#8181=VERTEX_POINT('',#11133);
#8182=CIRCLE('',#11134,6.);
#8183=VERTEX_POINT('',#11138);
#8184=LINE('',#11139,#11140);
#8185=LINE('',#11142,#11143);
#8186=VERTEX_POINT('',#11145);
#8187=LINE('',#11146,#11147);
#8188=VERTEX_POINT('',#11149);
#8189=LINE('',#11150,#11151);
#8190=LINE('',#11153,#11154);
#8191=VERTEX_POINT('',#11156);
#8192=LINE('',#11157,#11158);
#8193=VERTEX_POINT('',#11160);
#8194=LINE('',#11161,#11162);
#8195=LINE('',#11164,#11165);
#8196=VERTEX_POINT('',#11167);
#8197=LINE('',#11168,#11169);
#8198=VERTEX_POINT('',#11171);
#8199=LINE('',#11172,#11173);
#8200=LINE('',#11175,#11176);
#8201=VERTEX_POINT('',#11178);
#8202=CIRCLE('',#11179,1.7);
#8203=CIRCLE('',#11183,4.);
#8204=VERTEX_POINT('',#11187);
#8205=LINE('',#11188,#11189);
#8206=VERTEX_POINT('',#11191);
#8207=LINE('',#11192,#11193);
#8208=LINE('',#11195,#11196);
#8209=CIRCLE('',#11198,6.);
#8210=VERTEX_POINT('',#11202);
#8211=CIRCLE('',#11203,6.);
#8212=LINE('',#11207,#11208);
#8213=CIRCLE('',#11210,6.24999999999994);
#8214=VERTEX_POINT('',#11214);
#8215=CIRCLE('',#11215,6.24999999999994);
#8216=CIRCLE('',#11219,6.24999999999994);
#8217=CIRCLE('',#11223,6.24999999999994);
#8218=LINE('',#11227,#11228);
#8219=LINE('',#11230,#11231);
#8220=LINE('',#11233,#11234);
#8221=LINE('',#11236,#11237);
#8222=CIRCLE('',#11239,4.);
#8223=CIRCLE('',#11243,4.);
#8224=CIRCLE('',#11247,4.);
#8225=B_SPLINE_CURVE_WITH_KNOTS('',3,
(#11251,#11252,#11253,#11254,#11255,#11256,#11257,#11258,#11259,#11260,#11261,#11262,
#11263,#11264,#11265,#11266,#11267,#11268,#11269,#11270,#11271,#11272,#11273,#11274,
#11275,#11276,#11277,#11278,#11279,#11280,#11281,#11282,#11283,#11284,#11285,#11286,
#11287,#11288,#11289,#11290,#11291,#11292,#11293,#11294,#11295,#11296,#11297,#11298,
#11299,#11300,#11301,#11302,#11303,#11304,#11305,#11306,#11307,#11308,#11309,#11310,
#11311,#11312,#11313,#11314,#11315,#11316,#11317,#11318),
.UNSPECIFIED.,.F.,.F.,
(4,1,1,1,1,1,1,1,1,1,1,1,1,1,1,1,1,1,1,1,1,1,1,1,1,1,1,1,1,1,1,1,1,1,1,1,1,1,1,1,
1,1,1,1,1,1,1,1,1,1,1,1,1,1,1,1,1,1,1,1,1,1,1,1,1,4),
(0.,0.0156109887781171,0.0312002195616294,0.0365928292313209,0.0467442173054312,
0.0671636867782363,0.0951647981705755,0.110169836747972,0.130906427639079,0.169640237198849,
0.185398680679533,0.210463266345901,0.248639946539357,0.263515564895104,0.283982564095861,
0.314869171251044,0.343657925556425,0.34590292567106,0.374965824394652,0.401932682274014,
0.423726052200474,0.424871413047318,0.442462633364853,0.45776619072081,0.472690033780103,
0.4864846866606,0.499524147505189,0.506696982330784,0.515186182943146,0.530156602483618,
0.544439496284951,0.558123576127475,0.571892113596544,0.585733805910071,0.588770889150576,
0.599725388417167,0.613770751465623,0.627873387036379,0.642046011067084,0.656626896392824,
0.67068941573215,0.67160353309813,0.683833686688808,0.696463776615599,0.717908945396152,
0.747865291590386,0.752075578340746,0.779927701872134,0.805715519790339,0.82322505677649,
0.832597635697924,0.838809756036236,0.852148532470526,0.865159628260623,0.881518121257482,
0.897651698469971,0.911488754900564,0.913545470424447,0.92562574230184,0.937799681525639,
0.950118633789913,0.962489666709655,0.974960677677567,0.97519767288874,0.987472104269359,
1.),
.UNSPECIFIED.);
#8226=B_SPLINE_CURVE_WITH_KNOTS('',3,
(#11319,#11320,#11321,#11322,#11323,#11324,#11325,#11326,#11327,#11328,#11329,#11330,
#11331,#11332,#11333,#11334,#11335,#11336,#11337,#11338,#11339,#11340,#11341,#11342,
#11343,#11344,#11345,#11346,#11347,#11348,#11349,#11350,#11351,#11352,#11353,#11354,
#11355,#11356,#11357,#11358,#11359,#11360,#11361,#11362,#11363,#11364,#11365,#11366,
#11367,#11368,#11369,#11370,#11371,#11372,#11373,#11374,#11375,#11376,#11377),
.UNSPECIFIED.,.F.,.F.,
(4,1,1,1,1,1,1,1,1,1,1,1,1,1,1,1,1,1,1,1,1,1,1,1,1,1,1,1,1,1,1,1,1,1,1,1,1,1,1,1,
1,1,1,1,1,1,1,1,1,1,1,1,1,1,1,1,4),
(0.,0.0109453266245391,0.0219374591439464,0.0329713449460088,0.0440554922177311,
0.0551635582360977,0.0662964394957325,0.0774345934366666,0.088567502516575,0.0996872452875477,
0.111214645493528,0.123155707467546,0.135932508952176,0.149130032009947,0.164829404859807,
0.182617624973641,0.209086462588236,0.235544259518671,0.262013673707758,0.279803406050846,
0.295502649259358,0.308690697646076,0.321451676797254,0.333357250009028,0.344834927328231,
0.355879884553466,0.366922388529486,0.379210075272406,0.392748218984366,0.412568823584708,
0.437529010777421,0.461863921107438,0.480524550821986,0.498647859842653,0.528316059996022,
0.565100534913478,0.603733623597131,0.654450281673738,0.704957162140984,0.755284445432729,
0.785333449550787,0.811833775702455,0.831730478600875,0.848562962398488,0.861917089644,
0.874851046581174,0.886951218677471,0.898639026045706,0.909922332810024,0.921220641529611,
0.932531519009234,0.943842627748197,0.955138213730917,0.966413953308415,0.977647623039695,
0.988844570497437,1.),
.UNSPECIFIED.);
#8227=B_SPLINE_CURVE_WITH_KNOTS('',3,
(#11378,#11379,#11380,#11381,#11382,#11383,#11384,#11385,#11386,#11387,#11388,#11389,
#11390,#11391,#11392,#11393,#11394,#11395,#11396,#11397,#11398,#11399,#11400,#11401,
#11402,#11403,#11404,#11405,#11406,#11407,#11408,#11409,#11410,#11411,#11412,#11413,
#11414,#11415,#11416,#11417,#11418,#11419,#11420,#11421,#11422),
.UNSPECIFIED.,.F.,.F.,
(4,1,1,1,1,1,1,1,1,1,1,1,1,1,1,1,1,1,1,1,1,1,1,1,1,1,1,1,1,1,1,1,1,1,1,1,1,1,1,1,
1,1,4),
(0.,0.0207129365431198,0.0413697897955563,0.0488940992660493,0.0619462389477376,
0.0889506850541805,0.125943325530318,0.147094811585422,0.173061848291652,0.223963162264091,
0.246919647831905,0.277321778514287,0.327007386579712,0.349237892081254,0.372840113622752,
0.433095793797584,0.452926128186936,0.515006909325859,0.557200129838894,0.597610987818493,
0.660484017046957,0.661552274105097,0.698874441244516,0.733808271505673,0.76126758966943,
0.765470701476219,0.784734758389708,0.803685716153299,0.822107998103342,0.840110472432256,
0.858214786316162,0.868530544212017,0.881241034968043,0.903019500188951,0.923556901229592,
0.936708477089358,0.948540464663879,0.958992889742625,0.95992572941467,0.969387961627503,
0.979663290875554,0.989868489828037,1.),
.UNSPECIFIED.);
#8228=B_SPLINE_CURVE_WITH_KNOTS('',3,
(#11423,#11424,#11425,#11426,#11427,#11428,#11429,#11430,#11431,#11432,#11433,#11434,
#11435,#11436,#11437,#11438,#11439,#11440,#11441,#11442,#11443,#11444,#11445,#11446,
#11447,#11448,#11449,#11450,#11451,#11452,#11453,#11454,#11455,#11456,#11457,#11458,
#11459,#11460,#11461,#11462,#11463,#11464,#11465,#11466,#11467,#11468,#11469,#11470,
#11471,#11472,#11473,#11474,#11475,#11476,#11477,#11478,#11479,#11480,#11481),
.UNSPECIFIED.,.F.,.F.,
(4,1,1,1,1,1,1,1,1,1,1,1,1,1,1,1,1,1,1,1,1,1,1,1,1,1,1,1,1,1,1,1,1,1,1,1,1,1,1,1,
1,1,1,1,1,1,1,1,1,1,1,1,1,1,1,1,4),
(0.,0.013895129192485,0.0278313006313119,0.0418039732039385,0.0558205736456515,0.0698578644999238,
0.0839171329978885,0.0979812374702716,0.112041601088133,0.126091273126212,0.140137413639418,
0.154184803368666,0.168240000980566,0.182300306605641,0.196376739207359,0.210465530450986,
0.224570563674006,0.238677781579311,0.258529784327552,0.279423066257302,0.301362446704527,
0.326415939206851,0.353011600367144,0.381122247538549,0.403469321372895,0.426339627712181,
0.449757931551302,0.473197959342089,0.496148038781002,0.518599921403803,0.540061760085102,
0.561032543639589,0.58105726804968,0.600617596239328,0.619768226566359,0.638968766769937,
0.658250570655523,0.677566925058997,0.696882788315775,0.716154607810109,0.735324206339413,
0.754430783298235,0.773454248391668,0.792460702939395,0.810778958239039,0.828418768731294,
0.849758497585878,0.869758106732801,0.888422791263403,0.905577840723773,0.922556071670885,
0.939356677719486,0.95169504284091,0.963957048712488,0.976062574970369,0.988078146394304,
1.),
.UNSPECIFIED.);
#8229=VERTEX_POINT('',#11482);
#8230=VERTEX_POINT('',#11483);
#8231=CIRCLE('',#11484,8.);
#8232=VERTEX_POINT('',#11488);
#8233=LINE('',#11489,#11490);
#8234=VERTEX_POINT('',#11492);
#8235=CIRCLE('',#11493,10.);
#8236=VERTEX_POINT('',#11497);
#8237=LINE('',#11498,#11499);
#8238=VERTEX_POINT('',#11501);
#8239=CIRCLE('',#11502,10.);
#8240=VERTEX_POINT('',#11506);
#8241=LINE('',#11507,#11508);
#8242=VERTEX_POINT('',#11510);
#8243=CIRCLE('',#11511,10.);
#8244=VERTEX_POINT('',#11515);
#8245=LINE('',#11516,#11517);
#8246=VERTEX_POINT('',#11519);
#8247=LINE('',#11520,#11521);
#8248=VERTEX_POINT('',#11523);
#8249=CIRCLE('',#11524,8.00000000000001);
#8250=VERTEX_POINT('',#11528);
#8251=LINE('',#11529,#11530);
#8252=VERTEX_POINT('',#11532);
#8253=CIRCLE('',#11533,8.00000000000001);
#8254=VERTEX_POINT('',#11537);
#8255=LINE('',#11538,#11539);
#8256=VERTEX_POINT('',#11541);
#8257=CIRCLE('',#11542,8.);
#8258=VERTEX_POINT('',#11546);
#8259=LINE('',#11547,#11548);
#8260=VERTEX_POINT('',#11550);
#8261=CIRCLE('',#11551,8.);
#8262=VERTEX_POINT('',#11555);
#8263=LINE('',#11556,#11557);
#8264=VERTEX_POINT('',#11559);
#8265=LINE('',#11560,#11561);
#8266=VERTEX_POINT('',#11563);
#8267=CIRCLE('',#11564,10.);
#8268=VERTEX_POINT('',#11568);
#8269=LINE('',#11569,#11570);
#8270=VERTEX_POINT('',#11572);
#8271=CIRCLE('',#11573,10.);
#8272=VERTEX_POINT('',#11577);
#8273=LINE('',#11578,#11579);
#8274=VERTEX_POINT('',#11581);
#8275=CIRCLE('',#11582,10.);
#8276=LINE('',#11586,#11587);
#8277=VERTEX_POINT('',#11589);
#8278=CIRCLE('',#11590,1.7);
#8279=VERTEX_POINT('',#11594);
#8280=CIRCLE('',#11595,1.7);
#8281=VERTEX_POINT('',#11599);
#8282=CIRCLE('',#11600,1.7);
#8283=VERTEX_POINT('',#11604);
#8284=CIRCLE('',#11605,1.7);
#8285=VERTEX_POINT('',#11609);
#8286=CIRCLE('',#11610,1.7);
#8287=VERTEX_POINT('',#11614);
#8288=CIRCLE('',#11615,1.7);
#8289=VERTEX_POINT('',#11619);
#8290=VERTEX_POINT('',#11620);
#8291=LINE('',#11621,#11622);
#8292=VERTEX_POINT('',#11624);
#8293=CIRCLE('',#11625,10.);
#8294=VERTEX_POINT('',#11629);
#8295=LINE('',#11630,#11631);
#8296=VERTEX_POINT('',#11633);
#8297=CIRCLE('',#11634,10.);
#8298=VERTEX_POINT('',#11638);
#8299=LINE('',#11639,#11640);
#8300=VERTEX_POINT('',#11642);
#8301=CIRCLE('',#11643,10.);
#8302=VERTEX_POINT('',#11647);
#8303=LINE('',#11648,#11649);
#8304=VERTEX_POINT('',#11651);
#8305=LINE('',#11652,#11653);
#8306=VERTEX_POINT('',#11655);
#8307=CIRCLE('',#11656,8.);
#8308=VERTEX_POINT('',#11660);
#8309=LINE('',#11661,#11662);
#8310=VERTEX_POINT('',#11664);
#8311=CIRCLE('',#11665,8.);
#8312=VERTEX_POINT('',#11669);
#8313=LINE('',#11670,#11671);
#8314=VERTEX_POINT('',#11673);
#8315=CIRCLE('',#11674,8.);
#8316=VERTEX_POINT('',#11678);
#8317=LINE('',#11679,#11680);
#8318=VERTEX_POINT('',#11682);
#8319=CIRCLE('',#11683,8.);
#8320=VERTEX_POINT('',#11687);
#8321=LINE('',#11688,#11689);
#8322=VERTEX_POINT('',#11691);
#8323=LINE('',#11692,#11693);
#8324=VERTEX_POINT('',#11695);
#8325=CIRCLE('',#11696,10.);
#8326=VERTEX_POINT('',#11700);
#8327=LINE('',#11701,#11702);
#8328=VERTEX_POINT('',#11704);
#8329=CIRCLE('',#11705,10.);
#8330=VERTEX_POINT('',#11709);
#8331=LINE('',#11710,#11711);
#8332=VERTEX_POINT('',#11713);
#8333=CIRCLE('',#11714,10.);
#8334=VERTEX_POINT('',#11718);
#8335=LINE('',#11719,#11720);
#8336=CIRCLE('',#11722,8.);
#8337=VERTEX_POINT('',#11726);
#8338=CIRCLE('',#11727,1.7);
#8339=VERTEX_POINT('',#11731);
#8340=CIRCLE('',#11732,1.7);
#8341=VERTEX_POINT('',#11736);
#8342=CIRCLE('',#11737,1.7);
#8343=VERTEX_POINT('',#11741);
#8344=CIRCLE('',#11742,1.7);
#8345=VERTEX_POINT('',#11746);
#8346=CIRCLE('',#11747,1.7);
#8347=VERTEX_POINT('',#11751);
#8348=CIRCLE('',#11752,1.7);
#8349=LINE('',#11756,#11757);
#8350=LINE('',#11759,#11760);
#8351=LINE('',#11762,#11763);
#8352=LINE('',#11765,#11766);
#8353=LINE('',#11768,#11769);
#8354=LINE('',#11771,#11772);
#8355=LINE('',#11774,#11775);
#8356=LINE('',#11777,#11778);
#8357=LINE('',#11780,#11781);
#8358=LINE('',#11783,#11784);
#8359=LINE('',#11786,#11787);
#8360=LINE('',#11789,#11790);
#8361=LINE('',#11792,#11793);
#8362=LINE('',#11795,#11796);
#8363=LINE('',#11798,#11799);
#8364=LINE('',#11801,#11802);
#8365=LINE('',#11804,#11805);
#8366=LINE('',#11807,#11808);
#8367=LINE('',#11810,#11811);
#8368=LINE('',#11813,#11814);
#8369=LINE('',#11816,#11817);
#8370=LINE('',#11819,#11820);
#8371=LINE('',#11822,#11823);
#8372=LINE('',#11825,#11826);
#8373=CARTESIAN_POINT('',(16.,-30.,-40.));
#8374=CARTESIAN_POINT('',(6.,-30.,-50.));
#8375=AXIS2_PLACEMENT_3D('',#8376,#8377,#8378);
#8376=CARTESIAN_POINT('',(5.99999999999999,-30.,-40.));
#8377=DIRECTION('',(-1.22464679914735E-16,-1.,0.));
#8378=DIRECTION('',(0.,0.,-1.));
#8379=CARTESIAN_POINT('',(16.,-30.,30.));
#8380=CARTESIAN_POINT('',(16.,-30.,30.));
#8381=VECTOR('',#8382,1.);
#8382=DIRECTION('',(-5.07530525542929E-17,0.,-1.));
#8383=CARTESIAN_POINT('',(6.,-30.,40.));
#8384=AXIS2_PLACEMENT_3D('',#8385,#8386,#8387);
#8385=CARTESIAN_POINT('',(5.99999999999999,-30.,30.));
#8386=DIRECTION('',(-1.22464679914735E-16,-1.,0.));
#8387=DIRECTION('',(1.,-1.22464679914735E-16,0.));
#8388=CARTESIAN_POINT('',(-20.,-30.,40.));
#8389=CARTESIAN_POINT('',(-20.,-30.,40.));
#8390=VECTOR('',#8391,1.);
#8391=DIRECTION('',(1.,-4.09928501400058E-16,0.));
#8392=CARTESIAN_POINT('',(-30.,-30.,30.));
#8393=AXIS2_PLACEMENT_3D('',#8394,#8395,#8396);
#8394=CARTESIAN_POINT('',(-20.,-30.,30.));
#8395=DIRECTION('',(-1.22464679914735E-16,-1.,2.73691106313441E-48));
#8396=DIRECTION('',(3.35174937301853E-64,2.73691106313441E-48,1.));
#8397=CARTESIAN_POINT('',(-30.,-30.,-40.));
#8398=CARTESIAN_POINT('',(-30.,-30.,-40.));
#8399=VECTOR('',#8400,1.);
#8400=DIRECTION('',(5.07530525542929E-17,0.,1.));
#8401=CARTESIAN_POINT('',(-20.,-30.,-50.));
#8402=AXIS2_PLACEMENT_3D('',#8403,#8404,#8405);
#8403=CARTESIAN_POINT('',(-20.,-30.,-40.));
#8404=DIRECTION('',(-1.22464679914735E-16,-1.,0.));
#8405=DIRECTION('',(-1.,1.22464679914735E-16,0.));
#8406=CARTESIAN_POINT('',(6.,-30.,-50.));
#8407=VECTOR('',#8408,1.);
#8408=DIRECTION('',(-1.,1.36642833800019E-16,0.));
#8409=CARTESIAN_POINT('',(-22.,-30.,34.3));
#8410=AXIS2_PLACEMENT_3D('',#8411,#8412,#8413);
#8411=CARTESIAN_POINT('',(-22.,-30.,36.));
#8412=DIRECTION('',(1.22464679914735E-16,1.,0.));
#8413=DIRECTION('',(6.12323399573677E-17,-7.49879891330929E-33,-1.));
#8414=CARTESIAN_POINT('',(-8.00000000000001,-30.,34.3));
#8415=AXIS2_PLACEMENT_3D('',#8416,#8417,#8418);
#8416=CARTESIAN_POINT('',(-8.00000000000001,-30.,36.));
#8417=DIRECTION('',(1.22464679914735E-16,1.,0.));
#8418=DIRECTION('',(6.12323399573677E-17,-7.49879891330929E-33,-1.));
#8419=CARTESIAN_POINT('',(5.99999999999999,-30.,34.3));
#8420=AXIS2_PLACEMENT_3D('',#8421,#8422,#8423);
#8421=CARTESIAN_POINT('',(5.99999999999999,-30.,36.));
#8422=DIRECTION('',(1.22464679914735E-16,1.,0.));
#8423=DIRECTION('',(6.12323399573677E-17,-7.49879891330929E-33,-1.));
#8424=CARTESIAN_POINT('',(-22.,-30.,-47.7));
#8425=AXIS2_PLACEMENT_3D('',#8426,#8427,#8428);
#8426=CARTESIAN_POINT('',(-22.,-30.,-46.));
#8427=DIRECTION('',(1.22464679914735E-16,1.,0.));
#8428=DIRECTION('',(6.12323399573677E-17,-7.49879891330929E-33,-1.));
#8429=CARTESIAN_POINT('',(-8.,-30.,-47.7));
#8430=AXIS2_PLACEMENT_3D('',#8431,#8432,#8433);
#8431=CARTESIAN_POINT('',(-8.,-30.,-46.));
#8432=DIRECTION('',(1.22464679914735E-16,1.,0.));
#8433=DIRECTION('',(6.12323399573677E-17,-7.49879891330929E-33,-1.));
#8434=CARTESIAN_POINT('',(6.,-30.,-47.7));
#8435=AXIS2_PLACEMENT_3D('',#8436,#8437,#8438);
#8436=CARTESIAN_POINT('',(6.,-30.,-46.));
#8437=DIRECTION('',(1.22464679914735E-16,1.,0.));
#8438=DIRECTION('',(6.12323399573677E-17,-7.49879891330929E-33,-1.));
#8439=CARTESIAN_POINT('',(7.0000000000005,-30.,10.6243556529818));
#8440=AXIS2_PLACEMENT_3D('',#8441,#8442,#8443);
#8441=CARTESIAN_POINT('',(7.0000000000005,-30.,12.1243556529818));
#8442=DIRECTION('',(1.22464679914735E-16,1.,0.));
#8443=DIRECTION('',(-6.12323399573676E-17,7.49879891330929E-33,-1.));
#8444=CARTESIAN_POINT('',(10.7246222036698,-30.,-10.4990265356067));
#8445=AXIS2_PLACEMENT_3D('',#8446,#8447,#8448);
#8446=CARTESIAN_POINT('',(10.7246222036698,-30.,-8.99902653560666));
#8447=DIRECTION('',(1.22464679914735E-16,1.,0.));
#8448=DIRECTION('',(-6.12323399573676E-17,7.49879891330929E-33,-1.));
#8449=CARTESIAN_POINT('',(5.,-30.,-19.5));
#8450=AXIS2_PLACEMENT_3D('',#8451,#8452,#8453);
#8451=CARTESIAN_POINT('',(5.,-30.,-18.));
#8452=DIRECTION('',(1.22464679914735E-16,1.,0.));
#8453=DIRECTION('',(-6.12323399573676E-17,7.49879891330929E-33,-1.));
#8454=CARTESIAN_POINT('',(-1.07156594925393E-15,-30.,-1.5));
#8455=AXIS2_PLACEMENT_3D('',#8456,#8457,#8458);
#8456=CARTESIAN_POINT('',(-9.79717439317883E-16,-30.,0.));
#8457=DIRECTION('',(1.22464679914735E-16,1.,0.));
#8458=DIRECTION('',(-6.12323399573677E-17,7.49879891330929E-33,-1.));
#8459=CARTESIAN_POINT('',(-10.8999999999995,-30.,9.12435565298181));
#8460=AXIS2_PLACEMENT_3D('',#8461,#8462,#8463);
#8461=CARTESIAN_POINT('',(-12.4999999999995,-30.,9.12435565298181));
#8462=DIRECTION('',(-1.22464679914735E-16,-1.,0.));
#8463=DIRECTION('',(1.,-1.22464679914735E-16,6.12323399573677E-17));
#8464=CARTESIAN_POINT('',(-10.8999999999995,-30.,25.1243556529818));
#8465=AXIS2_PLACEMENT_3D('',#8466,#8467,#8468);
#8466=CARTESIAN_POINT('',(-12.4999999999995,-30.,25.1243556529818));
#8467=DIRECTION('',(-1.22464679914735E-16,-1.,0.));
#8468=DIRECTION('',(1.,-1.22464679914735E-16,6.12323399573677E-17));
#8469=CARTESIAN_POINT('',(-1.04074364218342,-30.,-34.5652766657597));
#8470=AXIS2_PLACEMENT_3D('',#8471,#8472,#8473);
#8471=CARTESIAN_POINT('',(-2.63822109751947,-30.,-35.1467109094133));
#8472=DIRECTION('',(-1.22464679914735E-16,-1.,0.));
#8473=DIRECTION('',(0.939692620785908,-1.15079156022785E-16,0.34202014332567));
#8474=CARTESIAN_POINT('',(-3.09646077478043,-30.,-17.222022662511));
#8475=AXIS2_PLACEMENT_3D('',#8476,#8477,#8478);
#8476=CARTESIAN_POINT('',(-4.69393823011648,-30.,-17.8034569061647));
#8477=DIRECTION('',(-1.22464679914735E-16,-1.,0.));
#8478=DIRECTION('',(0.939692620785909,-1.15079156022785E-16,0.342020143325668));
#8479=CARTESIAN_POINT('',(-12.3275535511348,-30.,-3.55502130323916));
#8480=AXIS2_PLACEMENT_3D('',#8481,#8482,#8483);
#8481=CARTESIAN_POINT('',(-13.9250310064708,-30.,-4.1364555468928));
#8482=DIRECTION('',(-1.22464679914735E-16,-1.,0.));
#8483=DIRECTION('',(0.939692620785909,-1.15079156022785E-16,0.342020143325668));
#8484=CARTESIAN_POINT('',(6.,-22.,-50.));
#8485=CARTESIAN_POINT('',(16.,-22.,-40.));
#8486=AXIS2_PLACEMENT_3D('',#8487,#8488,#8489);
#8487=CARTESIAN_POINT('',(5.99999999999999,-22.,-40.));
#8488=DIRECTION('',(1.22464679914735E-16,1.,0.));
#8489=DIRECTION('',(1.,-1.22464679914735E-16,-1.4210854715202E-15));
#8490=CARTESIAN_POINT('',(-20.,-22.,-50.));
#8491=CARTESIAN_POINT('',(6.,-22.,-50.));
#8492=VECTOR('',#8493,1.);
#8493=DIRECTION('',(-1.,1.36642833800019E-16,0.));
#8494=CARTESIAN_POINT('',(-30.,-22.,-40.));
#8495=AXIS2_PLACEMENT_3D('',#8496,#8497,#8498);
#8496=CARTESIAN_POINT('',(-20.,-22.,-40.));
#8497=DIRECTION('',(1.22464679914735E-16,1.,0.));
#8498=DIRECTION('',(0.,0.,-1.));
#8499=CARTESIAN_POINT('',(-30.,-22.,30.));
#8500=CARTESIAN_POINT('',(-30.,-22.,-40.));
#8501=VECTOR('',#8502,1.);
#8502=DIRECTION('',(5.07530525542929E-17,0.,1.));
#8503=CARTESIAN_POINT('',(-20.,-22.,40.));
#8504=AXIS2_PLACEMENT_3D('',#8505,#8506,#8507);
#8505=CARTESIAN_POINT('',(-20.,-22.,30.));
#8506=DIRECTION('',(1.22464679914735E-16,1.,0.));
#8507=DIRECTION('',(-1.,1.22464679914735E-16,0.));
#8508=CARTESIAN_POINT('',(6.,-22.,40.));
#8509=CARTESIAN_POINT('',(-20.,-22.,40.));
#8510=VECTOR('',#8511,1.);
#8511=DIRECTION('',(1.,-2.73285667600039E-16,0.));
#8512=CARTESIAN_POINT('',(16.,-22.,30.));
#8513=AXIS2_PLACEMENT_3D('',#8514,#8515,#8516);
#8514=CARTESIAN_POINT('',(5.99999999999999,-22.,30.));
#8515=DIRECTION('',(1.22464679914735E-16,1.,0.));
#8516=DIRECTION('',(4.44089209850063E-16,-5.43852429378756E-32,1.));
#8517=CARTESIAN_POINT('',(16.,-22.,30.));
#8518=VECTOR('',#8519,1.);
#8519=DIRECTION('',(-5.07530525542929E-17,0.,-1.));
#8520=CARTESIAN_POINT('',(-8.8999999999995,-22.,25.1243556529818));
#8521=AXIS2_PLACEMENT_3D('',#8522,#8523,#8524);
#8522=CARTESIAN_POINT('',(-12.4999999999995,-22.,25.1243556529818));
#8523=DIRECTION('',(-1.22464679914735E-16,-1.,0.));
#8524=DIRECTION('',(1.,-1.22464679914735E-16,1.22464679914735E-16));
#8525=CARTESIAN_POINT('',(-10.4481683095629,-22.,-2.87098101658782));
#8526=AXIS2_PLACEMENT_3D('',#8527,#8528,#8529);
#8527=CARTESIAN_POINT('',(-13.9250310064708,-22.,-4.1364555468928));
#8528=DIRECTION('',(-1.22464679914735E-16,-1.,0.));
#8529=DIRECTION('',(0.939692620785909,-1.15079156022785E-16,0.342020143325668));
#8530=CARTESIAN_POINT('',(0.838641599388391,-22.,-33.8812363791083));
#8531=AXIS2_PLACEMENT_3D('',#8532,#8533,#8534);
#8532=CARTESIAN_POINT('',(-2.63822109751947,-22.,-35.1467109094133));
#8533=DIRECTION('',(-1.22464679914735E-16,-1.,0.));
#8534=DIRECTION('',(0.939692620785908,-1.15079156022785E-16,0.34202014332567));
#8535=CARTESIAN_POINT('',(-2.44261372469969E-15,-22.,-8.));
#8536=AXIS2_PLACEMENT_3D('',#8537,#8538,#8539);
#8537=CARTESIAN_POINT('',(-1.38528232703623E-15,-22.,0.));
#8538=DIRECTION('',(-1.22464679914735E-16,-1.,0.));
#8539=DIRECTION('',(-6.12323399573677E-17,7.49879891330929E-33,-1.));
#8540=CARTESIAN_POINT('',(10.7246222036698,-22.,-11.2990265356067));
#8541=AXIS2_PLACEMENT_3D('',#8542,#8543,#8544);
#8542=CARTESIAN_POINT('',(10.7246222036698,-22.,-8.99902653560666));
#8543=DIRECTION('',(1.22464679914735E-16,1.,0.));
#8544=DIRECTION('',(-6.12323399573677E-17,7.49879891330929E-33,-1.));
#8545=CARTESIAN_POINT('',(5.,-22.,-20.3));
#8546=AXIS2_PLACEMENT_3D('',#8547,#8548,#8549);
#8547=CARTESIAN_POINT('',(5.,-22.,-18.));
#8548=DIRECTION('',(1.22464679914735E-16,1.,0.));
#8549=DIRECTION('',(-6.12323399573677E-17,7.49879891330929E-33,-1.));
#8550=CARTESIAN_POINT('',(7.0000000000005,-22.,9.82435565298181));
#8551=AXIS2_PLACEMENT_3D('',#8552,#8553,#8554);
#8552=CARTESIAN_POINT('',(7.0000000000005,-22.,12.1243556529818));
#8553=DIRECTION('',(1.22464679914735E-16,1.,0.));
#8554=DIRECTION('',(-6.12323399573677E-17,7.49879891330929E-33,-1.));
#8555=CARTESIAN_POINT('',(6.,-22.,-47.7));
#8556=AXIS2_PLACEMENT_3D('',#8557,#8558,#8559);
#8557=CARTESIAN_POINT('',(6.,-22.,-46.));
#8558=DIRECTION('',(1.22464679914735E-16,1.,0.));
#8559=DIRECTION('',(6.12323399573677E-17,-7.49879891330929E-33,-1.));
#8560=CARTESIAN_POINT('',(-8.,-22.,-47.7));
#8561=AXIS2_PLACEMENT_3D('',#8562,#8563,#8564);
#8562=CARTESIAN_POINT('',(-8.,-22.,-46.));
#8563=DIRECTION('',(1.22464679914735E-16,1.,0.));
#8564=DIRECTION('',(6.12323399573677E-17,-7.49879891330929E-33,-1.));
#8565=CARTESIAN_POINT('',(-22.,-22.,-47.7));
#8566=AXIS2_PLACEMENT_3D('',#8567,#8568,#8569);
#8567=CARTESIAN_POINT('',(-22.,-22.,-46.));
#8568=DIRECTION('',(1.22464679914735E-16,1.,0.));
#8569=DIRECTION('',(6.12323399573677E-17,-7.49879891330929E-33,-1.));
#8570=CARTESIAN_POINT('',(6.,-22.,34.3));
#8571=AXIS2_PLACEMENT_3D('',#8572,#8573,#8574);
#8572=CARTESIAN_POINT('',(5.99999999999999,-22.,36.));
#8573=DIRECTION('',(1.22464679914735E-16,1.,0.));
#8574=DIRECTION('',(6.12323399573677E-17,-7.49879891330929E-33,-1.));
#8575=CARTESIAN_POINT('',(-8.00000000000001,-22.,34.3));
#8576=AXIS2_PLACEMENT_3D('',#8577,#8578,#8579);
#8577=CARTESIAN_POINT('',(-8.,-22.,36.));
#8578=DIRECTION('',(1.22464679914735E-16,1.,0.));
#8579=DIRECTION('',(6.12323399573677E-17,-7.49879891330929E-33,-1.));
#8580=CARTESIAN_POINT('',(-22.,-22.,34.3));
#8581=AXIS2_PLACEMENT_3D('',#8582,#8583,#8584);
#8582=CARTESIAN_POINT('',(-22.,-22.,36.));
#8583=DIRECTION('',(1.22464679914735E-16,1.,0.));
#8584=DIRECTION('',(6.12323399573677E-17,-7.49879891330929E-33,-1.));
#8585=CARTESIAN_POINT('',(-1.21707553320861,-22.,-16.5379823758597));
#8586=AXIS2_PLACEMENT_3D('',#8587,#8588,#8589);
#8587=CARTESIAN_POINT('',(-4.69393823011648,-22.,-17.8034569061647));
#8588=DIRECTION('',(-1.22464679914735E-16,-1.,0.));
#8589=DIRECTION('',(0.939692620785909,-1.15079156022785E-16,0.342020143325668));
#8590=CARTESIAN_POINT('',(-8.8999999999995,-22.,9.12435565298181));
#8591=AXIS2_PLACEMENT_3D('',#8592,#8593,#8594);
#8592=CARTESIAN_POINT('',(-12.4999999999995,-22.,9.12435565298181));
#8593=DIRECTION('',(-1.22464679914735E-16,-1.,0.));
#8594=DIRECTION('',(1.,-1.22464679914735E-16,1.22464679914735E-16));
#8595=CARTESIAN_POINT('',(16.,-30.,-40.));
#8596=VECTOR('',#8597,1.);
#8597=DIRECTION('',(4.44089209850062E-16,1.,0.));
#8598=CARTESIAN_POINT('',(6.,-30.,-50.));
#8599=VECTOR('',#8600,1.);
#8600=DIRECTION('',(2.22044604925031E-16,1.,0.));
#8601=CARTESIAN_POINT('',(16.,-30.,30.));
#8602=VECTOR('',#8603,1.);
#8603=DIRECTION('',(0.,1.,0.));
#8604=CARTESIAN_POINT('',(6.,-30.,40.));
#8605=VECTOR('',#8606,1.);
#8606=DIRECTION('',(2.22044604925031E-16,1.,0.));
#8607=CARTESIAN_POINT('',(-20.,-30.,40.));
#8608=VECTOR('',#8609,1.);
#8609=DIRECTION('',(0.,1.,0.));
#8610=CARTESIAN_POINT('',(-30.,-30.,30.));
#8611=VECTOR('',#8612,1.);
#8612=DIRECTION('',(0.,1.,0.));
#8613=CARTESIAN_POINT('',(-30.,-30.,-40.));
#8614=VECTOR('',#8615,1.);
#8615=DIRECTION('',(0.,1.,0.));
#8616=CARTESIAN_POINT('',(-20.,-30.,-50.));
#8617=VECTOR('',#8618,1.);
#8618=DIRECTION('',(0.,1.,0.));
#8619=CARTESIAN_POINT('',(7.0000000000005,-29.,10.6243556529818));
#8620=AXIS2_PLACEMENT_3D('',#8621,#8622,#8623);
#8621=CARTESIAN_POINT('',(7.0000000000005,-29.,12.1243556529818));
#8622=DIRECTION('',(1.22464679914735E-16,1.,0.));
#8623=DIRECTION('',(-6.12323399573676E-17,7.49879891330929E-33,-1.));
#8624=CARTESIAN_POINT('',(10.7246222036698,-29.,-10.4990265356067));
#8625=AXIS2_PLACEMENT_3D('',#8626,#8627,#8628);
#8626=CARTESIAN_POINT('',(10.7246222036698,-29.,-8.99902653560666));
#8627=DIRECTION('',(1.22464679914735E-16,1.,0.));
#8628=DIRECTION('',(-6.12323399573676E-17,7.49879891330929E-33,-1.));
#8629=CARTESIAN_POINT('',(5.,-29.,-19.5));
#8630=AXIS2_PLACEMENT_3D('',#8631,#8632,#8633);
#8631=CARTESIAN_POINT('',(5.,-29.,-18.));
#8632=DIRECTION('',(1.22464679914735E-16,1.,0.));
#8633=DIRECTION('',(-6.12323399573676E-17,7.49879891330929E-33,-1.));
#8634=CARTESIAN_POINT('',(5.14537349832864E-15,-22.,-1.5));
#8635=AXIS2_PLACEMENT_3D('',#8636,#8637,#8638);
#8636=CARTESIAN_POINT('',(0.,-22.,0.));
#8637=DIRECTION('',(0.,-1.,0.));
#8638=DIRECTION('',(-6.12323399573676E-17,0.,-1.));
#8639=CARTESIAN_POINT('',(-10.8999999999995,-24.,9.12435565298181));
#8640=AXIS2_PLACEMENT_3D('',#8641,#8642,#8643);
#8641=CARTESIAN_POINT('',(-12.4999999999995,-24.,9.12435565298181));
#8642=DIRECTION('',(-1.22464679914735E-16,-1.,0.));
#8643=DIRECTION('',(1.,-1.22464679914735E-16,0.));
#8644=CARTESIAN_POINT('',(-10.8999999999995,-24.,25.1243556529818));
#8645=AXIS2_PLACEMENT_3D('',#8646,#8647,#8648);
#8646=CARTESIAN_POINT('',(-12.4999999999995,-24.,25.1243556529818));
#8647=DIRECTION('',(-1.22464679914735E-16,-1.,0.));
#8648=DIRECTION('',(1.,-1.22464679914735E-16,0.));
#8649=CARTESIAN_POINT('',(-1.04074364218342,-24.,-34.5652766657597));
#8650=AXIS2_PLACEMENT_3D('',#8651,#8652,#8653);
#8651=CARTESIAN_POINT('',(-2.63822109751947,-24.,-35.1467109094133));
#8652=DIRECTION('',(-1.22464679914735E-16,-1.,0.));
#8653=DIRECTION('',(0.939692620785908,-1.15079156022785E-16,0.34202014332567));
#8654=CARTESIAN_POINT('',(-3.09646077478043,-24.,-17.222022662511));
#8655=AXIS2_PLACEMENT_3D('',#8656,#8657,#8658);
#8656=CARTESIAN_POINT('',(-4.69393823011648,-24.,-17.8034569061647));
#8657=DIRECTION('',(-1.22464679914735E-16,-1.,6.16297582203915E-33));
#8658=DIRECTION('',(0.939692620785909,-1.15079156022785E-16,0.342020143325668));
#8659=CARTESIAN_POINT('',(-12.3275535511348,-24.,-3.55502130323916));
#8660=AXIS2_PLACEMENT_3D('',#8661,#8662,#8663);
#8661=CARTESIAN_POINT('',(-13.9250310064708,-24.,-4.1364555468928));
#8662=DIRECTION('',(-1.22464679914735E-16,-1.,0.));
#8663=DIRECTION('',(0.939692620785909,-1.15079156022785E-16,0.342020143325668));
#8664=CARTESIAN_POINT('',(7.0000000000005,-29.,9.82435565298181));
#8665=AXIS2_PLACEMENT_3D('',#8666,#8667,#8668);
#8666=CARTESIAN_POINT('',(7.0000000000005,-29.,12.1243556529818));
#8667=DIRECTION('',(1.22464679914735E-16,1.,0.));
#8668=DIRECTION('',(-6.12323399573677E-17,7.49879891330929E-33,-1.));
#8669=CARTESIAN_POINT('',(5.,-29.,-20.3));
#8670=AXIS2_PLACEMENT_3D('',#8671,#8672,#8673);
#8671=CARTESIAN_POINT('',(5.,-29.,-18.));
#8672=DIRECTION('',(1.22464679914735E-16,1.,0.));
#8673=DIRECTION('',(-6.12323399573677E-17,7.49879891330929E-33,-1.));
#8674=CARTESIAN_POINT('',(10.7246222036698,-29.,-11.2990265356067));
#8675=AXIS2_PLACEMENT_3D('',#8676,#8677,#8678);
#8676=CARTESIAN_POINT('',(10.7246222036698,-29.,-8.99902653560666));
#8677=DIRECTION('',(1.22464679914735E-16,1.,0.));
#8678=DIRECTION('',(-6.12323399573677E-17,7.49879891330929E-33,-1.));
#8679=CARTESIAN_POINT('',(-1.54035121092773E-15,-19.,-5.));
#8680=AXIS2_PLACEMENT_3D('',#8681,#8682,#8683);
#8681=CARTESIAN_POINT('',(0.,-19.,0.));
#8682=DIRECTION('',(0.,-1.,0.));
#8683=DIRECTION('',(-1.83697019872103E-16,0.,-1.));
#8684=CARTESIAN_POINT('',(3.73024468030153E-16,7.59474451833188,2.80565049345582));
#8685=CARTESIAN_POINT('',(3.696932713237E-14,7.59474451833187,-2.80565049345582));
#8686=AXIS2_PLACEMENT_3D('',#8687,#8688,#8689);
#8687=CARTESIAN_POINT('',(0.,7.59474451833188,0.));
#8688=DIRECTION('',(0.,1.,0.));
#8689=DIRECTION('',(4.05741624797134E-16,0.,1.));
#8690=AXIS2_PLACEMENT_3D('',#8691,#8692,#8693);
#8691=CARTESIAN_POINT('',(0.,7.59474451833188,0.));
#8692=DIRECTION('',(0.,1.,0.));
#8693=DIRECTION('',(1.34606038055651E-14,0.,-1.));
#8694=CARTESIAN_POINT('',(-6.89637550316122E-16,-13.1040690682304,5.));
#8695=CARTESIAN_POINT('',(-1.53080849893419E-15,-13.1040690682304,-5.));
#8696=AXIS2_PLACEMENT_3D('',#8697,#8698,#8699);
#8697=CARTESIAN_POINT('',(0.,-13.1040690682304,0.));
#8698=DIRECTION('',(0.,-1.,0.));
#8699=DIRECTION('',(3.06161699786838E-16,0.,1.));
#8700=AXIS2_PLACEMENT_3D('',#8701,#8702,#8703);
#8701=CARTESIAN_POINT('',(0.,-13.1040690682304,0.));
#8702=DIRECTION('',(0.,-1.,0.));
#8703=DIRECTION('',(-1.83697019872103E-16,0.,-1.));
#8704=CARTESIAN_POINT('',(6.36152491131294E-14,10.7758795171944,-4.80836985171797));
#8705=CARTESIAN_POINT('',(3.59504093161434E-14,7.59474451833188,-2.80565049345582));
#8706=VECTOR('',#8707,1.);
#8707=DIRECTION('',(6.82803504400337E-15,0.846258926493719,-0.53277183608905));
#8708=CARTESIAN_POINT('',(1.06777886122953E-15,10.7758795171944,4.80836985171797));
#8709=AXIS2_PLACEMENT_3D('',#8710,#8711,#8712);
#8710=CARTESIAN_POINT('',(0.,10.7758795171944,0.));
#8711=DIRECTION('',(0.,1.,0.));
#8712=DIRECTION('',(1.37055331653946E-14,0.,-1.));
#8713=CARTESIAN_POINT('',(7.63278329429795E-17,7.59474451833188,2.80565049345582));
#8714=VECTOR('',#8715,1.);
#8715=DIRECTION('',(1.29213964066028E-17,0.84625892649372,0.53277183608905));
#8716=AXIS2_PLACEMENT_3D('',#8717,#8718,#8719);
#8717=CARTESIAN_POINT('',(0.,10.7758795171944,0.));
#8718=DIRECTION('',(0.,1.,0.));
#8719=DIRECTION('',(4.05741624797134E-16,0.,1.));
#8720=CARTESIAN_POINT('',(-4.37609233462865E-16,-9.38960397935547,-7.1467011348504));
#8721=CARTESIAN_POINT('',(-1.94272041154483E-15,-9.38960397935547,7.1467011348504));
#8722=AXIS2_PLACEMENT_3D('',#8723,#8724,#8725);
#8723=CARTESIAN_POINT('',(0.,-9.38960397935547,0.));
#8724=DIRECTION('',(0.,-1.,0.));
#8725=DIRECTION('',(-6.12323399573676E-17,0.,-1.));
#8726=CARTESIAN_POINT('',(-5.03471801963192E-15,-9.38960397935547,7.1467011348504));
#8727=CARTESIAN_POINT('',(-3.32687724960414E-15,-11.023520752368,5.00000000039258));
#8728=CARTESIAN_POINT('',(-2.91008359956643E-15,-13.1040690682304,5.));
#8729=CARTESIAN_POINT('',(-4.37609233462865E-16,-9.38960397935547,-7.1467011348504));
#8730=CARTESIAN_POINT('',(-8.92750949248462E-16,-11.023520752368,-5.00000000039258));
#8731=CARTESIAN_POINT('',(-2.14313189850787E-15,-13.1040690682304,-5.));
#8732=AXIS2_PLACEMENT_3D('',#8733,#8734,#8735);
#8733=CARTESIAN_POINT('',(0.,-9.38960397935547,0.));
#8734=DIRECTION('',(0.,-1.,0.));
#8735=DIRECTION('',(-6.12323399573677E-17,0.,1.));
#8736=CARTESIAN_POINT('',(9.,5.,-6.));
#8737=CARTESIAN_POINT('',(9.,5.,6.));
#8738=CARTESIAN_POINT('',(9.,5.,-6.));
#8739=VECTOR('',#8740,1.);
#8740=DIRECTION('',(4.44089209850063E-16,-1.48029736616688E-16,1.));
#8741=CARTESIAN_POINT('',(9.,-5.,6.));
#8742=CARTESIAN_POINT('',(9.,5.,6.));
#8743=VECTOR('',#8744,1.);
#8744=DIRECTION('',(0.,-1.,-1.77635683940025E-16));
#8745=CARTESIAN_POINT('',(9.,-5.,-6.));
#8746=CARTESIAN_POINT('',(9.,-5.,6.));
#8747=VECTOR('',#8748,1.);
#8748=DIRECTION('',(-4.44089209850063E-16,1.48029736616688E-16,-1.));
#8749=CARTESIAN_POINT('',(9.,-5.,-6.));
#8750=VECTOR('',#8751,1.);
#8751=DIRECTION('',(0.,1.,1.77635683940025E-16));
#8752=CARTESIAN_POINT('',(9.,-1.,-1.11803398871574));
#8753=CARTESIAN_POINT('',(9.,-1.,1.11803398871574));
#8754=AXIS2_PLACEMENT_3D('',#8755,#8756,#8757);
#8755=CARTESIAN_POINT('',(9.,0.,-1.65327317884893E-15));
#8756=DIRECTION('',(1.,-1.23259516440783E-32,-1.83697019872103E-16));
#8757=DIRECTION('',(-1.36919674566051E-16,-0.666666666666667,-0.74535599249993));
#8758=CARTESIAN_POINT('',(9.,-1.,1.11803398868158));
#8759=VECTOR('',#8760,1.);
#8760=DIRECTION('',(0.,9.93013661359583E-17,-1.));
#8761=CARTESIAN_POINT('',(17.,-1.,-1.11803398871574));
#8762=CARTESIAN_POINT('',(9.,-1.,-1.11803398871574));
#8763=VECTOR('',#8764,1.);
#8764=DIRECTION('',(1.,0.,-1.66533453693774E-16));
#8765=CARTESIAN_POINT('',(17.,-1.,1.11803398871574));
#8766=CARTESIAN_POINT('',(17.,-1.,1.11803398868158));
#8767=VECTOR('',#8768,1.);
#8768=DIRECTION('',(0.,9.93013661359583E-17,-1.));
#8769=CARTESIAN_POINT('',(9.,-1.,1.11803398871574));
#8770=VECTOR('',#8771,1.);
#8771=DIRECTION('',(1.,0.,-1.94289029309402E-16));
#8772=AXIS2_PLACEMENT_3D('',#8773,#8774,#8775);
#8773=CARTESIAN_POINT('',(17.,0.,-3.12284933782575E-15));
#8774=DIRECTION('',(1.,-1.23259516440783E-32,-1.83697019872103E-16));
#8775=DIRECTION('',(-1.36919674566051E-16,-0.666666666666667,-0.74535599249993));
#8776=CARTESIAN_POINT('',(-1.10218211923262E-15,5.,-6.));
#8777=CARTESIAN_POINT('',(-1.32566906381943E-16,4.99999999975839,-3.49999999945675));
#8778=CARTESIAN_POINT('',(-1.10218211923262E-15,5.,-6.));
#8779=VECTOR('',#8780,1.);
#8780=DIRECTION('',(1.83697019872103E-16,-3.55271367757069E-16,1.));
#8781=CARTESIAN_POINT('',(-16.,4.99999999975839,-3.49999999945674));
#8782=CARTESIAN_POINT('',(-16.,4.99999999975839,-3.49999999945674));
#8783=VECTOR('',#8784,1.);
#8784=DIRECTION('',(1.,0.,-1.94289029309402E-16));
#8785=CARTESIAN_POINT('',(-16.,4.99999999982622,3.49999999936631));
#8786=CARTESIAN_POINT('',(-16.,5.,-3.49999999913459));
#8787=VECTOR('',#8788,1.);
#8788=DIRECTION('',(0.,0.,1.));
#8789=CARTESIAN_POINT('',(4.2862637960978E-16,4.99999999982622,3.49999999936631));
#8790=CARTESIAN_POINT('',(-16.,4.99999999982622,3.49999999936631));
#8791=VECTOR('',#8792,1.);
#8792=DIRECTION('',(1.,0.,-1.94289029309402E-16));
#8793=CARTESIAN_POINT('',(1.10218211923262E-15,5.,6.));
#8794=CARTESIAN_POINT('',(6.42939569393389E-16,5.,3.4999999991346));
#8795=VECTOR('',#8796,1.);
#8796=DIRECTION('',(1.83697019872103E-16,-3.55271367757069E-16,1.));
#8797=CARTESIAN_POINT('',(1.10218211923262E-15,5.,6.));
#8798=VECTOR('',#8799,1.);
#8799=DIRECTION('',(1.,0.,-1.97372982155583E-16));
#8800=CARTESIAN_POINT('',(-1.10218211923262E-15,5.,-6.));
#8801=VECTOR('',#8802,1.);
#8802=DIRECTION('',(1.,0.,-1.97372982155583E-16));
#8803=CARTESIAN_POINT('',(8.26636589424463E-16,-6.96633924850383E-16,6.));
#8804=CARTESIAN_POINT('',(1.10218211923262E-15,5.,6.));
#8805=VECTOR('',#8806,1.);
#8806=DIRECTION('',(-3.94430452610506E-32,-1.,-1.77635683940025E-16));
#8807=CARTESIAN_POINT('',(1.10218211923262E-15,-5.,6.));
#8808=CARTESIAN_POINT('',(1.10218211923262E-15,-5.89438644669237E-16,6.));
#8809=VECTOR('',#8810,1.);
#8810=DIRECTION('',(-3.94430452610506E-32,-1.,-1.77635683940025E-16));
#8811=CARTESIAN_POINT('',(1.10218211923262E-15,-5.,6.));
#8812=VECTOR('',#8813,1.);
#8813=DIRECTION('',(1.,0.,-1.97372982155583E-16));
#8814=CARTESIAN_POINT('',(4.28626379595592E-16,-5.,3.4999999991346));
#8815=CARTESIAN_POINT('',(1.10218211923262E-15,-5.,6.));
#8816=VECTOR('',#8817,1.);
#8817=DIRECTION('',(-1.83697019872103E-16,0.,-1.));
#8818=CARTESIAN_POINT('',(-16.,-5.,3.4999999991346));
#8819=CARTESIAN_POINT('',(-16.,-5.,3.4999999991346));
#8820=VECTOR('',#8821,1.);
#8821=DIRECTION('',(1.,0.,-2.22044604925031E-16));
#8822=CARTESIAN_POINT('',(-16.,-5.00000000015613,-3.49999999892643));
#8823=CARTESIAN_POINT('',(-16.,-5.,3.4999999991346));
#8824=VECTOR('',#8825,1.);
#8825=DIRECTION('',(0.,2.5376526283421E-16,-1.));
#8826=CARTESIAN_POINT('',(-4.28626379582846E-16,-5.00000000015613,-3.49999999892643));
#8827=CARTESIAN_POINT('',(-16.,-5.00000000015613,-3.49999999892643));
#8828=VECTOR('',#8829,1.);
#8829=DIRECTION('',(1.,0.,-1.94289029309402E-16));
#8830=CARTESIAN_POINT('',(-1.10218211923262E-15,-5.,-6.));
#8831=CARTESIAN_POINT('',(-6.42939569393389E-16,-5.,-3.4999999991346));
#8832=VECTOR('',#8833,1.);
#8833=DIRECTION('',(-1.83697019872103E-16,0.,-1.));
#8834=CARTESIAN_POINT('',(-1.10218211923262E-15,-5.,-6.));
#8835=VECTOR('',#8836,1.);
#8836=DIRECTION('',(1.,0.,-1.97372982155583E-16));
#8837=CARTESIAN_POINT('',(-1.27072579927453E-15,1.41827889214416E-15,-6.));
#8838=CARTESIAN_POINT('',(-1.10218211923262E-15,-5.,-6.));
#8839=VECTOR('',#8840,1.);
#8840=DIRECTION('',(3.94430452610506E-32,1.,1.77635683940025E-16));
#8841=CARTESIAN_POINT('',(-1.10218211923262E-15,2.36579548406949E-15,-6.));
#8842=VECTOR('',#8843,1.);
#8843=DIRECTION('',(3.94430452610506E-32,1.,1.77635683940025E-16));
#8844=AXIS2_PLACEMENT_3D('',#8845,#8846,#8847);
#8845=CARTESIAN_POINT('',(4.59242547295677E-17,-1.53080839757969E-17,0.249999998701895));
#8846=DIRECTION('',(1.,1.23259516440783E-32,-1.83697019872103E-16));
#8847=DIRECTION('',(-1.83697019872103E-16,2.86666387799707E-16,-1.));
#8848=AXIS2_PLACEMENT_3D('',#8849,#8850,#8851);
#8849=CARTESIAN_POINT('',(4.59242547295677E-17,-1.53080839757969E-17,0.249999998701895));
#8850=DIRECTION('',(1.,1.23259516440783E-32,-1.83697019872103E-16));
#8851=DIRECTION('',(-1.10218211870328E-16,-0.800000000216118,-0.599999999711843));
#8852=AXIS2_PLACEMENT_3D('',#8853,#8854,#8855);
#8853=CARTESIAN_POINT('',(-16.,-1.53080839757969E-17,0.249999998701898));
#8854=DIRECTION('',(1.,0.,-1.83697019872103E-16));
#8855=DIRECTION('',(-1.10218211870328E-16,-0.800000000216118,-0.599999999711843));
#8856=AXIS2_PLACEMENT_3D('',#8857,#8858,#8859);
#8857=CARTESIAN_POINT('',(-16.,1.53080891254809E-17,-0.249999998701892));
#8858=DIRECTION('',(1.,0.,-1.83697019872103E-16));
#8859=DIRECTION('',(1.10218211896185E-16,0.800000000110547,0.599999999852604));
#8860=AXIS2_PLACEMENT_3D('',#8861,#8862,#8863);
#8861=CARTESIAN_POINT('',(-4.59242547295677E-17,1.53080891254809E-17,-0.249999998701895));
#8862=DIRECTION('',(1.,0.,-1.83697019872103E-16));
#8863=DIRECTION('',(1.10218211896186E-16,0.800000000110547,0.599999999852604));
#8864=AXIS2_PLACEMENT_3D('',#8865,#8866,#8867);
#8865=CARTESIAN_POINT('',(-4.59242547295677E-17,1.53080891254809E-17,-0.249999998701895));
#8866=DIRECTION('',(1.,0.,-1.83697019872103E-16));
#8867=DIRECTION('',(1.83697019872103E-16,-2.15612115032889E-16,1.));
#8868=CARTESIAN_POINT('',(-14.,7.84110002275176E-11,-6.));
#8869=CARTESIAN_POINT('',(-8.,-1.02260226807809E-16,-12.));
#8870=AXIS2_PLACEMENT_3D('',#8871,#8872,#8873);
#8871=CARTESIAN_POINT('',(-8.,7.34788079488411E-16,-5.99999999999999));
#8872=DIRECTION('',(2.17540971751502E-32,1.,1.22464679914735E-16));
#8873=DIRECTION('',(-2.96059473233375E-16,1.22464679914735E-16,-1.));
#8874=CARTESIAN_POINT('',(-3.82547379574401E-16,7.84120721029571E-11,-6.));
#8875=CARTESIAN_POINT('',(-14.,1.0454918454125E-10,-6.));
#8876=VECTOR('',#8877,1.);
#8877=DIRECTION('',(1.,0.,-2.53765262771464E-16));
#8878=CARTESIAN_POINT('',(9.,-6.94379173274559E-16,-6.));
#8879=CARTESIAN_POINT('',(-1.10218211923262E-15,7.34788079488412E-16,-6.));
#8880=VECTOR('',#8881,1.);
#8881=DIRECTION('',(1.,0.,-1.97372982155583E-16));
#8882=CARTESIAN_POINT('',(3.,-1.02260226807809E-16,-12.));
#8883=AXIS2_PLACEMENT_3D('',#8884,#8885,#8886);
#8884=CARTESIAN_POINT('',(3.,7.34788079488411E-16,-6.));
#8885=DIRECTION('',(2.17540971751502E-32,1.,1.22464679914735E-16));
#8886=DIRECTION('',(1.,5.07595600753506E-32,-5.92118946466751E-16));
#8887=CARTESIAN_POINT('',(-8.,1.62296649918854E-15,-12.));
#8888=VECTOR('',#8889,1.);
#8889=DIRECTION('',(1.,0.,-1.61486985400023E-16));
#8890=CARTESIAN_POINT('',(-4.4,0.,-8.));
#8891=AXIS2_PLACEMENT_3D('',#8892,#8893,#8894);
#8892=CARTESIAN_POINT('',(-6.,9.79717439317882E-16,-8.));
#8893=DIRECTION('',(-2.17540971751502E-32,-1.,-1.22464679914735E-16));
#8894=DIRECTION('',(1.,-2.17540971751502E-32,0.));
#8895=CARTESIAN_POINT('',(-14.,-7.,6.));
#8896=CARTESIAN_POINT('',(-8.,-7.,12.));
#8897=AXIS2_PLACEMENT_3D('',#8898,#8899,#8900);
#8898=CARTESIAN_POINT('',(-8.,-7.,6.00000000000001));
#8899=DIRECTION('',(-2.62953635073671E-32,-1.,-1.48029736616688E-16));
#8900=DIRECTION('',(2.96059473233375E-16,-1.48029736616688E-16,1.));
#8901=CARTESIAN_POINT('',(-14.,-7.,-6.));
#8902=CARTESIAN_POINT('',(-14.,-7.,6.));
#8903=VECTOR('',#8904,1.);
#8904=DIRECTION('',(-1.48029736616688E-16,2.22044604925031E-16,-1.));
#8905=CARTESIAN_POINT('',(-8.,-7.,-12.));
#8906=AXIS2_PLACEMENT_3D('',#8907,#8908,#8909);
#8907=CARTESIAN_POINT('',(-8.,-7.,-5.99999999999999));
#8908=DIRECTION('',(-2.62953635073671E-32,-1.,-1.48029736616688E-16));
#8909=DIRECTION('',(-1.,2.45423392735426E-31,-1.48029736616688E-15));
#8910=CARTESIAN_POINT('',(3.,-7.,-12.));
#8911=CARTESIAN_POINT('',(-8.,-7.,-12.));
#8912=VECTOR('',#8913,1.);
#8913=DIRECTION('',(1.,0.,-1.61486985400023E-16));
#8914=CARTESIAN_POINT('',(9.,-7.,-6.));
#8915=AXIS2_PLACEMENT_3D('',#8916,#8917,#8918);
#8916=CARTESIAN_POINT('',(3.,-7.,-6.));
#8917=DIRECTION('',(-2.62953635073671E-32,-1.,-1.48029736616688E-16));
#8918=DIRECTION('',(-1.48029736616687E-16,1.48029736616688E-16,-1.));
#8919=CARTESIAN_POINT('',(9.,-7.,6.));
#8920=CARTESIAN_POINT('',(9.,-7.,6.));
#8921=VECTOR('',#8922,1.);
#8922=DIRECTION('',(-2.96059473233375E-16,7.40148683083438E-17,-1.));
#8923=CARTESIAN_POINT('',(3.,-7.,12.));
#8924=AXIS2_PLACEMENT_3D('',#8925,#8926,#8927);
#8925=CARTESIAN_POINT('',(3.,-7.,6.));
#8926=DIRECTION('',(-2.62953635073671E-32,-1.,-1.48029736616688E-16));
#8927=DIRECTION('',(1.,3.94430452610506E-32,-4.44089209850063E-16));
#8928=CARTESIAN_POINT('',(-8.,-7.,12.));
#8929=VECTOR('',#8930,1.);
#8930=DIRECTION('',(1.,0.,-1.61486985400023E-16));
#8931=CARTESIAN_POINT('',(-4.4,-7.,-8.));
#8932=AXIS2_PLACEMENT_3D('',#8933,#8934,#8935);
#8933=CARTESIAN_POINT('',(-6.,-7.,-7.99999999999999));
#8934=DIRECTION('',(-2.62953635073671E-32,-1.,-1.48029736616688E-16));
#8935=DIRECTION('',(1.,-2.62953635073671E-32,0.));
#8936=CARTESIAN_POINT('',(-4.4,-7.,8.));
#8937=AXIS2_PLACEMENT_3D('',#8938,#8939,#8940);
#8938=CARTESIAN_POINT('',(-6.,-7.,8.));
#8939=DIRECTION('',(2.62953635073671E-32,1.,1.48029736616688E-16));
#8940=DIRECTION('',(1.,-2.62953635073671E-32,0.));
#8941=CARTESIAN_POINT('',(9.,-5.,-6.));
#8942=CARTESIAN_POINT('',(9.,-7.,-6.));
#8943=VECTOR('',#8944,1.);
#8944=DIRECTION('',(0.,1.,0.));
#8945=CARTESIAN_POINT('',(9.,-5.,6.));
#8946=CARTESIAN_POINT('',(9.,-5.,-6.));
#8947=VECTOR('',#8948,1.);
#8948=DIRECTION('',(4.44089209850063E-16,-1.48029736616688E-16,1.));
#8949=CARTESIAN_POINT('',(9.,-5.,6.));
#8950=VECTOR('',#8951,1.);
#8951=DIRECTION('',(0.,-1.,0.));
#8952=CARTESIAN_POINT('',(-8.,-7.,-12.));
#8953=VECTOR('',#8954,1.);
#8954=DIRECTION('',(0.,1.,0.));
#8955=CARTESIAN_POINT('',(3.,-7.,-12.));
#8956=VECTOR('',#8957,1.);
#8957=DIRECTION('',(-6.34413156928661E-17,1.,0.));
#8958=CARTESIAN_POINT('',(-14.,1.45608688595005E-15,6.));
#8959=CARTESIAN_POINT('',(-14.,3.18531963905629E-15,6.00000000000001));
#8960=VECTOR('',#8961,1.);
#8961=DIRECTION('',(0.,-1.,-5.07530525542929E-16));
#8962=CARTESIAN_POINT('',(-14.,-4.99999999995715,3.49999999983799));
#8963=AXIS2_PLACEMENT_3D('',#8964,#8965,#8966);
#8964=CARTESIAN_POINT('',(-14.,8.54630159951108E-16,-0.249999999671282));
#8965=DIRECTION('',(-1.,0.,1.83697019872103E-16));
#8966=DIRECTION('',(1.10218211916315E-16,-0.800000000028365,0.599999999962181));
#8967=CARTESIAN_POINT('',(-14.,-4.99999999987075,-3.49999999967439));
#8968=CARTESIAN_POINT('',(-14.,-5.,-3.49999999950206));
#8969=VECTOR('',#8970,1.);
#8970=DIRECTION('',(0.,0.,1.));
#8971=AXIS2_PLACEMENT_3D('',#8972,#8973,#8974);
#8972=CARTESIAN_POINT('',(-14.,2.0909686889017E-10,0.249999999671286));
#8973=DIRECTION('',(-1.,0.,1.83697019872103E-16));
#8974=DIRECTION('',(-1.83697019872103E-16,1.22464679913099E-16,-1.));
#8975=CARTESIAN_POINT('',(-14.,-7.,-6.));
#8976=VECTOR('',#8977,1.);
#8977=DIRECTION('',(0.,1.,0.));
#8978=CARTESIAN_POINT('',(-4.28626379651146E-16,-4.99999999987075,-3.4999999996744));
#8979=CARTESIAN_POINT('',(-14.,-4.99999999987075,-3.49999999967439));
#8980=VECTOR('',#8981,1.);
#8981=DIRECTION('',(1.,0.,-1.90323947078598E-16));
#8982=AXIS2_PLACEMENT_3D('',#8983,#8984,#8985);
#8983=CARTESIAN_POINT('',(4.59242549076416E-17,2.0909686889017E-10,0.249999999671284));
#8984=DIRECTION('',(-1.,-1.23259516440783E-32,1.83697019872103E-16));
#8985=DIRECTION('',(-1.83697019872103E-16,5.04194691760624E-17,-1.));
#8986=CARTESIAN_POINT('',(-1.10218211923262E-15,-5.,-6.));
#8987=CARTESIAN_POINT('',(-1.10218211923262E-15,-5.,-6.));
#8988=VECTOR('',#8989,1.);
#8989=DIRECTION('',(3.94430452610506E-32,1.,1.77635683940025E-16));
#8990=CARTESIAN_POINT('',(-1.10218211923262E-15,-5.,-6.));
#8991=VECTOR('',#8992,1.);
#8992=DIRECTION('',(1.,0.,-1.97372982155583E-16));
#8993=CARTESIAN_POINT('',(9.,-1.40896279965604E-15,-6.));
#8994=VECTOR('',#8995,1.);
#8995=DIRECTION('',(0.,-1.,-1.77635683940025E-16));
#8996=CARTESIAN_POINT('',(-8.,7.96639400082368E-16,12.));
#8997=CARTESIAN_POINT('',(-8.,2.81792559931209E-15,12.));
#8998=VECTOR('',#8999,1.);
#8999=DIRECTION('',(0.,-1.,-5.07530525542929E-16));
#9000=CARTESIAN_POINT('',(3.,-6.83657966084507E-16,12.));
#9001=CARTESIAN_POINT('',(3.,1.53390340211713E-16,12.));
#9002=VECTOR('',#9003,1.);
#9003=DIRECTION('',(0.,-1.,0.));
#9004=CARTESIAN_POINT('',(-7.99999999999999,-1.46957615897682E-15,12.));
#9005=VECTOR('',#9006,1.);
#9006=DIRECTION('',(1.,0.,-1.61486985400023E-16));
#9007=CARTESIAN_POINT('',(-4.4,0.,8.));
#9008=AXIS2_PLACEMENT_3D('',#9009,#9010,#9011);
#9009=CARTESIAN_POINT('',(-6.,-9.79717439317882E-16,8.));
#9010=DIRECTION('',(2.17540971751502E-32,1.,1.22464679914735E-16));
#9011=DIRECTION('',(1.,-2.17540971751502E-32,0.));
#9012=CARTESIAN_POINT('',(1.10218211923262E-15,-5.,6.));
#9013=CARTESIAN_POINT('',(4.28626379678234E-16,-4.99999999995715,3.49999999983798));
#9014=CARTESIAN_POINT('',(1.10218211923262E-15,-5.,6.));
#9015=VECTOR('',#9016,1.);
#9016=DIRECTION('',(-1.83697019872103E-16,3.55271367848908E-16,-1.));
#9017=CARTESIAN_POINT('',(1.10218211923262E-15,-5.,6.));
#9018=VECTOR('',#9019,1.);
#9019=DIRECTION('',(1.,0.,-1.97372982155583E-16));
#9020=CARTESIAN_POINT('',(-6.42939569460891E-16,-5.,-3.49999999950206));
#9021=VECTOR('',#9022,1.);
#9022=DIRECTION('',(-1.83697019872103E-16,3.55271367809289E-16,-1.));
#9023=CARTESIAN_POINT('',(-14.,-4.99999999995715,3.49999999983799));
#9024=VECTOR('',#9025,1.);
#9025=DIRECTION('',(1.,0.,-1.90323947078598E-16));
#9026=CARTESIAN_POINT('',(8.26636589424463E-16,-1.96277617277985E-16,6.));
#9027=CARTESIAN_POINT('',(1.10218211923262E-15,-8.88178419700125E-16,6.));
#9028=VECTOR('',#9029,1.);
#9029=DIRECTION('',(-3.94430452610506E-32,-1.,-1.77635683940025E-16));
#9030=CARTESIAN_POINT('',(9.,-5.40988833062846E-16,6.));
#9031=CARTESIAN_POINT('',(1.10218211923262E-15,-8.11483249594269E-16,6.));
#9032=VECTOR('',#9033,1.);
#9033=DIRECTION('',(1.,0.,-1.97372982155583E-16));
#9034=CARTESIAN_POINT('',(9.,-5.,6.));
#9035=VECTOR('',#9036,1.);
#9036=DIRECTION('',(0.,1.,1.77635683940025E-16));
#9037=AXIS2_PLACEMENT_3D('',#9038,#9039,#9040);
#9038=CARTESIAN_POINT('',(-8.,-7.34788079488413E-16,6.00000000000001));
#9039=DIRECTION('',(2.17540971751502E-32,1.,1.22464679914735E-16));
#9040=DIRECTION('',(-1.,2.39295068926653E-31,-1.77635683940025E-15));
#9041=AXIS2_PLACEMENT_3D('',#9042,#9043,#9044);
#9042=CARTESIAN_POINT('',(3.,-7.34788079488412E-16,6.));
#9043=DIRECTION('',(2.17540971751502E-32,1.,1.22464679914735E-16));
#9044=DIRECTION('',(1.48029736616688E-16,-1.22464679914735E-16,1.));
#9045=CARTESIAN_POINT('',(-14.,5.9921040231348E-17,6.));
#9046=VECTOR('',#9047,1.);
#9047=DIRECTION('',(1.,0.,-1.90323947078598E-16));
#9048=AXIS2_PLACEMENT_3D('',#9049,#9050,#9051);
#9049=CARTESIAN_POINT('',(-4.59242549076417E-17,8.54630159951108E-16,-0.249999999671285));
#9050=DIRECTION('',(-1.,1.23259516440783E-32,1.83697019872103E-16));
#9051=DIRECTION('',(1.10218211916314E-16,-0.800000000028365,0.599999999962181));
#9052=CARTESIAN_POINT('',(-4.4,4.,-8.));
#9053=AXIS2_PLACEMENT_3D('',#9054,#9055,#9056);
#9054=CARTESIAN_POINT('',(-6.,4.,-8.));
#9055=DIRECTION('',(-2.6295363507367E-32,-1.,1.48029736616688E-16));
#9056=DIRECTION('',(1.,-2.6295363507367E-32,0.));
#9057=CARTESIAN_POINT('',(-4.4,0.,-8.));
#9058=AXIS2_PLACEMENT_3D('',#9059,#9060,#9061);
#9059=CARTESIAN_POINT('',(-6.,9.79717439317882E-16,-8.));
#9060=DIRECTION('',(-2.17540971751502E-32,-1.,-1.22464679914735E-16));
#9061=DIRECTION('',(1.,-2.17540971751502E-32,0.));
#9062=CARTESIAN_POINT('',(-8.,7.,12.));
#9063=CARTESIAN_POINT('',(-14.,7.,6.));
#9064=AXIS2_PLACEMENT_3D('',#9065,#9066,#9067);
#9065=CARTESIAN_POINT('',(-8.,7.,6.));
#9066=DIRECTION('',(2.6295363507367E-32,1.,1.48029736616688E-16));
#9067=DIRECTION('',(-1.,2.6295363507367E-32,3.8924957342356E-48));
#9068=CARTESIAN_POINT('',(3.,7.,12.));
#9069=CARTESIAN_POINT('',(-8.,7.,12.));
#9070=VECTOR('',#9071,1.);
#9071=DIRECTION('',(1.,0.,-3.22973970800046E-16));
#9072=CARTESIAN_POINT('',(9.,7.,6.));
#9073=AXIS2_PLACEMENT_3D('',#9074,#9075,#9076);
#9074=CARTESIAN_POINT('',(3.,7.,6.));
#9075=DIRECTION('',(2.6295363507367E-32,1.,1.48029736616688E-16));
#9076=DIRECTION('',(1.48029736616687E-16,-1.48029736616688E-16,1.));
#9077=CARTESIAN_POINT('',(9.,7.,-6.));
#9078=CARTESIAN_POINT('',(9.,7.,-6.));
#9079=VECTOR('',#9080,1.);
#9080=DIRECTION('',(2.96059473233375E-16,-1.48029736616687E-16,1.));
#9081=CARTESIAN_POINT('',(3.,7.,-12.));
#9082=AXIS2_PLACEMENT_3D('',#9083,#9084,#9085);
#9083=CARTESIAN_POINT('',(3.,7.,-6.));
#9084=DIRECTION('',(2.6295363507367E-32,1.,1.48029736616688E-16));
#9085=DIRECTION('',(1.,1.92832665720692E-31,-1.48029736616688E-15));
#9086=CARTESIAN_POINT('',(-8.,7.,-12.));
#9087=CARTESIAN_POINT('',(-8.,7.,-12.));
#9088=VECTOR('',#9089,1.);
#9089=DIRECTION('',(1.,0.,-1.61486985400023E-16));
#9090=CARTESIAN_POINT('',(-14.,7.,-6.));
#9091=AXIS2_PLACEMENT_3D('',#9092,#9093,#9094);
#9092=CARTESIAN_POINT('',(-8.,7.,-5.99999999999999));
#9093=DIRECTION('',(2.6295363507367E-32,1.,1.48029736616688E-16));
#9094=DIRECTION('',(-2.96059473233375E-16,1.48029736616688E-16,-1.));
#9095=CARTESIAN_POINT('',(-14.,7.,-6.));
#9096=VECTOR('',#9097,1.);
#9097=DIRECTION('',(2.96059473233375E-16,-2.22044604925031E-16,1.));
#9098=CARTESIAN_POINT('',(-4.35455173280957,7.,-10.85));
#9099=CARTESIAN_POINT('',(-2.70910346561913,7.,-8.));
#9100=CARTESIAN_POINT('',(-4.35455173280957,7.,-10.85));
#9101=VECTOR('',#9102,1.);
#9102=DIRECTION('',(0.5,0.,0.866025403784439));
#9103=CARTESIAN_POINT('',(-4.35455173280957,7.,-5.15));
#9104=CARTESIAN_POINT('',(-2.70910346561913,7.,-8.));
#9105=VECTOR('',#9106,1.);
#9106=DIRECTION('',(-0.5,-2.69889499843307E-16,0.866025403784439));
#9107=CARTESIAN_POINT('',(-7.64544826719043,7.,-5.15));
#9108=CARTESIAN_POINT('',(-4.35455173280957,7.,-5.15));
#9109=VECTOR('',#9110,1.);
#9110=DIRECTION('',(-1.,0.,1.07955799937323E-15));
#9111=CARTESIAN_POINT('',(-9.29089653438087,7.,-8.));
#9112=CARTESIAN_POINT('',(-7.64544826719043,7.,-5.15));
#9113=VECTOR('',#9114,1.);
#9114=DIRECTION('',(-0.5,2.69889499843307E-16,-0.866025403784439));
#9115=CARTESIAN_POINT('',(-7.64544826719043,7.,-10.85));
#9116=CARTESIAN_POINT('',(-9.29089653438087,7.,-8.));
#9117=VECTOR('',#9118,1.);
#9118=DIRECTION('',(0.5,2.69889499843307E-16,-0.866025403784439));
#9119=CARTESIAN_POINT('',(-7.64544826719043,7.,-10.85));
#9120=VECTOR('',#9121,1.);
#9121=DIRECTION('',(1.,0.,0.));
#9122=CARTESIAN_POINT('',(-2.70910346561913,7.,8.));
#9123=CARTESIAN_POINT('',(-4.35455173280957,7.,10.85));
#9124=CARTESIAN_POINT('',(-4.35455173280957,7.,10.85));
#9125=VECTOR('',#9126,1.);
#9126=DIRECTION('',(0.5,0.,-0.866025403784438));
#9127=CARTESIAN_POINT('',(-7.64544826719043,7.,10.85));
#9128=CARTESIAN_POINT('',(-7.64544826719043,7.,10.85));
#9129=VECTOR('',#9130,1.);
#9130=DIRECTION('',(1.,0.,-5.39778999686615E-16));
#9131=CARTESIAN_POINT('',(-9.29089653438087,7.,8.));
#9132=CARTESIAN_POINT('',(-9.29089653438087,7.,8.));
#9133=VECTOR('',#9134,1.);
#9134=DIRECTION('',(0.499999999999999,-2.69889499843307E-16,0.866025403784439));
#9135=CARTESIAN_POINT('',(-7.64544826719043,7.,5.15));
#9136=CARTESIAN_POINT('',(-7.64544826719043,7.,5.15));
#9137=VECTOR('',#9138,1.);
#9138=DIRECTION('',(-0.5,-2.69889499843307E-16,0.866025403784439));
#9139=CARTESIAN_POINT('',(-4.35455173280957,7.,5.15));
#9140=CARTESIAN_POINT('',(-4.35455173280957,7.,5.15));
#9141=VECTOR('',#9142,1.);
#9142=DIRECTION('',(-1.,0.,-5.39778999686615E-16));
#9143=CARTESIAN_POINT('',(-2.70910346561913,7.,8.));
#9144=VECTOR('',#9145,1.);
#9145=DIRECTION('',(-0.5,0.,-0.866025403784439));
#9146=CARTESIAN_POINT('',(-7.64544826719043,4.,-10.85));
#9147=CARTESIAN_POINT('',(-4.35455173280957,4.,-10.85));
#9148=CARTESIAN_POINT('',(-7.64544826719043,4.,-10.85));
#9149=VECTOR('',#9150,1.);
#9150=DIRECTION('',(1.,0.,0.));
#9151=CARTESIAN_POINT('',(-9.29089653438087,4.,-8.));
#9152=CARTESIAN_POINT('',(-9.29089653438087,4.,-8.));
#9153=VECTOR('',#9154,1.);
#9154=DIRECTION('',(0.499999999999999,-1.34944749921654E-16,-0.866025403784439));
#9155=CARTESIAN_POINT('',(-7.64544826719043,4.,-5.15));
#9156=CARTESIAN_POINT('',(-7.64544826719043,4.,-5.15));
#9157=VECTOR('',#9158,1.);
#9158=DIRECTION('',(-0.5,-1.34944749921654E-16,-0.866025403784439));
#9159=CARTESIAN_POINT('',(-4.35455173280957,4.,-5.15));
#9160=CARTESIAN_POINT('',(-4.35455173280957,4.,-5.15));
#9161=VECTOR('',#9162,1.);
#9162=DIRECTION('',(-1.,0.,8.09668499529922E-16));
#9163=CARTESIAN_POINT('',(-2.70910346561913,4.,-8.));
#9164=CARTESIAN_POINT('',(-2.70910346561913,4.,-8.));
#9165=VECTOR('',#9166,1.);
#9166=DIRECTION('',(-0.5,1.34944749921654E-16,0.866025403784439));
#9167=CARTESIAN_POINT('',(-4.35455173280957,4.,-10.85));
#9168=VECTOR('',#9169,1.);
#9169=DIRECTION('',(0.5,1.34944749921654E-16,0.866025403784439));
#9170=CARTESIAN_POINT('',(-7.64544826719043,4.,-10.85));
#9171=VECTOR('',#9172,1.);
#9172=DIRECTION('',(0.,1.,0.));
#9173=CARTESIAN_POINT('',(-4.35455173280957,4.,-10.85));
#9174=VECTOR('',#9175,1.);
#9175=DIRECTION('',(0.,1.,0.));
#9176=CARTESIAN_POINT('',(-9.29089653438087,4.,-8.));
#9177=VECTOR('',#9178,1.);
#9178=DIRECTION('',(0.,1.,-5.9211894646675E-16));
#9179=CARTESIAN_POINT('',(-7.64544826719043,4.,-5.15));
#9180=VECTOR('',#9181,1.);
#9181=DIRECTION('',(0.,1.,-2.96059473233375E-16));
#9182=CARTESIAN_POINT('',(-4.35455173280957,4.,-5.15));
#9183=VECTOR('',#9184,1.);
#9184=DIRECTION('',(0.,1.,0.));
#9185=CARTESIAN_POINT('',(-2.70910346561913,4.,-8.));
#9186=VECTOR('',#9187,1.);
#9187=DIRECTION('',(0.,1.,0.));
#9188=CARTESIAN_POINT('',(-8.,6.83657966084507E-16,-12.));
#9189=CARTESIAN_POINT('',(-14.,7.84118991515176E-11,-6.));
#9190=AXIS2_PLACEMENT_3D('',#9191,#9192,#9193);
#9191=CARTESIAN_POINT('',(-8.,7.34788079488411E-16,-6.));
#9192=DIRECTION('',(-2.17540971751502E-32,-1.,-1.22464679914735E-16));
#9193=DIRECTION('',(-1.,-1.45027314501002E-32,2.96059473233375E-16));
#9194=CARTESIAN_POINT('',(3.,6.83657966084507E-16,-12.));
#9195=CARTESIAN_POINT('',(-8.,1.46957615897682E-15,-12.));
#9196=VECTOR('',#9197,1.);
#9197=DIRECTION('',(1.,0.,-1.61486985400023E-16));
#9198=CARTESIAN_POINT('',(9.,6.96994542963807E-11,-6.));
#9199=AXIS2_PLACEMENT_3D('',#9200,#9201,#9202);
#9200=CARTESIAN_POINT('',(3.,7.34788079488411E-16,-6.));
#9201=DIRECTION('',(-2.17540971751502E-32,-1.,-1.22464679914735E-16));
#9202=DIRECTION('',(-1.48029736616687E-16,1.22464679914735E-16,-1.));
#9203=CARTESIAN_POINT('',(-1.27072579927453E-15,1.56823437788868E-10,-6.));
#9204=CARTESIAN_POINT('',(-1.10218211923262E-15,1.04549181444571E-10,-6.));
#9205=VECTOR('',#9206,1.);
#9206=DIRECTION('',(1.,0.,-1.97372982155583E-16));
#9207=CARTESIAN_POINT('',(-14.,1.04549245928335E-10,-6.));
#9208=VECTOR('',#9209,1.);
#9209=DIRECTION('',(1.,0.,-2.53765262771464E-16));
#9210=CARTESIAN_POINT('',(9.,5.,6.));
#9211=CARTESIAN_POINT('',(9.,7.,6.));
#9212=VECTOR('',#9213,1.);
#9213=DIRECTION('',(0.,-1.,0.));
#9214=CARTESIAN_POINT('',(9.,5.,-6.));
#9215=CARTESIAN_POINT('',(9.,5.,6.));
#9216=VECTOR('',#9217,1.);
#9217=DIRECTION('',(-4.44089209850063E-16,7.40148683083438E-17,-1.));
#9218=CARTESIAN_POINT('',(9.,5.,-6.));
#9219=VECTOR('',#9220,1.);
#9220=DIRECTION('',(0.,1.,0.));
#9221=CARTESIAN_POINT('',(-8.,-1.53390340211713E-16,-12.));
#9222=VECTOR('',#9223,1.);
#9223=DIRECTION('',(0.,1.,0.));
#9224=CARTESIAN_POINT('',(3.,-1.53390340211713E-16,-12.));
#9225=VECTOR('',#9226,1.);
#9226=DIRECTION('',(-6.34413156928661E-17,1.,0.));
#9227=CARTESIAN_POINT('',(-14.,1.59925301464873E-15,6.));
#9228=CARTESIAN_POINT('',(-14.,7.,6.));
#9229=VECTOR('',#9230,1.);
#9230=DIRECTION('',(0.,-1.,-1.26882631385732E-16));
#9231=CARTESIAN_POINT('',(-14.,3.67394039744206E-16,-6.));
#9232=VECTOR('',#9233,1.);
#9233=DIRECTION('',(0.,1.,2.53765262771464E-16));
#9234=CARTESIAN_POINT('',(-14.,5.00000000000457,-3.50000000005356));
#9235=AXIS2_PLACEMENT_3D('',#9236,#9237,#9238);
#9236=CARTESIAN_POINT('',(-14.,2.0909686889017E-10,0.249999999671286));
#9237=DIRECTION('',(-1.,0.,1.83697019872103E-16));
#9238=DIRECTION('',(-1.10218211920792E-16,0.800000000010083,-0.599999999986557));
#9239=CARTESIAN_POINT('',(-14.,4.99999999995715,3.49999999983799));
#9240=CARTESIAN_POINT('',(-14.,5.,3.49999999978086));
#9241=VECTOR('',#9242,1.);
#9242=DIRECTION('',(0.,-1.26882631388623E-16,-1.));
#9243=AXIS2_PLACEMENT_3D('',#9244,#9245,#9246);
#9244=CARTESIAN_POINT('',(-14.,8.54630159951108E-16,-0.249999999671282));
#9245=DIRECTION('',(-1.,0.,1.83697019872103E-16));
#9246=DIRECTION('',(1.83697019872103E-16,0.,1.));
#9247=CARTESIAN_POINT('',(-8.,1.02260226807809E-16,12.));
#9248=CARTESIAN_POINT('',(-8.,7.,12.));
#9249=VECTOR('',#9250,1.);
#9250=DIRECTION('',(0.,-1.,0.));
#9251=CARTESIAN_POINT('',(3.,-3.15439397875932E-15,12.));
#9252=CARTESIAN_POINT('',(-8.,-1.62296649918854E-15,12.));
#9253=VECTOR('',#9254,1.);
#9254=DIRECTION('',(1.,0.,-1.61486985400023E-16));
#9255=CARTESIAN_POINT('',(3.,7.,12.));
#9256=VECTOR('',#9257,1.);
#9257=DIRECTION('',(0.,-1.,0.));
#9258=CARTESIAN_POINT('',(-2.70910346561913,4.,8.));
#9259=CARTESIAN_POINT('',(-2.70910346561913,4.,8.));
#9260=VECTOR('',#9261,1.);
#9261=DIRECTION('',(0.,1.,0.));
#9262=CARTESIAN_POINT('',(-4.35455173280957,4.,10.85));
#9263=CARTESIAN_POINT('',(-4.35455173280957,4.,10.85));
#9264=VECTOR('',#9265,1.);
#9265=DIRECTION('',(0.5,1.34944749921654E-16,-0.866025403784439));
#9266=CARTESIAN_POINT('',(-4.35455173280957,4.,10.85));
#9267=VECTOR('',#9268,1.);
#9268=DIRECTION('',(0.,1.,0.));
#9269=CARTESIAN_POINT('',(-7.64544826719043,4.,10.85));
#9270=CARTESIAN_POINT('',(-7.64544826719043,4.,10.85));
#9271=VECTOR('',#9272,1.);
#9272=DIRECTION('',(1.,0.,0.));
#9273=CARTESIAN_POINT('',(-7.64544826719043,4.,10.85));
#9274=VECTOR('',#9275,1.);
#9275=DIRECTION('',(0.,1.,0.));
#9276=CARTESIAN_POINT('',(-9.29089653438087,4.,8.));
#9277=CARTESIAN_POINT('',(-9.29089653438087,4.,8.));
#9278=VECTOR('',#9279,1.);
#9279=DIRECTION('',(0.499999999999999,-1.34944749921654E-16,0.866025403784439));
#9280=CARTESIAN_POINT('',(-9.29089653438087,4.,8.));
#9281=VECTOR('',#9282,1.);
#9282=DIRECTION('',(0.,1.,5.9211894646675E-16));
#9283=CARTESIAN_POINT('',(-7.64544826719043,4.,5.15));
#9284=CARTESIAN_POINT('',(-7.64544826719043,4.,5.15));
#9285=VECTOR('',#9286,1.);
#9286=DIRECTION('',(-0.5,-1.34944749921654E-16,0.866025403784439));
#9287=CARTESIAN_POINT('',(-7.64544826719043,4.,5.15));
#9288=VECTOR('',#9289,1.);
#9289=DIRECTION('',(0.,1.,2.96059473233375E-16));
#9290=CARTESIAN_POINT('',(-4.35455173280957,4.,5.15));
#9291=CARTESIAN_POINT('',(-4.35455173280957,4.,5.15));
#9292=VECTOR('',#9293,1.);
#9293=DIRECTION('',(-1.,0.,-8.09668499529922E-16));
#9294=CARTESIAN_POINT('',(-4.35455173280957,4.,5.15));
#9295=VECTOR('',#9296,1.);
#9296=DIRECTION('',(0.,1.,0.));
#9297=CARTESIAN_POINT('',(-2.70910346561913,4.,8.));
#9298=VECTOR('',#9299,1.);
#9299=DIRECTION('',(-0.5,1.34944749921654E-16,-0.866025403784439));
#9300=CARTESIAN_POINT('',(-1.10218211923262E-15,5.,-6.));
#9301=CARTESIAN_POINT('',(-1.10218211923262E-15,2.09097628101063E-10,-6.));
#9302=VECTOR('',#9303,1.);
#9303=DIRECTION('',(7.88860905254001E-32,1.,1.77635683947454E-16));
#9304=CARTESIAN_POINT('',(9.,5.,-6.));
#9305=VECTOR('',#9306,1.);
#9306=DIRECTION('',(0.,-1.,-1.77635683943739E-16));
#9307=CARTESIAN_POINT('',(-1.10218211923262E-15,5.,-6.));
#9308=VECTOR('',#9309,1.);
#9309=DIRECTION('',(1.,0.,-1.97372982155583E-16));
#9310=CARTESIAN_POINT('',(-4.28626379708506E-16,5.00000000000457,-3.50000000005356));
#9311=AXIS2_PLACEMENT_3D('',#9312,#9313,#9314);
#9312=CARTESIAN_POINT('',(4.59242549076416E-17,2.0909686889017E-10,0.249999999671284));
#9313=DIRECTION('',(-1.,0.,1.83697019872103E-16));
#9314=DIRECTION('',(-1.10218211920792E-16,0.800000000010083,-0.599999999986557));
#9315=CARTESIAN_POINT('',(-14.,5.00000000000457,-3.50000000005356));
#9316=VECTOR('',#9317,1.);
#9317=DIRECTION('',(1.,0.,-1.90323947078598E-16));
#9318=AXIS2_PLACEMENT_3D('',#9319,#9320,#9321);
#9319=CARTESIAN_POINT('',(-8.,-7.34788079488412E-16,6.));
#9320=DIRECTION('',(-2.17540971751502E-32,-1.,-1.22464679914735E-16));
#9321=DIRECTION('',(2.96059473233375E-16,-1.22464679914735E-16,1.));
#9322=CARTESIAN_POINT('',(1.49277040419956E-15,1.94310667688955E-16,6.));
#9323=CARTESIAN_POINT('',(-14.,5.99210402313478E-17,6.));
#9324=VECTOR('',#9325,1.);
#9325=DIRECTION('',(1.,0.,-1.90323947078598E-16));
#9326=CARTESIAN_POINT('',(9.,-1.37803713935907E-15,6.));
#9327=CARTESIAN_POINT('',(1.10218211923262E-15,-2.90698869638349E-16,6.));
#9328=VECTOR('',#9329,1.);
#9329=DIRECTION('',(1.,0.,-1.97372982155583E-16));
#9330=AXIS2_PLACEMENT_3D('',#9331,#9332,#9333);
#9331=CARTESIAN_POINT('',(3.,-7.34788079488412E-16,6.));
#9332=DIRECTION('',(-2.17540971751502E-32,-1.,-1.22464679914735E-16));
#9333=DIRECTION('',(1.,-7.61393401130259E-32,4.44089209850063E-16));
#9334=CARTESIAN_POINT('',(-4.4,0.,8.));
#9335=AXIS2_PLACEMENT_3D('',#9336,#9337,#9338);
#9336=CARTESIAN_POINT('',(-6.,-9.79717439317882E-16,8.));
#9337=DIRECTION('',(2.17540971751502E-32,1.,1.22464679914735E-16));
#9338=DIRECTION('',(1.,-2.17540971751502E-32,0.));
#9339=CARTESIAN_POINT('',(1.10218211923262E-15,5.,6.));
#9340=CARTESIAN_POINT('',(1.10218211923262E-15,5.,6.));
#9341=VECTOR('',#9342,1.);
#9342=DIRECTION('',(-7.88860905221012E-32,-1.,-1.77635683940025E-16));
#9343=CARTESIAN_POINT('',(1.10218211923262E-15,5.,6.));
#9344=VECTOR('',#9345,1.);
#9345=DIRECTION('',(1.,9.86864910777917E-17,-1.97372982155583E-16));
#9346=CARTESIAN_POINT('',(9.,-1.69966166929439E-15,6.));
#9347=VECTOR('',#9348,1.);
#9348=DIRECTION('',(0.,1.,0.));
#9349=CARTESIAN_POINT('',(-1.10218211923262E-15,5.,-6.));
#9350=VECTOR('',#9351,1.);
#9351=DIRECTION('',(1.83697019872103E-16,0.,1.));
#9352=CARTESIAN_POINT('',(1.32566906444859E-16,4.99999999995715,3.49999999983798));
#9353=CARTESIAN_POINT('',(6.42939569512104E-16,5.,3.49999999978085));
#9354=VECTOR('',#9355,1.);
#9355=DIRECTION('',(1.83697019872103E-16,-3.55271367848907E-16,1.));
#9356=CARTESIAN_POINT('',(-14.,4.99999999995715,3.49999999983799));
#9357=VECTOR('',#9358,1.);
#9358=DIRECTION('',(1.,0.,-1.90323947078598E-16));
#9359=AXIS2_PLACEMENT_3D('',#9360,#9361,#9362);
#9360=CARTESIAN_POINT('',(-4.59242549076417E-17,8.54630159951108E-16,-0.249999999671285));
#9361=DIRECTION('',(-1.,0.,1.83697019872103E-16));
#9362=DIRECTION('',(1.83697019872103E-16,3.60639089458861E-16,1.));
#9363=CARTESIAN_POINT('',(-4.4,4.,8.));
#9364=AXIS2_PLACEMENT_3D('',#9365,#9366,#9367);
#9365=CARTESIAN_POINT('',(-6.,4.,8.));
#9366=DIRECTION('',(2.6295363507367E-32,1.,1.48029736616688E-16));
#9367=DIRECTION('',(1.,-2.6295363507367E-32,0.));
#9368=CARTESIAN_POINT('',(14.5,-3.06161699786838E-16,5.));
#9369=AXIS2_PLACEMENT_3D('',#9370,#9371,#9372);
#9370=CARTESIAN_POINT('',(13.5,-3.06161699786838E-16,5.));
#9371=DIRECTION('',(0.,1.,6.12323399573677E-17));
#9372=DIRECTION('',(1.,0.,0.));
#9373=CARTESIAN_POINT('',(14.5,-20.,5.));
#9374=AXIS2_PLACEMENT_3D('',#9375,#9376,#9377);
#9375=CARTESIAN_POINT('',(13.5,-20.,5.));
#9376=DIRECTION('',(0.,1.,6.12323399573677E-17));
#9377=DIRECTION('',(1.,0.,0.));
#9378=CARTESIAN_POINT('',(23.,-1.59204083889156E-15,-6.5));
#9379=AXIS2_PLACEMENT_3D('',#9380,#9381,#9382);
#9380=CARTESIAN_POINT('',(23.,0.,-2.75545529808154E-15));
#9381=DIRECTION('',(1.,0.,6.12323399573677E-17));
#9382=DIRECTION('',(6.12323399573677E-17,-1.22464679914735E-16,-1.));
#9383=CARTESIAN_POINT('',(18.,-7.9602041944578E-16,-6.5));
#9384=AXIS2_PLACEMENT_3D('',#9385,#9386,#9387);
#9385=CARTESIAN_POINT('',(18.,0.,-3.06161699786838E-15));
#9386=DIRECTION('',(1.,0.,6.12323399573677E-17));
#9387=DIRECTION('',(6.12323399573677E-17,0.,-1.));
#9388=CARTESIAN_POINT('',(23.,-4.936,0.797435890840132));
#9389=AXIS2_PLACEMENT_3D('',#9390,#9391,#9392);
#9390=CARTESIAN_POINT('',(23.,-5.,-2.75545529808154E-15));
#9391=DIRECTION('',(1.,0.,6.12323399573677E-17));
#9392=DIRECTION('',(-6.10360819526618E-17,0.0800000000000002,0.996794863550169));
#9393=CARTESIAN_POINT('',(18.,-4.936,0.797435890840132));
#9394=CARTESIAN_POINT('',(11.,-4.936,0.797435890840132));
#9395=CARTESIAN_POINT('',(11.,-4.936,0.797435890840132));
#9396=VECTOR('',#9397,1.);
#9397=DIRECTION('',(1.,0.,4.75809867696496E-17));
#9398=CARTESIAN_POINT('',(11.,-4.936,-0.797435890840137));
#9399=AXIS2_PLACEMENT_3D('',#9400,#9401,#9402);
#9400=CARTESIAN_POINT('',(11.,-5.,-3.49024337756996E-15));
#9401=DIRECTION('',(1.,0.,6.12323399573677E-17));
#9402=DIRECTION('',(-6.10360819526619E-17,0.0800000000000001,0.996794863550169));
#9403=CARTESIAN_POINT('',(18.,-4.936,-0.797435890840137));
#9404=CARTESIAN_POINT('',(11.,-4.936,-0.797435890840139));
#9405=VECTOR('',#9406,1.);
#9406=DIRECTION('',(1.,0.,4.75809867696496E-17));
#9407=AXIS2_PLACEMENT_3D('',#9408,#9409,#9410);
#9408=CARTESIAN_POINT('',(18.,-5.,-3.06161699786838E-15));
#9409=DIRECTION('',(1.,0.,6.12323399573677E-17));
#9410=DIRECTION('',(-6.10360819526619E-17,0.0800000000000001,0.996794863550169));
#9411=CARTESIAN_POINT('',(10.,-4.936,0.797435890840132));
#9412=AXIS2_PLACEMENT_3D('',#9413,#9414,#9415);
#9413=CARTESIAN_POINT('',(10.,-5.,-3.55147571752732E-15));
#9414=DIRECTION('',(1.,0.,6.12323399573677E-17));
#9415=DIRECTION('',(-6.10360819526618E-17,0.0800000000000001,0.996794863550169));
#9416=CARTESIAN_POINT('',(19.,3.59999999976186,2.07846096894516));
#9417=CARTESIAN_POINT('',(19.,3.59999999976186,-2.07846096894517));
#9418=CARTESIAN_POINT('',(19.,3.59999999976186,-2.07846096894517));
#9419=VECTOR('',#9420,1.);
#9420=DIRECTION('',(0.,2.13662520723418E-16,1.));
#9421=CARTESIAN_POINT('',(19.,-6.55870592862445E-17,4.15692193789033));
#9422=CARTESIAN_POINT('',(19.,3.59999999976186,2.07846096894516));
#9423=VECTOR('',#9424,1.);
#9424=DIRECTION('',(0.,-0.866025403784439,0.5));
#9425=CARTESIAN_POINT('',(19.,-3.59999999976186,2.07846096894516));
#9426=CARTESIAN_POINT('',(19.,3.19005477990468E-16,4.15692193789033));
#9427=VECTOR('',#9428,1.);
#9428=DIRECTION('',(0.,-0.866025403784439,-0.5));
#9429=CARTESIAN_POINT('',(19.,-3.59999999976186,-2.07846096894517));
#9430=CARTESIAN_POINT('',(19.,-3.59999999976186,2.07846096894516));
#9431=VECTOR('',#9432,1.);
#9432=DIRECTION('',(0.,-2.13662520723418E-16,-1.));
#9433=CARTESIAN_POINT('',(19.,-5.80667977263832E-17,-4.15692193789033));
#9434=CARTESIAN_POINT('',(19.,-3.59999999976186,-2.07846096894517));
#9435=VECTOR('',#9436,1.);
#9436=DIRECTION('',(0.,0.866025403784439,-0.5));
#9437=CARTESIAN_POINT('',(19.,-5.80667977263832E-17,-4.15692193789033));
#9438=VECTOR('',#9439,1.);
#9439=DIRECTION('',(0.,0.866025403784439,0.5));
#9440=CARTESIAN_POINT('',(19.,-1.,1.11803398871574));
#9441=CARTESIAN_POINT('',(19.,-1.,-1.11803398871574));
#9442=AXIS2_PLACEMENT_3D('',#9443,#9444,#9445);
#9443=CARTESIAN_POINT('',(19.,0.,-3.00038465791101E-15));
#9444=DIRECTION('',(1.,6.16297582203916E-33,6.12323399573677E-17));
#9445=DIRECTION('',(4.56398915220169E-17,-0.666666666666667,-0.74535599249993));
#9446=CARTESIAN_POINT('',(19.,-1.,1.11803398868158));
#9447=VECTOR('',#9448,1.);
#9448=DIRECTION('',(0.,9.93013661359582E-17,-1.));
#9449=CARTESIAN_POINT('',(23.,3.59999999976186,2.07846096894516));
#9450=CARTESIAN_POINT('',(19.,3.59999999976186,2.07846096894516));
#9451=VECTOR('',#9452,1.);
#9452=DIRECTION('',(1.,0.,0.));
#9453=CARTESIAN_POINT('',(23.,-6.55870592862445E-17,4.15692193789033));
#9454=CARTESIAN_POINT('',(23.,3.59999999976186,2.07846096894516));
#9455=VECTOR('',#9456,1.);
#9456=DIRECTION('',(0.,-0.866025403784439,0.5));
#9457=CARTESIAN_POINT('',(19.,-3.27935296431223E-17,4.15692193789033));
#9458=VECTOR('',#9459,1.);
#9459=DIRECTION('',(1.,0.,2.22044604925031E-16));
#9460=CARTESIAN_POINT('',(23.,-3.59999999976186,2.07846096894516));
#9461=CARTESIAN_POINT('',(23.,-6.55870592862444E-17,4.15692193789033));
#9462=VECTOR('',#9463,1.);
#9463=DIRECTION('',(0.,-0.866025403784439,-0.5));
#9464=CARTESIAN_POINT('',(19.,-3.59999999976186,2.07846096894516));
#9465=VECTOR('',#9466,1.);
#9466=DIRECTION('',(1.,0.,2.22044604925031E-16));
#9467=CARTESIAN_POINT('',(23.,-3.59999999976186,-2.07846096894517));
#9468=CARTESIAN_POINT('',(23.,-3.59999999976186,2.07846096894516));
#9469=VECTOR('',#9470,1.);
#9470=DIRECTION('',(0.,-3.20493781085128E-16,-1.));
#9471=CARTESIAN_POINT('',(19.,-3.59999999976186,-2.07846096894517));
#9472=VECTOR('',#9473,1.);
#9473=DIRECTION('',(1.,0.,0.));
#9474=CARTESIAN_POINT('',(23.,-5.80667977263832E-17,-4.15692193789033));
#9475=CARTESIAN_POINT('',(23.,-3.59999999976186,-2.07846096894517));
#9476=VECTOR('',#9477,1.);
#9477=DIRECTION('',(0.,0.866025403784439,-0.5));
#9478=CARTESIAN_POINT('',(19.,-2.90333988631916E-17,-4.15692193789033));
#9479=VECTOR('',#9480,1.);
#9480=DIRECTION('',(1.,0.,0.));
#9481=CARTESIAN_POINT('',(23.,3.59999999976186,-2.07846096894517));
#9482=CARTESIAN_POINT('',(23.,-4.42659335003096E-16,-4.15692193789033));
#9483=VECTOR('',#9484,1.);
#9484=DIRECTION('',(0.,0.866025403784439,0.5));
#9485=CARTESIAN_POINT('',(19.,3.59999999976186,-2.07846096894517));
#9486=VECTOR('',#9487,1.);
#9487=DIRECTION('',(1.,-1.11022302462516E-16,1.11022302462516E-16));
#9488=CARTESIAN_POINT('',(23.,3.59999999976186,-2.07846096894517));
#9489=VECTOR('',#9490,1.);
#9490=DIRECTION('',(0.,3.20493781085128E-16,1.));
#9491=AXIS2_PLACEMENT_3D('',#9492,#9493,#9494);
#9492=CARTESIAN_POINT('',(18.,0.,-3.06161699786838E-15));
#9493=DIRECTION('',(1.,0.,6.12323399573677E-17));
#9494=DIRECTION('',(9.76577311242586E-18,-0.9872,-0.159487178168027));
#9495=CARTESIAN_POINT('',(11.,-7.9602041944578E-16,-6.5));
#9496=AXIS2_PLACEMENT_3D('',#9497,#9498,#9499);
#9497=CARTESIAN_POINT('',(11.,0.,-3.49024337756996E-15));
#9498=DIRECTION('',(1.,0.,6.12323399573677E-17));
#9499=DIRECTION('',(6.12323399573677E-17,0.,-1.));
#9500=AXIS2_PLACEMENT_3D('',#9501,#9502,#9503);
#9501=CARTESIAN_POINT('',(11.,0.,-3.49024337756996E-15));
#9502=DIRECTION('',(1.,0.,6.12323399573677E-17));
#9503=DIRECTION('',(9.76577311242586E-18,-0.9872,-0.159487178168027));
#9504=CARTESIAN_POINT('',(10.,-7.9602041944578E-16,-6.5));
#9505=AXIS2_PLACEMENT_3D('',#9506,#9507,#9508);
#9506=CARTESIAN_POINT('',(10.,0.,-3.55147571752732E-15));
#9507=DIRECTION('',(1.,0.,6.12323399573677E-17));
#9508=DIRECTION('',(6.12323399573677E-17,0.,-1.));
#9509=CARTESIAN_POINT('',(10.,-1.,-1.11803398871574));
#9510=CARTESIAN_POINT('',(10.,-1.,1.11803398871574));
#9511=AXIS2_PLACEMENT_3D('',#9512,#9513,#9514);
#9512=CARTESIAN_POINT('',(10.,0.,-3.55147571752732E-15));
#9513=DIRECTION('',(1.,6.16297582203916E-33,6.12323399573677E-17));
#9514=DIRECTION('',(4.56398915220169E-17,-0.666666666666667,-0.74535599249993));
#9515=CARTESIAN_POINT('',(10.,-1.,1.11803398868158));
#9516=VECTOR('',#9517,1.);
#9517=DIRECTION('',(0.,9.93013661359582E-17,-1.));
#9518=CARTESIAN_POINT('',(10.,-1.,1.11803398871574));
#9519=VECTOR('',#9520,1.);
#9520=DIRECTION('',(1.,0.,4.93432455388958E-17));
#9521=CARTESIAN_POINT('',(10.,-1.,-1.11803398871574));
#9522=VECTOR('',#9523,1.);
#9523=DIRECTION('',(1.,0.,4.93432455388958E-17));
#9524=CARTESIAN_POINT('',(9.,5.,-6.));
#9525=CARTESIAN_POINT('',(9.,5.,6.));
#9526=CARTESIAN_POINT('',(9.,5.,-6.));
#9527=VECTOR('',#9528,1.);
#9528=DIRECTION('',(4.44089209850063E-16,-1.48029736616688E-16,1.));
#9529=CARTESIAN_POINT('',(9.,-5.,6.));
#9530=CARTESIAN_POINT('',(9.,5.,6.));
#9531=VECTOR('',#9532,1.);
#9532=DIRECTION('',(0.,-1.,-1.77635683940025E-16));
#9533=CARTESIAN_POINT('',(9.,-5.,-6.));
#9534=CARTESIAN_POINT('',(9.,-5.,6.));
#9535=VECTOR('',#9536,1.);
#9536=DIRECTION('',(-4.44089209850063E-16,1.48029736616688E-16,-1.));
#9537=CARTESIAN_POINT('',(9.,-5.,-6.));
#9538=VECTOR('',#9539,1.);
#9539=DIRECTION('',(0.,1.,1.77635683940025E-16));
#9540=CARTESIAN_POINT('',(9.,-1.,-1.11803398871574));
#9541=CARTESIAN_POINT('',(9.,-1.,1.11803398871574));
#9542=AXIS2_PLACEMENT_3D('',#9543,#9544,#9545);
#9543=CARTESIAN_POINT('',(9.,0.,-1.65327317884893E-15));
#9544=DIRECTION('',(1.,-1.23259516440783E-32,-1.83697019872103E-16));
#9545=DIRECTION('',(-1.36919674566051E-16,-0.666666666666667,-0.74535599249993));
#9546=CARTESIAN_POINT('',(9.,-1.,1.11803398868158));
#9547=VECTOR('',#9548,1.);
#9548=DIRECTION('',(0.,9.93013661359583E-17,-1.));
#9549=CARTESIAN_POINT('',(17.,-1.,-1.11803398871574));
#9550=CARTESIAN_POINT('',(9.,-1.,-1.11803398871574));
#9551=VECTOR('',#9552,1.);
#9552=DIRECTION('',(1.,0.,-1.66533453693774E-16));
#9553=CARTESIAN_POINT('',(17.,-1.,1.11803398871574));
#9554=CARTESIAN_POINT('',(17.,-1.,1.11803398868158));
#9555=VECTOR('',#9556,1.);
#9556=DIRECTION('',(0.,9.93013661359583E-17,-1.));
#9557=CARTESIAN_POINT('',(9.,-1.,1.11803398871574));
#9558=VECTOR('',#9559,1.);
#9559=DIRECTION('',(1.,0.,-1.94289029309402E-16));
#9560=AXIS2_PLACEMENT_3D('',#9561,#9562,#9563);
#9561=CARTESIAN_POINT('',(17.,0.,-3.12284933782575E-15));
#9562=DIRECTION('',(1.,-1.23259516440783E-32,-1.83697019872103E-16));
#9563=DIRECTION('',(-1.36919674566051E-16,-0.666666666666667,-0.74535599249993));
#9564=CARTESIAN_POINT('',(-1.10218211923262E-15,5.,-6.));
#9565=CARTESIAN_POINT('',(-1.32566906381943E-16,4.99999999975839,-3.49999999945675));
#9566=CARTESIAN_POINT('',(-1.10218211923262E-15,5.,-6.));
#9567=VECTOR('',#9568,1.);
#9568=DIRECTION('',(1.83697019872103E-16,-3.55271367757069E-16,1.));
#9569=CARTESIAN_POINT('',(-16.,4.99999999975839,-3.49999999945674));
#9570=CARTESIAN_POINT('',(-16.,4.99999999975839,-3.49999999945674));
#9571=VECTOR('',#9572,1.);
#9572=DIRECTION('',(1.,0.,-1.94289029309402E-16));
#9573=CARTESIAN_POINT('',(-16.,4.99999999982622,3.49999999936631));
#9574=CARTESIAN_POINT('',(-16.,5.,-3.49999999913459));
#9575=VECTOR('',#9576,1.);
#9576=DIRECTION('',(0.,0.,1.));
#9577=CARTESIAN_POINT('',(4.2862637960978E-16,4.99999999982622,3.49999999936631));
#9578=CARTESIAN_POINT('',(-16.,4.99999999982622,3.49999999936631));
#9579=VECTOR('',#9580,1.);
#9580=DIRECTION('',(1.,0.,-1.94289029309402E-16));
#9581=CARTESIAN_POINT('',(1.10218211923262E-15,5.,6.));
#9582=CARTESIAN_POINT('',(6.42939569393389E-16,5.,3.4999999991346));
#9583=VECTOR('',#9584,1.);
#9584=DIRECTION('',(1.83697019872103E-16,-3.55271367757069E-16,1.));
#9585=CARTESIAN_POINT('',(1.10218211923262E-15,5.,6.));
#9586=VECTOR('',#9587,1.);
#9587=DIRECTION('',(1.,0.,-1.97372982155583E-16));
#9588=CARTESIAN_POINT('',(-1.10218211923262E-15,5.,-6.));
#9589=VECTOR('',#9590,1.);
#9590=DIRECTION('',(1.,0.,-1.97372982155583E-16));
#9591=CARTESIAN_POINT('',(8.26636589424463E-16,-6.96633924850383E-16,6.));
#9592=CARTESIAN_POINT('',(1.10218211923262E-15,5.,6.));
#9593=VECTOR('',#9594,1.);
#9594=DIRECTION('',(-3.94430452610506E-32,-1.,-1.77635683940025E-16));
#9595=CARTESIAN_POINT('',(1.10218211923262E-15,-5.,6.));
#9596=CARTESIAN_POINT('',(1.10218211923262E-15,-5.89438644669237E-16,6.));
#9597=VECTOR('',#9598,1.);
#9598=DIRECTION('',(-3.94430452610506E-32,-1.,-1.77635683940025E-16));
#9599=CARTESIAN_POINT('',(1.10218211923262E-15,-5.,6.));
#9600=VECTOR('',#9601,1.);
#9601=DIRECTION('',(1.,0.,-1.97372982155583E-16));
#9602=CARTESIAN_POINT('',(4.28626379595592E-16,-5.,3.4999999991346));
#9603=CARTESIAN_POINT('',(1.10218211923262E-15,-5.,6.));
#9604=VECTOR('',#9605,1.);
#9605=DIRECTION('',(-1.83697019872103E-16,0.,-1.));
#9606=CARTESIAN_POINT('',(-16.,-5.,3.4999999991346));
#9607=CARTESIAN_POINT('',(-16.,-5.,3.4999999991346));
#9608=VECTOR('',#9609,1.);
#9609=DIRECTION('',(1.,0.,-2.22044604925031E-16));
#9610=CARTESIAN_POINT('',(-16.,-5.00000000015613,-3.49999999892643));
#9611=CARTESIAN_POINT('',(-16.,-5.,3.4999999991346));
#9612=VECTOR('',#9613,1.);
#9613=DIRECTION('',(0.,2.5376526283421E-16,-1.));
#9614=CARTESIAN_POINT('',(-4.28626379582846E-16,-5.00000000015613,-3.49999999892643));
#9615=CARTESIAN_POINT('',(-16.,-5.00000000015613,-3.49999999892643));
#9616=VECTOR('',#9617,1.);
#9617=DIRECTION('',(1.,0.,-1.94289029309402E-16));
#9618=CARTESIAN_POINT('',(-1.10218211923262E-15,-5.,-6.));
#9619=CARTESIAN_POINT('',(-6.42939569393389E-16,-5.,-3.4999999991346));
#9620=VECTOR('',#9621,1.);
#9621=DIRECTION('',(-1.83697019872103E-16,0.,-1.));
#9622=CARTESIAN_POINT('',(-1.10218211923262E-15,-5.,-6.));
#9623=VECTOR('',#9624,1.);
#9624=DIRECTION('',(1.,0.,-1.97372982155583E-16));
#9625=CARTESIAN_POINT('',(-1.27072579927453E-15,1.41827889214416E-15,-6.));
#9626=CARTESIAN_POINT('',(-1.10218211923262E-15,-5.,-6.));
#9627=VECTOR('',#9628,1.);
#9628=DIRECTION('',(3.94430452610506E-32,1.,1.77635683940025E-16));
#9629=CARTESIAN_POINT('',(-1.10218211923262E-15,2.36579548406949E-15,-6.));
#9630=VECTOR('',#9631,1.);
#9631=DIRECTION('',(3.94430452610506E-32,1.,1.77635683940025E-16));
#9632=AXIS2_PLACEMENT_3D('',#9633,#9634,#9635);
#9633=CARTESIAN_POINT('',(4.59242547295677E-17,-1.53080839757969E-17,0.249999998701895));
#9634=DIRECTION('',(1.,1.23259516440783E-32,-1.83697019872103E-16));
#9635=DIRECTION('',(-1.83697019872103E-16,2.86666387799707E-16,-1.));
#9636=AXIS2_PLACEMENT_3D('',#9637,#9638,#9639);
#9637=CARTESIAN_POINT('',(4.59242547295677E-17,-1.53080839757969E-17,0.249999998701895));
#9638=DIRECTION('',(1.,1.23259516440783E-32,-1.83697019872103E-16));
#9639=DIRECTION('',(-1.10218211870328E-16,-0.800000000216118,-0.599999999711843));
#9640=AXIS2_PLACEMENT_3D('',#9641,#9642,#9643);
#9641=CARTESIAN_POINT('',(-16.,-1.53080839757969E-17,0.249999998701898));
#9642=DIRECTION('',(1.,0.,-1.83697019872103E-16));
#9643=DIRECTION('',(-1.10218211870328E-16,-0.800000000216118,-0.599999999711843));
#9644=AXIS2_PLACEMENT_3D('',#9645,#9646,#9647);
#9645=CARTESIAN_POINT('',(-16.,1.53080891254809E-17,-0.249999998701892));
#9646=DIRECTION('',(1.,0.,-1.83697019872103E-16));
#9647=DIRECTION('',(1.10218211896185E-16,0.800000000110547,0.599999999852604));
#9648=AXIS2_PLACEMENT_3D('',#9649,#9650,#9651);
#9649=CARTESIAN_POINT('',(-4.59242547295677E-17,1.53080891254809E-17,-0.249999998701895));
#9650=DIRECTION('',(1.,0.,-1.83697019872103E-16));
#9651=DIRECTION('',(1.10218211896186E-16,0.800000000110547,0.599999999852604));
#9652=AXIS2_PLACEMENT_3D('',#9653,#9654,#9655);
#9653=CARTESIAN_POINT('',(-4.59242547295677E-17,1.53080891254809E-17,-0.249999998701895));
#9654=DIRECTION('',(1.,0.,-1.83697019872103E-16));
#9655=DIRECTION('',(1.83697019872103E-16,-2.15612115032889E-16,1.));
#9656=CARTESIAN_POINT('',(11.,-6.12323399573677E-16,-5.));
#9657=AXIS2_PLACEMENT_3D('',#9658,#9659,#9660);
#9658=CARTESIAN_POINT('',(11.,0.,-3.49024337756996E-15));
#9659=DIRECTION('',(1.,0.,6.12323399573677E-17));
#9660=DIRECTION('',(6.12323399573677E-17,0.,-1.));
#9661=CARTESIAN_POINT('',(10.,-6.12323399573677E-16,-5.));
#9662=AXIS2_PLACEMENT_3D('',#9663,#9664,#9665);
#9663=CARTESIAN_POINT('',(10.,0.,-3.55147571752732E-15));
#9664=DIRECTION('',(1.,0.,6.12323399573677E-17));
#9665=DIRECTION('',(6.12323399573677E-17,0.,-1.));
#9666=CARTESIAN_POINT('',(17.,-6.12323399573677E-16,-5.));
#9667=AXIS2_PLACEMENT_3D('',#9668,#9669,#9670);
#9668=CARTESIAN_POINT('',(17.,0.,-3.12284933782575E-15));
#9669=DIRECTION('',(1.,0.,6.12323399573677E-17));
#9670=DIRECTION('',(6.12323399573677E-17,0.,-1.));
#9671=CARTESIAN_POINT('',(16.,-6.12323399573677E-16,-5.));
#9672=AXIS2_PLACEMENT_3D('',#9673,#9674,#9675);
#9673=CARTESIAN_POINT('',(16.,0.,-3.18408167778312E-15));
#9674=DIRECTION('',(1.,0.,6.12323399573677E-17));
#9675=DIRECTION('',(6.12323399573677E-17,0.,-1.));
#9676=CARTESIAN_POINT('',(16.,-4.89858719658941E-16,-4.));
#9677=AXIS2_PLACEMENT_3D('',#9678,#9679,#9680);
#9678=CARTESIAN_POINT('',(16.,0.,-3.18408167778312E-15));
#9679=DIRECTION('',(1.,0.,6.12323399573677E-17));
#9680=DIRECTION('',(6.12323399573677E-17,0.,-1.));
#9681=CARTESIAN_POINT('',(11.,-4.89858719658941E-16,-4.));
#9682=AXIS2_PLACEMENT_3D('',#9683,#9684,#9685);
#9683=CARTESIAN_POINT('',(11.,0.,-3.49024337756996E-15));
#9684=DIRECTION('',(1.,0.,6.12323399573677E-17));
#9685=DIRECTION('',(6.12323399573677E-17,0.,-1.));
#9686=CARTESIAN_POINT('',(10.,-1.,-1.11803398871574));
#9687=CARTESIAN_POINT('',(10.,-1.,1.11803398871574));
#9688=AXIS2_PLACEMENT_3D('',#9689,#9690,#9691);
#9689=CARTESIAN_POINT('',(10.,0.,-3.55147571752732E-15));
#9690=DIRECTION('',(1.,6.16297582203916E-33,6.12323399573677E-17));
#9691=DIRECTION('',(4.56398915220169E-17,-0.666666666666667,-0.74535599249993));
#9692=CARTESIAN_POINT('',(10.,-1.,1.11803398868158));
#9693=VECTOR('',#9694,1.);
#9694=DIRECTION('',(0.,9.93013661359582E-17,-1.));
#9695=CARTESIAN_POINT('',(17.,-1.,1.11803398871574));
#9696=CARTESIAN_POINT('',(17.,-1.,-1.11803398871574));
#9697=AXIS2_PLACEMENT_3D('',#9698,#9699,#9700);
#9698=CARTESIAN_POINT('',(17.,0.,-3.12284933782575E-15));
#9699=DIRECTION('',(1.,6.16297582203916E-33,6.12323399573677E-17));
#9700=DIRECTION('',(4.56398915220169E-17,-0.666666666666667,-0.74535599249993));
#9701=CARTESIAN_POINT('',(17.,-1.,1.11803398868158));
#9702=VECTOR('',#9703,1.);
#9703=DIRECTION('',(0.,9.93013661359582E-17,-1.));
#9704=CARTESIAN_POINT('',(10.,-1.,1.11803398871574));
#9705=VECTOR('',#9706,1.);
#9706=DIRECTION('',(1.,0.,6.34413156928661E-17));
#9707=CARTESIAN_POINT('',(10.,-1.,-1.11803398871574));
#9708=VECTOR('',#9709,1.);
#9709=DIRECTION('',(1.,0.,6.34413156928661E-17));
#9710=CARTESIAN_POINT('',(14.5,-5.,10.));
#9711=AXIS2_PLACEMENT_3D('',#9712,#9713,#9714);
#9712=CARTESIAN_POINT('',(13.5,-5.,10.));
#9713=DIRECTION('',(0.,0.,1.));
#9714=DIRECTION('',(1.,0.,0.));
#9715=CARTESIAN_POINT('',(14.5,-5.,0.));
#9716=AXIS2_PLACEMENT_3D('',#9717,#9718,#9719);
#9717=CARTESIAN_POINT('',(13.5,-5.,0.));
#9718=DIRECTION('',(0.,0.,1.));
#9719=DIRECTION('',(1.,0.,0.));
#9720=CARTESIAN_POINT('',(14.5,5.,10.));
#9721=AXIS2_PLACEMENT_3D('',#9722,#9723,#9724);
#9722=CARTESIAN_POINT('',(13.5,5.,10.));
#9723=DIRECTION('',(0.,1.22464679914735E-16,-1.));
#9724=DIRECTION('',(1.,0.,0.));
#9725=CARTESIAN_POINT('',(14.5,5.,6.12323399573677E-16));
#9726=AXIS2_PLACEMENT_3D('',#9727,#9728,#9729);
#9727=CARTESIAN_POINT('',(13.5,5.,6.12323399573677E-16));
#9728=DIRECTION('',(0.,1.22464679914735E-16,-1.));
#9729=DIRECTION('',(1.,0.,0.));
#9730=CARTESIAN_POINT('',(9.,6.,5.));
#9731=CARTESIAN_POINT('',(9.,-6.,5.));
#9732=CARTESIAN_POINT('',(9.,6.,5.));
#9733=VECTOR('',#9734,1.);
#9734=DIRECTION('',(0.,-1.,-7.40148683083438E-17));
#9735=CARTESIAN_POINT('',(9.,-6.,-5.));
#9736=CARTESIAN_POINT('',(9.,-6.,5.));
#9737=VECTOR('',#9738,1.);
#9738=DIRECTION('',(-5.32907051820075E-16,0.,-1.));
#9739=CARTESIAN_POINT('',(9.,6.,-5.));
#9740=CARTESIAN_POINT('',(9.,-6.,-5.));
#9741=VECTOR('',#9742,1.);
#9742=DIRECTION('',(0.,1.,7.40148683083438E-17));
#9743=CARTESIAN_POINT('',(9.,6.,-5.));
#9744=VECTOR('',#9745,1.);
#9745=DIRECTION('',(5.32907051820075E-16,0.,1.));
#9746=CARTESIAN_POINT('',(9.,1.11803398871574,-1.));
#9747=CARTESIAN_POINT('',(9.,-1.11803398871574,-1.));
#9748=AXIS2_PLACEMENT_3D('',#9749,#9750,#9751);
#9749=CARTESIAN_POINT('',(9.,0.,-1.65327317884893E-15));
#9750=DIRECTION('',(1.,0.,-1.83697019872103E-16));
#9751=DIRECTION('',(-1.22464679914735E-16,0.74535599249993,-0.666666666666667));
#9752=CARTESIAN_POINT('',(9.,-1.11803398868158,-1.));
#9753=VECTOR('',#9754,1.);
#9754=DIRECTION('',(0.,1.,0.));
#9755=CARTESIAN_POINT('',(17.,1.11803398871574,-1.));
#9756=CARTESIAN_POINT('',(9.,1.11803398871574,-1.));
#9757=VECTOR('',#9758,1.);
#9758=DIRECTION('',(1.,0.,-1.94289029309402E-16));
#9759=CARTESIAN_POINT('',(17.,-1.11803398871574,-1.));
#9760=CARTESIAN_POINT('',(17.,-1.11803398868158,-1.));
#9761=VECTOR('',#9762,1.);
#9762=DIRECTION('',(0.,1.,0.));
#9763=CARTESIAN_POINT('',(9.,-1.11803398871574,-1.));
#9764=VECTOR('',#9765,1.);
#9765=DIRECTION('',(1.,0.,-2.22044604925031E-16));
#9766=AXIS2_PLACEMENT_3D('',#9767,#9768,#9769);
#9767=CARTESIAN_POINT('',(17.,0.,-3.12284933782575E-15));
#9768=DIRECTION('',(1.,0.,-1.83697019872103E-16));
#9769=DIRECTION('',(-1.22464679914735E-16,0.74535599249993,-0.666666666666667));
#9770=CARTESIAN_POINT('',(9.18485099360515E-16,6.,5.));
#9771=CARTESIAN_POINT('',(6.12323399573688E-16,3.50000000009006,5.00000000000019));
#9772=CARTESIAN_POINT('',(9.18485099360515E-16,6.,5.));
#9773=VECTOR('',#9774,1.);
#9774=DIRECTION('',(0.,-1.,0.));
#9775=CARTESIAN_POINT('',(-16.,3.50000000009006,5.0000000000002));
#9776=CARTESIAN_POINT('',(-16.,3.50000000009006,5.0000000000002));
#9777=VECTOR('',#9778,1.);
#9778=DIRECTION('',(1.,0.,-1.11022302462516E-16));
#9779=CARTESIAN_POINT('',(-16.,-3.49999999991103,5.0000000000002));
#9780=CARTESIAN_POINT('',(-16.,3.50000000009033,5.));
#9781=VECTOR('',#9782,1.);
#9782=DIRECTION('',(0.,-1.,-1.26882631385703E-16));
#9783=CARTESIAN_POINT('',(6.12323399573688E-16,-3.49999999991103,5.00000000000019));
#9784=CARTESIAN_POINT('',(-16.,-3.49999999991103,5.0000000000002));
#9785=VECTOR('',#9786,1.);
#9786=DIRECTION('',(1.,0.,-1.11022302462516E-16));
#9787=CARTESIAN_POINT('',(9.18485099360515E-16,-6.,5.));
#9788=CARTESIAN_POINT('',(9.18485099360515E-16,-3.4999999999113,5.));
#9789=VECTOR('',#9790,1.);
#9790=DIRECTION('',(0.,-1.,0.));
#9791=CARTESIAN_POINT('',(9.18485099360515E-16,-6.,5.));
#9792=VECTOR('',#9793,1.);
#9793=DIRECTION('',(1.,0.,-1.97372982155583E-16));
#9794=CARTESIAN_POINT('',(9.18485099360515E-16,6.,5.));
#9795=VECTOR('',#9796,1.);
#9796=DIRECTION('',(1.,0.,-9.86864910777917E-17));
#9797=CARTESIAN_POINT('',(2.32565621249759E-17,-6.,0.126602827531813));
#9798=CARTESIAN_POINT('',(9.18485099360515E-16,-6.,5.));
#9799=VECTOR('',#9800,1.);
#9800=DIRECTION('',(-1.83697019872103E-16,0.,-1.));
#9801=CARTESIAN_POINT('',(-9.18485099360515E-16,-6.,-5.));
#9802=CARTESIAN_POINT('',(2.32565621249759E-17,-6.,0.126602827531813));
#9803=VECTOR('',#9804,1.);
#9804=DIRECTION('',(-1.83697019872103E-16,0.,-1.));
#9805=CARTESIAN_POINT('',(-9.18485099360515E-16,-6.,-5.));
#9806=VECTOR('',#9807,1.);
#9807=DIRECTION('',(1.,0.,0.));
#9808=CARTESIAN_POINT('',(-1.20444234603983E-15,-3.11736161663071,-4.99999999999028));
#9809=CARTESIAN_POINT('',(-9.18485099360515E-16,-6.,-5.));
#9810=VECTOR('',#9811,1.);
#9811=DIRECTION('',(-6.84148339389176E-32,1.,-3.08113020633924E-16));
#9812=CARTESIAN_POINT('',(-16.,-3.11736161663071,-4.99999999999028));
#9813=CARTESIAN_POINT('',(-16.,-3.11736161663071,-4.99999999999028));
#9814=VECTOR('',#9815,1.);
#9815=DIRECTION('',(1.,0.,-2.22044604925031E-16));
#9816=CARTESIAN_POINT('',(-16.,3.11736161641926,-4.99999999999028));
#9817=CARTESIAN_POINT('',(-16.,-3.11736161661473,-5.));
#9818=VECTOR('',#9819,1.);
#9819=DIRECTION('',(0.,1.,1.42456751728206E-16));
#9820=CARTESIAN_POINT('',(-1.20444234603983E-15,3.11736161641926,-4.99999999999028));
#9821=CARTESIAN_POINT('',(-16.,3.11736161641926,-4.99999999999028));
#9822=VECTOR('',#9823,1.);
#9823=DIRECTION('',(1.,0.,-1.66533453693774E-16));
#9824=CARTESIAN_POINT('',(-9.18485099360515E-16,6.,-5.));
#9825=CARTESIAN_POINT('',(-9.18485099360515E-16,3.11736161640328,-5.));
#9826=VECTOR('',#9827,1.);
#9827=DIRECTION('',(0.,1.,0.));
#9828=CARTESIAN_POINT('',(-9.18485099360515E-16,6.,-5.));
#9829=VECTOR('',#9830,1.);
#9830=DIRECTION('',(1.,0.,-9.86864910777917E-17));
#9831=CARTESIAN_POINT('',(2.32565621485961E-17,6.,0.126602827660395));
#9832=CARTESIAN_POINT('',(-9.18485099360515E-16,6.,-5.));
#9833=VECTOR('',#9834,1.);
#9834=DIRECTION('',(1.83697019872103E-16,0.,1.));
#9835=CARTESIAN_POINT('',(2.32565621485961E-17,6.,0.126602827660395));
#9836=VECTOR('',#9837,1.);
#9837=DIRECTION('',(1.83697019872103E-16,0.,1.));
#9838=AXIS2_PLACEMENT_3D('',#9839,#9840,#9841);
#9839=CARTESIAN_POINT('',(2.32565621485959E-17,-7.3164121796371E-18,0.126602827660395));
#9840=DIRECTION('',(1.,0.,-1.83697019872103E-16));
#9841=DIRECTION('',(4.07889322034067E-32,1.,2.22044604925031E-16));
#9842=AXIS2_PLACEMENT_3D('',#9843,#9844,#9845);
#9843=CARTESIAN_POINT('',(2.32565621485959E-17,-7.3164121796371E-18,0.126602827660395));
#9844=DIRECTION('',(1.,0.,-1.83697019872103E-16));
#9845=DIRECTION('',(-1.56956943584257E-16,0.519560269405872,-0.854433804606827));
#9846=AXIS2_PLACEMENT_3D('',#9847,#9848,#9849);
#9847=CARTESIAN_POINT('',(-16.,-7.3164121796371E-18,0.126602827660397));
#9848=DIRECTION('',(1.,0.,-1.83697019872103E-16));
#9849=DIRECTION('',(-1.56956943584257E-16,0.519560269405872,-0.854433804606827));
#9850=AXIS2_PLACEMENT_3D('',#9851,#9852,#9853);
#9851=CARTESIAN_POINT('',(-16.,-7.3164121801073E-18,0.126602827531816));
#9852=DIRECTION('',(1.,0.,-1.83697019872103E-16));
#9853=DIRECTION('',(1.49204756205935E-16,-0.58333333331846,0.812232862078096));
#9854=AXIS2_PLACEMENT_3D('',#9855,#9856,#9857);
#9855=CARTESIAN_POINT('',(2.32565621249759E-17,-7.3164121801073E-18,0.126602827531813));
#9856=DIRECTION('',(1.,-1.23259516440783E-32,-1.83697019872103E-16));
#9857=DIRECTION('',(1.49204756205935E-16,-0.58333333331846,0.812232862078096));
#9858=AXIS2_PLACEMENT_3D('',#9859,#9860,#9861);
#9859=CARTESIAN_POINT('',(2.32565621249759E-17,-7.3164121801073E-18,0.126602827531813));
#9860=DIRECTION('',(1.,-1.23259516440783E-32,-1.83697019872103E-16));
#9861=DIRECTION('',(-1.48752599067912E-32,-1.,-1.38777878078145E-17));
#9862=CARTESIAN_POINT('',(11.,-6.12323399573677E-16,-5.));
#9863=AXIS2_PLACEMENT_3D('',#9864,#9865,#9866);
#9864=CARTESIAN_POINT('',(11.,0.,-3.49024337756996E-15));
#9865=DIRECTION('',(1.,0.,6.12323399573677E-17));
#9866=DIRECTION('',(6.12323399573677E-17,0.,-1.));
#9867=CARTESIAN_POINT('',(10.,-6.12323399573677E-16,-5.));
#9868=AXIS2_PLACEMENT_3D('',#9869,#9870,#9871);
#9869=CARTESIAN_POINT('',(10.,0.,-3.55147571752732E-15));
#9870=DIRECTION('',(1.,0.,6.12323399573677E-17));
#9871=DIRECTION('',(6.12323399573677E-17,0.,-1.));
#9872=CARTESIAN_POINT('',(17.,-6.12323399573677E-16,-5.));
#9873=AXIS2_PLACEMENT_3D('',#9874,#9875,#9876);
#9874=CARTESIAN_POINT('',(17.,0.,-3.12284933782575E-15));
#9875=DIRECTION('',(1.,0.,6.12323399573677E-17));
#9876=DIRECTION('',(6.12323399573677E-17,0.,-1.));
#9877=CARTESIAN_POINT('',(16.,-6.12323399573677E-16,-5.));
#9878=AXIS2_PLACEMENT_3D('',#9879,#9880,#9881);
#9879=CARTESIAN_POINT('',(16.,0.,-3.18408167778312E-15));
#9880=DIRECTION('',(1.,0.,6.12323399573677E-17));
#9881=DIRECTION('',(6.12323399573677E-17,0.,-1.));
#9882=CARTESIAN_POINT('',(16.,-4.89858719658941E-16,-4.));
#9883=AXIS2_PLACEMENT_3D('',#9884,#9885,#9886);
#9884=CARTESIAN_POINT('',(16.,0.,-3.18408167778312E-15));
#9885=DIRECTION('',(1.,0.,6.12323399573677E-17));
#9886=DIRECTION('',(6.12323399573677E-17,0.,-1.));
#9887=CARTESIAN_POINT('',(11.,-4.89858719658941E-16,-4.));
#9888=AXIS2_PLACEMENT_3D('',#9889,#9890,#9891);
#9889=CARTESIAN_POINT('',(11.,0.,-3.49024337756996E-15));
#9890=DIRECTION('',(1.,0.,6.12323399573677E-17));
#9891=DIRECTION('',(6.12323399573677E-17,0.,-1.));
#9892=CARTESIAN_POINT('',(10.,1.11803398871574,-1.));
#9893=CARTESIAN_POINT('',(10.,-1.11803398871574,-1.));
#9894=AXIS2_PLACEMENT_3D('',#9895,#9896,#9897);
#9895=CARTESIAN_POINT('',(10.,0.,-3.55147571752732E-15));
#9896=DIRECTION('',(1.,6.16297582203916E-33,6.12323399573677E-17));
#9897=DIRECTION('',(4.08215599715784E-17,0.74535599249993,-0.666666666666667));
#9898=CARTESIAN_POINT('',(10.,-1.11803398868158,-1.));
#9899=VECTOR('',#9900,1.);
#9900=DIRECTION('',(0.,1.,0.));
#9901=CARTESIAN_POINT('',(17.,-1.11803398871574,-1.));
#9902=CARTESIAN_POINT('',(17.,1.11803398871574,-1.));
#9903=AXIS2_PLACEMENT_3D('',#9904,#9905,#9906);
#9904=CARTESIAN_POINT('',(17.,0.,-3.12284933782575E-15));
#9905=DIRECTION('',(1.,6.16297582203916E-33,6.12323399573677E-17));
#9906=DIRECTION('',(4.08215599715784E-17,0.74535599249993,-0.666666666666667));
#9907=CARTESIAN_POINT('',(17.,-1.11803398868158,-1.));
#9908=VECTOR('',#9909,1.);
#9909=DIRECTION('',(0.,1.,0.));
#9910=CARTESIAN_POINT('',(10.,-1.11803398871574,-1.));
#9911=VECTOR('',#9912,1.);
#9912=DIRECTION('',(1.,0.,6.34413156928661E-17));
#9913=CARTESIAN_POINT('',(10.,1.11803398871574,-1.));
#9914=VECTOR('',#9915,1.);
#9915=DIRECTION('',(1.,0.,6.34413156928661E-17));
#9916=CARTESIAN_POINT('',(14.5,-3.06161699786838E-16,5.));
#9917=AXIS2_PLACEMENT_3D('',#9918,#9919,#9920);
#9918=CARTESIAN_POINT('',(13.5,-3.06161699786838E-16,5.));
#9919=DIRECTION('',(0.,1.,6.12323399573677E-17));
#9920=DIRECTION('',(1.,0.,0.));
#9921=CARTESIAN_POINT('',(14.5,-20.,5.));
#9922=AXIS2_PLACEMENT_3D('',#9923,#9924,#9925);
#9923=CARTESIAN_POINT('',(13.5,-20.,5.));
#9924=DIRECTION('',(0.,1.,6.12323399573677E-17));
#9925=DIRECTION('',(1.,0.,0.));
#9926=CARTESIAN_POINT('',(-6.3,5.,25.0004244755963));
#9927=AXIS2_PLACEMENT_3D('',#9928,#9929,#9930);
#9928=CARTESIAN_POINT('',(-8.,5.,25.0004244755963));
#9929=DIRECTION('',(1.4791141972894E-32,1.,1.66533453693773E-16));
#9930=DIRECTION('',(1.,-1.4791141972894E-32,0.));
#9931=CARTESIAN_POINT('',(-6.3,0.,25.0004244755963));
#9932=AXIS2_PLACEMENT_3D('',#9933,#9934,#9935);
#9933=CARTESIAN_POINT('',(-8.,-2.05132237602284E-15,25.0004244755963));
#9934=DIRECTION('',(4.35081943503005E-32,1.,1.22464679914735E-16));
#9935=DIRECTION('',(1.,-4.35081943503005E-32,-6.518274895371E-49));
#9936=CARTESIAN_POINT('',(-2.3,5.,8.));
#9937=AXIS2_PLACEMENT_3D('',#9938,#9939,#9940);
#9938=CARTESIAN_POINT('',(-4.,5.,8.));
#9939=DIRECTION('',(1.4791141972894E-32,1.,1.66533453693773E-16));
#9940=DIRECTION('',(1.,-1.4791141972894E-32,0.));
#9941=CARTESIAN_POINT('',(-2.3,0.,8.));
#9942=AXIS2_PLACEMENT_3D('',#9943,#9944,#9945);
#9943=CARTESIAN_POINT('',(-4.,-9.79717439317882E-16,8.));
#9944=DIRECTION('',(2.17540971751502E-32,1.,1.22464679914735E-16));
#9945=DIRECTION('',(1.,-2.17540971751502E-32,0.));
#9946=CARTESIAN_POINT('',(-14.,8.,-9.));
#9947=CARTESIAN_POINT('',(-10.,8.,-13.));
#9948=AXIS2_PLACEMENT_3D('',#9949,#9950,#9951);
#9949=CARTESIAN_POINT('',(-10.,8.,-8.99999999999999));
#9950=DIRECTION('',(1.4791141972894E-32,1.,1.66533453693773E-16));
#9951=DIRECTION('',(-4.44089209850062E-16,1.66533453693773E-16,-1.));
#9952=CARTESIAN_POINT('',(-14.,8.,5.));
#9953=CARTESIAN_POINT('',(-14.,8.,-9.));
#9954=VECTOR('',#9955,1.);
#9955=DIRECTION('',(2.53765262771464E-16,-1.26882631385732E-16,1.));
#9956=CARTESIAN_POINT('',(-17.,8.,8.));
#9957=AXIS2_PLACEMENT_3D('',#9958,#9959,#9960);
#9958=CARTESIAN_POINT('',(-17.,8.,5.));
#9959=DIRECTION('',(-1.4791141972894E-32,-1.,-1.66533453693773E-16));
#9960=DIRECTION('',(1.,-1.62702561701833E-31,8.88178419700124E-16));
#9961=CARTESIAN_POINT('',(-18.4578994759284,8.,8.));
#9962=CARTESIAN_POINT('',(-18.4578994759284,8.,8.));
#9963=VECTOR('',#9964,1.);
#9964=DIRECTION('',(1.,0.,0.));
#9965=CARTESIAN_POINT('',(-22.4578994759284,8.,12.));
#9966=AXIS2_PLACEMENT_3D('',#9967,#9968,#9969);
#9967=CARTESIAN_POINT('',(-18.4578994759284,8.,12.));
#9968=DIRECTION('',(1.4791141972894E-32,1.,1.66533453693773E-16));
#9969=DIRECTION('',(-8.21073318940323E-49,1.66533453693773E-16,-1.));
#9970=CARTESIAN_POINT('',(-22.4578994759284,7.99999999999999,21.1995943227574));
#9971=CARTESIAN_POINT('',(-22.4578994759284,8.,12.));
#9972=VECTOR('',#9973,1.);
#9973=DIRECTION('',(0.,-1.93090779558181E-16,1.));
#9974=CARTESIAN_POINT('',(-19.8259800492311,7.99999999999999,24.9583648059011));
#9975=AXIS2_PLACEMENT_3D('',#9976,#9977,#9978);
#9976=CARTESIAN_POINT('',(-18.4578994759284,8.,21.1995943227574));
#9977=DIRECTION('',(1.4791141972894E-32,1.,1.66533453693773E-16));
#9978=DIRECTION('',(-1.,1.62702561701834E-31,-8.88178419700125E-16));
#9979=CARTESIAN_POINT('',(-6.63580760966947,7.99999999999999,29.7591949587399));
#9980=CARTESIAN_POINT('',(-19.8259800492311,7.99999999999999,24.9583648059011));
#9981=VECTOR('',#9982,1.);
#9982=DIRECTION('',(0.939692620785908,1.89826488794843E-16,0.342020143325669));
#9983=CARTESIAN_POINT('',(-5.2677270363668,7.99999999999999,30.0004244755963));
#9984=AXIS2_PLACEMENT_3D('',#9985,#9986,#9987);
#9985=CARTESIAN_POINT('',(-5.2677270363668,8.,26.0004244755963));
#9986=DIRECTION('',(1.4791141972894E-32,1.,1.66533453693773E-16));
#9987=DIRECTION('',(-0.342020143325668,-1.56490257550031E-16,0.939692620785909));
#9988=CARTESIAN_POINT('',(-3.45789947592837,8.,30.0004244755963));
#9989=CARTESIAN_POINT('',(-5.2677270363668,7.99999999999999,30.0004244755963));
#9990=VECTOR('',#9991,1.);
#9991=DIRECTION('',(1.,4.9075306350455E-16,0.));
#9992=CARTESIAN_POINT('',(0.542100524071626,8.,26.0004244755963));
#9993=AXIS2_PLACEMENT_3D('',#9994,#9995,#9996);
#9994=CARTESIAN_POINT('',(-3.45789947592837,8.,26.0004244755963));
#9995=DIRECTION('',(1.4791141972894E-32,1.,1.66533453693773E-16));
#9996=DIRECTION('',(2.22044604925031E-16,-1.66533453693773E-16,1.));
#9997=CARTESIAN_POINT('',(0.542100524071624,8.,11.));
#9998=CARTESIAN_POINT('',(0.542100524071623,8.,11.));
#9999=VECTOR('',#10000,1.);
#10000=DIRECTION('',(1.03617883414158E-16,-1.18420438187609E-16,1.));
#10001=CARTESIAN_POINT('',(3.54210052407162,8.,8.));
#10002=AXIS2_PLACEMENT_3D('',#10003,#10004,#10005);
#10003=CARTESIAN_POINT('',(3.54210052407162,8.,11.));
#10004=DIRECTION('',(-1.4791141972894E-32,-1.,-1.66533453693773E-16));
#10005=DIRECTION('',(-1.,3.10613981430773E-31,-1.77635683940025E-15));
#10006=CARTESIAN_POINT('',(5.12701665379258,8.,8.));
#10007=CARTESIAN_POINT('',(3.54210052407162,8.,8.));
#10008=VECTOR('',#10009,1.);
#10009=DIRECTION('',(1.,0.,0.));
#10010=CARTESIAN_POINT('',(9.,8.,5.));
#10011=AXIS2_PLACEMENT_3D('',#10012,#10013,#10014);
#10012=CARTESIAN_POINT('',(5.12701665379258,8.,4.));
#10013=DIRECTION('',(1.4791141972894E-32,1.,1.66533453693773E-16));
#10014=DIRECTION('',(2.22044604925031E-16,-1.66533453693773E-16,1.));
#10015=CARTESIAN_POINT('',(9.,8.,-5.));
#10016=CARTESIAN_POINT('',(9.,8.,-5.));
#10017=VECTOR('',#10018,1.);
#10018=DIRECTION('',(3.5527136788005E-16,0.,1.));
#10019=CARTESIAN_POINT('',(1.59086709587578,8.,-7.69670383882352));
#10020=CARTESIAN_POINT('',(9.,8.,-5.));
#10021=VECTOR('',#10022,1.);
#10022=DIRECTION('',(-0.939692620785909,0.,-0.342020143325668));
#10023=CARTESIAN_POINT('',(0.130520544393697,8.,-8.62704719725954));
#10024=AXIS2_PLACEMENT_3D('',#10025,#10026,#10027);
#10025=CARTESIAN_POINT('',(2.95894766917845,8.,-11.4554743219672));
#10026=DIRECTION('',(-1.23259516440783E-32,-1.,-1.66533453693773E-16));
#10027=DIRECTION('',(-0.342020143325667,-1.56490257550031E-16,0.939692620785909));
#10028=CARTESIAN_POINT('',(-3.07085938296707,8.,-11.8284271247076));
#10029=CARTESIAN_POINT('',(0.130520544393699,8.,-8.62704719725953));
#10030=VECTOR('',#10031,1.);
#10031=DIRECTION('',(-0.707106781176905,0.,-0.707106781196191));
#10032=CARTESIAN_POINT('',(-5.89928650775183,8.,-13.));
#10033=AXIS2_PLACEMENT_3D('',#10034,#10035,#10036);
#10034=CARTESIAN_POINT('',(-5.89928650775183,8.,-8.99999999999999));
#10035=DIRECTION('',(1.4791141972894E-32,1.,1.66533453693773E-16));
#10036=DIRECTION('',(0.70710678119619,1.17756934399677E-16,-0.707106781176905));
#10037=CARTESIAN_POINT('',(-5.89928650775183,8.,-13.));
#10038=VECTOR('',#10039,1.);
#10039=DIRECTION('',(-1.,0.,0.));
#10040=CARTESIAN_POINT('',(-2.35455173280957,8.,5.15));
#10041=CARTESIAN_POINT('',(-0.709103465619134,8.,8.));
#10042=CARTESIAN_POINT('',(-0.709103465619134,8.,8.));
#10043=VECTOR('',#10044,1.);
#10044=DIRECTION('',(-0.499999999999999,2.69889499843307E-16,-0.866025403784439));
#10045=CARTESIAN_POINT('',(-2.35455173280957,8.,10.85));
#10046=CARTESIAN_POINT('',(-2.35455173280957,8.,10.85));
#10047=VECTOR('',#10048,1.);
#10048=DIRECTION('',(0.5,2.69889499843307E-16,-0.866025403784438));
#10049=CARTESIAN_POINT('',(-5.64544826719044,8.,10.85));
#10050=CARTESIAN_POINT('',(-5.64544826719044,8.,10.85));
#10051=VECTOR('',#10052,1.);
#10052=DIRECTION('',(1.,0.,0.));
#10053=CARTESIAN_POINT('',(-7.29089653438087,8.,8.));
#10054=CARTESIAN_POINT('',(-7.29089653438087,8.,8.));
#10055=VECTOR('',#10056,1.);
#10056=DIRECTION('',(0.499999999999999,-2.69889499843307E-16,0.866025403784439));
#10057=CARTESIAN_POINT('',(-5.64544826719043,8.,5.15));
#10058=CARTESIAN_POINT('',(-5.64544826719043,8.,5.15));
#10059=VECTOR('',#10060,1.);
#10060=DIRECTION('',(-0.5,-5.39778999686614E-16,0.866025403784439));
#10061=CARTESIAN_POINT('',(-2.35455173280957,8.,5.15));
#10062=VECTOR('',#10063,1.);
#10063=DIRECTION('',(-1.,0.,-5.39778999686615E-16));
#10064=CARTESIAN_POINT('',(-6.35455173280957,8.,22.1504244755963));
#10065=CARTESIAN_POINT('',(-4.70910346561914,8.,25.0004244755963));
#10066=CARTESIAN_POINT('',(-4.70910346561914,8.,25.0004244755963));
#10067=VECTOR('',#10068,1.);
#10068=DIRECTION('',(-0.5,0.,-0.866025403784439));
#10069=CARTESIAN_POINT('',(-6.35455173280957,8.,27.8504244755963));
#10070=CARTESIAN_POINT('',(-6.35455173280957,8.,27.8504244755963));
#10071=VECTOR('',#10072,1.);
#10072=DIRECTION('',(0.5,2.69889499843307E-16,-0.866025403784439));
#10073=CARTESIAN_POINT('',(-9.64544826719044,8.,27.8504244755963));
#10074=CARTESIAN_POINT('',(-9.64544826719043,8.,27.8504244755963));
#10075=VECTOR('',#10076,1.);
#10076=DIRECTION('',(1.,0.,0.));
#10077=CARTESIAN_POINT('',(-11.2908965343809,8.,25.0004244755963));
#10078=CARTESIAN_POINT('',(-11.2908965343809,8.,25.0004244755963));
#10079=VECTOR('',#10080,1.);
#10080=DIRECTION('',(0.499999999999999,0.,0.866025403784439));
#10081=CARTESIAN_POINT('',(-9.64544826719043,8.,22.1504244755963));
#10082=CARTESIAN_POINT('',(-9.64544826719043,8.,22.1504244755963));
#10083=VECTOR('',#10084,1.);
#10084=DIRECTION('',(-0.5,0.,0.866025403784439));
#10085=CARTESIAN_POINT('',(-6.35455173280957,8.,22.1504244755963));
#10086=VECTOR('',#10087,1.);
#10087=DIRECTION('',(-1.,0.,-1.07955799937323E-15));
#10088=CARTESIAN_POINT('',(-6.35455173280956,8.,-10.85));
#10089=CARTESIAN_POINT('',(-4.70910346561913,8.,-8.));
#10090=CARTESIAN_POINT('',(-4.70910346561913,8.,-8.));
#10091=VECTOR('',#10092,1.);
#10092=DIRECTION('',(-0.499999999999999,5.39778999686614E-16,-0.866025403784439));
#10093=CARTESIAN_POINT('',(-6.35455173280957,8.,-5.15));
#10094=CARTESIAN_POINT('',(-6.35455173280957,8.,-5.15));
#10095=VECTOR('',#10096,1.);
#10096=DIRECTION('',(0.5,0.,-0.866025403784439));
#10097=CARTESIAN_POINT('',(-9.64544826719043,8.,-5.15));
#10098=CARTESIAN_POINT('',(-9.64544826719043,8.,-5.15));
#10099=VECTOR('',#10100,1.);
#10100=DIRECTION('',(1.,0.,5.39778999686615E-16));
#10101=CARTESIAN_POINT('',(-11.2908965343809,8.,-8.));
#10102=CARTESIAN_POINT('',(-11.2908965343809,8.,-8.));
#10103=VECTOR('',#10104,1.);
#10104=DIRECTION('',(0.499999999999999,0.,0.866025403784439));
#10105=CARTESIAN_POINT('',(-9.64544826719043,8.,-10.85));
#10106=CARTESIAN_POINT('',(-9.64544826719043,8.,-10.85));
#10107=VECTOR('',#10108,1.);
#10108=DIRECTION('',(-0.5,0.,0.866025403784439));
#10109=CARTESIAN_POINT('',(-6.35455173280956,8.,-10.85));
#10110=VECTOR('',#10111,1.);
#10111=DIRECTION('',(-1.,0.,-5.39778999686615E-16));
#10112=CARTESIAN_POINT('',(-4.70910346561914,5.,25.0004244755963));
#10113=CARTESIAN_POINT('',(-6.35455173280957,5.,22.1504244755963));
#10114=CARTESIAN_POINT('',(-4.70910346561914,5.,25.0004244755963));
#10115=VECTOR('',#10116,1.);
#10116=DIRECTION('',(-0.499999999999999,2.69889499843307E-16,-0.866025403784439));
#10117=CARTESIAN_POINT('',(-9.64544826719043,5.,22.1504244755963));
#10118=CARTESIAN_POINT('',(-6.35455173280957,5.,22.1504244755963));
#10119=VECTOR('',#10120,1.);
#10120=DIRECTION('',(-1.,0.,-1.07955799937323E-15));
#10121=CARTESIAN_POINT('',(-11.2908965343809,5.,25.0004244755963));
#10122=CARTESIAN_POINT('',(-9.64544826719043,5.,22.1504244755963));
#10123=VECTOR('',#10124,1.);
#10124=DIRECTION('',(-0.5,0.,0.866025403784439));
#10125=CARTESIAN_POINT('',(-9.64544826719044,5.,27.8504244755963));
#10126=CARTESIAN_POINT('',(-11.2908965343809,5.,25.0004244755963));
#10127=VECTOR('',#10128,1.);
#10128=DIRECTION('',(0.499999999999999,-2.69889499843307E-16,0.866025403784439));
#10129=CARTESIAN_POINT('',(-6.35455173280957,5.,27.8504244755963));
#10130=CARTESIAN_POINT('',(-9.64544826719044,5.,27.8504244755963));
#10131=VECTOR('',#10132,1.);
#10132=DIRECTION('',(1.,0.,0.));
#10133=CARTESIAN_POINT('',(-6.35455173280957,5.,27.8504244755963));
#10134=VECTOR('',#10135,1.);
#10135=DIRECTION('',(0.5,0.,-0.866025403784439));
#10136=CARTESIAN_POINT('',(-4.70910346561914,5.,25.0004244755963));
#10137=VECTOR('',#10138,1.);
#10138=DIRECTION('',(0.,1.,1.1842378929335E-15));
#10139=CARTESIAN_POINT('',(-6.35455173280957,5.,27.8504244755963));
#10140=VECTOR('',#10141,1.);
#10141=DIRECTION('',(0.,1.,0.));
#10142=CARTESIAN_POINT('',(-9.64544826719044,5.,27.8504244755963));
#10143=VECTOR('',#10144,1.);
#10144=DIRECTION('',(0.,1.,0.));
#10145=CARTESIAN_POINT('',(-11.2908965343809,5.,25.0004244755963));
#10146=VECTOR('',#10147,1.);
#10147=DIRECTION('',(0.,1.,0.));
#10148=CARTESIAN_POINT('',(-9.64544826719043,5.,22.1504244755963));
#10149=VECTOR('',#10150,1.);
#10150=DIRECTION('',(0.,1.,0.));
#10151=CARTESIAN_POINT('',(-6.35455173280957,5.,22.1504244755963));
#10152=VECTOR('',#10153,1.);
#10153=DIRECTION('',(0.,1.,0.));
#10154=CARTESIAN_POINT('',(-0.709103465619134,5.,8.));
#10155=CARTESIAN_POINT('',(-2.35455173280957,5.,5.15));
#10156=CARTESIAN_POINT('',(-0.709103465619134,5.,8.));
#10157=VECTOR('',#10158,1.);
#10158=DIRECTION('',(-0.499999999999999,2.69889499843307E-16,-0.866025403784439));
#10159=CARTESIAN_POINT('',(-5.64544826719043,5.,5.15));
#10160=CARTESIAN_POINT('',(-2.35455173280957,5.,5.15));
#10161=VECTOR('',#10162,1.);
#10162=DIRECTION('',(-1.,0.,-5.39778999686615E-16));
#10163=CARTESIAN_POINT('',(-7.29089653438087,5.,8.));
#10164=CARTESIAN_POINT('',(-5.64544826719043,5.,5.15));
#10165=VECTOR('',#10166,1.);
#10166=DIRECTION('',(-0.5,0.,0.866025403784439));
#10167=CARTESIAN_POINT('',(-5.64544826719044,5.,10.85));
#10168=CARTESIAN_POINT('',(-7.29089653438087,5.,8.));
#10169=VECTOR('',#10170,1.);
#10170=DIRECTION('',(0.499999999999999,-2.69889499843307E-16,0.866025403784439));
#10171=CARTESIAN_POINT('',(-2.35455173280957,5.,10.85));
#10172=CARTESIAN_POINT('',(-5.64544826719044,5.,10.85));
#10173=VECTOR('',#10174,1.);
#10174=DIRECTION('',(1.,0.,5.39778999686615E-16));
#10175=CARTESIAN_POINT('',(-2.35455173280957,5.,10.85));
#10176=VECTOR('',#10177,1.);
#10177=DIRECTION('',(0.5,0.,-0.866025403784439));
#10178=CARTESIAN_POINT('',(-0.709103465619134,5.,8.));
#10179=VECTOR('',#10180,1.);
#10180=DIRECTION('',(0.,1.,0.));
#10181=CARTESIAN_POINT('',(-2.35455173280957,5.,10.85));
#10182=VECTOR('',#10183,1.);
#10183=DIRECTION('',(0.,1.,5.9211894646675E-16));
#10184=CARTESIAN_POINT('',(-5.64544826719044,5.,10.85));
#10185=VECTOR('',#10186,1.);
#10186=DIRECTION('',(0.,1.,0.));
#10187=CARTESIAN_POINT('',(-7.29089653438087,5.,8.));
#10188=VECTOR('',#10189,1.);
#10189=DIRECTION('',(0.,1.,2.96059473233375E-16));
#10190=CARTESIAN_POINT('',(-5.64544826719043,5.,5.15));
#10191=VECTOR('',#10192,1.);
#10192=DIRECTION('',(0.,1.,2.96059473233375E-16));
#10193=CARTESIAN_POINT('',(-2.35455173280957,5.,5.15));
#10194=VECTOR('',#10195,1.);
#10195=DIRECTION('',(-1.48029736616688E-16,1.,0.));
#10196=CARTESIAN_POINT('',(-6.63580760966947,-4.11715867600344E-15,29.7591949587399));
#10197=CARTESIAN_POINT('',(-5.2677270363668,-3.57263030128414E-15,30.0004244755963));
#10198=AXIS2_PLACEMENT_3D('',#10199,#10200,#10201);
#10199=CARTESIAN_POINT('',(-5.2677270363668,-2.17378705593757E-15,26.0004244755963));
#10200=DIRECTION('',(-4.35081943503005E-32,-1.,-1.22464679914735E-16));
#10201=DIRECTION('',(-6.66133814775095E-16,-1.22464679914735E-16,1.));
#10202=CARTESIAN_POINT('',(-19.837613830277,-5.92341302960493E-16,24.9541304558884));
#10203=CARTESIAN_POINT('',(-6.63580760966947,-1.73484591550453E-15,29.7591949587399));
#10204=VECTOR('',#10205,1.);
#10205=DIRECTION('',(-0.939692620785909,4.57559745784685E-17,-0.342020143325669));
#10206=CARTESIAN_POINT('',(-22.4578994759283,-1.43241969748767E-15,21.5002122377982));
#10207=AXIS2_PLACEMENT_3D('',#10208,#10209,#10210);
#10208=CARTESIAN_POINT('',(-18.4695332569744,-1.5853363696262E-15,21.1953599727448));
#10209=DIRECTION('',(-4.35081943503005E-32,-1.,-1.22464679914735E-16));
#10210=DIRECTION('',(-0.34202014332564,-1.15079156022786E-16,0.939692620785919));
#10211=CARTESIAN_POINT('',(0.542100524071627,-1.84471460961228E-15,21.5002122377981));
#10212=CARTESIAN_POINT('',(-22.4578994759284,-1.84471460961228E-15,21.5002122377981));
#10213=VECTOR('',#10214,1.);
#10214=DIRECTION('',(1.,0.,-6.17863248487044E-16));
#10215=CARTESIAN_POINT('',(0.542100524071626,-1.96836902896466E-15,26.0004244755963));
#10216=CARTESIAN_POINT('',(0.542100524071626,-1.95496319155615E-15,26.0004244755963));
#10217=VECTOR('',#10218,1.);
#10218=DIRECTION('',(9.86818368520651E-17,7.3839447854906E-17,-1.));
#10219=CARTESIAN_POINT('',(-3.45789947592837,-2.38839240835064E-15,30.0004244755963));
#10220=AXIS2_PLACEMENT_3D('',#10221,#10222,#10223);
#10221=CARTESIAN_POINT('',(-3.45789947592837,-2.17378705593757E-15,26.0004244755963));
#10222=DIRECTION('',(-4.35081943503005E-32,-1.,-1.22464679914735E-16));
#10223=DIRECTION('',(1.,-4.35081943503005E-32,-5.32821709477765E-48));
#10224=CARTESIAN_POINT('',(-5.2677270363668,-2.25032098297578E-15,30.0004244755963));
#10225=VECTOR('',#10226,1.);
#10226=DIRECTION('',(1.,0.,0.));
#10227=CARTESIAN_POINT('',(5.12701665379258,-2.39898879240625E-15,8.));
#10228=CARTESIAN_POINT('',(9.,-1.00033454618253E-15,5.));
#10229=AXIS2_PLACEMENT_3D('',#10230,#10231,#10232);
#10230=CARTESIAN_POINT('',(5.12701665379258,-4.89858719658942E-16,4.));
#10231=DIRECTION('',(-2.17540971751502E-32,-1.,-1.22464679914735E-16));
#10232=DIRECTION('',(0.968245836551855,-3.06161699786838E-17,0.25));
#10233=CARTESIAN_POINT('',(3.54210052407162,-4.74602216389315E-16,8.));
#10234=CARTESIAN_POINT('',(3.54210052407162,-9.33947929509004E-16,8.));
#10235=VECTOR('',#10236,1.);
#10236=DIRECTION('',(1.,0.,-5.60394586845738E-16));
#10237=CARTESIAN_POINT('',(0.542100524071623,-7.09321854286889E-16,11.));
#10238=AXIS2_PLACEMENT_3D('',#10239,#10240,#10241);
#10239=CARTESIAN_POINT('',(3.54210052407162,-1.34711147906209E-15,11.));
#10240=DIRECTION('',(2.17540971751502E-32,1.,1.22464679914735E-16));
#10241=DIRECTION('',(-1.48029736616687E-16,1.22464679914735E-16,-1.));
#10242=CARTESIAN_POINT('',(0.542100524071625,-6.43100812620011E-16,11.5002122377981));
#10243=CARTESIAN_POINT('',(0.542100524071624,-9.03196508096684E-16,11.5002122377981));
#10244=VECTOR('',#10245,1.);
#10245=DIRECTION('',(-4.43900784799751E-16,1.22464679914736E-16,-1.));
#10246=CARTESIAN_POINT('',(-22.4578994759284,-5.52336710953638E-16,11.5002122377981));
#10247=CARTESIAN_POINT('',(-22.4578994759284,-2.60095695476673E-16,11.5002122377981));
#10248=VECTOR('',#10249,1.);
#10249=DIRECTION('',(1.,-3.86164530304402E-17,-2.31698718182641E-16));
#10250=CARTESIAN_POINT('',(-18.4892457756475,-4.14569160199158E-16,8.));
#10251=AXIS2_PLACEMENT_3D('',#10252,#10253,#10254);
#10252=CARTESIAN_POINT('',(-18.4892457756475,-1.46957615897682E-15,12.));
#10253=DIRECTION('',(-2.17540971751502E-32,-1.,-1.22464679914735E-16));
#10254=DIRECTION('',(-0.992163425070224,1.53015870808382E-17,-0.124946940550465));
#10255=CARTESIAN_POINT('',(-17.,-6.12422231074105E-16,8.));
#10256=CARTESIAN_POINT('',(-18.4892457756475,-4.74544136761096E-16,8.));
#10257=VECTOR('',#10258,1.);
#10258=DIRECTION('',(1.,0.,0.));
#10259=CARTESIAN_POINT('',(-14.,-4.08215599715784E-16,5.));
#10260=AXIS2_PLACEMENT_3D('',#10261,#10262,#10263);
#10261=CARTESIAN_POINT('',(-17.,-6.12323399573676E-16,5.));
#10262=DIRECTION('',(2.17540971751502E-32,1.,1.22464679914735E-16));
#10263=DIRECTION('',(3.57519933121976E-64,-1.22464679914735E-16,1.));
#10264=CARTESIAN_POINT('',(-14.,-6.12323399573677E-16,5.));
#10265=VECTOR('',#10266,1.);
#10266=DIRECTION('',(1.,-4.28728752837506E-33,-1.93082265152201E-16));
#10267=CARTESIAN_POINT('',(-10.,1.09207989267915E-15,-13.));
#10268=CARTESIAN_POINT('',(-10.,1.28618862942301E-15,-13.));
#10269=VECTOR('',#10270,1.);
#10270=DIRECTION('',(0.,1.,0.));
#10271=CARTESIAN_POINT('',(-14.,8.72664007831921E-16,-8.99999999999999));
#10272=AXIS2_PLACEMENT_3D('',#10273,#10274,#10275);
#10273=CARTESIAN_POINT('',(-10.,1.10218211923262E-15,-8.99999999999999));
#10274=DIRECTION('',(-2.17540971751502E-32,-1.,-1.22464679914735E-16));
#10275=DIRECTION('',(-1.,2.39295068926653E-31,-1.77635683940025E-15));
#10276=CARTESIAN_POINT('',(-14.,1.16372394950828E-15,-8.99999999999999));
#10277=VECTOR('',#10278,1.);
#10278=DIRECTION('',(0.,1.,-4.44089209850063E-16));
#10279=CARTESIAN_POINT('',(-14.,5.2820630471187E-16,-5.));
#10280=CARTESIAN_POINT('',(-14.,9.03177014371173E-16,-9.));
#10281=VECTOR('',#10282,1.);
#10282=DIRECTION('',(0.,-7.27134036993741E-17,1.));
#10283=CARTESIAN_POINT('',(-14.,3.11736161641925,-4.99999999999028));
#10284=CARTESIAN_POINT('',(-14.,3.11736161640328,-5.));
#10285=VECTOR('',#10286,1.);
#10286=DIRECTION('',(0.,-1.,-2.84913503466076E-16));
#10287=CARTESIAN_POINT('',(-14.,3.50000000009013,5.00000000000015));
#10288=AXIS2_PLACEMENT_3D('',#10289,#10290,#10291);
#10289=CARTESIAN_POINT('',(-14.,-7.3164121796371E-18,0.126602827660397));
#10290=DIRECTION('',(-1.,1.23259516440783E-32,1.83697019872103E-16));
#10291=DIRECTION('',(1.49204756201998E-16,0.583333333348299,0.812232862056665));
#10292=CARTESIAN_POINT('',(-14.,3.50000000009033,5.));
#10293=VECTOR('',#10294,1.);
#10294=DIRECTION('',(0.,1.,1.97372982159545E-16));
#10295=CARTESIAN_POINT('',(-14.,-3.06161699786838E-16,5.));
#10296=VECTOR('',#10297,1.);
#10297=DIRECTION('',(0.,1.,2.53765262764915E-16));
#10298=CARTESIAN_POINT('',(-17.,-8.72863836802279E-16,8.));
#10299=VECTOR('',#10300,1.);
#10300=DIRECTION('',(0.,1.,4.44089209850063E-16));
#10301=CARTESIAN_POINT('',(-18.4578994759284,4.08711768514202,8.));
#10302=CARTESIAN_POINT('',(-18.4578994759284,4.08711768514203,8.));
#10303=VECTOR('',#10304,1.);
#10304=DIRECTION('',(0.,1.,0.));
#10305=CARTESIAN_POINT('',(-18.4892457756475,3.3295293816981,8.));
#10306=CARTESIAN_POINT('',(-18.4892457756475,-3.81733461682698E-17,8.));
#10307=VECTOR('',#10308,1.);
#10308=DIRECTION('',(0.,1.,0.));
#10309=CARTESIAN_POINT('',(-18.4892457756475,3.3295293816981,8.));
#10310=CARTESIAN_POINT('',(-18.4831640838246,3.40710762465823,8.));
#10311=CARTESIAN_POINT('',(-18.4722385974086,3.56611237922239,8.));
#10312=CARTESIAN_POINT('',(-18.4609140891475,3.81780299717831,8.));
#10313=CARTESIAN_POINT('',(-18.4578994759284,3.99550848335287,8.));
#10314=CARTESIAN_POINT('',(-18.4578994759284,4.08711768514203,8.));
#10315=CARTESIAN_POINT('',(-22.4578994759284,4.08711768514202,12.));
#10316=CARTESIAN_POINT('',(-22.4578994759284,4.08711768514202,12.));
#10317=VECTOR('',#10318,1.);
#10318=DIRECTION('',(0.,1.,0.));
#10319=CARTESIAN_POINT('',(-22.4578994759284,4.08711768514202,12.));
#10320=CARTESIAN_POINT('',(-22.457899559631,4.08711768514218,11.9673024718176));
#10321=CARTESIAN_POINT('',(-22.4570981134657,4.08711768514341,11.9019553176191));
#10322=CARTESIAN_POINT('',(-22.4542809008607,4.08711768513957,11.8253639686041));
#10323=CARTESIAN_POINT('',(-22.4508109010337,4.08711768514938,11.7602543770379));
#10324=CARTESIAN_POINT('',(-22.4458847182543,4.08711768507811,11.6850973904264));
#10325=CARTESIAN_POINT('',(-22.4349248356311,4.0871176857425,11.5629122790153));
#10326=CARTESIAN_POINT('',(-22.4180337650489,4.08711768543106,11.4311361605674));
#10327=CARTESIAN_POINT('',(-22.3965992345653,4.08711768503842,11.2993700161795));
#10328=CARTESIAN_POINT('',(-22.3672424811627,4.08711768542806,11.1461669583786));
#10329=CARTESIAN_POINT('',(-22.3303805384289,4.08711768554392,10.9929047222819));
#10330=CARTESIAN_POINT('',(-22.2845166341091,4.08711768502087,10.8327043652383));
#10331=CARTESIAN_POINT('',(-22.2338923131325,4.08711768541135,10.6751490681765));
#10332=CARTESIAN_POINT('',(-22.1761448741013,4.08711768548639,10.5219916436194));
#10333=CARTESIAN_POINT('',(-22.1158604244742,4.08711768510853,10.380288333784));
#10334=CARTESIAN_POINT('',(-22.0580275628202,4.08711768532525,10.2541832605018));
#10335=CARTESIAN_POINT('',(-21.9819354019776,4.08711768497477,10.1045060873554));
#10336=CARTESIAN_POINT('',(-21.9177925125843,4.08711768541752,9.99174658181749));
#10337=CARTESIAN_POINT('',(-21.8529062783502,4.08711768493863,9.88388499412413));
#10338=CARTESIAN_POINT('',(-21.7874172859486,4.087117685483,9.7808450188414));
#10339=CARTESIAN_POINT('',(-21.6939935853301,4.08711768510855,9.64722521708022));
#10340=CARTESIAN_POINT('',(-21.6308514056359,4.08711768529741,9.56390168049413));
#10341=CARTESIAN_POINT('',(-21.5783683011519,4.08711768515905,9.49717637820791));
#10342=CARTESIAN_POINT('',(-21.5334647001828,4.08711768507604,9.44178477477941));
#10343=CARTESIAN_POINT('',(-21.4683975406237,4.08711768534826,9.36562943341558));
#10344=CARTESIAN_POINT('',(-21.4068490724109,4.08711768515945,9.29696250678983));
#10345=CARTESIAN_POINT('',(-21.3470123690925,4.08711768518798,9.23316122065713));
#10346=CARTESIAN_POINT('',(-21.2971984500163,4.08711768530262,9.18224142304777));
#10347=CARTESIAN_POINT('',(-21.2544806523107,4.0871176852208,9.13994007464103));
#10348=CARTESIAN_POINT('',(-21.2083367065966,4.08711768511461,9.09535680210662));
#10349=CARTESIAN_POINT('',(-21.1504771860061,4.08711768511078,9.04147978786493));
#10350=CARTESIAN_POINT('',(-21.0832634898824,4.08711768535116,8.98171605151829));
#10351=CARTESIAN_POINT('',(-21.0166713762847,4.08711768508718,8.92507457582294));
#10352=CARTESIAN_POINT('',(-20.9495902087737,4.08711768522271,8.87046555311168));
#10353=CARTESIAN_POINT('',(-20.8989376022389,4.08711768526745,8.8310256667028));
#10354=CARTESIAN_POINT('',(-20.8524677945459,4.08711768520669,8.79582218603773));
#10355=CARTESIAN_POINT('',(-20.8052695168684,4.08711768512249,8.76087651327248));
#10356=CARTESIAN_POINT('',(-20.738497442537,4.0871176851164,8.71343947130186));
#10357=CARTESIAN_POINT('',(-20.6651128940795,4.08711768533114,8.66370868621874));
#10358=CARTESIAN_POINT('',(-20.5896999320112,4.08711768508619,8.61501144238809));
#10359=CARTESIAN_POINT('',(-20.5132781054046,4.08711768522825,8.5680736160106));
#10360=CARTESIAN_POINT('',(-20.4598061109832,4.0871176852437,8.53686595204028));
#10361=CARTESIAN_POINT('',(-20.4102554019142,4.08711768519165,8.50872297822008));
#10362=CARTESIAN_POINT('',(-20.3630386951159,4.08711768512216,8.48254661486246));
#10363=CARTESIAN_POINT('',(-20.2773086027355,4.08711768515452,8.43718420997483));
#10364=CARTESIAN_POINT('',(-20.1571135852923,4.08711768524655,8.37764631406175));
#10365=CARTESIAN_POINT('',(-20.0507083773848,4.08711768525396,8.33018698999889));
#10366=CARTESIAN_POINT('',(-19.9307004753011,4.08711768518023,8.28047685727042));
#10367=CARTESIAN_POINT('',(-19.8176010462028,4.08711768516604,8.23693139186967));
#10368=CARTESIAN_POINT('',(-19.6763744090499,4.0871176850964,8.18928318082534));
#10369=CARTESIAN_POINT('',(-19.5707016528227,4.08711768525158,8.1575890994274));
#10370=CARTESIAN_POINT('',(-19.5039031259639,4.08711768515317,8.13908218261282));
#10371=CARTESIAN_POINT('',(-19.4453304283831,4.08711768514991,8.12362367954026));
#10372=CARTESIAN_POINT('',(-19.379127318405,4.08711768513467,8.10723443376868));
#10373=CARTESIAN_POINT('',(-19.2918696585236,4.08711768517434,8.08753990773267));
#10374=CARTESIAN_POINT('',(-19.1984415966334,4.08711768515599,8.06870621976047));
#10375=CARTESIAN_POINT('',(-19.1028631969737,4.08711768512338,8.05196473927744));
#10376=CARTESIAN_POINT('',(-19.036540789607,4.08711768523995,8.04195032836727));
#10377=CARTESIAN_POINT('',(-18.9785122805946,4.08711768520728,8.03392766519392));
#10378=CARTESIAN_POINT('',(-18.923852224345,4.08711768512899,8.02698819866004));
#10379=CARTESIAN_POINT('',(-18.847705374651,4.08711768514391,8.01879110739367));
#10380=CARTESIAN_POINT('',(-18.7708108163589,4.08711768514785,8.0120066301569));
#10381=CARTESIAN_POINT('',(-18.6931807643694,4.08711768513317,8.00667156255111));
#10382=CARTESIAN_POINT('',(-18.6407311930349,4.0871176851596,8.00409364809875));
#10383=CARTESIAN_POINT('',(-18.5884637424594,4.08711768546533,8.00204721718766));
#10384=CARTESIAN_POINT('',(-18.5360578224506,4.08711768585647,8.00051080319982));
#10385=CARTESIAN_POINT('',(-18.4841290172732,4.08711768562391,7.99999996834439));
#10386=CARTESIAN_POINT('',(-18.4578994783517,4.08711768514203,8.));
#10387=CARTESIAN_POINT('',(-22.4578994759284,3.87047424692393,21.1995943227574));
#10388=AXIS2_PLACEMENT_3D('',#10389,#10390,#10391);
#10389=CARTESIAN_POINT('',(-22.4578994759284,-0.249999999999948,16.5002122377981));
#10390=DIRECTION('',(-1.,0.,1.83697019872103E-16));
#10391=DIRECTION('',(1.38121997479581E-16,0.659275879507826,0.751901133593495));
#10392=CARTESIAN_POINT('',(-22.4578994759284,3.87047424692393,21.1995943227574));
#10393=VECTOR('',#10394,1.);
#10394=DIRECTION('',(0.,1.,0.));
#10395=CARTESIAN_POINT('',(-19.8259800492311,3.87047424692393,24.9583648059011));
#10396=CARTESIAN_POINT('',(-22.4578994759284,3.87047424692393,21.1995943227574));
#10397=CARTESIAN_POINT('',(-22.4578995708955,3.87047424480985,21.2333396756522));
#10398=CARTESIAN_POINT('',(-22.4570464858095,3.87047424059158,21.3007362327265));
#10399=CARTESIAN_POINT('',(-22.4540260952156,3.87047426550141,21.3803346998336));
#10400=CARTESIAN_POINT('',(-22.4503241472037,3.87047421771858,21.4474009245636));
#10401=CARTESIAN_POINT('',(-22.4450799469744,3.87047455697901,21.5247317175879));
#10402=CARTESIAN_POINT('',(-22.433525892134,3.87047409573025,21.6497194736247));
#10403=CARTESIAN_POINT('',(-22.4153671630239,3.87047427169995,21.7872545962043));
#10404=CARTESIAN_POINT('',(-22.3926203122091,3.87047424063443,21.9223706213549));
#10405=CARTESIAN_POINT('',(-22.3615898908748,3.870474251019,22.0790128049268));
#10406=CARTESIAN_POINT('',(-22.3225176230406,3.87047424671776,22.2369492079662));
#10407=CARTESIAN_POINT('',(-22.2743297541734,3.87047424695445,22.3998291973134));
#10408=CARTESIAN_POINT('',(-22.221479511533,3.87047424709433,22.5591835408241));
#10409=CARTESIAN_POINT('',(-22.1613085332379,3.87047424722537,22.7147043476897));
#10410=CARTESIAN_POINT('',(-22.0988358730771,3.87047424686204,22.8572325342894));
#10411=CARTESIAN_POINT('',(-22.02504457087,3.87047424708292,23.0135318571659));
#10412=CARTESIAN_POINT('',(-21.9451479634075,3.87047424720258,23.1624878528625));
#10413=CARTESIAN_POINT('',(-21.8258173629636,3.87047424678818,23.3609991871746));
#10414=CARTESIAN_POINT('',(-21.7130380354058,3.87047424697137,23.528970265909));
#10415=CARTESIAN_POINT('',(-21.5694118714443,3.87047424688439,23.7159564870549));
#10416=CARTESIAN_POINT('',(-21.4157047394648,3.87047424713572,23.8964385972736));
#10417=CARTESIAN_POINT('',(-21.2974542441651,3.87047424697126,24.018743256091));
#10418=CARTESIAN_POINT('',(-21.1782450393307,3.87047424691236,24.1327710060842));
#10419=CARTESIAN_POINT('',(-21.0899913190572,3.87047424712375,24.2133114708784));
#10420=CARTESIAN_POINT('',(-20.9652636940558,3.87047424688618,24.3174319415548));
#10421=CARTESIAN_POINT('',(-20.8793815229362,3.8704742470516,24.3837392256322));
#10422=CARTESIAN_POINT('',(-20.8127478433331,3.8704742468779,24.433158253176));
#10423=CARTESIAN_POINT('',(-20.7566586760091,3.87047424690422,24.4735236141123));
#10424=CARTESIAN_POINT('',(-20.6805295703079,3.870474247088,24.5256574373798));
#10425=CARTESIAN_POINT('',(-20.6049512375216,3.87047424688116,24.5749179761611));
#10426=CARTESIAN_POINT('',(-20.5294673802317,3.87047424699348,24.6217575923277));
#10427=CARTESIAN_POINT('',(-20.4643415419047,3.87047424704079,24.6602067144654));
#10428=CARTESIAN_POINT('',(-20.4060600396153,3.87047424696429,24.6932642414137));
#10429=CARTESIAN_POINT('',(-20.3420722119429,3.87047424690389,24.72837813116));
#10430=CARTESIAN_POINT('',(-20.2625927950261,3.87047424693561,24.7698389664488));
#10431=CARTESIAN_POINT('',(-20.1814298587969,3.8704742469528,24.8095441106831));
#10432=CARTESIAN_POINT('',(-20.1141729113774,3.87047424686629,24.8407481577938));
#10433=CARTESIAN_POINT('',(-20.0614553028246,3.87047424736771,24.8642358909484));
#10434=CARTESIAN_POINT('',(-20.0267111495979,3.87047424818662,24.8791524260117));
#10435=CARTESIAN_POINT('',(-19.9954224120635,3.87047424891207,24.8923285913223));
#10436=CARTESIAN_POINT('',(-19.9643174298791,3.8704742495834,24.9051955126147));
#10437=CARTESIAN_POINT('',(-19.9190401058387,3.87047424967351,24.9232890206267));
#10438=CARTESIAN_POINT('',(-19.8725256230945,3.87047424807706,24.9412056336997));
#10439=CARTESIAN_POINT('',(-19.8414807068755,3.87047424715184,24.9527230364806));
#10440=CARTESIAN_POINT('',(-19.8259800492311,3.87047424692393,24.9583648059011));
#10441=CARTESIAN_POINT('',(-19.8259800492311,3.87047424692393,24.9583648059011));
#10442=VECTOR('',#10443,1.);
#10443=DIRECTION('',(0.,1.,0.));
#10444=CARTESIAN_POINT('',(-6.63580760966947,-6.63504301339105E-15,29.7591949587399));
#10445=VECTOR('',#10446,1.);
#10446=DIRECTION('',(0.,1.,0.));
#10447=CARTESIAN_POINT('',(-19.837613830277,3.39696714235182,24.9541304558884));
#10448=CARTESIAN_POINT('',(-19.837613830277,3.39696714235182,24.9541304558884));
#10449=CARTESIAN_POINT('',(-19.8351970714927,3.44737770074661,24.9550100841492));
#10450=CARTESIAN_POINT('',(-19.8310079453267,3.5496032976717,24.9565348013813));
#10451=CARTESIAN_POINT('',(-19.8269617934992,3.70734367065681,24.9580074802098));
#10452=CARTESIAN_POINT('',(-19.8259800492311,3.81556591130676,24.9583648059011));
#10453=CARTESIAN_POINT('',(-19.8259800492311,3.87047424692393,24.9583648059011));
#10454=CARTESIAN_POINT('',(-19.837613830277,1.34314542417933E-16,24.9541304558884));
#10455=VECTOR('',#10456,1.);
#10456=DIRECTION('',(0.,1.,0.));
#10457=CARTESIAN_POINT('',(-5.2677270363668,-4.47121177397802E-15,30.0004244755963));
#10458=VECTOR('',#10459,1.);
#10459=DIRECTION('',(0.,1.,0.));
#10460=CARTESIAN_POINT('',(-3.45789947592837,-2.69485493457777E-15,30.0004244755963));
#10461=VECTOR('',#10462,1.);
#10462=DIRECTION('',(0.,1.,0.));
#10463=CARTESIAN_POINT('',(0.542100524071627,-1.97507194766891E-15,26.0004244755963));
#10464=VECTOR('',#10465,1.);
#10465=DIRECTION('',(0.,1.,0.));
#10466=CARTESIAN_POINT('',(0.542100524071627,6.,21.5002122377981));
#10467=CARTESIAN_POINT('',(0.542100524071626,-2.06675921453731E-15,21.5002122377981));
#10468=VECTOR('',#10469,1.);
#10469=DIRECTION('',(0.,1.,0.));
#10470=CARTESIAN_POINT('',(0.542100524071623,6.,11.5002122377981));
#10471=CARTESIAN_POINT('',(0.542100524071626,6.,21.5002122377981));
#10472=VECTOR('',#10473,1.);
#10473=DIRECTION('',(-2.66453525910037E-16,1.77635683940025E-16,-1.));
#10474=CARTESIAN_POINT('',(0.542100524071623,6.,11.5002122377981));
#10475=VECTOR('',#10476,1.);
#10476=DIRECTION('',(0.,-1.,0.));
#10477=CARTESIAN_POINT('',(0.542100524071624,-6.1247164682432E-16,11.));
#10478=VECTOR('',#10479,1.);
#10479=DIRECTION('',(0.,1.,2.22044604925031E-16));
#10480=CARTESIAN_POINT('',(3.54210052407162,6.11236636894397E-32,8.));
#10481=VECTOR('',#10482,1.);
#10482=DIRECTION('',(0.,1.,0.));
#10483=CARTESIAN_POINT('',(5.12701665379258,8.,8.));
#10484=VECTOR('',#10485,1.);
#10485=DIRECTION('',(0.,-1.,-2.22044604925031E-16));
#10486=CARTESIAN_POINT('',(9.,6.,5.));
#10487=CARTESIAN_POINT('',(9.,8.,5.));
#10488=VECTOR('',#10489,1.);
#10489=DIRECTION('',(0.,-1.,-4.44089209850062E-16));
#10490=CARTESIAN_POINT('',(9.,-3.06161699786838E-16,5.));
#10491=VECTOR('',#10492,1.);
#10492=DIRECTION('',(0.,1.,2.96059473233375E-16));
#10493=CARTESIAN_POINT('',(9.,6.,-5.));
#10494=CARTESIAN_POINT('',(9.,6.,5.));
#10495=VECTOR('',#10496,1.);
#10496=DIRECTION('',(-5.32907051820075E-16,8.88178419700125E-17,-1.));
#10497=CARTESIAN_POINT('',(9.,6.,-5.));
#10498=VECTOR('',#10499,1.);
#10499=DIRECTION('',(0.,1.,0.));
#10500=CARTESIAN_POINT('',(1.59086709587578,9.51527817557412E-16,-7.69670383882352));
#10501=CARTESIAN_POINT('',(1.59086709587578,1.84418296002622E-15,-7.69670383882352));
#10502=VECTOR('',#10503,1.);
#10503=DIRECTION('',(5.55111512312578E-16,1.,4.44089209850063E-16));
#10504=CARTESIAN_POINT('',(9.,5.00167273091267E-16,-5.));
#10505=CARTESIAN_POINT('',(9.,6.,-5.));
#10506=VECTOR('',#10507,1.);
#10507=DIRECTION('',(0.,-1.,-1.48029736616688E-16));
#10508=CARTESIAN_POINT('',(1.59086709587578,5.39113306635992E-16,-7.69670383882352));
#10509=VECTOR('',#10510,1.);
#10510=DIRECTION('',(0.939692620785909,-2.95450100287066E-17,0.342020143325669));
#10511=CARTESIAN_POINT('',(0.130520544393694,2.32194813577477E-16,-8.62704719725954));
#10512=AXIS2_PLACEMENT_3D('',#10513,#10514,#10515);
#10513=CARTESIAN_POINT('',(2.95894766917845,1.40289099611118E-15,-11.4554743219672));
#10514=DIRECTION('',(3.08148791101958E-32,1.,1.22464679914735E-16));
#10515=DIRECTION('',(-0.707106781196189,-8.65956056223685E-17,0.707106781176906));
#10516=CARTESIAN_POINT('',(0.130520544393694,-6.24051276294699E-16,-8.62704719725954));
#10517=VECTOR('',#10518,1.);
#10518=DIRECTION('',(4.64905891561784E-16,1.,4.44089209850063E-16));
#10519=CARTESIAN_POINT('',(-3.07085938296707,1.02034174409442E-15,-11.8284271247076));
#10520=CARTESIAN_POINT('',(-3.07085938296707,1.25031955513065E-15,-11.8284271247076));
#10521=VECTOR('',#10522,1.);
#10522=DIRECTION('',(0.,1.,0.));
#10523=CARTESIAN_POINT('',(0.130520544393695,7.92381430216278E-16,-8.62704719725954));
#10524=VECTOR('',#10525,1.);
#10525=DIRECTION('',(-0.707106781176905,6.49467042185477E-17,-0.707106781196191));
#10526=CARTESIAN_POINT('',(-5.89928650775183,1.09207989267915E-15,-13.));
#10527=AXIS2_PLACEMENT_3D('',#10528,#10529,#10530);
#10528=CARTESIAN_POINT('',(-5.89928650775183,1.10218211923262E-15,-8.99999999999999));
#10529=DIRECTION('',(-2.17540971751502E-32,-1.,-1.22464679914735E-16));
#10530=DIRECTION('',(-2.22044604925031E-16,1.22464679914735E-16,-1.));
#10531=CARTESIAN_POINT('',(-5.89928650775183,1.28618862942301E-15,-13.));
#10532=VECTOR('',#10533,1.);
#10533=DIRECTION('',(0.,1.,0.));
#10534=CARTESIAN_POINT('',(-5.89928650775183,1.19403062916867E-15,-13.));
#10535=VECTOR('',#10536,1.);
#10536=DIRECTION('',(-1.,4.80929054609791E-32,0.));
#10537=CARTESIAN_POINT('',(-6.35455173280956,5.,-10.85));
#10538=CARTESIAN_POINT('',(-6.35455173280956,5.,-10.85));
#10539=VECTOR('',#10540,1.);
#10540=DIRECTION('',(-2.96059473233375E-16,1.,0.));
#10541=CARTESIAN_POINT('',(-4.70910346561913,5.,-8.));
#10542=CARTESIAN_POINT('',(-4.70910346561913,5.,-8.));
#10543=VECTOR('',#10544,1.);
#10544=DIRECTION('',(-0.499999999999999,2.69889499843307E-16,-0.866025403784439));
#10545=CARTESIAN_POINT('',(-4.70910346561913,5.,-8.));
#10546=VECTOR('',#10547,1.);
#10547=DIRECTION('',(-2.96059473233375E-16,1.,2.96059473233375E-16));
#10548=CARTESIAN_POINT('',(-6.35455173280957,5.,-5.15));
#10549=CARTESIAN_POINT('',(-6.35455173280957,5.,-5.15));
#10550=VECTOR('',#10551,1.);
#10551=DIRECTION('',(0.5,0.,-0.866025403784439));
#10552=CARTESIAN_POINT('',(-6.35455173280957,5.,-5.15));
#10553=VECTOR('',#10554,1.);
#10554=DIRECTION('',(0.,1.,2.96059473233375E-16));
#10555=CARTESIAN_POINT('',(-9.64544826719043,5.,-5.15));
#10556=CARTESIAN_POINT('',(-9.64544826719043,5.,-5.15));
#10557=VECTOR('',#10558,1.);
#10558=DIRECTION('',(1.,0.,5.39778999686615E-16));
#10559=CARTESIAN_POINT('',(-9.64544826719043,5.,-5.15));
#10560=VECTOR('',#10561,1.);
#10561=DIRECTION('',(0.,1.,2.96059473233375E-16));
#10562=CARTESIAN_POINT('',(-11.2908965343809,5.,-8.));
#10563=CARTESIAN_POINT('',(-11.2908965343809,5.,-8.));
#10564=VECTOR('',#10565,1.);
#10565=DIRECTION('',(0.499999999999999,-2.69889499843307E-16,0.866025403784439));
#10566=CARTESIAN_POINT('',(-11.2908965343809,5.,-8.));
#10567=VECTOR('',#10568,1.);
#10568=DIRECTION('',(0.,1.,2.96059473233375E-16));
#10569=CARTESIAN_POINT('',(-9.64544826719043,5.,-10.85));
#10570=CARTESIAN_POINT('',(-9.64544826719043,5.,-10.85));
#10571=VECTOR('',#10572,1.);
#10572=DIRECTION('',(-0.5,0.,0.866025403784439));
#10573=CARTESIAN_POINT('',(-9.64544826719043,5.,-10.85));
#10574=VECTOR('',#10575,1.);
#10575=DIRECTION('',(0.,1.,5.9211894646675E-16));
#10576=CARTESIAN_POINT('',(-6.35455173280956,5.,-10.85));
#10577=VECTOR('',#10578,1.);
#10578=DIRECTION('',(-1.,0.,-5.39778999686615E-16));
#10579=CARTESIAN_POINT('',(-22.4578994759283,3.49999999999997,21.5002122377982));
#10580=CARTESIAN_POINT('',(-22.4578994759283,-8.29874478163532E-16,21.5002122377982));
#10581=VECTOR('',#10582,1.);
#10582=DIRECTION('',(0.,1.,0.));
#10583=CARTESIAN_POINT('',(-22.4578994759283,3.49999999999997,21.5002122377982));
#10584=CARTESIAN_POINT('',(-22.4562818112307,3.49972266324886,21.521376315983));
#10585=CARTESIAN_POINT('',(-22.4527042541189,3.4991579370383,21.5637406578154));
#10586=CARTESIAN_POINT('',(-22.4463170310888,3.49828229420544,21.6272788761103));
#10587=CARTESIAN_POINT('',(-22.4388935149992,3.49737692317259,21.6908900595933));
#10588=CARTESIAN_POINT('',(-22.4304309191441,3.49644248232901,21.754526265449));
#10589=CARTESIAN_POINT('',(-22.4209274372578,3.49547944384965,21.8181484045325));
#10590=CARTESIAN_POINT('',(-22.4103895298992,3.49448915499675,21.8816804939077));
#10591=CARTESIAN_POINT('',(-22.3988233265416,3.49347236548255,21.9450690321335));
#10592=CARTESIAN_POINT('',(-22.386240370209,3.49243039207214,22.0082487136354));
#10593=CARTESIAN_POINT('',(-22.3726475376391,3.49136388776964,22.0711911450297));
#10594=CARTESIAN_POINT('',(-22.3580480287932,3.49027322334524,22.1338875304386));
#10595=CARTESIAN_POINT('',(-22.3424395225399,3.48915839038953,22.1963490083524));
#10596=CARTESIAN_POINT('',(-22.3258221298324,3.48801961528571,22.2585717921074));
#10597=CARTESIAN_POINT('',(-22.3081928851671,3.48685694172487,22.3205610977584));
#10598=CARTESIAN_POINT('',(-22.2895522310688,3.48567067488416,22.3823069552353));
#10599=CARTESIAN_POINT('',(-22.2698972468099,3.48446092609464,22.4438087917178));
#10600=CARTESIAN_POINT('',(-22.2492367499064,3.48322852740172,22.5050294789478));
#10601=CARTESIAN_POINT('',(-22.2246405571679,3.48180404146336,22.5742023652024));
#10602=CARTESIAN_POINT('',(-22.1950396662729,3.48014594226095,22.6525859969267));
#10603=CARTESIAN_POINT('',(-22.1591310281609,3.47820816223958,22.7413480860164));
#10604=CARTESIAN_POINT('',(-22.1178962564209,3.47606257511064,22.8364929205612));
#10605=CARTESIAN_POINT('',(-22.0704374660644,3.47368319449264,22.9383913265804));
#10606=CARTESIAN_POINT('',(-22.0157542208833,3.47104367739027,23.0472658123648));
#10607=CARTESIAN_POINT('',(-21.9596570573034,3.4684352250075,23.150739779008));
#10608=CARTESIAN_POINT('',(-21.9034521375041,3.46590480324086,23.2476218405991));
#10609=CARTESIAN_POINT('',(-21.8485134743797,3.46349815569024,23.3369112469455));
#10610=CARTESIAN_POINT('',(-21.7903151807479,3.46101582767568,23.4261107905869));
#10611=CARTESIAN_POINT('',(-21.7296753694809,3.45849520234974,23.5138161161002));
#10612=CARTESIAN_POINT('',(-21.6675990533227,3.45597719535161,23.5986872265727));
#10613=CARTESIAN_POINT('',(-21.6051842175779,3.45350303108465,23.6795233286516));
#10614=CARTESIAN_POINT('',(-21.542664224798,3.45107732756482,23.7564176337895));
#10615=CARTESIAN_POINT('',(-21.4807026216946,3.44872106764236,23.8289506607567));
#10616=CARTESIAN_POINT('',(-21.4189936920834,3.44641818876568,23.8978448869746));
#10617=CARTESIAN_POINT('',(-21.357640614932,3.44416875173525,23.963293798089));
#10618=CARTESIAN_POINT('',(-21.2957332671597,3.44193698963756,24.0264669362022));
#10619=CARTESIAN_POINT('',(-21.2327581237803,3.43970353325496,24.0879676329475));
#10620=CARTESIAN_POINT('',(-21.1682584017676,3.43745241368514,24.1482380457694));
#10621=CARTESIAN_POINT('',(-21.1023113602367,3.43518677038649,24.2071850583429));
#10622=CARTESIAN_POINT('',(-21.0350884514624,3.43291273382623,24.2646483877876));
#10623=CARTESIAN_POINT('',(-20.9667862619734,3.43063694678503,24.3204699747314));
#10624=CARTESIAN_POINT('',(-20.8975239115453,3.42836314739389,24.3745775330762));
#10625=CARTESIAN_POINT('',(-20.8273960438116,3.42609412485467,24.4269271597502));
#10626=CARTESIAN_POINT('',(-20.756344217433,3.42382770327197,24.4775887504203));
#10627=CARTESIAN_POINT('',(-20.6852003569638,3.42158986097275,24.5260140793478));
#10628=CARTESIAN_POINT('',(-20.6148095369614,3.41940546140404,24.5717562662797));
#10629=CARTESIAN_POINT('',(-20.5404645449834,3.4171278385359,24.6179189131196));
#10630=CARTESIAN_POINT('',(-20.4628949168223,3.41478390978291,24.6637169360618));
#10631=CARTESIAN_POINT('',(-20.382898433783,3.41240122005553,24.7084284112604));
#10632=CARTESIAN_POINT('',(-20.3075814584864,3.41018755908366,24.7483621390245));
#10633=CARTESIAN_POINT('',(-20.235585736364,3.40809715221104,24.7846630131996));
#10634=CARTESIAN_POINT('',(-20.1654650955693,3.40608447129453,24.8183160221694));
#10635=CARTESIAN_POINT('',(-20.1014019357054,3.40426628054621,24.8475512087875));
#10636=CARTESIAN_POINT('',(-20.0434645968257,3.40263773674235,24.8728316839749));
#10637=CARTESIAN_POINT('',(-19.9917893107564,3.40119691846373,24.8945185988184));
#10638=CARTESIAN_POINT('',(-19.9402758843189,3.39977201401186,24.9152972277586));
#10639=CARTESIAN_POINT('',(-19.888967048782,3.39836385913058,24.9351740310608));
#10640=CARTESIAN_POINT('',(-19.8547149212445,3.39743107111985,24.9479061801136));
#10641=CARTESIAN_POINT('',(-19.837613830277,3.39696714235182,24.9541304558884));
#10642=CARTESIAN_POINT('',(-8.45789947592837,3.49999999999997,21.5002122377981));
#10643=CARTESIAN_POINT('',(-22.4578994759284,3.49999999999997,21.5002122377981));
#10644=VECTOR('',#10645,1.);
#10645=DIRECTION('',(1.,-3.1720657846433E-17,-5.07530525542929E-16));
#10646=CARTESIAN_POINT('',(-8.45789947592837,6.,21.5002122377981));
#10647=CARTESIAN_POINT('',(-8.45789947592837,6.,21.5002122377981));
#10648=VECTOR('',#10649,1.);
#10649=DIRECTION('',(0.,-1.,0.));
#10650=CARTESIAN_POINT('',(-8.45789947592837,6.,21.5002122377981));
#10651=VECTOR('',#10652,1.);
#10652=DIRECTION('',(1.,0.,-7.89491928622334E-16));
#10653=CARTESIAN_POINT('',(-22.4578994759284,3.49999999999997,11.5002122377981));
#10654=CARTESIAN_POINT('',(-22.4578994759284,-2.41131278009166E-16,11.5002122377981));
#10655=VECTOR('',#10656,1.);
#10656=DIRECTION('',(0.,1.,0.));
#10657=CARTESIAN_POINT('',(-8.45789947592838,6.,11.5002122377981));
#10658=CARTESIAN_POINT('',(-8.45789947592838,6.,11.5002122377981));
#10659=VECTOR('',#10660,1.);
#10660=DIRECTION('',(1.,0.,-3.94745964311167E-16));
#10661=CARTESIAN_POINT('',(-8.45789947592838,3.49999999999997,11.5002122377981));
#10662=CARTESIAN_POINT('',(-8.45789947592838,3.49999999999996,11.5002122377981));
#10663=VECTOR('',#10664,1.);
#10664=DIRECTION('',(0.,1.,-7.10542735760089E-16));
#10665=CARTESIAN_POINT('',(-22.4578994759284,3.49999999999997,11.5002122377981));
#10666=VECTOR('',#10667,1.);
#10667=DIRECTION('',(1.,0.,-2.53765262771464E-16));
#10668=CARTESIAN_POINT('',(-22.4578994759284,3.49999999999997,11.5002122377981));
#10669=CARTESIAN_POINT('',(-22.4552789289211,3.49987596747005,11.4794031679015));
#10670=CARTESIAN_POINT('',(-22.4496997816344,3.49961195172137,11.4377467360619));
#10671=CARTESIAN_POINT('',(-22.4403309710816,3.49916881001027,11.3752919719953));
#10672=CARTESIAN_POINT('',(-22.4299364993451,3.49867740970049,11.3127584621002));
#10673=CARTESIAN_POINT('',(-22.4185150247159,3.49813776139987,11.2502030051564));
#10674=CARTESIAN_POINT('',(-22.4060658815338,3.49754993456664,11.1876712955636));
#10675=CARTESIAN_POINT('',(-22.3926012683359,3.49691462373781,11.1252561149122));
#10676=CARTESIAN_POINT('',(-22.3781314699794,3.49623235490286,11.0630212959862));
#10677=CARTESIAN_POINT('',(-22.3626740744267,3.4955041035826,11.0010443228538));
#10678=CARTESIAN_POINT('',(-22.3460335236944,3.49472076615711,10.9385871918172));
#10679=CARTESIAN_POINT('',(-22.3279526711682,3.49387040029285,10.8749030193911));
#10680=CARTESIAN_POINT('',(-22.3078787588853,3.49292723797616,10.8084788635597));
#10681=CARTESIAN_POINT('',(-22.285647224202,3.49188385834704,10.7393686339368));
#10682=CARTESIAN_POINT('',(-22.2592877196631,3.49064826843934,10.6623816683908));
#10683=CARTESIAN_POINT('',(-22.2269058956494,3.48913263266399,10.5740057216881));
#10684=CARTESIAN_POINT('',(-22.1800039020189,3.48694157417984,10.4555600080041));
#10685=CARTESIAN_POINT('',(-22.1174600772438,3.48402800015907,10.3128084054653));
#10686=CARTESIAN_POINT('',(-22.0378365283723,3.48033324741089,10.1510493413));
#10687=CARTESIAN_POINT('',(-21.9532951038875,3.47642744598289,9.99741615325785));
#10688=CARTESIAN_POINT('',(-21.8684788110666,3.472526627562,9.85791367513568));
#10689=CARTESIAN_POINT('',(-21.7890337089,3.46888827785323,9.73780292052879));
#10690=CARTESIAN_POINT('',(-21.7198093861865,3.46573054584213,9.64048093156795));
#10691=CARTESIAN_POINT('',(-21.6603485747253,3.46302705129805,9.56145502400497));
#10692=CARTESIAN_POINT('',(-21.605005636801,3.46051742569565,9.49105704518297));
#10693=CARTESIAN_POINT('',(-21.5464276042055,3.45786876451107,9.41992690575144));
#10694=CARTESIAN_POINT('',(-21.4843439609796,3.45507051534609,9.3481599242094));
#10695=CARTESIAN_POINT('',(-21.4233267198222,3.45232889436479,9.28084574798625));
#10696=CARTESIAN_POINT('',(-21.3618990176421,3.44957724198536,9.21603129843363));
#10697=CARTESIAN_POINT('',(-21.298407997904,3.44674197660048,9.15194502836622));
#10698=CARTESIAN_POINT('',(-21.2358019152878,3.44395537963371,9.09158745043449));
#10699=CARTESIAN_POINT('',(-21.1744127148032,3.44123143662644,9.03487915511132));
#10700=CARTESIAN_POINT('',(-21.1131651376631,3.43852166422762,8.98049448551532));
#10701=CARTESIAN_POINT('',(-21.0465568491695,3.4355840027736,8.92381227049567));
#10702=CARTESIAN_POINT('',(-20.9636633438124,3.43194076533893,8.85646729251176));
#10703=CARTESIAN_POINT('',(-20.8596103818367,3.42738793626765,8.77682711251545));
#10704=CARTESIAN_POINT('',(-20.7281143237953,3.42166813555824,8.68376558197063));
#10705=CARTESIAN_POINT('',(-20.5686105732177,3.41477808339691,8.58090986863577));
#10706=CARTESIAN_POINT('',(-20.386051926789,3.40695798057241,8.47596607737942));
#10707=CARTESIAN_POINT('',(-20.1863927551981,3.39848548854467,8.37559941312599));
#10708=CARTESIAN_POINT('',(-20.005397491742,3.39087792366229,8.29692403977357));
#10709=CARTESIAN_POINT('',(-19.8516249328922,3.38446608830865,8.23834498638023));
#10710=CARTESIAN_POINT('',(-19.7241065178392,3.3791802291969,8.19464956679814));
#10711=CARTESIAN_POINT('',(-19.6017031682438,3.37413495628742,8.15708012549876));
#10712=CARTESIAN_POINT('',(-19.4806048018845,3.36917170636977,8.12416105902031));
#10713=CARTESIAN_POINT('',(-19.3766696038299,3.36493451872469,8.09927010280559));
#10714=CARTESIAN_POINT('',(-19.2885620158905,3.36135791894185,8.08042835604816));
#10715=CARTESIAN_POINT('',(-19.21548708999,3.35840146681362,8.06625601604258));
#10716=CARTESIAN_POINT('',(-19.1453306125946,3.35557212195113,8.05397035505903));
#10717=CARTESIAN_POINT('',(-19.0781061722035,3.35286921573258,8.04339359895128));
#10718=CARTESIAN_POINT('',(-19.0122305351365,3.35022826259248,8.03415474933735));
#10719=CARTESIAN_POINT('',(-18.946918278769,3.34761738928073,8.02608737685417));
#10720=CARTESIAN_POINT('',(-18.8814208563477,3.34500660319698,8.01908977998971));
#10721=CARTESIAN_POINT('',(-18.8158232601038,3.34239929110344,8.01317264050733));
#10722=CARTESIAN_POINT('',(-18.7502140678902,3.33979894038124,8.00834173257262));
#10723=CARTESIAN_POINT('',(-18.6847021683652,3.33720980212239,8.00459912452973));
#10724=CARTESIAN_POINT('',(-18.619350782031,3.33463427999868,8.00193884990677));
#10725=CARTESIAN_POINT('',(-18.5542235018438,3.3320747652937,8.00035162433634));
#10726=CARTESIAN_POINT('',(-18.5108753896502,3.33037590171102,7.99999997940434));
#10727=CARTESIAN_POINT('',(-18.4892457756475,3.32952938169809,8.));
#10728=CARTESIAN_POINT('',(9.18485099360515E-16,6.,5.));
#10729=CARTESIAN_POINT('',(6.12323399573688E-16,3.50000000009006,5.00000000000019));
#10730=CARTESIAN_POINT('',(9.18485099360515E-16,6.,5.));
#10731=VECTOR('',#10732,1.);
#10732=DIRECTION('',(-7.88860905249516E-32,-1.,-3.55271367892887E-16));
#10733=CARTESIAN_POINT('',(9.18485099360515E-16,6.,5.));
#10734=VECTOR('',#10735,1.);
#10735=DIRECTION('',(1.,0.,-1.97372982155583E-16));
#10736=CARTESIAN_POINT('',(-14.,3.50000000009006,5.0000000000002));
#10737=VECTOR('',#10738,1.);
#10738=DIRECTION('',(1.,0.,-1.90323947078598E-16));
#10739=CARTESIAN_POINT('',(-14.,7.50250909636901E-16,-5.));
#10740=VECTOR('',#10741,1.);
#10741=DIRECTION('',(1.,-8.57457505675013E-33,-1.93082265152201E-16));
#10742=CARTESIAN_POINT('',(-6.3,0.,-8.));
#10743=AXIS2_PLACEMENT_3D('',#10744,#10745,#10746);
#10744=CARTESIAN_POINT('',(-8.,9.79717439317882E-16,-8.));
#10745=DIRECTION('',(2.17540971751502E-32,1.,1.22464679914735E-16));
#10746=DIRECTION('',(1.,-2.17540971751502E-32,0.));
#10747=CARTESIAN_POINT('',(-1.79656129250658E-15,3.11736161641925,-4.99999999999028));
#10748=CARTESIAN_POINT('',(-9.18485099360514E-16,6.,-5.));
#10749=CARTESIAN_POINT('',(-9.18485099360515E-16,3.11736161640328,-5.));
#10750=VECTOR('',#10751,1.);
#10751=DIRECTION('',(1.36829667867798E-31,1.,6.16226041222644E-16));
#10752=CARTESIAN_POINT('',(-14.,3.11736161641925,-4.99999999999028));
#10753=VECTOR('',#10754,1.);
#10754=DIRECTION('',(1.,0.,-1.90323947078598E-16));
#10755=CARTESIAN_POINT('',(-9.18485099360514E-16,6.,-5.));
#10756=VECTOR('',#10757,1.);
#10757=DIRECTION('',(1.,0.,-1.97372982155583E-16));
#10758=CARTESIAN_POINT('',(1.16282810742983E-17,6.,0.126602827660399));
#10759=AXIS2_PLACEMENT_3D('',#10760,#10761,#10762);
#10760=CARTESIAN_POINT('',(2.32565621485959E-17,-7.3164121796371E-18,0.126602827660395));
#10761=DIRECTION('',(-1.,-1.3561950406742E-32,1.83697019872103E-16));
#10762=DIRECTION('',(9.86076131526265E-32,1.,6.10622663543836E-16));
#10763=AXIS2_PLACEMENT_3D('',#10764,#10765,#10766);
#10764=CARTESIAN_POINT('',(2.32565621485959E-17,-7.3164121796371E-18,0.126602827660395));
#10765=DIRECTION('',(-1.,0.,1.83697019872103E-16));
#10766=DIRECTION('',(1.49204756201998E-16,0.583333333348299,0.812232862056665));
#10767=AXIS2_PLACEMENT_3D('',#10768,#10769,#10770);
#10768=CARTESIAN_POINT('',(-22.4578994759284,-0.249999999999948,16.5002122377981));
#10769=DIRECTION('',(1.,0.,-2.368475785867E-16));
#10770=DIRECTION('',(-1.89478062869361E-16,0.599999999999995,-0.800000000000004));
#10771=CARTESIAN_POINT('',(-8.45789947592838,6.,16.5002122377981));
#10772=AXIS2_PLACEMENT_3D('',#10773,#10774,#10775);
#10773=CARTESIAN_POINT('',(-8.45789947592838,-0.249999999999948,16.5002122377981));
#10774=DIRECTION('',(-1.,0.,1.83697019872103E-16));
#10775=DIRECTION('',(1.04419666440722E-31,1.,5.68434188608085E-16));
#10776=AXIS2_PLACEMENT_3D('',#10777,#10778,#10779);
#10777=CARTESIAN_POINT('',(-8.45789947592838,-0.249999999999948,16.5002122377981));
#10778=DIRECTION('',(-1.,0.,1.83697019872103E-16));
#10779=DIRECTION('',(1.46957615897683E-16,0.599999999999994,0.800000000000004));
#10780=AXIS2_PLACEMENT_3D('',#10781,#10782,#10783);
#10781=CARTESIAN_POINT('',(-22.4578994759284,-0.249999999999948,16.5002122377981));
#10782=DIRECTION('',(-1.,0.,2.368475785867E-16));
#10783=DIRECTION('',(1.89478062869361E-16,0.599999999999994,0.800000000000004));
#10784=CARTESIAN_POINT('',(-8.45789947592838,6.,11.5002122377981));
#10785=VECTOR('',#10786,1.);
#10786=DIRECTION('',(3.5527136788005E-16,-1.77635683940025E-16,1.));
#10787=CARTESIAN_POINT('',(-8.45789947592838,6.,16.5002122377981));
#10788=VECTOR('',#10789,1.);
#10789=DIRECTION('',(0.,-1.77635683940025E-16,1.));
#10790=CARTESIAN_POINT('',(-9.18485099360515E-16,6.,-5.));
#10791=VECTOR('',#10792,1.);
#10792=DIRECTION('',(1.83697019872103E-16,-1.73248923226116E-16,1.));
#10793=CARTESIAN_POINT('',(2.32565621485963E-17,6.,0.126602827660396));
#10794=VECTOR('',#10795,1.);
#10795=DIRECTION('',(1.83697019872103E-16,-1.82250366282732E-16,1.));
#10796=CARTESIAN_POINT('',(-6.3,5.,-8.));
#10797=AXIS2_PLACEMENT_3D('',#10798,#10799,#10800);
#10798=CARTESIAN_POINT('',(-8.,5.,-8.));
#10799=DIRECTION('',(1.4791141972894E-32,1.,1.66533453693773E-16));
#10800=DIRECTION('',(1.,-1.4791141972894E-32,0.));
#10801=CARTESIAN_POINT('',(-22.4578994759284,-1.19424995186454E-15,11.5002122377981));
#10802=CARTESIAN_POINT('',(-18.4892457756475,-9.18691426239378E-16,8.));
#10803=AXIS2_PLACEMENT_3D('',#10804,#10805,#10806);
#10804=CARTESIAN_POINT('',(-18.4892457756475,-1.46957615897682E-15,12.));
#10805=DIRECTION('',(2.17540971751502E-32,1.,1.22464679914735E-16));
#10806=DIRECTION('',(1.77635683940025E-15,1.22464679914735E-16,-1.));
#10807=CARTESIAN_POINT('',(0.542100524071624,-3.98023205539897E-16,11.5002122377981));
#10808=CARTESIAN_POINT('',(-22.4578994759284,-9.03196508096684E-16,11.5002122377981));
#10809=VECTOR('',#10810,1.);
#10810=DIRECTION('',(1.,0.,-7.72329060608805E-17));
#10811=CARTESIAN_POINT('',(0.542100524071623,-4.13262381053513E-16,11.));
#10812=CARTESIAN_POINT('',(0.542100524071623,-8.41938176505301E-16,11.));
#10813=VECTOR('',#10814,1.);
#10814=DIRECTION('',(4.43900784799749E-16,-1.22464679914736E-16,1.));
#10815=CARTESIAN_POINT('',(3.54210052407162,-6.53144959545255E-16,8.));
#10816=AXIS2_PLACEMENT_3D('',#10817,#10818,#10819);
#10817=CARTESIAN_POINT('',(3.54210052407162,-1.34711147906209E-15,11.));
#10818=DIRECTION('',(-2.17540971751503E-32,-1.,-1.22464679914735E-16));
#10819=DIRECTION('',(-1.,2.39295068926653E-31,-1.77635683940025E-15));
#10820=CARTESIAN_POINT('',(5.,-9.4920443277863E-16,8.));
#10821=CARTESIAN_POINT('',(3.54210052407162,-9.79717439317883E-16,8.));
#10822=VECTOR('',#10823,1.);
#10823=DIRECTION('',(1.,1.35273542217078E-31,0.));
#10824=CARTESIAN_POINT('',(8.87298334626898,-5.00167273090695E-16,4.99999999998597));
#10825=AXIS2_PLACEMENT_3D('',#10826,#10827,#10828);
#10826=CARTESIAN_POINT('',(5.,-4.89858719658941E-16,4.));
#10827=DIRECTION('',(2.17540971751502E-32,1.,1.22464679914735E-16));
#10828=DIRECTION('',(2.22044604925031E-16,-1.22464679914735E-16,1.));
#10829=CARTESIAN_POINT('',(-14.,-5.00167273091267E-16,5.));
#10830=CARTESIAN_POINT('',(-14.,-7.50250909636901E-16,5.));
#10831=VECTOR('',#10832,1.);
#10832=DIRECTION('',(1.,0.,-1.94154476102238E-16));
#10833=CARTESIAN_POINT('',(-17.,-6.22631953006002E-16,8.));
#10834=AXIS2_PLACEMENT_3D('',#10835,#10836,#10837);
#10835=CARTESIAN_POINT('',(-17.,-6.12323399573676E-16,5.));
#10836=DIRECTION('',(-2.17540971751502E-32,-1.,-1.22464679914735E-16));
#10837=DIRECTION('',(1.,-2.17540971751502E-32,-2.66410854738882E-48));
#10838=CARTESIAN_POINT('',(-18.4892457756475,-9.33947929509004E-16,8.));
#10839=VECTOR('',#10840,1.);
#10840=DIRECTION('',(1.,0.,-1.19278957741408E-15));
#10841=CARTESIAN_POINT('',(-2.3,0.,8.));
#10842=AXIS2_PLACEMENT_3D('',#10843,#10844,#10845);
#10843=CARTESIAN_POINT('',(-4.,-9.79717439317882E-16,8.));
#10844=DIRECTION('',(2.17540971751502E-32,1.,1.22464679914735E-16));
#10845=DIRECTION('',(1.,-2.17540971751502E-32,0.));
#10846=CARTESIAN_POINT('',(-5.26772703636678,2.36877228036829E-15,30.0004244755963));
#10847=CARTESIAN_POINT('',(-6.63580760966946,1.62970591768749E-15,29.7591949587399));
#10848=AXIS2_PLACEMENT_3D('',#10849,#10850,#10851);
#10849=CARTESIAN_POINT('',(-5.26772703636678,-2.17378705593757E-15,26.0004244755963));
#10850=DIRECTION('',(0.,1.,1.22464679914735E-16));
#10851=DIRECTION('',(-0.34202014332567,-1.15079156022785E-16,0.939692620785908));
#10852=CARTESIAN_POINT('',(-3.45789947592837,-1.48000087166559E-15,30.0004244755963));
#10853=CARTESIAN_POINT('',(-5.26772703636678,-2.22000130749838E-15,30.0004244755963));
#10854=VECTOR('',#10855,1.);
#10855=DIRECTION('',(1.,0.,0.));
#10856=CARTESIAN_POINT('',(0.542100524071626,-3.36486683640824E-15,26.0004244755963));
#10857=AXIS2_PLACEMENT_3D('',#10858,#10859,#10860);
#10858=CARTESIAN_POINT('',(-3.45789947592837,-2.17378705593757E-15,26.0004244755963));
#10859=DIRECTION('',(0.,1.,1.22464679914735E-16));
#10860=DIRECTION('',(0.,-1.22464679914735E-16,1.));
#10861=CARTESIAN_POINT('',(0.542100524071626,-1.84471460961228E-15,21.5002122377981));
#10862=CARTESIAN_POINT('',(0.542100524071626,-1.70356451538627E-15,26.0004244755963));
#10863=VECTOR('',#10864,1.);
#10864=DIRECTION('',(9.86818368520652E-17,1.79757101275296E-17,-1.));
#10865=CARTESIAN_POINT('',(-22.4578994759283,-2.02118736772929E-15,21.5002122377982));
#10866=CARTESIAN_POINT('',(-22.4578994759284,-2.14360263189381E-15,21.5002122377981));
#10867=VECTOR('',#10868,1.);
#10868=DIRECTION('',(1.,1.93082265152201E-17,0.));
#10869=CARTESIAN_POINT('',(-19.837613830277,-1.39896948542683E-15,24.9541304558884));
#10870=AXIS2_PLACEMENT_3D('',#10871,#10872,#10873);
#10871=CARTESIAN_POINT('',(-18.4695332569744,-1.58533636962621E-15,21.1953599727448));
#10872=DIRECTION('',(0.,1.,1.22464679914735E-16));
#10873=DIRECTION('',(-0.99709155473845,-9.33340876526087E-18,0.0762130662633435));
#10874=CARTESIAN_POINT('',(-19.837613830277,-9.88231203515076E-16,24.9541304558884));
#10875=VECTOR('',#10876,1.);
#10876=DIRECTION('',(0.939692620785909,-8.5360532433432E-18,0.342020143325669));
#10877=CARTESIAN_POINT('',(-6.3,0.,25.0004244755963));
#10878=AXIS2_PLACEMENT_3D('',#10879,#10880,#10881);
#10879=CARTESIAN_POINT('',(-8.,-2.05132237602284E-15,25.0004244755963));
#10880=DIRECTION('',(0.,1.,1.22464679914735E-16));
#10881=DIRECTION('',(1.,7.98258448657865E-65,-6.518274895371E-49));
#10882=CARTESIAN_POINT('',(1.59086709587579,-8.,-7.69670383882351));
#10883=CARTESIAN_POINT('',(0.130520544393705,-8.,-8.62704719725953));
#10884=AXIS2_PLACEMENT_3D('',#10885,#10886,#10887);
#10885=CARTESIAN_POINT('',(2.95894766917847,-8.,-11.4554743219671));
#10886=DIRECTION('',(2.46519032881566E-32,1.,1.66533453693773E-16));
#10887=DIRECTION('',(-0.707106781196191,-1.17756934399677E-16,0.707106781176905));
#10888=CARTESIAN_POINT('',(9.,-8.,-5.));
#10889=CARTESIAN_POINT('',(1.59086709587579,-8.,-7.69670383882352));
#10890=VECTOR('',#10891,1.);
#10891=DIRECTION('',(0.939692620785909,2.25293490542981E-16,0.342020143325668));
#10892=CARTESIAN_POINT('',(9.,-8.,4.));
#10893=CARTESIAN_POINT('',(9.,-8.,4.));
#10894=VECTOR('',#10895,1.);
#10895=DIRECTION('',(-1.97372982155583E-16,0.,-1.));
#10896=CARTESIAN_POINT('',(5.,-8.,8.));
#10897=AXIS2_PLACEMENT_3D('',#10898,#10899,#10900);
#10898=CARTESIAN_POINT('',(5.,-8.,4.));
#10899=DIRECTION('',(-2.95822839457879E-32,-1.,-1.66533453693773E-16));
#10900=DIRECTION('',(1.,-4.80712114119054E-32,1.11022302462516E-16));
#10901=CARTESIAN_POINT('',(3.54210052407162,-8.,8.));
#10902=CARTESIAN_POINT('',(3.54210052407162,-8.,8.));
#10903=VECTOR('',#10904,1.);
#10904=DIRECTION('',(1.,0.,0.));
#10905=CARTESIAN_POINT('',(0.542100524071623,-8.,11.));
#10906=AXIS2_PLACEMENT_3D('',#10907,#10908,#10909);
#10907=CARTESIAN_POINT('',(3.54210052407162,-8.,11.));
#10908=DIRECTION('',(2.95822839457879E-32,1.,1.66533453693773E-16));
#10909=DIRECTION('',(-1.48029736616687E-16,1.66533453693773E-16,-1.));
#10910=CARTESIAN_POINT('',(0.542100524071626,-8.,26.0004244755963));
#10911=CARTESIAN_POINT('',(0.542100524071625,-8.,26.0004244755963));
#10912=VECTOR('',#10913,1.);
#10913=DIRECTION('',(-1.03617883414158E-16,2.36840876375219E-16,-1.));
#10914=CARTESIAN_POINT('',(-3.45789947592837,-8.,30.0004244755963));
#10915=AXIS2_PLACEMENT_3D('',#10916,#10917,#10918);
#10916=CARTESIAN_POINT('',(-3.45789947592837,-8.00000000000001,26.0004244755963));
#10917=DIRECTION('',(-2.95822839457879E-32,-1.,-1.66533453693773E-16));
#10918=DIRECTION('',(1.,1.18329135783152E-31,-8.88178419700126E-16));
#10919=CARTESIAN_POINT('',(-5.26772703636678,-8.,30.0004244755963));
#10920=CARTESIAN_POINT('',(-3.45789947592837,-8.00000000000001,30.0004244755963));
#10921=VECTOR('',#10922,1.);
#10922=DIRECTION('',(-1.,0.,0.));
#10923=CARTESIAN_POINT('',(-6.63580760966946,-8.,29.7591949587399));
#10924=AXIS2_PLACEMENT_3D('',#10925,#10926,#10927);
#10925=CARTESIAN_POINT('',(-5.26772703636678,-8.00000000000001,26.0004244755963));
#10926=DIRECTION('',(-2.95822839457879E-32,-1.,-1.66533453693773E-16));
#10927=DIRECTION('',(8.88178419700125E-16,-1.66533453693773E-16,1.));
#10928=CARTESIAN_POINT('',(-19.825980049231,-8.,24.9583648059011));
#10929=CARTESIAN_POINT('',(-6.63580760966946,-8.00000000000001,29.7591949587399));
#10930=VECTOR('',#10931,1.);
#10931=DIRECTION('',(-0.939692620785909,0.,-0.342020143325669));
#10932=CARTESIAN_POINT('',(-22.4578994759284,-8.,21.1995943227574));
#10933=AXIS2_PLACEMENT_3D('',#10934,#10935,#10936);
#10934=CARTESIAN_POINT('',(-18.4578994759284,-8.,21.1995943227574));
#10935=DIRECTION('',(-2.95822839457879E-32,-1.,-1.66533453693773E-16));
#10936=DIRECTION('',(-0.342020143325669,-1.56490257550031E-16,0.939692620785908));
#10937=CARTESIAN_POINT('',(-22.4578994759284,-8.,12.));
#10938=CARTESIAN_POINT('',(-22.4578994759284,-8.,21.1995943227574));
#10939=VECTOR('',#10940,1.);
#10940=DIRECTION('',(0.,3.86181559116362E-16,-1.));
#10941=CARTESIAN_POINT('',(-18.4578994759284,-8.,8.));
#10942=AXIS2_PLACEMENT_3D('',#10943,#10944,#10945);
#10943=CARTESIAN_POINT('',(-18.4578994759284,-8.,12.));
#10944=DIRECTION('',(-2.95822839457879E-32,-1.,-1.66533453693773E-16));
#10945=DIRECTION('',(-1.,2.95822839457879E-32,4.92643991364193E-48));
#10946=CARTESIAN_POINT('',(-17.,-8.,8.));
#10947=CARTESIAN_POINT('',(-18.4578994759284,-8.,8.));
#10948=VECTOR('',#10949,1.);
#10949=DIRECTION('',(1.,0.,0.));
#10950=CARTESIAN_POINT('',(-14.,-8.,5.));
#10951=AXIS2_PLACEMENT_3D('',#10952,#10953,#10954);
#10952=CARTESIAN_POINT('',(-17.,-8.,5.));
#10953=DIRECTION('',(2.95822839457879E-32,1.,1.66533453693773E-16));
#10954=DIRECTION('',(-4.92643991364193E-48,-1.66533453693773E-16,1.));
#10955=CARTESIAN_POINT('',(-14.,-8.,-9.));
#10956=CARTESIAN_POINT('',(-14.,-8.,5.));
#10957=VECTOR('',#10958,1.);
#10958=DIRECTION('',(-3.80647894157197E-16,1.26882631385732E-16,-1.));
#10959=CARTESIAN_POINT('',(-10.,-8.,-13.));
#10960=AXIS2_PLACEMENT_3D('',#10961,#10962,#10963);
#10961=CARTESIAN_POINT('',(-10.,-8.,-8.99999999999999));
#10962=DIRECTION('',(-2.95822839457879E-32,-1.,-1.66533453693773E-16));
#10963=DIRECTION('',(-1.,1.77493703674728E-31,-8.88178419700126E-16));
#10964=CARTESIAN_POINT('',(-5.89928650775183,-8.,-13.));
#10965=CARTESIAN_POINT('',(-10.,-8.,-13.));
#10966=VECTOR('',#10967,1.);
#10967=DIRECTION('',(1.,0.,0.));
#10968=CARTESIAN_POINT('',(-3.07085938296706,-8.,-11.8284271247076));
#10969=AXIS2_PLACEMENT_3D('',#10970,#10971,#10972);
#10970=CARTESIAN_POINT('',(-5.89928650775183,-8.,-8.99999999999999));
#10971=DIRECTION('',(-2.95822839457879E-32,-1.,-1.66533453693773E-16));
#10972=DIRECTION('',(-2.22044604925031E-16,1.66533453693773E-16,-1.));
#10973=CARTESIAN_POINT('',(-3.07085938296707,-8.,-11.8284271247076));
#10974=VECTOR('',#10975,1.);
#10975=DIRECTION('',(0.707106781176905,-1.96176960471762E-16,0.70710678119619));
#10976=CARTESIAN_POINT('',(-6.3,-8.,25.0004244755963));
#10977=AXIS2_PLACEMENT_3D('',#10978,#10979,#10980);
#10978=CARTESIAN_POINT('',(-8.,-8.00000000000001,25.0004244755963));
#10979=DIRECTION('',(2.95822839457879E-32,1.,1.66533453693773E-16));
#10980=DIRECTION('',(1.,-2.95822839457879E-32,0.));
#10981=CARTESIAN_POINT('',(-2.3,-8.,8.));
#10982=AXIS2_PLACEMENT_3D('',#10983,#10984,#10985);
#10983=CARTESIAN_POINT('',(-4.,-8.,8.));
#10984=DIRECTION('',(2.95822839457879E-32,1.,1.66533453693773E-16));
#10985=DIRECTION('',(1.,-2.95822839457879E-32,0.));
#10986=CARTESIAN_POINT('',(-6.3,-8.,-8.));
#10987=AXIS2_PLACEMENT_3D('',#10988,#10989,#10990);
#10988=CARTESIAN_POINT('',(-8.,-8.,-8.));
#10989=DIRECTION('',(2.95822839457879E-32,1.,1.66533453693773E-16));
#10990=DIRECTION('',(1.,-2.95822839457879E-32,0.));
#10991=CARTESIAN_POINT('',(3.54210052407162,-8.,8.));
#10992=VECTOR('',#10993,1.);
#10993=DIRECTION('',(0.,1.,1.11022302462516E-16));
#10994=CARTESIAN_POINT('',(0.542100524071623,-8.,11.));
#10995=VECTOR('',#10996,1.);
#10996=DIRECTION('',(0.,1.,0.));
#10997=CARTESIAN_POINT('',(5.,-1.37803713935907E-15,8.));
#10998=VECTOR('',#10999,1.);
#10999=DIRECTION('',(0.,-1.,-2.22044604925031E-16));
#11000=CARTESIAN_POINT('',(9.,-6.,4.));
#11001=CARTESIAN_POINT('',(9.,-6.,4.));
#11002=VECTOR('',#11003,1.);
#11003=DIRECTION('',(0.,-1.,0.));
#11004=CARTESIAN_POINT('',(9.,-6.,-5.));
#11005=CARTESIAN_POINT('',(9.,-8.,-5.));
#11006=VECTOR('',#11007,1.);
#11007=DIRECTION('',(0.,1.,0.));
#11008=CARTESIAN_POINT('',(9.,-6.,-5.));
#11009=VECTOR('',#11010,1.);
#11010=DIRECTION('',(1.97372982155583E-16,-9.86864910777917E-17,1.));
#11011=CARTESIAN_POINT('',(8.87298334620742,-6.,5.));
#11012=CARTESIAN_POINT('',(8.87298334626898,-4.44089209850063E-16,4.99999999998597));
#11013=VECTOR('',#11014,1.);
#11014=DIRECTION('',(-1.02614213422688E-11,-1.,2.33768560065073E-12));
#11015=CARTESIAN_POINT('',(9.18485099360515E-16,-6.,5.));
#11016=CARTESIAN_POINT('',(9.18485099360515E-16,-6.,5.));
#11017=VECTOR('',#11018,1.);
#11018=DIRECTION('',(1.,0.,-2.00198374108244E-16));
#11019=CARTESIAN_POINT('',(6.12323399573688E-16,-3.49999999991103,5.00000000000019));
#11020=CARTESIAN_POINT('',(9.18485099360515E-16,-3.4999999999113,5.));
#11021=VECTOR('',#11022,1.);
#11022=DIRECTION('',(-7.88860905193021E-32,-1.,-3.55271367867444E-16));
#11023=CARTESIAN_POINT('',(-14.,-3.49999999991109,5.00000000000015));
#11024=CARTESIAN_POINT('',(-14.,-3.49999999991103,5.0000000000002));
#11025=VECTOR('',#11026,1.);
#11026=DIRECTION('',(1.,0.,-1.90323947078598E-16));
#11027=CARTESIAN_POINT('',(-14.,-3.4999999999113,5.));
#11028=VECTOR('',#11029,1.);
#11029=DIRECTION('',(0.,1.,2.53765262777896E-16));
#11030=CARTESIAN_POINT('',(-14.,-8.,5.));
#11031=VECTOR('',#11032,1.);
#11032=DIRECTION('',(0.,1.,3.94745964303386E-16));
#11033=CARTESIAN_POINT('',(-17.,-8.,8.));
#11034=VECTOR('',#11035,1.);
#11035=DIRECTION('',(0.,1.,2.22044604925031E-16));
#11036=CARTESIAN_POINT('',(-18.4578994759284,-4.08711768514205,8.));
#11037=CARTESIAN_POINT('',(-18.4578994759284,-8.,8.));
#11038=VECTOR('',#11039,1.);
#11039=DIRECTION('',(0.,1.,4.53976556528441E-16));
#11040=CARTESIAN_POINT('',(-18.4892457756475,-3.32952938169813,8.));
#11041=CARTESIAN_POINT('',(-18.4578994759284,-4.08711768514205,8.));
#11042=CARTESIAN_POINT('',(-18.4578994759284,-3.99550848335289,8.));
#11043=CARTESIAN_POINT('',(-18.4609140891475,-3.81780299717834,8.));
#11044=CARTESIAN_POINT('',(-18.4722385974086,-3.56611237922242,8.));
#11045=CARTESIAN_POINT('',(-18.4831640838246,-3.40710762465826,8.));
#11046=CARTESIAN_POINT('',(-18.4892457756475,-3.32952938169813,8.));
#11047=CARTESIAN_POINT('',(-18.4892457756475,-3.32952938169813,8.));
#11048=VECTOR('',#11049,1.);
#11049=DIRECTION('',(1.06703178483097E-15,1.,0.));
#11050=CARTESIAN_POINT('',(-22.4578994759284,-3.87047424692392,21.1995943227574));
#11051=CARTESIAN_POINT('',(-22.4578994759284,-8.,21.1995943227574));
#11052=VECTOR('',#11053,1.);
#11053=DIRECTION('',(0.,1.,0.));
#11054=CARTESIAN_POINT('',(-22.4578994759284,-4.08711768514205,12.));
#11055=AXIS2_PLACEMENT_3D('',#11056,#11057,#11058);
#11056=CARTESIAN_POINT('',(-22.4578994759284,0.249999999999944,16.5002122377981));
#11057=DIRECTION('',(-1.,0.,1.83697019872103E-16));
#11058=DIRECTION('',(-1.32268092300078E-16,-0.693938829622724,-0.720033958047705));
#11059=CARTESIAN_POINT('',(-22.4578994759284,-8.,12.));
#11060=VECTOR('',#11061,1.);
#11061=DIRECTION('',(0.,1.,0.));
#11062=CARTESIAN_POINT('',(-22.4578994759284,-3.49999999999999,11.5002122377981));
#11063=CARTESIAN_POINT('',(-22.4578994759284,-3.49999999999999,11.5002122377981));
#11064=VECTOR('',#11065,1.);
#11065=DIRECTION('',(0.,1.,0.));
#11066=CARTESIAN_POINT('',(-8.45789947592838,-3.49999999999999,11.5002122377981));
#11067=CARTESIAN_POINT('',(-22.4578994759284,-3.49999999999999,11.5002122377981));
#11068=VECTOR('',#11069,1.);
#11069=DIRECTION('',(1.,0.,-2.53765262771464E-16));
#11070=CARTESIAN_POINT('',(-8.45789947592838,-6.,11.5002122377981));
#11071=CARTESIAN_POINT('',(-8.45789947592838,-6.,11.5002122377981));
#11072=VECTOR('',#11073,1.);
#11073=DIRECTION('',(0.,1.,-7.10542735760098E-16));
#11074=CARTESIAN_POINT('',(0.542100524071624,-6.,11.5002122377981));
#11075=CARTESIAN_POINT('',(-8.45789947592838,-6.,11.5002122377981));
#11076=VECTOR('',#11077,1.);
#11077=DIRECTION('',(1.,0.,0.));
#11078=CARTESIAN_POINT('',(0.542100524071623,-3.98023205539897E-16,11.5002122377981));
#11079=VECTOR('',#11080,1.);
#11080=DIRECTION('',(0.,-1.,0.));
#11081=CARTESIAN_POINT('',(0.542100524071627,-8.,26.0004244755963));
#11082=VECTOR('',#11083,1.);
#11083=DIRECTION('',(0.,1.,0.));
#11084=CARTESIAN_POINT('',(0.542100524071626,-6.,21.5002122377981));
#11085=CARTESIAN_POINT('',(0.542100524071623,-6.,11.5002122377981));
#11086=VECTOR('',#11087,1.);
#11087=DIRECTION('',(2.66453525910038E-16,-1.77635683940025E-16,1.));
#11088=CARTESIAN_POINT('',(0.542100524071626,-6.,21.5002122377981));
#11089=VECTOR('',#11090,1.);
#11090=DIRECTION('',(0.,1.,0.));
#11091=CARTESIAN_POINT('',(-6.63580760966946,-8.,29.7591949587399));
#11092=VECTOR('',#11093,1.);
#11093=DIRECTION('',(0.,1.,0.));
#11094=CARTESIAN_POINT('',(-19.837613830277,-3.39696714235176,24.9541304558884));
#11095=CARTESIAN_POINT('',(-19.837613830277,-3.39696714235175,24.9541304558884));
#11096=VECTOR('',#11097,1.);
#11097=DIRECTION('',(0.,1.,0.));
#11098=CARTESIAN_POINT('',(-19.825980049231,-3.87047424692392,24.9583648059011));
#11099=CARTESIAN_POINT('',(-19.825980049231,-3.87047424692393,24.9583648059011));
#11100=CARTESIAN_POINT('',(-19.825980049231,-3.81556591130675,24.9583648059011));
#11101=CARTESIAN_POINT('',(-19.8269617934991,-3.70734367065679,24.9580074802098));
#11102=CARTESIAN_POINT('',(-19.8310079453267,-3.54960329767166,24.9565348013813));
#11103=CARTESIAN_POINT('',(-19.8351970714927,-3.44737770074656,24.9550100841493));
#11104=CARTESIAN_POINT('',(-19.837613830277,-3.39696714235176,24.9541304558884));
#11105=CARTESIAN_POINT('',(-19.825980049231,-8.00000000000001,24.9583648059011));
#11106=VECTOR('',#11107,1.);
#11107=DIRECTION('',(0.,1.,0.));
#11108=CARTESIAN_POINT('',(-5.26772703636678,-8.,30.0004244755963));
#11109=VECTOR('',#11110,1.);
#11110=DIRECTION('',(0.,1.,0.));
#11111=CARTESIAN_POINT('',(-3.45789947592837,-8.,30.0004244755963));
#11112=VECTOR('',#11113,1.);
#11113=DIRECTION('',(-1.11022302462516E-16,1.,0.));
#11114=CARTESIAN_POINT('',(-22.4578994759283,-3.49999999999996,21.5002122377982));
#11115=CARTESIAN_POINT('',(-22.4578994759283,-3.49999999999994,21.5002122377982));
#11116=VECTOR('',#11117,1.);
#11117=DIRECTION('',(0.,1.,0.));
#11118=CARTESIAN_POINT('',(-8.45789947592837,-6.,21.5002122377981));
#11119=CARTESIAN_POINT('',(-8.45789947592837,-6.,21.5002122377981));
#11120=VECTOR('',#11121,1.);
#11121=DIRECTION('',(1.,0.,0.));
#11122=CARTESIAN_POINT('',(-8.45789947592837,-3.49999999999995,21.5002122377981));
#11123=CARTESIAN_POINT('',(-8.45789947592837,-3.49999999999993,21.5002122377981));
#11124=VECTOR('',#11125,1.);
#11125=DIRECTION('',(0.,-1.,0.));
#11126=CARTESIAN_POINT('',(-22.4578994759284,-3.49999999999996,21.5002122377981));
#11127=VECTOR('',#11128,1.);
#11128=DIRECTION('',(1.,0.,0.));
#11129=CARTESIAN_POINT('',(-14.,2.3529613739988E-15,-9.));
#11130=CARTESIAN_POINT('',(-14.,-8.,-9.));
#11131=VECTOR('',#11132,1.);
#11132=DIRECTION('',(0.,1.,0.));
#11133=CARTESIAN_POINT('',(-14.,-3.11736161663071,-4.99999999999028));
#11134=AXIS2_PLACEMENT_3D('',#11135,#11136,#11137);
#11135=CARTESIAN_POINT('',(-14.,-7.3164121801073E-18,0.126602827531816));
#11136=DIRECTION('',(-1.,1.23259516440783E-32,1.83697019872103E-16));
#11137=DIRECTION('',(-1.5695694358032E-16,-0.519560269441115,-0.854433804585397));
#11138=CARTESIAN_POINT('',(-14.,6.12323399573677E-16,-5.));
#11139=CARTESIAN_POINT('',(-14.,6.12323399573677E-16,-5.));
#11140=VECTOR('',#11141,1.);
#11141=DIRECTION('',(0.,-1.,0.));
#11142=CARTESIAN_POINT('',(-14.,9.03177014371173E-16,-9.));
#11143=VECTOR('',#11144,1.);
#11144=DIRECTION('',(-4.44089209850063E-16,-7.27134036993741E-17,1.));
#11145=CARTESIAN_POINT('',(-5.89928650775183,5.3068027963052E-16,-13.));
#11146=CARTESIAN_POINT('',(-5.89928650775183,-8.,-13.));
#11147=VECTOR('',#11148,1.);
#11148=DIRECTION('',(0.,1.,0.));
#11149=CARTESIAN_POINT('',(-10.,2.60309659226414E-15,-13.));
#11150=CARTESIAN_POINT('',(-10.,-8.,-13.));
#11151=VECTOR('',#11152,1.);
#11152=DIRECTION('',(0.,1.,0.));
#11153=CARTESIAN_POINT('',(-5.89928650775183,7.96020419445779E-16,-13.));
#11154=VECTOR('',#11155,1.);
#11155=DIRECTION('',(-1.,0.,0.));
#11156=CARTESIAN_POINT('',(0.130520544393705,2.12852636394082E-15,-8.62704719725953));
#11157=CARTESIAN_POINT('',(0.130520544393706,-7.99999999999999,-8.62704719725953));
#11158=VECTOR('',#11159,1.);
#11159=DIRECTION('',(-7.97972798949332E-17,1.,0.));
#11160=CARTESIAN_POINT('',(-3.07085938296707,1.86795374007322E-16,-11.8284271247076));
#11161=CARTESIAN_POINT('',(-3.07085938296707,-8.,-11.8284271247076));
#11162=VECTOR('',#11163,1.);
#11163=DIRECTION('',(-5.55111512312579E-17,1.,0.));
#11164=CARTESIAN_POINT('',(0.130520544393704,1.41643270651098E-15,-8.62704719725953));
#11165=VECTOR('',#11166,1.);
#11166=DIRECTION('',(-0.707106781176905,-1.52879157659397E-16,-0.707106781196191));
#11167=CARTESIAN_POINT('',(1.59086709587579,3.54609067217766E-15,-7.69670383882351));
#11168=CARTESIAN_POINT('',(1.59086709587579,-7.99999999999999,-7.69670383882352));
#11169=VECTOR('',#11170,1.);
#11170=DIRECTION('',(-1.66533453693774E-16,1.,1.11022302462516E-16));
#11171=CARTESIAN_POINT('',(9.,4.08215599715784E-16,-5.));
#11172=CARTESIAN_POINT('',(9.,3.06161699786838E-16,-5.));
#11173=VECTOR('',#11174,1.);
#11174=DIRECTION('',(-0.939692620785909,2.97850082273296E-16,-0.342020143325668));
#11175=CARTESIAN_POINT('',(9.,3.06161699786838E-16,-5.));
#11176=VECTOR('',#11177,1.);
#11177=DIRECTION('',(0.,-1.,-1.48029736616688E-16));
#11178=CARTESIAN_POINT('',(-6.3,0.,-8.));
#11179=AXIS2_PLACEMENT_3D('',#11180,#11181,#11182);
#11180=CARTESIAN_POINT('',(-8.,9.79717439317883E-16,-8.));
#11181=DIRECTION('',(2.17540971751502E-32,1.,1.22464679914735E-16));
#11182=DIRECTION('',(1.,-2.17540971751502E-32,0.));
#11183=AXIS2_PLACEMENT_3D('',#11184,#11185,#11186);
#11184=CARTESIAN_POINT('',(5.,-6.,4.));
#11185=DIRECTION('',(3.15544362088405E-32,1.,1.77635683940025E-16));
#11186=DIRECTION('',(0.968245836551854,-4.44089209850063E-17,0.25));
#11187=CARTESIAN_POINT('',(-9.18485099360515E-16,-6.,-5.));
#11188=CARTESIAN_POINT('',(-9.18485099360515E-16,-6.,-5.));
#11189=VECTOR('',#11190,1.);
#11190=DIRECTION('',(1.,0.,-1.97372982155583E-16));
#11191=CARTESIAN_POINT('',(1.16282810624879E-17,-6.,0.126602827531813));
#11192=CARTESIAN_POINT('',(2.32565621249757E-17,-6.,0.126602827531812));
#11193=VECTOR('',#11194,1.);
#11194=DIRECTION('',(-1.83697019872103E-16,1.73248923230461E-16,-1.));
#11195=CARTESIAN_POINT('',(9.18485099360515E-16,-6.,5.));
#11196=VECTOR('',#11197,1.);
#11197=DIRECTION('',(-1.83697019872103E-16,1.82250366277924E-16,-1.));
#11198=AXIS2_PLACEMENT_3D('',#11199,#11200,#11201);
#11199=CARTESIAN_POINT('',(2.32565621249759E-17,-7.3164121801073E-18,0.126602827531813));
#11200=DIRECTION('',(-1.,-8.06851445762505E-33,1.83697019872103E-16));
#11201=DIRECTION('',(-1.23259516440783E-32,-1.,-1.11022302462516E-16));
#11202=CARTESIAN_POINT('',(-6.12323399573082E-16,-3.11736161663071,-4.99999999999028));
#11203=AXIS2_PLACEMENT_3D('',#11204,#11205,#11206);
#11204=CARTESIAN_POINT('',(2.32565621249759E-17,-7.3164121801073E-18,0.126602827531813));
#11205=DIRECTION('',(-1.,0.,1.83697019872103E-16));
#11206=DIRECTION('',(-1.5695694358032E-16,-0.519560269441115,-0.854433804585397));
#11207=CARTESIAN_POINT('',(-14.,-3.11736161663071,-4.99999999999028));
#11208=VECTOR('',#11209,1.);
#11209=DIRECTION('',(1.,0.,-2.53765262771464E-16));
#11210=AXIS2_PLACEMENT_3D('',#11211,#11212,#11213);
#11211=CARTESIAN_POINT('',(-22.4578994759284,0.249999999999944,16.5002122377981));
#11212=DIRECTION('',(-1.,0.,2.53765262771464E-16));
#11213=DIRECTION('',(1.90806388744516E-16,-0.659275879507824,0.751901133593496));
#11214=CARTESIAN_POINT('',(-8.45789947592838,-6.,16.5002122377981));
#11215=AXIS2_PLACEMENT_3D('',#11216,#11217,#11218);
#11216=CARTESIAN_POINT('',(-8.45789947592838,0.249999999999944,16.5002122377981));
#11217=DIRECTION('',(-1.,0.,1.83697019872103E-16));
#11218=DIRECTION('',(0.,-1.,0.));
#11219=AXIS2_PLACEMENT_3D('',#11220,#11221,#11222);
#11220=CARTESIAN_POINT('',(-8.45789947592838,0.249999999999944,16.5002122377981));
#11221=DIRECTION('',(-1.,-1.23259516440783E-32,1.83697019872103E-16));
#11222=DIRECTION('',(-1.46957615897683E-16,-0.599999999999996,-0.800000000000003));
#11223=AXIS2_PLACEMENT_3D('',#11224,#11225,#11226);
#11224=CARTESIAN_POINT('',(-22.4578994759284,0.249999999999944,16.5002122377981));
#11225=DIRECTION('',(1.,0.,-2.53765262771464E-16));
#11226=DIRECTION('',(-1.82719606568353E-16,-0.693938829622724,-0.720033958047704));
#11227=CARTESIAN_POINT('',(-8.45789947592838,-6.,16.5002122377981));
#11228=VECTOR('',#11229,1.);
#11229=DIRECTION('',(0.,1.77635683940026E-16,-1.));
#11230=CARTESIAN_POINT('',(-8.45789947592837,-6.,21.5002122377981));
#11231=VECTOR('',#11232,1.);
#11232=DIRECTION('',(-3.55271367880049E-16,1.77635683940024E-16,-1.));
#11233=CARTESIAN_POINT('',(-9.18485099360515E-16,-6.,-5.));
#11234=VECTOR('',#11235,1.);
#11235=DIRECTION('',(0.,1.,0.));
#11236=CARTESIAN_POINT('',(-14.,6.12323399573677E-16,-5.));
#11237=VECTOR('',#11238,1.);
#11238=DIRECTION('',(1.,0.,-1.93082265152201E-16));
#11239=AXIS2_PLACEMENT_3D('',#11240,#11241,#11242);
#11240=CARTESIAN_POINT('',(2.95894766917847,1.40289099611118E-15,-11.4554743219671));
#11241=DIRECTION('',(-2.46519032881566E-32,-1.,-1.22464679914735E-16));
#11242=DIRECTION('',(-0.34202014332567,-1.15079156022785E-16,0.939692620785908));
#11243=AXIS2_PLACEMENT_3D('',#11244,#11245,#11246);
#11244=CARTESIAN_POINT('',(-5.89928650775183,1.10218211923262E-15,-8.99999999999999));
#11245=DIRECTION('',(2.17540971751502E-32,1.,1.22464679914735E-16));
#11246=DIRECTION('',(0.70710678119619,8.65956056223684E-17,-0.707106781176905));
#11247=AXIS2_PLACEMENT_3D('',#11248,#11249,#11250);
#11248=CARTESIAN_POINT('',(-10.,1.10218211923262E-15,-8.99999999999999));
#11249=DIRECTION('',(2.17540971751502E-32,1.,1.22464679914735E-16));
#11250=DIRECTION('',(0.,1.22464679914735E-16,-1.));
#11251=CARTESIAN_POINT('',(-18.4578994759284,-4.08711768514205,8.));
#11252=CARTESIAN_POINT('',(-18.4905970042124,-4.08711768525753,7.99999991629717));
#11253=CARTESIAN_POINT('',(-18.5559441585469,-4.08711768549472,8.00080136246685));
#11254=CARTESIAN_POINT('',(-18.6325355076361,-4.08711768595738,8.00361857508302));
#11255=CARTESIAN_POINT('',(-18.6976451007871,-4.08711768518548,8.00708857499785));
#11256=CARTESIAN_POINT('',(-18.7728020872595,-4.08711768955048,8.01201475783117));
#11257=CARTESIAN_POINT('',(-18.8949871985784,-4.08711768318169,8.02297464049927));
#11258=CARTESIAN_POINT('',(-19.0267633153487,-4.08711768547399,8.03986571087307));
#11259=CARTESIAN_POINT('',(-19.1585294597288,-4.08711768505023,8.0613002413614));
#11260=CARTESIAN_POINT('',(-19.3117325175346,-4.08711768520369,8.09065699475636));
#11261=CARTESIAN_POINT('',(-19.4649947536295,-4.08711768530309,8.1275189374853));
#11262=CARTESIAN_POINT('',(-19.6251951106697,-4.08711768509356,8.17338284181644));
#11263=CARTESIAN_POINT('',(-19.7827504077332,-4.08711768524961,8.22400716278216));
#11264=CARTESIAN_POINT('',(-19.9359078322962,-4.08711768531991,8.28175460181239));
#11265=CARTESIAN_POINT('',(-20.0776111421273,-4.0871176851087,8.34203905144705));
#11266=CARTESIAN_POINT('',(-20.2037162154115,-4.08711768518542,8.39987191309342));
#11267=CARTESIAN_POINT('',(-20.3533933885501,-4.0871176851207,8.47596407394756));
#11268=CARTESIAN_POINT('',(-20.4661528940948,-4.08711768517736,8.54010696331925));
#11269=CARTESIAN_POINT('',(-20.5740144817742,-4.08711768512717,8.60499319757251));
#11270=CARTESIAN_POINT('',(-20.6770544570587,-4.08711768534705,8.67048218995045));
#11271=CARTESIAN_POINT('',(-20.8106742588177,-4.08711768506402,8.76390589057381));
#11272=CARTESIAN_POINT('',(-20.8939977954124,-4.0871176852646,8.82704807027266));
#11273=CARTESIAN_POINT('',(-20.9607230976974,-4.08711768515663,8.87953117475788));
#11274=CARTESIAN_POINT('',(-21.016114701123,-4.08711768507888,8.92443477572465));
#11275=CARTESIAN_POINT('',(-21.0922700424771,-4.08711768533839,8.98950193527223));
#11276=CARTESIAN_POINT('',(-21.1609369691044,-4.08711768510564,9.05105040348205));
#11277=CARTESIAN_POINT('',(-21.224738255234,-4.08711768519757,9.1108871068009));
#11278=CARTESIAN_POINT('',(-21.2756580528545,-4.08711768529989,9.1607010258859));
#11279=CARTESIAN_POINT('',(-21.3179594012603,-4.0871176852237,9.20341882359022));
#11280=CARTESIAN_POINT('',(-21.3625426737945,-4.08711768511448,9.24956276930314));
#11281=CARTESIAN_POINT('',(-21.4164196880288,-4.08711768510413,9.3074222898833));
#11282=CARTESIAN_POINT('',(-21.4761834243732,-4.08711768538179,9.37463598600687));
#11283=CARTESIAN_POINT('',(-21.5328249000747,-4.08711768507887,9.44122809960542));
#11284=CARTESIAN_POINT('',(-21.5874339227838,-4.08711768523886,9.5083092671153));
#11285=CARTESIAN_POINT('',(-21.6268738092014,-4.08711768530323,9.558961873662));
#11286=CARTESIAN_POINT('',(-21.6620772898674,-4.08711768522766,9.6054316813538));
#11287=CARTESIAN_POINT('',(-21.6970229626334,-4.08711768511757,9.65262995902858));
#11288=CARTESIAN_POINT('',(-21.7444600045995,-4.08711768510207,9.71940203334979));
#11289=CARTESIAN_POINT('',(-21.7941907896764,-4.0871176854203,9.79278658180958));
#11290=CARTESIAN_POINT('',(-21.842888033519,-4.08711768505905,9.8681995438789));
#11291=CARTESIAN_POINT('',(-21.8898258598985,-4.08711768527579,9.94462137049757));
#11292=CARTESIAN_POINT('',(-21.921033523871,-4.08711768530947,9.99809336492348));
#11293=CARTESIAN_POINT('',(-21.9491764976941,-4.08711768522637,10.0476440739931));
#11294=CARTESIAN_POINT('',(-21.9753528610515,-4.08711768509491,10.0948607807825));
#11295=CARTESIAN_POINT('',(-22.0207152659352,-4.0871176852276,10.1805908731647));
#11296=CARTESIAN_POINT('',(-22.0802531618486,-4.08711768530617,10.3007858906062));
#11297=CARTESIAN_POINT('',(-22.1277124859134,-4.08711768537366,10.4071910985218));
#11298=CARTESIAN_POINT('',(-22.1774226186472,-4.08711768522284,10.5271990006058));
#11299=CARTESIAN_POINT('',(-22.2209680840474,-4.08711768527489,10.6402984297072));
#11300=CARTESIAN_POINT('',(-22.2686162950943,-4.08711768510742,10.7815250668507));
#11301=CARTESIAN_POINT('',(-22.3003103764914,-4.08711768533276,10.8871978230862));
#11302=CARTESIAN_POINT('',(-22.3188172933052,-4.0871176853072,10.9539963499439));
#11303=CARTESIAN_POINT('',(-22.3342757963816,-4.08711768516743,11.012569047522));
#11304=CARTESIAN_POINT('',(-22.350665042154,-4.08711768507076,11.0787721574913));
#11305=CARTESIAN_POINT('',(-22.3703595681828,-4.08711768543438,11.1660298173761));
#11306=CARTESIAN_POINT('',(-22.3891932561626,-4.08711768518529,11.2594578792696));
#11307=CARTESIAN_POINT('',(-22.4059347366455,-4.08711768526433,11.3550362789379));
#11308=CARTESIAN_POINT('',(-22.4159491475544,-4.0871176854487,11.4213586863053));
#11309=CARTESIAN_POINT('',(-22.4239718107296,-4.08711768535357,11.479387195318));
#11310=CARTESIAN_POINT('',(-22.4309112772651,-4.08711768519043,11.5340472515612));
#11311=CARTESIAN_POINT('',(-22.4391083685319,-4.08711768512311,11.6101941012473));
#11312=CARTESIAN_POINT('',(-22.4458928457688,-4.0871176851691,11.6870886595371));
#11313=CARTESIAN_POINT('',(-22.4512279133756,-4.08711768511018,11.7647187115255));
#11314=CARTESIAN_POINT('',(-22.4538058278281,-4.08711768520111,11.8171682828721));
#11315=CARTESIAN_POINT('',(-22.4558522587352,-4.08711768634751,11.8694357334436));
#11316=CARTESIAN_POINT('',(-22.4573886727227,-4.08711768787294,11.9218416534617));
#11317=CARTESIAN_POINT('',(-22.4578995075817,-4.08711768700476,11.9737704586421));
#11318=CARTESIAN_POINT('',(-22.4578994759284,-4.08711768514205,11.9999999975767));
#11319=CARTESIAN_POINT('',(-18.4892457756475,-3.32952938169813,8.));
#11320=CARTESIAN_POINT('',(-18.5103352069157,-3.33035476057225,7.99999998105946));
#11321=CARTESIAN_POINT('',(-18.5526037989085,-3.33201125934819,8.00033430167006));
#11322=CARTESIAN_POINT('',(-18.6161151784126,-3.33450700955718,8.00184355230907));
#11323=CARTESIAN_POINT('',(-18.6798609038664,-3.33701881571796,8.00437389731822));
#11324=CARTESIAN_POINT('',(-18.7437804453772,-3.33954440648771,8.00793495609229));
#11325=CARTESIAN_POINT('',(-18.8078245106086,-3.34208193066862,8.01253403559646));
#11326=CARTESIAN_POINT('',(-18.8718899037557,-3.34462737009041,8.01817071865588));
#11327=CARTESIAN_POINT('',(-18.9359040015306,-3.3471778833048,8.02484246893984));
#11328=CARTESIAN_POINT('',(-18.9997777281844,-3.34972993601085,8.0325403799243));
#11329=CARTESIAN_POINT('',(-19.0642632165175,-3.3523136607152,8.04136599857886));
#11330=CARTESIAN_POINT('',(-19.1301354620122,-3.35496049840037,8.05148203600327));
#11331=CARTESIAN_POINT('',(-19.1989744094755,-3.35773475468836,8.06325170820376));
#11332=CARTESIAN_POINT('',(-19.2707545666021,-3.36063660192088,8.07684785817765));
#11333=CARTESIAN_POINT('',(-19.3493556956238,-3.36382466597039,8.09326967257196));
#11334=CARTESIAN_POINT('',(-19.4370074757602,-3.36739286524671,8.11350100539937));
#11335=CARTESIAN_POINT('',(-19.548917419085,-3.3719679592994,8.14220004929902));
#11336=CARTESIAN_POINT('',(-19.6797731334544,-3.37734769858146,8.18025572101828));
#11337=CARTESIAN_POINT('',(-19.8249548652435,-3.38335646990996,8.22857010925852));
#11338=CARTESIAN_POINT('',(-19.9525283069341,-3.38867176758468,8.27651644807476));
#11339=CARTESIAN_POINT('',(-20.0593289568963,-3.39314624006976,8.32060247006899));
#11340=CARTESIAN_POINT('',(-20.1416169150547,-3.39660813417602,8.35692445320876));
#11341=CARTESIAN_POINT('',(-20.214346515225,-3.39967886232738,8.39085843180058));
#11342=CARTESIAN_POINT('',(-20.27986181656,-3.40245385353491,8.42293564887976));
#11343=CARTESIAN_POINT('',(-20.3418614059558,-3.40508788383137,8.45467374051479));
#11344=CARTESIAN_POINT('',(-20.4003986491872,-3.40758191915248,8.48589874176903));
#11345=CARTESIAN_POINT('',(-20.4569658803873,-3.40999861248191,8.51726596889768));
#11346=CARTESIAN_POINT('',(-20.5143787238063,-3.41245797562033,8.55031103401867));
#11347=CARTESIAN_POINT('',(-20.575350543295,-3.41507711180042,8.58678654873909));
#11348=CARTESIAN_POINT('',(-20.6499849890894,-3.41829302281851,8.63334849414345));
#11349=CARTESIAN_POINT('',(-20.7438847238616,-3.42235505784847,8.6951226696679));
#11350=CARTESIAN_POINT('',(-20.8527503936013,-3.42708919621956,8.7719020337622));
#11351=CARTESIAN_POINT('',(-20.957034200656,-3.43164971020093,8.85115885485132));
#11352=CARTESIAN_POINT('',(-21.0485626511665,-3.43567167253564,8.92531838458334));
#11353=CARTESIAN_POINT('',(-21.1459010605565,-3.43996628058406,9.00856714830567));
#11354=CARTESIAN_POINT('',(-21.2660749116834,-3.44529604409666,9.1187546416069));
#11355=CARTESIAN_POINT('',(-21.408668892562,-3.45166449637438,9.26269709307663));
#11356=CARTESIAN_POINT('',(-21.5701702054324,-3.45893205377571,9.44455455218642));
#11357=CARTESIAN_POINT('',(-21.7359094866778,-3.46645429602666,9.65740410532294));
#11358=CARTESIAN_POINT('',(-21.898173664833,-3.47388391502575,9.90057736157718));
#11359=CARTESIAN_POINT('',(-22.0226483403759,-3.47962854724425,10.1202483267209));
#11360=CARTESIAN_POINT('',(-22.1136676017113,-3.48385204620269,10.3051564525898));
#11361=CARTESIAN_POINT('',(-22.1733092447001,-3.48662949196032,10.4399618067521));
#11362=CARTESIAN_POINT('',(-22.2188694992308,-3.48875689217737,10.5530456544386));
#11363=CARTESIAN_POINT('',(-22.2525656817652,-3.49033345128314,10.6435431627388));
#11364=CARTESIAN_POINT('',(-22.2798696728483,-3.49161289954548,10.7220729989627));
#11365=CARTESIAN_POINT('',(-22.30284436485,-3.49269085221589,10.7924347449786));
#11366=CARTESIAN_POINT('',(-22.3236001083267,-3.49366581025455,10.8601294834424));
#11367=CARTESIAN_POINT('',(-22.3423081399414,-3.49454548677564,10.9251130894048));
#11368=CARTESIAN_POINT('',(-22.3595313800633,-3.49535610772712,10.9889059508243));
#11369=CARTESIAN_POINT('',(-22.3755328861407,-3.4961098799502,11.0522670115039));
#11370=CARTESIAN_POINT('',(-22.3905089079597,-3.49681593245902,11.1159338598154));
#11371=CARTESIAN_POINT('',(-22.4044406526283,-3.49747321460664,11.1798328477232));
#11372=CARTESIAN_POINT('',(-22.4173129645333,-3.49808099420835,11.2438856942932));
#11373=CARTESIAN_POINT('',(-22.4291114457104,-3.49863841070073,11.3079946076672));
#11374=CARTESIAN_POINT('',(-22.4398338523967,-3.49914530133732,11.3721010932549));
#11375=CARTESIAN_POINT('',(-22.4494808123264,-3.49960159011247,11.4361455295197));
#11376=CARTESIAN_POINT('',(-22.4552115836553,-3.49987277993409,11.4788683876873));
#11377=CARTESIAN_POINT('',(-22.4578994759284,-3.49999999999999,11.5002122377981));
#11378=CARTESIAN_POINT('',(-22.4578994759284,-3.87047424692392,21.1995943227574));
#11379=CARTESIAN_POINT('',(-22.4578995708963,-3.87047424684595,21.2333396756817));
#11380=CARTESIAN_POINT('',(-22.4570464858087,-3.87047424669439,21.3007362328669));
#11381=CARTESIAN_POINT('',(-22.4540260952043,-3.87047424761146,21.3803346999906));
#11382=CARTESIAN_POINT('',(-22.4503241471406,-3.87047424586182,21.4474009257971));
#11383=CARTESIAN_POINT('',(-22.4450799467957,-3.87047425828171,21.5247317189384));
#11384=CARTESIAN_POINT('',(-22.4335258919856,-3.87047424192568,21.6497194750677));
#11385=CARTESIAN_POINT('',(-22.4153671629606,-3.87047424807067,21.7872545965709));
#11386=CARTESIAN_POINT('',(-22.3926203121716,-3.87047424660728,21.9223706215576));
#11387=CARTESIAN_POINT('',(-22.3615898908603,-3.87047424732465,22.0790128049881));
#11388=CARTESIAN_POINT('',(-22.3225176230246,-3.87047424723473,22.2369492080219));
#11389=CARTESIAN_POINT('',(-22.2743297541706,-3.87047424682959,22.3998291973215));
#11390=CARTESIAN_POINT('',(-22.2214795115355,-3.87047424715948,22.5591835408173));
#11391=CARTESIAN_POINT('',(-22.1613085332374,-3.87047424721674,22.7147043476911));
#11392=CARTESIAN_POINT('',(-22.0988358730766,-3.87047424686362,22.8572325342905));
#11393=CARTESIAN_POINT('',(-22.0250445708693,-3.87047424708167,23.0135318571673));
#11394=CARTESIAN_POINT('',(-21.9451479634084,-3.87047424720269,23.162487852861));
#11395=CARTESIAN_POINT('',(-21.8258173629643,-3.87047424678811,23.3609991871736));
#11396=CARTESIAN_POINT('',(-21.7130380354054,-3.87047424697137,23.5289702659096));
#11397=CARTESIAN_POINT('',(-21.569411871444,-3.87047424688439,23.7159564870553));
#11398=CARTESIAN_POINT('',(-21.4157047394649,-3.8704742471357,23.8964385972735));
#11399=CARTESIAN_POINT('',(-21.2974542441651,-3.87047424697131,24.0187432560909));
#11400=CARTESIAN_POINT('',(-21.1782450393308,-3.87047424691232,24.1327710060842));
#11401=CARTESIAN_POINT('',(-21.0899913190572,-3.87047424712377,24.2133114708785));
#11402=CARTESIAN_POINT('',(-20.9652636940558,-3.87047424688617,24.3174319415548));
#11403=CARTESIAN_POINT('',(-20.8793815229362,-3.8704742470516,24.3837392256322));
#11404=CARTESIAN_POINT('',(-20.812747843333,-3.8704742468779,24.4331582531761));
#11405=CARTESIAN_POINT('',(-20.7566586760091,-3.87047424690421,24.4735236141123));
#11406=CARTESIAN_POINT('',(-20.6805295703079,-3.87047424708799,24.5256574373798));
#11407=CARTESIAN_POINT('',(-20.6049512375216,-3.87047424688116,24.5749179761612));
#11408=CARTESIAN_POINT('',(-20.5294673802316,-3.87047424699347,24.6217575923277));
#11409=CARTESIAN_POINT('',(-20.4643415419047,-3.87047424704079,24.6602067144654));
#11410=CARTESIAN_POINT('',(-20.4060600396153,-3.87047424696428,24.6932642414137));
#11411=CARTESIAN_POINT('',(-20.3420722119429,-3.87047424690388,24.72837813116));
#11412=CARTESIAN_POINT('',(-20.2625927950261,-3.8704742469356,24.7698389664488));
#11413=CARTESIAN_POINT('',(-20.1814298587969,-3.8704742469528,24.8095441106831));
#11414=CARTESIAN_POINT('',(-20.1141729113774,-3.87047424686628,24.8407481577939));
#11415=CARTESIAN_POINT('',(-20.0614553028246,-3.87047424736772,24.8642358909484));
#11416=CARTESIAN_POINT('',(-20.0267111495978,-3.87047424818657,24.8791524260117));
#11417=CARTESIAN_POINT('',(-19.9954224120635,-3.87047424891211,24.8923285913224));
#11418=CARTESIAN_POINT('',(-19.9643174298791,-3.87047424958337,24.9051955126147));
#11419=CARTESIAN_POINT('',(-19.9190401058386,-3.87047424967351,24.9232890206267));
#11420=CARTESIAN_POINT('',(-19.8725256230945,-3.87047424807705,24.9412056336997));
#11421=CARTESIAN_POINT('',(-19.8414807068755,-3.87047424715183,24.9527230364806));
#11422=CARTESIAN_POINT('',(-19.825980049231,-3.87047424692392,24.9583648059011));
#11423=CARTESIAN_POINT('',(-22.4578994759283,-3.49999999999996,21.5002122377982));
#11424=CARTESIAN_POINT('',(-22.4562818112307,-3.49972266324873,21.521376315983));
#11425=CARTESIAN_POINT('',(-22.4527042541189,-3.49915793703809,21.5637406578154));
#11426=CARTESIAN_POINT('',(-22.4463170310888,-3.49828229420538,21.6272788761102));
#11427=CARTESIAN_POINT('',(-22.4388935149992,-3.49737692317268,21.6908900595932));
#11428=CARTESIAN_POINT('',(-22.4304309191441,-3.49644248232906,21.754526265449));
#11429=CARTESIAN_POINT('',(-22.4209274372578,-3.49547944384953,21.8181484045325));
#11430=CARTESIAN_POINT('',(-22.4103895298992,-3.49448915499689,21.8816804939077));
#11431=CARTESIAN_POINT('',(-22.3988233265416,-3.49347236548231,21.9450690321335));
#11432=CARTESIAN_POINT('',(-22.386240370209,-3.4924303920722,22.0082487136354));
#11433=CARTESIAN_POINT('',(-22.3726475376391,-3.49136388776935,22.0711911450297));
#11434=CARTESIAN_POINT('',(-22.3580480287933,-3.49027322334536,22.1338875304385));
#11435=CARTESIAN_POINT('',(-22.3424395225399,-3.4891583903895,22.1963490083523));
#11436=CARTESIAN_POINT('',(-22.3258221298324,-3.48801961528571,22.2585717921073));
#11437=CARTESIAN_POINT('',(-22.3081928851672,-3.48685694172503,22.3205610977584));
#11438=CARTESIAN_POINT('',(-22.2895522310688,-3.48567067488406,22.3823069552353));
#11439=CARTESIAN_POINT('',(-22.2698972468099,-3.48446092609465,22.4438087917178));
#11440=CARTESIAN_POINT('',(-22.2492367499064,-3.48322852740164,22.5050294789478));
#11441=CARTESIAN_POINT('',(-22.2246405571679,-3.48180404146322,22.5742023652023));
#11442=CARTESIAN_POINT('',(-22.1950396662729,-3.4801459422612,22.6525859969267));
#11443=CARTESIAN_POINT('',(-22.1591310281609,-3.47820816223947,22.7413480860164));
#11444=CARTESIAN_POINT('',(-22.1178962564209,-3.47606257511052,22.8364929205612));
#11445=CARTESIAN_POINT('',(-22.0704374660644,-3.47368319449256,22.9383913265804));
#11446=CARTESIAN_POINT('',(-22.0157542208833,-3.47104367739032,23.0472658123649));
#11447=CARTESIAN_POINT('',(-21.9596570573034,-3.46843522500743,23.1507397790081));
#11448=CARTESIAN_POINT('',(-21.9034521375041,-3.46590480324083,23.2476218405991));
#11449=CARTESIAN_POINT('',(-21.8485134743797,-3.46349815568992,23.3369112469455));
#11450=CARTESIAN_POINT('',(-21.7903151807479,-3.46101582767577,23.4261107905868));
#11451=CARTESIAN_POINT('',(-21.7296753694809,-3.45849520234938,23.5138161161002));
#11452=CARTESIAN_POINT('',(-21.6675990533227,-3.45597719535181,23.5986872265727));
#11453=CARTESIAN_POINT('',(-21.6051842175779,-3.45350303108457,23.6795233286516));
#11454=CARTESIAN_POINT('',(-21.542664224798,-3.45107732756428,23.7564176337895));
#11455=CARTESIAN_POINT('',(-21.4807026216946,-3.44872106764257,23.8289506607567));
#11456=CARTESIAN_POINT('',(-21.4189936920834,-3.44641818876564,23.8978448869746));
#11457=CARTESIAN_POINT('',(-21.357640614932,-3.44416875173511,23.963293798089));
#11458=CARTESIAN_POINT('',(-21.2957332671597,-3.44193698963777,24.0264669362022));
#11459=CARTESIAN_POINT('',(-21.2327581237803,-3.43970353325541,24.0879676329475));
#11460=CARTESIAN_POINT('',(-21.1682584017675,-3.43745241368463,24.1482380457694));
#11461=CARTESIAN_POINT('',(-21.1023113602368,-3.43518677038637,24.2071850583429));
#11462=CARTESIAN_POINT('',(-21.0350884514624,-3.43291273382714,24.2646483877876));
#11463=CARTESIAN_POINT('',(-20.9667862619734,-3.43063694678417,24.3204699747314));
#11464=CARTESIAN_POINT('',(-20.8975239115453,-3.42836314739403,24.3745775330762));
#11465=CARTESIAN_POINT('',(-20.8273960438116,-3.42609412485415,24.4269271597502));
#11466=CARTESIAN_POINT('',(-20.756344217433,-3.42382770327271,24.4775887504203));
#11467=CARTESIAN_POINT('',(-20.6852003569638,-3.42158986097235,24.5260140793478));
#11468=CARTESIAN_POINT('',(-20.6148095369614,-3.41940546140536,24.5717562662797));
#11469=CARTESIAN_POINT('',(-20.5404645449834,-3.41712783853556,24.6179189131196));
#11470=CARTESIAN_POINT('',(-20.4628949168224,-3.41478390978255,24.6637169360618));
#11471=CARTESIAN_POINT('',(-20.382898433783,-3.4124012200565,24.7084284112604));
#11472=CARTESIAN_POINT('',(-20.3075814584864,-3.41018755908482,24.7483621390245));
#11473=CARTESIAN_POINT('',(-20.235585736364,-3.40809715221282,24.7846630131996));
#11474=CARTESIAN_POINT('',(-20.1654650955693,-3.40608447129486,24.8183160221694));
#11475=CARTESIAN_POINT('',(-20.1014019357054,-3.40426628054651,24.8475512087874));
#11476=CARTESIAN_POINT('',(-20.0434645968256,-3.40263773674686,24.872831683975));
#11477=CARTESIAN_POINT('',(-19.9917893107565,-3.40119691846109,24.8945185988183));
#11478=CARTESIAN_POINT('',(-19.9402758843187,-3.39977201401589,24.9152972277586));
#11479=CARTESIAN_POINT('',(-19.8889670487819,-3.39836385913484,24.9351740310608));
#11480=CARTESIAN_POINT('',(-19.8547149212445,-3.39743107112192,24.9479061801136));
#11481=CARTESIAN_POINT('',(-19.837613830277,-3.39696714235176,24.9541304558884));
#11482=CARTESIAN_POINT('',(-88.,3.26572479772628E-16,-8.00000000000001));
#11483=CARTESIAN_POINT('',(-88.,-1.51081037270613E-15,7.99999999999999));
#11484=AXIS2_PLACEMENT_3D('',#11485,#11486,#11487);
#11485=CARTESIAN_POINT('',(-88.,1.5194543207643E-31,-2.48145721986486E-15));
#11486=DIRECTION('',(0.,-1.,-6.12323399573677E-17));
#11487=DIRECTION('',(0.,-6.12323399573677E-17,1.));
#11488=CARTESIAN_POINT('',(-46.,9.18691426239378E-16,-8.));
#11489=CARTESIAN_POINT('',(-46.,4.89858719658941E-16,-8.));
#11490=VECTOR('',#11491,1.);
#11491=DIRECTION('',(-1.,2.34780031315777E-33,-4.22942104619107E-17));
#11492=CARTESIAN_POINT('',(-36.,1.32690702595516E-15,-18.));
#11493=AXIS2_PLACEMENT_3D('',#11494,#11495,#11496);
#11494=CARTESIAN_POINT('',(-46.,1.10218211923262E-15,-18.));
#11495=DIRECTION('',(0.,1.,6.12323399573677E-17));
#11496=DIRECTION('',(0.,-6.12323399573677E-17,1.));
#11497=CARTESIAN_POINT('',(-36.,2.22498134532989E-15,-40.));
#11498=CARTESIAN_POINT('',(-36.,2.44929359829471E-15,-40.));
#11499=VECTOR('',#11500,1.);
#11500=DIRECTION('',(0.,-6.12323399573677E-17,1.));
#11501=CARTESIAN_POINT('',(-26.,2.63319694504567E-15,-50.));
#11502=AXIS2_PLACEMENT_3D('',#11503,#11504,#11505);
#11503=CARTESIAN_POINT('',(-26.,2.44929359829471E-15,-40.));
#11504=DIRECTION('',(0.,-1.,-6.12323399573677E-17));
#11505=DIRECTION('',(-1.,4.35081943503005E-32,-7.105427357601E-16));
#11506=CARTESIAN_POINT('',(6.,2.63319694504567E-15,-50.));
#11507=CARTESIAN_POINT('',(6.,3.06161699786838E-15,-50.));
#11508=VECTOR('',#11509,1.);
#11509=DIRECTION('',(-1.,0.,0.));
#11510=CARTESIAN_POINT('',(16.,2.22498134532989E-15,-40.));
#11511=AXIS2_PLACEMENT_3D('',#11512,#11513,#11514);
#11512=CARTESIAN_POINT('',(6.,2.44929359829471E-15,-40.));
#11513=DIRECTION('',(0.,-1.,-6.12323399573677E-17));
#11514=DIRECTION('',(8.88178419700125E-17,6.12323399573677E-17,-1.));
#11515=CARTESIAN_POINT('',(16.,1.95943487863374E-15,-31.999999999967));
#11516=CARTESIAN_POINT('',(16.,1.95943487863374E-15,-31.999999999967));
#11517=VECTOR('',#11518,1.);
#11518=DIRECTION('',(0.,6.12323399573677E-17,-1.));
#11519=CARTESIAN_POINT('',(8.34314575048638,2.80309254696317E-15,-39.6568542494892));
#11520=CARTESIAN_POINT('',(8.34314575048638,2.4282819810445E-15,-39.6568542494892));
#11521=VECTOR('',#11522,1.);
#11522=DIRECTION('',(0.70710678118615,-4.32978028117991E-17,0.707106781186945));
#11523=CARTESIAN_POINT('',(2.68629150099081,2.89874341173979E-15,-42.));
#11524=AXIS2_PLACEMENT_3D('',#11525,#11526,#11527);
#11525=CARTESIAN_POINT('',(2.68629150099081,2.0818995585505E-15,-34.));
#11526=DIRECTION('',(0.,1.,6.12323399573677E-17));
#11527=DIRECTION('',(0.707106781186945,4.32978028117503E-17,-0.70710678118615));
#11528=CARTESIAN_POINT('',(-18.,2.89874341173979E-15,-42.));
#11529=CARTESIAN_POINT('',(-18.,2.57175827820944E-15,-42.));
#11530=VECTOR('',#11531,1.);
#11531=DIRECTION('',(1.,0.,0.));
#11532=CARTESIAN_POINT('',(-26.,3.16428987843392E-15,-34.));
#11533=AXIS2_PLACEMENT_3D('',#11534,#11535,#11536);
#11534=CARTESIAN_POINT('',(-18.,2.0818995585505E-15,-34.));
#11535=DIRECTION('',(0.,1.,6.12323399573677E-17));
#11536=DIRECTION('',(0.,6.12323399573677E-17,-1.));
#11537=CARTESIAN_POINT('',(-26.,-2.16395533225138E-15,24.));
#11538=CARTESIAN_POINT('',(-26.,-1.46957615897682E-15,24.));
#11539=VECTOR('',#11540,1.);
#11540=DIRECTION('',(6.12536841172501E-17,6.12323399573677E-17,-1.));
#11541=CARTESIAN_POINT('',(-18.,-2.49052781202401E-15,32.));
#11542=AXIS2_PLACEMENT_3D('',#11543,#11544,#11545);
#11543=CARTESIAN_POINT('',(-18.,-1.46957615897682E-15,24.));
#11544=DIRECTION('',(0.,1.,6.12323399573677E-17));
#11545=DIRECTION('',(-1.,2.71926214689378E-32,-4.44089209850063E-16));
#11546=CARTESIAN_POINT('',(2.68629150100239,-2.49052781202401E-15,32.));
#11547=CARTESIAN_POINT('',(2.68629150100239,-1.95943487863576E-15,32.));
#11548=VECTOR('',#11549,1.);
#11549=DIRECTION('',(-1.,0.,0.));
#11550=CARTESIAN_POINT('',(8.34314575051028,-2.39487694724688E-15,29.6568542494769));
#11551=AXIS2_PLACEMENT_3D('',#11552,#11553,#11554);
#11552=CARTESIAN_POINT('',(2.68629150100239,-1.46957615897682E-15,24.));
#11553=DIRECTION('',(0.,1.,6.12323399573677E-17));
#11554=DIRECTION('',(-1.66533453693774E-16,-6.12323399573677E-17,1.));
#11555=CARTESIAN_POINT('',(16.,-1.34711147905873E-15,21.9999999999452));
#11556=CARTESIAN_POINT('',(16.,-1.34711147905873E-15,21.9999999999452));
#11557=VECTOR('',#11558,1.);
#11558=DIRECTION('',(-0.707106781184609,-4.32978028118933E-17,0.707106781188486));
#11559=CARTESIAN_POINT('',(16.,-6.32527852680603E-16,30.));
#11560=CARTESIAN_POINT('',(16.,-1.83697019872103E-15,30.));
#11561=VECTOR('',#11562,1.);
#11562=DIRECTION('',(0.,6.12323399573676E-17,-1.));
#11563=CARTESIAN_POINT('',(6.,-1.04074345239639E-15,40.));
#11564=AXIS2_PLACEMENT_3D('',#11565,#11566,#11567);
#11565=CARTESIAN_POINT('',(6.,-1.83697019872103E-15,30.));
#11566=DIRECTION('',(0.,-1.,-6.12323399573677E-17));
#11567=DIRECTION('',(1.,-2.17540971751503E-32,3.5527136788005E-16));
#11568=CARTESIAN_POINT('',(-26.,-1.04074345239639E-15,40.));
#11569=CARTESIAN_POINT('',(-26.,-2.44929359829471E-15,40.));
#11570=VECTOR('',#11571,1.);
#11571=DIRECTION('',(1.,0.,0.));
#11572=CARTESIAN_POINT('',(-36.,-6.32527852680603E-16,30.));
#11573=AXIS2_PLACEMENT_3D('',#11574,#11575,#11576);
#11574=CARTESIAN_POINT('',(-26.,-1.83697019872103E-15,30.));
#11575=DIRECTION('',(0.,-1.,-6.12323399573677E-17));
#11576=DIRECTION('',(-3.5527136788005E-16,-6.12323399573677E-17,1.));
#11577=CARTESIAN_POINT('',(-36.,-1.42669133021662E-16,18.));
#11578=CARTESIAN_POINT('',(-36.,-1.10218211923262E-15,18.));
#11579=VECTOR('',#11580,1.);
#11580=DIRECTION('',(0.,-6.12323399573677E-17,1.));
#11581=CARTESIAN_POINT('',(-46.,2.65546466694123E-16,7.99999999999999));
#11582=AXIS2_PLACEMENT_3D('',#11583,#11584,#11585);
#11583=CARTESIAN_POINT('',(-46.,-1.10218211923262E-15,18.));
#11584=DIRECTION('',(0.,1.,6.12323399573677E-17));
#11585=DIRECTION('',(1.,-2.17540971751503E-32,3.5527136788005E-16));
#11586=CARTESIAN_POINT('',(-88.,-4.89858719658941E-16,7.99999999999999));
#11587=VECTOR('',#11588,1.);
#11588=DIRECTION('',(1.,-4.69560062631555E-33,6.34413156928661E-17));
#11589=CARTESIAN_POINT('',(-22.,-2.10026926053771E-15,34.3));
#11590=AXIS2_PLACEMENT_3D('',#11591,#11592,#11593);
#11591=CARTESIAN_POINT('',(-22.,-2.20436423846524E-15,36.));
#11592=DIRECTION('',(0.,1.,6.12323399573677E-17));
#11593=DIRECTION('',(6.12323399573677E-17,6.12323399573677E-17,-1.));
#11594=CARTESIAN_POINT('',(-8.00000000000001,-2.10026926053771E-15,34.3));
#11595=AXIS2_PLACEMENT_3D('',#11596,#11597,#11598);
#11596=CARTESIAN_POINT('',(-8.00000000000001,-2.20436423846524E-15,36.));
#11597=DIRECTION('',(0.,1.,6.12323399573677E-17));
#11598=DIRECTION('',(6.12323399573677E-17,6.12323399573677E-17,-1.));
#11599=CARTESIAN_POINT('',(5.99999999999999,-2.10026926053771E-15,34.3));
#11600=AXIS2_PLACEMENT_3D('',#11601,#11602,#11603);
#11601=CARTESIAN_POINT('',(5.99999999999999,-2.20436423846524E-15,36.));
#11602=DIRECTION('',(0.,1.,6.12323399573677E-17));
#11603=DIRECTION('',(6.12323399573677E-17,6.12323399573677E-17,-1.));
#11604=CARTESIAN_POINT('',(-22.,2.92078261596644E-15,-47.7));
#11605=AXIS2_PLACEMENT_3D('',#11606,#11607,#11608);
#11606=CARTESIAN_POINT('',(-22.,2.81668763803891E-15,-46.));
#11607=DIRECTION('',(0.,1.,6.12323399573677E-17));
#11608=DIRECTION('',(6.12323399573677E-17,6.12323399573677E-17,-1.));
#11609=CARTESIAN_POINT('',(-8.,2.92078261596644E-15,-47.7));
#11610=AXIS2_PLACEMENT_3D('',#11611,#11612,#11613);
#11611=CARTESIAN_POINT('',(-8.,2.81668763803891E-15,-46.));
#11612=DIRECTION('',(0.,1.,6.12323399573677E-17));
#11613=DIRECTION('',(6.12323399573677E-17,6.12323399573677E-17,-1.));
#11614=CARTESIAN_POINT('',(6.,2.92078261596644E-15,-47.7));
#11615=AXIS2_PLACEMENT_3D('',#11616,#11617,#11618);
#11616=CARTESIAN_POINT('',(6.,2.81668763803891E-15,-46.));
#11617=DIRECTION('',(0.,1.,6.12323399573677E-17));
#11618=DIRECTION('',(6.12323399573677E-17,6.12323399573677E-17,-1.));
#11619=CARTESIAN_POINT('',(-88.,10.,7.99999999999999));
#11620=CARTESIAN_POINT('',(-46.,10.,8.));
#11621=CARTESIAN_POINT('',(-88.,10.,7.99999999999999));
#11622=VECTOR('',#11623,1.);
#11623=DIRECTION('',(1.,0.,6.34413156928661E-17));
#11624=CARTESIAN_POINT('',(-36.,10.,18.));
#11625=AXIS2_PLACEMENT_3D('',#11626,#11627,#11628);
#11626=CARTESIAN_POINT('',(-46.,10.,18.));
#11627=DIRECTION('',(0.,-1.,-6.12323399573677E-17));
#11628=DIRECTION('',(0.,6.12323399573677E-17,-1.));
#11629=CARTESIAN_POINT('',(-36.,10.,30.));
#11630=CARTESIAN_POINT('',(-36.,10.,18.));
#11631=VECTOR('',#11632,1.);
#11632=DIRECTION('',(0.,0.,1.));
#11633=CARTESIAN_POINT('',(-26.,10.,40.));
#11634=AXIS2_PLACEMENT_3D('',#11635,#11636,#11637);
#11635=CARTESIAN_POINT('',(-26.,10.,30.));
#11636=DIRECTION('',(0.,1.,6.12323399573677E-17));
#11637=DIRECTION('',(-1.,0.,0.));
#11638=CARTESIAN_POINT('',(6.,10.,40.));
#11639=CARTESIAN_POINT('',(-26.,10.,40.));
#11640=VECTOR('',#11641,1.);
#11641=DIRECTION('',(1.,0.,0.));
#11642=CARTESIAN_POINT('',(16.,10.,30.));
#11643=AXIS2_PLACEMENT_3D('',#11644,#11645,#11646);
#11644=CARTESIAN_POINT('',(6.,10.,30.));
#11645=DIRECTION('',(0.,1.,6.12323399573677E-17));
#11646=DIRECTION('',(-1.77635683940025E-16,-6.12323399573677E-17,1.));
#11647=CARTESIAN_POINT('',(16.,10.,21.9999999999452));
#11648=CARTESIAN_POINT('',(16.,10.,30.));
#11649=VECTOR('',#11650,1.);
#11650=DIRECTION('',(0.,-2.2204460492351E-16,-1.));
#11651=CARTESIAN_POINT('',(8.34314575051028,10.,29.6568542494769));
#11652=CARTESIAN_POINT('',(16.,10.,21.9999999999452));
#11653=VECTOR('',#11654,1.);
#11654=DIRECTION('',(-0.707106781184609,0.,0.707106781188486));
#11655=CARTESIAN_POINT('',(2.68629150100239,10.,32.));
#11656=AXIS2_PLACEMENT_3D('',#11657,#11658,#11659);
#11657=CARTESIAN_POINT('',(2.68629150100239,10.,24.));
#11658=DIRECTION('',(0.,-1.,-6.12323399573677E-17));
#11659=DIRECTION('',(0.707106781188486,-4.3297802811656E-17,0.707106781184609));
#11660=CARTESIAN_POINT('',(-18.,10.,32.));
#11661=CARTESIAN_POINT('',(2.68629150100239,10.,32.));
#11662=VECTOR('',#11663,1.);
#11663=DIRECTION('',(-1.,0.,0.));
#11664=CARTESIAN_POINT('',(-26.,10.,24.));
#11665=AXIS2_PLACEMENT_3D('',#11666,#11667,#11668);
#11666=CARTESIAN_POINT('',(-18.,10.,24.));
#11667=DIRECTION('',(0.,-1.,-6.12323399573677E-17));
#11668=DIRECTION('',(0.,-6.12323399573677E-17,1.));
#11669=CARTESIAN_POINT('',(-26.,10.,-34.));
#11670=CARTESIAN_POINT('',(-26.,10.,24.));
#11671=VECTOR('',#11672,1.);
#11672=DIRECTION('',(6.12536841172501E-17,3.0626842058625E-17,-1.));
#11673=CARTESIAN_POINT('',(-18.,10.,-42.));
#11674=AXIS2_PLACEMENT_3D('',#11675,#11676,#11677);
#11675=CARTESIAN_POINT('',(-18.,10.,-34.));
#11676=DIRECTION('',(-5.47382212626882E-48,-1.,-6.12323399573677E-17));
#11677=DIRECTION('',(-1.,-5.43852429378756E-32,8.88178419700125E-16));
#11678=CARTESIAN_POINT('',(2.68629150099081,10.,-42.));
#11679=CARTESIAN_POINT('',(-18.,10.,-42.));
#11680=VECTOR('',#11681,1.);
#11681=DIRECTION('',(1.,0.,0.));
#11682=CARTESIAN_POINT('',(8.34314575048638,10.,-39.6568542494892));
#11683=AXIS2_PLACEMENT_3D('',#11684,#11685,#11686);
#11684=CARTESIAN_POINT('',(2.68629150099081,10.,-34.));
#11685=DIRECTION('',(0.,-1.,-6.12323399573677E-17));
#11686=DIRECTION('',(0.,6.12323399573677E-17,-1.));
#11687=CARTESIAN_POINT('',(16.,10.,-31.999999999967));
#11688=CARTESIAN_POINT('',(8.34314575048638,10.,-39.6568542494892));
#11689=VECTOR('',#11690,1.);
#11690=DIRECTION('',(0.70710678118615,0.,0.707106781186945));
#11691=CARTESIAN_POINT('',(16.,10.,-40.));
#11692=CARTESIAN_POINT('',(16.,10.,-31.999999999967));
#11693=VECTOR('',#11694,1.);
#11694=DIRECTION('',(0.,0.,-1.));
#11695=CARTESIAN_POINT('',(6.,10.,-50.));
#11696=AXIS2_PLACEMENT_3D('',#11697,#11698,#11699);
#11697=CARTESIAN_POINT('',(6.,10.,-40.));
#11698=DIRECTION('',(0.,1.,6.12323399573677E-17));
#11699=DIRECTION('',(1.,0.,0.));
#11700=CARTESIAN_POINT('',(-26.,10.,-50.));
#11701=CARTESIAN_POINT('',(6.,10.,-50.));
#11702=VECTOR('',#11703,1.);
#11703=DIRECTION('',(-1.,0.,0.));
#11704=CARTESIAN_POINT('',(-36.,10.,-40.));
#11705=AXIS2_PLACEMENT_3D('',#11706,#11707,#11708);
#11706=CARTESIAN_POINT('',(-26.,10.,-40.));
#11707=DIRECTION('',(0.,1.,6.12323399573677E-17));
#11708=DIRECTION('',(0.,6.12323399573677E-17,-1.));
#11709=CARTESIAN_POINT('',(-36.,10.,-18.));
#11710=CARTESIAN_POINT('',(-36.,10.,-40.));
#11711=VECTOR('',#11712,1.);
#11712=DIRECTION('',(0.,-8.07434927000114E-17,1.));
#11713=CARTESIAN_POINT('',(-46.,10.,-8.));
#11714=AXIS2_PLACEMENT_3D('',#11715,#11716,#11717);
#11715=CARTESIAN_POINT('',(-46.,10.,-18.));
#11716=DIRECTION('',(0.,-1.,-6.12323399573677E-17));
#11717=DIRECTION('',(1.,-2.17540971751503E-32,3.5527136788005E-16));
#11718=CARTESIAN_POINT('',(-88.,10.,-8.00000000000001));
#11719=CARTESIAN_POINT('',(-46.,10.,-8.));
#11720=VECTOR('',#11721,1.);
#11721=DIRECTION('',(-1.,0.,-8.45884209238214E-17));
#11722=AXIS2_PLACEMENT_3D('',#11723,#11724,#11725);
#11723=CARTESIAN_POINT('',(-88.,10.,-1.86913382029118E-15));
#11724=DIRECTION('',(0.,1.,6.12323399573677E-17));
#11725=DIRECTION('',(0.,6.12323399573677E-17,-1.));
#11726=CARTESIAN_POINT('',(-22.,10.,34.3));
#11727=AXIS2_PLACEMENT_3D('',#11728,#11729,#11730);
#11728=CARTESIAN_POINT('',(-22.,10.,36.));
#11729=DIRECTION('',(0.,1.,6.12323399573677E-17));
#11730=DIRECTION('',(6.12323399573677E-17,6.12323399573677E-17,-1.));
#11731=CARTESIAN_POINT('',(-8.00000000000001,10.,34.3));
#11732=AXIS2_PLACEMENT_3D('',#11733,#11734,#11735);
#11733=CARTESIAN_POINT('',(-8.00000000000001,10.,36.));
#11734=DIRECTION('',(0.,1.,6.12323399573677E-17));
#11735=DIRECTION('',(6.12323399573677E-17,6.12323399573677E-17,-1.));
#11736=CARTESIAN_POINT('',(5.99999999999999,10.,34.3));
#11737=AXIS2_PLACEMENT_3D('',#11738,#11739,#11740);
#11738=CARTESIAN_POINT('',(5.99999999999999,10.,36.));
#11739=DIRECTION('',(0.,1.,6.12323399573677E-17));
#11740=DIRECTION('',(6.12323399573677E-17,6.12323399573677E-17,-1.));
#11741=CARTESIAN_POINT('',(-22.,10.,-47.7));
#11742=AXIS2_PLACEMENT_3D('',#11743,#11744,#11745);
#11743=CARTESIAN_POINT('',(-22.,10.,-46.));
#11744=DIRECTION('',(0.,1.,6.12323399573677E-17));
#11745=DIRECTION('',(6.12323399573677E-17,6.12323399573677E-17,-1.));
#11746=CARTESIAN_POINT('',(-8.,10.,-47.7));
#11747=AXIS2_PLACEMENT_3D('',#11748,#11749,#11750);
#11748=CARTESIAN_POINT('',(-8.,10.,-46.));
#11749=DIRECTION('',(0.,1.,6.12323399573677E-17));
#11750=DIRECTION('',(6.12323399573677E-17,6.12323399573677E-17,-1.));
#11751=CARTESIAN_POINT('',(6.,10.,-47.7));
#11752=AXIS2_PLACEMENT_3D('',#11753,#11754,#11755);
#11753=CARTESIAN_POINT('',(6.,10.,-46.));
#11754=DIRECTION('',(0.,1.,6.12323399573677E-17));
#11755=DIRECTION('',(6.12323399573677E-17,6.12323399573677E-17,-1.));
#11756=CARTESIAN_POINT('',(-88.,2.44929359829471E-16,-8.00000000000001));
#11757=VECTOR('',#11758,1.);
#11758=DIRECTION('',(0.,1.,0.));
#11759=CARTESIAN_POINT('',(-88.,-2.02128619922972E-15,7.99999999999999));
#11760=VECTOR('',#11761,1.);
#11761=DIRECTION('',(0.,1.,0.));
#11762=CARTESIAN_POINT('',(-46.,2.02128619922972E-15,-8.));
#11763=VECTOR('',#11764,1.);
#11764=DIRECTION('',(0.,1.,0.));
#11765=CARTESIAN_POINT('',(-36.,2.32744789901656E-15,-18.));
#11766=VECTOR('',#11767,1.);
#11767=DIRECTION('',(0.,1.,0.));
#11768=CARTESIAN_POINT('',(-36.,3.0010036385476E-15,-40.));
#11769=VECTOR('',#11770,1.);
#11770=DIRECTION('',(0.,1.,0.));
#11771=CARTESIAN_POINT('',(-26.,3.30716533833444E-15,-50.));
#11772=VECTOR('',#11773,1.);
#11773=DIRECTION('',(0.,1.,0.));
#11774=CARTESIAN_POINT('',(6.,3.30716533833444E-15,-50.));
#11775=VECTOR('',#11776,1.);
#11776=DIRECTION('',(0.,1.,0.));
#11777=CARTESIAN_POINT('',(16.,3.0010036385476E-15,-40.));
#11778=VECTOR('',#11779,1.);
#11779=DIRECTION('',(0.,1.,0.));
#11780=CARTESIAN_POINT('',(16.,1.95943487863374E-15,-31.999999999967));
#11781=VECTOR('',#11782,1.);
#11782=DIRECTION('',(0.,1.,0.));
#11783=CARTESIAN_POINT('',(8.34314575048638,2.9904978299225E-15,-39.6568542494892));
#11784=VECTOR('',#11785,1.);
#11785=DIRECTION('',(0.,1.,0.));
#11786=CARTESIAN_POINT('',(2.68629150099081,3.06223597850497E-15,-42.));
#11787=VECTOR('',#11788,1.);
#11788=DIRECTION('',(0.,1.,0.));
#11789=CARTESIAN_POINT('',(-18.,3.06223597850497E-15,-42.));
#11790=VECTOR('',#11791,1.);
#11791=DIRECTION('',(0.,1.,0.));
#11792=CARTESIAN_POINT('',(-26.,4.59366345807575E-15,-34.));
#11793=VECTOR('',#11794,1.);
#11794=DIRECTION('',(0.,1.,0.));
#11795=CARTESIAN_POINT('',(-26.,-2.51114491888866E-15,24.));
#11796=VECTOR('',#11797,1.);
#11797=DIRECTION('',(0.,1.,0.));
#11798=CARTESIAN_POINT('',(-18.,-2.75607427871813E-15,32.));
#11799=VECTOR('',#11800,1.);
#11800=DIRECTION('',(0.,1.,0.));
#11801=CARTESIAN_POINT('',(2.68629150100239,-2.75607427871813E-15,32.));
#11802=VECTOR('',#11803,1.);
#11803=DIRECTION('',(0.,1.,0.));
#11804=CARTESIAN_POINT('',(8.34314575051028,-2.68433613013529E-15,29.6568542494769));
#11805=VECTOR('',#11806,1.);
#11806=DIRECTION('',(0.,1.,0.));
#11807=CARTESIAN_POINT('',(16.,-1.34711147905873E-15,21.9999999999452));
#11808=VECTOR('',#11809,1.);
#11809=DIRECTION('',(0.,1.,0.));
#11810=CARTESIAN_POINT('',(16.,8.57871740039736E-16,30.));
#11811=VECTOR('',#11812,1.);
#11812=DIRECTION('',(0.,1.,0.));
#11813=CARTESIAN_POINT('',(6.,5.51710040252897E-16,40.));
#11814=VECTOR('',#11815,1.);
#11815=DIRECTION('',(0.,1.,0.));
#11816=CARTESIAN_POINT('',(-26.,5.51710040252897E-16,40.));
#11817=VECTOR('',#11818,1.);
#11818=DIRECTION('',(0.,1.,0.));
#11819=CARTESIAN_POINT('',(-36.,8.57871740039736E-16,30.));
#11820=VECTOR('',#11821,1.);
#11821=DIRECTION('',(0.,1.,0.));
#11822=CARTESIAN_POINT('',(-36.,1.22526577978394E-15,18.));
#11823=VECTOR('',#11824,1.);
#11824=DIRECTION('',(0.,1.,0.));
#11825=CARTESIAN_POINT('',(-46.,1.53142747957078E-15,8.));
#11826=VECTOR('',#11827,1.);
#11827=DIRECTION('',(0.,1.,0.));
ENDSEC;
END-ISO-10303-21;
